courseId,courseName,courseCredits,courseSubject,courseLevel,courseCampus
Aas 170,Intro to African History,"(3, 3)",African American Studies Program,,
Aas 201,African American Experience I,"(3, 3)",African American Studies Program,,
Aas 202,African American Experience II,"(3, 3)",African American Studies Program,,
Aas 302,Judicial System & African Amer Community,"(3, 3)",African American Studies Program,,
Aas 308,Const Law II:  Civil Lib & Civil Rights,"(3, 3)",African American Studies Program,,
Aas 310,Experiences of Black Mississippians,"(3, 3)",African American Studies Program,,
Aas 315,Politics of Sub-Saharan Africa,"(3, 3)",African American Studies Program,,
Aas 316,The African Diaspora,"(3, 3)",African American Studies Program,,
Aas 320,African American Politics,"(3, 3)",African American Studies Program,,
Aas 325,African American History to 1865,"(3, 3)",African American Studies Program,,
Aas 326,African American History since 1865,"(3, 3)",African American Studies Program,,
Aas 328,African American Feminist Thought,"(3, 3)",African American Studies Program,,
Aas 330,Racism and Religion,"(3, 3)",African American Studies Program,,
Aas 334,Introduction to Field Work Techniques,"(3, 3)",African American Studies Program,,
Aas 337,Anthropology of Blues Culture,"(3, 3)",African American Studies Program,,
Aas 341,African American Lit Survey to 1920,"(3, 3)",African American Studies Program,,
Aas 342,African American Lit Survey Since 1920,"(3, 3)",African American Studies Program,,
Aas 350,Topics in African American History,"(3, 3)",African American Studies Program,,
Aas 351,Topics in AAS Pol & Social Institutions,"(3, 3)",African American Studies Program,,
Aas 352,Topics in AAS Culture,"(3, 3)",African American Studies Program,,
Aas 353,Black Psychology,"(3, 3)",African American Studies Program,,
Aas 360,Topics in African Amer. Studies Abroad,"(1, 6)",African American Studies Program,,
Aas 362,African American Women's History,"(3, 3)",African American Studies Program,,
Aas 363,African American Genres,"(3, 3)",African American Studies Program,,
Aas 364,Studies in African American Lit,"(3, 3)",African American Studies Program,,
Aas 366,African American Science Fiction Lit,"(3, 3)",African American Studies Program,,
Aas 367,Blues Tradition in American Literature,"(3, 3)",African American Studies Program,,
Aas 368,African American Lit and the Classics,"(3, 3)",African American Studies Program,,
Aas 370,African American Legal Experience,"(3, 3)",African American Studies Program,,
Aas 372,Decolonization in Africa,"(3, 3)",African American Studies Program,,
Aas 373,Studies in Comparative Black Lit,"(3, 3)",African American Studies Program,,
Aas 374,Survey of Carribbean Literature,"(3, 3)",African American Studies Program,,
Aas 375,Survey of African Literature,"(3, 3)",African American Studies Program,,
Aas 376,History of West Africa to 1800,"(3, 3)",African American Studies Program,,
Aas 377,History of West Africa Since 1800,"(3, 3)",African American Studies Program,,
Aas 378,Africa since Independence,"(3, 3)",African American Studies Program,,
Aas 385,History of Mass Incarceration in the US,"(3, 3)",African American Studies Program,,
Aas 386,African and African American Arts,"(3, 3)",African American Studies Program,,
Aas 388,African Art,"(3, 3)",African American Studies Program,,
Aas 390,Nationalism in Africa,"(3, 3)",African American Studies Program,,
Aas 391,Philosophy of Race,"(3, 3)",African American Studies Program,,
Aas 392,Modern Africa,"(3, 3)",African American Studies Program,,
Aas 393,History of Southern Africa,"(3, 3)",African American Studies Program,,
Aas 394,History of Islam in Africa,"(3, 3)",African American Studies Program,,
Aas 395,Survey of Black American Art,"(3, 3)",African American Studies Program,,
Aas 412,Studies in Black Popular Culture,"(3, 3)",African American Studies Program,,
Aas 413,Race and Ethnicity,"(3, 3)",African American Studies Program,,
Aas 414,"Race, Place, and Space","(3, 3)",African American Studies Program,,
Aas 421,Readings in U.S. Black Feminism,"(3, 3)",African American Studies Program,,
Aas 423,Black Women's Enterprise & Activism,"(3, 3)",African American Studies Program,,
Aas 438,The Rise and Fall of American Slavery,"(3, 3)",African American Studies Program,,
Aas 440,History of African Americans in Sports,"(3, 3)",African American Studies Program,,
Aas 442,The New Negro Era,"(3, 3)",African American Studies Program,,
Aas 443,The Civil Rights Era,"(3, 3)",African American Studies Program,,
Aas 444,African Americans in Film and Television,"(3, 3)",African American Studies Program,,
Aas 468,Major African American Writers,"(3, 3)",African American Studies Program,,
Aas 469,Special Topics in African American Lit,"(3, 3)",African American Studies Program,,
Aas 473,Prison & the Literary Imagination,"(3, 3)",African American Studies Program,,
Aas 477,Rhetorics of Race in the US South,"(3, 3)",African American Studies Program,,
Aas 479,Special Topics in Comparative Black Lit,"(3, 3)",African American Studies Program,,
Aas 480,African American Studies Senior Seminar,"(3, 3)",African American Studies Program,,
Aas 481,Special Topics in Carribbean Literature,"(3, 3)",African American Studies Program,,
Aas 483,Special Topics in African Literature,"(3, 3)",African American Studies Program,,
Aas 493,Special Topics in Race and Ethnicity,"(3, 3)",African American Studies Program,,
Aas 498,AAS Directed Study,"(3, 6)",African American Studies Program,,
Aas 501,African American Studies Seminar,"(3, 3)",African American Studies Program,,
Aas 504,Research in African American Studies,"(3, 3)",African American Studies Program,,
Aas 509,Historiography of African American Hist,"(3, 3)",African American Studies Program,,
Aas 517,African American Musical Tradition,"(3, 3)",African American Studies Program,,
Aas 518,History of Jazz,"(3, 3)",African American Studies Program,,
Aas 593,African American Literature,"(3, 3)",African American Studies Program,,
Acad 591,Academia Advanced Practice Experience,"(4, 4)",Pharmacy Practice,,
Accy 201,Introduction to Accounting Principles I,"(3, 3)",,,
Accy 202,Introduction to Accounting Principles II,"(3, 3)",,,
Accy 300,Fundamentals of Financial Accounting,"(3, 3)",,,
Accy 301,Administrative Accounting,"(3, 3)",,,
Accy 302,Fundamentals of Accounting Data Analytic,"(3, 3)",,,
Accy 303,Financial Accounting I,"(3, 3)",,,
Accy 304,Financial Accounting II,"(3, 3)",,,
Accy 309,Cost Control,"(3, 3)",,,
Accy 310,Systems,"(3, 3)",,,
Accy 401,Auditing,"(3, 3)",,,
Accy 402,Advanced Accounting,"(3, 3)",,,
Accy 404,Accounting Theory,"(3, 3)",,,
Accy 405,Income Taxes I,"(3, 3)",,,
Accy 407,Governmental Accounting,"(3, 3)",,,
Accy 411,Business Law,"(3, 3)",,,
Accy 420,Independent Study,"(1, 6)",,,
Accy 421,Accountancy Honors Professional Developm,"(3, 3)",,,
Accy 422,Accountancy Honors Professional Research,"(3, 3)",,,
Accy 501,Internal Auditing,"(3, 3)",,,
Accy 502,Oil and Gas Accounting,"(3, 3)",,,
Accy 503,Speaker's Edge,"(3, 3)",,,
Accy 504,Standard Costs,"(3, 3)",,,
Accy 505,Taxation for Non-Accountants,"(3, 3)",,,
Accy 509,Corporate Income Tax,"(3, 3)",,,
Accy 514,Managerial and Budgetary Control,"(3, 3)",,,
Accy 515,Accountancy Problems I,"(3, 3)",,,
Accy 516,Accountancy Problems II,"(3, 3)",,,
Accy 519,Introduction to Tax Law,"(3, 3)",,,
Accy 520,Accounting Internship,"(3, 6)",,,
Accy 521,International Accounting,"(3, 3)",,,
Accy 525,Professional Report Writing,"(3, 3)",,,
Accy 530,Accounting Info. Processes/Analytics,"(3, 3)",,,
Accy 601,Financial Accounting Theory/Analytics,"(3, 3)",,,
Accy 603,Contemporary Taxation,"(3, 3)",,,
Accy 605,Managerial Accy & Business Intelligence,"(3, 3)",,,
Accy 606,Managerial Accounting,"(3, 3)",,,
Accy 609,Current Topics in Systems and Analytics,"(3, 3)",,,
Accy 610,Auditing Seminar,"(3, 3)",,,
Accy 611,Corporations,"(3, 3)",,,
Accy 612,Tax Research Seminar,"(3, 3)",,,
Accy 615,"Accounting, Audit, Business & Regulation","(3, 3)",,,
Accy 618,Tax Data and Analytics Internship,"(3, 3)",,,
Accy 619,Accounting Data and Analytics Internship,"(3, 3)",,,
Accy 620,Individual Study,"(3, 3)",,,
Accy 623,Tax Problems,"(1, 3)",,,
Accy 625,Introduction to International Taxation,"(3, 3)",,,
Accy 626,Estate and Gift Taxation,"(3, 3)",,,
Accy 628,Accy Data Modeling and Visualization,"(3, 3)",,,
Accy 629,Business Planning,"(1, 3)",,,
Accy 633,Inc Tax of Corporations & Shareholders,"(3, 3)",,,
Accy 634,Taxations of Partners and Partnerships,"(1, 3)",,,
Accy 650,Securities Regulations,"(3, 3)",,,
Accy 660,Deferred Compensation,"(3, 3)",,,
Accy 690,"Professionalism, Policy and Research","(3, 3)",,,
Accy 697,Thesis,"(1, 12)",,,
Accy 702,Seminar in Contemporary Accting Theory,"(3, 3)",,,
Accy 707,Seminar,"(3, 3)",,,
Accy 713,Sem. in Audit & Accounting Info Systems,"(3, 3)",,,
Accy 714,Sem in Fin Accounting & Capital Markets,"(3, 3)",,,
Accy 720,Individual Study,"(3, 3)",,,
Accy 750,Research Colloquium in Accountancy,"(1, 1)",,,
Accy 797,Dissertation,"(1, 18)",,,
AH 101,Introduction to Western Art,"(3, 3)",Art & Art History,,
AH 102,Art Beyond the West,"(3, 3)",Art & Art History,,
AH 201,History of Art I,"(3, 3)",Art & Art History,,
AH 202,History of Art II,"(3, 3)",Art & Art History,,
AH 305,Art on Location,"(3, 3)",Art & Art History,,
AH 306,Topics in Art History Abroad,"(2, 6)",Art & Art History,,
AH 308,Art History Internship,"(1, 3)",Art & Art History,,
AH 315,Egyptian Art and Archaeology,"(3, 3)",Art & Art History,,
AH 316,Bronze Age Aegean Art & Archaeology,"(3, 3)",Art & Art History,,
AH 317,Etruscan Art and Archaeology,"(3, 3)",Art & Art History,,
AH 318,Greek Vase Painting,"(3, 3)",Art & Art History,,
AH 319,Greek Sculpture,"(3, 3)",Art & Art History,,
AH 320,Greek Architecture,"(3, 3)",Art & Art History,,
AH 321,Greek Art and Archaeology,"(3, 3)",Art & Art History,,
AH 322,Roman Art and Archaeology,"(3, 3)",Art & Art History,,
AH 323,Art & Archaeology of Pompeii,"(3, 3)",Art & Art History,,
AH 327,Studying Ancient Artifacts,"(3, 3)",Art & Art History,,
AH 328,Ancient Art on Location,"(1, 6)",Art & Art History,,
AH 330,Medieval Art,"(3, 3)",Art & Art History,,
AH 331,Art of Silk Roads,"(3, 3)",Art & Art History,,
AH 332,"Early Christian, Byzantine & Islamic Art","(3, 3)",Art & Art History,,
AH 334,Early Medieval Art and Archaeology,"(3, 3)",Art & Art History,,
AH 336,Viking Art and Archaeology,"(3, 3)",Art & Art History,,
AH 338,Romanesque and Gothic Art,"(3, 3)",Art & Art History,,
AH 341,Italian Renaissance Art,"(3, 3)",Art & Art History,,
AH 343,Northern Renaissance Art,"(3, 3)",Art & Art History,,
AH 344,Global Renaissance,"(3, 3)",Art & Art History,,
AH 345,Baroque & Rococo Art & Architecture,"(3, 3)",Art & Art History,,
AH 351,19th-Century Art,"(3, 3)",Art & Art History,,
AH 355,Modernism,"(3, 3)",Art & Art History,,
AH 357,Art Now,"(3, 3)",Art & Art History,,
AH 359,Postmodern Art,"(3, 3)",Art & Art History,,
AH 361,American Art,"(3, 3)",Art & Art History,,
AH 362,Folk Arts of the Americas,"(3, 3)",Art & Art History,,
AH 363,Latin American Arts 1400-1800,"(3, 3)",Art & Art History,,
AH 369,Black American Art,"(3, 3)",Art & Art History,,
AH 374,History of Graphic Design,"(3, 3)",Art & Art History,,
AH 376,History of Photography,"(3, 3)",Art & Art History,,
AH 378,History of Printmaking,"(3, 3)",Art & Art History,,
AH 380,Asian Art,"(3, 3)",Art & Art History,,
AH 381,Art of China,"(3, 3)",Art & Art History,,
AH 382,Art of Japan,"(3, 3)",Art & Art History,,
AH 383,Art of South Asia,"(3, 3)",Art & Art History,,
AH 384,Art of Korea,"(3, 3)",Art & Art History,,
AH 386,African and African American Arts,"(3, 3)",Art & Art History,,
AH 388,African Art,"(3, 3)",Art & Art History,,
AH 394,Mesoamerican Art,"(3, 3)",Art & Art History,,
AH 401,Research and Writing in Art,"(3, 3)",Art & Art History,,
AH 403,Art Theory and Criticism,"(3, 3)",Art & Art History,,
AH 406,Topics in Art History,"(3, 3)",Art & Art History,,
AH 408,Seminar in Art History,"(3, 3)",Art & Art History,,
AH 412,History of Museums,"(3, 3)",Art & Art History,,
AH 458,Social Context of Holocaust Art,"(3, 3)",Art & Art History,,
AH 490,Selected Readings: Art Hist. & Criticism,"(1, 3)",Art & Art History,,
AH 499,Comprehensive Examination,"(0, 0)",Art & Art History,,
AH 503,Art Theory and Criticism,"(3, 3)",Art & Art History,,
AH 505,Topics in Art History,"(3, 3)",Art & Art History,,
AH 508,Seminar in Art History,"(3, 3)",Art & Art History,,
AH 520,Topics in Ancient Art,"(3, 3)",Art & Art History,,
AH 530,Topics in Medieval Art,"(3, 3)",Art & Art History,,
AH 531,Advanced Art of Silk Roads,"(3, 3)",Art & Art History,,
AH 532,"Early Christian, Byzantine & Islamic Art","(3, 3)",Art & Art History,,
AH 534,Early Medieval Art and Archaeology,"(3, 3)",Art & Art History,,
AH 536,Viking Art and Archaeology,"(3, 3)",Art & Art History,,
AH 538,Romanesque and Gothic Art,"(3, 3)",Art & Art History,,
AH 541,Italian Renaissance Art,"(3, 3)",Art & Art History,,
AH 543,Northern Renaissance Art,"(3, 3)",Art & Art History,,
AH 544,Advanced Global Renaissance,"(3, 3)",Art & Art History,,
AH 545,Baroque and Rococo Art and Architecture,"(3, 3)",Art & Art History,,
AH 550,Topics in Modern Art,"(3, 3)",Art & Art History,,
AH 551,Advanced Studies of 19th-Century Art,"(3, 3)",Art & Art History,,
AH 555,Advanced Studies of Modernism,"(3, 3)",Art & Art History,,
AH 557,Art Now,"(3, 3)",Art & Art History,,
AH 559,Advanced Studies of Postmodern Art,"(3, 3)",Art & Art History,,
AH 560,Topics: Art of the United States,"(3, 3)",Art & Art History,,
AH 563,Advanced Latin American Arts 1400-1800,"(3, 3)",Art & Art History,,
AH 569,Black American Art,"(3, 3)",Art & Art History,,
AH 574,History of Graphic Design,"(3, 3)",Art & Art History,,
AH 576,History of Photography,"(3, 3)",Art & Art History,,
AH 578,History of Printmaking,"(3, 3)",Art & Art History,,
AH 581,Chinese Art,"(3, 3)",Art & Art History,,
AH 582,Japanese Art,"(3, 3)",Art & Art History,,
AH 583,Advanced Studies of South Asian Art,"(3, 3)",Art & Art History,,
AH 584,Art of Korea,"(3, 3)",Art & Art History,,
AH 586,African and African American Arts,"(3, 3)",Art & Art History,,
AH 588,Advanced African Art,"(3, 3)",Art & Art History,,
AH 594,Mesoamerican Art,"(3, 3)",Art & Art History,,
AH 690,Selected Readings,"(1, 3)",Art & Art History,,
Ambc 591,Ambulatory Care Clerkship,"(4, 4)",Pharmacy Practice,,
Anth 101,Introduction to Anthropology,"(3, 3)",Sociology & Anthropology,,
Anth 103,Topics in Anthropology,"(3, 3)",Sociology & Anthropology,,
Anth 104,Introduction to Geography,"(3, 3)",Sociology & Anthropology,,
Anth 105,Introduction to Environment and Society,"(3, 3)",Sociology & Anthropology,,
Anth 110,Ancient Plagues,"(3, 3)",Sociology & Anthropology,,
Anth 112,Women and Power in Ancient Times,"(3, 3)",Sociology & Anthropology,,
Anth 210,"Cartels, Gangs, and Crime Syndicates","(3, 3)",Sociology & Anthropology,,
Anth 302,Anthropological Films,"(3, 3)",Sociology & Anthropology,,
Anth 303,Cultural Anthropology,"(3, 3)",Sociology & Anthropology,,
Anth 304,Biological Anthropology,"(3, 3)",Sociology & Anthropology,,
Anth 305,Archaeology,"(3, 3)",Sociology & Anthropology,,
Anth 306,Archaeology of the Ancient Celts,"(3, 3)",Sociology & Anthropology,,
Anth 308,Death and Dying in the Ancient World,"(3, 3)",Sociology & Anthropology,,
Anth 309,Indians of Mississippi and the South,"(3, 3)",Sociology & Anthropology,,
Anth 311,Topics in Anthropology,"(3, 3)",Sociology & Anthropology,,
Anth 312,Muslims in the West,"(3, 3)",Sociology & Anthropology,,
Anth 313,Introduction to Linguistic Science,"(3, 3)",Sociology & Anthropology,,
Anth 314,Islam and Global Politics,"(3, 3)",Sociology & Anthropology,,
Anth 315,The African Diaspora,"(3, 3)",Sociology & Anthropology,,
Anth 316,Rise and Fall of the Mississippian World,"(3, 3)",Sociology & Anthropology,,
Anth 317,Indians on the Southern Frontier,"(3, 3)",Sociology & Anthropology,,
Anth 318,Archaeology of Mississippi and the South,"(3, 3)",Sociology & Anthropology,,
Anth 319,Environmental History of the South,"(3, 3)",Sociology & Anthropology,,
Anth 320,Archaeozoology:  Animal Use in History,"(3, 3)",Sociology & Anthropology,,
Anth 323,Indians of North America,"(3, 3)",Sociology & Anthropology,,
Anth 324,North American Archaeology,"(3, 3)",Sociology & Anthropology,,
Anth 325,Archaeology of Mesoamerica,"(3, 3)",Sociology & Anthropology,,
Anth 326,Archaeology of Maya Civilization,"(3, 3)",Sociology & Anthropology,,
Anth 327,Archaelology of South America,"(3, 3)",Sociology & Anthropology,,
Anth 328,Culture & Soc in Lat Am & the Caribbean,"(3, 3)",Sociology & Anthropology,,
Anth 329,"Crime, Insecurity, & Law in Latin Am","(3, 3)",Sociology & Anthropology,,
Anth 330,Environmental Anthropology,"(3, 3)",Sociology & Anthropology,,
Anth 331,American Indians and the Natural World,"(3, 3)",Sociology & Anthropology,,
Anth 332,Early Medieval Art and Archaeology,"(3, 3)",Sociology & Anthropology,,
Anth 333,The Mississippian Shatterzone,"(3, 3)",Sociology & Anthropology,,
Anth 335,Archaeological Field Session,"(6, 6)",Sociology & Anthropology,,
Anth 336,Viking Art and Archaeology,"(3, 3)",Sociology & Anthropology,,
Anth 337,Anthropology of Blues Culture,"(3, 3)",Sociology & Anthropology,,
Anth 338,"Food, Place, and Power","(3, 3)",Sociology & Anthropology,,
Anth 339,Art & Archaeology of Pompeii,"(3, 3)",Sociology & Anthropology,,
Anth 340,Lithic Artifact Analysis,"(3, 3)",Sociology & Anthropology,,
Anth 341,"Frauds, Myths, and Mysteries","(3, 3)",Sociology & Anthropology,,
Anth 342,Osteology Directed Study,"(1, 1)",Sociology & Anthropology,,
Anth 344,Archaeological Science: Stones to Drones,"(3, 3)",Sociology & Anthropology,,
Anth 345,"Gender, Kinship, & Citizenship in Korea","(3, 3)",Sociology & Anthropology,,
Anth 349,Medical Anthropology,"(3, 3)",Sociology & Anthropology,,
Anth 350,Ice Age North America,"(3, 3)",Sociology & Anthropology,,
Anth 351,Human Mobility: Studies in Migration,"(3, 3)",Sociology & Anthropology,,
Anth 352,International Migration,"(3, 3)",Sociology & Anthropology,,
Anth 353,Language and Culture,"(3, 3)",Sociology & Anthropology,,
Anth 355,The Anthropology of Drugs,"(3, 3)",Sociology & Anthropology,,
Anth 356,Ancient Health & Disease-Paleopathology,"(3, 3)",Sociology & Anthropology,,
Anth 360,Political Ecology,"(3, 3)",Sociology & Anthropology,,
Anth 362,Sustainable Development,"(3, 3)",Sociology & Anthropology,,
Anth 365,Economic Anthropology,"(3, 3)",Sociology & Anthropology,,
Anth 370,Archaeology of Political Systems,"(3, 3)",Sociology & Anthropology,,
Anth 375,Digital Archaeology,"(3, 3)",Sociology & Anthropology,,
Anth 376,Forensic Anthropology,"(3, 3)",Sociology & Anthropology,,
Anth 385,Topics in Anthropology Abroad,"(3, 3)",Sociology & Anthropology,,
Anth 390,Bioarchaeology Abroad,"(3, 3)",Sociology & Anthropology,,
Anth 391,Archaeological Field Session Abroad,"(3, 3)",Sociology & Anthropology,,
Anth 392,Field Study: Culture of the Andes,"(3, 3)",Sociology & Anthropology,,
Anth 393,Ethnographic Field Methods Abroad,"(3, 3)",Sociology & Anthropology,,
Anth 394,Mesoamerican Art,"(3, 3)",Sociology & Anthropology,,
Anth 398,Topics in Anthropology,"(3, 3)",Sociology & Anthropology,,
Anth 403,Empire and Revolution,"(3, 3)",Sociology & Anthropology,,
Anth 404,Southern Folklore,"(3, 3)",Sociology & Anthropology,,
Anth 405,Bone Detectives I: Human Osteology,"(3, 3)",Sociology & Anthropology,,
Anth 406,Methods in Ethnohistory,"(3, 3)",Sociology & Anthropology,,
Anth 407,Methods in Ethnography,"(3, 3)",Sociology & Anthropology,,
Anth 408,Laboratory Methods in Archaeology,"(3, 3)",Sociology & Anthropology,,
Anth 409,Anthropological Theory,"(3, 3)",Sociology & Anthropology,,
Anth 411,Anthropology of Politics & Power,"(3, 3)",Sociology & Anthropology,,
Anth 412,"Earth, Water, & Fire: Ceramic Analysis","(3, 3)",Sociology & Anthropology,,
Anth 413,Public Archaeology: Theory and Method,"(4, 4)",Sociology & Anthropology,,
Anth 414,Legal Anthropology,"(3, 3)",Sociology & Anthropology,,
Anth 415,Historical Archaeology,"(3, 3)",Sociology & Anthropology,,
Anth 417,"Environmentalism: Society, Politics, Law","(3, 3)",Sociology & Anthropology,,
Anth 418,Climate Futures & Eco-Politics in Lat Am,"(3, 3)",Sociology & Anthropology,,
Anth 419,Dental Anthropology,"(3, 3)",Sociology & Anthropology,,
Anth 420,Environmental Archaeology,"(3, 3)",Sociology & Anthropology,,
Anth 425,Bone Detectives II: Biological Profiles,"(3, 3)",Sociology & Anthropology,,
Anth 507,The Archaeology of Landscape,"(3, 3)",Sociology & Anthropology,,
Anth 509,Language Evolution,"(3, 3)",Sociology & Anthropology,,
Anth 511,Cross-Cultural Studies in Ethnography I,"(3, 3)",Sociology & Anthropology,,
Anth 512,Cross-Cultural Studies in Ethnography II,"(3, 3)",Sociology & Anthropology,,
Anth 541,Individual Study Project,"(3, 3)",Sociology & Anthropology,,
Anth 542,Osteology Directed Study,"(1, 1)",Sociology & Anthropology,,
Anth 572,Quantitative Anthropology,"(3, 3)",Sociology & Anthropology,,
Anth 595,Seminar in Linguistics,"(3, 3)",Sociology & Anthropology,,
Anth 601,Anthropological Theory and Methods,"(3, 3)",Sociology & Anthropology,,
Anth 602,Globalization and the U.S. South,"(3, 3)",Sociology & Anthropology,,
Anth 603,Studies in Empire and Revolution,"(3, 3)",Sociology & Anthropology,,
Anth 604,Professional Development I,"(1, 1)",Sociology & Anthropology,,
Anth 605,Professional Development II,"(1, 1)",Sociology & Anthropology,,
Anth 606,Seminar in Cultural and Linguistic Anth,"(3, 3)",Sociology & Anthropology,,
Anth 607,Seminar in Biocultural Anthropology,"(3, 3)",Sociology & Anthropology,,
Anth 608,Seminar in  Archaeology,"(3, 3)",Sociology & Anthropology,,
Anth 609,Seminar in Research Design & Methodology,"(3, 3)",Sociology & Anthropology,,
Anth 610,The Mississippian Shatterzone,"(3, 3)",Sociology & Anthropology,,
Anth 611,Adv. Anthropology of Politics & Power,"(3, 3)",Sociology & Anthropology,,
Anth 612,Earth/Water/Fire: Adv. Ceramic Analysis,"(3, 3)",Sociology & Anthropology,,
Anth 613,Public Archaeology: Theory and Method,"(4, 4)",Sociology & Anthropology,,
Anth 614,Advanced Legal Anthropology,"(3, 3)",Sociology & Anthropology,,
Anth 615,Fundamentals of Linguistic Science,"(3, 3)",Sociology & Anthropology,,
Anth 616,Rise and Fall of the Mississippian World,"(3, 3)",Sociology & Anthropology,,
Anth 617,Historical Archaeology,"(3, 3)",Sociology & Anthropology,,
Anth 618,Archaeology of Mississippi and the South,"(3, 3)",Sociology & Anthropology,,
Anth 619,Advanced Dental Anthropology,"(3, 3)",Sociology & Anthropology,,
Anth 620,Advanced Methods in Ethnography,"(3, 3)",Sociology & Anthropology,,
Anth 621,Readings in Anthropology I,"(3, 3)",Sociology & Anthropology,,
Anth 622,Readings in Anthropology II,"(3, 3)",Sociology & Anthropology,,
Anth 626,Archaeology of Maya Civilization,"(3, 3)",Sociology & Anthropology,,
Anth 630,Human Osteology,"(3, 3)",Sociology & Anthropology,,
Anth 640,Lithic Artifact Analysis/Advanced Lithic,"(3, 3)",Sociology & Anthropology,,
Anth 644,Advanced Archaeological Science,"(3, 3)",Sociology & Anthropology,,
Anth 650,Archaeozoology: Animal Use in History,"(3, 3)",Sociology & Anthropology,,
Anth 651,Human Mobility: Adv Studies in Migration,"(3, 3)",Sociology & Anthropology,,
Anth 653,Field Methods in Archaeology,"(6, 6)",Sociology & Anthropology,,
Anth 654,Linguistic Anthropology,"(3, 3)",Sociology & Anthropology,,
Anth 656,Advanced Paleopathology: Ancient Health,"(3, 3)",Sociology & Anthropology,,
Anth 670,Adv. Archaeology of Political Systems,"(3, 3)",Sociology & Anthropology,,
Anth 675,Advanced Digital Archaeology,"(3, 3)",Sociology & Anthropology,,
Anth 676,Advanced Forensic Anthropology,"(3, 3)",Sociology & Anthropology,,
Anth 697,Thesis,"(1, 12)",Sociology & Anthropology,,
Arab 111,Intensive Elementary Arabic I,"(5, 5)",Modern Languages,,
Arab 112,Intensive Elementary Arabic II,"(5, 5)",Modern Languages,,
Arab 198,Elementary Arabic Study Abroad,"(1, 12)",Modern Languages,,
Arab 199,Special Topics in Arabic,"(1, 6)",Modern Languages,,
Arab 201,Intermediate Arabic I,"(3, 3)",Modern Languages,,
Arab 202,Intermediate Arabic II,"(3, 3)",Modern Languages,,
Arab 211,Intensive Intermediate Arabic I,"(6, 6)",Modern Languages,,
Arab 212,Intensive Intermediate Arabic II,"(6, 6)",Modern Languages,,
Arab 215,Arabic Practicum I,"(5, 5)",Modern Languages,,
Arab 298,Intermediate Arabic Study Abroad,"(1, 12)",Modern Languages,,
Arab 299,Special Topics in Arabic,"(1, 6)",Modern Languages,,
Arab 310,Arabic-Special Topics,"(3, 3)",Modern Languages,,
Arab 311,Intensive Arabic V,"(3, 3)",Modern Languages,,
Arab 312,Intensive Arabic VI,"(3, 3)",Modern Languages,,
Arab 313,Colloquial Arabic I,"(2, 2)",Modern Languages,,
Arab 314,Colloquial Arabic II,"(2, 2)",Modern Languages,,
Arab 315,Arabic Practicum II,"(5, 5)",Modern Languages,,
Arab 317,Egyptian Arabic,"(2, 2)",Modern Languages,,
Arab 318,Egyptian Arabic II,"(2, 2)",Modern Languages,,
Arab 320,Moroccan Arabic,"(2, 2)",Modern Languages,,
Arab 321,Moroccan Arabic II,"(2, 2)",Modern Languages,,
Arab 322,Levantine Arabic I,"(2, 2)",Modern Languages,,
Arab 323,Levantine Arabic II,"(2, 2)",Modern Languages,,
Arab 330,Arabic Language and Linguistics,"(3, 3)",Modern Languages,,
Arab 361,Arabic Language through Cinema,"(3, 3)",Modern Languages,,
Arab 398,Advanced Arabic Study Abroad,"(1, 12)",Modern Languages,,
Arab 411,Media Arabic,"(3, 3)",Modern Languages,,
Arab 412,Upper-Level Arabic Conversation,"(3, 3)",Modern Languages,,
Arab 413,Colloquial Arabic III,"(2, 2)",Modern Languages,,
Arab 414,Colloquial Arabic IV,"(2, 2)",Modern Languages,,
Arab 415,Arabic Dialectology,"(3, 3)",Modern Languages,,
Arab 416,Language and Conflict in the Middle East,"(3, 3)",Modern Languages,,
Arab 417,Egyptian Arabic III,"(2, 2)",Modern Languages,,
Arab 418,Egyptian Arabic IV,"(2, 2)",Modern Languages,,
Arab 420,Moroccan Arabic III,"(2, 2)",Modern Languages,,
Arab 421,Moroccan Arabic IV,"(2, 2)",Modern Languages,,
Arab 422,Levantine Arabic III,"(2, 2)",Modern Languages,,
Arab 423,Levantine Arabic IV,"(2, 2)",Modern Languages,,
Arab 450,Domain Knowledge,"(1, 6)",Modern Languages,,
Arab 451,Applied Translation in Arabic,"(3, 3)",Modern Languages,,
Arab 471,Issues & Trends in Contemporary Lebanon,"(3, 3)",Modern Languages,,
Arab 511,Introduction to Arabic Literature,"(3, 3)",Modern Languages,,
Arab 512,Introduction to the Qu'ran,"(3, 3)",Modern Languages,,
Arab 513,Spoken Arabic: Superior Proficiency,"(3, 3)",Modern Languages,,
Arab 514,"Arabic Literature, Culture and Thought","(3, 3)",Modern Languages,,
Arab 515,Introduction to Arabic Dialectology,"(3, 3)",Modern Languages,,
Arab 550,Advanced Domain Knowledge,"(1, 6)",Modern Languages,,
Arab 596,Arabic Capstone Academic Program,"(1, 15)",Modern Languages,,
Arab 598,Arabic Capstone Internship,"(1, 6)",Modern Languages,,
Ared 361,Teaching of Art in the Elementary School,"(3, 3)",Art & Art History,,
Art 101,Two-Dimensional Design,"(3, 3)",Art & Art History,,
Art 102,Color Theory,"(3, 3)",Art & Art History,,
Art 103,Three-Dimensional Design,"(3, 3)",Art & Art History,,
Art 110,Digital Media Foundations Core,"(3, 3)",Art & Art History,,
Art 111,Drawing I,"(3, 3)",Art & Art History,,
Art 201,Digital Imaging,"(3, 3)",Art & Art History,,
Art 202,Photo Imaging,"(3, 3)",Art & Art History,,
Art 205,BFA Foundations Portfolio Review,"(0, 0)",Art & Art History,,
Art 211,Drawing II,"(3, 3)",Art & Art History,,
Art 301,Creative Coding,"(3, 3)",Art & Art History,,
Art 302,Sonic Arts,"(3, 3)",Art & Art History,,
Art 310,Studio Art on Location,"(3, 3)",Art & Art History,,
Art 311,Figure Drawing I,"(3, 3)",Art & Art History,,
Art 312,Figure Drawing II,"(3, 3)",Art & Art History,,
Art 321,Beginning Painting,"(3, 3)",Art & Art History,,
Art 322,Intermediate Painting,"(3, 3)",Art & Art History,,
Art 323,Plein Air: Painting the Landscape,"(3, 3)",Art & Art History,,
Art 326,Watercolor,"(3, 3)",Art & Art History,,
Art 331,Beginning Sculpture,"(3, 3)",Art & Art History,,
Art 332,Intermediate Sculpture,"(3, 3)",Art & Art History,,
Art 340,Beginning Ceramics,"(3, 3)",Art & Art History,,
Art 341,Pottery,"(3, 3)",Art & Art History,,
Art 342,Handbuilding,"(3, 3)",Art & Art History,,
Art 343,Intensive Wheel Throwing,"(3, 3)",Art & Art History,,
Art 360,Vector Imaging,"(3, 3)",Art & Art History,,
Art 361,"Graphic Design I, Typography","(3, 3)",Art & Art History,,
Art 362,"Graphic Design II, Production Design","(3, 3)",Art & Art History,,
Art 363,Illustration,"(3, 3)",Art & Art History,,
Art 364,Web Design I,"(3, 3)",Art & Art History,,
Art 365,Experimental Approaches to Filmmaking,"(3, 3)",Art & Art History,,
Art 366,Letterpress,"(3, 3)",Art & Art History,,
Art 367,Animation I,"(3, 3)",Art & Art History,,
Art 371,Intro to Printmaking,"(3, 3)",Art & Art History,,
Art 372,Intermediate Printmaking,"(3, 3)",Art & Art History,,
Art 373,Book Arts,"(3, 3)",Art & Art History,,
Art 381,Introduction to Photography,"(3, 3)",Art & Art History,,
Art 382,Intermediate Photography,"(3, 3)",Art & Art History,,
Art 383,Intermediate Imaging Arts,"(3, 3)",Art & Art History,,
Art 384,Digital Video I,"(3, 3)",Art & Art History,,
Art 385,Intro Alternative Photographic Processes,"(3, 3)",Art & Art History,,
Art 395,Topics in Studio Art Abroad,"(1, 6)",Art & Art History,,
Art 398,Special Topics in Art,"(3, 3)",Art & Art History,,
Art 405,Pre-Thesis Forum,"(0, 0)",Art & Art History,,
Art 406,BA Assessment,"(0, 0)",Art & Art History,,
Art 410,Art Internship,"(3, 3)",Art & Art History,,
Art 411,Advanced Drawing,"(3, 6)",Art & Art History,,
Art 414,Exhibition Design,"(3, 3)",Art & Art History,,
Art 421,Painting,"(3, 6)",Art & Art History,,
Art 426,Advanced Watercolor,"(3, 3)",Art & Art History,,
Art 431,Advanced Sculpture,"(3, 6)",Art & Art History,,
Art 432,Advanced Head Modeling,"(3, 3)",Art & Art History,,
Art 433,Advanced Figure Modeling,"(3, 3)",Art & Art History,,
Art 441,Advanced Ceramics,"(3, 6)",Art & Art History,,
Art 442,Clay and Glaze Calculation,"(3, 3)",Art & Art History,,
Art 460,"Graphic Design III, Package Design","(3, 3)",Art & Art History,,
Art 461,Advanced Graphic Design and Illustration,"(3, 3)",Art & Art History,,
Art 465,Web Design II,"(3, 3)",Art & Art History,,
Art 467,Animation II,"(3, 3)",Art & Art History,,
Art 471,Advanced Printmaking,"(3, 6)",Art & Art History,,
Art 481,Advanced Photography,"(3, 3)",Art & Art History,,
Art 483,Advanced Imaging Arts,"(3, 6)",Art & Art History,,
Art 484,Advanced Digital Video,"(3, 6)",Art & Art History,,
Art 485,Advanced Alt Photographic Processes,"(3, 6)",Art & Art History,,
Art 490,Directed Individual Problems,"(1, 6)",Art & Art History,,
Art 491,Thesis,"(3, 3)",Art & Art History,,
Art 492,Senior Seminar,"(1, 1)",Art & Art History,,
Art 501,Creative Coding,"(3, 3)",Art & Art History,,
Art 502,Sonic Arts,"(3, 3)",Art & Art History,,
Art 510,Studio Art on Location,"(3, 3)",Art & Art History,,
Art 511,Drawing,"(3, 3)",Art & Art History,,
Art 512,Figure Drawing,"(3, 3)",Art & Art History,,
Art 521,Painting,"(3, 6)",Art & Art History,,
Art 523,Plein Air,"(3, 3)",Art & Art History,,
Art 526,Watercolor,"(3, 3)",Art & Art History,,
Art 531,Sculpture,"(3, 6)",Art & Art History,,
Art 532,Head Modeling,"(3, 3)",Art & Art History,,
Art 533,Figure Modeling,"(3, 3)",Art & Art History,,
Art 541,Pottery and Ceramics,"(3, 3)",Art & Art History,,
Art 542,Ceramic Material Research & Development,"(3, 3)",Art & Art History,,
Art 543,Advanced Wheel Throwing,"(3, 3)",Art & Art History,,
Art 560,Vector Imaging,"(3, 3)",Art & Art History,,
Art 561,Typography,"(3, 3)",Art & Art History,,
Art 564,Web Design I,"(3, 3)",Art & Art History,,
Art 565,Web Design II,"(3, 3)",Art & Art History,,
Art 566,Letterpress Printing,"(3, 3)",Art & Art History,,
Art 571,Printmaking,"(3, 6)",Art & Art History,,
Art 573,Book Arts,"(3, 3)",Art & Art History,,
Art 581,Black-And-White Photography,"(3, 3)",Art & Art History,,
Art 583,Digital Photography,"(3, 3)",Art & Art History,,
Art 584,Digital Video,"(3, 3)",Art & Art History,,
Art 585,Alternative Photographic Processes,"(3, 3)",Art & Art History,,
Art 598,Special Topics in Studio Art,"(3, 3)",Art & Art History,,
Art 611,Drawing,"(3, 6)",Art & Art History,,
Art 621,Painting,"(3, 6)",Art & Art History,,
Art 631,Sculpture,"(3, 6)",Art & Art History,,
Art 641,Pottery and Ceramics,"(3, 6)",Art & Art History,,
Art 661,Advanced Typography,"(3, 3)",Art & Art History,,
Art 664,Web Design I,"(3, 3)",Art & Art History,,
Art 671,Printmaking,"(3, 6)",Art & Art History,,
Art 683,Digital Photography,"(3, 3)",Art & Art History,,
Art 691,Directed Individual Problems,"(1, 6)",Art & Art History,,
Art 692,Professional Practices,"(3, 3)",Art & Art History,,
AS 101,Heritage and Values I,"(1, 1)",Aerospace Studies,,
AS 102,Heritage and Values II,"(1, 1)",Aerospace Studies,,
AS 105,Basic Training,"(4, 4)",Aerospace Studies,,
AS 111,AFROTC Leadership Laboratory I,"(1, 1)",Aerospace Studies,,
AS 112,AFROTC Leadership Laboratory II,"(1, 1)",Aerospace Studies,,
AS 201,Team & Leadership Fundamentals I,"(1, 1)",Aerospace Studies,,
AS 202,Team & Leadership Fundamentals II,"(1, 1)",Aerospace Studies,,
AS 211,AFROTC Leadership Laboratory III,"(1, 1)",Aerospace Studies,,
AS 212,AFROTC Leadership Laboratory IV,"(1, 1)",Aerospace Studies,,
AS 301,Leading People & Effective Comm I,"(3, 3)",Aerospace Studies,,
AS 302,Leading People & Effective Comm II,"(3, 3)",Aerospace Studies,,
AS 311,AFROTC Leadership Laboratory V,"(1, 1)",Aerospace Studies,,
AS 312,AFROTC Leadership Laboratory VI,"(1, 1)",Aerospace Studies,,
AS 401,Natl Security/Leadership/Commissioning I,"(3, 3)",Aerospace Studies,,
AS 402,Natl Security/Leadership/CommissioningII,"(3, 3)",Aerospace Studies,,
AS 411,AFROTC Leadership Laboratory VII,"(1, 1)",Aerospace Studies,,
AS 412,AFROTC Leadership Laboratory VIII,"(1, 1)",Aerospace Studies,,
ASL 101,Elementary ASL I,"(3, 3)",Communication Sciences & Disorders,,
ASL 102,Elementary ASL II,"(3, 3)",Communication Sciences & Disorders,,
ASL 111,Intensive Elem American Sign Language,"(6, 6)",Communication Sciences & Disorders,,
ASL 201,Intermediate ASL III,"(3, 3)",Communication Sciences & Disorders,,
ASL 202,Intermediate ASL IV,"(3, 3)",Communication Sciences & Disorders,,
ASL 211,Intensive Interme American Sign Language,"(6, 6)",Communication Sciences & Disorders,,
ASL 311,Advanced American Sign Language,"(4, 4)",Communication Sciences & Disorders,,
ASL 400,American Sign Language Interpreting I,"(4, 4)",Communication Sciences & Disorders,,
ASL 401,American Sign Language Interpreting II,"(4, 4)",Communication Sciences & Disorders,,
ASL 402,American Sign Language Interpreting Prac,"(3, 3)",Communication Sciences & Disorders,,
Astr 101,Descriptive Astronomy,"(3, 3)",Physics & Astronomy,,
Astr 103,Intro Astronomy of the Solar System,"(3, 3)",Physics & Astronomy,,
Astr 104,Intro Astronomy of Stars and Galaxies,"(3, 3)",Physics & Astronomy,,
Astr 204,Astronomy of Stars and Galaxies,"(3, 3)",Physics & Astronomy,,
Astr 325,Astrophysics,"(3, 3)",Physics & Astronomy,,
Astr 340,Introduction to Astrochemistry,"(3, 3)",Physics & Astronomy,,
Astr 360,Introduction to Astrobiology,"(3, 3)",Physics & Astronomy,,
Astr 436,Introduction to Cosmology,"(3, 3)",Physics & Astronomy,,
AT 501,Foundations of Biomechanics,"(4, 4)",,,
AT 502,Musculoskeletal & Movement Biomechanics,"(4, 4)",,,
AT 503,Clinical Applications & Injury Biomechan,"(3, 3)",,,
AT 504,Applied Biomechanics and Measurement,"(4, 4)",,,
AT 600,Emergency Management in AT,"(3, 3)",,,
AT 601,Foundations in Athletic Training,"(2, 2)",,,
AT 602,Clinical Experience in AT I,"(2, 2)",,,
AT 603,Clinical Evaluation in AT I: LE,"(3, 3)",,,
AT 604,Therapeutic Interventions in AT I,"(3, 3)",,,
AT 605,Clinical Experience in AT II,"(2, 2)",,,
AT 606,Clinical Evaluation in AT II: UE,"(3, 3)",,,
AT 607,Clinical Evaluation in AT IV: MC,"(3, 3)",,,
AT 608,Therapeutic Interventions in AT II,"(3, 3)",,,
AT 609,Clinical Experience in AT III,"(3, 3)",,,
AT 610,Athletic Training Clinical III,"(2, 2)",,,
AT 611,Athletic Train. Admin. & Professionalism,"(3, 3)",,,
AT 612,Selected Topics in Athletic Training,"(1, 1)",,,
AT 613,Athletic Training Clinical IV,"(2, 2)",,,
AT 614,Integration to Practice,"(2, 2)",,,
AT 615,Clinical Eval in AT III: HNS,"(3, 3)","Health, Exercise Sci & Recreation Mgmt",,
AT 616,Clinical Experience in AT VI,"(6, 6)","Health, Exercise Sci & Recreation Mgmt",,
AT 620,Research & Evidence-Based Practice in AT,"(3, 3)",,,
AT 630,Applied Anatomy in Athletic Training,"(2, 2)",,,
AT 640,Physiology of Sport & Exercise,"(3, 3)",,,
AT 660,Sports Performance,"(3, 3)",,,
AT 697,Thesis,"(1, 6)",,,
AT 698,Field Service Project in Athletic Train.,"(1, 6)",,,
BAIS 201,Business Information Technology,"(3, 3)","Marketing, Analytics & Prof Sales",,
BAIS 307,Systems Analysis and Design,"(3, 3)","Marketing, Analytics & Prof Sales",,
BAIS 309,Management Information Systems,"(3, 3)","Marketing, Analytics & Prof Sales",,
BAIS 310,AI for Business Applications,"(3, 3)","Marketing, Analytics & Prof Sales",,
BAIS 317,Applied Business Analytics Platforms,"(3, 3)","Marketing, Analytics & Prof Sales",,
BAIS 320,Business Analytics Programming,"(3, 3)","Marketing, Analytics & Prof Sales",,
BAIS 330,Business Application Programming,"(3, 3)","Marketing, Analytics & Prof Sales",,
BAIS 340,Mobile App Development for Business,"(3, 3)","Marketing, Analytics & Prof Sales",,
BAIS 350,Managing Enterprise Technology,"(3, 3)","Marketing, Analytics & Prof Sales",,
BAIS 360,Cybersecurity and Information Assurance,"(3, 3)","Marketing, Analytics & Prof Sales",,
BAIS 370,Introduction to ERP with SAP,"(3, 3)","Marketing, Analytics & Prof Sales",,
BAIS 380,Topics in MIS Abroad,"(1, 6)","Marketing, Analytics & Prof Sales",,
BAIS 395,Honors Thesis in Mgmt Info Systems,"(3, 3)","Marketing, Analytics & Prof Sales",,
BAIS 408,Database Mgmt for Business Analytics,"(3, 3)","Marketing, Analytics & Prof Sales",,
BAIS 409,Data Analytics,"(3, 3)","Marketing, Analytics & Prof Sales",,
BAIS 412,Client-side Web Application Development,"(3, 3)","Marketing, Analytics & Prof Sales",,
BAIS 419,Server-side Application Programming,"(3, 3)","Marketing, Analytics & Prof Sales",,
BAIS 609,E-Commerce & Internet Programming,"(3, 3)","Marketing, Analytics & Prof Sales",,
BAIS 619,Advanced Information Systems Mgmt,"(3, 3)","Marketing, Analytics & Prof Sales",,
BAIS 620,Advanced Directed Study,"(3, 3)","Marketing, Analytics & Prof Sales",,
BAIS 640,Theoretical Foundations of MIS/POM,"(3, 3)","Marketing, Analytics & Prof Sales",,
BAIS 665,Management of Information Systems,"(3, 3)","Marketing, Analytics & Prof Sales",,
BAIS 695,Special Topics in MIS/POM,"(3, 3)","Marketing, Analytics & Prof Sales",,
Bari 591,Bariatric Advanced Pharmacy Practice Exp,"(4, 4)",Pharmacy Practice,,
Biot 591,Biotech Pharmacy Services Advanced Pharm,"(4, 4)",Pharmacy Practice,,
Bisc 100,Research Experience,"(1, 3)",Biology,,
Bisc 102,Inquiry Into Life: Human Biology,"(3, 3)",Biology,,
Bisc 103,Inquiry into Life Laboratory I,"(1, 1)",Biology,,
Bisc 104,Inquiry into Life: The Environment,"(3, 3)",Biology,,
Bisc 105,Inquiry into Life Laboratory II,"(1, 1)",Biology,,
Bisc 110,Human Biology: An Integrated Exploration,"(4, 4)",Biology,,
Bisc 111,The Environment: Integrated Exploration,"(4, 4)",Biology,,
Bisc 150,Principles of Biological Science,"(3, 3)",Biology,,
Bisc 160,Biological Sciences I,"(3, 3)",Biology,,
Bisc 161,Biological Sciences I Laboratory,"(1, 1)",Biology,,
Bisc 162,Biological Sciences II,"(3, 3)",Biology,,
Bisc 163,Biological Sciences II Laboratory,"(1, 1)",Biology,,
Bisc 164,Honors Recitation I,"(1, 1)",Biology,,
Bisc 165,Honors Recitation II,"(1, 1)",Biology,,
Bisc 200,Research Experience,"(0, 0)",Biology,,
Bisc 206,Human Anatomy and Physiology I,"(4, 4)",Biology,,
Bisc 207,Human Anatomy and Physiology II,"(4, 4)",Biology,,
Bisc 210,Principles of Microbiology,"(4, 4)",Biology,,
Bisc 220,Natural Resource Management,"(3, 6)",Biology,,
Bisc 300,Research Methods in Biology,"(3, 3)",Biology,,
Bisc 301,Evolution,"(3, 3)",Biology,,
Bisc 305,Science in Practice,"(3, 3)",Biology,,
Bisc 306,Virology,"(3, 3)",Biology,,
Bisc 310,Human Anatomy,"(4, 4)",Biology,,
Bisc 318,Botany,"(4, 4)",Biology,,
Bisc 320,Introductory Marine Biology,"(3, 3)",Biology,,
Bisc 321,Introductory Aquatic Biology,"(3, 3)",Biology,,
Bisc 322,General Ecology,"(4, 4)",Biology,,
Bisc 323,Biology of Invasive Species,"(3, 3)",Biology,,
Bisc 327,Introductory Neuroscience,"(3, 3)",Biology,,
Bisc 329,Biology of Fishes,"(4, 4)",Biology,,
Bisc 330,Principles of Physiology,"(4, 4)",Biology,,
Bisc 331,Comparative Anatomy of the Vertebrates,"(4, 4)",Biology,,
Bisc 332,Comparative Embryology of Vertebrates,"(4, 4)",Biology,,
Bisc 333,General Microbiology,"(4, 4)",Biology,,
Bisc 334,Ornithology,"(4, 4)",Biology,,
Bisc 335,Human Reproduction,"(3, 3)",Biology,,
Bisc 336,Genetics,"(4, 4)",Biology,,
Bisc 337,Introductory Entomology,"(4, 4)",Biology,,
Bisc 338,Invertebrate Zoology,"(4, 4)",Biology,,
Bisc 339,Phycology,"(4, 4)",Biology,,
Bisc 342,Plant Diversity,"(4, 4)",Biology,,
Bisc 345,Symbiosis: From Parasitism to Mutualism,"(3, 3)",Biology,,
Bisc 349,Biology of Sharks and Their Relatives,"(3, 3)",Biology,,
Bisc 350,Mammalogy,"(4, 4)",Biology,,
Bisc 352,Coastal Ecology,"(4, 4)",Biology,,
Bisc 370,Introductory Molecular Genetics,"(3, 3)",Biology,,
Bisc 372,Introductory Cell Biology,"(3, 3)",Biology,,
Bisc 380,Topics in Biology  Abroad,"(1, 8)",Biology,,
Bisc 413,Conservation Biology,"(3, 3)",Biology,,
Bisc 414,Immunology and Serology,"(3, 3)",Biology,,
Bisc 415,Vertebrate Histology,"(4, 4)",Biology,,
Bisc 416,Elementary Parasitology,"(4, 4)",Biology,,
Bisc 417,Evolution and Medicine,"(3, 3)",Biology,,
Bisc 418,Introduction to Molecular Systematics,"(4, 4)",Biology,,
Bisc 427,Methods in Comparative Neuroscience,"(4, 4)",Biology,,
Bisc 435,Research in Freshwater Biology,"(4, 4)",Biology,,
Bisc 436,Human and Vertebrate Genetics,"(3, 3)",Biology,,
Bisc 438,Microbial Physiology,"(4, 4)",Biology,,
Bisc 439,Developmental Biology,"(3, 3)",Biology,,
Bisc 440,Cell and Molecular Biology,"(4, 4)",Biology,,
Bisc 443,Ecology of Plant Communities of MS,"(3, 3)",Biology,,
Bisc 445,Introduction to Coral-Reef Ecology,"(4, 4)",Biology,,
Bisc 448,Tropical Studies in Biology,"(4, 4)",Biology,,
Bisc 451,Ecotoxicology,"(3, 3)",Biology,,
Bisc 479,Special Topics in Biology,"(1, 3)",Biology,,
Bisc 491,Directed Study in Biological Sciences I,"(1, 3)",Biology,,
Bisc 492,Directed Study in Biological Sciences II,"(1, 3)",Biology,,
Bisc 493,Capstone Directed Study,"(1, 3)",Biology,,
Bisc 498,Major Field Achievement Test,"(0, 0)",Biology,,
Bisc 499,Listing for Individual Basis Courses,"(1, 6)",Biology,,
Bisc 502,Mycology,"(4, 4)",Biology,,
Bisc 503,Topics in Bioinformatics,"(3, 3)",Biology,,
Bisc 504,Biometry,"(4, 4)",Biology,,
Bisc 505,Aquatic Microbiology,"(4, 4)",Biology,,
Bisc 507,Cell Biology of Cancer,"(3, 3)",Biology,,
Bisc 509,Microbial Genetics,"(4, 4)",Biology,,
Bisc 510,Theoretical Ecology,"(3, 3)",Biology,,
Bisc 511,Applied Microbiology,"(4, 4)",Biology,,
Bisc 512,Animal Behavior,"(4, 4)",Biology,,
Bisc 513,Limnological Methods,"(3, 3)",Biology,,
Bisc 514,Population Genetics,"(3, 3)",Biology,,
Bisc 515,Conservation Biology: Viable Populations,"(3, 3)",Biology,,
Bisc 516,Plant Physiology,"(4, 4)",Biology,,
Bisc 518,Microtechnique,"(4, 4)",Biology,,
Bisc 519,Physiology of Aquatic Animals,"(4, 4)",Biology,,
Bisc 520,Medical Microbiology,"(3, 3)",Biology,,
Bisc 521,Cell Physiology,"(4, 4)",Biology,,
Bisc 522,Microbial Ecology,"(3, 3)",Biology,,
Bisc 523,Molecular Microbiol. of Soils & Sediment,"(3, 3)",Biology,,
Bisc 524,Aquatic Botany,"(4, 4)",Biology,,
Bisc 525,Conservation and Restoration Ecology,"(3, 3)",Biology,,
Bisc 528,Conservation Physiology,"(4, 4)",Biology,,
Bisc 529,Endocrinology,"(3, 3)",Biology,,
Bisc 530,Advanced Field Study in Ecology,"(4, 4)",Biology,,
Bisc 531,Plant Morphology,"(4, 4)",Biology,,
Bisc 532,Plant Taxonomy,"(4, 4)",Biology,,
Bisc 533,Advanced Neuroscience,"(3, 3)",Biology,,
Bisc 534,Freshwater Insects,"(4, 4)",Biology,,
Bisc 535,Plant-Insect Interactions,"(3, 3)",Biology,,
Bisc 538,Hormones and Behavior,"(3, 3)",Biology,,
Bisc 540,Chemical Ecology,"(3, 3)",Biology,,
Bisc 541,Cell Biol. of Neurodegenerative Disease,"(3, 3)",Biology,,
Bisc 542,Microbial Diversity,"(4, 4)",Biology,,
Bisc 543,Functional Neuroanatomy,"(3, 3)",Biology,,
Bisc 546,Herpetology,"(4, 4)",Biology,,
Bisc 547,Advanced Histology,"(4, 4)",Biology,,
Bisc 548,Plant Cell and Developmental Biology,"(3, 3)",Biology,,
Bisc 550,Biological Oceanography,"(4, 4)",Biology,,
Bisc 551,Protozoology,"(4, 4)",Biology,,
Bisc 553,Comparative Animal Physiology,"(3, 3)",Biology,,
Bisc 554,Ecological Physiology,"(4, 4)",Biology,,
Bisc 555,Radiation Biology,"(4, 4)",Biology,,
Bisc 560,Microbial Experimental Evolution,"(3, 3)",Biology,,
Bisc 566,Evolutionary Biology,"(3, 3)",Biology,,
Bisc 567,Evolutionary Biology Laboratory,"(1, 1)",Biology,,
Bisc 568,Infectious Disease Ecology,"(3, 3)",Biology,,
Bisc 571,History of Biology,"(3, 3)",Biology,,
Bisc 578,Advanced Topics in Biology I,"(1, 4)",Biology,,
Bisc 579,Advanced Topics in Biology II,"(1, 4)",Biology,,
Bisc 580,Advanced Topics in Biology III,"(1, 4)",Biology,,
Bisc 590,Systems Biology: Theory and Practice,"(3, 3)",Biology,,
Bisc 604,Experimental Design,"(3, 3)",Biology,,
Bisc 608,Limnology,"(3, 3)",Biology,,
Bisc 609,Stream Ecology,"(3, 3)",Biology,,
Bisc 610,Virology,"(4, 4)",Biology,,
Bisc 611,Wetlands Ecology,"(3, 3)",Biology,,
Bisc 613,Plant Ecology,"(4, 4)",Biology,,
Bisc 614,Advanced General Microbiology,"(4, 4)",Biology,,
Bisc 615,Ichthyology,"(4, 4)",Biology,,
Bisc 616,Population Biology,"(3, 3)",Biology,,
Bisc 617,Fishery Biology,"(3, 3)",Biology,,
Bisc 618,Community Ecology,"(3, 3)",Biology,,
Bisc 619,Ecosystems Ecology,"(3, 3)",Biology,,
Bisc 620,Field Botany,"(4, 4)",Biology,,
Bisc 621,Behavioral Endocrinology,"(3, 3)",Biology,,
Bisc 622,Behavioral Ecology,"(3, 3)",Biology,,
Bisc 623,Aquatic Plants,"(4, 4)",Biology,,
Bisc 626,Aquatic Ornithology,"(3, 3)",Biology,,
Bisc 628,Advanced Reproductive Physiology,"(4, 4)",Biology,,
Bisc 629,Advanced Biochemical Endocrinology,"(3, 3)",Biology,,
Bisc 630,Algology,"(4, 4)",Biology,,
Bisc 631,Advanced Aquatic Techniques,"(4, 4)",Biology,,
Bisc 632,Aquatic Toxicology,"(4, 4)",Biology,,
Bisc 633,Microbial Energetics,"(3, 3)",Biology,,
Bisc 635,Insect Taxonomy,"(4, 4)",Biology,,
Bisc 637,Prokaryotic Development,"(3, 3)",Biology,,
Bisc 639,Insect Morphology,"(4, 4)",Biology,,
Bisc 640,Biology of Amphibia,"(3, 3)",Biology,,
Bisc 641,Biology of Reptilia,"(3, 3)",Biology,,
Bisc 647,Invertebrate Zoology,"(4, 4)",Biology,,
Bisc 649,Methods in Molecular Biology,"(3, 3)",Biology,,
Bisc 650,Survival Skills for Science Careers,"(3, 3)",Biology,,
Bisc 651,Advanced Parasitology,"(4, 4)",Biology,,
Bisc 658,Systems Biology: Theory and Practice,"(3, 3)",Biology,,
Bisc 659,Techniques in Molecular Systematics,"(3, 3)",Biology,,
Bisc 660,Plant Anatomy and Development,"(4, 4)",Biology,,
Bisc 661,Phylogenetic Systematics,"(4, 4)",Biology,,
Bisc 662,Multivariate Analysis of Ecological Data,"(3, 3)",Biology,,
Bisc 675,Advanced Microbial Physiology,"(3, 3)",Biology,,
Bisc 676,Topics in Evolutionary Physiology,"(3, 3)",Biology,,
Bisc 677,Topics in Evolution and Ecology,"(3, 3)",Biology,,
Bisc 678,Topics in Environmental & Applied Micro,"(3, 3)",Biology,,
Bisc 679,Directed Study in Biological Science,"(1, 3)",Biology,,
Bisc 691,Seminar,"(1, 1)",Biology,,
Bisc 692,Seminars on Special Topics,"(1, 1)",Biology,,
Bisc 693,Microbiology Seminar,"(1, 1)",Biology,,
Bisc 697,Thesis,"(1, 12)",Biology,,
Bisc 797,Dissertation,"(1, 18)",Biology,,
BME 200,Introduction to Biomedical Engineering,"(2, 2)",Biomedical Engineering,,
BME 222,Biomaterials,"(3, 3)",Biomedical Engineering,,
BME 256,Programming for Biomedical Engineering,"(3, 3)",Biomedical Engineering,,
BME 301,Bioinstrumentation,"(3, 3)",Biomedical Engineering,,
BME 305,Bioengineering Thermodynamics & Kinetics,"(3, 3)",Biomedical Engineering,,
BME 311,Biomechanics,"(3, 3)",Biomedical Engineering,,
BME 313,Physiology for Biomedical Engineering,"(3, 3)",Biomedical Engineering,,
BME 314,Biomedical Measurement,"(1, 1)",Biomedical Engineering,,
BME 315,Physiology for Biomedical Engineering II,"(3, 3)",Biomedical Engineering,,
BME 320,Bioseparations,"(3, 3)",Biomedical Engineering,,
BME 322,Sensors and Nanodevices in BME,"(3, 3)",Biomedical Engineering,,
BME 333,Biological Transport,"(3, 3)",Biomedical Engineering,,
BME 350,Immunoengineering,"(3, 3)",Biomedical Engineering,,
BME 353,Biodevices Design & Development,"(3, 3)",Biomedical Engineering,,
BME 370,Intro to Bioinformatics & Biostatistics,"(3, 3)",Biomedical Engineering,,
BME 400,Biomedical Engineering Seminar,"(1, 1)",Biomedical Engineering,,
BME 411,Tissue Mechanics,"(3, 3)",Biomedical Engineering,,
BME 413,Biomedical Signal Processing,"(3, 3)",Biomedical Engineering,,
BME 444,Biomedical Systems and Controls,"(3, 3)",Biomedical Engineering,,
BME 461,Biomedical Engineering Senior Design I,"(2, 2)",Biomedical Engineering,,
BME 462,Biomedical Engineering Senior Design II,"(2, 2)",Biomedical Engineering,,
BME 501,Computational and Systems Biomedicine,"(3, 3)",Biomedical Engineering,,
BME 510,Drug and Gene Delivery,"(3, 3)",Biomedical Engineering,,
BME 511,Computational Biomechanics,"(3, 3)",Biomedical Engineering,,
BME 520,Biochemical Process Engineering,"(3, 3)",Biomedical Engineering,,
BME 522,Immunoengineering,"(3, 3)",Biomedical Engineering,,
BME 523,Molecular and Cellular Biophysics,"(3, 3)",Biomedical Engineering,,
BME 524,Microscopy for Engineers,"(3, 3)",Biomedical Engineering,,
BME 600,Graduate Professional Development,"(3, 3)",Biomedical Engineering,,
BME 601,Biomedical Engineering Seminar,"(1, 1)",Biomedical Engineering,,
BMS 321,Pathogenesis of Infectious Diseases,"(3, 3)",Biomolecular Sciences,,
BMS 343,Biochemical Foundations of Therapeutics,"(3, 3)",Biomolecular Sciences,,
BMS 344,Physiological Foundation of Therapeutics,"(3, 3)",Biomolecular Sciences,,
BMS 345,Anatomical Foundations in Human Health,"(3, 3)",Biomolecular Sciences,,
BMS 401,Honors Introduction to Cancer Research,"(1, 1)",Biomolecular Sciences,,
BMS 451,Directed Research Studies in BMS I,"(1, 3)",Biomolecular Sciences,,
BMS 452,Directed Research Studies in BMS II,"(1, 3)",Biomolecular Sciences,,
BMS 453,Directed Research Studies in BMS III,"(1, 3)",Biomolecular Sciences,,
BMS 470,Antimicrobial Resistance Mechanisms,"(2, 2)",Biomolecular Sciences,,
BMS 471,Targeting Neurodegenerative Diseases,"(2, 2)",Biomolecular Sciences,,
BMS 472,Spanish for Pharmacists,"(2, 2)",Biomolecular Sciences,,
BMS 473,Medical Cannabis,"(2, 2)",Biomolecular Sciences,,
BMS 474,Pandemics and Society,"(2, 2)",Biomolecular Sciences,,
BMS 475,Molecular Basis of Future Medicines,"(2, 2)",Biomolecular Sciences,,
BMS 476,Intro to AI & Applications in Pharmacy,"(2, 2)",Biomolecular Sciences,,
BMS 601,Graduate Student Survival Strategies,"(2, 2)",Biomolecular Sciences,,
BMS 602,Techniques in BioMolecular Sciences,"(2, 2)",Biomolecular Sciences,,
BMS 605,Original Research Proposal BMS,"(1, 1)",Biomolecular Sciences,,
BMS 608,Scientific Writing for BioMolecular Scie,"(2, 2)",Biomolecular Sciences,,
BMS 610,Carbohydrates and Glycoconjugates,"(3, 3)",Biomolecular Sciences,,
BMS 641,BioMolecular Sciences Seminar,"(1, 1)",Biomolecular Sciences,,
BMS 643,BioMolecular Sciences Seminar,"(1, 1)",Biomolecular Sciences,,
BMS 651,Fundamentals of Pharmacognosy and Phytoc,"(3, 3)",Biomolecular Sciences,,
BMS 652,Regulation of Dietary Supplements,"(3, 3)",Biomolecular Sciences,,
BMS 653,Formulation and Manufacturing of Dietary,"(3, 3)",Biomolecular Sciences,,
BMS 654,Identification and Authentication of Die,"(3, 3)",Biomolecular Sciences,,
BMS 655,Pharmacology and Toxicology of Dietary S,"(3, 3)",Biomolecular Sciences,,
BMS 661,"Cannabis Identification, Genomics, & Eng","(3, 3)",Biomolecular Sciences,,
BMS 662,Cannabis Policy & Law Syllabus,"(3, 3)",Biomolecular Sciences,,
BMS 663,Formulation & Manufacturing of Cannabis,"(3, 3)",Biomolecular Sciences,,
BMS 664,Chemistry & Standardization of Cannabis,"(3, 3)",Biomolecular Sciences,,
BMS 665,Pharmacology & Toxicology of Cannabinoid,"(3, 3)",Biomolecular Sciences,,
BMS 697,Thesis,"(1, 12)",Biomolecular Sciences,,
BMS 725,Mass Spectrometry: Fundamentals,"(3, 3)",Biomolecular Sciences,,
BMS 767,Advanced Topics in Toxicology,"(2, 2)",Biomolecular Sciences,,
BMS 797,Dissertation,"(1, 12)",Biomolecular Sciences,,
Brtn 100,Preparatory Baritone,"(1, 1)",Music,,
Brtn 121,Freshman Baritone I,"(2, 2)",Music,,
Brtn 122,Freshman Baritone II,"(2, 2)",Music,,
Brtn 221,Sophomore Baritone I,"(2, 2)",Music,,
Brtn 222,Sophomore Baritone II,"(2, 2)",Music,,
Brtn 241,Sophomore Baritone Performance I,"(2, 2)",Music,,
Brtn 242,Sophomore Baritone Performance II,"(2, 2)",Music,,
Brtn 321,Junior Baritone I,"(2, 2)",Music,,
Brtn 322,Junior Baritone II,"(2, 2)",Music,,
Brtn 341,Junior Baritone Performance I,"(2, 2)",Music,,
Brtn 342,Junior Baritone Performance II,"(3, 3)",Music,,
Brtn 421,Senior Baritone I,"(2, 2)",Music,,
Brtn 422,Senior Baritone II,"(2, 2)",Music,,
Brtn 441,Senior Baritone Performance I,"(2, 2)",Music,,
Brtn 442,Senior Baritone Performance II,"(3, 3)",Music,,
Brtn 521,Advanced Baritone I,"(2, 2)",Music,,
Brtn 522,Advanced Baritone II,"(2, 2)",Music,,
Brtn 541,Advanced Baritone Performance I,"(2, 2)",Music,,
Brtn 542,Advanced Baritone Performance II,"(2, 2)",Music,,
Brtn 621,Graduate Baritone I,"(2, 2)",Music,,
Brtn 622,Graduate Baritone II,"(2, 2)",Music,,
Brtn 641,Graduate Baritone Performance I,"(2, 2)",Music,,
Brtn 642,Graduate Baritone Performance II,"(2, 2)",Music,,
Bssn 100,Preparatory Bassoon,"(1, 1)",Music,,
Bssn 121,Freshman Bassoon I,"(2, 2)",Music,,
Bssn 122,Freshman Bassoon II,"(2, 2)",Music,,
Bssn 221,Sophomore Bassoon I,"(2, 2)",Music,,
Bssn 222,Sophomore Bassoon II,"(2, 2)",Music,,
Bssn 241,Sophomore Bassoon Performance I,"(2, 2)",Music,,
Bssn 242,Sophomore Bassoon Performance II,"(2, 2)",Music,,
Bssn 321,Junior Bassoon I,"(2, 2)",Music,,
Bssn 322,Junior Bassoon II,"(2, 2)",Music,,
Bssn 341,Junior Bassoon Performance I,"(2, 2)",Music,,
Bssn 342,Junior Bassoon Performance II,"(3, 3)",Music,,
Bssn 421,Senior Bassoon I,"(2, 2)",Music,,
Bssn 422,Senior Bassoon II,"(2, 2)",Music,,
Bssn 441,Senior Bassoon Performance I,"(2, 2)",Music,,
Bssn 442,Senior Bassoon Performance II,"(3, 3)",Music,,
Bssn 521,Advanced Bassoon I,"(2, 2)",Music,,
Bssn 522,Advanced Bassoon II,"(2, 2)",Music,,
Bssn 541,Advanced Bassoon Performance I,"(2, 2)",Music,,
Bssn 542,Advanced Bassoon Performance II,"(2, 2)",Music,,
Bssn 621,Graduate Bassoon I,"(2, 2)",Music,,
Bssn 622,Graduate Bassoon II,"(2, 2)",Music,,
Bssn 641,Graduate Bassoon Performance I,"(2, 2)",Music,,
Bssn 642,Graduate Bassoon Performance II,"(2, 2)",Music,,
Bus 101,Business for a Better World,"(3, 3)",Management,,
Bus 220,Starting and Building Your Business,"(3, 3)",,,
Bus 230,Economic Statistics I,"(3, 3)",,,
Bus 250,Legal Environment of Business,"(3, 3)",Management,,
Bus 271,Business Communication,"(3, 3)",Management,,
Bus 300,Undergraduate Business Internship,"(3, 3)",Management,,
Bus 301,Introduction To Petroleum Land Mgmt,"(3, 3)",,,
Bus 302,Business Statistics II,"(3, 3)",,,
Bus 308,Operations Research,"(3, 3)",,,
Bus 310,Oil and Gas Law,"(3, 3)",,,
Bus 320,Personal Business Management,"(3, 3)",,,
Bus 321,International Business,"(3, 3)",Management,,
Bus 322,Negotiation and Dispute Resolution,"(3, 3)",Management,,
Bus 330,Ethical Management and Decision Making,"(3, 3)",Management,,
Bus 380,Topics In Business Abroad,"(1, 6)",,,
Bus 390,Business Career Planning,"(0, 0)",,,
Bus 395,Honors Thesis in Business,"(3, 3)",Management,,
Bus 400,Special Topics In Business,"(1, 6)",,,
Bus 420,Experience Business,"(2, 2)",,,
Bus 500,Business Internship,"(3, 3)",,,
Bus 604,Statistical Methods For Business,"(3, 3)",,,
Bus 612,Operations Research,"(3, 3)",,,
Bus 620,Individual Study,"(3, 3)",,,
Bus 621,Individual Study,"(3, 3)",,,
Bus 650,Entering the Profession Seminar,"(1, 1)",,,
Bus 660,Research Methods I,"(3, 3)",,,
Bus 661,Seminar in Research and Experimental Des,"(3, 3)",,,
Bus 662,Statistics I: Sem. in Linear Regression,"(3, 3)",,,
Bus 663,Stat. II: Multivariate & Nonparametric,"(3, 3)",,,
Bus 664,Statistics III: Advanced Statistical Top,"(3, 3)",,,
Bus 667,Global Business Strategy,"(3, 3)",,,
Bus 669,Decision Support Systems,"(3, 3)",,,
Bus 670,Supply Chain Management,"(3, 3)",,,
C E 101,Introduction to Civil Engineering I,"(1, 1)",Civil Engineering,,
C E 102,Introduction to Civil Engineering II,"(1, 1)",Civil Engineering,,
C E 103,Introduction to Civil Engineering Lab,"(1, 1)",Civil Engineering,,
C E 205,Civil Engineering Laboratory I,"(1, 1)",Civil Engineering,,
C E 206,Introduction to Surveying,"(3, 3)",Civil Engineering,,
C E 207,Surveying,"(2, 2)",Civil Engineering,,
C E 208,Civil Engineering Graphics I,"(1, 1)",Civil Engineering,,
C E 301,Environmental Engineering Lab,"(1, 1)",Civil Engineering,,
C E 302,Mechanics Laboratory,"(1, 1)",Civil Engineering,,
C E 303,Materials Laboratory,"(1, 1)",Civil Engineering,,
C E 305,Civil Engineering Laboratory II,"(1, 1)",Civil Engineering,,
C E 310,Introduction to Structural Mechanics,"(3, 3)",Civil Engineering,,
C E 311,Structural Analysis,"(3, 3)",Civil Engineering,,
C E 315,Civil Engineering Materials,"(3, 3)",Civil Engineering,,
C E 325,Intermediate Dynamics,"(3, 3)",Civil Engineering,,
C E 371,Intro to Environmental Engineering,"(3, 3)",Civil Engineering,,
C E 401,Civil Engineering Fundamentals,"(1, 1)",Civil Engineering,,
C E 402,Soil Mechanics Laboratory,"(1, 1)",Civil Engineering,,
C E 405,Civil Engineering Laboratory III,"(1, 1)",Civil Engineering,,
C E 412,Design of Concrete Structures,"(3, 3)",Civil Engineering,,
C E 413,Steel Design,"(3, 3)",Civil Engineering,,
C E 414,Advanced Concrete Design,"(3, 3)",Civil Engineering,,
C E 417,Construction Engineering and Management,"(3, 3)",Civil Engineering,,
C E 421,Matrix Analysis of Structures,"(3, 3)",Civil Engineering,,
C E 431,Soil Mechanics I,"(3, 3)",Civil Engineering,,
C E 433,Foundation Engineering,"(3, 3)",Civil Engineering,,
C E 435,Advanced Geotechnical Engineering,"(3, 3)",Civil Engineering,,
C E 452,Civil Engineering Analysis,"(3, 3)",Civil Engineering,,
C E 454,CE Design I,"(3, 3)",Civil Engineering,,
C E 455,Civil Engineering Design I,"(2, 2)",Civil Engineering,,
C E 456,Civil Engineering Design II,"(3, 3)",Civil Engineering,,
C E 471,Environmental Engineering I,"(3, 3)",Civil Engineering,,
C E 472,Water Resources Engineering,"(3, 3)",Civil Engineering,,
C E 481,Transportation Engineering I,"(3, 3)",Civil Engineering,,
C E 495,Geospatial Analysis for Engr & Vis Apps,"(3, 3)",Civil Engineering,,
C E 497,Civil Engineering Projects,"(3, 3)",Civil Engineering,,
C E 500,Geographic Information Systems Engr Sci,"(3, 3)",Civil Engineering,,
C E 511,Structural Dynamics,"(3, 3)",Civil Engineering,,
C E 513,Advanced Steel Design,"(3, 3)",Civil Engineering,,
C E 514,Pre-Stressed Concrete Design,"(3, 3)",Civil Engineering,,
C E 516,Bridge Engineering,"(3, 3)",Civil Engineering,,
C E 521,Advanced Mechanics of Materials,"(3, 3)",Civil Engineering,,
C E 531,Soil Mechanics II,"(3, 3)",Civil Engineering,,
C E 536,Designing with Geosynthetics,"(3, 3)",Civil Engineering,,
C E 541,Flow in Open Channels,"(3, 3)",Civil Engineering,,
C E 542,Flow in Porous Media,"(3, 3)",Civil Engineering,,
C E 543,Sediment Transport,"(3, 3)",Civil Engineering,,
C E 561,Civil Engineering Systems,"(3, 3)",Civil Engineering,,
C E 570,Infrastructure Management,"(3, 3)",Civil Engineering,,
C E 572,Stormwater Engineering and Management,"(3, 3)",Civil Engineering,,
C E 574,Wastewater Engineering,"(3, 3)",Civil Engineering,,
C E 575,Drinking Water Engineering,"(3, 3)",Civil Engineering,,
C E 578,Agricultural Conservation for Eng & Sci,"(3, 3)",Civil Engineering,,
C E 581,Transportation Engineering II,"(3, 3)",Civil Engineering,,
C E 585,Highway Pavements,"(3, 3)",Civil Engineering,,
C E 590,Airport Planning and Design,"(3, 3)",Civil Engineering,,
C OP 201,CO-OP Work Experience,"(1, 6)",,,
C OP 202,CO-OP Work Experience,"(1, 6)",,,
C OP 300,Cooperative Education,"(1, 1)",,,
C OP 301,CO-OP Work Experience,"(1, 6)",,,
C OP 302,CO-OP Work Experience,"(1, 6)",,,
C OP 401,CO-OP Work Experience,"(1, 6)",,,
C OP 402,CO-OP Work Experience,"(1, 6)",,,
C OP 501,CO-OP Work Experience,"(1, 3)",,,
C OP 502,CO-OP Work Experience,"(3, 3)",,,
C OP 503,CO-OP Work Experience,"(3, 3)",,,
C&H Thesis,UM Croft and Honors Thesis,"(0, 0)",,,
Card 591,Cardiology Clerkship,"(4, 4)",Pharmacy Practice,,
CEL 101,Community Engaged Leadership 101,"(1, 1)",University Studies,,
CEL 102,From Service to Solutions,"(1, 1)",University Studies,,
CEL 201,Beginning Capacity Building,"(1, 1)",University Studies,,
CEL 202,Knowing Your Issue,"(1, 1)",University Studies,,
CEL 210,Community Engaged Leadership 210,"(4, 4)",University Studies,,
CEL 301,Planning and Managing Projects,"(1, 1)",University Studies,,
CEL 302,Building Organizational Capacity,"(1, 3)",University Studies,,
CEL 310,Community Engaged Leadership Capstone,"(3, 3)",University Studies,,
CEL 401,Transitioning from College to Career,"(1, 1)",University Studies,,
CEL 402,Preparing for Civically Engaged Lives,"(1, 2)",University Studies,,
Ch E 101,Introduction to Chemical Engineering,"(2, 2)",Chemical Engineering,,
Ch E 251,Programming for Chemical Engineering,"(3, 3)",Chemical Engineering,,
Ch E 307,Chemical Process Principles I,"(2, 2)",Chemical Engineering,,
Ch E 308,Chemical Process Principles II,"(2, 2)",Chemical Engineering,,
Ch E 316,Chemical Engineering Fluid Mechanics,"(3, 3)",Chemical Engineering,,
Ch E 317,Process Fluid Dynamics and Heat Transfer,"(3, 3)",Chemical Engineering,,
Ch E 318,Chem Engineering Heat and Mass Transfer,"(3, 3)",Chemical Engineering,,
Ch E 330,Chemical Eng. R & D Experience,"(1, 2)",Chemical Engineering,,
Ch E 345,Engineering Economy,"(3, 3)",Chemical Engineering,,
Ch E 407,Chemical Engineering Projects I,"(1, 3)",Chemical Engineering,,
Ch E 408,Chemical Engineering Projects II,"(1, 3)",Chemical Engineering,,
Ch E 411,Chemical Engineering Seminar,"(1, 1)",Chemical Engineering,,
Ch E 412,Process Control and Safety,"(3, 3)",Chemical Engineering,,
Ch E 413,Chemical Process Safety,"(3, 3)",Chemical Engineering,,
Ch E 417,Separation Processes,"(3, 3)",Chemical Engineering,,
Ch E 421,Chemical Engineering Thermodynamics,"(3, 3)",Chemical Engineering,,
Ch E 423,Chemical Reactor Analysis and Design,"(3, 3)",Chemical Engineering,,
Ch E 431,ChE Mass and Energy Balance Lab,"(1, 1)",Chemical Engineering,,
Ch E 432,ChE Unit Operations Lab,"(1, 1)",Chemical Engineering,,
Ch E 433,ChE Design Lab,"(2, 2)",Chemical Engineering,,
Ch E 449,Process Design,"(3, 3)",Chemical Engineering,,
Ch E 450,Process Optimization,"(1, 1)",Chemical Engineering,,
Ch E 451,Plant Design I,"(4, 4)",Chemical Engineering,,
Ch E 452,Product and Process Development,"(3, 3)",Chemical Engineering,,
Ch E 470,Principles of Lean Six Sigma,"(3, 3)",Chemical Engineering,,
Ch E 511,Process Dynamics and Control,"(3, 3)",Chemical Engineering,,
Ch E 513,Special Topics in Chemical Engineering,"(1, 3)",Chemical Engineering,,
Ch E 515,Research Seminar,"(1, 1)",Chemical Engineering,,
Ch E 520,Biochemical Engineering,"(3, 3)",Chemical Engineering,,
Ch E 521,Drug and Gene Delivery,"(3, 3)",Chemical Engineering,,
Ch E 522,Immunoengineering,"(3, 3)",Chemical Engineering,,
Ch E 523,Molecular and Cellular Biophysics,"(3, 3)",Chemical Engineering,,
Ch E 524,Microscopy for Engineers,"(3, 3)",Chemical Engineering,,
Ch E 528,Polymer Processing,"(3, 3)",Chemical Engineering,,
Ch E 535,Experimental Methods in Engineering,"(3, 3)",Chemical Engineering,,
Ch E 540,Coating Materials Process & Applications,"(3, 3)",Chemical Engineering,,
Ch E 543,Introduction to Polymer Science,"(3, 3)",Chemical Engineering,,
Ch E 545,Colloid and Surface Science,"(3, 3)",Chemical Engineering,,
Ch E 547,Sufactant Science and Applications,"(3, 3)",Chemical Engineering,,
Ch E 550,Membrane Science and Engineering,"(3, 3)",Chemical Engineering,,
Ch E 560,Advanced Transport Phenomena I,"(3, 3)",Chemical Engineering,,
Ch E 561,Advanced Transport Phenomena II,"(3, 3)",Chemical Engineering,,
Ch E 593,Graduate Projects in Chemical Engr,"(1, 3)",Chemical Engineering,,
Ch E 660,Advanced Transport Phenomena I,"(3, 3)",Chemical Engineering,,
Ch E 661,Advanced Transport Phenomena II,"(3, 3)",Chemical Engineering,,
Chem 101,Chemical Concepts,"(4, 4)",Chemistry & Biochemistry,,
Chem 103,Survey of Chemistry I,"(3, 3)",Chemistry & Biochemistry,,
Chem 104,Survey of Chemistry II,"(3, 3)",Chemistry & Biochemistry,,
Chem 105,General Chemistry I,"(3, 3)",Chemistry & Biochemistry,,
Chem 106,General Chemistry II,"(3, 3)",Chemistry & Biochemistry,,
Chem 107,General Chemistry Honors Recitation I,"(1, 1)",Chemistry & Biochemistry,,
Chem 108,General Chemistry Honors Recitation II,"(1, 1)",Chemistry & Biochemistry,,
Chem 113,Survey of Chemistry Laboratory I,"(1, 1)",Chemistry & Biochemistry,,
Chem 114,Survey of Chemistry Laboratory II,"(1, 1)",Chemistry & Biochemistry,,
Chem 115,General Chemistry Laboratory I,"(1, 1)",Chemistry & Biochemistry,,
Chem 116,General Chemistry Laboratory II,"(1, 1)",Chemistry & Biochemistry,,
Chem 121,Fundamentals of Organic Chemistry,"(4, 4)",Chemistry & Biochemistry,,
Chem 201,Environmental Chemistry I,"(3, 3)",Chemistry & Biochemistry,,
Chem 202,Environmental Chemistry II,"(3, 3)",Chemistry & Biochemistry,,
Chem 221,Elementary Organic Chemistry I,"(3, 3)",Chemistry & Biochemistry,,
Chem 222,Elementary Organic Chemistry II,"(3, 3)",Chemistry & Biochemistry,,
Chem 225,Elementary Organic Chem. Laboratory I,"(1, 1)",Chemistry & Biochemistry,,
Chem 226,Elementary Organic Chem. Laboratory II,"(1, 1)",Chemistry & Biochemistry,,
Chem 227,Organic Chemistry Honors Recitation I,"(1, 1)",Chemistry & Biochemistry,,
Chem 228,Organic Chemistry Honors Recitation II,"(1, 1)",Chemistry & Biochemistry,,
Chem 251,Introduction to Individual Research,"(0, 2)",Chemistry & Biochemistry,,
Chem 271,Biochemical Concepts,"(3, 3)",Chemistry & Biochemistry,,
Chem 293,Introductory Special Topics in Chemistry,"(1, 4)",Chemistry & Biochemistry,,
Chem 314,Quantitative Analysis,"(4, 4)",Chemistry & Biochemistry,,
Chem 319,Chem & Phys Methods of Forensic Chem,"(4, 4)",Chemistry & Biochemistry,,
Chem 331,Physical Chemistry I,"(3, 3)",Chemistry & Biochemistry,,
Chem 332,Physical Chemistry II,"(3, 3)",Chemistry & Biochemistry,,
Chem 334,Biophysical Chemistry,"(3, 3)",Chemistry & Biochemistry,,
Chem 337,Physical Chemistry Laboratory I,"(1, 1)",Chemistry & Biochemistry,,
Chem 340,Introduction to Astrochemistry,"(3, 3)",Chemistry & Biochemistry,,
Chem 351,Individual Research,"(1, 3)",Chemistry & Biochemistry,,
Chem 373,Intermediate Biochemistry,"(3, 3)",Chemistry & Biochemistry,,
Chem 381,Chemistry for Teachers I,"(4, 4)",Chemistry & Biochemistry,,
Chem 382,Chemistry for Teachers II,"(4, 4)",Chemistry & Biochemistry,,
Chem 383,Chemistry for Teachers III,"(4, 4)",Chemistry & Biochemistry,,
Chem 393,Intermediate Special Topics in Chemistry,"(1, 4)",Chemistry & Biochemistry,,
Chem 401,Inorganic Chemistry,"(3, 3)",Chemistry & Biochemistry,,
Chem 402,Inorganic Chemistry Laboratory,"(1, 1)",Chemistry & Biochemistry,,
Chem 415,Computer Methods in Chemistry,"(3, 3)",Chemistry & Biochemistry,,
Chem 421,Recitation in Organic Chemistry I,"(1, 1)",Chemistry & Biochemistry,,
Chem 422,Recitation in Organic Chemistry II,"(1, 1)",Chemistry & Biochemistry,,
Chem 423,Organic Analysis,"(2, 2)",Chemistry & Biochemistry,,
Chem 441,Forensic Chemistry Senior Research,"(3, 3)",Chemistry & Biochemistry,,
Chem 451,Senior Individual Research,"(1, 3)",Chemistry & Biochemistry,,
Chem 459,Forensic Science Internship,"(3, 3)",Chemistry & Biochemistry,,
Chem 463,Senior Research and Discovery,"(1, 3)",Chemistry & Biochemistry,,
Chem 469,Introduction to Instrumental Analysis,"(4, 4)",Chemistry & Biochemistry,,
Chem 470,Forensic DNA Analysis,"(4, 4)",Chemistry & Biochemistry,,
Chem 471,Biochemistry I,"(3, 3)",Chemistry & Biochemistry,,
Chem 472,Biochemistry Laboratory,"(1, 1)",Chemistry & Biochemistry,,
Chem 473,Biochemistry II,"(3, 3)",Chemistry & Biochemistry,,
Chem 512,Advanced Instrumental Analysis,"(3, 3)",Chemistry & Biochemistry,,
Chem 513,Principles of Analytical Chemistry,"(3, 3)",Chemistry & Biochemistry,,
Chem 514,Fundamentals of Electrochemistry,"(3, 3)",Chemistry & Biochemistry,,
Chem 519,Chemical Separations,"(3, 3)",Chemistry & Biochemistry,,
Chem 524,Principles of Organic Chemistry,"(3, 3)",Chemistry & Biochemistry,,
Chem 525,Organic Spectroscopy and Spectrometry,"(3, 3)",Chemistry & Biochemistry,,
Chem 527,"Adv. Organic Chem., Structure Mechanism","(3, 3)",Chemistry & Biochemistry,,
Chem 528,"Adv. Organic Chem., Structure Synthesis","(3, 3)",Chemistry & Biochemistry,,
Chem 529,Stereochemistry,"(3, 3)",Chemistry & Biochemistry,,
Chem 530,Advanced Organic Synthesis,"(3, 3)",Chemistry & Biochemistry,,
Chem 531,"Advanced Physical Chem., Quantum Chem.","(3, 3)",Chemistry & Biochemistry,,
Chem 532,Chemical Thermodynamics,"(3, 3)",Chemistry & Biochemistry,,
Chem 534,Physical Biochemistry,"(3, 3)",Chemistry & Biochemistry,,
Chem 535,Principles of Physical Chemistry I,"(3, 3)",Chemistry & Biochemistry,,
Chem 536,"Advanced Phys. Chem., Reaction Dynamics","(3, 3)",Chemistry & Biochemistry,,
Chem 538,Principles of Physical Chemistry II,"(3, 3)",Chemistry & Biochemistry,,
Chem 544,Chemical Applications of Group Theory,"(3, 3)",Chemistry & Biochemistry,,
Chem 545,Chemical Literature,"(3, 3)",Chemistry & Biochemistry,,
Chem 546,Chem for High School Science Teacher I,"(3, 3)",Chemistry & Biochemistry,,
Chem 547,Chem. for High School Science Teacher II,"(3, 3)",Chemistry & Biochemistry,,
Chem 548,Workshop-Middle School Science Teachers,"(1, 2)",Chemistry & Biochemistry,,
Chem 550,Safety in the Chemical Laboratory,"(3, 3)",Chemistry & Biochemistry,,
Chem 554,Analytical Environmental Chemistry,"(3, 3)",Chemistry & Biochemistry,,
Chem 556,Research Methods in STEM Education,"(3, 3)",Chemistry & Biochemistry,,
Chem 563,Applied Spectroscopy,"(3, 3)",Chemistry & Biochemistry,,
Chem 580,Molecular Biochemistry I,"(3, 3)",Chemistry & Biochemistry,,
Chem 581,Molecular Biochemistry II,"(3, 3)",Chemistry & Biochemistry,,
Chem 593,Advanced Special Topics in Chemistry,"(1, 4)",Chemistry & Biochemistry,,
Chem 617,Research Methodology in Chemistry I,"(3, 3)",Chemistry & Biochemistry,,
Chem 651,Research Experience in Chemistry,"(1, 3)",Chemistry & Biochemistry,,
Chem 659,Masters Seminar,"(1, 1)",Chemistry & Biochemistry,,
Chem 697,Thesis,"(1, 12)",Chemistry & Biochemistry,,
Chem 700,Introduction to Graduate Research,"(3, 3)",Chemistry & Biochemistry,,
Chem 701,Advanced Inorganic Chemistry I,"(3, 3)",Chemistry & Biochemistry,,
Chem 702,Advanced Inorganic Chemistry II,"(3, 3)",Chemistry & Biochemistry,,
Chem 703,Inorganic Techniques,"(3, 3)",Chemistry & Biochemistry,,
Chem 705,Seminar in Chemistry,"(1, 1)",Chemistry & Biochemistry,,
Chem 715,Selected Topics in Analytical Chemistry,"(3, 3)",Chemistry & Biochemistry,,
Chem 716,Mass Spectrometry Fundamentals,"(3, 3)",Chemistry & Biochemistry,,
Chem 717,Internship Seminar in College Chemistry,"(3, 3)",Chemistry & Biochemistry,,
Chem 718,Research Methodology in Chemistry II,"(3, 3)",Chemistry & Biochemistry,,
Chem 722,Organic Techniques,"(3, 3)",Chemistry & Biochemistry,,
Chem 725,Selected Topics in Organic Chemistry,"(3, 3)",Chemistry & Biochemistry,,
Chem 733,Selected Topics in Physical Chemistry,"(3, 3)",Chemistry & Biochemistry,,
Chem 741,Selected Topics in Inorganic Chemistry,"(3, 3)",Chemistry & Biochemistry,,
Chem 750,Area Seminars,"(1, 1)",Chemistry & Biochemistry,,
Chem 759,Doctoral Seminar,"(1, 1)",Chemistry & Biochemistry,,
Chem 761,Quantum Chemistry,"(3, 3)",Chemistry & Biochemistry,,
Chem 762,Theory of Molecular Structure,"(3, 3)",Chemistry & Biochemistry,,
Chem 765,Bioinorganic Chemistry,"(3, 3)",Chemistry & Biochemistry,,
Chem 771,Biochemistry I,"(3, 3)",Chemistry & Biochemistry,,
Chem 772,Biochemical Techniques,"(4, 4)",Chemistry & Biochemistry,,
Chem 773,Biochemistry II,"(3, 3)",Chemistry & Biochemistry,,
Chem 774,Selected Topics in Biochemistry,"(3, 3)",Chemistry & Biochemistry,,
Chem 776,Nucleic Acid Chemistry,"(3, 3)",Chemistry & Biochemistry,,
Chem 777,Protein Structure,"(3, 3)",Chemistry & Biochemistry,,
Chem 796,Doctoral Thesis,"(1, 6)",Chemistry & Biochemistry,,
Chem 797,Dissertation,"(1, 18)",Chemistry & Biochemistry,,
Chin 101,Elementary Chinese I,"(3, 3)",Modern Languages,,
Chin 102,Elementary Chinese II,"(3, 3)",Modern Languages,,
Chin 111,Intensive Chinese I,"(5, 5)",Modern Languages,,
Chin 112,Intensive Chinese II,"(5, 5)",Modern Languages,,
Chin 198,Elementary Chinese Study Abroad,"(1, 12)",Modern Languages,,
Chin 199,Special Topics in Chinese,"(1, 6)",Modern Languages,,
Chin 201,Intermediate Chinese I,"(3, 3)",Modern Languages,,
Chin 202,Intermediate Chinese II,"(3, 3)",Modern Languages,,
Chin 211,Intensive Chinese III,"(5, 5)",Modern Languages,,
Chin 212,Intensive Chinese IV,"(5, 5)",Modern Languages,,
Chin 215,Chinese Practicum I,"(5, 5)",Modern Languages,,
Chin 298,Intermediate Chinese Study Abroad,"(1, 12)",Modern Languages,,
Chin 299,Special Topics in Chinese,"(1, 6)",Modern Languages,,
Chin 300,Envision Taiwan,"(3, 3)",Modern Languages,,
Chin 301,Conversation and Composition I,"(3, 3)",Modern Languages,,
Chin 302,Conversation and Composition II,"(3, 3)",Modern Languages,,
Chin 313,Media Chinese I: Newspapers and Internet,"(5, 5)",Modern Languages,,
Chin 314,Media Chinese II: Broadcast News,"(5, 5)",Modern Languages,,
Chin 315,Chinese Practicum II,"(5, 5)",Modern Languages,,
Chin 321,Chinese Culture and Civilization,"(3, 3)",Modern Languages,,
Chin 325,The Chinese Writing System,"(3, 3)",Modern Languages,,
Chin 330,Introduction to Chinese Linguistics,"(3, 3)",Modern Languages,,
Chin 331,Intro to Chinese Lit & Literary Analysis,"(3, 3)",Modern Languages,,
Chin 361,China through Film and Literature,"(3, 3)",Modern Languages,,
Chin 398,Advanced Chinese Study Abroad,"(1, 12)",Modern Languages,,
Chin 399,Special Topics in Chinese,"(1, 6)",Modern Languages,,
Chin 401,Advanced Chinese I,"(3, 3)",Modern Languages,,
Chin 402,Advanced Chinese II,"(3, 3)",Modern Languages,,
Chin 410,Modern Chinese Literature,"(3, 3)",Modern Languages,,
Chin 414,Selected Topics in Academic Chinese,"(3, 3)",Modern Languages,,
Chin 415,Chinese Practicum III,"(5, 5)",Modern Languages,,
Chin 417,Intro to Modern Chinese Literature,"(5, 5)",Modern Languages,,
Chin 418,Introduction to Classical Chinese,"(5, 5)",Modern Languages,,
Chin 425,Chinese Narratives and Storytelling,"(3, 3)",Modern Languages,,
Chin 430,Contrastive Linguistics,"(3, 3)",Modern Languages,,
Chin 450,Domain Knowledge,"(1, 6)",Modern Languages,,
Chin 500,Exploring 20th-century Chinese Society,"(3, 3)",Modern Languages,,
Chin 510,Interpersonal Relations in Chinese Soc,"(3, 3)",Modern Languages,,
Chin 511,Chinese Philology,"(3, 3)",Modern Languages,,
Chin 512,21st Century China,"(3, 3)",Modern Languages,,
Chin 513,China and the World,"(3, 3)",Modern Languages,,
Chin 514,Classical Chinese Literature,"(3, 3)",Modern Languages,,
Chin 550,Advanced Domain Knowledge,"(1, 6)",Modern Languages,,
Chin 596,Chinese Capstone Academic Program,"(1, 15)",Modern Languages,,
Chin 598,Chinese Capstone Internship,"(1, 6)",Modern Languages,,
Cine 301,Special Topics in Cinema Production,"(3, 3)",,,
Cine 302,Special Topics in Cinema Post-Production,"(3, 3)",,,
Cine 396,Festival Programming,"(3, 3)",,,
Cine 397,Internship in Cinema,"(3, 3)",,,
Cine 398,Study Abroad in Cinema,"(1, 3)",,,
Cine 399,Special Topics in Cinema,"(3, 3)",,,
CIS 111,Computer Science I,"(3, 3)",Computer & Information Science,,
CIS 112,Computer Science II,"(3, 3)",Computer & Information Science,,
CIS 113,Honors Computer Science I,"(3, 3)",Computer & Information Science,,
CIS 211,Computer Science III,"(3, 3)",Computer & Information Science,,
CIS 251,Programming for Engineering and Sciences,"(3, 3)",Computer & Information Science,,
CIS 256,Programming in Python,"(3, 3)",Computer & Information Science,,
CIS 333,Digital Design and 3D Printing,"(3, 3)",Computer & Information Science,,
CIS 356,Data Structures in Python,"(3, 3)",Computer & Information Science,,
CIS 427,Network Security,"(3, 3)",Computer & Information Science,,
CIS 447,Immersive Media,"(3, 3)",Computer & Information Science,,
CJ 100,Introduction to Criminal Justice,"(3, 3)",Criminal Justice & Legal Studies,,
CJ 110,Introduction to Law Enforcement,"(3, 3)",Criminal Justice & Legal Studies,,
CJ 115,Introduction to Homeland Security,"(3, 3)",Criminal Justice & Legal Studies,,
CJ 120,Introduction to Corrections,"(3, 3)",Criminal Justice & Legal Studies,,
CJ 155,Law Enforcement Tactical Operations,"(3, 3)",Criminal Justice & Legal Studies,,
CJ 160,Law Enforcement Patrol Procedures,"(3, 3)",Criminal Justice & Legal Studies,,
CJ 202,Statistics in Criminal Justice,"(3, 3)",Criminal Justice & Legal Studies,,
CJ 210,Criminal Law,"(3, 3)",Criminal Justice & Legal Studies,,
CJ 230,Principles of Investigation,"(3, 3)",Criminal Justice & Legal Studies,,
CJ 270,Juvenile Justice,"(3, 3)",Criminal Justice & Legal Studies,,
CJ 285,Foundations of Terrorism,"(3, 3)",Criminal Justice & Legal Studies,,
CJ 300,Ethics in Legal Studies,"(3, 3)",Criminal Justice & Legal Studies,,
CJ 310,Law Enforcement Process and Policy,"(3, 3)",Criminal Justice & Legal Studies,,
CJ 315,Drug Abuse Enforcement and Criminality,"(3, 3)",Criminal Justice & Legal Studies,,
CJ 320,Correctional Treatment Strategies,"(3, 3)",Criminal Justice & Legal Studies,,
CJ 322,Criminal Justice Communications,"(3, 3)",Criminal Justice & Legal Studies,,
CJ 324,Theories of Criminal Behavior,"(3, 3)",Criminal Justice & Legal Studies,,
CJ 325,Emergency Management and CJ,"(3, 3)",Criminal Justice & Legal Studies,,
CJ 330,Hate Crimes and Enforcement,"(3, 3)",Criminal Justice & Legal Studies,,
CJ 340,Homicide and Death Investigations,"(3, 3)",Criminal Justice & Legal Studies,,
CJ 345,Cold Case Investigations,"(3, 3)",Criminal Justice & Legal Studies,,
CJ 360,Independent Study,"(1, 3)",Criminal Justice & Legal Studies,,
CJ 370,Domestic Crimes and Family Law,"(3, 3)",Criminal Justice & Legal Studies,,
CJ 376,Elite Forces and Special Operations,"(3, 3)",Criminal Justice & Legal Studies,,
CJ 390,Special Topics,"(3, 3)",Criminal Justice & Legal Studies,,
CJ 399,Social Justice and Community Service,"(3, 3)",Criminal Justice & Legal Studies,,
CJ 400,Homeland Security Operations,"(3, 3)",Criminal Justice & Legal Studies,,
CJ 410,Criminal Procedure,"(3, 3)",Criminal Justice & Legal Studies,,
CJ 415,Forensic Science & Crime Scene Analysis,"(3, 3)",Criminal Justice & Legal Studies,,
CJ 420,Homeland Security Law,"(3, 3)",Criminal Justice & Legal Studies,,
CJ 421,Selected Topics in Criminal Justice II,"(3, 3)",Criminal Justice & Legal Studies,,
CJ 422,"Probation, Parole & Community Correction","(3, 3)",Criminal Justice & Legal Studies,,
CJ 425,Sex Crimes and Investigations,"(3, 3)",Criminal Justice & Legal Studies,,
CJ 435,Terrorism in the Twenty-First Century,"(3, 3)",Criminal Justice & Legal Studies,,
CJ 444,Law of Corrections,"(3, 3)",Criminal Justice & Legal Studies,,
CJ 445,Comparative Criminal Justice Systems,"(3, 3)",Criminal Justice & Legal Studies,,
CJ 450,Criminal Justice Research,"(3, 3)",Criminal Justice & Legal Studies,,
CJ 460,The Correctional Experience,"(3, 3)",Criminal Justice & Legal Studies,,
CJ 465,Criminal Profiling and Serial Offenders,"(3, 3)",Criminal Justice & Legal Studies,,
CJ 470,Border Security,"(3, 3)",Criminal Justice & Legal Studies,,
CJ 490,Criminal Justice Internship,"(3, 6)",Criminal Justice & Legal Studies,,
CJ 499,Colloquium in Criminal Justice,"(3, 3)",Criminal Justice & Legal Studies,,
CJ 585,Current Topics in Criminal Justice,"(3, 3)",Criminal Justice & Legal Studies,,
CJ 600,Criminal Justice Administration,"(3, 3)",Criminal Justice & Legal Studies,,
CJ 601,Criminal Justice Statistical Analysis,"(3, 3)",Criminal Justice & Legal Studies,,
CJ 602,Criminal Justice Research Methods,"(3, 3)",Criminal Justice & Legal Studies,,
CJ 606,Ethics and Human Subjects Research,"(3, 3)",Criminal Justice & Legal Studies,,
CJ 620,Criminal Justice in American Society,"(3, 3)",Criminal Justice & Legal Studies,,
CJ 621,Seminar in Law Enforcement,"(3, 3)",Criminal Justice & Legal Studies,,
CJ 622,Seminar in Courts & Sentencing,"(3, 3)",Criminal Justice & Legal Studies,,
CJ 623,Seminar in Corrections,"(3, 3)",Criminal Justice & Legal Studies,,
CJ 624,Theories of Criminal Behavior,"(3, 3)",Criminal Justice & Legal Studies,,
CJ 625,Criminal Justice Theory,"(3, 3)",Criminal Justice & Legal Studies,,
CJ 630,Seminar in Homeland Security,"(3, 3)",Criminal Justice & Legal Studies,,
CJ 631,Seminar in Emergency Management,"(3, 3)",Criminal Justice & Legal Studies,,
CJ 632,Seminar in Extremism and Terrorism,"(3, 3)",Criminal Justice & Legal Studies,,
CJ 634,Emergency Response Mgmt Policy & Plannin,"(3, 3)",Criminal Justice & Legal Studies,,
CJ 636,Critical Infrastructure Security,"(3, 3)",Criminal Justice & Legal Studies,,
CJ 641,Transnational Crime,"(3, 3)",Criminal Justice & Legal Studies,,
CJ 642,Cybercrime and Cyber Security,"(3, 3)",Criminal Justice & Legal Studies,,
CJ 643,Legal Issues in Criminal Justice,"(3, 3)",Criminal Justice & Legal Studies,,
CJ 645,Criminal and Intelligence Analysis,"(3, 3)",Criminal Justice & Legal Studies,,
CJ 646,Special Topics in Criminal Justice,"(3, 3)",Criminal Justice & Legal Studies,,
CJ 649,Independent Study,"(1, 3)",Criminal Justice & Legal Studies,,
CJ 651,Special Topics in HSEM,"(3, 3)",Criminal Justice & Legal Studies,,
CJ 652,Comparative CJ Systems & Policy,"(3, 3)",Criminal Justice & Legal Studies,,
CJ 659,Data Management & Data Science,"(3, 3)",Criminal Justice & Legal Studies,,
CJ 660,Operational and Staff Planning,"(3, 3)",Criminal Justice & Legal Studies,,
CJ 661,CJ Policy and Program Evaluation,"(3, 3)",Criminal Justice & Legal Studies,,
CJ 662,Emer Mgmt and Homeland Sec Policy Eval,"(3, 3)",Criminal Justice & Legal Studies,,
CJ 663,ST in CJ Stats & Research,"(3, 3)",Criminal Justice & Legal Studies,,
CJ 664,GIS and Crime Mapping Analysis,"(3, 3)",Criminal Justice & Legal Studies,,
CJ 667,Qualitative Research Design & Analysis,"(3, 3)",Criminal Justice & Legal Studies,,
CJ 668,Analytic Writing,"(3, 3)",Criminal Justice & Legal Studies,,
CJ 669,Big Data Analytics,"(3, 3)",Criminal Justice & Legal Studies,,
CJ 670,Intelligence and Homeland Security,"(3, 3)",Criminal Justice & Legal Studies,,
CJ 671,Communications for Criminal Justice Lead,"(3, 3)",Criminal Justice & Legal Studies,,
CJ 672,Conflict Resolution and Decision Making,"(3, 3)",Criminal Justice & Legal Studies,,
CJ 673,Criminal Justice Evidence-Based Decision,"(3, 3)",Criminal Justice & Legal Studies,,
CJ 674,Budgeting & Finance,"(3, 3)",Criminal Justice & Legal Studies,,
CJ 675,Topics in Judicial Administration,"(3, 3)",Criminal Justice & Legal Studies,,
CJ 676,Principles of Leadership,"(3, 3)",Criminal Justice & Legal Studies,,
CJ 678,Diversity and Inclusion,"(3, 3)",Criminal Justice & Legal Studies,,
CJ 679,Special Topics in CJ Leadership,"(3, 3)",Criminal Justice & Legal Studies,,
CJ 680,Personnel Management,"(3, 3)",Criminal Justice & Legal Studies,,
CJ 681,Law & Public Policy,"(3, 3)",Criminal Justice & Legal Studies,,
CJ 682,Intro to EBPR,"(3, 3)",Criminal Justice & Legal Studies,,
CJ 683,Innovation & Reform in Policing,"(3, 3)",Criminal Justice & Legal Studies,,
CJ 684,Police & Community Partnerships,"(3, 3)",Criminal Justice & Legal Studies,,
CJ 688,Police Technology & Policy,"(3, 3)",Criminal Justice & Legal Studies,,
CJ 690,Applied Criminal Justice Graduate Projec,"(3, 3)",Criminal Justice & Legal Studies,,
CJ 692,Criminal Justice Capstone 1,"(3, 3)",Criminal Justice & Legal Studies,,
CJ 693,Criminal Justice Capstone 2,"(3, 3)",Criminal Justice & Legal Studies,,
CJ 697,Thesis,"(1, 6)",Criminal Justice & Legal Studies,,
CJ 701,Proseminar in CJ Policy Studies,"(3, 3)",Criminal Justice & Legal Studies,,
CJ 702,Advanced Criminal Justice Statistics,"(3, 3)",Criminal Justice & Legal Studies,,
CJ 703,Advanced Criminological Theory & Policy,"(3, 3)",Criminal Justice & Legal Studies,,
CJ 704,Advanced Criminal Justice Policy Studies,"(3, 3)",Criminal Justice & Legal Studies,,
CJ 705,Advanced CJ Research Methods,"(3, 3)",Criminal Justice & Legal Studies,,
CJ 749,Independent Study,"(1, 6)",Criminal Justice & Legal Studies,,
CJ 797,Dissertation,"(1, 9)",Criminal Justice & Legal Studies,,
Clar 100,Preparatory Clarinet,"(1, 1)",Music,,
Clar 121,Freshman Clarinet I,"(2, 2)",Music,,
Clar 122,Freshman Clarinet II,"(2, 2)",Music,,
Clar 221,Sophomore Clarinet I,"(2, 2)",Music,,
Clar 222,Sophomore Clarinet II,"(2, 2)",Music,,
Clar 241,Sophomore Clarinet Performance I,"(2, 2)",Music,,
Clar 242,Sophomore Clarinet Performance II,"(2, 2)",Music,,
Clar 321,Junior Clarinet I,"(2, 2)",Music,,
Clar 322,Junior Clarinet II,"(2, 2)",Music,,
Clar 341,Junior Clarinet Performance I,"(2, 2)",Music,,
Clar 342,Junior Clarinet Performance II,"(3, 3)",Music,,
Clar 421,Senior Clarinet I,"(2, 2)",Music,,
Clar 422,Senior Clarinet II,"(2, 2)",Music,,
Clar 441,Senior Clarinet Performance I,"(2, 2)",Music,,
Clar 442,Senior Clarinet Performance II,"(3, 3)",Music,,
Clar 521,Advanced Clarinet I,"(2, 2)",Music,,
Clar 522,Advanced Clarinet II,"(2, 2)",Music,,
Clar 541,Advanced Clarinet Performance I,"(2, 2)",Music,,
Clar 542,Advanced Clarinet Performance II,"(2, 2)",Music,,
Clar 621,Graduate Clarinet I,"(2, 2)",Music,,
Clar 622,Graduate Clarinet II,"(2, 2)",Music,,
Clar 641,Graduate Clarinet Performance I,"(2, 2)",Music,,
Clar 642,Graduate Clarinet Performance II,"(2, 2)",Music,,
Clc 100,Honors Introduction to Classics,"(3, 3)",Classics,,
Clc 101,Introduction to Greek Civilization,"(3, 3)",Classics,,
Clc 102,Introduction to Roman Civilization,"(3, 3)",Classics,,
Clc 103,Women in Antiquity,"(3, 3)",Classics,,
Clc 104,Sports in the Ancient World,"(3, 3)",Classics,,
Clc 105,From Myth to Film,"(3, 3)",Classics,,
Clc 106,Classical Mythology,"(3, 3)",Classics,,
Clc 107,Ancient Cities,"(3, 3)",Classics,,
Clc 201,Medical Terminology in Greek and Latin,"(3, 3)",Classics,,
Clc 299,Service Learning in Classics,"(1, 3)",Classics,,
Clc 303,Greek and Roman Tragedy,"(3, 3)",Classics,,
Clc 304,Greek and Roman Comedy,"(3, 3)",Classics,,
Clc 305,Topics in Classical Mythology,"(3, 3)",Classics,,
Clc 307,Survey of Greek Literature,"(3, 3)",Classics,,
Clc 308,Survey of Roman Literature,"(3, 3)",Classics,,
Clc 309,Greek and Roman Epic,"(3, 3)",Classics,,
Clc 310,Socrates and the Sophists,"(3, 3)",Classics,,
Clc 313,The Roman Republic,"(3, 3)",Classics,,
Clc 314,Roman Empire,"(3, 3)",Classics,,
Clc 315,Egyptian Art and Archaeology,"(3, 3)",Classics,,
Clc 316,Bronze Age Aegean Art & Archaeology,"(3, 3)",Classics,,
Clc 317,Etruscan Art and Archaeology,"(3, 3)",Classics,,
Clc 318,Greek Vase Painting,"(3, 3)",Classics,,
Clc 319,Greek Sculpture,"(3, 3)",Classics,,
Clc 320,Greek Architecture,"(3, 3)",Classics,,
Clc 321,Greek Art and Archaeology,"(3, 3)",Classics,,
Clc 322,Roman Art and Archaeology,"(3, 3)",Classics,,
Clc 323,Art & Archaeology of Pompeii,"(3, 3)",Classics,,
Clc 325,Topics in Classical Civilization,"(3, 3)",Classics,,
Clc 326,Topics in Classics Abroad,"(1, 6)",Classics,,
Clc 327,Greek and Roman Religions,"(3, 3)",Classics,,
Clc 328,Ancient Art on Location,"(1, 6)",Classics,,
Clc 329,Slavery in Ancient Greece and Rome,"(3, 3)",Classics,,
Clc 331,Science & Tech. in the Ancient World,"(3, 3)",Classics,,
Clc 332,Ancient Warfare,"(3, 3)",Classics,,
Clc 333,Poetry and Politics at Rome,"(3, 3)",Classics,,
Clc 340,History of Classical Greece,"(3, 3)",Classics,,
Clc 341,The World of Alexander the Great,"(3, 3)",Classics,,
Clc 342,Law and Life in Ancient Athens,"(3, 3)",Classics,,
Clc 349,Archaeological Ethics Bowl Practicum,"(1, 1)",Classics,,
Clc 350,Ancient Archaeological Field Session,"(1, 6)",Classics,,
Clc 352,From Republic to Empire,"(3, 3)",Classics,,
Clc 360,Archaeological and Museum Ethics,"(3, 3)",Classics,,
Clc 368,African American Lit and the Classics,"(3, 3)",Classics,,
Clc 375,Digital Archaeology,"(3, 3)",Classics,,
Clc 401,Internship in Classics,"(1, 3)",Classics,,
Clc 415,Studying Ancient Artifacts,"(3, 3)",Classics,,
Clc 490,Classics Capstone Seminar,"(3, 3)",Classics,,
Clc 491,Classics Capstone Experience,"(1, 1)",Classics,,
Clc 499,Classics Assessment Exam,"(0, 0)",Classics,,
Clc 502,Directed Research in Ancient History,"(3, 3)",Classics,,
Clc 503,Directed Research in Ancient Literature,"(3, 3)",Classics,,
Clc 504,Directed Research in Ancient Culture,"(3, 3)",Classics,,
Clc 505,Directed Research in Ancient Art & Arch,"(3, 3)",Classics,,
Cmty 591,Community Pharmacy Clerkship,"(4, 4)",Pharmacy Practice,,
Coun 301,Multicult. Issues in Helping Professions,"(3, 3)",Leadership & Counselor Education,,
Coun 307,Educational Psychology,"(3, 3)",Leadership & Counselor Education,,
Coun 309,Psychology of Adolescence,"(3, 3)",Leadership & Counselor Education,,
Coun 333,Psychology of Human Growth and Developme,"(3, 3)",Leadership & Counselor Education,,
Coun 601,Life Span Development,"(3, 3)",Leadership & Counselor Education,,
Coun 602,Intro to Professional Couns & Ethics,"(3, 3)",Leadership & Counselor Education,,
Coun 603,Counseling Skills,"(3, 3)",Leadership & Counselor Education,,
Coun 604,Research in Counseling,"(3, 3)",Leadership & Counselor Education,,
Coun 606,Counseling Theories,"(3, 3)",Leadership & Counselor Education,,
Coun 607,Group Procedures,"(3, 3)",Leadership & Counselor Education,,
Coun 608,Seminar: Issues and Ethics in Counseling,"(3, 3)",Leadership & Counselor Education,,
Coun 609,Multicultural Counseling,"(3, 3)",Leadership & Counselor Education,,
Coun 611,Assessment,"(3, 3)",Leadership & Counselor Education,,
Coun 612,Foun. of Clin. Mental Health Counseling,"(3, 3)",Leadership & Counselor Education,,
Coun 613,Diagnostic Systems in Counseling,"(3, 3)",Leadership & Counselor Education,,
Coun 614,Family Counseling,"(3, 3)",Leadership & Counselor Education,,
Coun 615,Addictions Counseling,"(3, 3)",Leadership & Counselor Education,,
Coun 616,Org/Adm & Consultation: CMH Counseling,"(3, 3)",Leadership & Counselor Education,,
Coun 617,Pre-Practicum and Advanced Skills,"(3, 3)",Leadership & Counselor Education,,
Coun 626,Foundations of College Counseling,"(3, 3)",Leadership & Counselor Education,,
Coun 627,College Stud. Deve. & College Counseling,"(3, 3)",Leadership & Counselor Education,,
Coun 628,Issues & Interventions in College Couns.,"(3, 3)",Leadership & Counselor Education,,
Coun 630,Foundations of School Counseling,"(3, 3)",Leadership & Counselor Education,,
Coun 631,Org/Adm & Consultation: School Counselin,"(3, 3)",Leadership & Counselor Education,,
Coun 635,Psychological Consultation,"(3, 3)",Leadership & Counselor Education,,
Coun 636,Advanced School Counseling,"(3, 3)",Leadership & Counselor Education,,
Coun 637,"Ldrshp, Advocacy, & Acctbility in SC","(3, 3)",Leadership & Counselor Education,,
Coun 640,Career Counseling,"(3, 3)",Leadership & Counselor Education,,
Coun 642,Crisis Intervention,"(3, 3)",Leadership & Counselor Education,,
Coun 644,Counseling Children and Adolescents,"(3, 3)",Leadership & Counselor Education,,
Coun 652,Individual Study,"(1, 6)",Leadership & Counselor Education,,
Coun 653,Topics in Counseling I,"(3, 3)",Leadership & Counselor Education,,
Coun 654,Topics in Counseling II,"(3, 3)",Leadership & Counselor Education,,
Coun 655,Topics in Counseling III,"(3, 3)",Leadership & Counselor Education,,
Coun 656,Thesis,"(1, 12)",Leadership & Counselor Education,,
Coun 661,School-Based Practicum,"(1, 3)",Leadership & Counselor Education,,
Coun 662,Practicum in CMH Counseling,"(1, 3)",Leadership & Counselor Education,,
Coun 663,Internship in School Counseling,"(1, 6)",Leadership & Counselor Education,,
Coun 664,Internship in CMH Counseling,"(1, 6)",Leadership & Counselor Education,,
Coun 671,Assessment in Counseling II,"(3, 3)",Leadership & Counselor Education,,
Coun 676,Individual Assessment I,"(3, 3)",Leadership & Counselor Education,,
Coun 677,Individual Assessment II,"(3, 3)",Leadership & Counselor Education,,
Coun 678,Practicum in School Psychometry,"(3, 6)",Leadership & Counselor Education,,
Coun 702,Expressive Arts w/ Children & Adolescent,"(1, 3)",Leadership & Counselor Education,,
Coun 703,Current Theories in Play Therapy,"(1, 3)",Leadership & Counselor Education,,
Coun 704,Application of Play Therapy in Schools,"(1, 3)",Leadership & Counselor Education,,
Coun 705,Application of Play Therapy in MH,"(1, 3)",Leadership & Counselor Education,,
Coun 706,Psychopharmacology in Play Therapy,"(1, 3)",Leadership & Counselor Education,,
Coun 707,Play Therapy Supervision,"(1, 3)",Leadership & Counselor Education,,
Coun 708,Play Therapy in the Courtroom,"(1, 3)",Leadership & Counselor Education,,
Coun 709,Play Therapy with Older Adults,"(1, 3)",Leadership & Counselor Education,,
Coun 710,Child-parent Relationship Therapy,"(1, 3)",Leadership & Counselor Education,,
Coun 711,Play Therapy Practicum,"(1, 3)",Leadership & Counselor Education,,
Coun 712,Play Diagnosis and Assessment,"(1, 3)",Leadership & Counselor Education,,
Coun 713,Mult & Soc Justice in Child/Adol Coun,"(3, 3)",Leadership & Counselor Education,,
Coun 714,School Counseling Supervision,"(3, 3)",Leadership & Counselor Education,,
Coun 715,Collaborative Principal-School Coun Prep,"(3, 3)",Leadership & Counselor Education,,
Coun 716,Trauma Informed Schools,"(3, 3)",Leadership & Counselor Education,,
Coun 717,Working w/ Individuals w/ Disabilities,"(3, 3)",Leadership & Counselor Education,,
Coun 718,Advanced School Counseling Internship,"(3, 3)",Leadership & Counselor Education,,
Coun 720,Adv Professional Identity and Ethics,"(1, 3)",Leadership & Counselor Education,,
Coun 721,Advanced Counseling Theory,"(3, 3)",Leadership & Counselor Education,,
Coun 722,Adv. Multicultural Counseling & Advocacy,"(3, 3)",Leadership & Counselor Education,,
Coun 723,Supervision of Counseling Services,"(3, 3)",Leadership & Counselor Education,,
Coun 724,Research & Publication in Counselor Ed,"(3, 3)",Leadership & Counselor Education,,
Coun 725,Advanced Career Theory and Practice,"(3, 3)",Leadership & Counselor Education,,
Coun 726,Advanced Group Counseling,"(3, 3)",Leadership & Counselor Education,,
Coun 727,"Adv Assessment, Diagnosis and Treatment","(3, 3)",Leadership & Counselor Education,,
Coun 728,Advanced Clinical Supervision,"(3, 3)",Leadership & Counselor Education,,
Coun 729,"Leadership, Program Eval & Accreditatio","(3, 3)",Leadership & Counselor Education,,
Coun 731,Transitioning into the Professionals,"(3, 3)",Leadership & Counselor Education,,
Coun 732,Advanced Topics in Counselor Education,"(3, 3)",Leadership & Counselor Education,,
Coun 733,College Teaching in Counselor Education,"(3, 3)",Leadership & Counselor Education,,
Coun 734,Doctoral Seminar,"(3, 3)",Leadership & Counselor Education,,
Coun 735,Grant Writing,"(3, 3)",Leadership & Counselor Education,,
Coun 765,Advanced Practicum,"(1, 9)",Leadership & Counselor Education,,
Coun 785,Supervision Internship,"(3, 3)",Leadership & Counselor Education,,
Coun 790,Doctoral Teaching Internship in Coun. Ed,"(1, 3)",Leadership & Counselor Education,,
Coun 795,Doctoral Internship in Counseling,"(1, 3)",Leadership & Counselor Education,,
Coun 796,Graded Dissertation,"(3, 3)",Leadership & Counselor Education,,
Coun 797,Dissertation,"(1, 18)",Leadership & Counselor Education,,
Cp E 421,Embedded Systems Design,"(3, 3)",Electrical And Computer Engineering,,
Cp E 431,Computer Architecture,"(3, 3)",Electrical And Computer Engineering,,
Cp E 432,Testing of Computing Systems,"(3, 3)",Electrical And Computer Engineering,,
Cp E 461,Senior Design in Computer Engineering I,"(1, 1)",Electrical And Computer Engineering,,
Cp E 462,Senior Design in Computer Engineering II,"(3, 3)",Electrical And Computer Engineering,,
CR 412,Judicial Reporting Procedures,"(3, 3)",Criminal Justice & Legal Studies,,
Crit 591,Critical Care Clerkship,"(4, 4)",Pharmacy Practice,,
Croft Thesis,UM Croft Thesis,"(0, 0)",Croft Inst For International Studies,,
Csci 103,Survey of Computing,"(3, 3)",Computer & Information Science,,
Csci 111,Computer Science I,"(3, 3)",Computer & Information Science,,
Csci 112,Computer Science II,"(3, 3)",Computer & Information Science,,
Csci 113,Honors Computer Science I,"(3, 3)",Computer & Information Science,,
Csci 191,Office Applications,"(3, 3)",Computer & Information Science,,
Csci 192,Computing Applications,"(3, 3)",Computer & Information Science,,
Csci 193,Personal Computer Systems,"(3, 3)",Computer & Information Science,,
Csci 203,Introduction to Computational Media,"(3, 3)",Computer & Information Science,,
Csci 211,Computer Science III,"(3, 3)",Computer & Information Science,,
Csci 223,Computer Org. &  Assembly Language,"(3, 3)",Computer & Information Science,,
Csci 251,Programming for Engineering and Sciences,"(3, 3)",Computer & Information Science,,
Csci 256,Programming in Python,"(3, 3)",Computer & Information Science,,
Csci 259,Programming in C++,"(3, 3)",Computer & Information Science,,
Csci 300,Social Responsibility in Comp. Science,"(1, 1)",Computer & Information Science,,
Csci 305,Software for Global Use,"(3, 3)",Computer & Information Science,,
Csci 311,Models of Computation,"(3, 3)",Computer & Information Science,,
Csci 323,Systems of Programming,"(3, 3)",Computer & Information Science,,
Csci 325,Foundations of Computer Security,"(3, 3)",Computer & Information Science,,
Csci 333,Digital Design and 3D Printing,"(3, 3)",Computer & Information Science,,
Csci 343,Fundamentals of Data Science,"(3, 3)",Computer & Information Science,,
Csci 345,Information Storage and Retrieval,"(3, 3)",Computer & Information Science,,
Csci 353,Introduction to Numerical Methods,"(3, 3)",Computer & Information Science,,
Csci 354,Web Programming,"(3, 3)",Computer & Information Science,,
Csci 356,Data Structures in Python,"(3, 3)",Computer & Information Science,,
Csci 361,Introduction to Computer Networks,"(3, 3)",Computer & Information Science,,
Csci 375,Introduction to Database Systems,"(3, 3)",Computer & Information Science,,
Csci 387,Software Design and Development,"(3, 3)",Computer & Information Science,,
Csci 390,Special Topics in Programming,"(3, 3)",Computer & Information Science,,
Csci 391,Computer Graphics,"(3, 3)",Computer & Information Science,,
Csci 405,Computer Simulation,"(3, 3)",Computer & Information Science,,
Csci 423,Introduction to Operating Systems,"(3, 3)",Computer & Information Science,,
Csci 425,Code Generation and Optimization,"(3, 3)",Computer & Information Science,,
Csci 426,System Security,"(3, 3)",Computer & Information Science,,
Csci 427,Network Security,"(3, 3)",Computer & Information Science,,
Csci 431,Robotics Programming,"(3, 3)",Computer & Information Science,,
Csci 433,Algorithm and Data Structure Analysis,"(3, 3)",Computer & Information Science,,
Csci 443,Advanced Data Science,"(3, 3)",Computer & Information Science,,
Csci 444,Information Visualization,"(3, 3)",Computer & Information Science,,
Csci 447,Immersive Media,"(3, 3)",Computer & Information Science,,
Csci 450,Formal and Programming Languages,"(3, 3)",Computer & Information Science,,
Csci 458,Mobile Application Development,"(3, 3)",Computer & Information Science,,
Csci 487,Senior Project,"(3, 3)",Computer & Information Science,,
Csci 490,Special Topics,"(3, 3)",Computer & Information Science,,
Csci 491,Special Topics in Computer Security,"(3, 3)",Computer & Information Science,,
Csci 492,Special Topics in Data Science,"(3, 3)",Computer & Information Science,,
Csci 500,Fundamental Concepts in Computing,"(3, 3)",Computer & Information Science,,
Csci 501,Fundamental Concepts in Systems,"(3, 3)",Computer & Information Science,,
Csci 502,Fundamental Concepts in Algorithms,"(3, 3)",Computer & Information Science,,
Csci 503,Fundamental Concepts in Languages,"(3, 3)",Computer & Information Science,,
Csci 517,Natural Language Processing,"(3, 3)",Computer & Information Science,,
Csci 520,Formal Theory of Computer Languages,"(3, 3)",Computer & Information Science,,
Csci 521,Computer Systems Engineering,"(3, 3)",Computer & Information Science,,
Csci 523,Operating Systems,"(3, 3)",Computer & Information Science,,
Csci 524,Distributed Operating System Design,"(3, 3)",Computer & Information Science,,
Csci 525,Compiler Construction,"(3, 3)",Computer & Information Science,,
Csci 526,Parallel Computing,"(3, 3)",Computer & Information Science,,
Csci 530,Computer Architecture and Design,"(3, 3)",Computer & Information Science,,
Csci 531,Artificial Intelligence,"(3, 3)",Computer & Information Science,,
Csci 533,Analysis of Algorithms,"(3, 3)",Computer & Information Science,,
Csci 541,Expert Systems and Logic Programming,"(3, 3)",Computer & Information Science,,
Csci 543,Data Mining,"(3, 3)",Computer & Information Science,,
Csci 547,Digital Image Processing,"(3, 3)",Computer & Information Science,,
Csci 550,Program Semantics and Derivation,"(3, 3)",Computer & Information Science,,
Csci 551,Computer System Performance Analysis,"(3, 3)",Computer & Information Science,,
Csci 554,Web Architecture and Programming,"(3, 3)",Computer & Information Science,,
Csci 555,Functional Programming,"(3, 3)",Computer & Information Science,,
Csci 556,Multiparadigm Programming,"(3, 3)",Computer & Information Science,,
Csci 557,GPU Computing,"(3, 3)",Computer & Information Science,,
Csci 561,Computer Networks,"(3, 3)",Computer & Information Science,,
Csci 562,Software Engineering I,"(3, 3)",Computer & Information Science,,
Csci 575,Database Systems,"(3, 3)",Computer & Information Science,,
Csci 581,Special Topics in Computer Science I,"(1, 3)",Computer & Information Science,,
Csci 582,Special Topics in Computer Science II,"(1, 3)",Computer & Information Science,,
Csci 632,Machine Learning,"(3, 3)",Computer & Information Science,,
Csci 658,Software Language Engineering,"(3, 3)",Computer & Information Science,,
Csci 663,Software Families,"(3, 3)",Computer & Information Science,,
Csci 665,Wireless and Sensor Networks,"(3, 3)",Computer & Information Science,,
CSD 201,Introduction to Communicative Disorders,"(3, 3)",Communication Sciences & Disorders,,
CSD 202,Statistics for CSD,"(3, 3)",Communication Sciences & Disorders,,
CSD 205,Anatomy and Physiology,"(3, 3)",Communication Sciences & Disorders,,
CSD 211,Introduction to Phonetics,"(3, 3)",Communication Sciences & Disorders,,
CSD 216,Normal Development of Communication,"(3, 3)",Communication Sciences & Disorders,,
CSD 301,Introduction to Speech Sound Disorders,"(3, 3)",Communication Sciences & Disorders,,
CSD 302,Research Methods for CSD,"(3, 3)",Communication Sciences & Disorders,,
CSD 303,Communication Deficits in Older Adults,"(3, 3)",Communication Sciences & Disorders,,
CSD 304,Introduction to Hearing Conservation,"(3, 3)",Communication Sciences & Disorders,,
CSD 316,Language and Learning Disorders,"(3, 3)",Communication Sciences & Disorders,,
CSD 351,Basic Audiology,"(3, 3)",Communication Sciences & Disorders,,
CSD 356,Principles of Auditory (Re)Habilitation,"(3, 3)",Communication Sciences & Disorders,,
CSD 359,Manual Communication,"(3, 3)",Communication Sciences & Disorders,,
CSD 360,Study USA ASHA Convention & Site,"(3, 3)",Communication Sciences & Disorders,,
CSD 401,Diagnostic Procedures,"(3, 3)",Communication Sciences & Disorders,,
CSD 405,Fluency and Voice Disorders,"(3, 3)",Communication Sciences & Disorders,,
CSD 430,Practices in Audiology,"(3, 3)",Communication Sciences & Disorders,,
CSD 452,Fundamental Speech & Hearing Science,"(3, 3)",Communication Sciences & Disorders,,
CSD 455,Neuroanat & Neurophys of Speech & Hearin,"(3, 3)",Communication Sciences & Disorders,,
CSD 494,Honors Thesis I,"(3, 3)",Communication Sciences & Disorders,,
CSD 495,Introduction to Clinical Science,"(3, 3)",Communication Sciences & Disorders,,
CSD 496,Honors Thesis II,"(3, 3)",Communication Sciences & Disorders,,
CSD 497,Methods & Associate Licensure in SLP,"(3, 3)",Communication Sciences & Disorders,,
CSD 498,Undergrad Practicum in SLP/Audiology,"(3, 3)",Communication Sciences & Disorders,,
CSD 499,Directed Research Practicum,"(1, 3)",Communication Sciences & Disorders,,
CSD 501,Survey of Communicative Disorders,"(3, 3)",Communication Sciences & Disorders,,
CSD 505,Neurophysiology and Genetics of Communic,"(3, 3)",Communication Sciences & Disorders,,
CSD 506,Anat/Phys/Path Aud Sys,"(3, 3)",Communication Sciences & Disorders,,
CSD 507,Fundamentals of Hearing Science,"(3, 3)",Communication Sciences & Disorders,,
CSD 513,Speech Science,"(3, 3)",Communication Sciences & Disorders,,
CSD 520,Advanced Diagnostic Techniques,"(3, 3)",Communication Sciences & Disorders,,
CSD 521,Disorders of Fluency,"(3, 3)",Communication Sciences & Disorders,,
CSD 523,Speech Sound Disorders,"(3, 3)",Communication Sciences & Disorders,,
CSD 526,Aphasia and Adult Language Disorders,"(3, 3)",Communication Sciences & Disorders,,
CSD 531,Special Problems in CD,"(1, 3)",Communication Sciences & Disorders,,
CSD 541,Child Lang Development & Assessment,"(3, 3)",Communication Sciences & Disorders,,
CSD 551,Clinical Audiology,"(3, 3)",Communication Sciences & Disorders,,
CSD 557,Audiology for the SLP,"(2, 2)",Communication Sciences & Disorders,,
CSD 560,Manual Communication I,"(3, 3)",Communication Sciences & Disorders,,
CSD 562,Manual Communication II,"(3, 3)",Communication Sciences & Disorders,,
CSD 575,Audio Instru & Meas,"(3, 3)",Communication Sciences & Disorders,,
CSD 591,Clinical Practicum in Audiology,"(1, 3)",Communication Sciences & Disorders,,
CSD 592,Cl Sem/Speech-Lang Path,"(2, 2)",Communication Sciences & Disorders,,
CSD 593,Clinical Seminar in Audiology,"(2, 2)",Communication Sciences & Disorders,,
CSD 601,Directed Study,"(1, 3)",Communication Sciences & Disorders,,
CSD 602,Assessment and Diagnosis,"(2, 2)",Communication Sciences & Disorders,,
CSD 603,Speech Science,"(2, 2)",Communication Sciences & Disorders,,
CSD 605,Counseling Thry/Prac,"(2, 2)",Communication Sciences & Disorders,,
CSD 606,Ethics and Human Subjects Research,"(3, 3)",Communication Sciences & Disorders,,
CSD 612,Advanced Clinical Audiology,"(3, 3)",Communication Sciences & Disorders,,
CSD 613,Rsch Design & Anal,"(3, 3)",Communication Sciences & Disorders,,
CSD 615,Electrophysiologic Evaluation,"(3, 3)",Communication Sciences & Disorders,,
CSD 620,Assessment and Treatment of Dysphagia,"(3, 3)",Communication Sciences & Disorders,,
CSD 621,Pediatric Feeding and Swallowing,"(2, 2)",Communication Sciences & Disorders,,
CSD 622,Voice and Resonance Disorders,"(3, 3)",Communication Sciences & Disorders,,
CSD 624,Craniofacial Anomalies,"(2, 2)",Communication Sciences & Disorders,,
CSD 625,Autism and Developmental Disabilities,"(3, 3)",Communication Sciences & Disorders,,
CSD 626,Aphasia,"(3, 3)",Communication Sciences & Disorders,,
CSD 627,Neurogenic Disorders of Speech & AAC,"(3, 3)",Communication Sciences & Disorders,,
CSD 628,Cognitive Neurorehabilitation,"(2, 2)",Communication Sciences & Disorders,,
CSD 630,Cerebral Palsy,"(3, 3)",Communication Sciences & Disorders,,
CSD 631,Communication Changes in Aging,"(3, 3)",Communication Sciences & Disorders,,
CSD 632,Workshop in Comm Sciences & Disorders,"(1, 3)",Communication Sciences & Disorders,,
CSD 642,Child Lang Diagnostics & Intervention,"(3, 3)",Communication Sciences & Disorders,,
CSD 643,Birth to Five,"(3, 3)",Communication Sciences & Disorders,,
CSD 644,Language and Literacy,"(2, 2)",Communication Sciences & Disorders,,
CSD 649,Pediatric Audiology,"(3, 3)",Communication Sciences & Disorders,,
CSD 651,Aural Rehabilitation,"(3, 3)",Communication Sciences & Disorders,,
CSD 653,Hearing Aids,"(3, 3)",Communication Sciences & Disorders,,
CSD 654,Adv Amp Theory & Tech,"(3, 3)",Communication Sciences & Disorders,,
CSD 657,Industrial Audiology,"(3, 3)",Communication Sciences & Disorders,,
CSD 659,Seminar in Audiology,"(1, 3)",Communication Sciences & Disorders,,
CSD 670,Cen Aud Proc,"(3, 3)",Communication Sciences & Disorders,,
CSD 673,Perception of Speech,"(3, 3)",Communication Sciences & Disorders,,
CSD 681,Professional Issues: Seminar I,"(1, 1)",Communication Sciences & Disorders,,
CSD 682,Professional Issues: Seminar II,"(1, 1)",Communication Sciences & Disorders,,
CSD 683,Professional Issues: Seminar III,"(1, 1)",Communication Sciences & Disorders,,
CSD 690,"Prof. Ethics, Licensure, and Curr Trends","(3, 3)",Communication Sciences & Disorders,,
CSD 691,Graduate Practicum,"(2, 2)",Communication Sciences & Disorders,,
CSD 692,Graduate Practicum,"(2, 2)",Communication Sciences & Disorders,,
CSD 693,Graduate Practicum,"(2, 2)",Communication Sciences & Disorders,,
CSD 694,Graduate Practicum,"(3, 3)",Communication Sciences & Disorders,,
CSD 695,Graduate Practicum,"(2, 6)",Communication Sciences & Disorders,,
CSD 697,Thesis,"(1, 12)",Communication Sciences & Disorders,,
Danc 100,Dance Fundamentals,"(2, 2)",Theatre & Film,,
Danc 151,Ballet I,"(2, 2)",Theatre & Film,,
Danc 152,Contemporary Dance I,"(2, 2)",Theatre & Film,,
Danc 153,Jazz Dance I,"(2, 2)",Theatre & Film,,
Danc 154,Tap Dance I,"(2, 2)",Theatre & Film,,
Danc 200,Dance Appreciation,"(3, 3)",Theatre & Film,,
Danc 215,Dance Improvisation,"(2, 2)",Theatre & Film,,
Danc 220,Partner Dance for the Stage,"(2, 2)",Theatre & Film,,
Danc 251,Ballet II,"(2, 2)",Theatre & Film,,
Danc 252,Contemporary Dance II,"(2, 2)",Theatre & Film,,
Danc 253,Jazz II,"(2, 2)",Theatre & Film,,
Danc 254,Tap II,"(2, 2)",Theatre & Film,,
Danc 255,Theatre Dance I,"(2, 2)",Theatre & Film,,
Danc 295,Concert Dance Repertory I,"(1, 1)",Theatre & Film,,
Danc 309,Dance Technique on Location,"(3, 3)",Theatre & Film,,
Danc 332,Period Movement and Manners,"(2, 2)",Theatre & Film,,
Danc 351,Ballet III,"(2, 2)",Theatre & Film,,
Danc 352,Contemporary Dance III,"(2, 2)",Theatre & Film,,
Danc 353,Jazz III,"(2, 2)",Theatre & Film,,
Danc 354,Tap III,"(2, 2)",Theatre & Film,,
Danc 355,Theatre Dance II,"(2, 2)",Theatre & Film,,
Danc 395,Concert Dance Repertory II,"(1, 1)",Theatre & Film,,
Danc 450,Dance Composition I,"(3, 3)",Theatre & Film,,
Danc 451,Ballet IV,"(2, 2)",Theatre & Film,,
Danc 452,Contemporary Dance IV,"(2, 2)",Theatre & Film,,
Danc 453,Jazz Dance IV,"(2, 2)",Theatre & Film,,
Danc 454,Tap Dance IV,"(2, 2)",Theatre & Film,,
Danc 455,Dance Composition II,"(3, 3)",Theatre & Film,,
Danc 456,Theatre Dance Repertory I,"(2, 2)",Theatre & Film,,
Danc 457,Theatre Dance Repertory II,"(2, 2)",Theatre & Film,,
Dinf 591,Drug Information Clerkship,"(4, 4)",Pharmacy Practice,,
Dissertation,UM Dissertation,"(0, 0)",,,
DMS 101,Introduction to Digital Media Studies,"(3, 3)",Writing & Rhetoric,,
DMS 398,Topics in Digital Media Studies Abroad,"(3, 3)",Writing & Rhetoric,,
DMS 399,Topics in Digital Media Studies,"(3, 3)",Writing & Rhetoric,,
DMS 401,Digital Media Studies Practicum,"(3, 3)",Writing & Rhetoric,,
DRCT 601,Navigating Your Research Experience,"(2, 2)",,,
DS 089,Learning Skills Lab,"(3, 3)",Developmental Studies,,
DS 090,Developmental Reading,"(3, 3)",Developmental Studies,,
DS 091,Developmental English,"(3, 3)",Developmental Studies,,
DS 092,Developmental Mathematics,"(3, 3)",Developmental Studies,,
DS 094,Integrated English and Reading,"(3, 3)",Developmental Studies,,
DS 095,Developmental Support Lab,"(2, 2)",Developmental Studies,,
DS 096,Developmental Support Lab,"(2, 2)",Developmental Studies,,
DS 097,Intermediate Reading,"(3, 3)",Developmental Studies,,
DS 098,Intermediate English,"(1, 1)",Developmental Studies,,
DS 099,Intermediate Algebra,"(3, 3)",Developmental Studies,,
ECE 361,Design and Design Tools in ECE,"(1, 1)",Electrical And Computer Engineering,,
Econ 101,Introduction to Economics,"(3, 3)",Economics,,
Econ 202,Principles of Microeconomics,"(3, 3)",Economics,,
Econ 203,Principles of Macroeconomics,"(3, 3)",Economics,,
Econ 230,Economic Statistics I,"(3, 3)",Economics,,
Econ 302,Economic Statistics II,"(3, 3)",Economics,,
Econ 303,Money and Banking,"(3, 3)",Economics,,
Econ 305,Current Economic Topics,"(3, 3)",Economics,,
Econ 307,Applied Price Theory,"(3, 3)",Economics,,
Econ 310,Engineering Economy,"(3, 3)",Economics,,
Econ 311,Economics of Religion,"(3, 3)",Economics,,
Econ 312,Law and Economics,"(3, 3)",Economics,,
Econ 313,Advanced Law and Economics,"(3, 3)",Economics,,
Econ 320,Current Global Economic Issues,"(3, 3)",Economics,,
Econ 324,Experimental Economics,"(3, 3)",Economics,,
Econ 369,Bitcoin and Monetary Economics,"(3, 3)",Economics,,
Econ 389,Internship,"(3, 3)",Economics,,
Econ 398,Intermediate Microeconomics,"(3, 3)",Economics,,
Econ 399,Intermediate Macroeconomics,"(3, 3)",Economics,,
Econ 401,Government and Business,"(3, 3)",Economics,,
Econ 402,Econometrics,"(3, 3)",Economics,,
Econ 403,Mathematical Economics,"(3, 3)",Economics,,
Econ 406,Natural Resource Economics,"(3, 3)",Economics,,
Econ 408,Urban Economics,"(3, 3)",Economics,,
Econ 409,Computational Macroeconomics,"(3, 3)",Economics,,
Econ 410,Financial Economics,"(3, 3)",Economics,,
Econ 411,Asset Pricing,"(3, 3)",Economics,,
Econ 412,Financial Econometrics,"(3, 3)",Economics,,
Econ 417,Labor Economics,"(3, 3)",Economics,,
Econ 418,Sports Economics,"(3, 3)",Economics,,
Econ 422,Economic Growth and Development,"(3, 3)",Economics,,
Econ 425,American Financial History,"(3, 3)",Economics,,
Econ 453,An Economic History of the South,"(3, 3)",Economics,,
Econ 490,Directed Readings in Economics,"(3, 3)",Economics,,
Econ 491,Directed Research in Economics,"(3, 3)",Economics,,
Econ 503,Industrial Organization,"(3, 3)",Economics,,
Econ 504,Economic Issues in American History,"(3, 3)",Economics,,
Econ 505,Public Finance,"(3, 3)",Economics,,
Econ 506,Public Finance Administration,"(1, 1)",Economics,,
Econ 507,Economics of the Family,"(3, 3)",Economics,,
Econ 510,International Trade & Commercial Policy,"(3, 3)",Economics,,
Econ 513,History of Economic Thought,"(3, 3)",Economics,,
Econ 520,Special Topics in Economics,"(3, 3)",Economics,,
Econ 525,Economics of High-Tech Industries,"(3, 3)",Economics,,
Econ 530,Behavioral Economics,"(3, 3)",Economics,,
Econ 540,Seminar in Economics,"(3, 3)",Economics,,
Econ 545,Game Theory and Strategic Thinking,"(3, 3)",Economics,,
Econ 550,Contract Theory,"(3, 3)",Economics,,
Econ 581,Collective Bargaining,"(3, 3)",Economics,,
Econ 583,Labor Relations,"(3, 3)",Economics,,
Econ 601,Industrial Organization,"(3, 3)",Economics,,
Econ 602,Applied Price Theory,"(3, 3)",Economics,,
Econ 603,Time Series Analysis,"(3, 3)",Economics,,
Econ 604,Applied Statistical Techniques in Econ.,"(3, 3)",Economics,,
Econ 605,Microeconomics I,"(3, 3)",Economics,,
Econ 606,Macroeconomics I,"(3, 3)",Economics,,
Econ 607,Seminar,"(3, 3)",Economics,,
Econ 609,Mathematics for Economists,"(3, 3)",Economics,,
Econ 610,Public Choice,"(3, 3)",Economics,,
Econ 614,Microeconomics II,"(3, 3)",Economics,,
Econ 615,Public Finance,"(3, 3)",Economics,,
Econ 616,Economic Development,"(3, 3)",Economics,,
Econ 617,Labor Economics,"(3, 3)",Economics,,
Econ 619,Monetary Theory,"(3, 3)",Economics,,
Econ 620,Public Policy Analysis,"(3, 3)",Economics,,
Econ 621,Theory of International Trade,"(3, 3)",Economics,,
Econ 623,International Macroeconomics,"(3, 3)",Economics,,
Econ 624,Economics of Human Resources,"(3, 3)",Economics,,
Econ 628,Macroeconomics II,"(3, 3)",Economics,,
Econ 629,Statistical Methods for Economics,"(3, 3)",Economics,,
Econ 630,Econometrics I,"(3, 3)",Economics,,
Econ 631,Econometrics II,"(3, 3)",Economics,,
Econ 643,Microeconomics Research Seminar,"(3, 3)",Economics,,
Econ 645,Macroeconomics Research Seminar,"(3, 3)",Economics,,
Econ 647,Econometrics Research Seminar,"(3, 3)",Economics,,
Econ 650,Research Colloquium in Economics,"(1, 1)",Economics,,
Econ 697,Thesis,"(1, 12)",Economics,,
Econ 797,Dissertation,"(1, 18)",Economics,,
Edae 635,Lifelong Learning,"(3, 3)",Leadership & Counselor Education,,
Edae 636,The Adult Learner,"(3, 3)",Leadership & Counselor Education,,
Edae 637,Methodology in Adult Education,"(3, 3)",Leadership & Counselor Education,,
Edav 427,Educational Technology,"(3, 3)",Teacher Education,,
Edav 573,Org. & Direct. of Instruct. Media Center,"(3, 3)",Teacher Education,,
Edav 651,Advanced Individual Study,"(1, 6)",Teacher Education,,
Edav 652,Advanced Individual Study,"(1, 6)",Teacher Education,,
Edav 676,The Use of Graphic Materials in Teaching,"(3, 3)",Teacher Education,,
Edav 697,Thesis,"(1, 12)",Teacher Education,,
Edav 767,Field Study,"(3, 3)",Teacher Education,,
Edav 797,Dissertation,"(1, 18)",Teacher Education,,
Edba 602,Advanced Applied Behavior Analysis,"(3, 3)",Teacher Education,,
Edba 603,Single Case Experimental Design,"(3, 3)",Teacher Education,,
Edba 604,Applied Behavior Analysis Methods & Asse,"(3, 3)",Teacher Education,,
Edba 605,Applied Behavior Analysis Methods & Inte,"(3, 3)",Teacher Education,,
Edba 606,Ethics in Applied Behavior Analysis,"(3, 3)",Teacher Education,,
Edba 607,Supervision and Training in Applied Beha,"(3, 3)",Teacher Education,,
Edba 610,Practicum Experience in Applied Behavior,"(1, 12)",Teacher Education,,
Edba 611,Independent Research in Applied Behavior,"(3, 12)",Teacher Education,,
Edci 096,English as a Second Language Course A,"(1, 12)",Teacher Education,,
Edci 097,English as a Second Language Course B,"(1, 12)",Teacher Education,,
Edci 098,English as a Second Language Course C,"(1, 12)",Teacher Education,,
Edci 099,English as a Second Language Course D,"(1, 12)",Teacher Education,,
Edci 101,Introduction to Teaching in STEM,"(1, 3)",Teacher Education,,
Edci 201,American Sign Language I,"(3, 3)",Teacher Education,,
Edci 202,American Sign Language II,"(3, 3)",Teacher Education,,
Edci 209,Foundations of American Education,"(3, 3)",Teacher Education,,
Edci 300,Career Education,"(3, 3)",Teacher Education,,
Edci 303,Design of Instruction; Effective Teach.,"(3, 3)",Teacher Education,,
Edci 310,Introduction to Museum Education,"(3, 3)",Teacher Education,,
Edci 317,Diag & Rem Read Dis,"(3, 3)",Teacher Education,,
Edci 320,Service Projects in Science Ed: K-12,"(3, 3)",Teacher Education,,
Edci 352,"Education, Society, & the K-12 Learner","(2, 3)",Teacher Education,,
Edci 353,Planning & Teaching Strategies for Effec,"(3, 3)",Teacher Education,,
Edci 403,Introduction to Classroom Assessment,"(2, 2)",Teacher Education,,
Edci 419,Classroom Assessment,"(3, 3)",Teacher Education,,
Edci 443,Spec Meth I,"(3, 3)",Teacher Education,,
Edci 520,Service Projects in Science Ed: K-12,"(3, 3)",Teacher Education,,
Edci 526,The Middle Years School,"(3, 3)",Teacher Education,,
Edci 557,Computer Concepts and App. for Educators,"(3, 3)",Teacher Education,,
Edci 558,Integrating the Internet in Education,"(3, 3)",Teacher Education,,
Edci 600,Advanced Methods,"(3, 3)",Teacher Education,,
Edci 601,Advanced Learning Theories and Practice,"(3, 3)",Teacher Education,,
Edci 602,Curriculum Construction,"(3, 3)",Teacher Education,,
Edci 603,Msmt. & Eval. for the Classroom Teacher,"(3, 3)",Teacher Education,,
Edci 604,Theoretical Models& Processes of Reading,"(3, 3)",Teacher Education,,
Edci 605,Exploration& Application of Trends& Curr,"(3, 3)",Teacher Education,,
Edci 606,Comp. Wellness Physical Activity Ele Cla,"(3, 3)",Teacher Education,,
Edci 607,Theory & Practice in Ele Science Ed,"(3, 3)",Teacher Education,,
Edci 608,Curricular Issues in Elementary Mathemat,"(3, 3)",Teacher Education,,
Edci 610,Assessing Student Learning,"(3, 3)",Teacher Education,,
Edci 611,Effective Teaching & Classroom Practices,"(3, 3)",Teacher Education,,
Edci 612,Diversity of the Adolescent Learner,"(3, 3)",Teacher Education,,
Edci 613,Lesson Planning & Assessing Student Lear,"(3, 3)",Teacher Education,,
Edci 614,Teachers as Leaders,"(3, 3)",Teacher Education,,
Edci 615,Classroom Facilitation and Management,"(3, 3)",Teacher Education,,
Edci 616,Science Technology Society in Classroom,"(3, 3)",Teacher Education,,
Edci 617,Effective Tech Integration in K-12 Class,"(3, 3)",Teacher Education,,
Edci 618,Effective Tech Integration in the Clsrm,"(3, 3)",Teacher Education,,
Edci 621,Brain/Mind Theories & Thematic Approach,"(3, 3)",Teacher Education,,
Edci 625,"Writing, Thinking, and Reading","(3, 3)",Teacher Education,,
Edci 627,Historical Look at Diversity in Children,"(3, 3)",Teacher Education,,
Edci 630,Capstone Research Project,"(3, 6)",Teacher Education,,
Edci 631,Differentiated Instruction,"(3, 3)",Teacher Education,,
Edci 635,Reflective Teaching,"(3, 3)",Teacher Education,,
Edci 647,Special Topics in Geographic Education,"(3, 6)",Teacher Education,,
Edci 648,Geographic Education in the Schools,"(3, 6)",Teacher Education,,
Edci 651,Advanced Individual Study,"(1, 6)",Teacher Education,,
Edci 657,Information Tech. for Prof. Educators,"(3, 3)",Teacher Education,,
Edci 658,Trends and Issues in Teaching,"(3, 3)",Teacher Education,,
Edci 674,Cul Dimen Sec Lang Acq,"(3, 3)",Teacher Education,,
Edci 675,Teaching With Film,"(3, 3)",Teacher Education,,
Edci 680,ESL Program Administration,"(3, 3)",Teacher Education,,
Edci 690,Seminar in Education,"(3, 3)",Teacher Education,,
Edci 697,Applied Linguistics in TESOL,"(3, 3)",Teacher Education,,
Edci 699,Advanced Methods,"(3, 3)",Teacher Education,,
Edci 700,Doctoral Seminar I: Investigation,"(3, 3)",Teacher Education,,
Edci 701,Advanced Curriculum Theory and Practice,"(3, 3)",Teacher Education,,
Edci 702,Directed Studies in Collaborative Resear,"(1, 6)",Teacher Education,,
Edci 703,Seminar on the Learner and Learning,"(3, 3)",Teacher Education,,
Edci 705,Directed Studies in Higher Ed Teaching,"(1, 6)",Teacher Education,,
Edci 706,Directed Studies in Collaborative Writin,"(1, 6)",Teacher Education,,
Edci 727,Internship,"(3, 6)",Teacher Education,,
Edci 730,Foundations of Research,"(3, 3)",Teacher Education,,
Edci 731,Assessment and Differentation,"(3, 3)",Teacher Education,,
Edci 732,Action Research,"(3, 3)",Teacher Education,,
Edci 757,Improvement Science,"(3, 3)",Teacher Education,,
Edci 787,Dissertation in Practice,"(1, 15)",Teacher Education,,
Edci 790,Doctoral Seminar II,"(3, 3)",Teacher Education,,
Edci 797,Dissertation,"(1, 18)",Teacher Education,,
Edde 406,Intro Driver & Highway Safety Education,"(3, 3)",,,
Edde 407,Highway Safety & Driver Education,"(3, 3)",,,
Edde 408,Driver Simulation,"(3, 3)",,,
Edde 507,Safety Education,"(3, 3)",,,
Edec 300,Curric & Theory for Early Childhood Educ,"(3, 3)",Teacher Education,,
Edec 301,Introduction to Early Childhood Ed,"(3, 3)",Teacher Education,,
Edec 302,Orientation to Early Childhood Educ,"(6, 6)",Teacher Education,,
Edec 303,Science and Numbers,"(2, 2)",Teacher Education,,
Edec 304,Action Lab Infant and Toddler Settings,"(3, 3)",Teacher Education,,
Edec 312,Action Lab ECE Child Guidance/Classroom,"(2, 2)",Teacher Education,,
Edec 320,Early Childhood Methods,"(3, 3)",Teacher Education,,
Edec 321,Early Childhood Development I,"(3, 3)",Teacher Education,,
Edec 323,Special Ed for Early Childhood Dev,"(3, 3)",Teacher Education,,
Edec 324,Early Language and Literacy,"(3, 3)",Teacher Education,,
Edec 325,Function & Theory of Play in Early Child,"(3, 3)",Teacher Education,,
Edec 326,Socio-Emotional Competencies,"(3, 3)",Teacher Education,,
Edec 327,Social Studies in Early Childhood Educat,"(3, 3)",Teacher Education,,
Edec 328,Infant & Toddler Development and Program,"(3, 3)",Teacher Education,,
Edec 329,Issues and Trends in Early Childhood Edu,"(3, 3)",Teacher Education,,
Edec 400,STEAM in Early Childhood Education,"(3, 3)",Teacher Education,,
Edec 401,Integrating Arts into the Curriculum,"(3, 3)",Teacher Education,,
Edec 402,Action Lab Placement in ECE Preschool,"(3, 3)",Teacher Education,,
Edec 404,Assessment for Early Childhood,"(3, 3)",Teacher Education,,
Edec 500,Introduction to Early Childhood Educ,"(3, 3)",Teacher Education,,
Edec 553,Lang Concepts & Lit in Early Child Educ,"(3, 3)",Teacher Education,,
Edec 557,Seminar: Social Living in Early Ch Educ,"(3, 3)",Teacher Education,,
Edec 570,Program Dev & Admin in Early Ch Educ,"(3, 3)",Teacher Education,,
Edec 600,Child Development: Prebirth to Age 8,"(3, 3)",Teacher Education,,
Edec 601,Lang & Lit Development in Young Child,"(3, 3)",Teacher Education,,
Edec 602,Theoretical Found. of Early Child Curr.,"(3, 3)",Teacher Education,,
Edec 603,"Sci, Tech, Engin & Math (STEM) in ECE","(3, 3)",Teacher Education,,
Edec 604,Function & Theory of Play in ECE,"(3, 3)",Teacher Education,,
Edec 605,Integrating Arts in Early Childhood Ed,"(3, 3)",Teacher Education,,
Edec 606,Social Contexts in Early Childhood Ed,"(3, 3)",Teacher Education,,
Edec 607,Issues & Trends in Early Childhood Ed,"(3, 3)",Teacher Education,,
Edec 608,Diverse Needs in Early Childhood Ed,"(3, 3)",Teacher Education,,
Edec 610,Early Childhood Education and Care: Hist,"(3, 3)",Teacher Education,,
Edec 611,Early Childhood Education and Care Today,"(3, 3)",Teacher Education,,
Edec 612,Early Childhood Education & Care Policy,"(3, 3)",Teacher Education,,
Edec 613,Early Childhood Education and Care Today,"(3, 3)",Teacher Education,,
Edec 651,Advanced Individual Study,"(1, 6)",Teacher Education,,
Edec 652,Advanced Individual Study,"(1, 6)",Teacher Education,,
Edec 655,Art & Music in Early Childhood Education,"(3, 3)",Teacher Education,,
Edec 661,Practicum I,"(3, 3)",Teacher Education,,
Edec 662,Practicum II,"(3, 3)",Teacher Education,,
Edec 663,Practicum III,"(3, 6)",Teacher Education,,
Edec 664,Practicum IV,"(3, 6)",Teacher Education,,
Edec 665,Practicum V,"(3, 3)",Teacher Education,,
Edec 667,Early Childhood Education Seminar,"(3, 3)",Teacher Education,,
Edec 697,Thesis,"(1, 12)",Teacher Education,,
Edec 701,"Outdoor Education, Nature & Young Childr","(3, 3)",Teacher Education,,
Edec 767,Field Study,"(1, 6)",Teacher Education,,
Edel 303,Applications in Elem Science Classrooms,"(3, 3)",Teacher Education,,
Edel 305,Child Development,"(3, 3)",Teacher Education,,
Edel 361,Art for the Elementary Classroom,"(3, 3)",Teacher Education,,
Edel 401,Social Studies in the Elementary School,"(3, 3)",Teacher Education,,
Edel 402,Reading and Writing Across the Curriculu,"(3, 3)",Teacher Education,,
Edel 403,Mathematics for the Elementary School,"(3, 3)",Teacher Education,,
Edel 404,Science in the Elementary School,"(3, 3)",Teacher Education,,
Edel 416,Mathematics &  Science in the Elem. Sch.,"(3, 3)",Teacher Education,,
Edel 519,Tech. and Prin. for Class. Management,"(3, 3)",Teacher Education,,
Edel 520,Books and Related Materials,"(3, 3)",Teacher Education,,
Edel 601,Child Growth and Development,"(3, 3)",Teacher Education,,
Edel 610,STEM in Elementary Education,"(3, 3)",Teacher Education,,
Edel 615,Prob. & Invest. Teach. Elem. Sch. Sci,"(3, 3)",Teacher Education,,
Edel 617,Nature & Structure of Lang. Arts,"(3, 3)",Teacher Education,,
Edel 620,Literacy Connections in the Elem. School,"(3, 3)",Teacher Education,,
Edel 623,Problems in Teaching Social Studies,"(3, 3)",Teacher Education,,
Edel 625,Problems in Teaching Mathematics I,"(3, 3)",Teacher Education,,
Edel 627,Problems of Teaching Mathematics II,"(3, 3)",Teacher Education,,
Edel 629,Clinical and Diagnostic Proc. in Math,"(3, 3)",Teacher Education,,
Edel 630,Clinical Projects,"(3, 3)",Teacher Education,,
Edel 651,Advanced Individual Study,"(1, 6)",Teacher Education,,
Edel 652,Advanced Individual Study,"(1, 6)",Teacher Education,,
Edel 653,Seminar in Elementary Education,"(3, 6)",Teacher Education,,
Edel 654,Science and Numbers Concepts,"(3, 3)",Teacher Education,,
Edel 661,Practicum in Elementary Education,"(3, 3)",Teacher Education,,
Edel 697,Thesis,"(1, 12)",Teacher Education,,
Edel 700,Seminar in Elementary Education,"(3, 6)",Teacher Education,,
Edel 727,Internship,"(3, 6)",Teacher Education,,
Edel 767,Field Study,"(3, 3)",Teacher Education,,
Edel 797,Dissertation,"(1, 18)",Teacher Education,,
Edfd 507,Cont. Issues in American Education,"(3, 3)",Leadership & Counselor Education,,
Edfd 609,The Cultural Context of Education,"(3, 3)",Leadership & Counselor Education,,
Edfd 611,Comparative Education,"(3, 3)",Leadership & Counselor Education,,
Edfd 707,The Professional Philosophy,"(3, 3)",Leadership & Counselor Education,,
Edfd 709,Cultural Context of Education,"(3, 3)",Leadership & Counselor Education,,
Edfd 713,Education and Society,"(3, 3)",Leadership & Counselor Education,,
Edfd 721,Recent Developments in Educ. Practice,"(3, 3)",Leadership & Counselor Education,,
Edhe 101,Academic Skills for College,"(3, 3)",Higher Education,,
Edhe 105,Freshman Year Experience,"(3, 3)",Higher Education,,
Edhe 106,Advancing the First-Year Experience,"(3, 3)",Higher Education,,
Edhe 110,Chancellor's Leadership Class I,"(1, 1)",Higher Education,,
Edhe 111,Chancellor's Leadership Class II,"(1, 1)",Higher Education,,
Edhe 201,Career Decision Making,"(3, 3)",Higher Education,,
Edhe 202,Fundamentals of Active Learning,"(2, 2)",Higher Education,,
Edhe 203,Fund. of Student Acad. Success,"(1, 1)",Higher Education,,
Edhe 204,Academic Skills for Students,"(3, 3)",Higher Education,,
Edhe 301,Career and Life Planning,"(3, 3)",Higher Education,,
Edhe 303,Academic Skills for Transfer Students,"(3, 3)",Higher Education,,
Edhe 305,Transfer Student Experience,"(3, 3)",Higher Education,,
Edhe 310,Transfer Student Leadership I,"(1, 1)",Higher Education,,
Edhe 311,Transfer Student Leadership II,"(1, 1)",Higher Education,,
Edhe 320,Internship Exploration,"(1, 1)",Higher Education,,
Edhe 321,Internship Preparation,"(1, 1)",Higher Education,,
Edhe 322,Internship Experience,"(1, 1)",Higher Education,,
Edhe 333,Special Topics in Higher Education,"(1, 3)",Higher Education,,
Edhe 350,Intro. to Student Dev. & Student Servs.,"(3, 3)",Higher Education,,
Edhe 351,Organization & Policy,"(3, 3)",Higher Education,,
Edhe 352,Introduction to Higher Education,"(3, 3)",Higher Education,,
Edhe 505,Student Coaching and Mentoring in H. Ed.,"(3, 3)",Higher Education,,
Edhe 602,Program Planning & Assessment,"(3, 3)",Higher Education,,
Edhe 651,Advanced Individual Study,"(1, 6)",Higher Education,,
Edhe 655,"Per., Power, & Pol. in Prof. Practice","(3, 3)",Higher Education,,
Edhe 656,Student Services in Higher Education,"(3, 3)",Higher Education,,
Edhe 657,Comparative Higher Education,"(3, 3)",Higher Education,,
Edhe 658,Org/Governance of Higher Ed,"(3, 3)",Higher Education,,
Edhe 659,Finance of Higher Education,"(3, 3)",Higher Education,,
Edhe 660,History of Higher Education,"(3, 3)",Higher Education,,
Edhe 661,The Community College,"(3, 3)",Higher Education,,
Edhe 662,College Teaching,"(3, 3)",Higher Education,,
Edhe 663,Curriculum in Higher Education,"(3, 3)",Higher Education,,
Edhe 664,The Law and Higher Education,"(3, 3)",Higher Education,,
Edhe 665,Contemporary Issues of Higher Education,"(3, 3)",Higher Education,,
Edhe 667,Practicum in Student Personnel Services,"(3, 3)",Higher Education,,
Edhe 668,Practicum in Student Personnel Services,"(3, 3)",Higher Education,,
Edhe 669,Resource Management in Higher Education,"(3, 3)",Higher Education,,
Edhe 670,Topics in Higher Education,"(3, 3)",Higher Education,,
Edhe 671,The College and the Student,"(3, 3)",Higher Education,,
Edhe 693,Statewide Control/Coor in Higher Ed,"(3, 3)",Higher Education,,
Edhe 700,Models of Inquiry and Literature Review,"(3, 3)",Higher Education,,
Edhe 701,Doctoral Studies Proseminar,"(3, 3)",Higher Education,,
Edhe 702,Prog. Planning & Assess. in Higher Educ.,"(3, 3)",Higher Education,,
Edhe 713,Education and Society,"(3, 3)",Higher Education,,
Edhe 721,Recent Developments in Educ. Practice,"(3, 3)",Higher Education,,
Edhe 727,Internship in Admin. & Higher Education,"(3, 6)",Higher Education,,
Edhe 729,Leadership & Org. Theory for H. Ed. Pr.,"(3, 3)",Higher Education,,
Edhe 730,Multidisciplinary Per. on Leadership,"(3, 3)",Higher Education,,
Edhe 757,Comparative Higher Education,"(3, 3)",Higher Education,,
Edhe 759,Finance of Higher Education,"(3, 3)",Higher Education,,
Edhe 761,The Community College,"(3, 3)",Higher Education,,
Edhe 762,College Teaching,"(3, 3)",Higher Education,,
Edhe 763,Curriculum in Higher Education,"(3, 3)",Higher Education,,
Edhe 764,Law of Higher Education,"(3, 3)",Higher Education,,
Edhe 767,Fellowship in Higher Education,"(3, 3)",Higher Education,,
Edhe 770,Topics in Higher Education,"(3, 3)",Higher Education,,
Edhe 772,Advanced Education Policy Analysis,"(3, 3)",Higher Education,,
Edhe 780,History of Higher Education,"(3, 3)",Higher Education,,
Edhe 781,"Ind., Rel., and Collective Identities","(3, 3)",Higher Education,,
Edhe 797,Dissertation,"(1, 18)",Higher Education,,
Edhe 798,Graded Dissertation-Academic Writing,"(3, 3)",Higher Education,,
Edld 120,Introduction to Leadership Studies,"(3, 3)",Leadership & Counselor Education,,
Edld 220,Foundations of Leadership Studies,"(3, 3)",Leadership & Counselor Education,,
Edld 320,The Univ. of MS Service Organ Leaders,"(3, 3)",Leadership & Counselor Education,,
Edld 420,Exercising Leadership: Mobilizing Group,"(3, 3)",Leadership & Counselor Education,,
Edld 500,Perspectives on Educational Admin,"(3, 3)",Leadership & Counselor Education,,
Edld 501,The Effective Principal,"(3, 3)",Leadership & Counselor Education,,
Edld 504,Instructional Improvement,"(3, 3)",Leadership & Counselor Education,,
Edld 505,School Law Seminar,"(3, 3)",Leadership & Counselor Education,,
Edld 600,Special Topics in Educational Leadership,"(3, 6)",Leadership & Counselor Education,,
Edld 610,"Mission, Vision, and Core Values","(3, 3)",Leadership & Counselor Education,,
Edld 611,Ethics and Prof. Norms for Ed. Leaders,"(3, 3)",Leadership & Counselor Education,,
Edld 612,Equity and Cultural Leadership,"(3, 3)",Leadership & Counselor Education,,
Edld 613,Instructional Leadership,"(3, 3)",Leadership & Counselor Education,,
Edld 614,Community and External Leadership,"(3, 3)",Leadership & Counselor Education,,
Edld 615,Human Resources Leadership,"(3, 3)",Leadership & Counselor Education,,
Edld 616,Data-informed Leadership,"(3, 3)",Leadership & Counselor Education,,
Edld 617,School Law and Leadership,"(3, 3)",Leadership & Counselor Education,,
Edld 618,Operations and Management of Leadership,"(3, 3)",Leadership & Counselor Education,,
Edld 619,School Turnaround,"(3, 3)",Leadership & Counselor Education,,
Edld 631,Facility Planning and Management,"(3, 3)",Leadership & Counselor Education,,
Edld 641,Law and Ethics of Education,"(3, 3)",Leadership & Counselor Education,,
Edld 642,Managing Operations for Learning,"(3, 3)",Leadership & Counselor Education,,
Edld 643,Human Resource Administration,"(3, 3)",Leadership & Counselor Education,,
Edld 651,Advanced Individual Study,"(1, 6)",Leadership & Counselor Education,,
Edld 652,Advanced Individual Study,"(1, 6)",Leadership & Counselor Education,,
Edld 656,Administrative Internship,"(1, 6)",Leadership & Counselor Education,,
Edld 671,Leading Quality Instruction,"(6, 6)",Leadership & Counselor Education,,
Edld 672,Common Ground:  School and Community,"(6, 6)",Leadership & Counselor Education,,
Edld 673,Organization and Management,"(6, 6)",Leadership & Counselor Education,,
Edld 674,Developing Quality Teaching,"(6, 6)",Leadership & Counselor Education,,
Edld 675,"Pol, Int, Eth, Leg, Pol. Issues","(6, 6)",Leadership & Counselor Education,,
Edld 676,Leading Change in Educational Org.,"(6, 6)",Leadership & Counselor Education,,
Edld 692,Proposal Wrtg/Grants,"(3, 3)",Leadership & Counselor Education,,
Edld 697,Thesis,"(1, 12)",Leadership & Counselor Education,,
Edld 700,Leadership & Org Theory for Practice,"(3, 3)",Leadership & Counselor Education,,
Edld 721,District Operations and Management,"(3, 3)",Leadership & Counselor Education,,
Edld 723,School Finance and Facilities,"(3, 3)",Leadership & Counselor Education,,
Edld 730,Multidisciplinary Persp on Leadership,"(3, 3)",Leadership & Counselor Education,,
Edld 731,Education Policy and Community Relations,"(3, 3)",Leadership & Counselor Education,,
Edld 741,Advanced Educational Law and Ethics,"(3, 3)",Leadership & Counselor Education,,
Edld 750,Organizational Improvement,"(3, 3)",Leadership & Counselor Education,,
Edld 756,Internship in Educational Administration,"(3, 6)",Leadership & Counselor Education,,
Edld 767,Field Study,"(3, 6)",Leadership & Counselor Education,,
Edld 774,Applied Curriculum Instruction & Account,"(3, 3)",Leadership & Counselor Education,,
Edld 794,Human Resource Development,"(3, 3)",Leadership & Counselor Education,,
Edld 797,Dissertation,"(1, 18)",Leadership & Counselor Education,,
Edld 798,Graded Dissertation,"(3, 3)",Leadership & Counselor Education,,
Edle 417,Senior Practicum,"(3, 3)",Teacher Education,,
Edle 463,Student Teaching: Early Childhood,"(9, 9)",Teacher Education,,
Edle 464,Student Teaching: Elementary Education,"(9, 9)",Teacher Education,,
Edle 467,Student Teaching: Exceptional Students,"(9, 9)",Teacher Education,,
Edle 471,Student Teaching: Art Education,"(12, 12)",Teacher Education,,
Edle 473,Student Teaching: Music Education,"(12, 12)",Teacher Education,,
Edle 480,Student Teaching: Secondary Education,"(9, 9)",Teacher Education,,
Edle 483,Student Teaching: Foreign Languages,"(9, 9)",Teacher Education,,
Edle 655,Super. for Home Econ. Teachers,"(3, 3)",Student Advising & Field Experience,,
Edls 101,Introduction to Libr. Rsch. & Elec. Res.,"(1, 1)",Teacher Education,,
Edls 301,"Children's Literature, K-8","(3, 3)",Teacher Education,,
Edls 432,Special Methods:  Library Science,"(3, 3)",Teacher Education,,
Edlt 601,Literacy Foundations: Theory History,"(3, 3)",Teacher Education,,
Edlt 602,Early Literacy Development,"(3, 3)",Teacher Education,,
Edlt 603,Expanding Literacy Development,"(3, 3)",Teacher Education,,
Edlt 604,Effective Literacy Assess and Intervent,"(3, 3)",Teacher Education,,
Edlt 605,Content Area Literacy,"(3, 3)",Teacher Education,,
Edlt 606,Literature for Children and Adolescents,"(3, 3)",Teacher Education,,
Edlt 607,Literacy Leadership,"(3, 3)",Teacher Education,,
Edlt 608,Literacy Internship I,"(3, 3)",Teacher Education,,
Edlt 609,Literacy Internship II,"(3, 3)",Teacher Education,,
Edrd 090,Developmental Reading,"(3, 3)",Teacher Education,,
Edrd 100,Indiv Rdg Improvement,"(3, 3)",Teacher Education,,
Edrd 300,Foundations of Reading instruction,"(3, 3)",Teacher Education,,
Edrd 317,Diag. & Remediation of  Reading Disa.,"(3, 3)",Teacher Education,,
Edrd 355,Early Literacy Instruction I and II,"(6, 6)",Teacher Education,,
Edrd 400,Reading Instruction in the Elementary Sc,"(3, 3)",Teacher Education,,
Edrd 414,Reading Diagnosis and Intervention,"(3, 3)",Teacher Education,,
Edrd 415,Met & Mats for Teaching Read in Elem Sch,"(3, 3)",Teacher Education,,
Edrd 429,Reading in the Secondary School,"(3, 3)",Teacher Education,,
Edrd 600,Basic Skills in Reading,"(3, 3)",Teacher Education,,
Edrd 602,Reading & Writing across the Curriculum,"(3, 3)",Teacher Education,,
Edrd 605,Action Based Reading Research,"(3, 3)",Teacher Education,,
Edrd 614,Reading Diagnosis and Intervention,"(3, 3)",Teacher Education,,
Edrd 615,Mat & Meth of Rdg in the Elem. School,"(3, 3)",Teacher Education,,
Edrd 616,Diagnostic and Remedial Reading,"(3, 3)",Teacher Education,,
Edrd 617,Clinical Diag. & Correction of Rdg Prob.,"(3, 3)",Teacher Education,,
Edrd 651,Advanced Individual Study,"(1, 6)",Teacher Education,,
Edrd 652,Advanced Individual Study,"(1, 6)",Teacher Education,,
Edrd 655,Early Literacy Instruction I and II,"(6, 6)",Teacher Education,,
Edrs 405,Introduction to Educational Research,"(3, 3)",Leadership & Counselor Education,,
Edrs 600,Action Research,"(3, 3)",Teacher Education,,
Edrs 601,Educational Statistics I,"(3, 3)",Leadership & Counselor Education,,
Edrs 604,Foundations of Qualitative Research Meth,"(3, 3)",Leadership & Counselor Education,,
Edrs 605,Introduction to Educational Research,"(3, 3)",Leadership & Counselor Education,,
Edrs 606,Program Evaluation I,"(3, 3)",Leadership & Counselor Education,,
Edrs 607,Program Evaluation II,"(3, 3)",Leadership & Counselor Education,,
Edrs 608,Survey Research,"(3, 3)",Leadership & Counselor Education,,
Edrs 610,Literacy Research,"(3, 3)",Teacher Education,,
Edrs 633,Special Topics in Educational Research,"(3, 3)",Leadership & Counselor Education,,
Edrs 673,Data Led Curriculum and Assessment,"(6, 6)",Leadership & Counselor Education,,
Edrs 699,Internship in Program Evaluation,"(3, 3)",Leadership & Counselor Education,,
Edrs 700,Models of Inquiry and Literature Review,"(3, 3)",Leadership & Counselor Education,,
Edrs 701,Educational Statistics II,"(3, 3)",Leadership & Counselor Education,,
Edrs 702,Instit Research & Planning in Higher Edu,"(3, 3)",Leadership & Counselor Education,,
Edrs 703,Advanced Methods of Applied Research,"(3, 3)",Leadership & Counselor Education,,
Edrs 704,Foun. of Qualitative Research Method,"(3, 3)",Leadership & Counselor Education,,
Edrs 705,Advanced Quantitative Research Methods,"(3, 3)",Leadership & Counselor Education,,
Edrs 706,Applications of Qualitative Research,"(3, 3)",Leadership & Counselor Education,,
Edrs 710,Design of Experiments,"(3, 3)",Leadership & Counselor Education,,
Edrs 733,Special Topics in Educational Research,"(3, 3)",Leadership & Counselor Education,,
Edse 400,Principles of Education,"(3, 3)",Teacher Education,,
Edse 401,Seminar on Current Issues,"(1, 1)",Teacher Education,,
Edse 410,Seminar in Secondary Education,"(3, 3)",Teacher Education,,
Edse 442,Special Methods I:  English,"(3, 3)",Teacher Education,,
Edse 443,Special Methods:  Foreign Language,"(3, 3)",Teacher Education,,
Edse 444,Spc Meth-Voc Home Ec,"(3, 3)",Teacher Education,,
Edse 445,Special Methods I:  Mathematics,"(3, 3)",Teacher Education,,
Edse 446,Special Methods I:  Science,"(3, 3)",Teacher Education,,
Edse 447,Special Methods I:  Social Studies,"(3, 3)",Teacher Education,,
Edse 448,Spc Meth-Speech,"(3, 3)",Teacher Education,,
Edse 452,Special Methods II:  English,"(2, 2)",Teacher Education,,
Edse 453,Special Methods II:  Foreign Language,"(2, 2)",Teacher Education,,
Edse 455,Special Methods II:  Mathematics,"(2, 2)",Teacher Education,,
Edse 456,Special Methods II:  Science,"(2, 2)",Teacher Education,,
Edse 457,Special Methods II:  Social Studies,"(2, 2)",Teacher Education,,
Edse 525,Literature for Today's Teenagers,"(3, 3)",Teacher Education,,
Edse 610,National and State Issues in Education,"(3, 3)",Teacher Education,,
Edse 625,Trends and Issues in Secondary Education,"(3, 3)",Teacher Education,,
Edse 626,Trends Teaching & Learning of Sec Math,"(3, 3)",Teacher Education,,
Edse 627,Reflections on Teaching/Field Experience,"(3, 6)",Teacher Education,,
Edse 631,Curriculum Planning for Art Education,"(3, 3)",Teacher Education,,
Edse 633,Music in the Secondary School,"(3, 3)",Teacher Education,,
Edse 636,History & Nature of Science,"(3, 3)",Teacher Education,,
Edse 642,Advanced Methods of Teaching English,"(3, 3)",Teacher Education,,
Edse 644,Adv. Meth. of Teach Vocational Home Econ,"(3, 3)",Teacher Education,,
Edse 645,Advanced Meth. of Teaching Mathematics,"(3, 3)",Teacher Education,,
Edse 646,Advanced Methods of Teaching Science,"(3, 3)",Teacher Education,,
Edse 647,Adv. Methods of Teaching Social Studies,"(3, 3)",Teacher Education,,
Edse 648,Advanced Methods of Teaching Speech,"(3, 3)",Teacher Education,,
Edse 651,Advanced Individual Study,"(1, 6)",Teacher Education,,
Edse 652,Advanced Individual Study,"(1, 6)",Teacher Education,,
Edse 653,Workshop in Home Economics Education,"(3, 6)",Teacher Education,,
Edse 655,Trends in Young Adult Literature,"(3, 3)",Teacher Education,,
Edse 657,Seminar in Music Education,"(3, 3)",Teacher Education,,
Edse 665,Use of Technology in Secondary Math,"(3, 3)",Teacher Education,,
Edse 690,Masters Seminar in Secondary Education,"(3, 3)",Teacher Education,,
Edse 697,Thesis,"(1, 12)",Teacher Education,,
Edse 700,Sem.: Contemporary Issues in Sec. Educ,"(3, 3)",Teacher Education,,
Edse 725,Adolescent Lit: A Critical Analysis,"(3, 3)",Teacher Education,,
Edse 727,Internship in Secondary Education,"(3, 6)",Teacher Education,,
Edse 742,Teaching English in the Secondary School,"(3, 3)",Teacher Education,,
Edse 757,"Tech Concepts, Apps, Trends for Educator","(3, 3)",Teacher Education,,
Edse 758,Trends and Issues in Teaching,"(3, 3)",Teacher Education,,
Edse 767,Field Study,"(3, 3)",Teacher Education,,
Edse 797,Dissertation,"(1, 18)",Teacher Education,,
Edsp 308,Introduction to Special Education,"(3, 3)",Teacher Education,,
Edsp 317,Action Lab Seminar,"(3, 3)",Teacher Education,,
Edsp 327,Classroom Mgt & Behavioral Interventions,"(3, 3)",Teacher Education,,
Edsp 329,Character/Assess Indiv with Severe Disab,"(3, 3)",Teacher Education,,
Edsp 335,Assessment of Exceptional Students,"(3, 3)",Teacher Education,,
Edsp 339,Teaching and Learning with Technology,"(3, 3)",Teacher Education,,
Edsp 401,"Collaboration, Consultation, & Teamwork","(3, 3)",Teacher Education,,
Edsp 402,Organization & Administration of Spec Ed,"(3, 3)",Teacher Education,,
Edsp 403,Instr Strat for Students with Severe Dis,"(3, 3)",Teacher Education,,
Edsp 405,Instr Strat for Students Mild/Mod Dis,"(3, 3)",Teacher Education,,
Edsp 407,SP ED Law and Procedures,"(3, 3)",Teacher Education,,
Edsp 410,Strategies for the Inclusive Classroom,"(3, 3)",Teacher Education,,
Edsp 411,Seminar in Selected Spec Ed Topics,"(1, 1)",Teacher Education,,
Edsp 452,Practicum & Field Exp w/Excep Children,"(3, 3)",Teacher Education,,
Edsp 552,Prac. & Field Exper. with Excep. Child,"(3, 3)",Teacher Education,,
Edsp 601,Exceptional Students in the K-12 Classro,"(3, 3)",Teacher Education,,
Edsp 628,Trans. Educ. Srvcs. for Indiv. w/Disab.,"(3, 3)",Teacher Education,,
Edsp 631,Organization of Special Education,"(3, 3)",Teacher Education,,
Edsp 641,Methods & Materials of Educ. Assessment,"(3, 3)",Teacher Education,,
Edsp 643,The Learning Brain,"(3, 3)",Teacher Education,,
Edsp 645,Cognitive Neuroscience & Education,"(3, 3)",Teacher Education,,
Edsp 651,Advanced Individual Study,"(1, 6)",Teacher Education,,
Edsp 652,Advanced Individual Study,"(3, 3)",Teacher Education,,
Edsp 653,Practicum and Field Experience with Exce,"(3, 3)",Teacher Education,,
Edsp 670,Issues & Trends in Multicultural Ed,"(3, 3)",Teacher Education,,
Edsp 674,Seminar in Special Education,"(3, 3)",Teacher Education,,
Edsp 676,Educ & Psy of Indiv w Behavior Problems,"(3, 3)",Teacher Education,,
Edsp 678,Positive Behavior Support,"(3, 3)",Teacher Education,,
Edsp 680,Applied Behavior Analysis & Management,"(3, 3)",Teacher Education,,
Edsp 683,Exam of Res w/Exceptional Students,"(3, 3)",Teacher Education,,
Edsp 685,Characteristics of Gifted Students,"(3, 3)",Teacher Education,,
Edsp 686,Contem. Acad. Issues & Strategies,"(3, 3)",Teacher Education,,
Edsp 688,Educ. of Indiv. with Intellec. Disabil.,"(3, 3)",Teacher Education,,
Edsp 689,Instr. Mthds. & Materials in Gifted Ed.,"(3, 3)",Teacher Education,,
Edsp 690,Curr Progrm Dev & Practices for Gifted,"(3, 3)",Teacher Education,,
Edsp 695,Diff. Instr. Atypical Gifted Learner,"(3, 3)",Teacher Education,,
Edsp 697,Thesis,"(1, 12)",Teacher Education,,
Edsp 700,Seminar: Contemporary Issues in Spec. Ed,"(3, 6)",Teacher Education,,
Edsp 701,Directed Studies in Higher Ed Teaching,"(1, 6)",Teacher Education,,
Edsp 702,Directed Studies in Collaborative Resear,"(1, 6)",Teacher Education,,
Edsp 703,Directed Studies in Collaborative Writin,"(1, 6)",Teacher Education,,
Edsp 727,Internship in Special Education,"(1, 18)",Teacher Education,,
Edsp 767,Field Study,"(3, 3)",Teacher Education,,
Edsp 797,Dissertation,"(1, 18)",Teacher Education,,
Educ 110,METP Fellows Class,"(1, 1)",Teacher Education,,
Educ 111,METP Fellows Class,"(1, 1)",Teacher Education,,
Educ 333,Special Topics in Education,"(1, 6)",Teacher Education,,
Educ 523,Group Study of Prob. In School Systems,"(1, 6)",Teacher Education,,
Educ 555,Special Topics in Education,"(1, 6)",Teacher Education,,
Educ 556,Special Topics in Education,"(1, 6)",Teacher Education,,
Educ 557,Special Topics in Education,"(1, 6)",Teacher Education,,
Educ 691,Culturally Sustaining Pedagogy,"(3, 3)",Teacher Education,,
Educ 692,Current Trends & Issues in Diversity Edu,"(3, 3)",Teacher Education,,
Educ 693,Exploring Diversity Through Writing,"(3, 3)",Teacher Education,,
Educ 694,Gender in Education,"(3, 3)",Teacher Education,,
Educ 696,Religious Diversity in Education,"(3, 3)",Teacher Education,,
Edwp 240,Introduction to Health and Physical Educ,"(3, 3)",Teacher Education,,
Edwp 241,Movement Fundamentals/Applied Motor Lear,"(3, 3)",Teacher Education,,
Edwp 340,Music and Movement in Elementary,"(3, 3)",Teacher Education,,
Edwp 341,Wellness Integration at Elementary Level,"(3, 3)",Teacher Education,,
Edwp 342,Methods - Wellness & Physical Activity,"(3, 3)",Teacher Education,,
Edwp 343,Classroom Implementation of Wellness,"(3, 3)",Teacher Education,,
Edwp 344,"Physical Literacy: Lifetime Fitness, Exe","(3, 3)",Teacher Education,,
Edwp 345,"Ed Dance, Gymnastics, & Mindful Movement","(3, 3)",Teacher Education,,
Edwp 346,"Teaching Fitness, Outdoor & Adventure Ed","(3, 3)",Teacher Education,,
Edwp 347,Inclusive Physical Education,"(3, 3)",Teacher Education,,
Edwp 440,Elementary Physical Education Methods,"(3, 3)",Teacher Education,,
Edwp 441,Secondary Physical Education Methods,"(3, 3)",Teacher Education,,
Edwp 442,Coordinated Health and PE Programs CSPAP,"(3, 3)",Teacher Education,,
Edwp 444,Senior Practicum,"(3, 3)",Teacher Education,,
Edwp 445,Assessment & Evaluation in Health and PE,"(3, 3)",Teacher Education,,
Edwp 446,Student Teaching:Ele and Sec Health & PE,"(9, 9)",Teacher Education,,
EL 100,Wilderness Living Techniques,"(1, 1)","Health, Exercise Sci & Recreation Mgmt",,
EL 103,Ropes Courses and Climbing Basics,"(1, 1)","Health, Exercise Sci & Recreation Mgmt",,
EL 105,Self Defense Activities,"(1, 1)","Health, Exercise Sci & Recreation Mgmt",,
EL 111,Cycling,"(1, 1)","Health, Exercise Sci & Recreation Mgmt",,
EL 117,Volleyball,"(1, 1)","Health, Exercise Sci & Recreation Mgmt",,
EL 118,Beginning Fencing,"(1, 1)","Health, Exercise Sci & Recreation Mgmt",,
EL 119,Archery,"(1, 1)","Health, Exercise Sci & Recreation Mgmt",,
EL 120,Intro to Lifetime Leisure Activities,"(1, 1)","Health, Exercise Sci & Recreation Mgmt",,
EL 124,Racquetball,"(1, 1)","Health, Exercise Sci & Recreation Mgmt",,
EL 129,Body Contouring and Conditioning,"(1, 1)","Health, Exercise Sci & Recreation Mgmt",,
EL 132,Canoeing,"(1, 1)","Health, Exercise Sci & Recreation Mgmt",,
EL 133,Backpacking,"(1, 1)","Health, Exercise Sci & Recreation Mgmt",,
EL 134,Kayaking,"(1, 1)","Health, Exercise Sci & Recreation Mgmt",,
EL 137,Bowling,"(1, 1)","Health, Exercise Sci & Recreation Mgmt",,
EL 139,Golf,"(1, 1)","Health, Exercise Sci & Recreation Mgmt",,
EL 142,Open Water Scuba Diving,"(1, 1)","Health, Exercise Sci & Recreation Mgmt",,
EL 147,Tennis,"(1, 1)","Health, Exercise Sci & Recreation Mgmt",,
EL 148,Introduction to Pickleball,"(1, 1)","Health, Exercise Sci & Recreation Mgmt",,
EL 149,Introduction to Pickleball and Tennis,"(1, 1)","Health, Exercise Sci & Recreation Mgmt",,
EL 151,Weight Lifting,"(1, 1)","Health, Exercise Sci & Recreation Mgmt",,
EL 153,Sports Conditioning,"(1, 1)","Health, Exercise Sci & Recreation Mgmt",,
EL 154,Coaching Soccer,"(2, 2)","Health, Exercise Sci & Recreation Mgmt",,
EL 155,Walking I,"(1, 1)","Health, Exercise Sci & Recreation Mgmt",,
EL 156,Jogging,"(1, 1)","Health, Exercise Sci & Recreation Mgmt",,
EL 158,Low Impact Aerobics,"(1, 1)","Health, Exercise Sci & Recreation Mgmt",,
EL 159,High Impact Aerobics,"(1, 1)","Health, Exercise Sci & Recreation Mgmt",,
EL 169,Aqua Exercise,"(1, 1)","Health, Exercise Sci & Recreation Mgmt",,
EL 170,Beginning Swimming,"(1, 1)","Health, Exercise Sci & Recreation Mgmt",,
EL 171,Intermediate Swimming,"(1, 1)","Health, Exercise Sci & Recreation Mgmt",,
EL 172,Advanced Swimming,"(1, 1)","Health, Exercise Sci & Recreation Mgmt",,
EL 173,Lifeguarding,"(2, 2)","Health, Exercise Sci & Recreation Mgmt",,
EL 174,Water Safety Instructor,"(2, 2)","Health, Exercise Sci & Recreation Mgmt",,
EL 175,Lifeguarding Instructor,"(2, 2)","Health, Exercise Sci & Recreation Mgmt",,
EL 200,Teaching Techniques for Land-Based Adven,"(2, 2)","Health, Exercise Sci & Recreation Mgmt",,
EL 217,Advanced Volleyball,"(1, 1)","Health, Exercise Sci & Recreation Mgmt",,
EL 218,Advanced Fencing,"(1, 1)","Health, Exercise Sci & Recreation Mgmt",,
EL 219,Advanced Archery,"(1, 1)","Health, Exercise Sci & Recreation Mgmt",,
EL 224,Advanced Racquetball,"(1, 1)","Health, Exercise Sci & Recreation Mgmt",,
EL 229,Advanced Body Contouring & Conditioning,"(1, 1)","Health, Exercise Sci & Recreation Mgmt",,
EL 231,Teaching Techniques for Small Craft,"(2, 2)","Health, Exercise Sci & Recreation Mgmt",,
EL 233,Sports Officiating I,"(2, 2)","Health, Exercise Sci & Recreation Mgmt",,
EL 234,Sports Officiating II,"(2, 2)","Health, Exercise Sci & Recreation Mgmt",,
EL 237,Advanced Bowling,"(1, 1)","Health, Exercise Sci & Recreation Mgmt",,
EL 239,Advanced Golf,"(1, 1)","Health, Exercise Sci & Recreation Mgmt",,
EL 242,Advanced Open Water Scuba Diving,"(1, 1)","Health, Exercise Sci & Recreation Mgmt",,
EL 247,Advanced Tennis,"(1, 1)","Health, Exercise Sci & Recreation Mgmt",,
EL 251,Advanced Weight Lifting,"(1, 1)","Health, Exercise Sci & Recreation Mgmt",,
EL 253,Advanced Sports Conditioning,"(1, 1)","Health, Exercise Sci & Recreation Mgmt",,
EL 255,Coaching Tennis,"(2, 2)","Health, Exercise Sci & Recreation Mgmt",,
EL 269,Advanced Aqua Exercise,"(1, 1)","Health, Exercise Sci & Recreation Mgmt",,
EL 342,Master Diver,"(2, 2)","Health, Exercise Sci & Recreation Mgmt",,
EL 352,Coaching Football,"(2, 2)","Health, Exercise Sci & Recreation Mgmt",,
EL 353,Advanced Sports Conditioning,"(1, 1)","Health, Exercise Sci & Recreation Mgmt",,
EL 354,Coaching Basketball,"(2, 2)","Health, Exercise Sci & Recreation Mgmt",,
EL 355,Coaching Baseball-Softball,"(2, 2)","Health, Exercise Sci & Recreation Mgmt",,
EL 357,Coaching Volleyball,"(2, 2)","Health, Exercise Sci & Recreation Mgmt",,
EL 359,Coaching Track and Field,"(2, 2)","Health, Exercise Sci & Recreation Mgmt",,
EL 442,Dive Supervisor,"(2, 2)","Health, Exercise Sci & Recreation Mgmt",,
EL 453,Advanced Sports Conditioning,"(1, 1)","Health, Exercise Sci & Recreation Mgmt",,
El E 100,Introduction to Electrical Engineering,"(1, 1)",Electrical And Computer Engineering,,
El E 235,Principles of Digital Systems,"(3, 3)",Electrical And Computer Engineering,,
El E 236,Digital Systems Laboratory I,"(1, 1)",Electrical And Computer Engineering,,
El E 237,Electrical Engineering Tools and Toys,"(1, 1)",Electrical And Computer Engineering,,
El E 322,Electric Circuit II,"(1, 1)",Electrical And Computer Engineering,,
El E 331,Signals and Systems,"(3, 3)",Electrical And Computer Engineering,,
El E 337,Digital Systems Laboratory II,"(1, 1)",Electrical And Computer Engineering,,
El E 340,Electrical Engineering Analysis I,"(3, 3)",Electrical And Computer Engineering,,
El E 341,Theory of Fields,"(3, 3)",Electrical And Computer Engineering,,
El E 351,Electronics Circuits I,"(3, 3)",Electrical And Computer Engineering,,
El E 352,Electronics Circuits II,"(3, 3)",Electrical And Computer Engineering,,
El E 353,Electronics Laboratory,"(1, 1)",Electrical And Computer Engineering,,
El E 357,Electrical Engineering Problems I,"(1, 1)",Electrical And Computer Engineering,,
El E 367,Computer-Aided Design in Electrical Engr,"(3, 3)",Electrical And Computer Engineering,,
El E 385,Advanced Digital Systems,"(3, 3)",Electrical And Computer Engineering,,
El E 386,Advanced Digital Systems Laboratory,"(1, 1)",Electrical And Computer Engineering,,
El E 391,Probability and Random Signals,"(3, 3)",Electrical And Computer Engineering,,
El E 415,Telecommunications Laboratory,"(1, 1)",Electrical And Computer Engineering,,
El E 425,Local Area Networks,"(3, 3)",Electrical And Computer Engineering,,
El E 431,Theory of Control Systems,"(3, 3)",Electrical And Computer Engineering,,
El E 432,Robotics Laboratory,"(1, 1)",Electrical And Computer Engineering,,
El E 433,High Frequency and Microwave Laboratory,"(1, 1)",Electrical And Computer Engineering,,
El E 441,Electromagnetic Theory I,"(3, 3)",Electrical And Computer Engineering,,
El E 442,Electromagnetic Theory II,"(3, 3)",Electrical And Computer Engineering,,
El E 443,Network Analysis and Synthesis,"(3, 3)",Electrical And Computer Engineering,,
El E 447,"Modulation, Noise, and Communications","(3, 3)",Electrical And Computer Engineering,,
El E 451,Electrical Energy Conversion,"(3, 3)",Electrical And Computer Engineering,,
El E 453,Solid State Devices,"(3, 3)",Electrical And Computer Engineering,,
El E 461,Sr.  Design in Electrical Engineering I,"(1, 1)",Electrical And Computer Engineering,,
El E 462,Sr.  Design in Electrical Engineering II,"(3, 3)",Electrical And Computer Engineering,,
El E 481,Fund. Low Power Dig. VLSI Design,"(3, 3)",Electrical And Computer Engineering,,
El E 482,Digital CMOS VLSI Design,"(3, 3)",Electrical And Computer Engineering,,
El E 485,Microprocessor Systems Engineering,"(2, 2)",Electrical And Computer Engineering,,
El E 486,Microprocessor Systems Engr  Lab,"(1, 1)",Electrical And Computer Engineering,,
El E 487,Digital Signal Processing Laboratory,"(1, 1)",Electrical And Computer Engineering,,
El E 521,Electrical Engineering Projects I,"(3, 3)",Electrical And Computer Engineering,,
El E 522,Electrical Engineering Projects II,"(3, 3)",Electrical And Computer Engineering,,
El E 523,Microwave Engineering,"(3, 3)",Electrical And Computer Engineering,,
El E 525,Introduction to Antennas,"(3, 3)",Electrical And Computer Engineering,,
El E 533,Electronic Properties of Materials,"(3, 3)",Electrical And Computer Engineering,,
El E 534,Wireless Mobile Communications,"(3, 3)",Electrical And Computer Engineering,,
El E 535,Digital Communications,"(3, 3)",Electrical And Computer Engineering,,
El E 536,Introduction to Quantum Computing,"(3, 3)",Electrical And Computer Engineering,,
El E 561,Microwave Circuit Design,"(2, 2)",Electrical And Computer Engineering,,
El E 586,Digital Signal Processing,"(3, 3)",Electrical And Computer Engineering,,
Emer 591,Emergency Medical Clerkship,"(4, 4)",Pharmacy Practice,,
Eng 103,Appreciation of Literature,"(3, 3)",English,,
Eng 198,Topics in Intro to Creative Writing,"(3, 3)",English,,
Eng 199,Introduction to Creative Writing,"(3, 3)",English,,
Eng 220,Survey in Literary History,"(3, 3)",English,,
Eng 221,Survey of World Literature to 1650,"(3, 3)",English,,
Eng 222,Survey of World Literature since 1650,"(3, 3)",English,,
Eng 223,Survey of American Lit to the Civil War,"(3, 3)",English,,
Eng 224,Survey of American Lit since Civil War,"(3, 3)",English,,
Eng 225,Survey of British Lit to 18th Century,"(3, 3)",English,,
Eng 226,Survey of Brit Lit since Romantic Period,"(3, 3)",English,,
Eng 298,"Intro to Form, Craft, and Influence","(3, 3)",English,,
Eng 299,Introduction to Literary Studies,"(3, 3)",English,,
Eng 301,Poetry Workshop,"(3, 3)",English,,
Eng 302,Fiction Workshop,"(3, 3)",English,,
Eng 303,Nonfiction Workshop,"(3, 3)",English,,
Eng 304,Screenwriting Workshop,"(3, 3)",English,,
Eng 305,Advanced Creative Writing Workshop,"(3, 3)",English,,
Eng 306,History of the English Language,"(3, 3)",English,,
Eng 307,Intro to Literary Criticism and Theory,"(3, 3)",English,,
Eng 308,"Editing, Writing, and Digital Publishing","(3, 3)",English,,
Eng 309,Studies in Genre,"(3, 3)",English,,
Eng 310,Introduction to Cinema Studies,"(3, 3)",English,,
Eng 311,Studies in Cinema/Media Genres,"(3, 3)",English,,
Eng 312,Studies in Cinema/Media History,"(3, 3)",English,,
Eng 313,Introduction to World Cinema,"(3, 3)",English,,
Eng 314,The Cinematic South,"(3, 3)",English,,
Eng 315,Studies in Black Film,"(3, 3)",English,,
Eng 316,Introduction to Medieval Studies,"(3, 3)",English,,
Eng 317,Chaucer,"(3, 3)",English,,
Eng 318,Medieval Romance,"(3, 3)",English,,
Eng 319,Medieval Drama,"(3, 3)",English,,
Eng 320,The Heroic Age,"(3, 3)",English,,
Eng 321,Literature of Medieval Europe,"(3, 3)",English,,
Eng 322,Studies in Medieval Literature,"(3, 3)",English,,
Eng 324,Shakespeare,"(3, 3)",English,,
Eng 326,Renaissance and Early Modern Studies,"(3, 3)",English,,
Eng 327,Early Modern Genres and Forms,"(3, 3)",English,,
Eng 328,Studies in Early Modern Literature,"(3, 3)",English,,
Eng 330,Studies in 18th Century Literature,"(3, 3)",English,,
Eng 332,18th Century Genres and Forms,"(3, 3)",English,,
Eng 333,Studies in Early American Literature,"(3, 3)",English,,
Eng 334,Early American Genres and Forms,"(3, 3)",English,,
Eng 335,Studies in Transatlantic Lit to 1900,"(3, 3)",English,,
Eng 337,Studies in Romanticism,"(3, 3)",English,,
Eng 338,Studies in Victorian Literature,"(3, 3)",English,,
Eng 339,Victorian Genres and Forms,"(3, 3)",English,,
Eng 340,Studies in Antebellum American Lit,"(3, 3)",English,,
Eng 341,Studies in American Lit 1860-1900,"(3, 3)",English,,
Eng 343,Studies in 19th Century Literature,"(3, 3)",English,,
Eng 344,19th Century Genres and Forms,"(3, 3)",English,,
Eng 346,Studies in 20th & 21st Cent. British Lit,"(3, 3)",English,,
Eng 347,Studies in 20th & 21st Cent. US Lit,"(3, 3)",English,,
Eng 348,"Transatlantic Lit, 1900-Present","(3, 3)",English,,
Eng 349,Modern/Contemporary Genres,"(3, 3)",English,,
Eng 350,Studies in Modernism,"(3, 3)",English,,
Eng 351,Literary Conversation,"(1, 1)",English,,
Eng 352,Studies in Contemporary Literature,"(3, 3)",English,,
Eng 353,YA Literature,"(3, 3)",English,,
Eng 354,Survey of Southern Literature,"(3, 3)",English,,
Eng 355,Studies in Southern Literature,"(3, 3)",English,,
Eng 357,Women in the South,"(3, 3)",English,,
Eng 359,Survey of Native American Literature,"(3, 3)",English,,
Eng 361,African American Lit Survey to 1920,"(3, 3)",English,,
Eng 362,African American Lit Survey Since 1920,"(3, 3)",English,,
Eng 363,African American Genres,"(3, 3)",English,,
Eng 364,Studies in African American Lit,"(3, 3)",English,,
Eng 365,Literature in Prison,"(3, 3)",English,,
Eng 366,African American Science Fiction Lit,"(3, 3)",English,,
Eng 367,Blues Tradition in American Literature,"(3, 3)",English,,
Eng 370,Studies in World Literatures,"(3, 3)",English,,
Eng 371,Studies in Anglophone Literature,"(3, 3)",English,,
Eng 372,Survey of 20th & 21st c. Irish Lit,"(3, 3)",English,,
Eng 373,Studies in 20th & 21st c. Comp Black Lit,"(3, 3)",English,,
Eng 374,Survey of Caribbean Literature,"(3, 3)",English,,
Eng 375,Survey of 20th and 21st c. African Lit,"(3, 3)",English,,
Eng 376,Studies in Asian Literature,"(3, 3)",English,,
Eng 377,Studies in National Counter-Canons,"(3, 3)",English,,
Eng 378,Studies in Postcolonial Literature,"(3, 3)",English,,
Eng 379,Literary Studies and Creative Practice,"(3, 3)",English,,
Eng 380,Studies in Literary Criticism & Theory,"(3, 3)",English,,
Eng 382,Intro to Gender and Sexuality Studies,"(3, 3)",English,,
Eng 383,Studies in Gender and Feminism,"(3, 3)",English,,
Eng 384,Studies in Gay & Lesbian Lit/Theory,"(3, 3)",English,,
Eng 385,Women in Literature,"(3, 3)",English,,
Eng 386,Gender on Film,"(3, 3)",English,,
Eng 387,Creative Writing on Location,"(3, 3)",English,,
Eng 388,Studies in British Environmental Lit,"(3, 3)",English,,
Eng 389,Studies in American Environmental Lit,"(3, 3)",English,,
Eng 391,Environmental Genres and Forms,"(3, 3)",English,,
Eng 392,Directed Research Assistantship I,"(1, 3)",English,,
Eng 393,Studies in Popular Culture,"(3, 3)",English,,
Eng 394,"Internship-Editing, Writing, Publishing","(3, 3)",English,,
Eng 395,Studies in Literature,"(3, 3)",English,,
Eng 396,Studies in Diverse Perspectives,"(3, 3)",English,,
Eng 397,Studies on Location,"(3, 3)",English,,
Eng 398,Studies Abroad,"(1, 6)",English,,
Eng 399,Internship,"(1, 3)",English,,
Eng 400,Advanced Poetry Workshop,"(3, 3)",English,,
Eng 401,Advanced Fiction Workshop,"(3, 3)",English,,
Eng 402,Advanced Nonfiction Workshop,"(3, 3)",English,,
Eng 403,Advanced Screenwriting Workshop,"(3, 3)",English,,
Eng 404,Special Topics in Creative Writing,"(3, 3)",English,,
Eng 405,Nature Writing,"(3, 3)",English,,
Eng 407,Special Topics in Literary Theory,"(3, 3)",English,,
Eng 409,Special Topics in Genre,"(3, 3)",English,,
Eng 411,Special Topics Cinema/Media Studies,"(3, 3)",English,,
Eng 412,"Sp Topics Cinema/Media Theory, History","(3, 3)",English,,
Eng 413,Special Topics in Media/Cultural Studies,"(3, 3)",English,,
Eng 414,Special Topics in the Cinematic South,"(3, 3)",English,,
Eng 417,Early Middle English,"(3, 3)",English,,
Eng 418,Advanced Studies in Chaucer,"(3, 3)",English,,
Eng 419,14th Century English Literature,"(3, 3)",English,,
Eng 420,Medieval Lit of the North Atlantic,"(3, 3)",English,,
Eng 421,Literature of Medieval Europe,"(3, 3)",English,,
Eng 422,Literature of Medieval Piety,"(3, 3)",English,,
Eng 423,Special Topics in Medieval Literature,"(3, 3)",English,,
Eng 424,Medieval Forms and Genres,"(3, 3)",English,,
Eng 426,Seminar on Shakespeare,"(3, 3)",English,,
Eng 427,Shakespeare on Film,"(3, 3)",English,,
Eng 428,Special Topics Early Modern Literature,"(3, 3)",English,,
Eng 431,Special Topics in 18th Century Lit,"(3, 3)",English,,
Eng 434,Special Topics Early American Lit,"(3, 3)",English,,
Eng 435,Transatlantic Lit to 1900,"(3, 3)",English,,
Eng 438,Special Topics in Romanticism,"(3, 3)",English,,
Eng 439,Special Topics in Victorian Lit,"(3, 3)",English,,
Eng 442,Antebellum American Literature,"(3, 3)",English,,
Eng 443,Special Topics American Lit 1860-1900,"(3, 3)",English,,
Eng 445,Special Topics in 19th Century Lit,"(3, 3)",English,,
Eng 448,Sp Topics 20 & 21st Cent. British Lit,"(3, 3)",English,,
Eng 450,Sp Topics 20 & 21st Cent. American Lit,"(3, 3)",English,,
Eng 452,Transatlantic Lit 1900 to Present,"(3, 3)",English,,
Eng 454,Special Topics in Modernism,"(3, 3)",English,,
Eng 457,Special Topics in Contemporary Lit,"(3, 3)",English,,
Eng 458,Southern Environmental Literature,"(3, 3)",English,,
Eng 460,Faulkner,"(3, 3)",English,,
Eng 461,Special Topics in Southern Literature,"(3, 3)",English,,
Eng 462,Special Topics in the Global South,"(3, 3)",English,,
Eng 465,Special Topics in Native American Lit,"(3, 3)",English,,
Eng 468,Major African American Writers,"(3, 3)",English,,
Eng 469,Special Topics in African American Lit,"(3, 3)",English,,
Eng 472,Seminar in Diverse Perspectives,"(3, 3)",English,,
Eng 473,Prison & the Literary Imagination,"(3, 3)",English,,
Eng 474,Special Topics in World Literature,"(3, 3)",English,,
Eng 476,Special Topics in Anglophone Literature,"(3, 3)",English,,
Eng 478,Special Topics in Irish Literature,"(3, 3)",English,,
Eng 479,Special Topics Comparative Black Lit,"(3, 3)",English,,
Eng 481,Special Topics in Caribbean Literature,"(3, 3)",English,,
Eng 483,Special Topics in African Literature,"(3, 3)",English,,
Eng 486,Special Topics in Postcolonial Studies,"(3, 3)",English,,
Eng 488,Special Topics Gender/Sexuality Studies,"(3, 3)",English,,
Eng 489,"Power, Knowledge, and Gender","(3, 3)",English,,
Eng 490,Special Topics in Queer Theory,"(3, 3)",English,,
Eng 491,Special Topics in Gender and Literature,"(3, 3)",English,,
Eng 492,Directed Research Assistantship II,"(1, 3)",English,,
Eng 493,Special Topics in Race and Ethnicity,"(3, 3)",English,,
Eng 494,Special Topics in Environmental Studies,"(3, 3)",English,,
Eng 495,Literature and the Nonhuman,"(3, 3)",English,,
Eng 496,Directed Reading,"(3, 3)",English,,
Eng 497,English Study Abroad,"(3, 6)",English,,
Eng 498,Thesis Workshop,"(1, 1)",English,,
Eng 499,Senior Thesis,"(3, 6)",English,,
Eng 500,Studies on Location,"(3, 3)",English,,
Eng 501,Studies Abroad,"(1, 6)",English,,
Eng 502,Directed Reading,"(3, 3)",English,,
Eng 506,Old English I,"(3, 3)",English,,
Eng 507,Old English II,"(3, 3)",English,,
Eng 508,Advanced History of the English Language,"(3, 3)",English,,
Eng 513,Old Norse,"(3, 3)",English,,
Eng 514,Studies in Faulkner,"(3, 3)",English,,
Eng 515,Non Fiction Workshop,"(3, 3)",English,,
Eng 516,Fiction Workshop,"(3, 3)",English,,
Eng 517,Poetry Workshop,"(3, 3)",English,,
Eng 518,Writing Theory,"(3, 3)",English,,
Eng 519,Teaching English Grammar,"(3, 3)",English,,
Eng 520,Teaching Writing for Thinking,"(3, 3)",English,,
Eng 521,Topics for English Teachers,"(3, 3)",English,,
Eng 522,Special Topics in English,"(3, 3)",English,,
Eng 600,Intro to Graduate Study,"(3, 3)",English,,
Eng 615,Fundamentals of Applied Linguistics,"(3, 3)",English,,
Eng 617,Teaching First-year Composition,"(3, 3)",English,,
Eng 677,Graduate Creative Nonfiction Workshop,"(3, 3)",English,,
Eng 678,Graduate Screenwriting Workshop,"(3, 3)",English,,
Eng 679,"Form, Craft, and Influence: Poetry","(3, 3)",English,,
Eng 680,Graduate Fiction Workshop I,"(3, 3)",English,,
Eng 681,Graduate Fiction Workshop II,"(3, 3)",English,,
Eng 682,Graduate Poetry Workshop,"(3, 3)",English,,
Eng 683,"Form, Craft, and Influence: Fiction","(3, 3)",English,,
Eng 684,Directed Reading in Creative Writing,"(3, 3)",English,,
Eng 686,Studies in Genre,"(3, 3)",English,,
Eng 693,Directed Reading in English Literature,"(3, 3)",English,,
Eng 695,Directed Reading in American Literature,"(3, 3)",English,,
Eng 696,Directed Research,"(1, 6)",English,,
Eng 697,MA Thesis,"(1, 12)",English,,
Eng 698,MFA Thesis,"(1, 12)",English,,
Eng 703,Studies in Early English Literature,"(3, 3)",English,,
Eng 705,Studies in Middle English,"(3, 3)",English,,
Eng 706,Studies in Chaucer,"(3, 3)",English,,
Eng 710,Studies in Early Modern Literature,"(3, 3)",English,,
Eng 711,Studies in Shakespeare,"(3, 3)",English,,
Eng 714,Milton,"(3, 3)",English,,
Eng 715,British Lit of Restoration 18th Century,"(3, 3)",English,,
Eng 717,18th Century Studies,"(3, 3)",English,,
Eng 720,Studies in the Romantic Period,"(3, 3)",English,,
Eng 721,Studies in the Victorian Period,"(3, 3)",English,,
Eng 725,Studies in Modern British Literature,"(3, 3)",English,,
Eng 727,Studies in Modern & Contemporary Lit,"(3, 3)",English,,
Eng 730,Textual Studies and History of the Book,"(3, 3)",English,,
Eng 731,Studies in Literary Genres,"(3, 3)",English,,
Eng 732,Studies in the Lyric,"(3, 3)",English,,
Eng 733,Studies in Drama,"(3, 3)",English,,
Eng 735,Studies in the Novel,"(3, 3)",English,,
Eng 736,Theory and Criticism of Poetry,"(3, 3)",English,,
Eng 737,Studies in Film,"(3, 3)",English,,
Eng 738,Special Topics in Film Study,"(3, 3)",English,,
Eng 740,Studies in Critical Theory,"(3, 3)",English,,
Eng 741,Cultural Studies,"(3, 3)",English,,
Eng 742,Studies in Gender,"(3, 3)",English,,
Eng 743,Studies in Literature & the Environment,"(3, 3)",English,,
Eng 745,Studies in World Literature,"(3, 3)",English,,
Eng 746,"Postcolonial Lit, Culture, and Criticism","(0, 3)",English,,
Eng 747,Studies in African and African Diasporic,"(3, 3)",English,,
Eng 760,Studies in Early American Literature,"(3, 3)",English,,
Eng 762,Studies in 19th Century American Lit,"(3, 3)",English,,
Eng 763,Studies in Modern American Lit,"(3, 3)",English,,
Eng 765,Modern American Drama,"(3, 3)",English,,
Eng 766,Studies in Contempory American Literatur,"(3, 3)",English,,
Eng 767,Studies in Major American Writers,"(3, 3)",English,,
Eng 768,Studies in the American Novel,"(3, 3)",English,,
Eng 770,Studies in Faulkner,"(3, 3)",English,,
Eng 775,Studies in American Literary Regionalism,"(3, 3)",English,,
Eng 776,Studies in Southern Literature,"(3, 3)",English,,
Eng 781,Studies in Composition and Rhetoric,"(3, 3)",English,,
Eng 782,Research in Composition,"(3, 3)",English,,
Eng 790,The Modernist Colloquium,"(3, 3)",English,,
Eng 791,Internship Seminar in College English,"(3, 3)",English,,
Eng 796,Doctoral Essay,"(3, 3)",English,,
Eng 797,Dissertation,"(1, 18)",English,,
Engr 100,Introduction to Engineering,"(3, 3)",,,
Engr 101,Engineering Fundamentals,"(2, 2)",,,
Engr 102,Principles of Engineering,"(3, 3)",,,
Engr 111,Engineering Fundamentals Lab,"(1, 1)",,,
Engr 196,Special Topics in Engineering Science,"(1, 3)",,,
Engr 197,Special Topics in Engineering Science,"(1, 3)",,,
Engr 201,Computer Aided Design for Engineering,"(3, 3)",,,
Engr 207,Graphics I,"(1, 1)",,,
Engr 296,Special Topics in Engineering Science,"(1, 3)",,,
Engr 297,Special Topics in Engineering Science,"(1, 3)",,,
Engr 307,Technical Communications,"(2, 2)",,,
Engr 309,Statics,"(3, 3)",,,
Engr 310,Engineering Analysis I,"(3, 3)",,,
Engr 311,Intermediate Mechanics,"(3, 3)",,,
Engr 312,Mechanics of Materials,"(3, 3)",,,
Engr 313,Introduction to Materials Science,"(3, 3)",,,
Engr 314,Materials Science Laboratory,"(1, 1)",,,
Engr 321,Thermodynamics,"(3, 3)",,,
Engr 322,Transport Phenomena,"(3, 3)",,,
Engr 323,Fluid Mechanics,"(3, 3)",,,
Engr 340,Engineering Geology,"(4, 4)",,,
Engr 345,Engineering Economy,"(3, 3)",,,
Engr 351,Socio-Technology I,"(3, 3)",,,
Engr 352,Socio-Technology II,"(3, 3)",,,
Engr 360,Electric Circuit Theory,"(3, 3)",,,
Engr 361,Electric Circuit  Laboratory,"(1, 1)",,,
Engr 363,Introductory Electric Circuit Laboratory,"(1, 1)",,,
Engr 390,Professional Communication for Engineers,"(3, 3)",,,
Engr 396,Special Topics in Engineering Science,"(1, 3)",,,
Engr 397,Special Topics in Engineering Science,"(1, 3)",,,
Engr 400,Leadership & Professionalism in Engineer,"(1, 1)",,,
Engr 402,Engineering Fundamentals,"(1, 1)",,,
Engr 407,Legal and Moral Aspects of Engineering,"(1, 1)",,,
Engr 410,Engineering Analysis II,"(4, 4)",,,
Engr 415,Engineering Acoustics I,"(3, 3)",,,
Engr 431,Fundamentals of Systems Engineering,"(3, 3)",,,
Engr 450,Product Design and Development,"(3, 3)",,,
Engr 451,General Engineering Senior Design I,"(2, 2)",,,
Engr 452,General Engineering Senior Design II,"(1, 1)",,,
Engr 453,Prob and Stat Analyses in Engr Design,"(3, 3)",,,
Engr 496,Special Topics in Engineering Science,"(1, 3)",,,
Engr 497,Special Topics in Engineering Science,"(1, 3)",,,
Engr 501,Fundamentals of Computer Science,"(3, 3)",,,
Engr 502,Software Systems,"(3, 3)",,,
Engr 515,Acoustics,"(3, 3)",,,
Engr 523,Engineering Thermal Management,"(3, 3)",Mechanical Engineering,,
Engr 540,Environmental Organic Transport Phenomen,"(3, 3)",Chemical Engineering,,
Engr 541,Foundations of Nano Engineering and Sci,"(3, 3)",Civil Engineering,,
Engr 542,Molecular Modeling of Nano Materials,"(3, 3)",Chemical Engineering,,
Engr 544,Synth and Fab of Nano Materials,"(3, 3)",Chemical Engineering,,
Engr 545,Polymer Nanocomposites,"(3, 3)",Chemical Engineering,,
Engr 546,Micro/Nanoscale Fabrication,"(3, 3)",Mechanical Engineering,,
Engr 547,Characterization MethodsforNanomaterials,"(3, 3)",Civil Engineering,,
Engr 551,Engineering Thermodynamics,"(3, 3)",,,
Engr 554,Computational Heat Transfer,"(3, 3)",Mechanical Engineering,,
Engr 555,Field Testing & Insr. in Geotech. Engr.,"(3, 3)",,,
Engr 558,Vibration Analysis,"(3, 3)",,,
Engr 559,Elements of Robotics,"(3, 3)",,,
Engr 571,Service Learning in Water Treatment,"(3, 3)",,,
Engr 573,Environmental Remediation,"(3, 3)",,,
Engr 577,Geophysics I,"(3, 3)",,,
Engr 579,Geophysics II,"(3, 3)",,,
Engr 582,Interdisciplinary Field Projects,"(1, 6)",,,
Engr 585,Mechanics of Composite Materials I,"(3, 3)",,,
Engr 590,Finite Element Analysis I,"(3, 3)",,,
Engr 591,Engineering Analysis I,"(3, 3)",,,
Engr 592,Engineering Analysis II,"(3, 3)",,,
Engr 593,Approximate Methods of Engr Analysis I,"(3, 3)",,,
Engr 594,Approximate Methods of Engr Analysis II,"(3, 3)",,,
Engr 596,Special Projects in Engineering Science,"(1, 3)",,,
Engr 597,Special Projects in Engineering Science,"(1, 3)",,,
Engr 598,Special Projects in Engineering Science,"(1, 3)",,,
Engr 600,Advanced Geochemistry,"(3, 3)",,,
Engr 601,Compressible Flow,"(3, 3)",,,
Engr 602,Lithostratigraphy,"(3, 3)",,,
Engr 603,Fluid Mechanics I,"(3, 3)",,,
Engr 604,Fluid Dynamics II,"(3, 3)",,,
Engr 605,Convective Heat and Mass Transfer,"(3, 3)",,,
Engr 606,Numerical Heat Transfer and Fluid Flow,"(3, 3)",,,
Engr 607,Statistical Thermodynamics,"(3, 3)",,,
Engr 608,Physical Gas Dynamics,"(3, 3)",,,
Engr 609,Time Series Analysis,"(3, 3)",,,
Engr 610,Data Communications Protocols,"(3, 3)",,,
Engr 611,Aeroacoustics,"(3, 3)",,,
Engr 612,Aeroelasticity,"(3, 3)",,,
Engr 613,Exp Method in Aerodynamics/Aeroacoustics,"(3, 3)",,,
Engr 614,Geometrics,"(3, 3)",,,
Engr 615,Analytical Petroleum Geology,"(3, 3)",,,
Engr 616,Isotope Hydrogeology,"(3, 3)",,,
Engr 617,Continuum Mechanics,"(3, 3)",,,
Engr 618,Vadose Zone Hydrology,"(3, 3)",,,
Engr 620,Advanced Remote Sensing,"(3, 3)",,,
Engr 622,Advanced Electromagnetic Theory,"(3, 3)",,,
Engr 624,Active Microwave Circuits,"(3, 3)",,,
Engr 625,Adv. Topics in Computational Mechanics,"(3, 3)",,,
Engr 626,Numerical Methods in Electromagnetics,"(3, 3)",,,
Engr 627,Ray Methods in Electromagnetics,"(2, 3)",,,
Engr 629,Televisions Systems II,"(3, 3)",,,
Engr 633,Process Dynamics and Control I,"(3, 3)",,,
Engr 635,Optimization,"(3, 3)",,,
Engr 636,Groundwater Mechanics,"(3, 3)",,,
Engr 637,Groundwater Modeling,"(3, 3)",,,
Engr 641,Clay Petrology,"(3, 3)",,,
Engr 642,X-Ray Diffraction Analysis,"(4, 4)",,,
Engr 643,Advanced Geomorphology,"(3, 3)",,,
Engr 644,Carbonate Petrology,"(3, 3)",,,
Engr 645,Contaminant Transport,"(3, 3)",,,
Engr 646,Advanced Stratigraphy,"(3, 3)",,,
Engr 648,Numerical Modeling in Geoscience & Engr,"(3, 3)",,,
Engr 649,Advanced Foundation Engineering,"(3, 3)",,,
Engr 650,Radar Remote Sensing,"(3, 3)",,,
Engr 652,Advanced Compiler Design,"(3, 3)",,,
Engr 653,Computer Structures,"(3, 3)",,,
Engr 654,Information Systems Principles,"(3, 3)",,,
Engr 656,Operating Systems Design Concepts,"(3, 3)",,,
Engr 657,Timesharing Computer Systems,"(3, 3)",,,
Engr 659,Advanced Information Retrieval,"(3, 3)",,,
Engr 660,Software Engineering II,"(3, 3)",,,
Engr 661,Computer Networks II,"(3, 3)",,,
Engr 662,Advanced Artificial Intelligence,"(3, 3)",,,
Engr 663,Advanced Rate and Equilibrium Processes,"(3, 3)",,,
Engr 664,Theory of Concurrent Programming,"(3, 3)",,,
Engr 665,Thermodynamics of Chemical Systems,"(3, 3)",,,
Engr 666,Fault Tolerant Computing,"(3, 3)",,,
Engr 667,Mass Transfer I,"(3, 3)",,,
Engr 669,Chemical Reaction and Reactor Analysis I,"(3, 3)",,,
Engr 670,Chemical Reaction &  Reactor Analysis II,"(3, 3)",,,
Engr 671,Elasticity,"(3, 3)",,,
Engr 672,Viscoelasticity,"(3, 3)",,,
Engr 673,Plasticity,"(3, 3)",,,
Engr 674,Fracture Mechanics,"(3, 3)",,,
Engr 677,Plates and Shells,"(3, 3)",,,
Engr 678,Elasticstability,"(3, 3)",,,
Engr 679,Wave Propagation,"(3, 3)",,,
Engr 680,Advanced Acoustics,"(3, 3)",,,
Engr 683,Advanced Physical Metallurgy,"(3, 3)",,,
Engr 684,Advanced Mechanical Metallurgy,"(3, 3)",,,
Engr 685,Mechanics of Composite Materials II,"(3, 3)",,,
Engr 686,Multimedia Technologies II,"(3, 3)",,,
Engr 687,Special Functions for Applications,"(3, 3)",,,
Engr 688,Current Issues in Telecommunications,"(3, 3)",,,
Engr 689,Control of Robotics Manipulators,"(3, 3)",,,
Engr 690,Finite Element Analysis II,"(3, 3)",,,
Engr 691,Special Topics in Engineering Science I,"(1, 3)",,,
Engr 692,Special Topics in Engineering Science II,"(1, 3)",,,
Engr 693,Research Topics in Engineering Science I,"(1, 3)",,,
Engr 694,Research Topics in Eng. Science II,"(1, 3)",,,
Engr 695,Seminar,"(1, 1)",,,
Engr 696,Seminar  in Environmental Engineering,"(1, 1)",,,
Engr 697,Thesis,"(1, 12)",,,
Engr 699,Special Topics in Engineering Science,"(1, 6)",,,
Engr 702,Finite Element Analysis of Fluid Flows,"(3, 3)",,,
Engr 706,Adv  Waste Treat Proc in Sanitary Eng,"(3, 3)",,,
Engr 711,Turbulence,"(3, 3)",,,
Engr 712,Statistical Theory Turbulent Diffusion,"(3, 3)",,,
Engr 713,Hydrodynamic Stability,"(3, 3)",,,
Engr 714,Coastal Hydrodynamics,"(3, 3)",,,
Engr 715,Applied Hydro- and Aeromechanics I,"(3, 3)",,,
Engr 716,Applied Hydro- and Aeromechanics II,"(3, 3)",,,
Engr 717,Special Topics in Thermal Science,"(1, 3)",,,
Engr 718,Coding for Error Code,"(3, 3)",,,
Engr 719,Advanced Microwave Measurements,"(3, 3)",,,
Engr 720,Advanced Turbulence,"(3, 3)",,,
Engr 721,Advanced Electrodynamics,"(3, 3)",,,
Engr 723,Passive Microwave Circuits,"(3, 3)",,,
Engr 725,Antennas,"(3, 3)",,,
Engr 728,Adv Numerical Methods in Electromagnetic,"(3, 3)",,,
Engr 729,Special Topics in Electromagnetic Theory,"(1, 3)",,,
Engr 749,Special Topics in Soil Science,"(1, 3)",,,
Engr 779,Special Topics in Solid Mechanics,"(1, 3)",,,
Engr 797,Dissertation,"(1, 18)",,,
Engs 501,Geospatial Primer,"(1, 1)",,,
Engs 504,Remote Sensing Fundamentals,"(1, 1)",,,
Engs 523,Sensors and Platforms,"(3, 3)",,,
Engs 603,Analysis of Algorithms,"(3, 3)",,,
Engs 606,Computer Networks,"(3, 3)",,,
Engs 610,Telecommunication Network Engineering,"(3, 3)",,,
Engs 611,Geospatial Science Primer,"(1, 1)",,,
Engs 612,Remote Sensing Fundamentals,"(1, 1)",,,
Engs 613,Introduction to Remote Sensing Systems,"(1, 1)",,,
Engs 614,Remote Sensing and Digital Images,"(1, 1)",,,
Engs 620,Geospatial Information Technology,"(3, 3)",,,
Engs 621,Orbital Mechanics,"(3, 3)",,,
Engs 624,Introduction to Digital Image Processing,"(3, 3)",,,
Engs 626,Community Growth,"(3, 3)",,,
Engs 627,Applied Probability Modeling,"(3, 3)",,,
Engs 633,Microwave Filters,"(2, 2)",,,
Engs 671,Digital Topographic Mapping,"(3, 3)",,,
Engs 672,Remote Sensing and the Environment,"(3, 3)",,,
Engs 673,Advanced Digital Image Processing,"(3, 3)",,,
Engs 674,Geospatial Data Synthesis and Modeling,"(3, 3)",,,
Engs 675,Microwave Data,"(3, 3)",,,
Engs 681,Advanced Sensor Systems Data Collection,"(3, 3)",,,
Engs 682,Remote Sensing to Ecological Modeling,"(3, 3)",,,
Engs 683,Land Use and Land Cover Applications,"(3, 3)",,,
Engs 684,Agricultural Applications Remote Sensing,"(3, 3)",,,
Engs 685,Business Geographics,"(3, 3)",,,
Ent 101,Social Entrepreneurship,"(3, 3)",Management,,
Ent 321,Entrepreneurial Pitching,"(3, 3)",Management,,
Ent 331,Social Influencing in Sport,"(3, 3)",Management,,
Ent 351,Design Thinking for Innovation,"(3, 3)",Management,,
Ent 352,Entrepreneurial Law,"(3, 3)",Management,,
Ent 356,Quickbooks,"(3, 3)",Management,,
Ent 380,Topics in Entrepreneurship Abroad,"(1, 6)",Management,,
Ent 381,Arts Entrepreneurship,"(3, 3)",Management,,
Ent 382,Franchising,"(3, 3)",Management,,
Ent 386,Digital Marketing,"(3, 3)",Management,,
Ent 387,Digital Marketing II,"(3, 3)",Management,,
Ent 388,e-Commerce Strategy for Entrepreneurs,"(3, 3)",Management,,
Ent 395,Honors Thesis in Entrepreneurship,"(3, 3)",Management,,
Ent 396,Business Venturing,"(3, 3)",Management,,
Ent 411,Project Management for PMI Certification,"(3, 3)",Management,,
Ent 412,Basics of Applied International Trade,"(3, 3)",Management,,
Ent 422,Blockchain and the Modern Economy,"(3, 3)",Management,,
Ent 426,Venture Ideas,"(3, 3)",Management,,
Ent 436,Business Strategy and Modeling,"(3, 3)",Management,,
Ent 446,Corporate Innovation,"(3, 3)",Management,,
Ent 451,Biomedical Entrepreneurship,"(3, 3)",Management,,
Ent 456,Venture Finance,"(3, 3)",Management,,
Ent 466,Regulation in New Ventures,"(3, 3)",Management,,
Ent 476,Entrepreneurial Leadership,"(3, 3)",Management,,
Ent 486,Family Business Management,"(3, 3)",Management,,
Ent 498,Executive Perspectives on Dealmaking,"(3, 3)",Management,,
Ent 499,Venture Accelerator,"(3, 3)",Management,,
Ent 651,Business Planning and Entrepreneurship,"(3, 3)",Management,,
Ent 652,Addressing Your Market,"(3, 3)",Management,,
Ent 653,"Innovation, and Design Thinking","(3, 3)",Management,,
Ent 654,Venture Accelerator,"(3, 3)",Management,,
Envs 101,Humanities and the Environment,"(3, 3)",,,
Envs 301,Advanced Humanities and the Environment,"(3, 3)",,,
Envs 311,Study Abroad-Environment & Humanities,"(3, 3)",,,
Envs 312,Study Abroad-Environment &Social Science,"(3, 3)",,,
Envs 313,Study Abroad-Environment & Nat. Science,"(3, 3)",,,
Envs 321,Special Topics in Humanities,"(1, 3)",,,
Envs 322,Special Topics in Social Sciences,"(1, 3)",,,
Envs 323,Special Topics in Natural Sciences,"(1, 3)",,,
Envs 333,Natural Sciences for Envs Minors,"(1, 3)",,,
Envs 385,Environmental Studies Internship,"(3, 3)",,,
Envs 397,Topics in Environmental Studies Abroad,"(3, 4)",,,
Envs 399,Special Topics in Environmental Studies,"(3, 4)",,,
ES 100,Introduction to Exercise Science,"(1, 1)","Health, Exercise Sci & Recreation Mgmt",,
ES 104,Sports in the Ancient World,"(3, 3)","Health, Exercise Sci & Recreation Mgmt",,
ES 200,Principles of Personal Training,"(3, 3)","Health, Exercise Sci & Recreation Mgmt",,
ES 201,Exercise as Medicine,"(3, 3)","Health, Exercise Sci & Recreation Mgmt",,
ES 319,Sport and Society,"(3, 3)","Health, Exercise Sci & Recreation Mgmt",,
ES 338,Neuroscience of Exercise,"(3, 3)","Health, Exercise Sci & Recreation Mgmt",,
ES 344,Aging in the 21st Century,"(3, 3)","Health, Exercise Sci & Recreation Mgmt",,
ES 346,Kinesiology,"(3, 3)","Health, Exercise Sci & Recreation Mgmt",,
ES 347,Kinesiology Lab,"(1, 1)","Health, Exercise Sci & Recreation Mgmt",,
ES 348,Physiology of Exercise,"(3, 3)","Health, Exercise Sci & Recreation Mgmt",,
ES 349,Physiology of Exercise Laboratory,"(1, 1)","Health, Exercise Sci & Recreation Mgmt",,
ES 350,Research Methods in HESRM,"(3, 3)","Health, Exercise Sci & Recreation Mgmt",,
ES 351,Measurement & Statistics in Exercise Sci,"(3, 3)","Health, Exercise Sci & Recreation Mgmt",,
ES 358,Exercise Testing and Prescription,"(3, 3)","Health, Exercise Sci & Recreation Mgmt",,
ES 359,Exercise Testing and Prescription Labora,"(1, 1)","Health, Exercise Sci & Recreation Mgmt",,
ES 391,Trends & Topics in Exercise Science,"(3, 3)","Health, Exercise Sci & Recreation Mgmt",,
ES 393,Experiential Learning,"(1, 5)","Health, Exercise Sci & Recreation Mgmt",,
ES 394,Therapeutic Exercise and Fitness,"(3, 3)","Health, Exercise Sci & Recreation Mgmt",,
ES 396,Allied Health Terminology,"(3, 3)","Health, Exercise Sci & Recreation Mgmt",,
ES 402,Found. of Health and Human Performance,"(3, 3)","Health, Exercise Sci & Recreation Mgmt",,
ES 440,Behavioral Aspects of Exercise,"(3, 3)","Health, Exercise Sci & Recreation Mgmt",,
ES 446,Biomechanics of Human Movement,"(3, 3)","Health, Exercise Sci & Recreation Mgmt",,
ES 452,Applied Sport Science,"(4, 4)","Health, Exercise Sci & Recreation Mgmt",,
ES 456,Clinical Exercise Testing & Prescription,"(3, 3)","Health, Exercise Sci & Recreation Mgmt",,
ES 458,Clinical Exercise Testing and Prescripti,"(3, 3)","Health, Exercise Sci & Recreation Mgmt",,
ES 471,"Mgmt. of Health, Fitness and Sport Progr","(3, 3)","Health, Exercise Sci & Recreation Mgmt",,
ES 473,Practicum,"(3, 3)","Health, Exercise Sci & Recreation Mgmt",,
ES 490,Independent Study,"(1, 3)","Health, Exercise Sci & Recreation Mgmt",,
ES 493,Internship,"(6, 6)","Health, Exercise Sci & Recreation Mgmt",,
ES 503,Data Analytics and Methodologies,"(3, 3)","Health, Exercise Sci & Recreation Mgmt",,
ES 511,Applied Statistics,"(3, 3)","Health, Exercise Sci & Recreation Mgmt",,
ES 514,Applied Electromyography,"(3, 3)","Health, Exercise Sci & Recreation Mgmt",,
ES 515,Stress and the Brain,"(3, 3)","Health, Exercise Sci & Recreation Mgmt",,
ES 542,Sports Psychology,"(3, 3)","Health, Exercise Sci & Recreation Mgmt",,
ES 544,The American Woman in Sports,"(3, 3)","Health, Exercise Sci & Recreation Mgmt",,
ES 574,Selected Problems in Special Populations,"(3, 3)","Health, Exercise Sci & Recreation Mgmt",,
ES 603,Data Analytics Methodologies,"(3, 3)","Health, Exercise Sci & Recreation Mgmt",,
ES 606,Ethics and Human Subjects Research,"(3, 3)","Health, Exercise Sci & Recreation Mgmt",,
ES 608,Methods & Procedures of Graded Exercise,"(3, 3)","Health, Exercise Sci & Recreation Mgmt",,
ES 609,Motor Behavior,"(3, 3)","Health, Exercise Sci & Recreation Mgmt",,
ES 610,Internship in Exercise Science,"(3, 9)","Health, Exercise Sci & Recreation Mgmt",,
ES 611,Exercise Physiology I,"(3, 3)","Health, Exercise Sci & Recreation Mgmt",,
ES 613,Health Aspects of Physical Activity,"(3, 3)","Health, Exercise Sci & Recreation Mgmt",,
ES 614,Cardiovascular Physiology,"(3, 3)","Health, Exercise Sci & Recreation Mgmt",,
ES 615,Physiological Aspects of Aging,"(3, 3)","Health, Exercise Sci & Recreation Mgmt",,
ES 616,Exercise Physiology II,"(3, 3)","Health, Exercise Sci & Recreation Mgmt",,
ES 618,Advanced Muscle Physiology,"(3, 3)","Health, Exercise Sci & Recreation Mgmt",,
ES 620,Selected Topics in Exercise Science,"(3, 3)","Health, Exercise Sci & Recreation Mgmt",,
ES 625,Research Design and Evaluation,"(3, 3)","Health, Exercise Sci & Recreation Mgmt",,
ES 626,Statistical Analysis I,"(3, 3)","Health, Exercise Sci & Recreation Mgmt",,
ES 632,Advanced Structural Kinesiology,"(3, 3)","Health, Exercise Sci & Recreation Mgmt",,
ES 644,Control of Human Voluntary Movement,"(3, 3)","Health, Exercise Sci & Recreation Mgmt",,
ES 650,Seminar In Exercise Science,"(1, 1)","Health, Exercise Sci & Recreation Mgmt",,
ES 651,Advanced Individual Study,"(1, 6)","Health, Exercise Sci & Recreation Mgmt",,
ES 652,Advanced Individual Study,"(1, 3)","Health, Exercise Sci & Recreation Mgmt",,
ES 653,Independent Research,"(3, 3)","Health, Exercise Sci & Recreation Mgmt",,
ES 655,Problems in PE/Health Education,"(3, 3)","Health, Exercise Sci & Recreation Mgmt",,
ES 697,Thesis,"(1, 12)","Health, Exercise Sci & Recreation Mgmt",,
ES 750,Advanced Seminar in Exercise Science,"(1, 1)","Health, Exercise Sci & Recreation Mgmt",,
Espr 797,Dissertation,"(1, 18)","Health, Exercise Sci & Recreation Mgmt",,
Fin 101,Excel in Excel,"(3, 3)",Finance,,
Fin 120,Financial Literacy,"(3, 3)",Finance,,
Fin 303,Money and Banking,"(3, 3)",Finance,,
Fin 331,Business Finance I,"(3, 3)",Finance,,
Fin 333,Financial Markets and Institutions,"(3, 3)",Finance,,
Fin 334,Investments,"(3, 3)",Finance,,
Fin 338,Intermediate Financial Management,"(3, 3)",Finance,,
Fin 341,Risk Management and Insurance,"(3, 3)",Finance,,
Fin 342,Life and Health Insurance,"(3, 3)",Finance,,
Fin 351,Principles of Real Estate,"(3, 3)",Finance,,
Fin 353,Real Estate Valuation and Appraisal,"(3, 3)",Finance,,
Fin 361,Quantitative Financial Analysis,"(3, 3)",Finance,,
Fin 380,Topics in Finance Abroad,"(1, 6)",Finance,,
Fin 395,Honors Thesis in Finance,"(3, 3)",Finance,,
Fin 411,Finance Fundamentals for MBA Applicants,"(3, 3)",Finance,,
Fin 431,Financial Decision Making,"(3, 3)",Finance,,
Fin 441,Commercial Insurance,"(3, 3)",Finance,,
Fin 442,Insurance Company Operations,"(3, 3)",Finance,,
Fin 445,Internship In Insurance and Risk Mgmt,"(3, 6)",Finance,,
Fin 451,Real Estate Law,"(3, 3)",Finance,,
Fin 453,Advanced Income Appraisal,"(3, 3)",Finance,,
Fin 455,Real Estate Finance and Investment,"(3, 3)",Finance,,
Fin 461,Financial Statement Analysis,"(3, 3)",Finance,,
Fin 468,International Financial Management,"(3, 3)",Finance,,
Fin 499,Business Finance Topics,"(3, 3)",Finance,,
Fin 533,Security Analysis and Portfolio Mgmt,"(3, 3)",Finance,,
Fin 534,Managing Financial Institutions,"(3, 3)",Finance,,
Fin 537,Bank Management I,"(3, 3)",Finance,,
Fin 538,Bank Management II,"(3, 3)",Finance,,
Fin 542,Enterprise Risk Management,"(3, 3)",Finance,,
Fin 555,Real Estate Investment Analysis,"(3, 3)",Finance,,
Fin 568,International Finance,"(3, 3)",Finance,,
Fin 581,"Futures, Options, and Swaps","(3, 3)",Finance,,
Fin 620,Advanced Directed Study,"(3, 3)",Finance,,
Fin 622,International Finance,"(3, 3)",Finance,,
Fin 626,Seminar in International Econ & Finance,"(3, 3)",Finance,,
Fin 631,Seminar in Business Finance,"(3, 3)",Finance,,
Fin 633,Investment Analysis,"(3, 3)",Finance,,
Fin 634,Financial Management I,"(3, 3)",Finance,,
Fin 635,Financial Management II,"(3, 3)",Finance,,
Fin 636,Financial Mgmt Health Care Institutions,"(3, 3)",Finance,,
Fin 637,Management of Financial Intermediaries,"(3, 3)",Finance,,
Fin 642,Applied Probability Modeling,"(3, 3)",Finance,,
Fin 644,Financial  Econ: Continuous-Time Models,"(3, 3)",Finance,,
Fin 650,Research Colloquium in Econ & Finance,"(1, 1)",Finance,,
Fin 695,Special Topics in Finance,"(3, 3)",Finance,,
Fin 697,Thesis,"(1, 12)",Finance,,
Fin 797,Dissertation,"(1, 18)",Finance,,
Flut 100,Preparatory Flute,"(1, 1)",Music,,
Flut 121,Freshman Flute I,"(2, 2)",Music,,
Flut 122,Freshman Flute II,"(2, 2)",Music,,
Flut 221,Sophomore Flute I,"(2, 2)",Music,,
Flut 222,Sophomore Flute II,"(2, 2)",Music,,
Flut 241,Sophomore Flute Performance I,"(2, 2)",Music,,
Flut 242,Sophomore Flute Performance II,"(2, 2)",Music,,
Flut 321,Junior Flute I,"(2, 2)",Music,,
Flut 322,Junior Flute II,"(2, 2)",Music,,
Flut 341,Junior Flute Performance I,"(2, 2)",Music,,
Flut 342,Junior Flute Performance II,"(3, 3)",Music,,
Flut 421,Senior Flute I,"(2, 2)",Music,,
Flut 422,Senior Flute II,"(2, 2)",Music,,
Flut 441,Senior Flute Performance I,"(2, 2)",Music,,
Flut 442,Senior Flute Performance II,"(3, 3)",Music,,
Flut 521,Advanced Flute I,"(2, 2)",Music,,
Flut 522,Advanced Flute II,"(2, 2)",Music,,
Flut 541,Advanced Flute Performance I,"(2, 2)",Music,,
Flut 542,Advanced Flute Performance II,"(2, 2)",Music,,
Flut 621,Graduate Flute I,"(2, 2)",Music,,
Flut 622,Graduate Flute II,"(2, 2)",Music,,
Flut 641,Graduate Flute Performance I,"(2, 2)",Music,,
Flut 642,Graduate Flute Performance II,"(2, 2)",Music,,
Fr 101,Elementary French I,"(3, 3)",Modern Languages,,
Fr 102,Elementary French II,"(3, 3)",Modern Languages,,
Fr 111,Intensive Elementary French,"(6, 6)",Modern Languages,,
Fr 121,Accelerated Elementary French,"(3, 3)",Modern Languages,,
Fr 198,Elementary French Study Abroad,"(1, 12)",Modern Languages,,
Fr 199,Special Topics in French,"(1, 6)",Modern Languages,,
Fr 201,Intermediate French I,"(3, 3)",Modern Languages,,
Fr 202,Second Year French,"(3, 3)",Modern Languages,,
Fr 211,Intensive Intermediate French,"(6, 6)",Modern Languages,,
Fr 298,Intermediate French Study Abroad,"(1, 12)",Modern Languages,,
Fr 299,Special Topics in French,"(1, 6)",Modern Languages,,
Fr 303,Conversation & Composition I,"(3, 3)",Modern Languages,,
Fr 304,Conversation & Composition II,"(3, 3)",Modern Languages,,
Fr 311,Business French,"(3, 3)",Modern Languages,,
Fr 321,French Culture and Civilization,"(3, 3)",Modern Languages,,
Fr 322,Contemporary French Culture,"(3, 3)",Modern Languages,,
Fr 323,La Chanson Francophone,"(3, 3)",Modern Languages,,
Fr 324,French Cuisine and Culture,"(3, 3)",Modern Languages,,
Fr 325,The Francophone World,"(3, 3)",Modern Languages,,
Fr 330,Introduction to French Linguistics,"(3, 3)",Modern Languages,,
Fr 331,Intro to Lit/Literary Analysis in French,"(3, 3)",Modern Languages,,
Fr 361,French and Francophone Cinema,"(3, 3)",Modern Languages,,
Fr 362,Regional Identity in French Cinema,"(3, 3)",Modern Languages,,
Fr 387,Short Fiction in French,"(3, 3)",Modern Languages,,
Fr 398,Upper-Level French Study Abroad,"(1, 12)",Modern Languages,,
Fr 399,Special Topics,"(3, 3)",Modern Languages,,
Fr 561,Advanced French & Francophone Cinema,"(3, 3)",Modern Languages,,
Fr 571,Advanced Grammar and Composition,"(3, 3)",Modern Languages,,
Fr 572,French Phonetics and Phonology,"(3, 3)",Modern Languages,,
Fr 573,Translation Theory and Practice,"(3, 3)",Modern Languages,,
Fr 574,History of the French Language,"(3, 3)",Modern Languages,,
Fr 575,Topics in Applied French Linguistics,"(3, 3)",Modern Languages,,
Fr 577,Survey of French Literature I,"(3, 3)",Modern Languages,,
Fr 578,Survey of French Literature II,"(3, 3)",Modern Languages,,
Fr 579,Survey of French Lyric Poetry,"(3, 3)",Modern Languages,,
Fr 580,Survey of French Theater,"(3, 3)",Modern Languages,,
Fr 582,Medieval and Renaissance French Lit,"(3, 3)",Modern Languages,,
Fr 583,Seventeenth-Century French Literature,"(3, 3)",Modern Languages,,
Fr 584,Eighteenth-Century French Literature,"(3, 3)",Modern Languages,,
Fr 585,Nineteenth-Century French Literature,"(3, 3)",Modern Languages,,
Fr 586,Twentieth-Century French Literature,"(3, 3)",Modern Languages,,
Fr 587,Introduction to Francophone Literature,"(3, 3)",Modern Languages,,
Fr 588,Chretien de Troyes and His World,"(3, 3)",Modern Languages,,
Fr 589,The Environment in French Literature,"(3, 3)",Modern Languages,,
Fr 593,Topics in Cultural Studies,"(3, 3)",Modern Languages,,
Fr 598,Advanced French Study Abroad,"(1, 12)",Modern Languages,,
Fr 599,Special Topics,"(3, 3)",Modern Languages,,
Fr 601,Professional Issues in Graduate Study,"(1, 1)",Modern Languages,,
Fr 611,Intensive Elem French for Graduate St,"(3, 6)",Modern Languages,,
Fr 632,"Seminar, French Studies II","(3, 3)",Modern Languages,,
Fr 651,Instructed Second Language Acquisition,"(3, 3)",Modern Languages,,
Fr 671,Research Methods,"(3, 3)",Modern Languages,,
Fr 672,Research & Practice in Clsrm Sec. Lang.,"(3, 3)",Modern Languages,,
Fr 673,Seminar,"(3, 3)",Modern Languages,,
Fr 697,Thesis,"(1, 12)",Modern Languages,,
Frhn 100,Preparatory French Horn,"(1, 1)",Music,,
Frhn 121,Freshman French Horn I,"(2, 2)",Music,,
Frhn 122,Freshman French Horn II,"(2, 2)",Music,,
Frhn 221,Sophomore French Horn I,"(2, 2)",Music,,
Frhn 222,Sophomore French Horn II,"(2, 2)",Music,,
Frhn 241,Sophomore French Horn Performance I,"(2, 2)",Music,,
Frhn 242,Sophomore French Horn Performance II,"(2, 2)",Music,,
Frhn 321,Junior French Horn I,"(2, 2)",Music,,
Frhn 322,Junior French Horn II,"(2, 2)",Music,,
Frhn 341,Junior French Horn Performance I,"(2, 2)",Music,,
Frhn 342,Junior French Horn Performance II,"(3, 3)",Music,,
Frhn 421,Senior French Horn I,"(2, 2)",Music,,
Frhn 422,Senior French Horn II,"(2, 2)",Music,,
Frhn 441,Senior French Horn Performance I,"(2, 2)",Music,,
Frhn 442,Senior French Horn Performance II,"(3, 3)",Music,,
Frhn 521,Advanced French Horn I,"(2, 2)",Music,,
Frhn 522,Advanced French Horn II,"(2, 2)",Music,,
Frhn 541,Advanced French Horn Performance I,"(2, 2)",Music,,
Frhn 542,Advanced French Horn Performance II,"(2, 2)",Music,,
Frhn 621,Graduate French Horn I,"(2, 2)",Music,,
Frhn 622,Graduate French Horn II,"(2, 2)",Music,,
Frhn 641,Graduate French Horn Performance I,"(2, 2)",Music,,
Frhn 642,Graduate French Horn Performance II,"(2, 2)",Music,,
FS 101,Ideals of Liberty in the US Founding,"(3, 3)",,,
FS 301,Topics in Freedom and Economics,"(3, 3)",,,
FS 302,Topics in Law and Constitutional Thought,"(3, 3)",,,
FS 303,Topics in Principles of Ordered Liberty,"(3, 3)",,,
FS 304,Topics in Struggles for Liberation,"(3, 3)",,,
G E 301,Geological Eng. Design Field Camp 1,"(3, 3)",Geology & Geological Engineering,,
G E 305,Geomechanics,"(3, 3)",Geology & Geological Engineering,,
G E 401,Geological Eng. Design Field Camp 2,"(3, 3)",Geology & Geological Engineering,,
G E 405,Engineering Geophysics,"(3, 3)",Geology & Geological Engineering,,
G E 413,Prob. & Stat. Analyses in Eng. Design,"(3, 3)",Geology & Geological Engineering,,
G E 415,Petroleum Geology,"(3, 3)",Geology & Geological Engineering,,
G E 420,Subsurface Site Characterization,"(4, 4)",Geology & Geological Engineering,,
G E 421,Geological Engineering Design,"(4, 4)",Geology & Geological Engineering,,
G E 430,Geological Field Studies I,"(4, 4)",Geology & Geological Engineering,,
G E 436,Field Camp G E Design,"(3, 3)",Geology & Geological Engineering,,
G E 450,Hydrogeology,"(4, 4)",Geology & Geological Engineering,,
G E 470,Intro.  to Geographic Information System,"(3, 3)",Geology & Geological Engineering,,
G E 490,Directed Studies and Projects,"(1, 3)",Geology & Geological Engineering,,
G E 503,Environmental Geochemistry,"(3, 3)",Geology & Geological Engineering,,
G E 507,Regional Geological Engineering,"(3, 3)",Geology & Geological Engineering,,
G E 510,Remote Sensing,"(3, 3)",Geology & Geological Engineering,,
G E 511,Spatial Analysis,"(3, 3)",Geology & Geological Engineering,,
G E 513,Economic Geology,"(3, 3)",Geology & Geological Engineering,,
G E 525,Engineering Seismology,"(3, 3)",Geology & Geological Engineering,,
G E 530,Advanced Geomechanics,"(3, 3)",Geology & Geological Engineering,,
G E 540,Rock Mechanics,"(4, 4)",Geology & Geological Engineering,,
G E 555,Introduction to Mining Engineering,"(3, 3)",Geology & Geological Engineering,,
G E 577,Geophysics I,"(3, 3)",Geology & Geological Engineering,,
G E 591,Special Topics,"(1, 3)",Geology & Geological Engineering,,
G E 635,Advanced Rock Mechanics,"(3, 3)",Geology & Geological Engineering,,
G E 681,Applications in Geophysics,"(3, 3)",,,
G St 103,Women In Antiquity,"(3, 3)",Sarah Isom Ctr For Women&Gender Studies,,
G St 107,Intro to Gender & Sexuality in the South,"(3, 3)",Sarah Isom Ctr For Women&Gender Studies,,
G St 112,Women and Power in Ancient Times,"(3, 3)",Sarah Isom Ctr For Women&Gender Studies,,
G St 201,Introduction to Gender Studies,"(3, 3)",Sarah Isom Ctr For Women&Gender Studies,,
G St 202,Introduction to Queer Studies,"(3, 3)",Sarah Isom Ctr For Women&Gender Studies,,
G St 301,Topics in Gender and Culture,"(3, 3)",Sarah Isom Ctr For Women&Gender Studies,,
G St 303,The Family,"(3, 3)",Sarah Isom Ctr For Women&Gender Studies,,
G St 304,"Men, Women, and Greek Life","(3, 3)",Sarah Isom Ctr For Women&Gender Studies,,
G St 324,Men and Masculinities,"(3, 3)",Sarah Isom Ctr For Women&Gender Studies,,
G St 325,Sociology of Gender,"(3, 3)",Sarah Isom Ctr For Women&Gender Studies,,
G St 326,Saints and Sexuality,"(3, 3)",Sarah Isom Ctr For Women&Gender Studies,,
G St 327,Genocide and Women,"(3, 3)",Sarah Isom Ctr For Women&Gender Studies,,
G St 328,African American Feminist Thought,"(3, 3)",Sarah Isom Ctr For Women&Gender Studies,,
G St 329,Queer Playwriting and American Culture,"(3, 3)",Sarah Isom Ctr For Women&Gender Studies,,
G St 330,Queer Rhetorics,"(3, 3)",Sarah Isom Ctr For Women&Gender Studies,,
G St 333,Theories in Gender,"(3, 3)",Sarah Isom Ctr For Women&Gender Studies,,
G St 337,The South and Sexuality,"(3, 3)",Sarah Isom Ctr For Women&Gender Studies,,
G St 338,Topics in Gender and the South,"(3, 3)",Sarah Isom Ctr For Women&Gender Studies,,
G St 344,Women and Politics,"(3, 3)",Sarah Isom Ctr For Women&Gender Studies,,
G St 348,Women Who Ruled in European History,"(3, 3)",Sarah Isom Ctr For Women&Gender Studies,,
G St 349,Society and the Sexes in Modern Europe,"(3, 3)",Sarah Isom Ctr For Women&Gender Studies,,
G St 350,Gender and Sexuality in Cinema,"(3, 3)",Sarah Isom Ctr For Women&Gender Studies,,
G St 352,Hemispheric Voices: Women Writers of Am.,"(3, 3)",Sarah Isom Ctr For Women&Gender Studies,,
G St 353,Gender and Sexuality in the Media,"(3, 3)",Sarah Isom Ctr For Women&Gender Studies,,
G St 356,Women in the Rabbinic Tradition,"(3, 3)",Sarah Isom Ctr For Women&Gender Studies,,
G St 357,Women in the South,"(3, 3)",Sarah Isom Ctr For Women&Gender Studies,,
G St 360,Psychology of Human Sexuality,"(3, 3)",Sarah Isom Ctr For Women&Gender Studies,,
G St 363,Gender in Latin America,"(3, 3)",Sarah Isom Ctr For Women&Gender Studies,,
G St 364,Gender/Sexuality in East Asian History,"(3, 3)",Sarah Isom Ctr For Women&Gender Studies,,
G St 366,"Sex, Gender, and the Bible","(3, 3)",Sarah Isom Ctr For Women&Gender Studies,,
G St 368,"Feminism, Women, and Religion","(3, 3)",Sarah Isom Ctr For Women&Gender Studies,,
G St 382,Intro to Gender and Sexuality Studies,"(3, 3)",Sarah Isom Ctr For Women&Gender Studies,,
G St 383,Studies in Gender and Feminism,"(3, 3)",Sarah Isom Ctr For Women&Gender Studies,,
G St 384,Studies in Gay and Lesbian Lit/Theory,"(3, 3)",Sarah Isom Ctr For Women&Gender Studies,,
G St 385,Women in Literature,"(3, 3)",Sarah Isom Ctr For Women&Gender Studies,,
G St 386,Gender on Film,"(3, 3)",Sarah Isom Ctr For Women&Gender Studies,,
G St 387,Queer YA,"(3, 3)",Sarah Isom Ctr For Women&Gender Studies,,
G St 390,Feminist Philosophy,"(3, 3)",Sarah Isom Ctr For Women&Gender Studies,,
G St 391,"Women, Gender & the Environment","(3, 3)",Sarah Isom Ctr For Women&Gender Studies,,
G St 395,Topics in Gender Studies on Location,"(3, 3)",Sarah Isom Ctr For Women&Gender Studies,,
G St 396,Exploring the Feminist Nonprofit,"(3, 3)",Sarah Isom Ctr For Women&Gender Studies,,
G St 397,Global Female Prophecy,"(3, 3)",Sarah Isom Ctr For Women&Gender Studies,,
G St 399,Special Topics in Gender Studies,"(3, 3)",Sarah Isom Ctr For Women&Gender Studies,,
G St 402,Advanced Queer Studies,"(3, 3)",Sarah Isom Ctr For Women&Gender Studies,,
G St 414,"Race, Place, and Space","(3, 3)",Sarah Isom Ctr For Women&Gender Studies,,
G St 418,African American Women's History,"(3, 3)",Sarah Isom Ctr For Women&Gender Studies,,
G St 421,Readings in Black Feminism,"(3, 3)",Sarah Isom Ctr For Women&Gender Studies,,
G St 423,Black Women's Enterprise & Activism,"(3, 3)",Sarah Isom Ctr For Women&Gender Studies,,
G St 424,Women and Avant-garde Performance,"(3, 3)",Sarah Isom Ctr For Women&Gender Studies,,
G St 425,"Religion, Gender, and Sexuality","(3, 3)",Sarah Isom Ctr For Women&Gender Studies,,
G St 426,Masculinity in American Drama,"(3, 3)",Sarah Isom Ctr For Women&Gender Studies,,
G St 427,US Sexuality History,"(3, 3)",Sarah Isom Ctr For Women&Gender Studies,,
G St 428,U.S. Women's History,"(3, 3)",Sarah Isom Ctr For Women&Gender Studies,,
G St 429,U.S. Gender History,"(3, 3)",Sarah Isom Ctr For Women&Gender Studies,,
G St 433,Theories of Gender and Sexuality,"(3, 3)",Sarah Isom Ctr For Women&Gender Studies,,
G St 438,"Language, Gender, and Sexuality","(3, 3)",Sarah Isom Ctr For Women&Gender Studies,,
G St 442,Feminist Rhetorics,"(3, 3)",Sarah Isom Ctr For Women&Gender Studies,,
G St 454,Women in Southern History,"(3, 3)",Sarah Isom Ctr For Women&Gender Studies,,
G St 482,Renaissance Women Writers,"(3, 3)",Sarah Isom Ctr For Women&Gender Studies,,
G St 488,Special Topics Gender/Sexuality Studies,"(3, 3)",Sarah Isom Ctr For Women&Gender Studies,,
G St 489,"Power, Knowledge, and Gender","(3, 3)",Sarah Isom Ctr For Women&Gender Studies,,
G St 490,Special Topics in Queer Theory,"(3, 3)",Sarah Isom Ctr For Women&Gender Studies,,
G St 491,Special Topics in Gender and Literature,"(3, 3)",Sarah Isom Ctr For Women&Gender Studies,,
G St 496,Gender Studies Capstone,"(1, 1)",Sarah Isom Ctr For Women&Gender Studies,,
G St 497,Internship in Gender Studies,"(1, 3)",Sarah Isom Ctr For Women&Gender Studies,,
G St 498,Special Topics in Gender Studies,"(3, 3)",Sarah Isom Ctr For Women&Gender Studies,,
G St 499,Directed Readings in Gender Studies,"(3, 3)",Sarah Isom Ctr For Women&Gender Studies,,
G St 565,Psychology of Gender,"(3, 3)",Sarah Isom Ctr For Women&Gender Studies,,
G St 596,Queer Mississippi,"(3, 3)",Sarah Isom Ctr For Women&Gender Studies,,
G St 599,Directed Readings in Gender Studies,"(3, 3)",Sarah Isom Ctr For Women&Gender Studies,,
G St 600,Gender Studies Methodology,"(3, 3)",Sarah Isom Ctr For Women&Gender Studies,,
G St 601,Gender Theory,"(3, 3)",Sarah Isom Ctr For Women&Gender Studies,,
G St 605,Feminist Pedagogy,"(3, 3)",Sarah Isom Ctr For Women&Gender Studies,,
G St 615,Readings-Sexuality in Modern US History,"(3, 3)",Sarah Isom Ctr For Women&Gender Studies,,
G St 641,Readings in Global History: Gender,"(3, 3)",Sarah Isom Ctr For Women&Gender Studies,,
G St 698,Special Topics in Gender Studies,"(3, 3)",Sarah Isom Ctr For Women&Gender Studies,,
G St 699,Directed Readings in Gender Studies,"(3, 3)",Sarah Isom Ctr For Women&Gender Studies,,
GB 101,Building Your Side Hustle,"(3, 3)",Management,,
GB 310,Information Technology in Business,"(3, 3)",Management,,
GB 320,Essentials of Supply Chain Management,"(3, 3)",Management,,
GB 330,Essentials of Finance,"(3, 3)",Management,,
GB 350,Essentials of Marketing,"(3, 3)",Management,,
GB 370,Entrepreneurship and Management,"(3, 3)",Management,,
GB 490,General Business Topics Review,"(3, 3)",Management,,
Geog 101,Introduction to Geography,"(3, 3)",Sociology & Anthropology,,
Geog 105,Introduction to Environment and Society,"(3, 3)",Sociology & Anthropology,,
Geog 338,"Food, Place, and Power","(3, 3)",Sociology & Anthropology,,
Geog 344,"Gender, Kinship, & Citizenship in Korea","(3, 3)",Sociology & Anthropology,,
Geog 360,Political Ecology,"(3, 3)",Sociology & Anthropology,,
Geog 362,Sustainable Development,"(3, 3)",Sociology & Anthropology,,
Geog 418,Climate Futures & Eco-Politics in Latin,"(3, 3)",Sociology & Anthropology,,
Geol 101,Physical Geology,"(3, 3)",Geology & Geological Engineering,,
Geol 102,Historical Geology,"(3, 3)",Geology & Geological Engineering,,
Geol 103,Earth Dynamics,"(4, 4)",Geology & Geological Engineering,,
Geol 104,Environmental Geology - Hazards,"(3, 3)",Geology & Geological Engineering,,
Geol 105,Environmental Geology - Resources,"(3, 3)",Geology & Geological Engineering,,
Geol 106,Earth History,"(2, 2)",Geology & Geological Engineering,,
Geol 107,Introduction to Oceanography,"(3, 3)",Geology & Geological Engineering,,
Geol 111,Physical Geology Laboratory,"(1, 1)",Geology & Geological Engineering,,
Geol 112,Historical Geology Laboratory,"(1, 1)",Geology & Geological Engineering,,
Geol 114,Environmental Geology-Hazards Laboratory,"(1, 1)",Geology & Geological Engineering,,
Geol 115,Environmental Geology - Resources Lab,"(1, 1)",Geology & Geological Engineering,,
Geol 120,Dinosaurs,"(3, 3)",Geology & Geological Engineering,,
Geol 203,Earth Dynamics Laboratory Content,"(2, 2)",Geology & Geological Engineering,,
Geol 221,Mineralogy,"(4, 4)",Geology & Geological Engineering,,
Geol 222,Elementary Petrology,"(4, 4)",Geology & Geological Engineering,,
Geol 225,Mineralogy & Elementary Petrology,"(5, 5)",Geology & Geological Engineering,,
Geol 303,Structural and Tectonic Geology,"(4, 4)",Geology & Geological Engineering,,
Geol 305,Geomorphology,"(3, 3)",Geology & Geological Engineering,,
Geol 309,Invertebrate Paleontology,"(4, 4)",Geology & Geological Engineering,,
Geol 314,Sedimentology and Stratigraphy,"(4, 4)",Geology & Geological Engineering,,
Geol 410,Coastal and Reef Dynamics,"(3, 3)",Geology & Geological Engineering,,
Geol 420,Optical Mineralogy,"(3, 3)",Geology & Geological Engineering,,
Geol 500,Intro. to Geographic Information Systems,"(3, 3)",Geology & Geological Engineering,,
Geol 505,Hydrogeology,"(4, 4)",Geology & Geological Engineering,,
Geol 517,Global Tectonics,"(3, 3)",Geology & Geological Engineering,,
Geol 518,Quantitative Methods in Geo. & Geo Eng,"(3, 3)",Geology & Geological Engineering,,
Geol 520,Advanced Igneous and Metamorphic Petrolo,"(3, 3)",Geology & Geological Engineering,,
Geol 530,Geology Field Studies,"(3, 3)",Geology & Geological Engineering,,
Geol 535,Geochemistry,"(3, 3)",Geology & Geological Engineering,,
Geol 610,Earth Science Projects,"(1, 3)",Geology & Geological Engineering,,
Geol 614,Advanced Geographic Information Systems,"(3, 3)",Geology & Geological Engineering,,
Geol 615,Geostatistics,"(3, 3)",Geology & Geological Engineering,,
Geol 630,Coastal Plain Geology,"(3, 3)",Geology & Geological Engineering,,
Geol 643,Advanced Geomorphology,"(3, 3)",Geology & Geological Engineering,,
Geol 645,Advanced Sedimentation,"(3, 3)",Geology & Geological Engineering,,
Geol 646,Advanced Stratigraphy,"(3, 3)",Geology & Geological Engineering,,
Geol 647,Sedimentary Petrology,"(4, 4)",Geology & Geological Engineering,,
Geol 648,Metamorphic Petrology,"(3, 3)",Geology & Geological Engineering,,
Geol 649,Pedology,"(3, 3)",Geology & Geological Engineering,,
Geol 690,Scientific Writing,"(3, 3)",Geology & Geological Engineering,,
Geol 697,Thesis,"(1, 12)",Geology & Geological Engineering,,
Ger 290,Programs and Services in Gerontology,"(3, 3)",Applied Gerontology,,
Ger 310,End-of-Life Issues,"(3, 3)",Applied Gerontology,,
Ger 326,Gerontology: Social Welfare Aspects,"(3, 3)",Applied Gerontology,,
Ger 344,Aging in the 21st Century,"(3, 3)",Applied Gerontology,,
Ger 390,Special Topics,"(3, 3)",Applied Gerontology,,
Ger 411,Elder Law,"(3, 3)",Applied Gerontology,,
Ger 493,Applied Gerontology Internship,"(3, 6)",Applied Gerontology,,
Gera 591,Geriatrics Clerkship,"(4, 4)",Pharmacy Practice,,
Germ 101,Elementary German I,"(3, 3)",Modern Languages,,
Germ 102,Elementary German II,"(3, 3)",Modern Languages,,
Germ 103,Practical Review of Elem German I,"(1, 1)",Modern Languages,,
Germ 104,Practical Review of Elem German II,"(1, 1)",Modern Languages,,
Germ 111,Intensive Elementary German,"(6, 6)",Modern Languages,,
Germ 198,Elementary German Study Abroad,"(1, 12)",Modern Languages,,
Germ 199,Special Topics in German,"(1, 6)",Modern Languages,,
Germ 201,Intermediate German I,"(3, 3)",Modern Languages,,
Germ 202,Intermediate German II,"(3, 3)",Modern Languages,,
Germ 205,Scientific German,"(3, 3)",Modern Languages,,
Germ 211,Intensive Intermediate German,"(6, 6)",Modern Languages,,
Germ 298,Intermediate German Study Abroad,"(1, 12)",Modern Languages,,
Germ 299,Special topics in German,"(1, 6)",Modern Languages,,
Germ 303,Conversation and Composition I,"(3, 3)",Modern Languages,,
Germ 304,Conversation and Composition II,"(3, 3)",Modern Languages,,
Germ 311,Business German,"(3, 3)",Modern Languages,,
Germ 321,German Culture and Civilization,"(3, 3)",Modern Languages,,
Germ 330,Introduction to German Linguistics,"(3, 3)",Modern Languages,,
Germ 331,Intro to Lit /Literary Analysis in Germ,"(3, 3)",Modern Languages,,
Germ 341,German in the U.S.,"(3, 3)",Modern Languages,,
Germ 361,German Cinema,"(3, 3)",Modern Languages,,
Germ 394,German Internship,"(3, 3)",Modern Languages,,
Germ 398,Upper-Level German Study Abroad,"(1, 12)",Modern Languages,,
Germ 529,Contemporary German,"(3, 3)",Modern Languages,,
Germ 541,Adv Topics in German-American Studies,"(3, 3)",Modern Languages,,
Germ 546,Intensive Advanced German in Germany,"(3, 3)",Modern Languages,,
Germ 561,Advanced Topics in German Cinema,"(3, 3)",Modern Languages,,
Germ 571,Advanced Grammar and Composition,"(3, 3)",Modern Languages,,
Germ 572,German Phonetics and Phonology,"(3, 3)",Modern Languages,,
Germ 574,History of the German Language,"(3, 3)",Modern Languages,,
Germ 575,Topics in Applied Linguistics,"(3, 3)",Modern Languages,,
Germ 577,Survey of German Lit. & Culture I,"(3, 3)",Modern Languages,,
Germ 578,Survey of German Lit. & Culture II,"(3, 3)",Modern Languages,,
Germ 584,The Age of Goethe,"(3, 3)",Modern Languages,,
Germ 585,Nineteenth-Century German Literature,"(3, 3)",Modern Languages,,
Germ 586,Twentieth-Century Literature & Culture,"(3, 3)",Modern Languages,,
Germ 587,German Fairy Tales,"(3, 3)",Modern Languages,,
Germ 593,Topics in Cultural Studies,"(3, 3)",Modern Languages,,
Germ 597,German Teaching Practicum,"(3, 3)",Modern Languages,,
Germ 598,Advanced German Study Abroad,"(1, 12)",Modern Languages,,
Germ 599,Special Topics,"(1, 6)",Modern Languages,,
Germ 601,Professional Issues in Graduate Study,"(1, 1)",Modern Languages,,
Germ 611,Intensive Elem German for Graduate St,"(3, 6)",Modern Languages,,
Germ 651,Instructed Second Language Acquisition,"(3, 3)",Modern Languages,,
Germ 671,Research Methods,"(3, 3)",Modern Languages,,
Germ 672,Research & Prac in Clasrm Sec. Lan. Acq,"(3, 3)",Modern Languages,,
Germ 673,Seminar,"(3, 3)",Modern Languages,,
Germ 697,Thesis,"(1, 12)",Modern Languages,,
GLS 111,Global Topics Abroad I,"(1, 15)",University Studies,,
GLS 311,Global Topics Abroad II,"(1, 15)",University Studies,,
GLS 396,Global Internship Abroad,"(1, 6)",University Studies,,
GLS 511,Global Topics Abroad III,"(1, 15)",University Studies,,
Gr 101,Introduction to Greek I,"(3, 3)",Classics,,
Gr 102,Introduction to Greek II,"(3, 3)",Classics,,
Gr 201,Intermediate Greek I,"(3, 3)",Classics,,
Gr 202,Intermediate Greek II,"(3, 3)",Classics,,
Gr 321,Greek Prose,"(3, 3)",Classics,,
Gr 322,Greek Historians,"(3, 3)",Classics,,
Gr 323,Greek Rhetoric,"(3, 3)",Classics,,
Gr 324,Plato,"(3, 3)",Classics,,
Gr 329,Koine Greek,"(3, 3)",Classics,,
Gr 331,Greek Poetry,"(3, 3)",Classics,,
Gr 332,Homer,"(3, 3)",Classics,,
Gr 334,Greek Lyric,"(3, 3)",Classics,,
Gr 336,Greek Tragedy,"(3, 3)",Classics,,
Gr 337,Greek Comedy,"(3, 3)",Classics,,
Gr 507,Special Reading,"(1, 3)",Classics,,
Gr 621,Greek Prose,"(3, 3)",Classics,,
Gr 622,Greek Historians,"(3, 3)",Classics,,
Gr 623,Greek Rhetoric,"(3, 3)",Classics,,
Gr 624,Greek Philosophers,"(3, 3)",Classics,,
Gr 629,Koine Greek,"(3, 3)",Classics,,
Gr 631,Greek Poetry,"(3, 3)",Classics,,
Gr 632,Homer,"(3, 3)",Classics,,
Gr 634,Greek Lyric,"(3, 3)",Classics,,
Gr 636,Greek Tragedy,"(3, 3)",Classics,,
Gr 637,Greek Comedy,"(3, 3)",Classics,,
Gr 697,Thesis,"(1, 12)",Classics,,
Grad 600,Research Ethics,"(1, 1)",,,
Grad 601,Professional Development: Special Topics,"(1, 1)",,,
Grad 603,Graduate Student Teaching Practicum,"(3, 3)",,,
Grad 604,Research Practicum,"(3, 3)",,,
Grad 680,Special Topics in Grant Writing,"(1, 3)",,,
Grad 690,Interdisciplinary Capstone Project,"(1, 9)",,,
Grad 697,Interdisciplinary Studies Thesis,"(3, 3)",,,
Hbr 110,Biblical Hebrew I,"(3, 3)",Philosophy & Religion,,
Hbr 111,Biblical Hebrew II,"(3, 3)",Philosophy & Religion,,
Hbr 211,Intensive Intermediate Biblical Hebrew,"(6, 6)",Philosophy & Religion,,
HK 606,Ethics and Human Subjects Research,"(3, 3)","Health, Exercise Sci & Recreation Mgmt",,
HK 710,Meta-Analysis,"(3, 3)","Health, Exercise Sci & Recreation Mgmt",,
HK 711,Measurement Theory and Practice,"(3, 3)","Health, Exercise Sci & Recreation Mgmt",,
HK 750,Seminar in Health and Kinesiology,"(1, 1)","Health, Exercise Sci & Recreation Mgmt",,
HK 751,Advanced Independent Study,"(1, 3)","Health, Exercise Sci & Recreation Mgmt",,
HK 752,Advanced Independent Study,"(1, 3)","Health, Exercise Sci & Recreation Mgmt",,
HK 797,Dissertation,"(1, 18)","Health, Exercise Sci & Recreation Mgmt",,
Home 591,Home Infusion Advanced Pharmacy Practice,"(4, 4)",Pharmacy Practice,,
Hon 100,Honors Seminar,"(3, 3)",Sally Mcdonnell Barksdale Honors College,,
Hon 101,Freshman Honors I,"(3, 3)",Sally Mcdonnell Barksdale Honors College,,
Hon 102,Freshman Honors II,"(3, 3)",Sally Mcdonnell Barksdale Honors College,,
Hon 201,Honors Colloquium,"(3, 3)",Sally Mcdonnell Barksdale Honors College,,
Hon 301,Honors Individual-Basis Studies,"(1, 6)",Sally Mcdonnell Barksdale Honors College,,
Hon 302,Honors Individual-Basis Studies,"(1, 6)",Sally Mcdonnell Barksdale Honors College,,
Hon 315,Explorations in Population Health,"(3, 6)",Sally Mcdonnell Barksdale Honors College,,
Hon 340,Honors Research Methods,"(2, 3)",Sally Mcdonnell Barksdale Honors College,,
Hon 350,Intro to American Law and Reasoning,"(3, 3)",Sally Mcdonnell Barksdale Honors College,,
Hon 360,Honors Internship,"(3, 6)",Sally Mcdonnell Barksdale Honors College,,
Hon 391,Honors Conversations I,"(1, 1)",Sally Mcdonnell Barksdale Honors College,,
Hon 392,Honors Conversations II,"(1, 1)",Sally Mcdonnell Barksdale Honors College,,
Hon 399,Special Topics in Honors,"(1, 3)",Sally Mcdonnell Barksdale Honors College,,
Hon 401,Senior Honors Research,"(3, 3)",Sally Mcdonnell Barksdale Honors College,,
Hon 402,Senior Honors Research,"(3, 3)",Sally Mcdonnell Barksdale Honors College,,
Hon 420,Honors Experiential Learning,"(1, 3)",Sally Mcdonnell Barksdale Honors College,,
Hon 445,Art and the Republic,"(1, 3)",Sally Mcdonnell Barksdale Honors College,,
Hon 550,Honors Advanced Studies in Law I,"(1, 4)",Sally Mcdonnell Barksdale Honors College,,
Hon 551,Honors Advanced Studies in Law II,"(1, 4)",Sally Mcdonnell Barksdale Honors College,,
Hon Thesis,UM Honors Thesis,"(0, 0)",Sally Mcdonnell Barksdale Honors College,,
HP 303,Prevention & Care of Athletic Injuries,"(3, 3)","Health, Exercise Sci & Recreation Mgmt",,
HP 403,Advanced Athletic Training,"(3, 3)","Health, Exercise Sci & Recreation Mgmt",,
HP 506,Current Topics,"(3, 3)","Health, Exercise Sci & Recreation Mgmt",,
Hrps 121,Freshman Harpsichord,"(2, 2)",Music,,
Hrps 221,Sophomore Harpsichord,"(2, 2)",Music,,
Hrps 321,Junior Harpsichord,"(2, 2)",Music,,
Hrps 421,Senior Harpsichord,"(2, 2)",Music,,
Hrps 521,Advanced Harpsichord I,"(2, 2)",Music,,
Hrps 522,Advanced Harpsichord II,"(2, 2)",Music,,
Hst 120,Intro to European History to 1648,"(3, 3)",History,,
Hst 121,Intro to European History since 1648,"(3, 3)",History,,
Hst 130,Intro to US History to 1877,"(3, 3)",History,,
Hst 131,Intro to US History since 1877,"(3, 3)",History,,
Hst 150,Intro to Middle Eastern History,"(3, 3)",History,,
Hst 160,Intro to Latin American History,"(3, 3)",History,,
Hst 170,Intro to African History,"(3, 3)",History,,
Hst 180,Intro to East Asian History,"(3, 3)",History,,
Hst 199,What is History?,"(3, 3)",History,,
Hst 300,Historical Methods,"(3, 3)",History,,
Hst 301,History of Classical Greece,"(3, 3)",History,,
Hst 302,Law and Life in Ancient Athens,"(3, 3)",History,,
Hst 303,The World of Alexander the Great,"(3, 3)",History,,
Hst 304,Roman Republic,"(3, 3)",History,,
Hst 305,Roman Empire,"(3, 3)",History,,
Hst 306,From Republic to Empire,"(3, 3)",History,,
Hst 307,History of Ancient Christianity,"(3, 3)",History,,
Hst 308,Slavery in Ancient Greece and Rome,"(3, 3)",History,,
Hst 309,"The Bright Ages, 1100-1300","(3, 3)",History,,
Hst 310,History of Medieval Christianity,"(3, 3)",History,,
Hst 311,Medieval Church and Empire,"(3, 3)",History,,
Hst 312,"Birth of Europe-Vikings, Crusades, Empir","(3, 3)",History,,
Hst 313,Saints and Sexuality,"(3, 3)",History,,
Hst 316,Martyrs of the English Reformation,"(3, 3)",History,,
Hst 317,Late Middle Ages and Renaissance,"(3, 3)",History,,
Hst 318,Renaissance and Early Modern Studies,"(3, 3)",History,,
Hst 319,Reformation Europe,"(3, 3)",History,,
Hst 320,"Tudor-Stuart Britain & Ireland,1485-1688","(3, 3)",History,,
Hst 321,"Tudor England, 1485-1603","(3, 3)",History,,
Hst 322,"Stuart England, 1603-1714","(3, 3)",History,,
Hst 323,Age of Absolutism and Enlightenment,"(3, 3)",History,,
Hst 324,Intellectual Hist of the Enlightenment,"(3, 3)",History,,
Hst 326,"Age of Revolution, 1750-1850","(3, 3)",History,,
Hst 331,"Europe- Imperialism to World War II, 189","(3, 3)",History,,
Hst 332,Europe since 1945,"(3, 3)",History,,
Hst 334,France since 1789,"(3, 3)",History,,
Hst 335,The French Revolution,"(3, 3)",History,,
Hst 336,The Napoleonic Era,"(3, 3)",History,,
Hst 337,History of London,"(3, 3)",History,,
Hst 338,Great Britain in the Modern Age,"(3, 3)",History,,
Hst 339,British Empire and Commonwealth,"(3, 3)",History,,
Hst 340,Postcolonial Europe,"(3, 3)",History,,
Hst 341,"History of Germany, 1789-1918","(3, 3)",History,,
Hst 342,History of Germany since 1890,"(3, 3)",History,,
Hst 343,History of the Holocaust,"(3, 3)",History,,
Hst 344,Russia Under the Tsars,"(3, 3)",History,,
Hst 345,Russia in the Era of Total War,"(3, 3)",History,,
Hst 346,Russia - Cold War to the War in Ukraine,"(3, 3)",History,,
Hst 347,Science in the Modern World,"(3, 3)",History,,
Hst 348,Women Who Ruled in European History,"(3, 3)",History,,
Hst 349,Society and the Sexes in Modern Europe,"(3, 3)",History,,
Hst 350,Muslim World- Origins to Middle Ages,"(3, 3)",History,,
Hst 351,Muslim World - Middle Ages to WWI,"(3, 3)",History,,
Hst 352,The Middle East since 1914,"(3, 3)",History,,
Hst 355,Water in the Middle East,"(3, 3)",History,,
Hst 360,"Colonial Latin America, 1450-1820","(3, 3)",History,,
Hst 361,Latin America since 1820,"(3, 3)",History,,
Hst 362,History of Mexico and Central America,"(3, 3)",History,,
Hst 363,History of the Caribbean,"(3, 3)",History,,
Hst 364,"Independence of Latin America, 1760-1830","(3, 3)",History,,
Hst 366,Race and Ethnicity in Latin America,"(3, 3)",History,,
Hst 367,Social Revolutions in Latin America,"(3, 3)",History,,
Hst 368,Latin America and the Cold War,"(3, 3)",History,,
Hst 370,Modern Africa,"(3, 3)",History,,
Hst 371,History of Southern Africa,"(3, 3)",History,,
Hst 372,Decolonization in Africa,"(3, 3)",History,,
Hst 373,"War, Rebellion and Revolution in Africa","(3, 3)",History,,
Hst 374,Nationalism in Africa,"(3, 3)",History,,
Hst 375,History of Islam in Africa,"(3, 3)",History,,
Hst 376,History of West Africa to 1800,"(3, 3)",History,,
Hst 377,History of West Africa Since 1800,"(3, 3)",History,,
Hst 378,Africa since Independence,"(3, 3)",History,,
Hst 380,Pre-Modern China,"(3, 3)",History,,
Hst 381,Late Imperial and Modern China,"(3, 3)",History,,
Hst 382,China in Revolution,"(3, 3)",History,,
Hst 383,China and the United States since 1784,"(3, 3)",History,,
Hst 384,Global Shanghai,"(3, 3)",History,,
Hst 385,Gender/Sexuality in East Asian History,"(3, 3)",History,,
Hst 386,Capitalism and Communism in Modern China,"(3, 3)",History,,
Hst 387,Modern Japanese History,"(3, 3)",History,,
Hst 388,War and Memory in Japan,"(3, 3)",History,,
Hst 389,History of Japan-United States Relations,"(3, 3)",History,,
Hst 392,South Asia and the Indian Ocean,"(3, 3)",History,,
Hst 396,Global Female Prophecy,"(3, 3)",History,,
Hst 400,Early America to 1715,"(3, 3)",History,,
Hst 401,"Colonial America, 1607-1763","(3, 3)",History,,
Hst 402,"Revolutionary America, 1763-1800","(3, 3)",History,,
Hst 403,"US- Emerging Nation, 1789-1850","(3, 3)",History,,
Hst 404,"US- The Civil War Era, 1848-1877","(3, 3)",History,,
Hst 405,"US- Nation Redefined, 1877-1918","(3, 3)",History,,
Hst 406,"US- WW1 to WWII, 1914-1945","(3, 3)",History,,
Hst 407,US- The Nation since 1945,"(3, 3)",History,,
Hst 408,"US - World War II to Watergate, 1945-74","(3, 3)",History,,
Hst 409,US History since 1974,"(3, 3)",History,,
Hst 410,"Native America, Pre-contact to 1850","(3, 3)",History,,
Hst 411,Native America since 1850,"(3, 3)",History,,
Hst 412,The Mississippian Shatter Zone,"(3, 3)",History,,
Hst 414,African American History to 1865,"(3, 3)",History,,
Hst 415,African American History since 1865,"(3, 3)",History,,
Hst 418,African American Women’s History,"(3, 3)",History,,
Hst 419,Black Women’s Enterprise & Activism,"(3, 3)",History,,
Hst 420,History of African Americans in Sports,"(3, 3)",History,,
Hst 422,The Rise and Fall of American Slavery,"(3, 3)",History,,
Hst 423,History of Mass Incarceration in the US,"(3, 3)",History,,
Hst 424,The Civil Rights Era,"(3, 3)",History,,
Hst 425,The Era of Reconstruction,"(3, 3)",History,,
Hst 426,The American Dream,"(3, 3)",History,,
Hst 427,Disease and Medicine in American History,"(3, 3)",History,,
Hst 428,US Women’s History,"(3, 3)",History,,
Hst 429,US Gender History,"(3, 3)",History,,
Hst 430,US Foreign Relations,"(3, 3)",History,,
Hst 431,US Legal History,"(3, 3)",History,,
Hst 432,US Economic History,"(3, 3)",History,,
Hst 433,US Labor History,"(3, 3)",History,,
Hst 434,US Religious History,"(3, 3)",History,,
Hst 435,US Military History,"(3, 3)",History,,
Hst 436,US Sexuality History,"(3, 3)",History,,
Hst 440,The Military History of the Civil War,"(3, 3)",History,,
Hst 450,Southern History to 1900,"(3, 3)",History,,
Hst 451,The South in the Twentieth Century,"(3, 3)",History,,
Hst 452,The History of Mississippi,"(3, 3)",History,,
Hst 453,Environmental History of the South,"(3, 3)",History,,
Hst 454,Women in Southern History,"(3, 3)",History,,
Hst 455,History of Religion in the South,"(3, 3)",History,,
Hst 456,Southern Music History,"(3, 3)",History,,
Hst 460,Public History,"(3, 3)",History,,
Hst 461,History on Location,"(3, 3)",History,,
Hst 463,Practicum in Public History,"(3, 3)",History,,
Hst 465,Digital History,"(3, 3)",History,,
Hst 470,The First World War,"(3, 3)",History,,
Hst 471,The Second World War,"(3, 3)",History,,
Hst 472,The Cold War,"(3, 3)",History,,
Hst 474,The Vietnam War,"(3, 3)",History,,
Hst 477,Food: A Global History,"(3, 3)",History,,
Hst 478,History of Pharmacy,"(3, 3)",History,,
Hst 479,Alcohol in the Americas,"(3, 3)",History,,
Hst 481,Topics in History and Film,"(3, 3)",History,,
Hst 482,Samurai in Film,"(3, 3)",History,,
Hst 490,Problems in History- America,"(1, 3)",History,,
Hst 491,Problems in History- Europe,"(3, 3)",History,,
Hst 492,Problems in History- World,"(3, 3)",History,,
Hst 493,Undergraduate History Internship,"(3, 3)",History,,
Hst 494,Directed Readings in History,"(3, 3)",History,,
Hst 496,Topics in History Abroad,"(1, 6)",History,,
Hst 498,Undergrad Research Seminar in History,"(3, 3)",History,,
Hst 499,Undergrad Reading Seminar in History,"(3, 3)",History,,
Hst 505,Historiography - US to Reconstruction,"(3, 3)",History,,
Hst 506,Historiography - US since Reconstruction,"(3, 3)",History,,
Hst 509,Historiography - African American Histor,"(3, 3)",History,,
Hst 520,Historiography for Late Antiquity,"(3, 3)",History,,
Hst 523,Historiography of the Late Middle Ages,"(3, 3)",History,,
Hst 550,Historical Methods & Philosophy of Hist,"(3, 3)",History,,
Hst 551,Historiography - Europe to 1815,"(3, 3)",History,,
Hst 552,Historiography - Europe since 1789,"(3, 3)",History,,
Hst 570,Historiography: Precolonial Africa,"(3, 3)",History,,
Hst 571,Historiography: Colonial Africa,"(3, 3)",History,,
Hst 585,Historiography of the Modern Middle East,"(3, 3)",History,,
Hst 595,Introduction to Public History,"(3, 3)",History,,
Hst 596,Queer Mississippi,"(3, 3)",History,,
Hst 600,Graduate Practicum in Public History,"(3, 3)",History,,
Hst 601,Professionalization and Colloquium I,"(1, 1)",History,,
Hst 602,Professionalization and Colloquium II,"(1, 1)",History,,
Hst 605,Readings - US through Reconstruction,"(3, 3)",History,,
Hst 606,Readings - US Civil War to Present,"(3, 3)",History,,
Hst 607,Readings - Southern US History,"(3, 3)",History,,
Hst 611,Readings - Era of the US Civil War,"(3, 3)",History,,
Hst 612,Readings - US Depression & War,"(3, 3)",History,,
Hst 613,Readings - Contemporary US History,"(3, 3)",History,,
Hst 614,Readings: US Women's and Gender History,"(3, 3)",History,,
Hst 615,Readings-Sexuality in Modern US History,"(3, 3)",History,,
Hst 616,Readings-Disease/Medicine in US History,"(3, 3)",History,,
Hst 617,Readings-Native North America,"(3, 3)",History,,
Hst 620,"Readings: Late Antiquity, Byzantine Hist","(3, 3)",History,,
Hst 641,Readings in Global History: Gender,"(3, 3)",History,,
Hst 651,Readings - European History to 1815,"(3, 3)",History,,
Hst 652,Readings - European History since 1789,"(3, 3)",History,,
Hst 653,Readings - Russian History,"(3, 3)",History,,
Hst 660,Readings - Gender History of Mod. Europe,"(3, 3)",History,,
Hst 661,Readings - Europe & Atlantic World,"(3, 3)",History,,
Hst 662,Readings - History of Stalinism,"(3, 3)",History,,
Hst 663,Readings - History of Modern Consumerism,"(3, 3)",History,,
Hst 664,Readings - 20th Century Econ & Social Po,"(3, 3)",History,,
Hst 670,Readings - Slavery in Africa,"(3, 3)",History,,
Hst 671,Readings - Colonialism in Africa,"(3, 3)",History,,
Hst 681,Readings - Early Modern British History,"(3, 3)",History,,
Hst 682,Readings - British History since 1815,"(3, 3)",History,,
Hst 685,Readings - Middle East History,"(3, 3)",History,,
Hst 686,Readings - Colonial Latin Amer. History,"(3, 3)",History,,
Hst 687,Readings - Social Movements. Mod Lat Am,"(3, 3)",History,,
Hst 688,Readings - Race and Ethnicity in Latin A,"(3, 3)",History,,
Hst 689,Readings - Seculariz/Sacraliz in Latin A,"(3, 3)",History,,
Hst 690,Readings - Gender & Power in Latin Am,"(3, 3)",History,,
Hst 691,Readings - Modern Latin Am History,"(3, 3)",History,,
Hst 692,Readings - African History,"(3, 3)",History,,
Hst 693,Readings - General US History,"(3, 3)",History,,
Hst 694,Readings - General European History,"(3, 3)",History,,
Hst 695,Readings - Chinese History,"(3, 3)",History,,
Hst 696,Readings - Selected Areas,"(3, 3)",History,,
Hst 697,Thesis,"(1, 12)",History,,
Hst 698,Special Topics,"(3, 3)",History,,
Hst 699,Internship in History,"(3, 3)",History,,
Hst 701,Research - US through the Civil War,"(3, 3)",History,,
Hst 702,Research - US from Civil War to Present,"(3, 3)",History,,
Hst 710,Grad Pedagogy: Teaching College History,"(3, 3)",History,,
Hst 720,Research Seminar in Late Antiquity,"(3, 3)",History,,
Hst 751,Research - European History to 1815,"(3, 3)",History,,
Hst 752,Research - European History since 1789,"(3, 3)",History,,
Hst 770,Research - African History,"(3, 3)",History,,
Hst 781,Research - British History to 1815,"(3, 3)",History,,
Hst 782,Research - British History since 1815,"(3, 3)",History,,
Hst 785,Research in Mod Middle Eastern History,"(3, 3)",History,,
Hst 791,Research - Modern Latin American History,"(3, 3)",History,,
Hst 797,Dissertation,"(1, 18)",History,,
Hst 799,Graduate Writing Workshop,"(1, 3)",History,,
IDS 101,Intro to Interdisciplinary Studies,"(3, 3)",,,
IDS 499,Interdisciplinary Studies Capstone,"(3, 3)",,,
IE 011,Beginning Speaking and Listening,"(3, 3)",Modern Languages,,
IE 012,Beginning Reading,"(3, 3)",Modern Languages,,
IE 013,Beginning Writing,"(3, 3)",Modern Languages,,
IE 014,Beginning Grammar,"(3, 3)",Modern Languages,,
IE 015,Beginning Speaking and Listening II,"(3, 3)",Modern Languages,,
IE 016,Beginning Reading II,"(3, 3)",Modern Languages,,
IE 017,Beginning Writing II,"(3, 3)",Modern Languages,,
IE 018,Beginning Grammar II,"(3, 3)",Modern Languages,,
IE 019,Beginning Extensive Reading & Vocabulary,"(3, 3)",Modern Languages,,
IE 021,Intermediate Speaking and Listening,"(3, 3)",Modern Languages,,
IE 022,Intermediate Reading,"(3, 3)",Modern Languages,,
IE 023,Intermediate Writing,"(3, 3)",Modern Languages,,
IE 024,Intermediate Grammar,"(3, 3)",Modern Languages,,
IE 025,High Intermediate Speaking and Listening,"(3, 3)",Modern Languages,,
IE 026,High Intermediate Reading,"(3, 3)",Modern Languages,,
IE 027,High Intermediate Writing,"(3, 3)",Modern Languages,,
IE 028,High Intermediate Grammar,"(3, 3)",Modern Languages,,
IE 029,Intermediate Extensive Reading & Vocab,"(3, 3)",Modern Languages,,
IE 031,Advanced Speaking and Listening,"(3, 3)",Modern Languages,,
IE 032,Advanced Reading,"(3, 3)",Modern Languages,,
IE 033,Advanced Writing,"(3, 3)",Modern Languages,,
IE 034,Advanced Grammar,"(3, 3)",Modern Languages,,
IE 035,Test Preparation,"(3, 3)",Modern Languages,,
IE 036,English for Academic Purposes,"(3, 3)",Modern Languages,,
IE 037,English in the Sciences,"(3, 3)",Modern Languages,,
IE 038,Business English,"(3, 3)",Modern Languages,,
IE 039,Literature Written in English,"(3, 3)",Modern Languages,,
IE 040,American Culture,"(3, 3)",Modern Languages,,
IE 041,Intercultural Communication,"(3, 3)",Modern Languages,,
IE 042,American Culture II,"(3, 3)",Modern Languages,,
IE 043,Intercultural Communication II,"(3, 3)",Modern Languages,,
IE 044,Topics in ESL,"(3, 3)",Modern Languages,,
IE 046,Community Connections,"(3, 3)",Modern Languages,,
IE 047,Academic Writing,"(3, 3)",Modern Languages,,
IE 048,Academic Vocabulary,"(3, 3)",Modern Languages,,
IE 049,Advanced Extensive Reading & Vocabulary,"(3, 3)",Modern Languages,,
IE 050,Topics in American Culture,"(3, 3)",Modern Languages,,
IE 051,Topics in Intercultural Communication,"(3, 3)",Modern Languages,,
IE 052,Cross Cultural Awareness,"(3, 3)",Modern Languages,,
IE 053,Speaking Accurately and Clearly,"(3, 3)",Modern Languages,,
IE 055,Southern Studies I,"(3, 3)",Modern Languages,,
IE 056,Southern Studies II,"(3, 3)",Modern Languages,,
IE 090,English for International Students,"(3, 3)",Modern Languages,,
IE 091,Acad Writ Lab for International Students,"(1, 1)",Modern Languages,,
IE 092,English Lab Mississippi and the World,"(1, 1)",Modern Languages,,
IE 093,English Lab for Math,"(1, 1)",Modern Languages,,
IE 094,English Lab Humanities and Soc Sciences,"(1, 1)",Modern Languages,,
IE 095,English Lab for Sciences,"(1, 1)",Modern Languages,,
IE 096,English Lab for Arts,"(1, 1)",Modern Languages,,
IE 098,Independent Study in ESL,"(1, 6)",Modern Languages,,
IE 099,Independent Study in ICC,"(1, 6)",Modern Languages,,
IE 400,English for International TAs,"(3, 3)",Modern Languages,,
IE 401,Academic Reading and Writing,"(3, 3)",Modern Languages,,
IE 402,Academic Speaking and Listening,"(3, 3)",Modern Languages,,
IE 490,Advanced English for Intl Students,"(3, 3)",Modern Languages,,
IE 491,Advanced Writing Lab for Intl Students,"(1, 1)",Modern Languages,,
IE 500,Language Use in American Universities,"(3, 3)",Modern Languages,,
IE 531,Assessment of Second Lang Acquisition,"(3, 3)",Modern Languages,,
IE 542,Teaching English as a Second Language,"(3, 3)",Modern Languages,,
IE 547,Cult. Dimen. of Second Lang. Acquisition,"(3, 3)",Modern Languages,,
IMC 100,Ideas in IMC,"(3, 3)",,,
IMC 104,Introduction to Integrated Marketing Com,"(3, 3)",,,
IMC 205,Writing for Integrated Marketing Comm,"(3, 3)",,,
IMC 301,From Student to Professional,"(1, 1)",,,
IMC 303,Media Planning,"(3, 3)",,,
IMC 304,Account Planning,"(3, 3)",,,
IMC 305,Visual Communication,"(3, 3)",,,
IMC 306,Digital Marketing Communication,"(3, 3)",,,
IMC 307,Creating Digital Media Platforms,"(3, 3)",,,
IMC 308,Social Media Content Creation,"(3, 3)",,,
IMC 309,Introduction to Video Storytelling,"(3, 3)",,,
IMC 314,Fashion Promotion and Media,"(3, 3)",,,
IMC 315,Fashion Merchandising,"(3, 3)",,,
IMC 320,Event Planning,"(3, 3)",,,
IMC 325,Data Literacy,"(3, 3)",,,
IMC 349,3-D Modeling,"(3, 3)",,,
IMC 351,Topics in IMC I,"(1, 1)",,,
IMC 352,Topics in IMC II,"(2, 2)",,,
IMC 353,Topics in IMC III,"(3, 3)",,,
IMC 354,Nonprofit Marketing Communications,"(3, 3)",,,
IMC 356,Digital Sales Experience,"(3, 3)",,,
IMC 357,Global Brands,"(3, 3)",,,
IMC 361,IMC Explorations I,"(3, 3)",,,
IMC 362,IMC Explorations II,"(3, 3)",,,
IMC 376,Commercial Photography,"(3, 3)",,,
IMC 390,Advanced Writing: Integrated Marketing,"(3, 3)",,,
IMC 391,Public Relations,"(3, 3)",,,
IMC 395,IMC Internship I,"(0, 3)",,,
IMC 404,Integrated Marketing Comm Research,"(3, 3)",,,
IMC 406,Digital Media Applications,"(3, 3)",,,
IMC 430,The Agency Class,"(3, 3)",,,
IMC 455,Integrated Marketing Communications,"(3, 3)",,,
IMC 456,Advanced IMC Campaign Development,"(3, 3)",,,
IMC 491,Public Relations Techniques,"(3, 3)",,,
IMC 492,Public Relations Case Problems,"(3, 3)",,,
IMC 495,IMC Internship II,"(1, 3)",,,
IMC 496,Honors Thesis Research,"(3, 3)",,,
IMC 497,IMC Honors Thesis 1,"(3, 3)",,,
IMC 498,IMC Honors Thesis 2,"(3, 3)",,,
IMC 499,Directed Study,"(3, 3)",,,
IMC 501,Principles of Integrated Marketing Comm,"(3, 3)",,,
IMC 509,Special Problems in IMC,"(3, 3)",,,
IMC 512,Content Marketing,"(3, 3)",,,
IMC 521,Design and Visual Thinking,"(3, 3)",,,
IMC 524,Designing Interactivity,"(3, 3)",,,
IMC 526,Motion Graphics,"(3, 3)",,,
IMC 528,Digital Video Marketing,"(3, 3)",,,
IMC 531,Consumer Research and Insights,"(3, 3)",,,
IMC 541,Consumer Behavior/Target Behavior,"(3, 3)",,,
IMC 546,International and Multicultural IMC,"(3, 3)",,,
IMC 551,Brand and Relationship Strategies,"(3, 3)",,,
IMC 552,Advanced Media Strategy and Analysis,"(3, 3)",,,
IMC 553,Strategic Communication Planning,"(3, 3)",,,
IMC 559,Advanced IMC Campaigns,"(3, 3)",,,
IMC 561,Creative Development and Direction,"(3, 3)",,,
IMC 562,Crisis Communication,"(3, 3)",,,
IMC 563,Reputation Management,"(3, 3)",,,
IMC 572,Direct and Database Marketing,"(3, 3)",,,
IMC 580,Topics in IMC II,"(1, 3)",,,
IMC 584,Collegiate Sports Promotion,"(3, 3)",,,
IMC 585,Health Communication,"(3, 3)",,,
IMC 586,Foundations of Sports,"(3, 3)",,,
IMC 587,Sports Promotion,"(3, 3)",,,
IMC 591,IMC Explorations I,"(3, 3)",,,
IMC 592,IMC Explorations II,"(3, 3)",,,
IMC 599,Graduate Directed Study,"(3, 3)",,,
IMC 608,Theory of Event Planning & Management,"(3, 3)",,,
IMC 668,Advanced Event Planning and Management,"(3, 3)",,,
IMC 682,Nonprofit Marketing Communications,"(3, 3)",,,
IMC 695,Communication Internship,"(3, 3)",,,
Inad 591,Institutional Administration Advanced Ph,"(4, 4)",Pharmacy Practice,,
Indy 591,Pharmaceutical Industry Clerkship,"(4, 4)",Pharmacy Practice,,
Infd 591,Infectious Disease Clerkship,"(4, 4)",Pharmacy Practice,,
Info 591,Informatics Practice Experience,"(4, 4)",Pharmacy Practice,,
Inop 591,Institutional Out-Patient Practice Exper,"(4, 4)",Pharmacy Practice,,
Inst 101,Introduction to International Studies,"(3, 3)",Croft Inst For International Studies,,
Inst 103,Intro to Chinese Language and Culture,"(3, 3)",Croft Inst For International Studies,,
Inst 107,Introduction to Latin America,"(3, 3)",Croft Inst For International Studies,,
Inst 109,Introduction to Topics in Global Studies,"(3, 3)",Croft Inst For International Studies,,
Inst 110,Intercultural Comm:  Predeparture,"(1, 1)",Croft Inst For International Studies,,
Inst 111,Intercultural Communication:  Reentry,"(1, 1)",Croft Inst For International Studies,,
Inst 200,Thinking Globally,"(3, 3)",Croft Inst For International Studies,,
Inst 201,African Studies,"(3, 3)",Croft Inst For International Studies,,
Inst 203,East Asian Studies,"(3, 3)",Croft Inst For International Studies,,
Inst 205,European Studies,"(3, 3)",Croft Inst For International Studies,,
Inst 207,Latin American Studies,"(3, 3)",Croft Inst For International Studies,,
Inst 209,Middle Eastern Studies,"(3, 3)",Croft Inst For International Studies,,
Inst 211,Reading Seminar,"(1, 1)",Croft Inst For International Studies,,
Inst 212,French News Coverage,"(1, 1)",Croft Inst For International Studies,,
Inst 213,German News Coverage,"(1, 1)",Croft Inst For International Studies,,
Inst 214,Latin American News Coverage,"(1, 1)",Croft Inst For International Studies,,
Inst 310,Topics in East Asian Studies,"(3, 3)",Croft Inst For International Studies,,
Inst 312,Topics in European Studies,"(3, 3)",Croft Inst For International Studies,,
Inst 314,Topics in Latin American Studies,"(3, 3)",Croft Inst For International Studies,,
Inst 315,Topics in Middle Eastern Studies,"(3, 3)",Croft Inst For International Studies,,
Inst 316,Topics in International Studies,"(3, 3)",Croft Inst For International Studies,,
Inst 318,Topics in Global Studies,"(3, 3)",Croft Inst For International Studies,,
Inst 324,Decolonization,"(3, 3)",Croft Inst For International Studies,,
Inst 326,Multicultural Europe,"(3, 3)",Croft Inst For International Studies,,
Inst 327,Europe and the Middle East,"(3, 3)",Croft Inst For International Studies,,
Inst 328,Contemporary Russia,"(3, 3)",Croft Inst For International Studies,,
Inst 329,European Welfare States,"(3, 3)",Croft Inst For International Studies,,
Inst 331,Topics in East Asian Studies Abroad,"(1, 8)",Croft Inst For International Studies,,
Inst 332,Topics in European Studies Abroad,"(1, 8)",Croft Inst For International Studies,,
Inst 333,Topics in Latin American Studies Abroad,"(1, 8)",Croft Inst For International Studies,,
Inst 334,Topics in International Studies Abroad,"(1, 8)",Croft Inst For International Studies,,
Inst 335,Topics in Middle Eastern Studies Abroad,"(1, 8)",Croft Inst For International Studies,,
Inst 336,International Studies Abroad,"(1, 12)",Croft Inst For International Studies,,
Inst 341,Contemporary China,"(3, 3)",Croft Inst For International Studies,,
Inst 342,Globalization and East Asia,"(3, 3)",Croft Inst For International Studies,,
Inst 343,"Religion, the State & Conflict in Asia","(3, 3)",Croft Inst For International Studies,,
Inst 344,"The Vietnam Wars, 1946-1989","(3, 3)",Croft Inst For International Studies,,
Inst 345,Japan in the World,"(3, 3)",Croft Inst For International Studies,,
Inst 346,The Two Koreas,"(3, 3)",Croft Inst For International Studies,,
Inst 351,Revolts & Revolutions in the Middle East,"(3, 3)",Croft Inst For International Studies,,
Inst 361,The War on Drugs in Latin America,"(3, 3)",Croft Inst For International Studies,,
Inst 362,Medicine & Revolutions in Latin America,"(3, 3)",Croft Inst For International Studies,,
Inst 363,Gender in Latin America,"(3, 3)",Croft Inst For International Studies,,
Inst 365,Populism in Latin America,"(3, 3)",Croft Inst For International Studies,,
Inst 371,International Trade and Globalization,"(3, 3)",Croft Inst For International Studies,,
Inst 372,Global Ecology and Conservation,"(3, 3)",Croft Inst For International Studies,,
Inst 374,Introduction to International Law,"(3, 3)",Croft Inst For International Studies,,
Inst 375,Global Health,"(3, 3)",Croft Inst For International Studies,,
Inst 381,Research Methods for INST Majors,"(3, 3)",Croft Inst For International Studies,,
Inst 385,Internship in International Studies,"(3, 3)",Croft Inst For International Studies,,
Inst 411,Research in East Asian Studies,"(1, 6)",Croft Inst For International Studies,,
Inst 412,Research in European Studies,"(1, 6)",Croft Inst For International Studies,,
Inst 413,Research in Latin American Studies,"(1, 6)",Croft Inst For International Studies,,
Inst 414,Research in Middle Eastern Studies,"(1, 6)",Croft Inst For International Studies,,
Inst 415,Research in International Studies,"(1, 6)",Croft Inst For International Studies,,
Inst 421,Research Seminar I,"(3, 3)",Croft Inst For International Studies,,
Inst 422,Research Seminar II,"(3, 3)",Croft Inst For International Studies,,
Inst 431,Oral Proficiency Interview,"(0, 0)",Croft Inst For International Studies,,
ISS 125,Introduction to Intelligence Studies,"(3, 3)",Center For Intel & Security Studies,,
ISS 135,Intro to Global and National Security,"(3, 3)",Center For Intel & Security Studies,,
ISS 301,Survey of U.S. National Security Policy,"(3, 3)",Center For Intel & Security Studies,,
ISS 321,Intelligence Collections,"(3, 3)",Center For Intel & Security Studies,,
ISS 351,Advanced Analytics I,"(3, 3)",Center For Intel & Security Studies,,
ISS 352,Advanced Analytics II,"(3, 3)",Center For Intel & Security Studies,,
ISS 360,Overview of Cybersecurity and Policy,"(3, 3)",Center For Intel & Security Studies,,
ISS 398,Study Abroad in Intel and Sec Studies,"(3, 6)",Center For Intel & Security Studies,,
ISS 399,Independent Study,"(3, 3)",Center For Intel & Security Studies,,
ISS 420,Special Topics in Intel & Security,"(3, 3)",Center For Intel & Security Studies,,
ISS 471,War and National Security,"(3, 3)",Center For Intel & Security Studies,,
ISS 480,Nat'l Security Issues of 21st Century,"(3, 3)",Center For Intel & Security Studies,,
ISS 490,Internship in Intelligence & Security St,"(3, 3)",Center For Intel & Security Studies,,
ISS 499,Intelligence & Security Studies-Capstone,"(3, 3)",Center For Intel & Security Studies,,
Ital 101,Elementary Italian I,"(3, 3)",Modern Languages,,
Ital 102,Elementary Italian II,"(3, 3)",Modern Languages,,
Ital 111,Intensive Elementary Italian,"(6, 6)",Modern Languages,,
Ital 198,Elementary Italian Study Abroad,"(1, 12)",Modern Languages,,
Ital 199,Special Topics in Italian,"(1, 6)",Modern Languages,,
Ital 201,Intermediate Italian I,"(3, 3)",Modern Languages,,
Ital 202,Intermediate Italian II,"(3, 3)",Modern Languages,,
Ital 211,Intensive Intermediate Italian,"(6, 6)",Modern Languages,,
Ital 298,Intermediate Italian Study Abroad,"(1, 12)",Modern Languages,,
Ital 299,Special Topics in Italian,"(1, 6)",Modern Languages,,
Ital 301,Conversation and Composition I,"(3, 3)",Modern Languages,,
Ital 302,Conversation and Composition II,"(3, 3)",Modern Languages,,
Ital 305,Intensive Composition and Conversation,"(3, 3)",Modern Languages,,
Ital 321,Italian Culture and Civilization,"(3, 3)",Modern Languages,,
Ital 331,Intro to Italian Lit & Literary Analysis,"(3, 3)",Modern Languages,,
Ital 361,Italian Cinema,"(3, 3)",Modern Languages,,
Ital 399,Special Topics in Italian,"(3, 3)",Modern Languages,,
Ital 401,Advanced Italian I,"(3, 3)",Modern Languages,,
Ital 402,Conversation and Composition II,"(3, 3)",Modern Languages,,
Ital 499,Advanced Topics in Italian,"(3, 3)",Modern Languages,,
Ital 599,Special Topics in Italian,"(3, 3)",Modern Languages,,
Ital 611,Intensive Elem Italian for Grad Students,"(3, 3)",Modern Languages,,
Ital 699,Advanced Special Topics in Italian,"(3, 3)",Modern Languages,,
Japn 101,Elementary Japanese I,"(3, 3)",Modern Languages,,
Japn 102,Elementary Japanese II,"(3, 3)",Modern Languages,,
Japn 103,Practical Review of Elem Japanese I,"(1, 1)",Modern Languages,,
Japn 104,Practical Review of Elem Japanese II,"(1, 1)",Modern Languages,,
Japn 111,Intensive Elementary Japanese,"(6, 6)",Modern Languages,,
Japn 198,Elementary Japanese Study Abroad,"(1, 12)",Modern Languages,,
Japn 199,Special topics in Japanese,"(1, 6)",Modern Languages,,
Japn 201,Intermediate Japanese I,"(3, 3)",Modern Languages,,
Japn 202,Intermediate Japanese II,"(3, 3)",Modern Languages,,
Japn 203,Practical Review: Intermed Japanese I,"(1, 1)",Modern Languages,,
Japn 204,Practical Review: Intermed Japanese II,"(1, 1)",Modern Languages,,
Japn 211,Intensive Intermediate Japanese,"(6, 6)",Modern Languages,,
Japn 298,Intermediate Japanese Study Abroad,"(1, 12)",Modern Languages,,
Japn 299,Special Topics in Japanese,"(1, 6)",Modern Languages,,
Japn 301,Conversation and Composition I,"(3, 3)",Modern Languages,,
Japn 302,Conversation and Composition II,"(3, 3)",Modern Languages,,
Japn 310,Special Topics in Japanese,"(3, 3)",Modern Languages,,
Japn 398,Advanced Japanese Study Abroad,"(1, 12)",Modern Languages,,
Japn 399,Special Topics in Japanese,"(3, 3)",Modern Languages,,
Japn 401,Advanced Japanese I,"(3, 3)",Modern Languages,,
Japn 402,Advanced Japanese II,"(3, 3)",Modern Languages,,
Japn 499,Advanced Topics in Japanese,"(3, 3)",Modern Languages,,
Japn 501,Contemporary Japanese,"(3, 3)",Modern Languages,,
Jour 100,Ideas in Journalism,"(3, 3)",,,
Jour 101,"Media, News & Audience","(3, 3)",,,
Jour 102,Introduction to Multimedia Writing,"(3, 3)",,,
Jour 103,Visual Media Principles,"(3, 3)",,,
Jour 270,Digital Story Production,"(3, 3)",,,
Jour 271,Information Gathering,"(3, 3)",,,
Jour 272,Broadcast Newswriting and Reporting,"(3, 3)",,,
Jour 273,Creative Visual Thinking,"(3, 3)",,,
Jour 301,History of Mass Media,"(3, 3)",,,
Jour 302,Talbert Fellows Seminar,"(1, 1)",Journalism Instruction,,
Jour 310,Social Media in Society,"(3, 3)",,,
Jour 330,Media Performance,"(3, 3)",,,
Jour 345,Digital Media Diversity,"(3, 3)",,,
Jour 350,Topics in Journalism I,"(1, 3)",,,
Jour 351,Topics in Journalism I,"(1, 1)",,,
Jour 352,Topics in Journalism II,"(2, 2)",,,
Jour 353,Topics in Journalism III,"(3, 3)",,,
Jour 355,Broadcast Studio Production I,"(1, 1)",,,
Jour 361,Journalism Explorations I,"(3, 3)",,,
Jour 362,Journalism Explorations II,"(3, 3)",,,
Jour 365,Sports Media and Reporting,"(3, 3)",,,
Jour 366,Sports Writing,"(3, 3)",,,
Jour 367,Drone Storytelling,"(3, 3)",,,
Jour 369,Media Law & Ethics,"(3, 3)",,,
Jour 370,Audio Stories and Podcasting,"(3, 3)",,,
Jour 371,Communications Law,"(3, 3)",,,
Jour 372,Sports Announcing,"(3, 3)",,,
Jour 373,Designing Media,"(3, 3)",,,
Jour 374,Sports Photography,"(3, 3)",,,
Jour 375,Photojournalism,"(3, 3)",,,
Jour 377,Advanced Reporting,"(3, 3)",,,
Jour 378,Television Reporting,"(3, 3)",,,
Jour 379,Editing,"(3, 3)",,,
Jour 380,Advanced Broadcast Relations,"(3, 3)",,,
Jour 381,Newspaper Management,"(3, 3)",,,
Jour 383,Advertising Layout and Design,"(3, 3)",,,
Jour 386,Media Sales,"(3, 3)",,,
Jour 388,Media Management,"(3, 3)",,,
Jour 389,Magazine Editing,"(3, 3)",,,
Jour 395,Journalism Internship,"(1, 3)",,,
Jour 399,School Publications,"(1, 3)",,,
Jour 400,International Journalism,"(3, 3)",,,
Jour 401,Magazine Service Journalism,"(3, 3)",,,
Jour 403,Advanced Photojournalism,"(3, 3)",,,
Jour 444,Investigating Criminal Justice,"(3, 3)",,,
Jour 456,Journalism Innovation,"(3, 3)",,,
Jour 472,Magazine and Feature Writing,"(3, 3)",,,
Jour 473,Writing with Voice,"(3, 3)",,,
Jour 474,Cultural Reporting and Criticism,"(3, 3)",,,
Jour 475,Editorial and Opinion Writing,"(3, 3)",,,
Jour 477,Specialized Reporting,"(3, 3)",,,
Jour 479,Applied Video Storytelling,"(3, 3)",,,
Jour 480,Advanced Broadcast Reporting,"(3, 3)",,,
Jour 495,Journalism Practicum,"(1, 3)",,,
Jour 496,Jour Honors Thesis Research,"(3, 3)",,,
Jour 497,Jour Honors Thesis I,"(3, 3)",,,
Jour 498,Jour Honors Thesis 2,"(3, 3)",,,
Jour 499,Directed Study,"(3, 3)",,,
Jour 501,Magazine Service Journalism Publishing,"(3, 3)",,,
Jour 513,The Press and the Changing South,"(3, 3)",,,
Jour 542,Peace Journalism,"(3, 3)",,,
Jour 551,Research in Mass Communications,"(3, 3)",,,
Jour 552,Seminar in Mass Communication Theory,"(3, 3)",,,
Jour 553,Service Journalism Management,"(3, 3)",,,
Jour 571,Communications Law,"(3, 3)",,,
Jour 572,History of Mass Media,"(3, 3)",,,
Jour 573,"Mass Comm, Technology, and Society","(3, 3)",,,
Jour 574,Public Opinion and the Mass Media,"(3, 3)",,,
Jour 575,Mass Media Ethics and Social Issues,"(3, 3)",,,
Jour 576,Documentary and Social Issues,"(3, 3)",,,
Jour 577,Depth Reporting,"(3, 3)",,,
Jour 578,Television Documentary Reporting,"(3, 3)",,,
Jour 580,Topics in Journalism II,"(1, 3)",,,
Jour 585,Health Communication,"(3, 3)",,,
Jour 589,Sports Television Production,"(3, 3)",,,
Jour 590,Multimedia Storytelling I,"(3, 3)",,,
Jour 591,Journalism Explorations I,"(3, 3)",,,
Jour 592,Journalism Explorations II,"(3, 3)",,,
Jour 599,Directed Study,"(1, 3)",,,
Jour 610,Multimedia Storytelling II,"(3, 3)",,,
Jour 653,Problems in Public Opinion,"(3, 3)",,,
Jour 654,Seminar in Communications Law,"(3, 3)",,,
Jour 655,Seminar in History of Mass Media,"(3, 3)",,,
Jour 664,Journalism Practices and Ethics,"(3, 3)",,,
Jour 668,Narrative Journalism,"(3, 3)",,,
Jour 680,Advanced Topics in Journalism,"(3, 3)",,,
Jour 695,Communication Internship,"(3, 3)",,,
Jour 697,Thesis,"(1, 12)",,,
Kor 111,Intensive Elementary Korean I,"(5, 5)",,,
Kor 112,Intensive Elementary Korean II,"(5, 5)",,,
Kor 198,Elementary Korean Study Abroad,"(1, 12)",,,
Kor 199,Special Topics in Korean,"(1, 6)",,,
Kor 211,Intensive Intermediate Korean I,"(5, 5)",,,
Kor 212,Intensive Intermediate Korean II,"(5, 5)",,,
Kor 298,Intermediate Korean Study Abroad,"(1, 12)",,,
Kor 299,Special Topics in Korean,"(1, 6)",,,
Kor 301,Advanced Korean I,"(3, 3)",,,
Kor 302,Advanced Korean II,"(3, 3)",,,
Kor 398,Upper-Level Korean Study Abroad,"(3, 3)",,,
Kor 399,Special Topics in Korean,"(1, 6)",,,
Kor 401,Conversation and Composition I,"(3, 3)",,,
Kor 402,Conversation and Composition II,"(3, 3)",,,
LA 102,Ethics in the Legal Environment,"(3, 3)",Criminal Justice & Legal Studies,,
LA 103,Logic & Crit Analysis in Legal Reasoning,"(3, 3)",Criminal Justice & Legal Studies,,
LA 104,Public Speaking in the Legal Environment,"(3, 3)",Criminal Justice & Legal Studies,,
LA 201,Introduction to Law,"(3, 3)",Criminal Justice & Legal Studies,,
LA 202,Law Office Environment,"(3, 3)",Criminal Justice & Legal Studies,,
LA 204,Legal Research/Writing I,"(3, 3)",Criminal Justice & Legal Studies,,
LA 205,Legal Research/Writing II,"(3, 3)",Criminal Justice & Legal Studies,,
LA 303,Civil Litigation I,"(3, 3)",Criminal Justice & Legal Studies,,
LA 304,Civil Litigation II,"(3, 3)",Criminal Justice & Legal Studies,,
LA 305,Criminal Law and Procedure,"(3, 3)",Criminal Justice & Legal Studies,,
LA 308,Administration of Wills and Estates,"(3, 3)",Criminal Justice & Legal Studies,,
LA 310,Real Property and Abstracting,"(3, 3)",Criminal Justice & Legal Studies,,
LA 360,Independent Study in Legal Studies,"(1, 3)",Criminal Justice & Legal Studies,,
LA 392,Law School Prep Seminar,"(3, 3)",Criminal Justice & Legal Studies,,
LA 401,Commercial and Contractual Relations,"(3, 3)",Criminal Justice & Legal Studies,,
LA 402,Torts,"(3, 3)",Criminal Justice & Legal Studies,,
LA 403,Bankruptcy Law,"(3, 3)",Criminal Justice & Legal Studies,,
LA 404,Administrative Law,"(3, 3)",Criminal Justice & Legal Studies,,
LA 405,Business Organizations,"(3, 3)",Criminal Justice & Legal Studies,,
LA 406,Domestic Law,"(3, 3)",Criminal Justice & Legal Studies,,
LA 408,Medical Law and Terminology,"(3, 3)",Criminal Justice & Legal Studies,,
LA 410,Alternative Dispute Resolution,"(3, 3)",Criminal Justice & Legal Studies,,
LA 411,Elder Law,"(3, 3)",Criminal Justice & Legal Studies,,
LA 421,Special Topics in Legal Studies,"(3, 3)",Criminal Justice & Legal Studies,,
LA 440,Issues in Access to Justice,"(3, 3)",Criminal Justice & Legal Studies,,
LA 490,Advanced Seminar in Legal Studies,"(3, 3)",Criminal Justice & Legal Studies,,
LA 491,Advanced Studies in Law,"(3, 3)",Criminal Justice & Legal Studies,,
LA 495,Internship,"(3, 3)",Criminal Justice & Legal Studies,,
Lat 101,Introduction to Latin I,"(3, 3)",Classics,,
Lat 102,Introduction to Latin II,"(3, 3)",Classics,,
Lat 111,Intensive Introduction to Latin,"(6, 6)",Classics,,
Lat 201,Intermediate Latin I,"(3, 3)",Classics,,
Lat 202,Intermediate Latin II,"(3, 3)",Classics,,
Lat 299,Readings in Advanced Latin,"(3, 6)",Classics,,
Lat 321,Latin Prose,"(3, 3)",Classics,,
Lat 322,Roman Historians,"(3, 3)",Classics,,
Lat 323,Roman Oratory,"(3, 3)",Classics,,
Lat 329,Medieval Latin,"(3, 3)",Classics,,
Lat 331,Latin Poetry,"(3, 3)",Classics,,
Lat 332,Vergil,"(3, 3)",Classics,,
Lat 333,Ovid,"(3, 3)",Classics,,
Lat 334,Roman Lyric,"(3, 3)",Classics,,
Lat 335,Roman Elegy,"(3, 3)",Classics,,
Lat 337,Roman Comedy,"(3, 3)",Classics,,
Lat 338,Roman Satire,"(3, 3)",Classics,,
Lat 340,Literature of the Neronian Age,"(3, 3)",Classics,,
Lat 341,Literature of the Roman Empire,"(3, 3)",Classics,,
Lat 342,Early Roman Literature,"(3, 3)",Classics,,
Lat 343,Literature of the Late Republic,"(3, 3)",Classics,,
Lat 344,Latin Epigraphy,"(3, 3)",Classics,,
Lat 601,Writers of the Augustan Age,"(3, 3)",Classics,,
Lat 621,Latin Prose,"(3, 3)",Classics,,
Lat 622,Roman Historians,"(3, 3)",Classics,,
Lat 623,Roman Oratory,"(3, 3)",Classics,,
Lat 629,Medieval Latin,"(3, 3)",Classics,,
Lat 631,Latin Poetry,"(3, 3)",Classics,,
Lat 632,Vergil,"(3, 3)",Classics,,
Lat 633,Ovid,"(3, 3)",Classics,,
Lat 634,Roman Lyric,"(3, 3)",Classics,,
Lat 635,Roman Elegy,"(3, 3)",Classics,,
Lat 637,Roman Comedy,"(3, 3)",Classics,,
Lat 638,Roman Satire,"(3, 3)",Classics,,
Lat 640,Literature of the Neronian Age,"(3, 3)",Classics,,
Lat 641,Literature of the Roman Empire,"(3, 3)",Classics,,
Lat 642,Early Roman Literature,"(3, 3)",Classics,,
Lat 643,Literature of the Late Republic,"(3, 3)",Classics,,
Lat 691,Directed Reading in Latin Literature,"(1, 3)",Classics,,
Lat 697,Thesis,"(1, 12)",Classics,,
Law 500,Professional Identity Formation,"(1, 1)",,,
Law 501,Contracts,"(3, 6)",,,
Law 502,Torts,"(3, 6)",,,
Law 503,Civil Procedure I,"(1, 4)",,,
Law 504,Property,"(3, 6)",,,
Law 507,Constitutional Law I,"(3, 4)",,,
Law 508,Constitutional Law II,"(3, 3)",,,
Law 510,Legislation,"(2, 3)",,,
Law 512,Legal Research I,"(1, 4)",,,
Law 513,Legal Research II,"(1, 4)",,,
Law 514,Legal Writing I,"(1, 4)",,,
Law 515,Legal Writing II,"(1, 3)",,,
Law 516,Wills and Estates,"(1, 4)",,,
Law 520,Procurement Law,"(3, 3)",,,
Law 521,Problem Solving in Space Law,"(3, 3)",,,
Law 522,Drone Law and Policy,"(3, 3)",,,
Law 523,Astra Politica,"(3, 3)",,,
Law 530,European Union Law,"(1, 3)",,,
Law 531,Law of Armed Conflict,"(2, 3)",,,
Law 535,Patent Law,"(2, 3)",,,
Law 541,Legal History,"(2, 3)",,,
Law 543,International Finance,"(3, 3)",,,
Law 544,Pretrial Practice,"(2, 3)",,,
Law 551,Lawyering Skills Workshop,"(3, 3)",,,
Law 552,Risk Management and Compliance I,"(1, 4)",,,
Law 558,Bankruptcy,"(3, 3)",,,
Law 559,Insurance,"(2, 3)",,,
Law 560,Family Law,"(2, 3)",,,
Law 564,Local Government Law,"(2, 3)",,,
Law 568,Criminal Law,"(2, 3)",,,
Law 569,Constitutional Law Seminar,"(3, 3)",,,
Law 570,Land Titles,"(1, 3)",,,
Law 571,Secured Transactions,"(3, 3)",,,
Law 572,Land Finance I,"(2, 3)",,,
Law 573,Legal Accounting,"(1, 3)",,,
Law 574,Land Finance II,"(2, 3)",,,
Law 575,International Trade,"(2, 3)",,,
Law 576,Law and Economics,"(2, 3)",,,
Law 577,Civil Procedure II,"(2, 4)",,,
Law 578,Complex Litigation,"(2, 3)",,,
Law 579,Mississippi Civil Practice,"(2, 3)",,,
Law 580,Intellectual Property,"(2, 3)",,,
Law 581,Environmental Law,"(2, 3)",,,
Law 582,Supreme Court Practice,"(1, 3)",,,
Law 583,Journal of Space Law,"(1, 5)",,,
Law 584,Contract Drafting,"(2, 3)",,,
Law 590,Contract Negotiation and Drafting,"(1, 4)",,,
Law 591,Bar Exam Skills,"(2, 3)",,,
Law 592,Bar Exam Prep I,"(3, 3)",,,
Law 593,Bar Exam Prep II,"(3, 3)",,,
Law 595,Writing for the Bar Exam,"(2, 3)",,,
Law 599,Legal Methods,"(1, 4)",,,
Law 600,Evidence,"(3, 4)",,,
Law 601,Business Associations,"(3, 4)",,,
Law 602,Natural Resources Law,"(2, 3)",,,
Law 603,Legal Profession,"(1, 3)",,,
Law 604,Trusts,"(3, 3)",,,
Law 605,Administrative Law,"(2, 3)",,,
Law 606,Corporate Finance Law,"(3, 3)",,,
Law 607,Banking Law,"(2, 3)",,,
Law 608,Conflict of Laws,"(2, 3)",,,
Law 609,Oil and Gas,"(2, 3)",,,
Law 610,Mississippi Law Journal,"(1, 5)",,,
Law 611,Sports Law Review,"(1, 5)",,,
Law 613,Income Taxation of Individuals,"(3, 3)",,,
Law 614,Labor Law,"(3, 3)",,,
Law 615,Individual Study I,"(1, 4)",,,
Law 618,Workers' Compensation,"(2, 3)",,,
Law 619,Jurisprudence,"(2, 3)",,,
Law 620,International Law,"(2, 3)",,,
Law 621,Antitrust  Law,"(2, 3)",,,
Law 622,Bankruptcy Reorganization Seminar,"(3, 3)",,,
Law 623,Tax Problems,"(1, 3)",,,
Law 626,Federal Taxation of Gratuitous Transfers,"(2, 3)",,,
Law 627,Family Law Seminar,"(1, 3)",,,
Law 628,Admiralty Law,"(2, 3)",,,
Law 629,Business Planning,"(1, 3)",,,
Law 630,Wills and Trusts Drafting,"(3, 3)",,,
Law 631,Professional Skills,"(1, 3)",,,
Law 632,Land Planning,"(2, 3)",,,
Law 633,Income Tax. of Corp. and Shareholders,"(3, 3)",,,
Law 634,Partnership Taxation,"(1, 3)",,,
Law 635,Criminal Procedure I: Investigation,"(3, 4)",,,
Law 636,Clinics: General,"(1, 12)",,,
Law 637,Problems in Evidence,"(2, 3)",,,
Law 638,Current Problems in International Law,"(3, 3)",,,
Law 639,Legal Problems of Indigence,"(2, 3)",,,
Law 640,Employment Discrimination,"(2, 3)",,,
Law 642,Remedies,"(1, 3)",,,
Law 643,Comparative Law,"(2, 3)",,,
Law 644,Housing Law,"(2, 3)",,,
Law 645,Employer-Employee Relations,"(3, 3)",,,
Law 646,Children In The Legal System,"(1, 3)",,,
Law 647,Sports Law I (Intercollegiate Sports),"(3, 3)",,,
Law 648,School Law Seminar,"(2, 3)",,,
Law 650,Securities Regulation,"(3, 3)",,,
Law 651,Alternative Dispute Resolution,"(2, 3)",,,
Law 652,Problems in Criminal Procedure,"(2, 3)",,,
Law 653,Law and Literature,"(3, 3)",,,
Law 654,Clinics: Externship,"(1, 12)",,,
Law 655,Remote Sensing Law,"(3, 3)",,,
Law 656,International Environmental Law,"(2, 3)",,,
Law 657,Copyright Law,"(3, 3)",,,
Law 658,International Security Law and Policy,"(2, 3)",,,
Law 659,Legal Process,"(3, 3)",,,
Law 660,Deferred Compensation,"(3, 3)",,,
Law 661,Gaming Law,"(2, 3)",,,
Law 662,Political and Civil Rights,"(3, 3)",,,
Law 663,Immigration Law,"(2, 3)",,,
Law 664,Trial Advocacy Board,"(1, 4)",,,
Law 665,Bioethics,"(2, 3)",,,
Law 666,Moot Court Board,"(1, 4)",,,
Law 668,Sentencing,"(3, 3)",,,
Law 669,Crypto Rules,"(1, 3)",,,
Law 670,Accounting,"(1, 1)",,,
Law 671,Analytical Methods,"(1, 1)",,,
Law 672,Capital Structure and Valuation,"(1, 1)",,,
Law 673,Communications Law,"(3, 3)",,,
Law 674,Agricultural Law,"(2, 3)",,,
Law 675,Coastal and Ocean Law,"(3, 3)",,,
Law 677,Comparative National Space Law,"(1, 3)",,,
Law 678,Federal Trial Practice,"(2, 3)",,,
Law 679,United States Domestic Space Law,"(3, 3)",,,
Law 680,International Space Law,"(3, 3)",,,
Law 682,Estate Planning,"(2, 3)",,,
Law 683,Trademark Law,"(3, 3)",,,
Law 684,Higher Education and The Law,"(1, 3)",,,
Law 685,The Prosecution Function,"(2, 3)",,,
Law 686,Criminal Trial Practice,"(1, 3)",,,
Law 688,Law and Religion,"(2, 3)",,,
Law 690,Clinics: Child Advocacy,"(1, 6)",,,
Law 691,Clinics: Housing,"(1, 6)",,,
Law 692,Clinics: Innocence Project,"(1, 6)",,,
Law 693,Clinics: Legislation and Policy,"(1, 6)",,,
Law 694,Commercial Paper,"(2, 3)",,,
Law 695,Law and Medicine,"(1, 3)",,,
Law 696,Federal Jurisdiction,"(2, 3)",,,
Law 697,Clinics: Criminal Appeals,"(1, 6)",,,
Law 698,Legal Topics I,"(1, 3)",,,
Law 699,Interviewing and Counseling,"(1, 6)",,,
Law 701,Selected Legal Topics II,"(1, 3)",,,
Law 702,Income Tax II,"(3, 3)",,,
Law 703,Selected Legal Topics III,"(1, 3)",,,
Law 704,Selected Legal Topics IV,"(1, 3)",,,
Law 705,Selected Legal Topics V,"(1, 3)",,,
Law 706,Selected Legal Topics VI,"(1, 3)",,,
Law 707,Selected Legal Topics VII,"(1, 3)",,,
Law 708,Selected Legal Topics VIII,"(1, 3)",,,
Law 709,Entertainment Law,"(2, 3)",,,
Law 710,International Legal Research,"(2, 2)",,,
Law 711,Research for Legal Scholarship,"(1, 1)",,,
Law 712,Advanced Legal Writing,"(3, 3)",,,
Law 713,Clinics: Pro Bono Initiative,"(1, 6)",,,
Law 714,Criminal Procedure II: Adjudication,"(3, 4)",,,
Law 715,Individual Study II,"(1, 4)",,,
Law 716,Federal Habeas Corpus Remedies,"(2, 2)",,,
Law 717,Disability Law and Policy,"(2, 3)",,,
Law 718,Cybercrime,"(3, 3)",,,
Law 719,International Human Rights Law,"(3, 3)",,,
Law 720,Advanced Legal Research,"(1, 3)",,,
Law 721,Capital Punishment and the Judicial Pro,"(3, 3)",,,
Law 722,International Commercial Arbitration,"(3, 3)",,,
Law 723,U.S. National Aviation Law,"(3, 3)",,,
Law 724,International Aviation Law,"(3, 3)",,,
Law 725,Clinics: Transactional,"(1, 6)",,,
Law 726,Health Care Law,"(2, 3)",,,
Law 728,Employee Benefits,"(3, 3)",,,
Law 729,Internet Law,"(3, 3)",,,
Law 731,Fourth Amendment Seminar,"(2, 3)",,,
Law 732,International Intellectual Property,"(2, 3)",,,
Law 733,Clinics: MacArthur Justice Clinic,"(1, 6)",,,
Law 735,White Collar Crime,"(3, 3)",,,
Law 736,Space Security Law,"(3, 3)",,,
Law 737,Cyber Law and Cybersecurity,"(3, 3)",,,
Law 738,Climate Change and Policy,"(3, 3)",,,
Law 739,Business Law Practicum,"(2, 3)",,,
Law 740,Natural Resources Law,"(3, 3)",,,
Law 741,Health Care Law II,"(3, 3)",,,
Law 742,Gender and the Law,"(2, 3)",,,
Law 743,Critical Race Theory,"(2, 3)",,,
Law 744,Law and Film,"(2, 3)",,,
Law 745,Academic Legal Writing,"(2, 3)",,,
Law 746,Energy Law,"(2, 3)",,,
Law 748,Criminal Trial Evidence Skills,"(2, 2)",,,
Law 749,Advanced Legal Ethics,"(2, 3)",,,
Law 750,Public International Air Law,"(3, 3)",,,
Law 751,Private International Air Law,"(1, 3)",,,
Law 752,Telecommunication Law,"(1, 3)",,,
Law 753,Int'l Aviation Finance and Leasing Law,"(1, 3)",,,
Law 754,Advanced Torts,"(2, 3)",,,
Law 755,Sports Law II (Professional Sports),"(2, 3)",,,
Law 756,Emerging Issues in Intellectual Property,"(2, 3)",,,
Law 757,International Investment Law,"(2, 3)",,,
Law 758,Speaker's Edge,"(3, 3)",,,
Law 760,Research Assistant I,"(1, 4)",,,
Law 761,Advocacy Competition,"(1, 4)",,,
Law 762,Research Assistant II,"(1, 4)",,,
Law 763,Negotiation Board,"(1, 4)",,,
Law 764,Conflict Management Practicum,"(1, 3)",,,
Law 765,Clinics: Advanced,"(1, 12)",,,
Law 766,Clinics: Elder Law,"(1, 6)",,,
Law 767,Clinics: Street Law,"(1, 6)",,,
Law 768,Clinics: Tax,"(1, 6)",,,
Law 769,Clinics: Low-Income Taxpayer,"(1, 6)",,,
Law 771,Advanced Legal Topics I,"(1, 3)",,,
Law 772,Advanced Legal Topics II,"(1, 3)",,,
Law 773,Advanced Legal Topics III,"(1, 3)",,,
Law 774,Advanced Legal Topics IV,"(1, 3)",,,
Law 775,Advanced Legal Topics V,"(1, 3)",,,
Law 776,Advanced Legal Topics VI,"(1, 3)",,,
Law 777,Advanced Legal Topics VII,"(1, 3)",,,
Law 778,Advanced Legal Topics VIII,"(1, 3)",,,
Law 779,Advanced Legal Topics IX,"(1, 3)",,,
Law 780,Professional Business Law Writing I,"(1, 1)",,,
Law 781,Professional Business Law Writing II,"(1, 1)",,,
Law 782,Professional Business Law Writing III,"(1, 1)",,,
Law 785,Contemporary Issues in NCAA Compliance,"(3, 3)",,,
Law 797,Master's Thesis I,"(1, 1)",,,
Law 798,Master's Thesis II,"(1, 1)",,,
Law 799,Master's Thesis III,"(1, 6)",,,
Ldrs 391,Seminar in Leadership,"(3, 3)",Trent Lott Leadership Institute,,
Lead 591,Leadership and Advocacy in Pharmacy,"(4, 4)",Pharmacy Practice,,
Liba 100,Introduction to Liberal Arts,"(3, 3)",,,
Liba 101,Intro. to Occupational/Physical Therapy,"(3, 3)",,,
Liba 102,First Year Seminar,"(3, 3)",Writing & Rhetoric,,
Liba 103,STEM Research Experience,"(1, 3)",,,
Liba 130,Introduction to the Fine Arts,"(3, 3)",,,
Liba 150,Integrated Science I,"(4, 4)",,,
Liba 151,Integrated Science II,"(4, 4)",,,
Liba 199,Special Topics in Liberal Arts,"(1, 6)",,,
Liba 201,Interdisciplinary Studies,"(3, 3)",,,
Liba 202,Interdisciplinary Humanities,"(3, 3)",,,
Liba 203,Interdisciplinary Social Sciences,"(3, 3)",,,
Liba 204,Interdisciplinary Arts,"(3, 3)",,,
Liba 205,Interdisciplinary Sciences,"(3, 3)",,,
Liba 205L,Interdisciplinary Lab Sciences,"(1, 4)",,,
Liba 299,Special Topics in Liberal Arts,"(1, 6)",,,
Liba 301,Foreign Study,"(1, 24)",,,
Liba 302,Topics in Liberal Arts Abroad,"(1, 6)",,,
Liba 303,Health Professions Application Process,"(1, 1)",,,
Liba 305,Humanities and the Experience of War,"(3, 3)",,,
Liba 311,Advanced Interdisciplinary Studies,"(3, 3)",,,
Liba 312,Advanced Interdisciplinary Humanities,"(3, 3)",,,
Liba 313,Advanced Interdisc Social Science,"(3, 3)",,,
Liba 314,Advanced Interdisciplinary Arts,"(3, 3)",,,
Liba 315,Advanced Interdisciplinary Sciences,"(3, 3)",,,
Liba 315L,Advanced Interdisciplinary Lab Sciences,"(1, 4)",,,
Liba 397,Internship,"(1, 6)",,,
Liba 399,Special Topics in Liberal Arts,"(1, 6)",,,
Liba 401,Topics in the Liberal Arts,"(1, 3)",,,
Liba 410,Med Lab: Urinalysis,"(1, 1)",,,
Liba 411,Med Lab: Serology/Immunology,"(2, 2)",,,
Liba 412,Med Lab: Clinical Microbiology,"(3, 3)",,,
Liba 413,Med Lab: Hematology,"(3, 3)",,,
Liba 414,Med Lab: Clinical Analysis of Fluids,"(3, 3)",,,
Liba 415,Med Lab: Immunohematology,"(3, 3)",,,
Liba 416,Med Lab: Management/Education,"(2, 2)",,,
Liba 417,Med Lab: Microbiology/Immun. Rotation,"(4, 4)",,,
Liba 418,Med Lab: Hematology/Urinalysis Rotation,"(4, 4)",,,
Liba 419,Med Lab: Immunohematology Rotation,"(4, 4)",,,
Liba 420,Med Lab: Clinical Rotation,"(4, 4)",,,
Liba 499,Special Topics in Liberal Arts,"(1, 6)",,,
Lin 103,Logic: Critical Thinking,"(3, 3)",Modern Languages,,
Lin 200,Introduction to Linguistic Science,"(3, 3)",Modern Languages,,
Lin 250,Introduction to TESOL,"(3, 3)",Modern Languages,,
Lin 299,Topics in Linguistics,"(3, 3)",Modern Languages,,
Lin 303,Phonology,"(3, 3)",Modern Languages,,
Lin 304,Morphology,"(3, 3)",Modern Languages,,
Lin 305,Syntax,"(3, 3)",Modern Languages,,
Lin 306,Semantics and Pragmatics,"(3, 3)",Modern Languages,,
Lin 310,Sociolinguistics,"(3, 3)",Modern Languages,,
Lin 312,Language and Culture,"(3, 3)",Modern Languages,,
Lin 330,Introduction to Spanish Linguistics,"(3, 3)",Modern Languages,,
Lin 331,Introduction to French Linguistics,"(3, 3)",Modern Languages,,
Lin 332,Introduction to German Linguistics,"(3, 3)",Modern Languages,,
Lin 338,Manual Communication,"(3, 3)",Modern Languages,,
Lin 339,Structure of a Less Commonly Taught Lang,"(3, 3)",Modern Languages,,
Lin 340,Philosophy of Language,"(3, 3)",Modern Languages,,
Lin 341,Computational Linguistics,"(3, 3)",Modern Languages,,
Lin 348,Language and the Law,"(3, 3)",Modern Languages,,
Lin 350,Teaching English as a Second Language,"(3, 3)",Modern Languages,,
Lin 351,Language Acquisition,"(3, 3)",Modern Languages,,
Lin 353,Psycholinguistics,"(3, 3)",Modern Languages,,
Lin 355,Modern English Grammar,"(3, 3)",Modern Languages,,
Lin 399,Advanced Topics in Linguistics,"(3, 3)",Modern Languages,,
Lin 497,Undergraduate Thesis,"(3, 3)",Modern Languages,,
Lin 501,Seminar in Linguistics,"(3, 3)",Modern Languages,,
Lin 506,Discourse Analysis,"(3, 3)",Modern Languages,,
Lin 510,Advanced English Grammar,"(3, 3)",Modern Languages,,
Lin 511,Dialects of English,"(3, 3)",Modern Languages,,
Lin 515,"Language, Gender, and Sexuality","(3, 3)",Modern Languages,,
Lin 520,Historical Linguistics,"(3, 3)",Modern Languages,,
Lin 521,Old English I,"(3, 3)",Modern Languages,,
Lin 522,Old English II,"(3, 3)",Modern Languages,,
Lin 524,History of the English Language II,"(3, 3)",Modern Languages,,
Lin 525,Old Norse,"(3, 3)",Modern Languages,,
Lin 530,French Phonetics and Phonology,"(3, 3)",Modern Languages,,
Lin 531,History of French Language,"(3, 3)",Modern Languages,,
Lin 532,Topics in Applied French Linguistics,"(3, 3)",Modern Languages,,
Lin 533,German Phonetics and Phonology,"(3, 3)",Modern Languages,,
Lin 534,History of German,"(3, 3)",Modern Languages,,
Lin 535,Topics in Applied German Linguistics,"(3, 3)",Modern Languages,,
Lin 536,Spanish Phonetics and Phonology,"(3, 3)",Modern Languages,,
Lin 537,Spanish Morphology and Syntax,"(3, 3)",Modern Languages,,
Lin 538,History of Spanish,"(3, 3)",Modern Languages,,
Lin 539,Topics in Applied Spanish Linguistics,"(3, 3)",Modern Languages,,
Lin 542,Language Teaching Methods,"(3, 3)",Modern Languages,,
Lin 545,Pidgins and Creoles,"(3, 3)",Modern Languages,,
Lin 548,Forensic Linguistics,"(3, 3)",Modern Languages,,
Lin 551,Assessment in Second Lang Acquisition,"(3, 3)",Modern Languages,,
Lin 552,Evaluation & Policy in Lang Education,"(3, 3)",Modern Languages,,
Lin 553,Topics in Psycholinguistic Research,"(3, 3)",Modern Languages,,
Lin 561,Multilingual Development & Education,"(3, 3)",Modern Languages,,
Lin 571,Intercultural Communication & Education,"(3, 3)",Modern Languages,,
Lin 572,Cultural Dimensions of Language Educatio,"(3, 3)",Modern Languages,,
Lin 581,Indigenous Languages and Pedagogies,"(3, 3)",Modern Languages,,
Lin 598,Study Abroad in Linguistics,"(3, 3)",Modern Languages,,
Lin 599,Special Topics in Linguistics,"(3, 3)",Modern Languages,,
Lin 600,Fundamentals of Applied linguistics,"(3, 3)",Modern Languages,,
Lin 601,Professional Issues in Graduate Study,"(1, 1)",Modern Languages,,
Lin 603,Seminar in Phonology,"(3, 3)",Modern Languages,,
Lin 604,Seminar in Morphology,"(3, 3)",Modern Languages,,
Lin 605,Seminar in Syntax,"(3, 3)",Modern Languages,,
Lin 606,Seminar in Pragmatics,"(3, 3)",Modern Languages,,
Lin 610,Seminar in Sociolinguistics,"(3, 3)",Modern Languages,,
Lin 611,Language Variation,"(3, 3)",Modern Languages,,
Lin 620,Seminar in Historical Linguistics,"(3, 3)",Modern Languages,,
Lin 621,Seminar in Comparative Linguistics,"(3, 3)",Modern Languages,,
Lin 638,Linguistic Variation in Spanish-Speaking,"(3, 3)",Modern Languages,,
Lin 641,Intro to Translation Theory and Practice,"(3, 3)",Modern Languages,,
Lin 650,Seminar in Second Language Acquisition,"(3, 3)",Modern Languages,,
Lin 651,Instructed Second Language Acquisition,"(3, 3)",Modern Languages,,
Lin 652,Advanced Methods of Teaching Second Lang,"(3, 3)",Modern Languages,,
Lin 653,Cognitive Linguistics and SLA/Teaching,"(3, 3)",Modern Languages,,
Lin 655,Functional Grammar,"(3, 3)",Modern Languages,,
Lin 657,Teaching L2 Literacy,"(3, 3)",Modern Languages,,
Lin 670,Critical Issues in Applied Linguistics,"(3, 3)",Modern Languages,,
Lin 672,Linguistic Anthropology,"(3, 3)",Modern Languages,,
Lin 680,Language Program Administration,"(3, 3)",Modern Languages,,
Lin 687,Practicum in Teach Engl as a Second Lang,"(3, 6)",Modern Languages,,
Lin 688,TESOL Internship I,"(3, 3)",Modern Languages,,
Lin 689,TESOL Internship II,"(3, 3)",Modern Languages,,
Lin 690,Qualitative Research Methods,"(3, 3)",Modern Languages,,
Lin 691,Quantitative Research Methods,"(3, 3)",Modern Languages,,
Lin 692,Linguistics Toolkit,"(3, 3)",Modern Languages,,
Lin 693,Linguistic Research: Theory to Practice,"(3, 3)",Modern Languages,,
Lin 697,Master Thesis,"(1, 12)",Modern Languages,,
Lin 699,Special Topics,"(3, 3)",Modern Languages,,
Lin 701,Proseminar for Ph.D. students,"(3, 3)",Modern Languages,,
Lin 721,Capstone,"(3, 3)",Modern Languages,,
Lin 795,Selected Doctoral Readings,"(3, 3)",Modern Languages,,
Lin 796,Doctoral Proposal,"(3, 3)",Modern Languages,,
Lin 797,Doctoral Dissertation,"(1, 18)",Modern Languages,,
Lin 799,Independent Project,"(3, 3)",Modern Languages,,
M E 101,Introduction to Mechanical Engineering,"(1, 1)",Mechanical Engineering,,
M E 201,Engineering Graphics Fundamentals,"(2, 2)",Mechanical Engineering,,
M E 324,Introduction to Mechanical Design,"(3, 3)",Mechanical Engineering,,
M E 325,Intermediate Dynamics,"(3, 3)",Mechanical Engineering,,
M E 326,Machine Learning for Engineers,"(4, 4)",Mechanical Engineering,,
M E 330,Engineering Systems Analysis and Design,"(3, 3)",,,
M E 401,Thermo-fluid Dynamics,"(3, 3)",Mechanical Engineering,,
M E 402,Elements of Propulsion,"(3, 3)",Mechanical Engineering,,
M E 406,Alternative Energy Systems,"(3, 3)",Mechanical Engineering,,
M E 416,Structures and Dynamics Laboratory,"(1, 1)",Mechanical Engineering,,
M E 417,Projects,"(1, 3)",Mechanical Engineering,,
M E 418,Projects,"(1, 3)",Mechanical Engineering,,
M E 419,Energy and Fluids Laboratory,"(1, 1)",Mechanical Engineering,,
M E 420,Engineering Analysis III,"(3, 3)",,,
M E 426,Kinematics: Analysis and Synthesis,"(3, 3)",Mechanical Engineering,,
M E 428,Dynamics of Machinery,"(3, 3)",Mechanical Engineering,,
M E 437,Mechanical Engineering Design I,"(2, 2)",Mechanical Engineering,,
M E 438,Mechanical Engineering Design,"(3, 3)",Mechanical Engineering,,
M E 521,Projects,"(3, 3)",Mechanical Engineering,,
M E 522,Projects,"(3, 3)",Mechanical Engineering,,
M E 523,Special Topics in Mechanical Engineering,"(3, 3)",Mechanical Engineering,,
M E 524,Special Topics in Mechanical Engineering,"(3, 3)",Mechanical Engineering,,
M E 525,Advanced Dynamics,"(3, 3)",Mechanical Engineering,,
M E 527,Materials Processing,"(3, 3)",Mechanical Engineering,,
M E 529,Aerodynamics,"(3, 3)",Mechanical Engineering,,
M E 530,Physical Metallurgy,"(3, 3)",Mechanical Engineering,,
M E 531,Mechanical Behavior of Engr  Materials,"(3, 3)",Mechanical Engineering,,
M E 533,Electronic Properties of Materials,"(3, 3)",Mechanical Engineering,,
M E 534,Properties and Selection of Materials,"(3, 3)",Mechanical Engineering,,
M E 535,Experimental Stress Analysis,"(3, 3)",Mechanical Engineering,,
M E 537,Mechatronic Systems Engineering,"(3, 3)",Mechanical Engineering,,
M E 541,Theory and Use of CAD and Solid Modeling,"(3, 3)",Mechanical Engineering,,
M E 543,Linear Systems and Controls,"(3, 3)",Mechanical Engineering,,
M E 553,Heat Transfer,"(3, 3)",,,
Manc 591,Managed Care Clerkship,"(4, 4)",Pharmacy Practice,,
Manf 150,Intro to Engineering / Manufacturing,"(1, 1)",,,
Manf 152,Intro to Engineering & Manufacturing II,"(1, 1)",,,
Manf 250,Graphics/Solid Modeling,"(3, 3)",,,
Manf 251,Manufacturing Processes,"(3, 3)",,,
Manf 252,Product Realization Laboratory,"(1, 1)",,,
Manf 253,Strategic Planning,"(3, 3)",,,
Manf 254,Continuous Flow/Layout,"(3, 3)",,,
Manf 255,Lean I: Standardized Work & Takt Time,"(1, 1)",,,
Manf 325,Principles of Ops & Supply Chain Mgmt,"(3, 3)",,,
Manf 350,Standardized Work/Takt Time,"(3, 3)",,,
Manf 351,Manufacturing Product/Process Design,"(1, 1)",,,
Manf 353,Accounting & Financial Mgmt for Manf,"(3, 3)",,,
Manf 355,Lean II: Continuous Flow/Layout,"(1, 1)",,,
Manf 396,Special Topics in Manufacturing,"(1, 3)",,,
Manf 397,Special Topics in Manufacturing,"(1, 3)",,,
Manf 450,Practical Problem Solving in Manf,"(3, 3)",,,
Manf 451,Manf Design-Product Realization,"(1, 1)",,,
Manf 452,"Manf Design-Product Realization, II","(2, 2)",,,
Manf 455,Lean III: Practical Problem Solving,"(3, 3)",,,
Manf 460,Introduction to Project Management,"(3, 3)",,,
Manf 465,Applications in Ops & Supply Chain Mgmt,"(3, 3)",,,
Manf 470,Principles of Lean Six Sigma,"(3, 3)",,,
Manf 475,Applications in Advanced Manufacturing,"(3, 3)",,,
Manf 496,Special Topics in Manufacturing,"(1, 3)",,,
Manf 497,Special Topics in Manufacturing,"(1, 3)",,,
Math 115,Elementary Statistics,"(3, 3)",Mathematics,,
Math 120,Quantitative Reasoning,"(3, 3)",Mathematics,,
Math 121,College Algebra,"(3, 3)",Mathematics,,
Math 123,Trigonometry,"(3, 3)",Mathematics,,
Math 125,Basic Mathematics for Science & Eng,"(3, 3)",Mathematics,,
Math 167,Business Mathematics,"(3, 3)",Mathematics,,
Math 245,Mathematics for Elementary Teachers I,"(3, 3)",Mathematics,,
Math 246,Mathematics for Elementary Teachers II,"(3, 3)",Mathematics,,
Math 261,Unified Calculus &  Analytic Geometry I,"(3, 3)",Mathematics,,
Math 262,Unified Calculus & Analytic Geometry II,"(3, 3)",Mathematics,,
Math 263,Unified Calculus & Analytic Geometry III,"(3, 3)",Mathematics,,
Math 264,Unified Calculus & Analytic Geometry IV,"(3, 3)",Mathematics,,
Math 267,"Calculus for Business, Econ., & Accy. I","(3, 3)",Mathematics,,
Math 268,"Calculus for Business, Econ., & Accy. II","(3, 3)",Mathematics,,
Math 269,Introduction to Linear Programming,"(3, 3)",Mathematics,,
Math 271,Calculus of Decision Making I,"(3, 3)",Mathematics,,
Math 272,Calculus of Decision Making II,"(3, 3)",Mathematics,,
Math 281,Computer Laboratory for Calculus I,"(1, 1)",Mathematics,,
Math 282,Computer Laboratory for Calculus II,"(1, 1)",Mathematics,,
Math 283,Computer Laboratory for Calculus III,"(1, 1)",Mathematics,,
Math 284,Computer Laboratory for Calculus IV,"(1, 1)",Mathematics,,
Math 301,Discrete Mathematics,"(3, 3)",Mathematics,,
Math 302,Applied Modern Algebra,"(3, 3)",Mathematics,,
Math 305,Foundations of Mathematics,"(3, 3)",Mathematics,,
Math 319,Introduction to Linear Algebra,"(3, 3)",Mathematics,,
Math 353,Elementary Differential Equations,"(3, 3)",Mathematics,,
Math 368,Introduction to Operations Research,"(3, 3)",Mathematics,,
Math 375,Introduction to Statistics I,"(3, 3)",Mathematics,,
Math 380,Statistical Computing and Data Analysis,"(3, 3)",Mathematics,,
Math 390,Techniques in Teaching Sec. Level Math,"(3, 3)",Mathematics,,
Math 397,Special Problems,"(1, 3)",Mathematics,,
Math 401,Combinatorics,"(3, 3)",Mathematics,,
Math 425,Introduction to Abstract Algebra,"(3, 3)",Mathematics,,
Math 454,Intermediate Differential Equations,"(3, 3)",Mathematics,,
Math 459,Introduction to Complex Analysis,"(3, 3)",Mathematics,,
Math 461,Numerical Mathematical Analysis I,"(3, 3)",Mathematics,,
Math 462,Numerical Mathematical Analysis II,"(3, 3)",Mathematics,,
Math 464,Introduction to Dynamics and Chaos,"(3, 3)",Mathematics,,
Math 475,Introduction to Statistics II,"(3, 3)",Mathematics,,
Math 480,Introduction to Actuarial Science,"(3, 3)",Mathematics,,
Math 501,General Topology I,"(3, 3)",Mathematics,,
Math 502,General Topology II,"(3, 3)",Mathematics,,
Math 513,Theory of Numbers I,"(3, 3)",Mathematics,,
Math 514,Theory of Numbers II,"(3, 3)",Mathematics,,
Math 519,Matrices,"(3, 3)",Mathematics,,
Math 520,Linear Algebra,"(3, 3)",Mathematics,,
Math 525,Introduction to Abstract Algebra I,"(3, 3)",Mathematics,,
Math 526,Introduction to Abstract Algebra II,"(3, 3)",Mathematics,,
Math 533,Topics in Euclidean Geometry,"(3, 3)",Mathematics,,
Math 537,Non-Euclidean Geometry,"(3, 3)",Mathematics,,
Math 540,History of Mathematics,"(3, 3)",Mathematics,,
Math 545,Topics for Secondary School Teachers,"(3, 3)",Mathematics,,
Math 555,Advanced Calculus  I,"(3, 3)",Mathematics,,
Math 556,Advanced Calculus  II,"(3, 3)",Mathematics,,
Math 564,Introduction to Dynamical Systems I,"(3, 3)",Mathematics,,
Math 565,Introduction to Dynamical Systems II,"(3, 3)",Mathematics,,
Math 567,Introduction to Functional Analysis I,"(3, 3)",Mathematics,,
Math 568,Introduction to Functional Analysis II,"(3, 3)",Mathematics,,
Math 572,Introduction to Probability & Statistics,"(3, 3)",Mathematics,,
Math 573,Applied Probability,"(3, 3)",Mathematics,,
Math 574,Probability,"(3, 3)",Mathematics,,
Math 575,Mathematical Statistics I,"(3, 3)",Mathematics,,
Math 576,Mathematical Statistics II,"(3, 3)",Mathematics,,
Math 577,Applied Stochastic Processes,"(3, 3)",Mathematics,,
Math 578,Stochastic Processes,"(3, 3)",Mathematics,,
Math 590,Techniques in Teaching College Math,"(1, 3)",Mathematics,,
Math 597,Special Problems I,"(1, 3)",Mathematics,,
Math 598,Special Problems II,"(1, 3)",Mathematics,,
Math 599,Special Problems III,"(1, 3)",Mathematics,,
Math 625,Modern Algebra I,"(3, 3)",Mathematics,,
Math 626,Modern Algebra II,"(3, 3)",Mathematics,,
Math 631,Foundations of Geometry,"(3, 3)",Mathematics,,
Math 639,Projective Geometry,"(3, 3)",Mathematics,,
Math 647,Topics in Modern Mathematics,"(3, 3)",Mathematics,,
Math 649,Continued Fractions,"(3, 3)",Mathematics,,
Math 655,Theory Functions of Complex Variables I,"(3, 3)",Mathematics,,
Math 656,Theory Functions of Complex Variable II,"(3, 3)",Mathematics,,
Math 661,Numerical Analysis I,"(3, 3)",Mathematics,,
Math 662,Numerical Analysis II,"(3, 3)",Mathematics,,
Math 663,Special Functions,"(3, 3)",Mathematics,,
Math 664,Topics in Dynamical Systems,"(3, 3)",Mathematics,,
Math 667,Functional Analysis I,"(3, 3)",Mathematics,,
Math 668,Functional Analysis II,"(3, 3)",Mathematics,,
Math 669,Partial Differential Equations I,"(3, 3)",Mathematics,,
Math 670,Partial Differential Equations II,"(3, 3)",Mathematics,,
Math 671,Statistical Methods I,"(3, 3)",Mathematics,,
Math 672,Statistical Methods II,"(3, 3)",Mathematics,,
Math 673,Advanced Probability I,"(3, 3)",Mathematics,,
Math 674,Advanced Probability II,"(3, 3)",Mathematics,,
Math 677,Advanced Stochastic Processes I,"(3, 3)",Mathematics,,
Math 678,Advanced Stochastic Processes II,"(3, 3)",Mathematics,,
Math 679,Statistical Bioinformatics,"(3, 3)",Mathematics,,
Math 697,Thesis,"(1, 12)",Mathematics,,
Math 700,Seminar in Topology,"(3, 3)",Mathematics,,
Math 705,Seminar in Dynamical Systems,"(3, 3)",Mathematics,,
Math 710,Seminar in Algebra,"(3, 3)",Mathematics,,
Math 720,Bayesian Statistics,"(3, 3)",Mathematics,,
Math 721,Time Series and Data Analysis,"(3, 3)",Mathematics,,
Math 730,Seminar in Number Theory,"(3, 3)",Mathematics,,
Math 750,Seminar in Analysis,"(3, 3)",Mathematics,,
Math 753,Theory of Functions of Real Variables I,"(3, 3)",Mathematics,,
Math 754,Theory of Functions of Real Variables II,"(3, 3)",Mathematics,,
Math 775,Advanced Statistics I,"(3, 3)",Mathematics,,
Math 776,Advanced Statistics II,"(3, 3)",Mathematics,,
Math 777,Seminar in Statistics,"(3, 3)",Mathematics,,
Math 780,Seminar in Graph Theory,"(3, 3)",Mathematics,,
Math 781,Graph Theory I,"(3, 3)",Mathematics,,
Math 782,Graph Theory II,"(3, 3)",Mathematics,,
Math 797,Dissertation,"(1, 18)",Mathematics,,
MBA 601,Leadership and Ethics,"(3, 3)",,,
MBA 602,Seminar Series,"(1, 2)",,,
MBA 603,Speaker's Edge,"(3, 3)",,,
MBA 606,Organizational Behavior,"(3, 3)",,,
MBA 611,Financial Analysis,"(3, 3)",,,
MBA 612,Supply Chain Management,"(3, 3)",,,
MBA 613,Management of Technology & Innovation,"(3, 3)",,,
MBA 614,Managerial Economics,"(3, 3)",,,
MBA 615,Global Business,"(3, 3)",,,
MBA 617,Accounting for Business Decision Support,"(3, 3)",,,
MBA 618,Business Analytics,"(3, 3)","Marketing, Analytics & Prof Sales",,
MBA 619,Financial Modeling,"(3, 3)",Finance,,
MBA 621,Predictive Modeling and Analytics,"(3, 3)",,,
MBA 622,Business Planning and Entrepreneurship,"(3, 3)",,,
MBA 623,Strategic Marketing Management,"(3, 3)",,,
MBA 624,MBA Project Analysis,"(3, 3)",,,
MBA 631,Strategic Management-Capstone,"(3, 3)",,,
MCOM 100,Media Literacy,"(3, 3)",,,
MCOM 200,Media & Communication Theory I,"(3, 3)",,,
MCOM 205,Listening Intelligence,"(3, 3)",,,
MCOM 305,Dialogue Across Difference,"(3, 3)",,,
MCOM 328,Typeface Design,"(3, 3)",,,
MCOM 340,Global Media Systems,"(3, 3)",,,
MCOM 341,Persuasion,"(3, 3)",,,
MCOM 395,Internship in Media and Communication,"(3, 3)",,,
MCOM 441,Mass Media Effects,"(3, 3)",,,
MCOM 480,Media and Communication Capstone,"(3, 3)",,,
MCOM 571,Internet and Mobile Media,"(3, 3)",,,
MCOM 573,Media Leadership,"(3, 3)",,,
MDS 201,Introduction to Engaged Learning,"(3, 3)",General Studies,,
MDS 499,Multi-Disciplinary Studies Capstone,"(3, 3)",General Studies,,
Medc 317,Pharmacogenetics and Pharmacoimmunology,"(3, 3)",Biomolecular Sciences,,
Medc 318,Chemical and Biological Terrorism,"(2, 3)",Biomolecular Sciences,,
Medc 319,Computer-Aided Drug Design,"(2, 2)",Biomolecular Sciences,,
Medc 415,Chemical Neurosci. Prin. of Drug Abuse,"(1, 1)",Biomolecular Sciences,,
Medc 416,Intro to the Principles of Med Chem I,"(3, 3)",Biomolecular Sciences,,
Medc 417,Intro to the Principles of Med Chem II,"(3, 3)",Biomolecular Sciences,,
Medc 418,Neuroscience Principles of Drug Abuse,"(1, 1)",Biomolecular Sciences,,
Medc 419,Special Topics in Oncology,"(1, 1)",Biomolecular Sciences,,
Medc 501,Advanced Medicinal Chemistry I,"(3, 3)",Biomolecular Sciences,,
Medc 502,Advanced Medicinal Chemistry II,"(3, 3)",Biomolecular Sciences,,
Medc 503,Medicinal Chemistry Research Methodology,"(3, 3)",Biomolecular Sciences,,
Medc 507,Organic Chemistry of Drug Synthesis,"(3, 3)",Biomolecular Sciences,,
Medc 541,Problems in Medicinal Chemistry,"(1, 4)",Biomolecular Sciences,,
Medc 542,Problems in Medicinal Chemistry,"(1, 4)",Biomolecular Sciences,,
Medc 591,Medicine Clerkship,"(4, 4)",Pharmacy Practice,,
Medc 610,Selected Topics in Medicinal Chemistry,"(3, 3)",Biomolecular Sciences,,
Medc 630,Pharmaceutical Protein Design & Devel,"(3, 3)",Biomolecular Sciences,,
Medc 711,Intro to Computer-Aided Drug Design,"(3, 3)",Biomolecular Sciences,,
Medc 712,QSAR & AI for Drug Design,"(3, 3)",Biomolecular Sciences,,
Medc 713,Drugs Affecting the Nervous System,"(3, 3)",Biomolecular Sciences,,
Medc 714,Chemotherapeutic Agents,"(3, 3)",Biomolecular Sciences,,
Medc 718,Bioorganic Chemistry,"(3, 3)",Biomolecular Sciences,,
METP 101,Intro to Public Schools & School Systems,"(1, 1)",Teacher Education,,
METP 102,Intro to the Teaching Profession,"(1, 1)",Teacher Education,,
METP 201,Introduction to Education Policy,"(1, 1)",Teacher Education,,
METP 202,Introduction to the Learner,"(1, 1)",Teacher Education,,
METP 301,Capstone/Honors Thesis,"(1, 6)",Teacher Education,,
METP 302,Study Abroad,"(1, 1)",Teacher Education,,
Mgmt 101,Leadership for the Future,"(3, 3)",Management,,
Mgmt 310,Alternative Sports Management,"(3, 3)",Management,,
Mgmt 311,High Performance Work Teams,"(3, 3)",Management,,
Mgmt 351,Health Systems Management,"(3, 3)",Management,,
Mgmt 352,Health Innovation and Information,"(3, 3)",Management,,
Mgmt 353,Healthcare Regulation and Policy,"(3, 3)",Management,,
Mgmt 371,Principles of Management,"(3, 3)",Management,,
Mgmt 380,Topics in Management Abroad,"(1, 6)",Management,,
Mgmt 383,Human Resource Management,"(3, 3)",Management,,
Mgmt 391,Organizational Behavior,"(3, 3)",Management,,
Mgmt 392,Intercultural Business Communication,"(3, 3)",Management,,
Mgmt 395,Honors Thesis in Management,"(3, 3)",Management,,
Mgmt 484,Training and Development,"(3, 3)",Management,,
Mgmt 485,Selection and Placement,"(3, 3)",Management,,
Mgmt 493,Management of Strategic Planning,"(3, 3)",Management,,
Mgmt 494,Compensation Management,"(3, 3)",Management,,
Mgmt 495,Leadership and Group Dynamics,"(3, 3)",Management,,
Mgmt 496,Modern Management Skills,"(3, 3)",Management,,
Mgmt 527,Advanced Human Resource Management,"(3, 3)",Management,,
Mgmt 578,History of Management Thought,"(3, 3)",Management,,
Mgmt 581,Collective Bargaining,"(3, 3)",Management,,
Mgmt 582,Employee Relations,"(3, 3)",Management,,
Mgmt 583,Labor Relations,"(3, 3)",Management,,
Mgmt 585,Strategic Human Resource Management,"(3, 3)",Management,,
Mgmt 587,Organization Theory,"(3, 3)",Management,,
Mgmt 591,Pharmacy Management Advanced Pharmacy Ph,"(4, 4)",Pharmacy Practice,,
Mgmt 595,International Business Management,"(3, 3)",Management,,
Mgmt 606,Advanced Organization Behavior,"(3, 3)",Management,,
Mgmt 620,Advanced Directed Study,"(3, 3)",Management,,
Mgmt 664,Advanced Management Research,"(3, 3)",Management,,
Mgmt 670,Advanced Readings in Management,"(3, 3)",Management,,
Mgmt 671,Guided Research in Management,"(3, 3)",Management,,
Mgmt 673,Seminar in Human resource Management,"(3, 3)",Management,,
Mgmt 675,Seminar in Employee Relations,"(3, 3)",Management,,
Mgmt 676,Seminar in Organizational Behavior,"(3, 3)",Management,,
Mgmt 678,Seminar in Group Process,"(3, 3)",Management,,
Mgmt 679,Theoretical Foundations of Management,"(3, 3)",Management,,
Mgmt 695,Special Topics in Management,"(3, 3)",Management,,
Mgmt 697,Thesis,"(1, 12)",Management,,
Mgmt 797,Dissertation,"(1, 18)",Management,,
MHA 600,Overview of U.S. Health Care System,"(3, 3)",,,
MHA 606,Quantitative Methods in Health Care,"(3, 3)",,,
MHA 612,Organization of Health Care Systems,"(3, 3)",,,
MHA 618,Management Overview of Disease & Health,"(3, 3)",,,
MHA 624,Health Policy and Regulatory Environment,"(3, 3)",,,
MHA 630,Health Care Program Eval & Performance,"(3, 3)",,,
MHA 636,Health Care Law and Ethics,"(3, 3)",,,
MHA 642,Health Care Finance,"(3, 3)",,,
MHA 648,Human Resources in Health Care,"(3, 3)",,,
MHA 654,Community & Long Term Care Administratio,"(3, 3)",,,
MHA 660,Internship,"(3, 3)",,,
MHA 699,Integrated Health Care Leadership,"(3, 3)",,,
Mktg 101,New Trends & Opportunities in Marketing,"(3, 3)","Marketing, Analytics & Prof Sales",,
Mktg 102,Creating & Marketing Your Personal Brand,"(3, 3)","Marketing, Analytics & Prof Sales",,
Mktg 103,Influencer Marketing in Social Media,"(3, 3)","Marketing, Analytics & Prof Sales",,
Mktg 104,The Dark Side of the Global Supply Chain,"(3, 3)","Marketing, Analytics & Prof Sales",,
Mktg 351,Marketing Principles,"(3, 3)","Marketing, Analytics & Prof Sales",,
Mktg 353,Advertising and Promotion,"(3, 3)","Marketing, Analytics & Prof Sales",,
Mktg 354,Professional Selling & Relationship Mktg,"(3, 3)","Marketing, Analytics & Prof Sales",,
Mktg 356,"Legal, Social & Ethical Issues in Mktg","(3, 3)","Marketing, Analytics & Prof Sales",,
Mktg 357,Developing Products Customers Want,"(3, 3)","Marketing, Analytics & Prof Sales",,
Mktg 358,Services Marketing,"(3, 3)","Marketing, Analytics & Prof Sales",,
Mktg 360,Excel for Marketing,"(3, 3)","Marketing, Analytics & Prof Sales",,
Mktg 361,Retailing and E-Commerce,"(3, 3)","Marketing, Analytics & Prof Sales",,
Mktg 367,Consumer Behavior,"(3, 3)","Marketing, Analytics & Prof Sales",,
Mktg 368,Marketing for Social Good,"(3, 3)","Marketing, Analytics & Prof Sales",,
Mktg 370,Social and Digital Media Strategy,"(3, 3)","Marketing, Analytics & Prof Sales",,
Mktg 371,Social and Digital Media Metrics,"(3, 3)","Marketing, Analytics & Prof Sales",,
Mktg 372,Intro. to Operations & Supply Chain Mgmt,"(3, 3)","Marketing, Analytics & Prof Sales",,
Mktg 380,Topics in Marketing Abroad,"(1, 6)","Marketing, Analytics & Prof Sales",,
Mktg 381,Sales Technologies and CRM Strategies,"(3, 3)","Marketing, Analytics & Prof Sales",,
Mktg 395,Honors Thesis in Marketing,"(3, 3)","Marketing, Analytics & Prof Sales",,
Mktg 451,Marketing Policy and Strategy,"(3, 3)","Marketing, Analytics & Prof Sales",,
Mktg 452,Global Marketing & Supply Chain,"(3, 3)","Marketing, Analytics & Prof Sales",,
Mktg 455,Negotiations for Strong Relationships,"(3, 3)","Marketing, Analytics & Prof Sales",,
Mktg 458,Sales Management,"(3, 3)","Marketing, Analytics & Prof Sales",,
Mktg 462,Distribution and Logistics Management,"(3, 3)","Marketing, Analytics & Prof Sales",,
Mktg 465,Integrated Media Planning Essentials,"(3, 3)","Marketing, Analytics & Prof Sales",,
Mktg 475,Analytical Tools for Supply Chain Mgmt.,"(3, 3)","Marketing, Analytics & Prof Sales",,
Mktg 477,Integrated Supply Chain Management,"(3, 3)","Marketing, Analytics & Prof Sales",,
Mktg 488,Value Creation Using Machine Strategy,"(3, 3)","Marketing, Analytics & Prof Sales",,
Mktg 495,Marketing and Sales Consultancy,"(3, 3)","Marketing, Analytics & Prof Sales",,
Mktg 496,Business Analytics,"(3, 3)","Marketing, Analytics & Prof Sales",,
Mktg 525,Marketing Research,"(3, 3)","Marketing, Analytics & Prof Sales",,
Mktg 620,Advanced Directed Study,"(3, 3)","Marketing, Analytics & Prof Sales",,
Mktg 660,Applied Multivariate Statistics,"(3, 3)","Marketing, Analytics & Prof Sales",,
Mktg 661,Research Seminar: Methodology I,"(3, 3)","Marketing, Analytics & Prof Sales",,
Mktg 664,Methodology II-Measurement & Scaling,"(3, 3)","Marketing, Analytics & Prof Sales",,
Mktg 665,Causal Modeling in Marketing,"(3, 3)","Marketing, Analytics & Prof Sales",,
Mktg 666,Advanced Marketing Research Methods,"(3, 3)","Marketing, Analytics & Prof Sales",,
Mktg 668,Advanced Marketing Readings I,"(3, 3)","Marketing, Analytics & Prof Sales",,
Mktg 671,Preparing Research Proposals,"(3, 3)","Marketing, Analytics & Prof Sales",,
Mktg 672,Buyer Behavior and E-Commerce Strategies,"(3, 3)","Marketing, Analytics & Prof Sales",,
Mktg 695,Special Topics in Marketing,"(3, 3)","Marketing, Analytics & Prof Sales",,
Mktg 697,Thesis,"(1, 12)","Marketing, Analytics & Prof Sales",,
Mktg 760,Applied Quantitative Analysis,"(3, 3)","Marketing, Analytics & Prof Sales",,
Mktg 762,Marketing Management,"(3, 3)","Marketing, Analytics & Prof Sales",,
Mktg 764,Seminar in Marketing/Business Ethics,"(3, 3)","Marketing, Analytics & Prof Sales",,
Mktg 766,Advanced Studies in Consumer Behavior,"(3, 3)","Marketing, Analytics & Prof Sales",,
Mktg 768,Marketing Communication Thought,"(3, 3)","Marketing, Analytics & Prof Sales",,
Mktg 769,Theoretical Foundations of Marketing,"(3, 3)","Marketing, Analytics & Prof Sales",,
Mktg 771,Experimental Design & Analysis,"(3, 3)","Marketing, Analytics & Prof Sales",,
Mktg 772,Qualitative Research Methods,"(3, 3)","Marketing, Analytics & Prof Sales",,
Mktg 797,Dissertation,"(1, 18)","Marketing, Analytics & Prof Sales",,
Mlll 198,Elem. Study of Other Languages Abroad,"(1, 6)",Modern Languages,,
Mlll 298,Intermed Study of Other Languages Abroad,"(1, 6)",Modern Languages,,
Mlll 302,China Through Literature and Film,"(3, 3)",Modern Languages,,
Mlll 346,Brazilian Literary Works & Cultural Doc,"(3, 3)",Modern Languages,,
Mlll 348,Germ Lit  Works & Cultural Doc in Trans,"(3, 3)",Modern Languages,,
Mlll 350,Structure of a Less Commonly Taught Lang,"(3, 3)",Modern Languages,,
Mlll 352,Women Writers of the Americas,"(3, 3)",Modern Languages,,
Mlll 361,Introduction to World Cinema,"(3, 3)",Modern Languages,,
Mlll 375,Introduction of Medieval Studies,"(3, 3)",Modern Languages,,
Mlll 376,Renaissance and Early Modern Studies,"(3, 3)",Modern Languages,,
Mlll 398,Adv. Study of Other Languages Abroad I,"(1, 6)",Modern Languages,,
Mlll 399,Special Topics,"(3, 3)",Modern Languages,,
Mlll 489,"Power, Knowledge, and Gender","(3, 3)",Modern Languages,,
Mlll 541,Special Topics in Linguistics,"(3, 3)",Modern Languages,,
Mlll 598,Adv. Study of Other Languages Abroad II,"(1, 6)",Modern Languages,,
Mlll 599,Special Topics,"(3, 3)",Modern Languages,,
Msl 101,Leadership and Personal Development,"(3, 3)",Military Science & Leadership,,
Msl 102,Basic Leadership and Management,"(3, 3)",Military Science & Leadership,,
Msl 103,Foundations Officership & Basic Leader.,"(3, 3)",Military Science & Leadership,,
Msl 105,Basic Training,"(4, 4)",Military Science & Leadership,,
Msl 125,Leadership Fitness I,"(1, 1)",Military Science & Leadership,,
Msl 126,Leadership Fitness II,"(1, 1)",Military Science & Leadership,,
Msl 200,Intro to Military Science and Leadership,"(4, 4)",Military Science & Leadership,,
Msl 201,Individual Leadership Studies,"(3, 3)",Military Science & Leadership,,
Msl 202,Leadership and Teamwork,"(3, 3)",Military Science & Leadership,,
Msl 203,Ranger Challenge,"(3, 3)",Military Science & Leadership,,
Msl 225,Leadership Fitness III,"(1, 1)",Military Science & Leadership,,
Msl 226,Leadership Fitness IV,"(1, 1)",Military Science & Leadership,,
Msl 301,Leadership and Problem Solving,"(4, 4)",Military Science & Leadership,,
Msl 302,Leadership and Ethics,"(4, 4)",Military Science & Leadership,,
Msl 340,American Military Experience,"(3, 3)",Military Science & Leadership,,
Msl 399,Research Sem. in Mil. Sci. & Leadership,"(1, 3)",Military Science & Leadership,,
Msl 401,Leadership and Management,"(4, 4)",Military Science & Leadership,,
Msl 402,Officership,"(4, 4)",Military Science & Leadership,,
Mspe 591,Medication Safety Practice Experience,"(4, 4)",Pharmacy Practice,,
Mus 100,Student Recital,"(0, 0)",Music,,
Mus 101,Introduction to Music Literature,"(3, 3)",Music,,
Mus 102,Fundamentals of Music Theory,"(3, 3)",Music,,
Mus 103,Introduction to Music,"(3, 3)",Music,,
Mus 104,Introduction to World Music Cultures,"(3, 3)",Music,,
Mus 105,Music Theory and Analysis I,"(3, 3)",Music,,
Mus 106,Music Theory and Analysis II,"(3, 3)",Music,,
Mus 110,Yoga for Performers,"(1, 1)",Music,,
Mus 111,Beginning Piano Class,"(1, 1)",Music,,
Mus 113,Fundamental Keyboard Musicianship I,"(2, 2)",Music,,
Mus 114,Fundamental Keyboard Musicianship II,"(2, 2)",Music,,
Mus 118,Fundamentals of Music Performance,"(3, 3)",Music,,
Mus 123,Jazz Ensemble,"(1, 1)",Music,,
Mus 124,Jazz Ensemble,"(1, 1)",Music,,
Mus 126,Wind Ensemble,"(1, 1)",Music,,
Mus 127,Clarinet Ensemble,"(1, 1)",Music,,
Mus 128,Clarinet Ensemble,"(1, 1)",Music,,
Mus 131,University Orchestra,"(1, 1)",Music,,
Mus 132,University Orchestra,"(1, 1)",Music,,
Mus 133,University Band,"(1, 1)",Music,,
Mus 134,University Band,"(1, 1)",Music,,
Mus 135,University Chorus,"(1, 1)",Music,,
Mus 136,University Chorus,"(1, 1)",Music,,
Mus 139,Concert Singers,"(1, 1)",Music,,
Mus 140,Concert Singers,"(1, 1)",Music,,
Mus 141,Steel Drum Ensemble,"(1, 1)",Music,,
Mus 142,Steel Drum Ensemble,"(1, 1)",Music,,
Mus 143,Early Music Performance Ensemble,"(1, 1)",Music,,
Mus 144,Early Music Performance Ensemble,"(1, 1)",Music,,
Mus 145,African Music Ensemble,"(1, 1)",Music,,
Mus 146,African Music Ensemble,"(1, 1)",Music,,
Mus 153,Summer Band,"(1, 1)",Music,,
Mus 155,Percussion Ensemble,"(1, 1)",Music,,
Mus 156,Percussion Ensemble,"(1, 1)",Music,,
Mus 157,Low Brass Ensemble,"(1, 1)",Music,,
Mus 158,Low Brass Ensemble,"(1, 1)",Music,,
Mus 161,String Class,"(1, 1)",Music,,
Mus 172,Sec Instr Methods: Flute,"(1, 1)",Music,,
Mus 173,Sec Instr Methods: Single Reeds,"(1, 1)",Music,,
Mus 174,Sec Instr Methods: Double Reeds,"(1, 1)",Music,,
Mus 187,Sec Instr Methods: High Brass,"(1, 1)",Music,,
Mus 189,Sec Instr Methods: Low Brass,"(1, 1)",Music,,
Mus 190,Sec Instr Methods: Percussion,"(1, 1)",Music,,
Mus 193,Summer Opera I,"(1, 1)",Music,,
Mus 195,Opera Theatre Workshop I,"(1, 1)",Music,,
Mus 196,Opera Production Workshop I,"(1, 1)",Music,,
Mus 197,Voice Class,"(1, 1)",Music,,
Mus 198,Vocal Methods for Instrumental Majors,"(1, 1)",Music,,
Mus 200,Topics in Music Abroad I,"(1, 6)",Music,,
Mus 204,World Music Cultures,"(3, 3)",Music,,
Mus 205,Music Theory and Analysis III,"(3, 3)",Music,,
Mus 206,Music Theory and Analysis IV,"(3, 3)",Music,,
Mus 207,Singers' Diction I,"(2, 2)",Music,,
Mus 208,Singers' Diction II,"(2, 2)",Music,,
Mus 213,Intermediate Keyboard Musicianship I,"(2, 2)",Music,,
Mus 214,Intermediate Keyboard Musicianship II,"(2, 2)",Music,,
Mus 223,Jazz Ensemble,"(1, 1)",Music,,
Mus 224,Jazz Ensemble,"(1, 1)",Music,,
Mus 226,Wind Ensemble,"(1, 1)",Music,,
Mus 227,Clarinet Ensemble,"(1, 1)",Music,,
Mus 228,Clarinet Ensemble,"(1, 1)",Music,,
Mus 231,University Orchestra,"(1, 1)",Music,,
Mus 232,University Orchestra,"(1, 1)",Music,,
Mus 233,University Band,"(1, 1)",Music,,
Mus 234,University Band,"(1, 1)",Music,,
Mus 235,University Chorus,"(1, 1)",Music,,
Mus 236,University Chorus,"(1, 1)",Music,,
Mus 237,Instrumental Chamber Ensemble,"(1, 1)",Music,,
Mus 238,Instrumental Chamber Ensemble,"(1, 1)",Music,,
Mus 239,Concert Singers,"(1, 1)",Music,,
Mus 240,Concert Singers,"(1, 1)",Music,,
Mus 241,Steel Drum Ensemble,"(1, 1)",Music,,
Mus 242,Steel Drum Ensemble,"(1, 1)",Music,,
Mus 243,Early Music Performance Ensemble,"(1, 1)",Music,,
Mus 244,Early Music Performance Ensemble,"(1, 1)",Music,,
Mus 245,African Music Ensemble,"(1, 1)",Music,,
Mus 246,African Music Ensemble,"(1, 1)",Music,,
Mus 253,Summer Band,"(1, 1)",Music,,
Mus 255,Percussion Ensemble,"(1, 1)",Music,,
Mus 256,Percussion Ensemble,"(1, 1)",Music,,
Mus 257,Low Brass Ensemble,"(1, 1)",Music,,
Mus 258,Low Brass Ensemble,"(1, 1)",Music,,
Mus 293,Summer Opera II,"(1, 1)",Music,,
Mus 295,Opera Theatre Workshop II,"(1, 1)",Music,,
Mus 296,Opera Production Workshop II,"(1, 1)",Music,,
Mus 301,History of Music I,"(3, 3)",Music,,
Mus 302,History of Music II,"(3, 3)",Music,,
Mus 303,Vocal Literature I,"(2, 2)",Music,,
Mus 304,Vocal Literature II,"(2, 2)",Music,,
Mus 305,Form & Analysis I,"(2, 2)",Music,,
Mus 308,Accompanying,"(1, 1)",Music,,
Mus 309,Composition I,"(2, 2)",Music,,
Mus 310,Composition II,"(2, 2)",Music,,
Mus 311,Introduction to Music Education,"(3, 3)",Music,,
Mus 312,Keyboard Literature,"(3, 3)",Music,,
Mus 313,American Musical Theatre,"(3, 3)",Music,,
Mus 315,Fundamentals of Conducting,"(2, 2)",Music,,
Mus 316,Instrumental Conducting,"(2, 2)",Music,,
Mus 323,Jazz Ensemble,"(1, 1)",Music,,
Mus 324,Jazz Ensemble,"(1, 1)",Music,,
Mus 325,Techniques of Marching Band,"(2, 2)",Music,,
Mus 326,Wind Ensemble,"(1, 1)",Music,,
Mus 327,Clarinet Ensemble,"(1, 1)",Music,,
Mus 328,Clarinet Ensemble,"(1, 1)",Music,,
Mus 329,Music for Children,"(3, 3)",Music,,
Mus 330,Selected Topics in Music,"(1, 3)",Music,,
Mus 331,University Orchestra,"(1, 1)",Music,,
Mus 332,University Orchestra,"(1, 1)",Music,,
Mus 333,University Band,"(1, 1)",Music,,
Mus 334,University Band,"(1, 1)",Music,,
Mus 335,University Chorus,"(1, 1)",Music,,
Mus 336,University Chorus,"(1, 1)",Music,,
Mus 337,Instrumental Chamber Ensemble,"(1, 1)",Music,,
Mus 338,Instrumental Chamber Ensemble,"(1, 1)",Music,,
Mus 339,Concert Singers,"(1, 1)",Music,,
Mus 340,Concert Singers,"(1, 1)",Music,,
Mus 341,Steel Drum Ensemble,"(1, 1)",Music,,
Mus 342,Steel Drum Ensemble,"(1, 1)",Music,,
Mus 343,Early Music Performance Ensemble,"(1, 1)",Music,,
Mus 344,Early Music Performance Ensemble,"(1, 1)",Music,,
Mus 345,African Music Ensemble,"(1, 1)",Music,,
Mus 346,African Music Ensemble,"(1, 1)",Music,,
Mus 347,Introduction to Music Technology,"(1, 1)",Music,,
Mus 353,Summer Band,"(1, 1)",Music,,
Mus 355,Percussion Ensemble,"(1, 1)",Music,,
Mus 356,Percussion Ensemble,"(1, 1)",Music,,
Mus 357,Low Brass Ensemble,"(1, 1)",Music,,
Mus 358,Low Brass Ensemble,"(1, 1)",Music,,
Mus 371,Elementary School Music,"(3, 3)",Music,,
Mus 375,Instrumental Music Methods,"(3, 3)",Music,,
Mus 376,Teaching Music in Elem School-Strings,"(1, 1)",Music,,
Mus 381,Choral Conducting I,"(2, 2)",Music,,
Mus 383,Choral Methods & Administration,"(3, 3)",Music,,
Mus 384,Choral Literature & Arranging,"(3, 3)",Music,,
Mus 385,Instrumental Music Pedagogy,"(2, 2)",Music,,
Mus 393,Summer Opera III,"(1, 1)",Music,,
Mus 395,Opera Theatre Workshop III,"(1, 1)",Music,,
Mus 396,Opera Production Workshop III,"(1, 1)",Music,,
Mus 398,Solo Recital,"(0, 0)",Music,,
Mus 400,Topics in Music Abroad II,"(1, 6)",Music,,
Mus 403,Composition III,"(2, 2)",Music,,
Mus 404,Composition IV,"(2, 2)",Music,,
Mus 405,Instrumental Arranging,"(2, 2)",Music,,
Mus 414,Piano Pedagogy,"(2, 2)",Music,,
Mus 422,Managing the Music Classroom,"(3, 3)",Music,,
Mus 423,Jazz Ensemble,"(1, 1)",Music,,
Mus 424,Jazz Ensemble,"(1, 1)",Music,,
Mus 426,Wind Ensemble,"(1, 1)",Music,,
Mus 427,Clarinet Ensemble,"(1, 1)",Music,,
Mus 428,Clarinet Ensemble,"(1, 1)",Music,,
Mus 431,University Orchestra,"(1, 1)",Music,,
Mus 432,University Orchestra,"(1, 1)",Music,,
Mus 433,University Band,"(1, 1)",Music,,
Mus 434,University Band,"(1, 1)",Music,,
Mus 435,University Chorus,"(1, 1)",Music,,
Mus 436,University Chorus,"(1, 1)",Music,,
Mus 437,Instrumental Chamber Ensemble,"(1, 1)",Music,,
Mus 438,Instrumental Chamber Ensemble,"(1, 1)",Music,,
Mus 439,Concert Singers,"(1, 1)",Music,,
Mus 440,Concert Singers,"(1, 1)",Music,,
Mus 441,Steel Drum Ensemble,"(1, 1)",Music,,
Mus 442,Steel Drum Ensemble,"(1, 1)",Music,,
Mus 443,Early Music Performance Ensemble,"(1, 1)",Music,,
Mus 444,Early Music Performance Ensemble,"(1, 1)",Music,,
Mus 445,African Music Ensemble,"(1, 1)",Music,,
Mus 446,African Music Ensemble,"(1, 1)",Music,,
Mus 453,Summer Band,"(1, 1)",Music,,
Mus 455,Percussion Ensemble,"(1, 1)",Music,,
Mus 456,Percussion Ensemble,"(1, 1)",Music,,
Mus 457,Low Brass Ensemble,"(1, 1)",Music,,
Mus 458,Low Brass Ensemble,"(1, 1)",Music,,
Mus 493,Summer Opera IV,"(1, 1)",Music,,
Mus 495,Opera Theatre Workshop IV,"(1, 1)",Music,,
Mus 496,Opera Production Workshop IV,"(1, 1)",Music,,
Mus 497,Senior Thesis,"(3, 3)",Music,,
Mus 498,Musical Synthesis and Assessment,"(0, 0)",Music,,
Mus 500,German for Musicians,"(2, 2)",Music,,
Mus 501,Music of the Medieval/Renaissance Period,"(3, 3)",Music,,
Mus 502,Music of the Baroque Period,"(3, 3)",Music,,
Mus 503,Music of the Classical Period,"(3, 3)",Music,,
Mus 504,Music of the Romantic Period,"(3, 3)",Music,,
Mus 505,Analysis I,"(3, 3)",Music,,
Mus 506,Analysis II,"(3, 3)",Music,,
Mus 507,Analysis III:  20th Century,"(3, 3)",Music,,
Mus 508,Advanced Ear Training,"(3, 3)",Music,,
Mus 509,Composition V,"(2, 2)",Music,,
Mus 510,Composition VI,"(2, 2)",Music,,
Mus 512,16th Century Counterpoint,"(3, 3)",Music,,
Mus 513,Music Since 1900,"(3, 3)",Music,,
Mus 514,18th Century Counterpoint,"(3, 3)",Music,,
Mus 515,History of Opera,"(3, 3)",Music,,
Mus 516,History and Lit of Hymnody in America,"(3, 3)",Music,,
Mus 517,Afri-American Musical Traditions,"(3, 3)",Music,,
Mus 518,History of Jazz,"(3, 3)",Music,,
Mus 519,Instrumental and Vocal Arranging,"(2, 2)",Music,,
Mus 520,Introduction to Music Research,"(3, 3)",Music,,
Mus 521,Advanced Singer's Diction I,"(2, 2)",Music,,
Mus 522,Advanced Singer's Diction II,"(2, 2)",Music,,
Mus 523,Advanced Instrumental Directing,"(3, 3)",Music,,
Mus 524,Advanced Choral Methods,"(2, 2)",Music,,
Mus 525,Advanced Techniques of Marching Band,"(2, 2)",Music,,
Mus 526,History of Music in the United States,"(3, 3)",Music,,
Mus 527,Jazz Ensemble,"(1, 1)",Music,,
Mus 528,Jazz Ensemble,"(1, 1)",Music,,
Mus 529,Vocal Pedagogy,"(2, 2)",Music,,
Mus 530,Special Projects in Music Education,"(1, 3)",Music,,
Mus 531,University Orchestra,"(1, 1)",Music,,
Mus 532,University Orchestra,"(1, 1)",Music,,
Mus 533,University Band,"(1, 1)",Music,,
Mus 534,University Band,"(1, 1)",Music,,
Mus 536,Kodaly Music Education in America,"(3, 3)",Music,,
Mus 537,Instrumental Chamber Ensemble,"(1, 1)",Music,,
Mus 538,Instrumental Chamber Ensemble,"(1, 1)",Music,,
Mus 539,Concert Singers,"(1, 1)",Music,,
Mus 540,Concert Singers,"(1, 1)",Music,,
Mus 541,Steel Drum Ensemble,"(1, 1)",Music,,
Mus 542,Steel Drum Ensemble,"(1, 1)",Music,,
Mus 543,Early Music Performance Ensemble,"(1, 1)",Music,,
Mus 544,Early Music Performance Ensemble,"(1, 1)",Music,,
Mus 545,University Chorus,"(1, 1)",Music,,
Mus 546,University Chorus,"(1, 1)",Music,,
Mus 547,Music Technology I,"(2, 2)",Music,,
Mus 548,Psychology of Music,"(3, 3)",Music,,
Mus 551,Orff Level I,"(3, 3)",Music,,
Mus 552,Music Theory Practicum,"(3, 3)",Music,,
Mus 553,Special Topics in Musicology,"(3, 3)",Music,,
Mus 555,African Music Ensemble,"(1, 1)",Music,,
Mus 556,African Music Ensemble,"(1, 1)",Music,,
Mus 557,Percussion Ensemble,"(1, 1)",Music,,
Mus 558,Percussion Ensemble,"(1, 1)",Music,,
Mus 559,Special Topics in Music Theory,"(3, 3)",Music,,
Mus 560,Music Theory Pedagogy,"(3, 3)",Music,,
Mus 561,Symphonic Literature,"(3, 3)",Music,,
Mus 562,Advanced Choral Literature,"(3, 3)",Music,,
Mus 563,Chamber Music Literature,"(3, 3)",Music,,
Mus 565,Instrumental Solo Literature,"(2, 2)",Music,,
Mus 567,Wind Ensemble,"(1, 1)",Music,,
Mus 569,Secondary Violin/Viola,"(2, 2)",Music,,
Mus 570,Secondary Cello/Bass,"(2, 2)",Music,,
Mus 572,Secondary Woodwind Instruments,"(2, 2)",Music,,
Mus 573,Secondary Woodwind Instruments,"(2, 2)",Music,,
Mus 574,Secondary Woodwind Instruments,"(2, 2)",Music,,
Mus 575,Perspectives in World Music,"(3, 3)",Music,,
Mus 576,Topics in Ethnomusicology,"(3, 3)",Music,,
Mus 577,Diasporic African Music Cultures,"(3, 3)",Music,,
Mus 582,Secondary Brass Instruments,"(2, 2)",Music,,
Mus 590,Secondary Percussion Instruments,"(2, 2)",Music,,
Mus 592,Secondary Keyboard Instruments,"(2, 2)",Music,,
Mus 595,Opera Theatre Workshop V,"(1, 1)",Music,,
Mus 596,Opera Production Workshop V,"(1, 1)",Music,,
Mus 597,Opera Theatre Workshop VI,"(1, 1)",Music,,
Mus 598,Opera Production Workshop VI,"(1, 1)",Music,,
Mus 600,Topics in Music Abroad,"(1, 6)",Music,,
Mus 605,Pedagogy of Music Performance I,"(2, 2)",Music,,
Mus 607,Wind Band Literature,"(3, 3)",Music,,
Mus 608,Advanced Keyboard Literature,"(2, 2)",Music,,
Mus 613,Directed Individual Study,"(3, 3)",Music,,
Mus 614,Directed Individual Study,"(3, 3)",Music,,
Mus 615,Advanced Conducting,"(3, 3)",Music,,
Mus 616,Advanced Conducting,"(2, 2)",Music,,
Mus 619,Foundations of Music Education,"(3, 3)",Music,,
Mus 620,Research in Music Education,"(3, 3)",Music,,
Mus 622,Seminar in Music Education,"(3, 3)",Music,,
Mus 623,Advanced Song Literature,"(2, 2)",Music,,
Mus 624,Advanced Opera & Oratorio Literature,"(2, 2)",Music,,
Mus 626,Music in the Elementary School,"(3, 3)",Music,,
Mus 630,Schenkerian Analysis I,"(3, 3)",Music,,
Mus 652,Secondary Voice,"(2, 2)",Music,,
Mus 680,Introduction to Ethnomusicology,"(3, 3)",Music,,
Mus 682,Ethnographic Research Methods,"(3, 3)",Music,,
Mus 695,Public Recital,"(2, 2)",Music,,
Mus 697,Thesis,"(1, 12)",Music,,
Mus 713,Internship,"(3, 3)",Music,,
Mus 714,Internship,"(3, 3)",Music,,
Mus 717,Observation Research in Music Education,"(3, 3)",Music,,
Mus 718,Historical Research in Music Education,"(3, 3)",Music,,
Mus 719,Qualitative Research Methods in Music Ed,"(3, 3)",Music,,
Mus 727,Experimental Research in Music Edu,"(3, 3)",Music,,
Mus 797,Dissertation,"(1, 18)",Music,,
Muse 199,Introductory Topics in Museum Studies,"(3, 3)",,,
Muse 201,Introduction to Museum Practice,"(3, 3)",,,
Muse 301,Fundraising for Museums,"(3, 3)",,,
Muse 360,Museums on Location,"(3, 3)",,,
Muse 395,Topics in Museum Studies,"(3, 3)",,,
Muse 398,Topics in Museum Studies Abroad,"(1, 6)",,,
Muse 401,Internship in Museum Studies,"(1, 3)",,,
Neon 591,Neonatology Advanced Pharmacy Practice E,"(4, 4)",Pharmacy Practice,,
Neu 490,Directed Studies in Neuroscience,"(1, 3)",,,
Neu 491,Directed Research in Neuroscience I,"(1, 3)",,,
Neu 492,Directed Research in Neuroscience II,"(1, 3)",,,
Neu 493,Neuroscience Capstone Directed Research,"(1, 3)",,,
Neu 579,Advanced Topics in Neuroscience,"(1, 4)",,,
Neur 591,Neurology Clerkship,"(4, 4)",Pharmacy Practice,,
NHM 101,Introduction to Food Studies,"(3, 3)",Nutrition & Hospitality Management,,
NHM 114,Introduction to Health Professions,"(2, 2)",Nutrition & Hospitality Management,,
NHM 150,Introduction to the FCS Profession,"(3, 3)",Nutrition & Hospitality Management,,
NHM 208,Nutrition Science Laboratory,"(1, 1)",Nutrition & Hospitality Management,,
NHM 209,Nutrition Science,"(3, 3)",Nutrition & Hospitality Management,,
NHM 210,Fundamentals of Hospitality Accounting,"(3, 3)",Nutrition & Hospitality Management,,
NHM 211,Introduction to Culinary Science,"(3, 3)",Nutrition & Hospitality Management,,
NHM 212,Meal Management,"(3, 3)",Nutrition & Hospitality Management,,
NHM 213,Introduction to Culinary Science Lab,"(1, 1)",Nutrition & Hospitality Management,,
NHM 214,Introduction to Dietetics,"(3, 3)",Nutrition & Hospitality Management,,
NHM 215,Introduction to Hospitality Management,"(3, 3)",Nutrition & Hospitality Management,,
NHM 216,Foundations of the Event Industry,"(3, 3)",Nutrition & Hospitality Management,,
NHM 221,Foundations of Tourism and Travel,"(3, 3)",Nutrition & Hospitality Management,,
NHM 222,Hospitality Applied Experience,"(1, 6)",Nutrition & Hospitality Management,,
NHM 261,Principles of Hotel Operations,"(3, 3)",Nutrition & Hospitality Management,,
NHM 268,"Culture, Cuisine, & Global Citizenship","(3, 3)",Nutrition & Hospitality Management,,
NHM 309,Menu Planning and Analysis,"(3, 3)",Nutrition & Hospitality Management,,
NHM 310,Hospitality Industry Accounting,"(3, 3)",Nutrition & Hospitality Management,,
NHM 311,Nutrition,"(3, 3)",Nutrition & Hospitality Management,,
NHM 312,Social Events,"(3, 3)",Nutrition & Hospitality Management,,
NHM 313,Honors Recitation,"(1, 1)",Nutrition & Hospitality Management,,
NHM 314,Meeting and Conference Events,"(3, 3)",Nutrition & Hospitality Management,,
NHM 315,International Travel and Tourism,"(3, 3)",Nutrition & Hospitality Management,,
NHM 316,Luxury Travel Operations,"(3, 3)",Nutrition & Hospitality Management,,
NHM 317,Destination Branding and Management,"(3, 3)",Nutrition & Hospitality Management,,
NHM 319,Foundations in Sports Nutrition,"(3, 3)",Nutrition & Hospitality Management,,
NHM 323,Human Development Across the Lifespan,"(3, 3)",Nutrition & Hospitality Management,,
NHM 325,Family Relations,"(3, 3)",Nutrition & Hospitality Management,,
NHM 327,Topics in Human Development,"(3, 3)",Nutrition & Hospitality Management,,
NHM 328,Child Development,"(3, 3)",Nutrition & Hospitality Management,,
NHM 329,Gender and Families,"(3, 3)",Nutrition & Hospitality Management,,
NHM 331,Micro Environments,"(3, 3)",Nutrition & Hospitality Management,,
NHM 360,Legal Issues in the Hospitality Industry,"(3, 3)",Nutrition & Hospitality Management,,
NHM 363,Foodservice Procurement,"(3, 3)",Nutrition & Hospitality Management,,
NHM 368,Topics in Nutrition & Hospitality Abroad,"(1, 9)",Nutrition & Hospitality Management,,
NHM 370,The Hospitalized Child,"(3, 3)",Nutrition & Hospitality Management,,
NHM 371,Service Management,"(3, 3)",Nutrition & Hospitality Management,,
NHM 373,Consumer and Food Economics,"(3, 3)",Nutrition & Hospitality Management,,
NHM 376,Hospitality Information Technology,"(3, 3)",Nutrition & Hospitality Management,,
NHM 381,Bar and Beverage Operations,"(3, 3)",Nutrition & Hospitality Management,,
NHM 401,Special Topics in Medical Nutrition Ther,"(3, 3)",Nutrition & Hospitality Management,,
NHM 402,Directed Studies in Nutrition Services,"(3, 3)",Nutrition & Hospitality Management,,
NHM 403,New York Tour,"(3, 3)",Nutrition & Hospitality Management,,
NHM 410,Fundamentals of Nutrition Assessment,"(3, 3)",Nutrition & Hospitality Management,,
NHM 411,Medical Nutrition Therapy II,"(3, 3)",Nutrition & Hospitality Management,,
NHM 412,Nutrition Therapy and Pathophysiology,"(3, 3)",Nutrition & Hospitality Management,,
NHM 414,Professional Development in Nutrition,"(3, 3)",Nutrition & Hospitality Management,,
NHM 415,Research in Culinary Science,"(3, 3)",Nutrition & Hospitality Management,,
NHM 417,Community Nutrition,"(3, 3)",Nutrition & Hospitality Management,,
NHM 418,First Choice Purchasing,"(3, 3)",Nutrition & Hospitality Management,,
NHM 422,Administration of Child Development Prog,"(3, 3)",Nutrition & Hospitality Management,,
NHM 425,Adolescents and Families,"(3, 3)",Nutrition & Hospitality Management,,
NHM 427,Aging and Families,"(3, 3)",Nutrition & Hospitality Management,,
NHM 441,Food Systems Management and Leadership,"(3, 3)",Nutrition & Hospitality Management,,
NHM 443,Family Financial Management,"(3, 3)",Nutrition & Hospitality Management,,
NHM 444,Strategic Issues in Hospitality,"(3, 3)",Nutrition & Hospitality Management,,
NHM 451,Parenting Across the Life Span,"(3, 3)",Nutrition & Hospitality Management,,
NHM 461,Foodservice Systems Management I,"(3, 3)",Nutrition & Hospitality Management,,
NHM 462,Quantity Food Production and Service,"(3, 3)",Nutrition & Hospitality Management,,
NHM 464,Marketing in the Hospitality Industry,"(3, 3)",Nutrition & Hospitality Management,,
NHM 467,Hospitality Services Financial Mgmt,"(3, 3)",Nutrition & Hospitality Management,,
NHM 468,Nutrition/Hospitality Mgmt Study Tour,"(1, 9)",Nutrition & Hospitality Management,,
NHM 469,Orientation to Child Nutrition Managemen,"(3, 3)",Nutrition & Hospitality Management,,
NHM 472,Quantity Food Production and Service Lab,"(2, 2)",Nutrition & Hospitality Management,,
NHM 473,Family Life Education,"(3, 3)",Nutrition & Hospitality Management,,
NHM 474,Study Tour in Human Development,"(3, 3)",Nutrition & Hospitality Management,,
NHM 481,Merchandising Internship,"(3, 3)",Nutrition & Hospitality Management,,
NHM 482,Practicum in Child and Family Life,"(3, 3)",Nutrition & Hospitality Management,,
NHM 483,Applied Experiences in Dietetics,"(3, 3)",Nutrition & Hospitality Management,,
NHM 484,Internship in Hospitality,"(3, 3)",Nutrition & Hospitality Management,,
NHM 491,Hotel Management & Analytics,"(3, 3)",Nutrition & Hospitality Management,,
NHM 493,Individual / Group Study,"(1, 6)",Nutrition & Hospitality Management,,
NHM 511,Advanced Nutrition,"(3, 3)",Nutrition & Hospitality Management,,
NHM 513,Demonstration Techniques,"(3, 3)",Nutrition & Hospitality Management,,
NHM 515,Nutrition Along the Weight Continuum,"(3, 3)",Nutrition & Hospitality Management,,
NHM 516,Nutrition in Aging,"(3, 3)",Nutrition & Hospitality Management,,
NHM 518,"Maternal, Child, & Adolescent Nutrition","(3, 3)",Nutrition & Hospitality Management,,
NHM 521,Family Seminar,"(3, 3)",Nutrition & Hospitality Management,,
NHM 522,Nutrition Policy,"(3, 3)",Nutrition & Hospitality Management,,
NHM 523,Early Childhood Education,"(3, 3)",Nutrition & Hospitality Management,,
NHM 525,Research I - Principles of Research,"(3, 3)",Nutrition & Hospitality Management,,
NHM 526,Statistics I in NHM,"(3, 3)",Nutrition & Hospitality Management,,
NHM 527,Sem-Art / Music-Early Childhood,"(3, 3)",Nutrition & Hospitality Management,,
NHM 531,Community Nutrition: Theory and App,"(3, 3)",Nutrition & Hospitality Management,,
NHM 532,Nutrition Edu and Coun: Theory & Practic,"(3, 3)",Nutrition & Hospitality Management,,
NHM 533,Foodservice Management: Theory and App,"(3, 3)",Nutrition & Hospitality Management,,
NHM 534,Medical Nutrition Therapy: Theory and Ap,"(3, 3)",Nutrition & Hospitality Management,,
NHM 535,Human Sexuality,"(3, 3)",Nutrition & Hospitality Management,,
NHM 550,Seminar in Entrepreneurship,"(3, 3)",Nutrition & Hospitality Management,,
NHM 566,Human Resource Development in Services,"(3, 3)",Nutrition & Hospitality Management,,
NHM 571,Marriage and Family Therapy,"(3, 3)",Nutrition & Hospitality Management,,
NHM 593,Individual Study,"(1, 6)",Nutrition & Hospitality Management,,
NHM 595,Adv. Nutrition/Hospitality Study Tour,"(1, 9)",Nutrition & Hospitality Management,,
NHM 606,Ethics and Human Subjects Research,"(3, 3)",Nutrition & Hospitality Management,,
NHM 612,Nutrition & Exrcs in Hlth & Disease Mgmt,"(3, 3)",Nutrition & Hospitality Management,,
NHM 613,Theoretical Application for Nutrtnl. Ed,"(3, 3)",Nutrition & Hospitality Management,,
NHM 614,Foundations in Child Nutrition Managemen,"(3, 3)",Nutrition & Hospitality Management,,
NHM 615,Advanced Financial Mgt. in Hospitality,"(3, 3)",Nutrition & Hospitality Management,,
NHM 617,Advanced Foodservice Management,"(3, 3)",Nutrition & Hospitality Management,,
NHM 619,Sports Nutrition,"(3, 3)",Nutrition & Hospitality Management,,
NHM 620,Global Leadership in Service Orgs.,"(3, 3)",Nutrition & Hospitality Management,,
NHM 621,Advanced Human Development,"(3, 3)",Nutrition & Hospitality Management,,
NHM 623,Nutritional Epidemiology,"(3, 3)",Nutrition & Hospitality Management,,
NHM 624,Advanced Marketing Hospitality Industry,"(3, 3)",Nutrition & Hospitality Management,,
NHM 627,Topics in Hospitality and Leadership,"(3, 3)",Nutrition & Hospitality Management,,
NHM 628,Organizational Behavior in Hospitality,"(3, 3)",Nutrition & Hospitality Management,,
NHM 647,Seminar Home Management,"(3, 3)",Nutrition & Hospitality Management,,
NHM 662,Advanced Hotel Operations,"(3, 3)",Nutrition & Hospitality Management,,
NHM 671,Advanced Service Quality Management.,"(3, 3)",Nutrition & Hospitality Management,,
NHM 676,Adv. Hospitality Information Technology,"(3, 3)",Nutrition & Hospitality Management,,
NHM 691,Special Topics in Nutrition and Hospital,"(3, 3)",Nutrition & Hospitality Management,,
NHM 693,Directed Independent Research,"(1, 6)",Nutrition & Hospitality Management,,
NHM 697,Thesis,"(1, 6)",Nutrition & Hospitality Management,,
NHM 698,Introduction to Dietetics Practice,"(1, 1)",Nutrition & Hospitality Management,,
NHM 699,Supervised Practice,"(1, 9)",Nutrition & Hospitality Management,,
NHM 701,Graduate Seminar,"(1, 1)",Nutrition & Hospitality Management,,
NHM 702,Elements of Academic Development,"(3, 3)",Nutrition & Hospitality Management,,
NHM 711,Macronutrients,"(3, 3)",Nutrition & Hospitality Management,,
NHM 712,Community Food Systems,"(3, 3)",Nutrition & Hospitality Management,,
NHM 714,Advanced Child Nutrition Management,"(3, 3)",Nutrition & Hospitality Management,,
NHM 719,Adv. Assess. and App. in Sport Nutrition,"(3, 3)",Nutrition & Hospitality Management,,
NHM 721,Micronutrients,"(3, 3)",Nutrition & Hospitality Management,,
NHM 725,Research II - Advanced Research Methods,"(3, 3)",Nutrition & Hospitality Management,,
NHM 726,Applied Regression Analysis in NHM,"(3, 3)",Nutrition & Hospitality Management,,
NHM 728,Advanced Survey Data Analysis,"(3, 3)",Nutrition & Hospitality Management,,
NHM 740,Consumer Behavior in the Hospitality Ind,"(3, 3)",Nutrition & Hospitality Management,,
NHM 741,Strategic Mgmt in Hosp. & Serv. Ind,"(3, 3)",Nutrition & Hospitality Management,,
NHM 791,Special Topics in Nutrition and Hospital,"(3, 3)",Nutrition & Hospitality Management,,
NHM 797,Dissertation,"(1, 9)",Nutrition & Hospitality Management,,
Nsc 105,Basic Training,"(4, 4)",Naval Science,,
Nsc 111,Intro to Naval Science,"(3, 3)",Naval Science,,
Nsc 112,Seapower & Maritime Affairs,"(3, 3)",Naval Science,,
Nsc 115,Leadership Laboratory I,"(1, 1)",Naval Science,,
Nsc 116,Leadership Laboratory II,"(1, 1)",Naval Science,,
Nsc 211,Naval Leadership and Management,"(3, 3)",Naval Science,,
Nsc 212,Navigation,"(3, 3)",Naval Science,,
Nsc 215,Leadership Laboratory III,"(1, 1)",Naval Science,,
Nsc 216,Leadership Laboratory IV,"(1, 1)",Naval Science,,
Nsc 310,Evolution of Warfare,"(3, 3)",Naval Science,,
Nsc 312,Naval Ships Systems I (Engineering),"(3, 3)",Naval Science,,
Nsc 313,Naval Ships Systems II (Weapons),"(3, 3)",Naval Science,,
Nsc 315,Leadership Laboratory V,"(1, 1)",Naval Science,,
Nsc 316,Leadership Laboratory VI,"(1, 1)",Naval Science,,
Nsc 320,Fundamentals of Maneuver Warfare,"(3, 3)",Naval Science,,
Nsc 410,Amphibious Warfare,"(3, 3)",Naval Science,,
Nsc 412,Naval Leadership and Ethics,"(3, 3)",Naval Science,,
Nsc 413,Naval Operations and Seamanship,"(3, 3)",Naval Science,,
Nsc 415,Leadership Laboratory VII,"(1, 1)",Naval Science,,
Nsc 416,Leadership Laboratory VIII,"(1, 1)",Naval Science,,
Nsc 417,Leadership Laboratory IX,"(1, 1)",Naval Science,,
Nsc 418,Leadership Laboratory X,"(1, 1)",Naval Science,,
Nucl 591,Nuclear Medicine Advanced Pharmacy Pract,"(4, 4)",Pharmacy Practice,,
Nutr 591,Nutrition Clerkship,"(4, 4)",Pharmacy Practice,,
Oboe 100,Preparatory Oboe,"(1, 1)",Music,,
Oboe 121,Freshman Oboe I,"(2, 2)",Music,,
Oboe 122,Freshman Oboe II,"(2, 2)",Music,,
Oboe 221,Sophomore Oboe I,"(2, 2)",Music,,
Oboe 222,Sophomore Oboe II,"(2, 2)",Music,,
Oboe 241,Sophomore Oboe Performance I,"(2, 2)",Music,,
Oboe 242,Sophomore Oboe Performance II,"(2, 2)",Music,,
Oboe 321,Junior Oboe I,"(2, 2)",Music,,
Oboe 322,Junior Oboe II,"(2, 2)",Music,,
Oboe 341,Junior Oboe Performance I,"(2, 2)",Music,,
Oboe 342,Junior Oboe Performance II,"(3, 3)",Music,,
Oboe 421,Senior Oboe I,"(2, 2)",Music,,
Oboe 422,Senior Oboe II,"(2, 2)",Music,,
Oboe 441,Senior Oboe Performance I,"(2, 2)",Music,,
Oboe 442,Senior Oboe Performance II,"(3, 3)",Music,,
Oboe 521,Advanced Oboe I,"(2, 2)",Music,,
Oboe 522,Advanced Oboe II,"(2, 2)",Music,,
Oboe 541,Advanced Oboe Performance I,"(2, 2)",Music,,
Oboe 542,Advanced Oboe Performance II,"(2, 2)",Music,,
Oboe 621,Graduate Oboe I,"(2, 2)",Music,,
Oboe 622,Graduate Oboe II,"(2, 2)",Music,,
Oboe 641,Graduate Oboe Performance I,"(2, 2)",Music,,
Oboe 642,Graduate Oboe Performance II,"(2, 2)",Music,,
Oncl 591,Oncology Clerkship,"(4, 4)",Pharmacy Practice,,
Orgn 100,Preparatory Organ,"(1, 1)",Music,,
Orgn 121,Freshman Organ I,"(2, 2)",Music,,
Orgn 122,Freshman Organ II,"(2, 2)",Music,,
Orgn 221,Sophomore Organ I,"(2, 2)",Music,,
Orgn 222,Sophomore Organ II,"(2, 2)",Music,,
Orgn 321,Junior Organ I,"(2, 2)",Music,,
Orgn 322,Junior Organ II,"(2, 2)",Music,,
Orgn 421,Senior Organ I,"(2, 2)",Music,,
Orgn 422,Senior Organ II,"(2, 2)",Music,,
Orgn 521,Advanced Organ I,"(2, 2)",Music,,
Orgn 522,Advanced Organ II,"(2, 2)",Music,,
Pain 591,Pain Management Advanced Pharmacy Practi,"(4, 4)",Pharmacy Practice,,
Peds 591,Pediatric Clerkship,"(4, 4)",Pharmacy Practice,,
Perc 100,Preparatory Percussion Instruments,"(1, 1)",Music,,
Perc 121,Freshman Percussion I,"(2, 2)",Music,,
Perc 122,Freshman Percussion II,"(2, 2)",Music,,
Perc 221,Sophomore Percussion I,"(2, 2)",Music,,
Perc 222,Sophomore Percussion II,"(2, 2)",Music,,
Perc 241,Sophomore Percussion Performance I,"(2, 2)",Music,,
Perc 242,Sophomore Percussion Performance II,"(2, 2)",Music,,
Perc 321,Junior Percussion I,"(2, 2)",Music,,
Perc 322,Junior Percussion II,"(2, 2)",Music,,
Perc 341,Junior Percussion Performance I,"(2, 2)",Music,,
Perc 342,Junior Percussion Performance II,"(3, 3)",Music,,
Perc 421,Senior Percussion I,"(2, 2)",Music,,
Perc 422,Senior Percussion II,"(2, 2)",Music,,
Perc 441,Senior Percussion Performance I,"(2, 2)",Music,,
Perc 442,Senior Percussion Performance II,"(3, 3)",Music,,
Perc 521,Advanced Percussion I,"(2, 2)",Music,,
Perc 522,Advanced Percussion II,"(2, 2)",Music,,
Perc 541,Advanced Percussion Performance I,"(2, 2)",Music,,
Perc 542,Advanced Percussion Performance II,"(2, 2)",Music,,
Perc 590,Secondary Percussion Instruments,"(2, 2)",Music,,
Perc 621,Graduate Percussion I,"(2, 2)",Music,,
Perc 622,Graduate Percussion II,"(2, 2)",Music,,
Perc 641,Graduate Percussion Performance I,"(2, 2)",Music,,
Perc 642,Graduate Percussion Performance II,"(2, 2)",Music,,
PH 191,Personal Health,"(3, 3)",Public Health,,
PH 195,Foundations of Public Health,"(3, 3)",Public Health,,
PH 203,First Aid and CPR,"(3, 3)",Public Health,,
PH 300,Environmental Health,"(3, 3)",Public Health,,
PH 305,Program Planning and Evaluation,"(3, 3)",Public Health,,
PH 307,Public Health Study USA,"(3, 3)",Public Health,,
PH 312,Behavioral Aspects of Weight Mgmt,"(3, 3)",Public Health,,
PH 317,Public Health Study Abroad,"(3, 3)",Public Health,,
PH 319,Global Health,"(3, 3)",Public Health,,
PH 352,Basic Epidemiology,"(3, 3)",Public Health,,
PH 391,Special Topics in Health,"(3, 6)",Public Health,,
PH 470,Practical Applications in Public Health,"(3, 6)",Public Health,,
PH 490,Independent Study,"(1, 3)",Public Health,,
PH 503,Data Analytics and Methodologies,"(3, 3)",Public Health,,
PH 505,Health Program Planning,"(3, 3)",Public Health,,
PH 511,Applied Statistics,"(3, 3)",Public Health,,
PH 515,Motivational Interviewing,"(3, 3)",Public Health,,
PH 528,Public Health Policy,"(3, 3)",Public Health,,
PH 555,Health Equity,"(3, 3)",Public Health,,
PH 595,Human Health and Illness,"(3, 3)",Public Health,,
PH 600,Foundations of Public Health,"(3, 3)",Public Health,,
PH 603,Data Analytics Methodologies,"(3, 3)",Public Health,,
PH 607,Public Health Study USA,"(3, 3)",Public Health,,
PH 610,Biostatistics for Public Health Practice,"(3, 3)",Public Health,,
PH 617,Public Health Study Abroad,"(3, 3)",Public Health,,
PH 625,Research Design and Evaluation,"(3, 3)",Public Health,,
PH 626,Statistical Analysis I,"(3, 3)",Public Health,,
PH 635,Theories in Health,"(3, 3)",Public Health,,
PH 646,Epidemiology,"(3, 3)",Public Health,,
PH 651,Advanced Independent Study,"(1, 3)",Public Health,,
PH 652,Advanced Individual Study,"(1, 3)",Public Health,,
PH 653,Independent Research,"(1, 3)",Public Health,,
PH 665,Special Topics in Health Behavior,"(3, 3)",Public Health,,
PH 670,Applied Epidemiology,"(3, 3)",Public Health,,
PH 674,Chronic Disease Epidemiology,"(3, 3)",Public Health,,
PH 675,Advanced Theoretical Appl Hlth Behavior,"(3, 3)",Public Health,,
PH 680,Infectious Disease Epidemiology,"(3, 3)",Public Health,,
PH 685,Health Program Evaluation,"(3, 3)",Public Health,,
PH 697,Thesis,"(3, 6)",Public Health,,
PH 698,Public Health Practicum,"(1, 6)",Public Health,,
PH 699,Public Health Capstone,"(1, 6)",Public Health,,
Phad 355,The Anthropology of Drugs,"(3, 3)",Pharmacy Administration,,
Phad 393,Learning & Teaching: A Professional Elec,"(2, 2)",Pharmacy Administration,,
Phad 394,Intermed. Biostatistics for Pharmacists,"(2, 2)",Pharmacy Administration,,
Phad 395,Pharmacy Ethics,"(3, 3)",Pharmacy Administration,,
Phad 396,Marketing for Community Pharmacists,"(1, 1)",Pharmacy Administration,,
Phad 397,Survey of Medication Nonadherence,"(1, 2)",Pharmacy Administration,,
Phad 430,Research Methods for Pharmacists,"(2, 2)",Pharmacy Administration,,
Phad 478,History of Pharmacy,"(3, 3)",Pharmacy Administration,,
Phad 492,Current Issues in Health Care,"(2, 2)",Pharmacy Administration,,
Phad 495,Techniques for Pharm & Bio-Pharm Sales,"(3, 3)",Pharmacy Administration,,
Phad 496,Principles of Pharmaceutical Marketing,"(3, 3)",Pharmacy Administration,,
Phad 497,Personal Finance for Pharmacists,"(2, 2)",Pharmacy Administration,,
Phad 541,Problems in Pharmacy Administration,"(1, 6)",Pharmacy Administration,,
Phad 542,Problems in Pharmacy Administration,"(1, 6)",Pharmacy Administration,,
Phad 545,Aspects of Pediatric Pharmacy Practice,"(2, 2)",Pharmacy Administration,,
Phad 546,Film and Pharmacy,"(2, 2)",Pharmacy Administration,,
Phad 547,Phy & Psychosoc Aspects Women's Health,"(3, 3)",Pharmacy Administration,,
Phad 597,Medical Anthropology,"(3, 3)",Pharmacy Administration,,
Phad 599,Health Care and Contemporary Society,"(3, 3)",Pharmacy Administration,,
Phad 630,Intro to Implementation Science,"(3, 3)",Pharmacy Administration,,
Phad 643,Seminar in Current Health Topics,"(1, 1)",Pharmacy Administration,,
Phad 644,Seminar in Current Health Topics,"(1, 1)",Pharmacy Administration,,
Phad 661,Epidemiology and Health Data Management,"(3, 3)",Pharmacy Administration,,
Phad 679,Primary Data Techniques,"(3, 3)",Pharmacy Administration,,
Phad 687,Secondary Data Techniques,"(3, 3)",Pharmacy Administration,,
Phad 688,Research Methodology and Techniques,"(3, 3)",Pharmacy Administration,,
Phad 689,Pharmaceutical and Healthcare Policy,"(3, 3)",Pharmacy Administration,,
Phad 690,Data Management and Statistical Software,"(3, 3)",Pharmacy Administration,,
Phad 693,Health Economics,"(3, 3)",Pharmacy Administration,,
Phad 697,Thesis,"(1, 12)",Pharmacy Administration,,
Phad 698,Non-thesis Research,"(1, 3)",Pharmacy Administration,,
Phad 774,Research in Pharmacy Administration,"(1, 3)",Pharmacy Administration,,
Phad 780,General Linear Models,"(3, 3)",Pharmacy Administration,,
Phad 781,Applied Multivariate Analysis,"(3, 3)",Pharmacy Administration,,
Phad 783,Adv Pharmaceutical Mkting & Patient Beha,"(3, 3)",Pharmacy Administration,,
Phad 786,Patient Reported Outcomes,"(3, 3)",Pharmacy Administration,,
Phad 792,BioPharmaceutical Development and Mktg,"(3, 3)",Pharmacy Administration,,
Phad 794,Pharmacoeconomics,"(3, 3)",Pharmacy Administration,,
Phad 795,Special Topics in Pharmacy Administratio,"(1, 3)",Pharmacy Administration,,
Phad 796,Pharmacoepidemiology,"(3, 3)",Pharmacy Administration,,
Phad 797,Dissertation,"(1, 18)",Pharmacy Administration,,
Phar 432,Concepts in Pharmaceutical Biotechnology,"(1, 1)",Pharmaceutics & Drug Delivery,,
Phar 433,Pharmaceutical Industry,"(2, 2)",Pharmaceutics & Drug Delivery,,
Phar 435,Pharmaceutical Stability,"(2, 2)",Pharmaceutics & Drug Delivery,,
Phar 436,Product Development,"(3, 3)",Pharmaceutics & Drug Delivery,,
Phar 437,3D Printing for Precision Medicine,"(2, 2)",Pharmaceutics & Drug Delivery,,
Phar 541,Problems in  Pharmaceutics,"(1, 3)",Pharmaceutics & Drug Delivery,,
Phar 542,Problems in  Pharmaceutics,"(1, 3)",Pharmaceutics & Drug Delivery,,
Phar 543,Seminar in Current Pharm. Topics,"(1, 1)",Pharmaceutics & Drug Delivery,,
Phar 544,Seminar in Current Pharm. Topics,"(1, 1)",Pharmaceutics & Drug Delivery,,
Phar 545,Biopharmaceutics and Pharmacokinetics,"(3, 3)",Pharmaceutics & Drug Delivery,,
Phar 547,Veterinary Pharmaceuticals,"(3, 3)",Pharmaceutics & Drug Delivery,,
Phar 548,Clinical Laboratory Data Analysis,"(1, 1)",Pharmaceutics & Drug Delivery,,
Phar 630,Pharm. Protein Design and Development,"(3, 3)",Pharmaceutics & Drug Delivery,,
Phar 650,Formulation Development,"(3, 3)",Pharmaceutics & Drug Delivery,,
Phar 651,Regulatory Science I,"(3, 3)",Pharmaceutics & Drug Delivery,,
Phar 652,Regulatory Science II,"(3, 3)",Pharmaceutics & Drug Delivery,,
Phar 654,Special Problems in Biopharmaceutics,"(3, 3)",Pharmaceutics & Drug Delivery,,
Phar 658,Pharmaceutical Manufacturing,"(3, 3)",Pharmaceutics & Drug Delivery,,
Phar 696,Special Projects,"(1, 9)",Pharmaceutics & Drug Delivery,,
Phar 697,Thesis,"(1, 12)",Pharmaceutics & Drug Delivery,,
Phar 735,Analytical Pharmaceutics,"(3, 3)",Pharmaceutics & Drug Delivery,,
Phar 741,Advanced Pharmaceutics,"(4, 4)",Pharmaceutics & Drug Delivery,,
Phar 744,Stability of Pharmaceutical Systems,"(3, 3)",Pharmaceutics & Drug Delivery,,
Phar 749,Product Development,"(3, 3)",Pharmaceutics & Drug Delivery,,
Phar 750,Applied Pharmaceutics,"(2, 2)",Pharmaceutics & Drug Delivery,,
Phar 760,Applied Pharmacokinetics,"(3, 3)",Pharmaceutics & Drug Delivery,,
Phar 797,Dissertation,"(1, 12)",Pharmaceutics & Drug Delivery,,
Phcg 320,Special Topics in Oceans & Human Health,"(2, 2)",Biomolecular Sciences,,
Phcg 329,Herbal Supplements & Alternative Therapy,"(2, 2)",Biomolecular Sciences,,
Phcg 422,Natural Product Derived Pharmaceuticals,"(4, 4)",Biomolecular Sciences,,
Phcg 425,Poisonous Plants and Mushrooms,"(1, 1)",Biomolecular Sciences,,
Phcg 426,Cancer Chemo - Targets and Discovery,"(2, 2)",Biomolecular Sciences,,
Phcg 427,Drug Discovery I,"(3, 3)",Biomolecular Sciences,,
Phcg 428,Drug Discovery II,"(3, 3)",Biomolecular Sciences,,
Phcg 450,Career/Achievements in BMS: Nat.Prod.Res,"(1, 1)",Biomolecular Sciences,,
Phcg 451,Probiotics in Pharmacy,"(2, 2)",Biomolecular Sciences,,
Phcg 541,Problems in Pharmacognosy,"(1, 4)",Biomolecular Sciences,,
Phcg 542,Problems in Pharmacognosy,"(1, 4)",Biomolecular Sciences,,
Phcg 545,Individual Study in Pharmacognosy Res,"(1, 6)",Biomolecular Sciences,,
Phcg 546,Individual Study in Pharmacognosy Res,"(1, 6)",Biomolecular Sciences,,
Phcg 550,Careers/Achievements in BMS,"(1, 1)",Biomolecular Sciences,,
Phcg 620,Selected Topics in Pharmacognosy,"(3, 3)",Biomolecular Sciences,,
Phcg 627,Natural Product Chemistry,"(3, 3)",Biomolecular Sciences,,
Phcg 628,Natural Product Chemistry,"(3, 3)",Biomolecular Sciences,,
Phcg 630,Advanced Topics,"(4, 4)",Biomolecular Sciences,,
Phcg 631,Analysis of Natural Product Drugs I,"(3, 3)",Biomolecular Sciences,,
Phcg 632,Analysis of Natural Product Drugs II,"(3, 3)",Biomolecular Sciences,,
Phcg 633,Analysis of Natural Product Drugs III,"(3, 3)",Biomolecular Sciences,,
Phcg 634,Biosynthesis of Plant Constituents,"(3, 3)",Biomolecular Sciences,,
Phcg 635,Introduction to Molecular Cell Biology,"(3, 4)",Biomolecular Sciences,,
Phcg 636,Fermentation Chemistry,"(3, 3)",Biomolecular Sciences,,
Phcl 202,Environmental Health Perspectives,"(3, 3)",Biomolecular Sciences,,
Phcl 340,Animal Cells: Testing New Drugs,"(1, 1)",Biomolecular Sciences,,
Phcl 341,Human Pathophysiology I,"(3, 3)",Biomolecular Sciences,,
Phcl 342,Human Pathophysiology II,"(3, 3)",Biomolecular Sciences,,
Phcl 345,Nutritional Pharmacology,"(3, 3)",Biomolecular Sciences,,
Phcl 346,Immunological Basis for Therapeutics,"(3, 3)",Biomolecular Sciences,,
Phcl 347,Introduction to Environmental Toxicology,"(2, 2)",Biomolecular Sciences,,
Phcl 348,Principles of Life Science Research,"(1, 1)",Biomolecular Sciences,,
Phcl 349,Specialized Topics in Environ. Health,"(3, 3)",Biomolecular Sciences,,
Phcl 351,Drugs and Human Performance,"(2, 2)",Biomolecular Sciences,,
Phcl 352,Case Studies in Immunology,"(2, 2)",Biomolecular Sciences,,
Phcl 381,Introduction to Toxicology,"(3, 3)",Biomolecular Sciences,,
Phcl 382,Fundamentals of Cancer,"(2, 2)",Biomolecular Sciences,,
Phcl 440,Physiologic Case Study for Therapeutics,"(1, 1)",Biomolecular Sciences,,
Phcl 441,Pharmacology: Novel Drugs in Clin Trials,"(2, 2)",Biomolecular Sciences,,
Phcl 442,Clinical Toxicology,"(2, 2)",Biomolecular Sciences,,
Phcl 443,Basic and Clinical Pharmacology I,"(4, 4)",Biomolecular Sciences,,
Phcl 444,Basic and Clinical Pharmacology II,"(4, 4)",Biomolecular Sciences,,
Phcl 445,Nutritional Pharmacology,"(1, 1)",Biomolecular Sciences,,
Phcl 501,Principles of Life Science Research,"(1, 1)",Biomolecular Sciences,,
Phcl 503,Lab Meth in Pharmacology & Toxicology I,"(2, 2)",Biomolecular Sciences,,
Phcl 504,Lab Meth in Pharmacology & Toxicology II,"(2, 2)",Biomolecular Sciences,,
Phcl 505,Modern Phcl: Novel Drugs Clinical Trials,"(2, 2)",Biomolecular Sciences,,
Phcl 541,Problems in Pharmacology,"(1, 3)",Biomolecular Sciences,,
Phcl 547,Introduction to Environmental Toxicology,"(2, 2)",Biomolecular Sciences,,
Phcl 563,Introductory Pharmacology I,"(4, 4)",Biomolecular Sciences,,
Phcl 564,Introductory Pharmacology II,"(4, 4)",Biomolecular Sciences,,
Phcl 569,Drug Abuse Education,"(3, 3)",Biomolecular Sciences,,
Phcl 581,Introduction to Toxicology,"(3, 3)",Biomolecular Sciences,,
Phcl 586,Receptors and Channels,"(3, 3)",Biomolecular Sciences,,
Phcl 611,Teaching in Pharmacology and Toxicology,"(1, 1)",Biomolecular Sciences,,
Phcl 612,Teaching in Pharmacology and Toxicology,"(1, 1)",Biomolecular Sciences,,
Phcl 641,"Unified Lab in Pharm, Tox & Phys Chem","(2, 2)",Biomolecular Sciences,,
Phcl 642,"Unified Lab in Pharm, Tox & Phys Chem","(2, 2)",Biomolecular Sciences,,
Phcl 643,Seminar: Curr Topics in Pharm & Tox,"(1, 1)",Biomolecular Sciences,,
Phcl 651,Directed Studies in Pharm and  Tox,"(1, 1)",Biomolecular Sciences,,
Phcl 652,Directed Studies in Pharm and  Tox,"(1, 1)",Biomolecular Sciences,,
Phcl 661,Advanced Physiology,"(4, 4)",Biomolecular Sciences,,
Phcl 662,Advanced Physiology,"(4, 4)",Biomolecular Sciences,,
Phcl 663,General Pharmacology I,"(3, 3)",Biomolecular Sciences,,
Phcl 665,Human Neurobiology,"(4, 4)",Biomolecular Sciences,,
Phcl 668,Externship in Pharmacology,"(1, 8)",Biomolecular Sciences,,
Phcl 669,Physiological Chemistry,"(4, 4)",Biomolecular Sciences,,
Phcl 675,Gen Princ of Pharmacology & Toxicology I,"(4, 4)",Biomolecular Sciences,,
Phcl 676,Gen Princ - Pharmacology & Toxicology II,"(4, 4)",Biomolecular Sciences,,
Phcl 677,Advanced Topics,"(2, 2)",Biomolecular Sciences,,
Phcl 679,Methods in Pharmacology and Toxicology,"(4, 4)",Biomolecular Sciences,,
Phcl 681,Sel Topics - Pharmacology and Toxicology,"(2, 2)",Biomolecular Sciences,,
Phcl 685,Externship in Toxicology,"(1, 8)",Biomolecular Sciences,,
Phcy 100,Introduction to Pharmacy,"(1, 1)",,,
Phcy 400,Becoming a Pharmacist,"(1, 1)",,,
Phcy 401,Foundations of BioMolecular Sciences I,"(3, 3)",,,
Phcy 402,Foundations of BioMolecular Sciences II,"(3, 3)",,,
Phcy 411,Human Physiology/Pathophysiology I,"(3, 3)",,,
Phcy 412,Human Physiology/Pathophysiology II,"(3, 3)",,,
Phcy 421,Pharmaceutics and Calculations I,"(3, 3)",,,
Phcy 422,Pharmaceutics and Calculations II,"(3, 3)",,,
Phcy 431,Social and Administrative Pharmacy I,"(3, 3)",,,
Phcy 432,Social and Administrative Pharmacy II,"(3, 3)",,,
Phcy 441,Pharmacists' Patient Care Process I,"(2, 2)",,,
Phcy 442,Pharmacists' Patient Care Process II,"(2, 2)",,,
Phcy 451,Pharmacogenomics,"(2, 2)",,,
Phcy 452,Pharmacoimmunology,"(2, 2)",,,
Phcy 460,Personal and Professional Development I,"(1, 1)",,,
Phcy 461,Interprofessional Collaboration I,"(1, 1)",,,
Phcy 470,Distributive Intro Pharmacy Practice Exp,"(1, 1)",Pharmacy Practice,,
Phcy 471,Institutional Immersion IPPE I,"(1, 1)",Pharmacy Practice,,
Phcy 481,Pharmacy Practice Applications I,"(1, 1)",,,
Phcy 482,Pharmacy Practice Applications II,"(1, 1)",,,
Phcy 501,Infectious Diseases Intensive,"(1, 1)",,,
Phcy 502,Integrated Systems: Cardiovascular,"(4, 4)",,,
Phcy 503,Integrated Systems: Respiratory,"(4, 4)",,,
Phcy 504,Integrated Systems: Renal,"(3, 3)",,,
Phcy 505,Integrated Systems: Neuromuscular,"(3, 3)",,,
Phcy 506,Integrated Systems: CNS/Psych,"(3, 3)",,,
Phcy 507,Integrated Systems: Endocrine System,"(3, 3)",,,
Phcy 508,Integrated Systems: GI/Nutrition,"(3, 3)",,,
Phcy 509,Integrated Systems: DERM/EENT,"(3, 3)",,,
Phcy 510,Community Pharmacy Practice II,"(2, 2)",Pharmacy Practice,,
Phcy 550,Integrated Institutional IPPE,"(1, 1)",,,
Phcy 560,Personal and Professional Development II,"(1, 1)",,,
Phcy 561,Interprofessional Collaboration II,"(1, 1)",,,
Phcy 581,Pharmacy Practice Applications III,"(1, 1)",,,
Phcy 582,Pharmacy Practice Applications IV,"(0, 0)",,,
Phcy 591,Elective APPE,"(4, 4)",Pharmacy Practice,,
Phcy 592,Elective APPE,"(4, 4)",Pharmacy Practice,,
Phcy 593,Elective APPE,"(4, 4)",Pharmacy Practice,,
Phcy 601,Multisystem Complex Patient Care I,"(4, 4)",,,
Phcy 602,Hematology/Oncology/Immunology,"(3, 3)",,,
Phcy 603,Integrated Genitourinary & Reproductive,"(3, 3)",,,
Phcy 604,Pediatrics and Geriatrics,"(3, 3)",,,
Phcy 605,Integrated Selective IPPE,"(1, 1)",,,
Phcy 606,Population and Rural Health,"(3, 3)",,,
Phcy 607,Practice Law Application,"(3, 3)",,,
Phcy 608,Multisystem Complex Patient Care II,"(4, 4)",,,
Phcy 650,Integrated Comm & Ambulatory IPPE,"(1, 1)",,,
Phcy 651,Integrated Inst & Specialty IPPE,"(1, 1)",,,
Phcy 653,Community Required APPE,"(4, 4)",Pharmacy Practice,,
Phcy 654,Institutional Required APPE,"(4, 4)",Pharmacy Practice,,
Phcy 660,Personal & Professional Development III,"(1, 1)",,,
Phcy 661,Interprofessional Collaboration III,"(1, 1)",,,
Phcy 666,Personal & Professional Development IV,"(1, 1)",Pharmacy Practice,,
Phcy 667,Personal & Professional Development V,"(1, 1)",Pharmacy Practice,,
Phcy 681,Pharmacy Practice Applications V,"(1, 1)",,,
Phcy 682,Pharmacy Practice Applications VI,"(1, 1)",,,
Phcy 686,Adult Medicine Required APPE,"(4, 4)",Pharmacy Practice,,
Phcy 687,Ambulatory Care Required APPE,"(4, 4)",Pharmacy Practice,,
Phil 101,Introduction to Philosophy,"(3, 3)",Philosophy & Religion,,
Phil 102,Introduction to Professional Ethics,"(3, 3)",Philosophy & Religion,,
Phil 103,Logic:  Critical Thinking,"(3, 3)",Philosophy & Religion,,
Phil 104,Contemporary Moral Issues,"(3, 3)",Philosophy & Religion,,
Phil 105,"Dungeons, Dragons, and Philosophy","(3, 3)",Philosophy & Religion,,
Phil 201,Ultimate Questions,"(3, 3)",Philosophy & Religion,,
Phil 204,Intro to Ethical Policy Debate,"(3, 3)",Philosophy & Religion,,
Phil 205,AI Ethics,"(3, 3)",Philosophy & Religion,,
Phil 209,Asian Philosophy,"(3, 3)",Philosophy & Religion,,
Phil 301,History of Philosophy I,"(3, 3)",Philosophy & Religion,,
Phil 302,History of Philosophy II,"(3, 3)",Philosophy & Religion,,
Phil 307,Topics in Medieval Philosophy,"(3, 3)",Philosophy & Religion,,
Phil 308,Buddhism,"(3, 3)",Philosophy & Religion,,
Phil 309,Chinese Religions: Confucianism & Daoism,"(3, 3)",Philosophy & Religion,,
Phil 310,Socrates and the Sophists,"(3, 3)",Philosophy & Religion,,
Phil 311,Plato,"(3, 3)",Philosophy & Religion,,
Phil 313,Aristotle,"(3, 3)",Philosophy & Religion,,
Phil 314,Kant and the Problems of Philosophy,"(3, 3)",Philosophy & Religion,,
Phil 315,Nineteenth Century Philosophy,"(3, 3)",Philosophy & Religion,,
Phil 316,Topics in Philosophy in American History,"(3, 3)",Philosophy & Religion,,
Phil 318,Existentialism,"(3, 3)",Philosophy & Religion,,
Phil 319,Symbolic Logic,"(3, 3)",Philosophy & Religion,,
Phil 320,Aesthetics,"(3, 3)",Philosophy & Religion,,
Phil 321,Ethical Theory,"(3, 3)",Philosophy & Religion,,
Phil 322,Epistemology,"(3, 3)",Philosophy & Religion,,
Phil 323,Metaphysics,"(3, 3)",Philosophy & Religion,,
Phil 324,History of Analytic Philosophy,"(3, 3)",Philosophy & Religion,,
Phil 325,Theories of Truth,"(3, 3)",Philosophy & Religion,,
Phil 326,Metaethics,"(3, 3)",Philosophy & Religion,,
Phil 328,Biomedical Ethics,"(3, 3)",Philosophy & Religion,,
Phil 330,History of Western Political Philosophy,"(3, 3)",Philosophy & Religion,,
Phil 331,Political Philosophy,"(3, 3)",Philosophy & Religion,,
Phil 332,Personal Identity and the Self,"(3, 3)",Philosophy & Religion,,
Phil 333,Philosophy of Language,"(3, 3)",Philosophy & Religion,,
Phil 334,Free Will and Responsibility,"(3, 3)",Philosophy & Religion,,
Phil 340,Philosophy of Technology,"(3, 3)",Philosophy & Religion,,
Phil 342,Philosophy of Mind,"(3, 3)",Philosophy & Religion,,
Phil 344,Moral Psychology,"(3, 3)",Philosophy & Religion,,
Phil 345,Environmental Ethics,"(3, 3)",Philosophy & Religion,,
Phil 347,Advanced Ethical Policy Debate,"(3, 3)",Philosophy & Religion,,
Phil 348,Nature and Environment in Asian Religion,"(3, 3)",Philosophy & Religion,,
Phil 349,Religious Ethics: Issues and Methods,"(3, 3)",Philosophy & Religion,,
Phil 350,Philosophy of Law,"(3, 3)",Philosophy & Religion,,
Phil 351,Philosophy of Religion,"(3, 3)",Philosophy & Religion,,
Phil 352,Care Ethics,"(3, 3)",Philosophy & Religion,,
Phil 353,Consequentialism,"(3, 3)",Philosophy & Religion,,
Phil 354,Ethical Leadership,"(3, 3)",Philosophy & Religion,,
Phil 355,Philosophy of Film,"(3, 3)",Philosophy & Religion,,
Phil 357,Business Ethics,"(3, 3)",Philosophy & Religion,,
Phil 360,Philosophical Issues in Science/Religion,"(3, 3)",Philosophy & Religion,,
Phil 365,Ethical Disagreement and Dialogue,"(3, 3)",Philosophy & Religion,,
Phil 371,Public Policy and Ethics,"(3, 3)",Philosophy & Religion,,
Phil 372,Conservative Political Philosophy,"(3, 3)",Philosophy & Religion,,
Phil 380,Community-Based Internship,"(3, 3)",Philosophy & Religion,,
Phil 390,Feminist Philosophy,"(3, 3)",Philosophy & Religion,,
Phil 391,Philosophy of Race,"(3, 3)",Philosophy & Religion,,
Phil 395,Topics in Philosophy,"(3, 3)",Philosophy & Religion,,
Phil 396,Philosophical Topics in Religion,"(3, 3)",Philosophy & Religion,,
Phil 399,Topics in Philosophy Abroad,"(1, 6)",Philosophy & Religion,,
Phil 401,Seminar in History of Ancient Philosophy,"(3, 3)",Philosophy & Religion,,
Phil 402,Seminar in History of Modern Philosophy,"(3, 3)",Philosophy & Religion,,
Phil 421,Seminar in Ethical Philosophy,"(3, 3)",Philosophy & Religion,,
Phil 422,Seminar in Epistemology/Metaphysics,"(3, 3)",Philosophy & Religion,,
Phil 431,Seminar in Legal/Political Philosophy,"(3, 3)",Philosophy & Religion,,
Phil 432,Seminar in Philosophy of Mind/Language,"(3, 3)",Philosophy & Religion,,
Phil 460,Seminar: Philosophy of Science/Religion,"(3, 3)",Philosophy & Religion,,
Phil 490,Directed Readings in Philosophy,"(3, 3)",Philosophy & Religion,,
Phil 491,Honors Thesis,"(3, 3)",Philosophy & Religion,,
Phil 499,Philosophy Assessment Exam,"(0, 0)",Philosophy & Religion,,
Phil 590,Adv Seminar Epistemology/Metaphysics,"(3, 3)",Philosophy & Religion,,
Phil 591,Advanced Seminar in Value Theory,"(3, 3)",Philosophy & Religion,,
Phil 592,Advanced Seminar in History of Phil,"(3, 3)",Philosophy & Religion,,
Phil 593,Adv Seminar Epistemology/Metaphysics II,"(3, 3)",Philosophy & Religion,,
Phil 594,Advanced Seminar in Value Theory II,"(3, 3)",Philosophy & Religion,,
Phil 595,Advanced Seminar in History of Phil II,"(3, 3)",Philosophy & Religion,,
Phil 599,Professional Development in Philosophy,"(0, 0)",Philosophy & Religion,,
Phil 601,Studies in Ancient Philosophy,"(3, 3)",Philosophy & Religion,,
Phil 607,Major Western Philosophers,"(1, 3)",Philosophy & Religion,,
Phil 608,Studies in Eastern Philosophy,"(3, 3)",Philosophy & Religion,,
Phil 609,Studies in Existential Philosophy,"(3, 3)",Philosophy & Religion,,
Phil 611,Problems of Metaphysics,"(3, 3)",Philosophy & Religion,,
Phil 613,Problems in the Philosophy of Religion,"(1, 3)",Philosophy & Religion,,
Phil 614,Kant,"(3, 3)",Philosophy & Religion,,
Phil 617,Problems of Epistemology,"(3, 3)",Philosophy & Religion,,
Phil 619,Value Theory,"(3, 3)",Philosophy & Religion,,
Phil 620,Problems of Aesthetics,"(3, 3)",Philosophy & Religion,,
Phil 621,Problems in Ethics,"(3, 3)",Philosophy & Religion,,
Phil 622,Studies in Early Modern Philosophy,"(3, 3)",Philosophy & Religion,,
Phil 624,Problems in Philosophical Analysis,"(3, 3)",Philosophy & Religion,,
Phil 625,Major Figures of Analytic Philosophy,"(3, 3)",Philosophy & Religion,,
Phil 628,Problems in Biomedical Ethics,"(3, 3)",Philosophy & Religion,,
Phil 630,Studies in the History of Political Phil,"(3, 3)",Philosophy & Religion,,
Phil 631,Problems in Political Philosophy,"(3, 3)",Philosophy & Religion,,
Phil 632,Problems of Personal Identity,"(3, 3)",Philosophy & Religion,,
Phil 633,Philosophy of Language,"(3, 3)",Philosophy & Religion,,
Phil 642,Problems in the Philosophy of Mind,"(3, 3)",Philosophy & Religion,,
Phil 644,Studies in Moral Psychology,"(3, 3)",Philosophy & Religion,,
Phil 645,Problems in Environmental Ethics,"(3, 3)",Philosophy & Religion,,
Phil 647,Graduate Ethical Policy Debate,"(3, 3)",Philosophy & Religion,,
Phil 650,Problems of Philosophy of Law,"(3, 3)",Philosophy & Religion,,
Phil 652,Problems in Care Ethics,"(3, 3)",Philosophy & Religion,,
Phil 653,Problems in Consequentialism,"(3, 3)",Philosophy & Religion,,
Phil 655,Advanced Symbolic Logic,"(3, 3)",Philosophy & Religion,,
Phil 656,Problems in the Philosophy of Film,"(3, 3)",Philosophy & Religion,,
Phil 657,Problems in Business Ethics,"(3, 3)",Philosophy & Religion,,
Phil 660,Problems of Science and Religion,"(3, 3)",Philosophy & Religion,,
Phil 665,Philosophy of Science,"(3, 3)",Philosophy & Religion,,
Phil 680,Studies in Feminist Philosophy,"(3, 3)",Philosophy & Religion,,
Phil 690,Seminar,"(3, 3)",Philosophy & Religion,,
Phil 691,Research,"(1, 3)",Philosophy & Religion,,
Phil 692,Special Topics in Ethics,"(3, 3)",Philosophy & Religion,,
Phil 693,Special Topics in Metaphysics,"(3, 3)",Philosophy & Religion,,
Phil 694,Special Topics in History of Philosophy,"(3, 3)",Philosophy & Religion,,
Phil 697,Thesis,"(1, 12)",Philosophy & Religion,,
Phys 101,Introduction to Contemporary Physics I,"(1, 1)",Physics & Astronomy,,
Phys 102,Introduction to Contemporary Physics II,"(1, 1)",Physics & Astronomy,,
Phys 107,Conceptual Physics I,"(3, 3)",Physics & Astronomy,,
Phys 108,Conceptual Physics II,"(3, 3)",Physics & Astronomy,,
Phys 111,Physics of Sound & Music,"(1, 1)",Physics & Astronomy,,
Phys 112,"Physics of Light, Color, & Art","(1, 1)",Physics & Astronomy,,
Phys 123,Physics of the Atmosphere,"(3, 3)",Physics & Astronomy,,
Phys 201,Physics Toolbox I,"(1, 1)",Physics & Astronomy,,
Phys 202,Physics Toolbox II,"(1, 1)",Physics & Astronomy,,
Phys 211,Physics for Science & Engineering I,"(3, 3)",Physics & Astronomy,,
Phys 212,Physics for Science & Engineering II,"(3, 3)",Physics & Astronomy,,
Phys 213,General Physics I,"(3, 3)",Physics & Astronomy,,
Phys 214,General Physics II,"(3, 3)",Physics & Astronomy,,
Phys 215,Physics for Pharmaceutical Sciences,"(4, 4)",Physics & Astronomy,,
Phys 221,Lab Physics for Science & Engineering I,"(1, 1)",Physics & Astronomy,,
Phys 222,Lab Physics for Science & Engineering II,"(1, 1)",Physics & Astronomy,,
Phys 223,Laboratory Physics I,"(1, 1)",Physics & Astronomy,,
Phys 224,Laboratory Physics II,"(1, 1)",Physics & Astronomy,,
Phys 301,Intro to Physics Careers and Research,"(1, 1)",Physics & Astronomy,,
Phys 303,Physical Theory and Techniques,"(3, 3)",Physics & Astronomy,,
Phys 308,Mathematical Physics,"(3, 3)",Physics & Astronomy,,
Phys 309,Thermodynamics,"(3, 3)",Physics & Astronomy,,
Phys 310,Mechanics,"(3, 3)",Physics & Astronomy,,
Phys 313,Physics & Biophysics of Air & Water,"(3, 3)",Physics & Astronomy,,
Phys 315,Radiation Science,"(3, 3)",Physics & Astronomy,,
Phys 317,Introduction to Modern Physics I,"(3, 3)",Physics & Astronomy,,
Phys 318,Introduction to Modern Physics II,"(3, 3)",Physics & Astronomy,,
Phys 319,Optics,"(4, 4)",Physics & Astronomy,,
Phys 321,Electronics,"(4, 4)",Physics & Astronomy,,
Phys 401,Electromagnetic Theory I,"(3, 3)",Physics & Astronomy,,
Phys 402,Electromagnetic Theory II,"(3, 3)",Physics & Astronomy,,
Phys 413,Introduction to Biophysics,"(3, 3)",Physics & Astronomy,,
Phys 415,Radiation Physics Laboratory,"(3, 3)",Physics & Astronomy,,
Phys 417,Modern Physics Laboratory,"(4, 4)",Physics & Astronomy,,
Phys 422,Digital Electronics & Microprocessors,"(3, 3)",Physics & Astronomy,,
Phys 425,Nuclear & Particle Physics Laboratory,"(3, 3)",Physics & Astronomy,,
Phys 427,Introduction to Condensed Matter Physics,"(3, 3)",Physics & Astronomy,,
Phys 436,Introduction to Cosmology,"(3, 3)",Physics & Astronomy,,
Phys 451,Introduction to Quantum Mechanics,"(3, 3)",Physics & Astronomy,,
Phys 461,Senior Seminar,"(1, 1)",Physics & Astronomy,,
Phys 463,Senior Research Project,"(1, 3)",Physics & Astronomy,,
Phys 464,Senior Research Project,"(1, 3)",Physics & Astronomy,,
Phys 498,Senior Review,"(2, 2)",Physics & Astronomy,,
Phys 501,Intermediate Electromagnetic Theory I,"(3, 3)",Physics & Astronomy,,
Phys 502,Intermediate Electromagnetic Theory II,"(3, 3)",Physics & Astronomy,,
Phys 503,Selected Topics in Physics,"(3, 3)",Physics & Astronomy,,
Phys 507,Directed Research,"(1, 3)",Physics & Astronomy,,
Phys 510,Physics and Astronomy Colloquium,"(1, 1)",Physics & Astronomy,,
Phys 511,Physical Acoustics Seminar,"(1, 1)",Physics & Astronomy,,
Phys 514,Physics of Medical Imaging,"(3, 3)",Physics & Astronomy,,
Phys 521,Acoustics,"(3, 3)",Physics & Astronomy,,
Phys 522,Acoustics Laboratory,"(1, 1)",Physics & Astronomy,,
Phys 525,Ultrasonics,"(3, 3)",Physics & Astronomy,,
Phys 530,Independent Study in Physics I,"(1, 3)",Physics & Astronomy,,
Phys 532,Advanced Acoustics Laboratory,"(3, 3)",Physics & Astronomy,,
Phys 533,Survey of Topics in Physics I,"(3, 3)",Physics & Astronomy,,
Phys 534,Survey of Topics in Physics II,"(3, 3)",Physics & Astronomy,,
Phys 540,Introduction to Scientific Computing,"(3, 3)",Physics & Astronomy,,
Phys 605,Advanced Acoustics,"(3, 3)",Physics & Astronomy,,
Phys 607,Atomic and Nuclear Physics,"(3, 3)",Physics & Astronomy,,
Phys 629,Special Topics in Physics,"(3, 3)",Physics & Astronomy,,
Phys 630,Independent Study in Physics II,"(1, 3)",Physics & Astronomy,,
Phys 634,Electronics in Research,"(3, 3)",Physics & Astronomy,,
Phys 636,Advanced Physical Optics,"(3, 3)",Physics & Astronomy,,
Phys 637,Fluid Dynamics,"(3, 3)",Physics & Astronomy,,
Phys 651,Mathematical Methods of Physics I,"(3, 3)",Physics & Astronomy,,
Phys 652,Mathematical Methods of Physics II,"(3, 3)",Physics & Astronomy,,
Phys 695,Physics Research Project,"(1, 6)",Physics & Astronomy,,
Phys 697,Thesis Research in Physics,"(1, 12)",Physics & Astronomy,,
Phys 709,Advanced Mechanics I,"(3, 3)",Physics & Astronomy,,
Phys 710,Advanced Mechanics II,"(3, 3)",Physics & Astronomy,,
Phys 711,Quantum Mechanics I,"(3, 3)",Physics & Astronomy,,
Phys 712,Quantum Mechanics II,"(3, 3)",Physics & Astronomy,,
Phys 717,Modern Physics I,"(3, 3)",Physics & Astronomy,,
Phys 718,Modern Physics II,"(3, 3)",Physics & Astronomy,,
Phys 721,Advanced Electromagnetic Theory I,"(3, 3)",Physics & Astronomy,,
Phys 722,Advanced Electromagnetic Theory II,"(3, 3)",Physics & Astronomy,,
Phys 723,Nuclear Physics I,"(3, 3)",Physics & Astronomy,,
Phys 724,Nuclear Physics II,"(3, 3)",Physics & Astronomy,,
Phys 725,Solid State Physics I,"(3, 3)",Physics & Astronomy,,
Phys 726,Solid State Physics II,"(3, 3)",Physics & Astronomy,,
Phys 727,Adv Thermodynamics/Statistical Mech I,"(3, 3)",Physics & Astronomy,,
Phys 728,Adv Thermodynamics/Statistical Mech II,"(3, 3)",Physics & Astronomy,,
Phys 731,Quantum Field Theory I,"(3, 3)",Physics & Astronomy,,
Phys 732,Quantum Field Theory II,"(3, 3)",Physics & Astronomy,,
Phys 733,Elementary Particle Physics,"(3, 3)",Physics & Astronomy,,
Phys 735,Gravitational Physics,"(3, 3)",Physics & Astronomy,,
Phys 749,Advanced Topics in Physics,"(3, 3)",Physics & Astronomy,,
Phys 750,Independent Study in Physics III,"(1, 3)",Physics & Astronomy,,
Phys 795,Advanced Physics Research Project,"(1, 6)",Physics & Astronomy,,
Phys 797,Dissertation,"(1, 18)",Physics & Astronomy,,
Pian 100,Preparatory Piano,"(1, 1)",Music,,
Pian 121,Freshman Piano I,"(2, 2)",Music,,
Pian 122,Freshman Piano II,"(2, 2)",Music,,
Pian 221,Sophomore Piano I,"(2, 2)",Music,,
Pian 222,Sophomore Piano II,"(2, 2)",Music,,
Pian 241,Sophomore Piano Performance I,"(2, 2)",Music,,
Pian 242,Sophomore Piano Performance II,"(2, 2)",Music,,
Pian 321,Junior Piano I,"(2, 2)",Music,,
Pian 322,Junior Piano II,"(2, 2)",Music,,
Pian 341,Junior Piano Performance I,"(2, 2)",Music,,
Pian 342,Junior Piano Performance II,"(3, 3)",Music,,
Pian 421,Senior Piano I,"(2, 2)",Music,,
Pian 422,Senior Piano II,"(2, 2)",Music,,
Pian 441,Senior Piano Performance I,"(2, 2)",Music,,
Pian 442,Senior Piano Performance II,"(3, 3)",Music,,
Pian 521,Advanced Piano I,"(2, 2)",Music,,
Pian 522,Advanced Piano II,"(2, 2)",Music,,
Pian 541,Advanced Piano Performance I,"(2, 2)",Music,,
Pian 542,Advanced Piano Performance II,"(2, 2)",Music,,
Pian 621,Graduate Piano I,"(2, 2)",Music,,
Pian 622,Graduate Piano II,"(2, 2)",Music,,
Pian 641,Graduate Piano Performance I,"(2, 2)",Music,,
Pian 642,Graduate Piano Performance II,"(2, 2)",Music,,
Pkin 591,Pharmacokinetics Clerkship,"(4, 4)",Pharmacy Practice,,
Pmtm 591,Pharmacy Medication Therapy Management,"(4, 4)",Pharmacy Practice,,
Pois 591,Poison Control Clerkship,"(4, 4)",Pharmacy Practice,,
Pol 100,Orientation to the Major,"(1, 1)",Political Science,,
Pol 101,Introduction to American Politics,"(3, 3)",Political Science,,
Pol 102,Introduction to Comparative Politics,"(3, 3)",Political Science,,
Pol 103,Introduction to International Relations,"(3, 3)",Political Science,,
Pol 251,Intro to Political Science Methods,"(3, 3)",Political Science,,
Pol 300,Judicial Process,"(3, 3)",Political Science,,
Pol 303,The American Presidency,"(3, 3)",Political Science,,
Pol 304,American Legislative Process,"(3, 3)",Political Science,,
Pol 305,Judicial Behavior,"(3, 3)",Political Science,,
Pol 306,Const Law I:  Supreme Court & Const.,"(3, 3)",Political Science,,
Pol 307,Const Law II:  Civil Lib & Civil Rights,"(3, 3)",Political Science,,
Pol 308,Voting and Political Participation,"(3, 3)",Political Science,,
Pol 309,Public Opinion and Political Psychology,"(3, 3)",Political Science,,
Pol 310,Political Parties and Interest Groups,"(3, 3)",Political Science,,
Pol 311,Political Communication,"(3, 3)",Political Science,,
Pol 313,American Federalism,"(3, 3)",Political Science,,
Pol 315,Political Inequality,"(3, 3)",Political Science,,
Pol 316,State and Local Government and Politics,"(3, 3)",Political Science,,
Pol 317,Mississippi Politics,"(3, 3)",Political Science,,
Pol 318,Politics of the American South,"(3, 3)",Political Science,,
Pol 319,Minority Politics,"(3, 3)",Political Science,,
Pol 320,African American Politics,"(3, 3)",Political Science,,
Pol 321,Politics of Latin America,"(3, 3)",Political Science,,
Pol 322,Politics of Western Europe,"(3, 3)",Political Science,,
Pol 324,Politics of China,"(3, 3)",Political Science,,
Pol 326,Politics of Russia,"(3, 3)",Political Science,,
Pol 329,Transitions to Democracy,"(3, 3)",Political Science,,
Pol 331,International Organization,"(3, 3)",Political Science,,
Pol 332,Ethnic Conflict and International Terror,"(3, 3)",Political Science,,
Pol 334,Politics of the World Economy,"(3, 3)",Political Science,,
Pol 335,Intl. Politics of Nuclear Weapons,"(3, 3)",Political Science,,
Pol 336,Political Economy of Int'l Dev,"(3, 3)",Political Science,,
Pol 337,Asia in World Affairs,"(3, 3)",Political Science,,
Pol 338,Formulation of American Foreign Policy,"(3, 3)",Political Science,,
Pol 339,International Conflict,"(3, 3)",Political Science,,
Pol 340,Politics of East Asia,"(3, 3)",Political Science,,
Pol 341,German Politics,"(3, 3)",Political Science,,
Pol 342,Politics of Mexico and Central America,"(3, 3)",Political Science,,
Pol 343,Comparative Democratic Institutions,"(3, 3)",Political Science,,
Pol 344,Politics of Advanced Industrial Society,"(3, 3)",Political Science,,
Pol 346,Women and Politics,"(3, 3)",Political Science,,
Pol 348,Rule of Law in a Global Perspective,"(3, 3)",Political Science,,
Pol 349,Middle East Politics,"(3, 3)",Political Science,,
Pol 352,Quantitative Methods in Pol Sci,"(3, 3)",Political Science,,
Pol 363,War in World Politics,"(3, 3)",Political Science,,
Pol 364,Comparative Foreign Policy,"(3, 3)",Political Science,,
Pol 367,Policy Analysis,"(3, 3)",Political Science,,
Pol 370,African American Legal Experience,"(3, 3)",Political Science,,
Pol 371,Politics of Protest,"(3, 3)",Political Science,,
Pol 380,Topics in Political Science Abroad,"(1, 6)",Political Science,,
Pol 386,European Political Economy,"(3, 3)",Political Science,,
Pol 387,Political Economy of East Asia,"(3, 3)",Political Science,,
Pol 389,Internship in Government,"(1, 6)",Political Science,,
Pol 391,Applied Politics,"(3, 3)",Political Science,,
Pol 398,Special Topics in Political Science,"(1, 6)",Political Science,,
Pol 399,Readings & Research in Political Science,"(1, 3)",Political Science,,
Pol 401,Senior Seminar in American Politics,"(3, 3)",Political Science,,
Pol 421,Senior Seminar in Comparative Politics,"(3, 3)",Political Science,,
Pol 431,Senior Seminar in International Politics,"(3, 3)",Political Science,,
Pol 490,Directed Readings in Political Science,"(3, 3)",Political Science,,
Pol 491,Directed Research in Political Science,"(3, 3)",Political Science,,
Pol 492,Mock Trial,"(1, 1)",Political Science,,
Pol 500,Seminar in American Politics,"(3, 3)",Political Science,,
Pol 523,Theories of Comparative Pol Analysis,"(3, 3)",Political Science,,
Pol 531,Seminar in International Relations,"(3, 3)",Political Science,,
Pol 550,Research in Politics,"(3, 3)",Political Science,,
Pol 551,Empirical Political Analysis,"(3, 3)",Political Science,,
Pol 552,Applied Political Research,"(3, 3)",Political Science,,
Pol 598,Special Topics in Political Science,"(3, 3)",Political Science,,
Pol 696,Advanced Readings,"(3, 3)",Political Science,,
Pol 697,Thesis,"(1, 12)",Political Science,,
Pol 699,Readings/Research,"(3, 3)",Political Science,,
Pol 702,Seminar in Judicial Politics,"(3, 3)",Political Science,,
Pol 703,Seminar in American Legislative Politics,"(3, 3)",Political Science,,
Pol 704,Seminar in Executive Politics,"(3, 3)",Political Science,,
Pol 712,Seminar in American Political Parties,"(3, 3)",Political Science,,
Pol 713,Seminar in State Politics and Policy,"(3, 3)",Political Science,,
Pol 714,Seminar in Pol Participation & Voting,"(3, 3)",Political Science,,
Pol 715,Seminar in Public Opinion & Pol Psy,"(3, 3)",Political Science,,
Pol 721,Seminar in European Comparative Gov,"(3, 3)",Political Science,,
Pol 722,Seminar in Pol Dev & Change,"(3, 3)",Political Science,,
Pol 723,Regime Change and Democratization,"(3, 3)",Political Science,,
Pol 724,Seminar in Asian Government,"(3, 3)",Political Science,,
Pol 726,Comparative Bureaucracies,"(3, 3)",Political Science,,
Pol 728,Seminar in Comp Parties & Elections,"(3, 3)",Political Science,,
Pol 729,Political Conflict and Violence,"(3, 3)",Political Science,,
Pol 730,Comparative Democratic Institutions,"(3, 3)",Political Science,,
Pol 735,International Conflict,"(3, 3)",Political Science,,
Pol 737,Seminar in Int'l Political Economy,"(3, 3)",Political Science,,
Pol 738,Intrastate War,"(3, 3)",Political Science,,
Pol 739,Int'l Organizations and Cooperation,"(3, 3)",Political Science,,
Pol 795,Research Practicum,"(3, 3)",Political Science,,
Pol 796,Dissertation Prospectus,"(1, 6)",Political Science,,
Pol 797,Dissertation,"(1, 18)",Political Science,,
Pol 798,Special Topics in Political Science,"(3, 3)",Political Science,,
Port 101,Elementary Portuguese I,"(3, 3)",Modern Languages,,
Port 102,Elementary Portuguese II,"(3, 3)",Modern Languages,,
Port 111,Intensive Elementary Portuguese,"(6, 6)",Modern Languages,,
Port 198,Elementary Portuguese Study Abroad,"(1, 12)",Modern Languages,,
Port 199,Special Topics in Portuguese,"(1, 6)",Modern Languages,,
Port 201,Intermediate Portuguese I,"(3, 3)",Modern Languages,,
Port 202,Intermediate Portuguese II,"(3, 3)",Modern Languages,,
Port 211,Intensive Intermediate Portuguese,"(6, 6)",Modern Languages,,
Port 298,Intermediate Portuguese Study Abroad,"(1, 12)",Modern Languages,,
Port 301,Conversation and Composition I,"(3, 3)",Modern Languages,,
Port 302,Conversation and Composition II,"(3, 3)",Modern Languages,,
Port 309,Portuguese for Other Rom Lang Speakers I,"(3, 3)",Modern Languages,,
Port 310,Portuguese for Other Rom Lang Speaker II,"(3, 3)",Modern Languages,,
Port 311,Business Portuguese,"(3, 3)",Modern Languages,,
Port 321,Brazilian Culture & Civilization,"(3, 3)",Modern Languages,,
Port 331,Intro Brazilian Lit & Literary Analysis,"(3, 3)",Modern Languages,,
Port 361,Brazilian Cinema,"(3, 3)",Modern Languages,,
Port 398,Advanced Portuguese Study Abroad,"(1, 12)",Modern Languages,,
Port 399,Special Topics in Portuguese,"(3, 3)",Modern Languages,,
Port 611,Portuguese for Reading,"(3, 3)",Modern Languages,,
PPL 101,Foundations of Public Policy Leadership,"(3, 3)",Public Policy Leadership,,
PPL 210,Public Policy & Quantitative Analysis,"(3, 3)",Public Policy Leadership,,
PPL 211,Reading Seminar,"(1, 1)",Public Policy Leadership,,
PPL 212,"Critical Thinking, Comm & Public Policy","(3, 3)",Public Policy Leadership,,
PPL 298,Topics in Public Policy Leadership,"(3, 3)",Public Policy Leadership,,
PPL 300,Public Policy and Ethics,"(3, 3)",Public Policy Leadership,,
PPL 310,Public Policy Design and Analysis,"(3, 3)",Public Policy Leadership,,
PPL 320,Issues in Global Economics,"(3, 3)",Public Policy Leadership,,
PPL 328,The Corporation and Public Policy,"(3, 3)",Public Policy Leadership,,
PPL 329,Economic Geographies of Globalization,"(3, 3)",Public Policy Leadership,,
PPL 330,Global Border Policies,"(3, 3)",Public Policy Leadership,,
PPL 331,Political Philosophy,"(3, 3)",Public Policy Leadership,,
PPL 340,Philosophical Foundation of Human Rights,"(3, 3)",Public Policy Leadership,,
PPL 342,Philosophy & Diversity in Public Policy,"(3, 3)",Public Policy Leadership,,
PPL 343,Punishment Policy,"(3, 3)",Public Policy Leadership,,
PPL 345,Environmental Ethics,"(3, 3)",Public Policy Leadership,,
PPL 360,"Global Perspectives, Issues, & Policies","(3, 3)",Public Policy Leadership,,
PPL 361,Disaster Policy,"(3, 3)",Public Policy Leadership,,
PPL 362,Homeland Security Policy,"(3, 3)",Public Policy Leadership,,
PPL 363,Early Childhood Policy in the U.S.,"(3, 3)",Public Policy Leadership,,
PPL 370,Philosophy of Leadership,"(3, 3)",Public Policy Leadership,,
PPL 371,Nonprofit Organizations,"(3, 3)",Public Policy Leadership,,
PPL 372,Introduction to Public Administration,"(3, 3)",Public Policy Leadership,,
PPL 373,Leadership in Public Policy Setting,"(3, 3)",Public Policy Leadership,,
PPL 374,Grant Writing for Nonprofits,"(3, 3)",Public Policy Leadership,,
PPL 375,Regional Economic Development,"(3, 3)",Public Policy Leadership,,
PPL 376,Policymaking and Governance in China,"(3, 3)",Public Policy Leadership,,
PPL 377,Women and Public Policy in the U.S.,"(3, 3)",Public Policy Leadership,,
PPL 378,Geographies of Conservatism,"(3, 3)",Public Policy Leadership,,
PPL 380,World Regions: Geography and Policy,"(3, 3)",Public Policy Leadership,,
PPL 381,Global Environmental Issues,"(3, 3)",Public Policy Leadership,,
PPL 382,Geography of Religion and Belief Systems,"(3, 3)",Public Policy Leadership,,
PPL 383,Social Policy,"(3, 3)",Public Policy Leadership,,
PPL 384,"Civic Engagement, Pub Policy & Dem in US","(3, 3)",Public Policy Leadership,,
PPL 385,Food Policy & Agriculture Systems,"(3, 3)",Public Policy Leadership,,
PPL 386,"Science, Technology, & Public Policy","(3, 3)",Public Policy Leadership,,
PPL 387,Education Policy,"(3, 3)",Public Policy Leadership,,
PPL 388,Public Policies of European Union,"(3, 3)",Public Policy Leadership,,
PPL 389,Policy Response to Poverty in the U.S.,"(3, 3)",Public Policy Leadership,,
PPL 390,Health Policy,"(3, 3)",Public Policy Leadership,,
PPL 398,Problems in Public Policy Leadership,"(3, 3)",Public Policy Leadership,,
PPL 399,Advanced Quantitative Methods,"(3, 3)",Public Policy Leadership,,
PPL 401,Directed Readings in PPL,"(3, 3)",Public Policy Leadership,,
PPL 402,Thesis I,"(3, 3)",Public Policy Leadership,,
PPL 403,Thesis II,"(3, 3)",Public Policy Leadership,,
PPL 490,Individual Study,"(3, 3)",Public Policy Leadership,,
PPL 491,Topics in Leadership/Organization,"(3, 3)",Public Policy Leadership,,
PPL 492,Topics in Domestic Policies,"(3, 3)",Public Policy Leadership,,
PPL 493,Topics in International Policies,"(3, 3)",Public Policy Leadership,,
PPL 495,State Government Policy Process,"(3, 3)",Public Policy Leadership,,
PPL 497,Washington Policy Process,"(3, 3)",Public Policy Leadership,,
PPL 498,Special Topics,"(3, 3)",Public Policy Leadership,,
PPL 499,Internship,"(3, 6)",Public Policy Leadership,,
Prct 357,Advocacy and Leadership in Pharmacy,"(2, 2)",Pharmacy Practice,,
Prct 358,Geriatrics,"(2, 2)",Pharmacy Practice,,
Prct 359,Tobacco Cessation Education,"(1, 1)",Pharmacy Practice,,
Prct 360,Personal Time Mngment for Pharm Students,"(2, 2)",Pharmacy Practice,,
Prct 361,Vaccine-preventable Illnesses/Travel med,"(1, 1)",Pharmacy Practice,,
Prct 362,Veterinary Pharmacy,"(2, 2)",Pharmacy Practice,,
Prct 363,"Pharmacy, Microcontrollers & the Interne","(1, 1)",Pharmacy Practice,,
Prct 470,Introduction to Nuclear Pharmacy,"(1, 1)",Pharmacy Practice,,
Prct 471,Advanced Topics in Cardiology,"(2, 2)",Pharmacy Practice,,
Prct 472,Life After Graduation,"(2, 2)",Pharmacy Practice,,
Prct 473,Beyond Dispensing,"(2, 2)",Pharmacy Practice,,
Prct 474,Advanced Infectious Diseases,"(2, 2)",Pharmacy Practice,,
Prct 475,Nutrition Support,"(2, 2)",Pharmacy Practice,,
Prct 476,Wellbeing & Resiliency for Student Pharm,"(2, 2)",Pharmacy Practice,,
Prct 480,Introduction to Global Health & Pharmacy,"(2, 2)",Pharmacy Practice,,
Prct 481,Comparative Health Systems,"(2, 2)",Pharmacy Practice,,
Prct 486,Resiliency in Professional Life,"(2, 2)",Pharmacy Practice,,
Prct 488,Advanced Topics in Diabetes Care,"(2, 2)",Pharmacy Practice,,
Prct 489,Advanced Topics Critical & Emergent Care,"(2, 2)",Pharmacy Practice,,
Prct 490,Landmark Trials,"(2, 2)",Pharmacy Practice,,
Prct 541,Problems in Clinical Pharmacy,"(2, 2)",Pharmacy Practice,,
Prct 552,Preventive Medicine and Public Health,"(2, 2)",Pharmacy Practice,,
Prct 555,Pharmaceutical Care I: Knowledge & Compr,"(2, 2)",Pharmacy Practice,,
Prct 556,Pharmaceutical Care I: Problem-Solvin,"(2, 2)",Pharmacy Practice,,
Prct 557,Pharmaceutical Care I: Group,"(3, 3)",Pharmacy Practice,,
Prct 558,Pharmaceutical Care II:Knowledge & Comp,"(2, 2)",Pharmacy Practice,,
Prct 559,Pharmaceutical Care II: Problem-Solving,"(2, 2)",Pharmacy Practice,,
Prct 560,Pharmaceutical Care II: Group,"(3, 3)",Pharmacy Practice,,
Prct 561,Pharmaceutical Care III:Knowledge & Comp,"(2, 2)",Pharmacy Practice,,
Prct 562,Pharmaceutical Care III: Problem-Solving,"(2, 2)",Pharmacy Practice,,
Prct 563,Pharmaceutical Care III:  Group,"(3, 3)",Pharmacy Practice,,
Prct 564,Pharmaceutical Care IV: Knowledge & Comp,"(2, 2)",Pharmacy Practice,,
Prct 565,Pharmaceutical Care IV: Problem-Solving,"(2, 2)",Pharmacy Practice,,
Prct 568,Pediatric Pharmacotherapy,"(2, 2)",Pharmacy Practice,,
Prct 569,Pharmaceutical Care IV:  Group,"(3, 3)",Pharmacy Practice,,
Prct 570,Patient-Caregiver-Provider Education,"(2, 2)",Pharmacy Practice,,
Prct 577,Practice Skills Laboratory V,"(2, 2)",Pharmacy Practice,,
Prct 599,Clinical Trials Skills,"(3, 3)",Pharmacy Practice,,
Psy 100,Orientation to the Major,"(1, 1)",Psychology,,
Psy 110,Seminar in Psychology,"(1, 3)",Psychology,,
Psy 199,Topics in Psychology Abroad I,"(1, 6)",Psychology,,
Psy 201,Introduction to Psychology,"(3, 3)",Psychology,,
Psy 202,Statistics for Behavioral Sciences,"(3, 3)",Psychology,,
Psy 203,Self Management for Your Personal Life,"(1, 1)",Psychology,,
Psy 205,Research Methods in Psychology,"(3, 3)",Psychology,,
Psy 299,Topics in Psychology Abroad II,"(1, 6)",Psychology,,
Psy 301,Developmental Psychology,"(3, 3)",Psychology,,
Psy 303,Intermed. Statistical Methods for Psy,"(3, 3)",Psychology,,
Psy 308,Industrial Psychology,"(3, 3)",Psychology,,
Psy 309,Learning,"(3, 3)",Psychology,,
Psy 311,Psychopathology: Integrative Approaches,"(3, 3)",Psychology,,
Psy 313,Experimental Analysis of Behavior,"(3, 3)",Psychology,,
Psy 315,Personality,"(3, 3)",Psychology,,
Psy 317,Tests and Measurements,"(3, 3)",Psychology,,
Psy 319,Brain and Behavior,"(3, 3)",Psychology,,
Psy 320,Cognitive Psychology,"(3, 3)",Psychology,,
Psy 321,Social Psychology,"(3, 3)",Psychology,,
Psy 322,Drugs and Behavior,"(3, 3)",Psychology,,
Psy 323,Applied Behavior Analysis,"(3, 3)",Psychology,,
Psy 324,Psychology of Emotion,"(3, 3)",Psychology,,
Psy 326,Sensation and Perception,"(3, 3)",Psychology,,
Psy 327,Psychology and Law,"(3, 3)",Psychology,,
Psy 328,Ethics in Behavioral Practice & Research,"(3, 3)",Psychology,,
Psy 340,Multicultural Psychology,"(3, 3)",Psychology,,
Psy 344,Moral Psychology,"(3, 3)",Psychology,,
Psy 350,Ecopsychology and International Youth,"(3, 3)",Psychology,,
Psy 353,Black Psychology,"(3, 3)",Psychology,,
Psy 360,Psychology of Human Sexuality,"(3, 3)",Psychology,,
Psy 365,Environmental Psychology,"(3, 3)",Psychology,,
Psy 390,Lab in Psy: Behavioral Neuroscience,"(3, 3)",Psychology,,
Psy 392,Lab in Psy:  Experimental Social Psy,"(3, 3)",Psychology,,
Psy 394,Lab in Psy: Cognition and Perception,"(3, 3)",Psychology,,
Psy 396,Laboratory in Psychology,"(3, 3)",Psychology,,
Psy 399,Topics in Psychology Abroad III,"(1, 6)",Psychology,,
Psy 401,Undergraduate Internship in Psychology,"(1, 3)",Psychology,,
Psy 402,Psychology Teaching Internship I,"(1, 3)",Psychology,,
Psy 403,Psychology Teaching Internship II,"(1, 3)",Psychology,,
Psy 404,Teaching Experience,"(0, 0)",Psychology,,
Psy 405,Research Problems I,"(1, 3)",Psychology,,
Psy 406,Research Problems II,"(1, 3)",Psychology,,
Psy 408,Research Internship in Behavior Analysis,"(1, 3)",Psychology,,
Psy 410,Health Psychology,"(3, 3)",Psychology,,
Psy 411,Memory,"(3, 3)",Psychology,,
Psy 412,Sports Psychology,"(3, 3)",Psychology,,
Psy 415,Introduction to Clinical Psychology,"(3, 3)",Psychology,,
Psy 417,Disasters and Mental Health,"(3, 3)",Psychology,,
Psy 419,Psychology of Parenting,"(3, 3)",Psychology,,
Psy 420,Readings and Research in Psychology I,"(1, 3)",Psychology,,
Psy 421,Readings and Research in Psychology II,"(1, 3)",Psychology,,
Psy 422,Research Experience,"(0, 0)",Psychology,,
Psy 423,Behaviorism: History & Theory,"(3, 3)",Psychology,,
Psy 425,Depictions of Psychopathology in Culture,"(3, 3)",Psychology,,
Psy 430,Positive Psychology,"(3, 3)",Psychology,,
Psy 451,History and Systems of Psychology,"(3, 3)",Psychology,,
Psy 454,Special Topics in Psychology,"(3, 3)",Psychology,,
Psy 455,Special Topics in Psychology,"(3, 3)",Psychology,,
Psy 456,Integrative Special Topics,"(3, 3)",Psychology,,
Psy 457,Integrative Special Topics,"(3, 3)",Psychology,,
Psy 470,Children and Families: Community Work,"(3, 3)",Psychology,,
Psy 475,Topics in Psychology Abroad,"(3, 3)",Psychology,,
Psy 499,Topics in Psychology Abroad IV,"(1, 6)",Psychology,,
Psy 503,Adv Topics in Statistics for Psychology,"(3, 3)",Psychology,,
Psy 505,Conditioning and Learning,"(3, 3)",Psychology,,
Psy 506,Clinical Internship in Applied Behavior,"(3, 3)",Psychology,,
Psy 511,The Neural Basis of Learning & Memory,"(3, 3)",Psychology,,
Psy 519,Group Dynamics,"(3, 3)",Psychology,,
Psy 530,Single Subject & Sm Grp Research Design,"(3, 3)",Psychology,,
Psy 531,Sensation and Perception,"(3, 3)",Psychology,,
Psy 532,Attention and Consciousness,"(3, 3)",Psychology,,
Psy 541,Intellectual Disability & Dev. Disorders,"(3, 3)",Psychology,,
Psy 553,Theories of Learning,"(3, 3)",Psychology,,
Psy 561,Cross-Cultural Training,"(3, 3)",Psychology,,
Psy 565,Psychology of Gender,"(3, 3)",Psychology,,
Psy 575,Psychosocial Aspects of Aging,"(3, 3)",Psychology,,
Psy 609,Behavior Modification,"(3, 3)",Psychology,,
Psy 637,Seminar in Clinical Psychology,"(3, 6)",Psychology,,
Psy 653,Human Physiological Recording,"(3, 3)",Psychology,,
Psy 697,Thesis,"(1, 12)",Psychology,,
Psy 701,Seminar,"(3, 3)",Psychology,,
Psy 703,Quantitative Methods in Psychology I,"(3, 3)",Psychology,,
Psy 704,Quantitative Methods in Psychology II,"(3, 3)",Psychology,,
Psy 705,Advanced Statistics,"(3, 3)",Psychology,,
Psy 706,Method and Theory in Program Evaluation,"(3, 3)",Psychology,,
Psy 707,Advanced Cognitive Psychology,"(3, 3)",Psychology,,
Psy 708,Advanced Multicultural Psychology,"(3, 3)",Psychology,,
Psy 709,Advanced Conditioning and Learning,"(3, 3)",Psychology,,
Psy 710,Cognitive Assessment,"(3, 3)",Psychology,,
Psy 712,Advanced Social Psychology,"(3, 3)",Psychology,,
Psy 713,Advanced Social Cognition,"(3, 3)",Psychology,,
Psy 714,Behavior Therapy,"(3, 3)",Psychology,,
Psy 715,Physiological Psychology,"(3, 3)",Psychology,,
Psy 716,Psychopharmacology,"(3, 3)",Psychology,,
Psy 717,Individual Experimental Research,"(1, 3)",Psychology,,
Psy 718,Advanced Developmental Psychology,"(3, 3)",Psychology,,
Psy 719,Tests and Measurements,"(3, 3)",Psychology,,
Psy 720,Introduction to Clinical Practicum,"(3, 3)",Psychology,,
Psy 721,Seminar,"(1, 3)",Psychology,,
Psy 722,Clinical Assessment Practicum,"(3, 3)",Psychology,,
Psy 723,Clinical Practicum I,"(3, 3)",Psychology,,
Psy 724,Clinical Practicum II,"(3, 3)",Psychology,,
Psy 725,Clinical Practicum III,"(3, 3)",Psychology,,
Psy 726,Clinical Practicum IV,"(3, 3)",Psychology,,
Psy 727,Theories of Personality,"(3, 3)",Psychology,,
Psy 728,Clinical Practicum V: Field Placement,"(3, 3)",Psychology,,
Psy 729,Advanced Psychopathology,"(3, 3)",Psychology,,
Psy 730,Evidence-based Clinical Interventions,"(3, 3)",Psychology,,
Psy 731,Theories of Psychotherapy,"(3, 3)",Psychology,,
Psy 733,Behavior Problems in Children,"(3, 3)",Psychology,,
Psy 735,Seminar on College Teaching,"(3, 3)",Psychology,,
Psy 740,Adv Evidence-Based Clinical Intervention,"(3, 3)",Psychology,,
Psy 741,Ethics & Prof Standards of Clinical Psyc,"(3, 3)",Psychology,,
Psy 747,Problems in Psychology,"(1, 3)",Psychology,,
Psy 748,Research Design,"(3, 3)",Psychology,,
Psy 750,Peer Supervision of Clinical Practicum,"(3, 3)",Psychology,,
Psy 751,History and Systems of Psychology,"(3, 3)",Psychology,,
Psy 755,Psychology Colloquium,"(1, 1)",Psychology,,
Psy 759,Clinical-Disaster Psychology,"(3, 3)",Psychology,,
Psy 790,Clinical Staffing,"(1, 1)",Psychology,,
Psy 797,Dissertation,"(1, 18)",Psychology,,
Psy 798,Psychology Internship,"(1, 3)",Psychology,,
Psyc 591,Psychiatry Clerkship,"(4, 4)",Pharmacy Practice,,
Pubh 591,Public Health Advanced Pharmacy Practice,"(4, 4)",Pharmacy Practice,,
Rel 101,Introduction to Religion,"(3, 3)",Philosophy & Religion,,
Rel 102,Introduction to Asian Religions,"(3, 3)",Philosophy & Religion,,
Rel 103,"Intro to Judaism, Christianity and Islam","(3, 3)",Philosophy & Religion,,
Rel 300,Comparative World Religions,"(3, 3)",Philosophy & Religion,,
Rel 307,Topics in Medieval Philosophy,"(3, 3)",Philosophy & Religion,,
Rel 308,Buddhism,"(3, 3)",Philosophy & Religion,,
Rel 309,The Dead Sea Scrolls,"(3, 3)",Philosophy & Religion,,
Rel 310,Hebrew Bible/Old Testament,"(3, 3)",Philosophy & Religion,,
Rel 312,The New Testament & Early Christianity,"(3, 3)",Philosophy & Religion,,
Rel 313,The Book of Job,"(3, 3)",Philosophy & Religion,,
Rel 315,Jesus and the Gospels,"(3, 3)",Philosophy & Religion,,
Rel 320,Hinduism,"(3, 3)",Philosophy & Religion,,
Rel 323,Islam,"(3, 3)",Philosophy & Religion,,
Rel 325,Chinese Religions: Confucianism & Daoism,"(3, 3)",Philosophy & Religion,,
Rel 326,Saints and Sexuality,"(3, 3)",Philosophy & Religion,,
Rel 328,Biomedical Ethics,"(3, 3)",Philosophy & Religion,,
Rel 330,Racism and Religion,"(3, 3)",Philosophy & Religion,,
Rel 335,Self-Harm in Religion,"(3, 3)",Philosophy & Religion,,
Rel 340,Travel and Tourism in Religion,"(3, 3)",Philosophy & Religion,,
Rel 342,Jesus and Muhammad,"(3, 3)",Philosophy & Religion,,
Rel 345,St. Paul and His Letters,"(3, 3)",Philosophy & Religion,,
Rel 350,"Jews, Judaism, and Anti-Semitism","(3, 3)",Philosophy & Religion,,
Rel 351,Philosophy of Religion,"(3, 3)",Philosophy & Religion,,
Rel 353,Great Books in East Asian Religions,"(3, 3)",Philosophy & Religion,,
Rel 358,Religious Implications of the Holocaust,"(3, 3)",Philosophy & Religion,,
Rel 360,Philosophical Issues: Science & Religion,"(3, 3)",Philosophy & Religion,,
Rel 366,"Sex, Gender, and the Bible","(3, 3)",Philosophy & Religion,,
Rel 367,Global Female Prophecy,"(3, 3)",Philosophy & Religion,,
Rel 368,"Feminism, Women, and Religion","(3, 3)",Philosophy & Religion,,
Rel 370,Topics in Biblical Studies,"(3, 3)",Philosophy & Religion,,
Rel 372,Rise of Christianity,"(3, 3)",Philosophy & Religion,,
Rel 375,Christianity in America,"(3, 3)",Philosophy & Religion,,
Rel 376,Revelation and End Times,"(3, 3)",Philosophy & Religion,,
Rel 377,Angels and Afterlife,"(3, 3)",Philosophy & Religion,,
Rel 378,Global Christianity,"(3, 3)",Philosophy & Religion,,
Rel 380,Community-Based Internship,"(3, 3)",Philosophy & Religion,,
Rel 386,Religion and Film,"(3, 3)",Philosophy & Religion,,
Rel 387,Religious Ethics: Issues and Methods,"(3, 3)",Philosophy & Religion,,
Rel 390,Nature and Environment in Asian Religion,"(3, 3)",Philosophy & Religion,,
Rel 395,Topics in Religious Studies,"(3, 3)",Philosophy & Religion,,
Rel 396,Philosophical Topics in Religion,"(3, 3)",Philosophy & Religion,,
Rel 399,Topics in Religion Abroad,"(1, 6)",Philosophy & Religion,,
Rel 490,Directed Readings in Religion,"(3, 3)",Philosophy & Religion,,
Rel 491,Honors Thesis,"(3, 3)",Philosophy & Religion,,
Rel 497,Advanced Seminar in Religious Studies,"(3, 3)",Philosophy & Religion,,
Rel 601,Topics in Religious Studies,"(1, 3)",Philosophy & Religion,,
Rhet 201,Introduction to Rhetoric,"(3, 3)",Writing & Rhetoric,,
Rhet 325,Research Methods in Rhetoric,"(3, 3)",Writing & Rhetoric,,
Rhet 330,Queer Rhetorics,"(3, 3)",Writing & Rhetoric,,
Rhet 389,"Internship in Writing, Rhetoric, Speech","(3, 6)",Writing & Rhetoric,,
Rhet 399,Special Topics,"(3, 3)",Writing & Rhetoric,,
Rhet 411,Political Rhetoric,"(3, 3)",Writing & Rhetoric,,
Rhet 442,Feminist Rhetorics,"(3, 3)",Writing & Rhetoric,,
Rhet 477,Rhetorics of Race in the US South,"(3, 3)",Writing & Rhetoric,,
Rsch 591,Research Advanced Pharmacy Practice Exp,"(4, 4)",Pharmacy Practice,,
Russ 101,Elementary Russian I,"(3, 3)",Modern Languages,,
Russ 102,Elementary Russian II,"(3, 3)",Modern Languages,,
Russ 111,Intensive Elementary Russian,"(6, 6)",Modern Languages,,
Russ 198,Elementary Russian Study Abroad,"(1, 12)",Modern Languages,,
Russ 199,Special Topics in Russian,"(1, 6)",Modern Languages,,
Russ 201,Intermediate Russian I,"(3, 3)",Modern Languages,,
Russ 202,Intermediate Russian II,"(3, 3)",Modern Languages,,
Russ 211,Intensive Elementary Russian,"(6, 6)",Modern Languages,,
Russ 298,Intermediate Russian Study Abroad,"(1, 12)",Modern Languages,,
Russ 299,Special Topics in Russian,"(1, 6)",Modern Languages,,
Russ 301,Conversation and Composition I,"(3, 3)",Modern Languages,,
Russ 302,Conversation and Composition II,"(3, 3)",Modern Languages,,
Russ 310,Russian Special Topics,"(3, 3)",Modern Languages,,
Russ 321,Russian Culture & Civilization,"(3, 3)",Modern Languages,,
Russ 331,Intro to Russian Lit & Literary Analysis,"(3, 3)",Modern Languages,,
Russ 361,Russian Cinema,"(3, 3)",Modern Languages,,
Russ 398,Advanced Russian Study Abroad,"(1, 12)",Modern Languages,,
Russ 399,Special Topics in Russian,"(3, 3)",Modern Languages,,
Russ 401,Advanced Russian I,"(3, 3)",Modern Languages,,
Russ 402,Advanced Russian II,"(3, 3)",Modern Languages,,
Russ 411,Political Russian,"(3, 3)",Modern Languages,,
Russ 499,Advanced Topics in Russian,"(3, 3)",Modern Languages,,
Russ 501,Contemporary Russian,"(3, 3)",Modern Languages,,
Russ 611,Intensive Elem Russian for Graduate St,"(3, 6)",Modern Languages,,
S St 101,Introduction to Southern Studies I,"(3, 3)",Center For The Study Of Southern Culture,,
S St 103,Southern Mythologies and Popular Culture,"(3, 3)",Center For The Study Of Southern Culture,,
S St 104,The South and Race,"(3, 3)",Center For The Study Of Southern Culture,,
S St 105,Introduction to the South and Food,"(3, 3)",Center For The Study Of Southern Culture,,
S St 106,Introduction to Southern Documentary,"(3, 3)",Center For The Study Of Southern Culture,,
S St 107,Intro to Gender & Sexuality in the South,"(3, 3)",Center For The Study Of Southern Culture,,
S St 108,Music and Southern Society,"(3, 3)",Center For The Study Of Southern Culture,,
S St 109,Rights and Southern Activism,"(3, 3)",Center For The Study Of Southern Culture,,
S St 110,Slavery and the University,"(3, 3)",Center For The Study Of Southern Culture,,
S St 118,Introductory Topics in Southern Music,"(3, 3)",Center For The Study Of Southern Culture,,
S St 314,"Race, Place, and Space","(3, 3)",Center For The Study Of Southern Culture,,
S St 334,Introduction to Field Work Techniques,"(3, 3)",Center For The Study Of Southern Culture,,
S St 350,The South and Sexuality,"(3, 3)",Center For The Study Of Southern Culture,,
S St 401,Southern Studies Seminar,"(3, 3)",Center For The Study Of Southern Culture,,
S St 403,Internship,"(3, 3)",Center For The Study Of Southern Culture,,
S St 533,Fieldwork & Oral History,"(3, 3)",Center For The Study Of Southern Culture,,
S St 534,Documentary Photography,"(3, 3)",Center For The Study Of Southern Culture,,
S St 535,Anthropological Films,"(3, 3)",Center For The Study Of Southern Culture,,
S St 536,The Southern Environment,"(3, 3)",Center For The Study Of Southern Culture,,
S St 537,Documenting the South in Film,"(3, 3)",Center For The Study Of Southern Culture,,
S St 538,Advanced Documentary Film/South,"(3, 3)",Center For The Study Of Southern Culture,,
S St 539,Techniques of Documentary Production,"(3, 3)",Center For The Study Of Southern Culture,,
S St 540,Photographing Place in the U.S. South,"(3, 3)",Center For The Study Of Southern Culture,,
S St 544,Advanced Documentary Photography,"(3, 3)",Center For The Study Of Southern Culture,,
S St 555,Foodways and Southern Culture,"(3, 3)",Center For The Study Of Southern Culture,,
S St 556,Heritage Tourism in the South,"(3, 3)",Center For The Study Of Southern Culture,,
S St 560,Oral History of Southern Social Movement,"(3, 3)",Center For The Study Of Southern Culture,,
S St 596,Queer Mississippi,"(3, 3)",Center For The Study Of Southern Culture,,
S St 597,Special Topics I,"(3, 3)",Center For The Study Of Southern Culture,,
S St 598,Special Topics II,"(3, 3)",Center For The Study Of Southern Culture,,
S St 599,Special Topics III,"(3, 3)",Center For The Study Of Southern Culture,,
S St 601,Southern Studies Graduate Seminar I,"(3, 3)",Center For The Study Of Southern Culture,,
S St 602,Southern Studies Graduate Seminar II,"(3, 3)",Center For The Study Of Southern Culture,,
S St 603,Internship,"(3, 9)",Center For The Study Of Southern Culture,,
S St 605,Advanced Individual Study,"(3, 3)",Center For The Study Of Southern Culture,,
S St 610,MFA Seminar,"(3, 3)",Center For The Study Of Southern Culture,,
S St 611,Regionalism,"(3, 3)",Center For The Study Of Southern Culture,,
S St 612,Globalization and the U.S. South,"(3, 3)",Center For The Study Of Southern Culture,,
S St 633,MFA Fieldwork,"(3, 3)",Center For The Study Of Southern Culture,,
S St 638,MFA Documentary Post-Production,"(3, 3)",Center For The Study Of Southern Culture,,
S St 697,Thesis,"(1, 12)",Center For The Study Of Southern Culture,,
S St 698,MFA Thesis Hours,"(3, 3)",Center For The Study Of Southern Culture,,
S St 699,Documentary Workshop,"(1, 1)",Center For The Study Of Southern Culture,,
SA 511,Applied Statistics,"(3, 3)","Health, Exercise Sci & Recreation Mgmt",,
SA 601,Measurement and Evaluation in Sport,"(3, 3)","Health, Exercise Sci & Recreation Mgmt",,
SA 602,Predictive Analytics in Sport,"(3, 3)","Health, Exercise Sci & Recreation Mgmt",,
SA 603,Big Data Analytics and Data Management,"(3, 3)","Health, Exercise Sci & Recreation Mgmt",,
SA 604,Quan and Qual Research Methods,"(3, 3)","Health, Exercise Sci & Recreation Mgmt",,
SA 605,Comm & Data Visualization in Sport,"(3, 3)","Health, Exercise Sci & Recreation Mgmt",,
SA 611,Sport Business,"(3, 3)","Health, Exercise Sci & Recreation Mgmt",,
SA 612,Sport Economic Analytics,"(3, 3)","Health, Exercise Sci & Recreation Mgmt",,
SA 613,Machine Learning in Sport,"(3, 3)","Health, Exercise Sci & Recreation Mgmt",,
SA 621,Data Analytics in Strength & Conditionin,"(3, 3)","Health, Exercise Sci & Recreation Mgmt",,
SA 622,Phys Aspects of Sport Perform & Monitor,"(3, 3)","Health, Exercise Sci & Recreation Mgmt",,
SA 623,Data Based Preven & Mgmt of Sport Injury,"(3, 3)","Health, Exercise Sci & Recreation Mgmt",,
SA 693,Sport Analytics Capstone,"(3, 3)","Health, Exercise Sci & Recreation Mgmt",,
SAS 101,Discovering Careers in Applied Sciences,"(1, 1)",,,
SAS 600,NCAA Governance,"(3, 3)",,,
SAS 601,Internal Ops - Intercollegiate Athletics,"(3, 3)",,,
SAS 602,External Ops - Intercollegiate Athletics,"(3, 3)",,,
SAS 603,Leadership in Intercollegiate Athletics,"(3, 3)",,,
SAS 604,"Academic Advising, Support in Athletics","(3, 3)",,,
SAS 605,"Eligibility, PTD and Certification","(3, 3)",,,
SAS 606,Academic Reform and APP,"(3, 3)",,,
SAS 607,NCAA Rules & Monitoring Systems,"(3, 3)",,,
SAS 608,NCAA Enforcement & Infractions Cases,"(3, 3)",,,
SAS 609,Contemporary Issues in NCAA Compliance,"(3, 3)",,,
Saxn 100,Preparatory Saxophone,"(1, 1)",Music,,
Saxn 121,Freshman Saxophone I,"(2, 2)",Music,,
Saxn 122,Freshman Saxophone II,"(2, 2)",Music,,
Saxn 221,Sophomore Saxophone I,"(2, 2)",Music,,
Saxn 222,Sophomore Saxophone II,"(2, 2)",Music,,
Saxn 241,Sophomore Saxophone Performance I,"(2, 2)",Music,,
Saxn 242,Sophomore Saxophone Performance II,"(2, 2)",Music,,
Saxn 321,Junior Saxophone I,"(2, 2)",Music,,
Saxn 322,Junior Saxophone II,"(2, 2)",Music,,
Saxn 341,Junior Saxophone Performance I,"(2, 2)",Music,,
Saxn 342,Junior Saxophone Performance II,"(3, 3)",Music,,
Saxn 421,Senior Saxophone I,"(2, 2)",Music,,
Saxn 422,Senior Saxophone II,"(2, 2)",Music,,
Saxn 441,Senior Saxophone Performance I,"(2, 2)",Music,,
Saxn 442,Senior Saxophone Performance II,"(3, 3)",Music,,
Saxn 521,Advanced Saxophone I,"(2, 2)",Music,,
Saxn 522,Advanced Saxophone II,"(2, 2)",Music,,
Saxn 541,Advanced Saxophone Performance I,"(2, 2)",Music,,
Saxn 542,Advanced Saxophone Performance II,"(2, 2)",Music,,
Saxn 621,Graduate Saxophone I,"(2, 2)",Music,,
Saxn 622,Graduate Saxophone II,"(2, 2)",Music,,
Saxn 641,Graduate Saxophone Performance I,"(2, 2)",Music,,
Saxn 642,Graduate Saxophone Performance II,"(2, 2)",Music,,
SBOP 591,State Board of Pharmacy Practice Exp,"(4, 4)",Pharmacy Practice,,
SM 194,Foundations of Sport Management,"(3, 3)","Health, Exercise Sci & Recreation Mgmt",,
SM 211,Sport Marketing,"(3, 3)","Health, Exercise Sci & Recreation Mgmt",,
SM 225,Design and Maintenance of Facilities,"(3, 3)","Health, Exercise Sci & Recreation Mgmt",,
SM 270,The Business of Sport,"(3, 3)","Health, Exercise Sci & Recreation Mgmt",,
SM 316,Christianity and Sport,"(3, 3)","Health, Exercise Sci & Recreation Mgmt",,
SM 321,Special Topics in Sport Management,"(3, 3)","Health, Exercise Sci & Recreation Mgmt",,
SM 330,Sport Governance and Policy,"(3, 3)","Health, Exercise Sci & Recreation Mgmt",,
SM 361,Study USA in Sport Management,"(3, 6)","Health, Exercise Sci & Recreation Mgmt",,
SM 362,Study Abroad in Sport Management,"(3, 6)","Health, Exercise Sci & Recreation Mgmt",,
SM 370,Sport Economics and Finance,"(3, 3)","Health, Exercise Sci & Recreation Mgmt",,
SM 375,Recreational Sports Programming,"(3, 3)","Health, Exercise Sci & Recreation Mgmt",,
SM 390,Experiential Learning in Sport Managemen,"(1, 12)","Health, Exercise Sci & Recreation Mgmt",,
SM 475,Legal Aspects of Sport,"(3, 3)","Health, Exercise Sci & Recreation Mgmt",,
SM 490,Independent Study,"(3, 3)","Health, Exercise Sci & Recreation Mgmt",,
SM 621,Sport Policy,"(3, 3)","Health, Exercise Sci & Recreation Mgmt",,
SM 623,Advanced Study USA in Sport Management,"(3, 6)","Health, Exercise Sci & Recreation Mgmt",,
SM 624,Advanced Study Abroad in Sport Managemen,"(3, 6)","Health, Exercise Sci & Recreation Mgmt",,
SM 627,Internship,"(3, 6)","Health, Exercise Sci & Recreation Mgmt",,
SM 640,Assessment & Evalua. of Sport Programs,"(3, 3)","Health, Exercise Sci & Recreation Mgmt",,
SM 651,Advanced Independent Study,"(3, 3)","Health, Exercise Sci & Recreation Mgmt",,
SM 652,Advanced Independent Study,"(3, 3)","Health, Exercise Sci & Recreation Mgmt",,
SM 660,Sport Marketing,"(3, 3)","Health, Exercise Sci & Recreation Mgmt",,
SM 671,Management in Sport Services,"(3, 3)","Health, Exercise Sci & Recreation Mgmt",,
SM 672,Business Practices in Sport,"(3, 3)","Health, Exercise Sci & Recreation Mgmt",,
SM 673,Sport Finance,"(3, 3)","Health, Exercise Sci & Recreation Mgmt",,
Soc 101,Introductory Sociology,"(3, 3)",Sociology & Anthropology,,
Soc 301,The Family,"(3, 3)",Sociology & Anthropology,,
Soc 302,Sociological Theory,"(3, 3)",Sociology & Anthropology,,
Soc 306,Sociology of Democracy,"(3, 3)",Sociology & Anthropology,,
Soc 307,Urban Sociology,"(3, 3)",Sociology & Anthropology,,
Soc 308,Judicial System & African Amer Community,"(3, 3)",Sociology & Anthropology,,
Soc 309,Rural Sociology,"(3, 3)",Sociology & Anthropology,,
Soc 310,Sociology of Disability,"(3, 3)",Sociology & Anthropology,,
Soc 311,Social Problems,"(3, 3)",Sociology & Anthropology,,
Soc 312,Poverty and Society,"(3, 3)",Sociology & Anthropology,,
Soc 313,Social Movements,"(3, 3)",Sociology & Anthropology,,
Soc 314,Sociology of News,"(3, 3)",Sociology & Anthropology,,
Soc 315,Leisure and Popular Culture,"(3, 3)",Sociology & Anthropology,,
Soc 316,Sociology of Sport,"(3, 3)",Sociology & Anthropology,,
Soc 321,"Science, Technology and Society","(3, 3)",Sociology & Anthropology,,
Soc 322,Economic Sociology,"(3, 3)",Sociology & Anthropology,,
Soc 323,Occupations and Professions,"(3, 3)",Sociology & Anthropology,,
Soc 324,Men and Masculinities,"(3, 3)",Sociology & Anthropology,,
Soc 325,Sociology of Gender,"(3, 3)",Sociology & Anthropology,,
Soc 327,Genocide and Women,"(3, 3)",Sociology & Anthropology,,
Soc 328,African American Feminist Thought,"(3, 3)",Sociology & Anthropology,,
Soc 329,Identities and Subjectivity,"(3, 3)",Sociology & Anthropology,,
Soc 330,Racism and Religion,"(3, 3)",Sociology & Anthropology,,
Soc 331,Sociology of Law,"(3, 3)",Sociology & Anthropology,,
Soc 332,Sociology of Peace and Justice,"(3, 3)",Sociology & Anthropology,,
Soc 333,Juvenile Delinquency,"(3, 3)",Sociology & Anthropology,,
Soc 335,The Sociology of Food,"(3, 3)",Sociology & Anthropology,,
Soc 336,Sociology of Religion,"(3, 3)",Sociology & Anthropology,,
Soc 345,Population Trends and Problems,"(3, 3)",Sociology & Anthropology,,
Soc 348,Culture & Soc in Lat Am & the Caribbean,"(3, 3)",Sociology & Anthropology,,
Soc 349,Applied Demography,"(3, 3)",Sociology & Anthropology,,
Soc 351,Social Change,"(3, 3)",Sociology & Anthropology,,
Soc 352,International Migration,"(3, 3)",Sociology & Anthropology,,
Soc 353,Community Development,"(3, 3)",Sociology & Anthropology,,
Soc 355,Sociology of Human Rights,"(3, 3)",Sociology & Anthropology,,
Soc 358,Religious Implications of the Holocaust,"(3, 3)",Sociology & Anthropology,,
Soc 359,Sociology of Globalization,"(3, 3)",Sociology & Anthropology,,
Soc 361,The Sociology of Education,"(3, 3)",Sociology & Anthropology,,
Soc 362,Sustainable Development,"(3, 3)",Sociology & Anthropology,,
Soc 365,Methods of Social Research,"(3, 3)",Sociology & Anthropology,,
Soc 366,Political Sociology,"(3, 3)",Sociology & Anthropology,,
Soc 367,Data Visualization & Interpretation: GIS,"(3, 3)",Sociology & Anthropology,,
Soc 370,Society and Population Health,"(3, 3)",Sociology & Anthropology,,
Soc 385,Topics in Sociology Abroad,"(3, 6)",Sociology & Anthropology,,
Soc 403,Empire and Revolution,"(3, 3)",Sociology & Anthropology,,
Soc 404,Sociology of Citizenship,"(3, 3)",Sociology & Anthropology,,
Soc 407,Methods in Ethnography,"(3, 3)",Sociology & Anthropology,,
Soc 408,Methods in Community-Based Research,"(3, 3)",Sociology & Anthropology,,
Soc 409,"Truth, Lies, and Power","(3, 3)",Sociology & Anthropology,,
Soc 410,The Color Line in the 21st Century,"(3, 3)",Sociology & Anthropology,,
Soc 411,"Environment, Technology and Society","(3, 3)",Sociology & Anthropology,,
Soc 413,Race and Ethnicity,"(3, 3)",Sociology & Anthropology,,
Soc 414,"Race, Place, and Space","(3, 3)",Sociology & Anthropology,,
Soc 420,Studies in Housing Insecurity,"(3, 3)",Sociology & Anthropology,,
Soc 425,"Religion, Gender, and Sexuality","(3, 3)",Sociology & Anthropology,,
Soc 427,Social Stratification,"(3, 3)",Sociology & Anthropology,,
Soc 429,Judaism and Religious Ethnic Identities,"(3, 3)",Sociology & Anthropology,,
Soc 431,Criminology,"(3, 3)",Sociology & Anthropology,,
Soc 433,Theories of Gender and Sexuality,"(3, 3)",Sociology & Anthropology,,
Soc 440,Sociology of Music,"(3, 3)",Sociology & Anthropology,,
Soc 445,Social Context of Holocaust Art,"(3, 3)",Sociology & Anthropology,,
Soc 451,Topics in Sociology,"(3, 3)",Sociology & Anthropology,,
Soc 455,Population Studies Applied Research,"(3, 3)",Sociology & Anthropology,,
Soc 498,Proficiency in Sociology,"(0, 0)",Sociology & Anthropology,,
Soc 501,Statistics,"(3, 3)",Sociology & Anthropology,,
Soc 502,Social Research Methods,"(3, 3)",Sociology & Anthropology,,
Soc 531,Lectures in Community Organization,"(3, 3)",Sociology & Anthropology,,
Soc 545,Seminar in Population Studies,"(3, 3)",Sociology & Anthropology,,
Soc 552,Individual Study Project,"(3, 3)",Sociology & Anthropology,,
Soc 596,Queer Mississippi,"(3, 3)",Sociology & Anthropology,,
Soc 601,Studies in Social Theory,"(3, 3)",Sociology & Anthropology,,
Soc 603,Studies in Empire and Revolution,"(3, 3)",Sociology & Anthropology,,
Soc 604,Advanced Sociology of Citizenship,"(3, 3)",Sociology & Anthropology,,
Soc 605,Practicum in Research,"(3, 3)",Sociology & Anthropology,,
Soc 607,Studies in the Community,"(3, 3)",Sociology & Anthropology,,
Soc 608,Adv Methods in Community-Based Research,"(3, 3)",Sociology & Anthropology,,
Soc 611,Studies in Population Analysis,"(3, 3)",Sociology & Anthropology,,
Soc 613,Studies in Race and Ethnicity,"(3, 3)",Sociology & Anthropology,,
Soc 615,Sociology of Culture,"(3, 3)",Sociology & Anthropology,,
Soc 617,Racism and Religion,"(3, 3)",Sociology & Anthropology,,
Soc 619,"Religion, Gender, and Sexuality","(3, 3)",Sociology & Anthropology,,
Soc 621,Professional Development I,"(1, 1)",Sociology & Anthropology,,
Soc 622,Professional Development II,"(1, 1)",Sociology & Anthropology,,
Soc 623,Collaborative Research Seminar,"(1, 1)",Sociology & Anthropology,,
Soc 625,Current Debates in Gender,"(3, 3)",Sociology & Anthropology,,
Soc 631,Studies in Deviant Behavior,"(3, 3)",Sociology & Anthropology,,
Soc 635,Teaching Sociology,"(3, 3)",Sociology & Anthropology,,
Soc 640,Sociology of Health Disparities,"(3, 3)",Sociology & Anthropology,,
Soc 651,Fields of Sociology,"(3, 3)",Sociology & Anthropology,,
Soc 652,Individual Study Project,"(3, 3)",Sociology & Anthropology,,
Soc 697,Thesis,"(1, 12)",Sociology & Anthropology,,
Soc 699,Internship in Sociology,"(3, 9)",Sociology & Anthropology,,
SOHE 301,Topics in Society and Health Abroad,"(3, 3)",,,
SOHE 302,Topics in Society and Health,"(3, 3)",,,
SOHE 329,Medical Humanities,"(3, 3)",,,
SOHE 495,Society and Health Internship,"(3, 3)",,,
SOHE 497,Directed Study in Society and Health,"(1, 3)",,,
Span 101,Elementary Spanish I,"(3, 3)",Modern Languages,,
Span 102,Elementary Spanish II,"(3, 3)",Modern Languages,,
Span 111,Intensive Elementary Spanish,"(6, 6)",Modern Languages,,
Span 121,Accelerated Elementary Spanish,"(3, 3)",Modern Languages,,
Span 198,Elementary Spanish Study Abroad,"(1, 12)",Modern Languages,,
Span 199,Special Topics in Spanish,"(1, 6)",Modern Languages,,
Span 201,Intermediate Spanish I,"(3, 3)",Modern Languages,,
Span 202,Intermediate Spanish II,"(3, 3)",Modern Languages,,
Span 211,Intensive Intermediate Spanish,"(6, 6)",Modern Languages,,
Span 213,Intensive Intermed Span for Major/Minor,"(3, 3)",Modern Languages,,
Span 298,Intermediate Spanish Study Abroad,"(1, 12)",Modern Languages,,
Span 299,Special Topics in Spanish,"(1, 6)",Modern Languages,,
Span 303,Conversation and Composition I,"(3, 3)",Modern Languages,,
Span 304,Conversation and Composition II,"(3, 3)",Modern Languages,,
Span 305,Intensive Conversation and Composition,"(6, 6)",Modern Languages,,
Span 306,Spanish for Heritage Learner I,"(3, 3)",Modern Languages,,
Span 307,Spanish for Heritage Learners II,"(3, 3)",Modern Languages,,
Span 311,Business Spanish,"(3, 3)",Modern Languages,,
Span 321,Spanish Culture and Civilization,"(3, 3)",Modern Languages,,
Span 322,Spanish American Culture/Civilization,"(3, 3)",Modern Languages,,
Span 330,Introduction to Spanish Linguistics,"(3, 3)",Modern Languages,,
Span 331,Intro to Lit and Literary Analysis,"(3, 3)",Modern Languages,,
Span 341,Spanish in the U.S.,"(3, 3)",Modern Languages,,
Span 345,Spanish Language and the Law,"(3, 3)",Modern Languages,,
Span 361,Spanish Cinema,"(3, 3)",Modern Languages,,
Span 362,Hispanic American Film,"(3, 3)",Modern Languages,,
Span 371,Spanish Grammar for Oral Communication,"(3, 3)",Modern Languages,,
Span 393,Cultural Studies,"(3, 3)",Modern Languages,,
Span 396,Intensive Spanish Grammar Review,"(1, 1)",Modern Languages,,
Span 397,Conversation for Upper-Level Spanish,"(1, 1)",Modern Languages,,
Span 398,Upper-Level Spanish Study Abroad,"(1, 12)",Modern Languages,,
Span 399,Special Topics in Spanish,"(3, 3)",Modern Languages,,
Span 529,Contemporary Spanish,"(3, 3)",Modern Languages,,
Span 561,Advanced Topics in Cinema in Spanish,"(3, 3)",Modern Languages,,
Span 565,Spanish American Women Writers,"(3, 3)",Modern Languages,,
Span 571,Spanish Sociolinguistics,"(3, 3)",Modern Languages,,
Span 572,Spanish Phonetics & Phonology,"(3, 3)",Modern Languages,,
Span 573,Spanish Morphology and Syntax,"(3, 3)",Modern Languages,,
Span 574,The History of Spanish Language,"(3, 3)",Modern Languages,,
Span 575,Topics in Applied Spanish Linguistics,"(3, 3)",Modern Languages,,
Span 576,Advanced Spanish for Business,"(3, 3)",Modern Languages,,
Span 577,Survey of Spanish Literature I,"(3, 3)",Modern Languages,,
Span 578,Survey of Spanish Literature II,"(3, 3)",Modern Languages,,
Span 579,Survey of Spanish American Literature I,"(3, 3)",Modern Languages,,
Span 580,Survey of Spanish American Literature II,"(3, 3)",Modern Languages,,
Span 581,Medieval Literature,"(3, 3)",Modern Languages,,
Span 582,Cervantes,"(3, 3)",Modern Languages,,
Span 583,Golden Age Literature,"(3, 3)",Modern Languages,,
Span 585,18th and 19th Century Spanish Lit,"(3, 3)",Modern Languages,,
Span 586,Modern Spanish Literature,"(3, 3)",Modern Languages,,
Span 587,Spanish American Short Story,"(3, 3)",Modern Languages,,
Span 588,Spanish American Poetry,"(3, 3)",Modern Languages,,
Span 593,Topics in Cultural Studies,"(3, 3)",Modern Languages,,
Span 598,Advanced Spanish Study Abroad,"(1, 12)",Modern Languages,,
Span 599,Span St Special Topics,"(3, 3)",Modern Languages,,
Span 600,Hispanic Linguistics for Grad Students,"(3, 3)",Modern Languages,,
Span 601,Professional Issues in Graduate Study,"(1, 1)",Modern Languages,,
Span 611,Intensive Elem Spanish for Grad Students,"(3, 6)",Modern Languages,,
Span 616,Spanish Morphology and Syntax,"(3, 3)",Modern Languages,,
Span 631,"Seminar, Hispanic Studies I","(3, 3)",Modern Languages,,
Span 632,"Seminar, Hispanic Studies II","(3, 3)",Modern Languages,,
Span 640,Bilingualism in Spanish Speaking World,"(3, 3)",Modern Languages,,
Span 651,Instructed Second Language Acquisition,"(3, 3)",Modern Languages,,
Span 661,Graduate Seminar on Film in Spanish,"(3, 3)",Modern Languages,,
Span 671,Research Methods,"(3, 3)",Modern Languages,,
Span 672,Spanish Classroom SLA,"(3, 3)",Modern Languages,,
Span 673,Seminar,"(3, 3)",Modern Languages,,
Span 676,Ling Variation in Spanish-Speaking World,"(3, 3)",Modern Languages,,
Span 677,Readings in Spanish Literature I,"(3, 3)",Modern Languages,,
Span 678,Readings in Spanish Literature II,"(3, 3)",Modern Languages,,
Span 679,Readings in Spanish Am Literature I,"(3, 3)",Modern Languages,,
Span 680,Readings in Spanish Am Literature II,"(3, 3)",Modern Languages,,
Span 687,Spanish American Fiction,"(3, 3)",Modern Languages,,
Span 697,Thesis,"(1, 12)",Modern Languages,,
Span 699,Advanced Special Topics in Spanish,"(3, 3)",Modern Languages,,
Span 701,ProSeminar I for Ph.D. Students,"(3, 3)",Modern Languages,,
Span 702,ProSeminar II for Ph.D. Students,"(3, 3)",Modern Languages,,
Span 721,Capstone Doctoral Seminar,"(3, 3)",Modern Languages,,
Span 797,Dissertation,"(1, 18)",Modern Languages,,
Span 799,Independent Project,"(3, 3)",Modern Languages,,
Spch 102,Fundamentals of Public Speaking,"(3, 3)",Writing & Rhetoric,,
Spch 105,Business and Professional Speech,"(3, 3)",Writing & Rhetoric,,
Spch 107,Forensics I,"(1, 1)",Writing & Rhetoric,,
Spch 108,Forensics II,"(1, 1)",Writing & Rhetoric,,
Spch 110,Basic Voice and Diction,"(3, 3)",Writing & Rhetoric,,
Spch 200,Interpersonal Communication,"(3, 3)",Writing & Rhetoric,,
Spch 207,Forensics III,"(1, 1)",Writing & Rhetoric,,
Spch 208,Forensics IV,"(1, 1)",Writing & Rhetoric,,
Spch 210,The Art of the Interview,"(1, 1)",Writing & Rhetoric,,
Spch 301,Responding to Communicators,"(3, 3)",Writing & Rhetoric,,
Spch 302,Advanced Public Speaking,"(3, 3)",Writing & Rhetoric,,
Spch 305,Collaborative Communication,"(3, 3)",Writing & Rhetoric,,
Spch 307,Forensics V,"(1, 1)",Writing & Rhetoric,,
Spch 308,Forensics VI,"(1, 1)",Writing & Rhetoric,,
Spch 314,Intercollegiate Debating,"(3, 3)",Writing & Rhetoric,,
Spch 398,Speech on Location,"(3, 3)",Writing & Rhetoric,,
Spch 399,Special Topics in Speech Communication,"(3, 3)",Writing & Rhetoric,,
Spch 405,Organizational Communication,"(3, 3)",Writing & Rhetoric,,
Spch 407,Forensics VII,"(1, 1)",Writing & Rhetoric,,
Spch 408,Forensics VIII,"(1, 1)",Writing & Rhetoric,,
Spec 591,Specialty Pharmacy Practice Experience,"(4, 4)",Pharmacy Practice,,
SRA 194,Foundations of Sport Mgmt and Admin,"(3, 3)","Health, Exercise Sci & Recreation Mgmt",,
SRA 200,Recreation Program Leadership,"(3, 3)","Health, Exercise Sci & Recreation Mgmt",,
SRA 262,Therapeutic Recreation & Adaptive Sport,"(3, 3)","Health, Exercise Sci & Recreation Mgmt",,
SRA 270,The Business of Sport,"(3, 3)","Health, Exercise Sci & Recreation Mgmt",,
SRA 301,Planning & Evaluation in SRA,"(3, 3)","Health, Exercise Sci & Recreation Mgmt",,
SRA 302,Program Planning & Development,"(3, 3)","Health, Exercise Sci & Recreation Mgmt",,
SRA 311,Sport Marketing,"(3, 3)","Health, Exercise Sci & Recreation Mgmt",,
SRA 330,Sport Governance and Policy,"(3, 3)","Health, Exercise Sci & Recreation Mgmt",,
SRA 332,Outdoor Recreation,"(3, 3)","Health, Exercise Sci & Recreation Mgmt",,
SRA 370,Sports Economics and Finance,"(3, 3)","Health, Exercise Sci & Recreation Mgmt",,
SRA 371,Camp Leadership,"(3, 3)","Health, Exercise Sci & Recreation Mgmt",,
SRA 372,Procedures and Techniques in Therapeutic,"(3, 3)","Health, Exercise Sci & Recreation Mgmt",,
SRA 375,Recreational Sports Programming,"(3, 3)","Health, Exercise Sci & Recreation Mgmt",,
SRA 380,Current Issues in Travel & Tourism Mgmt.,"(3, 3)","Health, Exercise Sci & Recreation Mgmt",,
SRA 388,Assessment/Planning in Therapeutic Rec,"(3, 3)","Health, Exercise Sci & Recreation Mgmt",,
SRA 391,Practicum in Recreation Administration I,"(1, 1)","Health, Exercise Sci & Recreation Mgmt",,
SRA 392,Practicum in Rec. Administration II,"(1, 1)","Health, Exercise Sci & Recreation Mgmt",,
SRA 394,Therapeutic Exercise and Fitness,"(3, 3)","Health, Exercise Sci & Recreation Mgmt",,
SRA 401,Internship in Recreation Administration,"(6, 9)","Health, Exercise Sci & Recreation Mgmt",,
SRA 410,Senior Seminar: Professional Development,"(3, 3)","Health, Exercise Sci & Recreation Mgmt",,
SRA 425,Design and Maintenance of Facilities,"(3, 3)","Health, Exercise Sci & Recreation Mgmt",,
SRA 471,Admin. of Recreation Admin. Programs,"(3, 3)","Health, Exercise Sci & Recreation Mgmt",,
SRA 473,Supervision and Administration of Therap,"(3, 3)","Health, Exercise Sci & Recreation Mgmt",,
SRA 475,Legal Aspects of Sport and Recreation,"(3, 3)","Health, Exercise Sci & Recreation Mgmt",,
SRA 490,Independent Study,"(1, 6)","Health, Exercise Sci & Recreation Mgmt",,
SRA 497,Cooperative Field Practicum,"(3, 3)","Health, Exercise Sci & Recreation Mgmt",,
SRA 498,Cooperative Field Practicum,"(3, 3)","Health, Exercise Sci & Recreation Mgmt",,
SRA 499,Cooperative Field Practicum,"(3, 3)","Health, Exercise Sci & Recreation Mgmt",,
SRA 503,Data Analytics and Methodologies,"(3, 3)","Health, Exercise Sci & Recreation Mgmt",,
SRA 511,Applied Statistics,"(3, 3)","Health, Exercise Sci & Recreation Mgmt",,
SRA 574,Current Trends in Therapeutic Recreation,"(3, 3)","Health, Exercise Sci & Recreation Mgmt",,
SRA 580,Recreational Therapy for Older Adults,"(3, 3)","Health, Exercise Sci & Recreation Mgmt",,
SRA 600,Issues & Trends in Recreation Admin. Pro,"(3, 3)","Health, Exercise Sci & Recreation Mgmt",,
SRA 603,Data Analytics Methodologies,"(3, 3)","Health, Exercise Sci & Recreation Mgmt",,
SRA 625,Research Design and Evaluation,"(3, 3)","Health, Exercise Sci & Recreation Mgmt",,
SRA 626,Statistical Analysis I,"(3, 3)","Health, Exercise Sci & Recreation Mgmt",,
SRA 628,Qualitative Inquiry,"(3, 3)","Health, Exercise Sci & Recreation Mgmt",,
SRA 653,Independent Research,"(3, 3)","Health, Exercise Sci & Recreation Mgmt",,
SRA 654,Directed Event Programming,"(3, 3)","Health, Exercise Sci & Recreation Mgmt",,
SRA 691,Prinicples & Practices of Leisure & Recr,"(3, 3)","Health, Exercise Sci & Recreation Mgmt",,
SRA 697,Thesis,"(1, 6)","Health, Exercise Sci & Recreation Mgmt",,
Stbs 100,Preparatory String Bass,"(1, 1)",Music,,
Stbs 121,Freshman String Bass I,"(2, 2)",Music,,
Stbs 122,Freshman String Bass II,"(2, 2)",Music,,
Stbs 221,Sophomore String Bass I,"(2, 2)",Music,,
Stbs 222,Sophomore String Bass II,"(2, 2)",Music,,
Stbs 241,Sophomore String Bass Performance I,"(4, 4)",Music,,
Stbs 242,Sophomore String Bass Performance II,"(2, 2)",Music,,
Stbs 321,Junior String Bass I,"(2, 2)",Music,,
Stbs 322,Junior String Bass II,"(2, 2)",Music,,
Stbs 341,Junior String Bass Performance I,"(2, 2)",Music,,
Stbs 342,Junior String Bass Performance II,"(3, 3)",Music,,
Stbs 421,Senior String Bass I,"(2, 2)",Music,,
Stbs 422,Senior String Bass II,"(2, 2)",Music,,
Stbs 441,Senior String Bass Performance I,"(2, 2)",Music,,
Stbs 442,Senior String Bass Performance II,"(3, 3)",Music,,
Stbs 521,Advanced String Bass I,"(2, 2)",Music,,
Stbs 522,Advanced String Bass II,"(2, 2)",Music,,
Stbs 541,Advanced String Bass Performance I,"(2, 2)",Music,,
Stbs 542,Advanced String Bass Performance II,"(2, 2)",Music,,
Stbs 621,Graduate String Bass I,"(2, 2)",Music,,
Stbs 622,Graduate String Bass II,"(2, 2)",Music,,
Stbs 641,Graduate String Bass Performance I,"(2, 2)",Music,,
Stbs 642,Graduate String Bass Performance II,"(2, 2)",Music,,
Surg 591,Surgery Clerkship,"(4, 4)",Pharmacy Practice,,
SW 201,Introduction to Social Work,"(3, 3)",Social Work,,
SW 216,Social Welfare Policy I,"(3, 3)",Social Work,,
SW 220,Foundations in Maternal and Child Health,"(3, 3)",Social Work,,
SW 233,Juvenile Corrections,"(3, 3)",Social Work,,
SW 301,CAST: Child Maltreatment & Advocacy,"(3, 3)",Social Work,,
SW 321,Human Behav and the Soc Environment I,"(3, 3)",Social Work,,
SW 322,Human Behav and the Soc Environment II,"(3, 3)",Social Work,,
SW 325,The Helping Professional in Health Sett,"(3, 3)",Social Work,,
SW 326,Gerontology: Social Welfare Aspects,"(3, 3)",Social Work,,
SW 327,Compassion Fatigue: Strategies,"(3, 3)",Social Work,,
SW 330,Human Diversity and Social Work Practice,"(3, 3)",Social Work,,
SW 335,Social Work Practice I,"(3, 3)",Social Work,,
SW 340,Social Work Research,"(3, 3)",Social Work,,
SW 401,CAST: Responding to Child Trauma,"(3, 3)",Social Work,,
SW 402,Child Welfare Policies,"(3, 3)",Social Work,,
SW 417,Social Welfare Policy II,"(3, 3)",Social Work,,
SW 427,Psychosocial Aspects of Loss Death Grief,"(3, 3)",Social Work,,
SW 428,Social Aspects of Children at Risk,"(3, 3)",Social Work,,
SW 436,Social Work Practice II,"(3, 3)",Social Work,,
SW 437,Social Work Practice III,"(3, 3)",Social Work,,
SW 438,Social Work Practice IV,"(3, 3)",Social Work,,
SW 450,Fields of Social Work,"(1, 1)",Social Work,,
SW 459,Directed Study in Social Work,"(1, 3)",Social Work,,
SW 460,Directed Study in Social Work,"(1, 3)",Social Work,,
SW 495,Social Work Internship,"(9, 9)",Social Work,,
SW 496,Internship Seminar,"(3, 3)",Social Work,,
SW 498,Special Topics,"(3, 3)",Social Work,,
SW 575,Psychosocial Aspects of Aging,"(3, 3)",Social Work,,
SW 600,Human Diversity and Social Work Practice,"(3, 3)",Social Work,,
SW 601,Human Behavior in the Social Environment,"(3, 3)",Social Work,,
SW 602,Social Work Practice with Individuals,"(3, 3)",Social Work,,
SW 603,Social Work Research Methods,"(3, 3)",Social Work,,
SW 604,Social Welfare Policies and Programs,"(3, 3)",Social Work,,
SW 606,Ethics and Human Subjects Research,"(3, 3)",Social Work,,
SW 615,Practice with Families and Groups,"(3, 3)",Social Work,,
SW 620,Practice with Organizations/Communities,"(3, 3)",Social Work,,
SW 621,Field Instruction I,"(3, 3)",Social Work,,
SW 622,Field Instruction II,"(3, 3)",Social Work,,
SW 623,Field Instruction III,"(3, 3)",Social Work,,
SW 624,Field Instruction IV,"(3, 3)",Social Work,,
SW 630,Theories and Methods of Family Intervent,"(3, 3)",Social Work,,
SW 640,Advanced Clinical Social Work: Groups,"(3, 3)",Social Work,,
SW 641,Readings in Advanced Social Work,"(3, 3)",Social Work,,
SW 650,Clinical Assessment and Diagnosis,"(3, 3)",Social Work,,
SW 651,Indiv Study Project,"(3, 3)",Social Work,,
SW 660,Clinical Practice and Supervision,"(3, 3)",Social Work,,
SW 670,Leadership & Administration,"(3, 3)",Social Work,,
SW 680,Evaluation Research,"(3, 3)",Social Work,,
SW 681,Forensic Social Work with Children,"(3, 3)",Social Work,,
SW 682,Clinical Practice in Child Welfare,"(3, 3)",Social Work,,
SW 683,Theories of Psychotherapy,"(3, 3)",Social Work,,
SW 684,Social Work in Health Care Settings,"(3, 3)",Social Work,,
SW 685,Gerontological Social Work,"(3, 3)",Social Work,,
SW 686,Traumatic Stress & Crisis Intervention,"(3, 3)",Social Work,,
SW 687,Substance Abuse and Addiction,"(3, 3)",Social Work,,
SW 688,Acceptance and Commitment Therapy,"(3, 3)",Social Work,,
SW 689,Professional Readiness,"(3, 3)",Social Work,,
SW 701,Colloquium I,"(3, 3)",Social Work,,
SW 702,Research Design in Social Work,"(3, 3)",Social Work,,
SW 703,Topics with At-Risk Populations,"(3, 3)",Social Work,,
SW 704,Theories & Research in Neuro & Behaviora,"(3, 3)",Social Work,,
SW 705,Applied and Inferential Statistics,"(3, 3)",Social Work,,
SW 706,History of Social Welfare,"(3, 3)",Social Work,,
SW 708,Colloquium II,"(3, 3)",Social Work,,
SW 709,Social Policy Analysis,"(3, 3)",Social Work,,
SW 710,Issues & Research Problems in SW Interve,"(3, 3)",Social Work,,
SW 711,Qualitative Methods in Social Work Resea,"(3, 3)",Social Work,,
SW 712,Advanced Statistics in Social Work,"(3, 3)",Social Work,,
SW 713,Special Topics,"(3, 3)",Social Work,,
SW 715,Dissertation Seminar,"(1, 9)",Social Work,,
SW 719,Directed Independent Study,"(1, 6)",Social Work,,
SW 797,Dissertation,"(1, 9)",Social Work,,
Swa 101,Elementary Swahili I,"(3, 3)",Modern Languages,,
Swa 102,Elementary Swahili II,"(3, 3)",Modern Languages,,
Swa 198,Elementary Swahili Study Abroad,"(1, 12)",Modern Languages,,
Swa 199,Special Topics in Swahili,"(3, 3)",Modern Languages,,
Swa 201,Intermediate Swahili I,"(3, 3)",Modern Languages,,
Swa 202,Intermediate Swahili II,"(3, 3)",Modern Languages,,
Swa 298,Intermediate Swahili Study Abroad,"(1, 12)",Modern Languages,,
Swa 299,Special Topics in Swahili,"(3, 3)",Modern Languages,,
Swa 301,Conversation and Composition I,"(3, 3)",Modern Languages,,
Swa 302,Conversation and Composition II,"(3, 3)",Modern Languages,,
Swa 310,Advanced Topics in Swahili Languages,"(3, 3)",Modern Languages,,
Swa 398,Upper-Level Swahili Abroad,"(1, 12)",Modern Languages,,
Swa 399,Special Topics in Swahili,"(3, 3)",Modern Languages,,
TESL 395,Second Language Acquisition,"(3, 3)",Modern Languages,,
TESL 500,Language Use in American Universities,"(3, 3)",Modern Languages,,
TESL 509,Semantics,"(3, 3)",Modern Languages,,
TESL 515,Approaches to Discourse,"(3, 3)",Modern Languages,,
TESL 525,Pidgins and Creoles,"(3, 3)",Modern Languages,,
TESL 530,Pragmatics,"(3, 3)",Modern Languages,,
TESL 536,Dialects of American English,"(3, 3)",Modern Languages,,
TESL 537,Language Variation,"(3, 3)",Modern Languages,,
TESL 538,"Language, Gender, and Sexuality","(3, 3)",Modern Languages,,
TESL 545,Indigenous Languages and Pedagogies,"(3, 3)",Modern Languages,,
TESL 548,Forensic Linguistics,"(3, 3)",Modern Languages,,
TESL 549,Intercultural Communication,"(3, 3)",Modern Languages,,
TESL 600,Fundamentals of Linguistics for TESL,"(3, 3)",Modern Languages,,
TESL 612,Seminar in Phonology,"(3, 3)",Modern Languages,,
TESL 614,Seminar in Morphology,"(3, 3)",Modern Languages,,
TESL 616,Seminar in Syntax,"(3, 3)",Modern Languages,,
TESL 620,Seminar in Sociolinguistics,"(3, 3)",Modern Languages,,
TESL 680,Critical Issues in Applied Linguistics,"(3, 3)",Modern Languages,,
Thea 100,Theatre & Film Forum,"(0, 0)",Theatre & Film,,
Thea 110,Intro to Acting,"(3, 3)",Theatre & Film,,
Thea 111,Acting Realism,"(3, 3)",Theatre & Film,,
Thea 120,"Introduction to Theatre, Film, & Dance","(3, 3)",Theatre & Film,,
Thea 121,Creative Thinking,"(3, 3)",Theatre & Film,,
Thea 122,Research Methods in Theatre & Film,"(3, 3)",Theatre & Film,,
Thea 150,Intro to Design for Theatre & Film,"(3, 3)",Theatre & Film,,
Thea 163,Intro to Musical Theatre Performance,"(3, 3)",Theatre & Film,,
Thea 171,Rendering for the Theatre I,"(3, 3)",Theatre & Film,,
Thea 172,Three-Dimensional Design for the Theatre,"(3, 3)",Theatre & Film,,
Thea 185,Stage Management Practicum I,"(1, 1)",Theatre & Film,,
Thea 186,Stage Management Practicum II,"(1, 1)",Theatre & Film,,
Thea 192,Production Studies I,"(2, 2)",Theatre & Film,,
Thea 193,Film Practicum I,"(1, 1)",Theatre & Film,,
Thea 201,Appreciation of the Theatre,"(3, 3)",Theatre & Film,,
Thea 202,Introduction to Cinema,"(3, 3)",Theatre & Film,,
Thea 203,Drama in Film,"(3, 3)",Theatre & Film,,
Thea 204,Comedy in Film,"(3, 3)",Theatre & Film,,
Thea 205,Film Survey I,"(3, 3)",Theatre & Film,,
Thea 206,Film Survey II,"(3, 3)",Theatre & Film,,
Thea 207,Intro to Acting for the Screen,"(3, 3)",Theatre & Film,,
Thea 209,Theatre Topics on Location,"(3, 3)",Theatre & Film,,
Thea 210,Acting for the Screen,"(3, 3)",Theatre & Film,,
Thea 211,Sophomore Performance Studies II,"(3, 3)",Theatre & Film,,
Thea 212,Voice for the Actor I,"(3, 3)",Theatre & Film,,
Thea 215,Improvisation,"(3, 3)",Theatre & Film,,
Thea 216,Voice-over Acting,"(3, 3)",Theatre & Film,,
Thea 221,Auditioning for Film and Television,"(3, 3)",Theatre & Film,,
Thea 224,Intro to the History of Dress,"(3, 3)",Theatre & Film,,
Thea 225,Intro to the History of Decor,"(3, 3)",Theatre & Film,,
Thea 226,Script Analysis,"(3, 3)",Theatre & Film,,
Thea 230,Movement for the Actor I,"(2, 2)",Theatre & Film,,
Thea 231,Movement for the Actor II,"(2, 2)",Theatre & Film,,
Thea 238,Technology Lab I,"(1, 1)",Theatre & Film,,
Thea 239,Technology Lab II,"(1, 1)",Theatre & Film,,
Thea 240,Makeup for Stage & Screen,"(3, 3)",Theatre & Film,,
Thea 242,Communication for Designers,"(3, 3)",Theatre & Film,,
Thea 246,Costume Crafts,"(3, 3)",Theatre & Film,,
Thea 250,Film Production I,"(3, 3)",Theatre & Film,,
Thea 252,Film Production II,"(3, 3)",Theatre & Film,,
Thea 253,Cinematography I,"(3, 3)",Theatre & Film,,
Thea 254,The Social Camera: Personal Storytelling,"(3, 3)",Theatre & Film,,
Thea 255,The Practical Camera: Actor & Director,"(3, 3)",Theatre & Film,,
Thea 256,Documentary Production I,"(3, 3)",Theatre & Film,,
Thea 260,Fundamentals of Acting,"(3, 3)",Theatre & Film,,
Thea 262,Fundamentals of Film Production,"(3, 3)",Theatre & Film,,
Thea 264,Musical Theatre Voice Studies I,"(2, 2)",Theatre & Film,,
Thea 265,Music Fundamentals for Musical Theatre,"(3, 3)",Theatre & Film,,
Thea 268,Speech for the Actor,"(3, 3)",Theatre & Film,,
Thea 269,Acting with Dialects,"(2, 2)",Theatre & Film,,
Thea 270,Basic Lighting & Sound Technology,"(3, 3)",Theatre & Film,,
Thea 271,Introduction to Stagecraft,"(3, 3)",Theatre & Film,,
Thea 272,Introduction to Costumes for the Stage,"(3, 3)",Theatre & Film,,
Thea 273,Costume Construction,"(3, 3)",Theatre & Film,,
Thea 274,Theatre Design Graphics,"(3, 3)",Theatre & Film,,
Thea 275,Scene Painting I,"(3, 3)",Theatre & Film,,
Thea 276,Drafting I,"(3, 3)",Theatre & Film,,
Thea 277,Introduction to Patternmaking,"(3, 3)",Theatre & Film,,
Thea 278,Rendering for the Theatre II,"(3, 3)",Theatre & Film,,
Thea 279,Costume Design for Film & Television I,"(3, 3)",Theatre & Film,,
Thea 280,Lighting Design I,"(3, 3)",Theatre & Film,,
Thea 281,Scenic Design I,"(3, 3)",Theatre & Film,,
Thea 282,Costume Design I,"(3, 3)",Theatre & Film,,
Thea 285,Stage Management I,"(3, 3)",Theatre & Film,,
Thea 286,Stage Management II,"(3, 3)",Theatre & Film,,
Thea 287,The Business of Theatrical Design,"(3, 3)",Theatre & Film,,
Thea 291,Production Studies II,"(2, 2)",Theatre & Film,,
Thea 292,Production Studies III,"(2, 2)",Theatre & Film,,
Thea 293,Film Practicum II,"(1, 1)",Theatre & Film,,
Thea 294,Film Practicum III,"(1, 1)",Theatre & Film,,
Thea 295,Theatre Practicum I,"(1, 1)",Theatre & Film,,
Thea 298,Special Topics,"(3, 3)",Theatre & Film,,
Thea 301,Scene Studies I,"(3, 3)",Theatre & Film,,
Thea 302,Scene Studies II,"(3, 3)",Theatre & Film,,
Thea 303,Indigenous Storytelling on Screen,"(3, 3)",Theatre & Film,,
Thea 304,Acting Shakespeare,"(3, 3)",Theatre & Film,,
Thea 305,Screenwriting I,"(3, 3)",Theatre & Film,,
Thea 306,Writing the Pilot,"(3, 3)",Theatre & Film,,
Thea 307,Advanced Acting for the Screen,"(3, 3)",Theatre & Film,,
Thea 308,Comedic Screen Acting,"(3, 3)",Theatre & Film,,
Thea 309,Commercial Acting Technique,"(3, 3)",Theatre & Film,,
Thea 310,Acting Styles,"(3, 3)",Theatre & Film,,
Thea 311,Classic Comedy Styles,"(3, 3)",Theatre & Film,,
Thea 312,Voice for the Actor II,"(3, 3)",Theatre & Film,,
Thea 313,Advanced Voice I,"(2, 2)",Theatre & Film,,
Thea 314,Movement for the Actor II,"(2, 2)",Theatre & Film,,
Thea 315,Movement for the Actor III,"(2, 2)",Theatre & Film,,
Thea 316,Business of Acting and Auditioning,"(3, 3)",Theatre & Film,,
Thea 317,Topics in Acting Styles,"(3, 3)",Theatre & Film,,
Thea 320,History of Acting Theories & Techniques,"(3, 3)",Theatre & Film,,
Thea 321,Theatre History I,"(3, 3)",Theatre & Film,,
Thea 322,Theater History II,"(3, 3)",Theatre & Film,,
Thea 323,Film and Aristotle,"(3, 3)",Theatre & Film,,
Thea 324,Commedia dell'Arte,"(3, 3)",Theatre & Film,,
Thea 325,Playwriting,"(3, 3)",Theatre & Film,,
Thea 326,Dramatic Literature I,"(3, 3)",Theatre & Film,,
Thea 327,Dramatic Literature II,"(3, 3)",Theatre & Film,,
Thea 328,Diverse Voices in American Dramatic Lit,"(3, 3)",Theatre & Film,,
Thea 329,Queer Playwriting and American Culture,"(3, 3)",Theatre & Film,,
Thea 330,Stage Combat I,"(2, 2)",Theatre & Film,,
Thea 331,Stage Combat II,"(2, 2)",Theatre & Film,,
Thea 332,Period Movement and Manners,"(2, 2)",Theatre & Film,,
Thea 333,Devised Theatre,"(3, 3)",Theatre & Film,,
Thea 334,The Practice of Clown,"(3, 3)",Theatre & Film,,
Thea 335,The Alexander Technique,"(2, 2)",Theatre & Film,,
Thea 337,Physical Theatre Styles,"(3, 3)",Theatre & Film,,
Thea 338,Technology Lab III,"(1, 1)",Theatre & Film,,
Thea 339,Technology Lab IV,"(1, 1)",Theatre & Film,,
Thea 340,Color Theory for Designers,"(3, 3)",Theatre & Film,,
Thea 341,Property Design and Construction,"(3, 3)",Theatre & Film,,
Thea 342,Unarmed Stage Combat,"(2, 2)",Theatre & Film,,
Thea 343,Single Sword Stage Combat,"(2, 2)",Theatre & Film,,
Thea 344,Broadsword Stage Combat,"(2, 2)",Theatre & Film,,
Thea 345,Rapier and Dagger Stage Combat,"(2, 2)",Theatre & Film,,
Thea 346,Knife Stage Combat,"(2, 2)",Theatre & Film,,
Thea 347,Quarterstaff Stage Combat,"(2, 2)",Theatre & Film,,
Thea 348,Sword and Shield Stage Combat,"(2, 2)",Theatre & Film,,
Thea 349,Smallsword Stage Combat,"(2, 2)",Theatre & Film,,
Thea 350,Editing I,"(3, 3)",Theatre & Film,,
Thea 351,Writing from Stage to Screen,"(3, 3)",Theatre & Film,,
Thea 352,Producing I,"(3, 3)",Theatre & Film,,
Thea 353,Devised Filmmaking,"(3, 3)",Theatre & Film,,
Thea 354,Directing for the Screen I,"(3, 3)",Theatre & Film,,
Thea 355,Advanced Film Production I,"(3, 3)",Theatre & Film,,
Thea 356,Advanced Film Production II,"(3, 3)",Theatre & Film,,
Thea 357,The Black Lens: Circa 1619,"(3, 3)",Theatre & Film,,
Thea 358,The Writer's Room I,"(3, 3)",Theatre & Film,,
Thea 359,The Writer's Room II,"(3, 3)",Theatre & Film,,
Thea 361,Sound Design for Film I,"(3, 3)",Theatre & Film,,
Thea 362,Motion Picture Lighting,"(3, 3)",Theatre & Film,,
Thea 364,Musical Theatre Voice Studies II,"(2, 2)",Theatre & Film,,
Thea 365,Experimental Approaches to Filmmaking,"(3, 3)",Theatre & Film,,
Thea 367,Animation I,"(3, 3)",Theatre & Film,,
Thea 368,Dialects for Stage & Screen,"(3, 3)",Theatre & Film,,
Thea 369,Sound Design I,"(3, 3)",Theatre & Film,,
Thea 370,Scenic Design II,"(3, 3)",Theatre & Film,,
Thea 371,Period Patternmaking,"(3, 3)",Theatre & Film,,
Thea 372,Lighting Design II,"(3, 3)",Theatre & Film,,
Thea 373,Advanced Makeup Techniques for the Stage,"(3, 3)",Theatre & Film,,
Thea 375,Costume Design II,"(3, 3)",Theatre & Film,,
Thea 376,Basic Draping,"(3, 3)",Theatre & Film,,
Thea 378,Fabric Dyeing and Modification,"(3, 3)",Theatre & Film,,
Thea 379,Theatre Production Techniques III,"(3, 3)",Theatre & Film,,
Thea 380,Collaboration Practicum,"(1, 1)",Theatre & Film,,
Thea 381,Advanced Rendering for the Theatre,"(3, 3)",Theatre & Film,,
Thea 383,Production Design I,"(3, 3)",Theatre & Film,,
Thea 385,Introduction to Theatre Management,"(3, 3)",Theatre & Film,,
Thea 386,Stage Management Practicum III,"(1, 1)",Theatre & Film,,
Thea 387,Stage Management Practicum IV,"(1, 1)",Theatre & Film,,
Thea 389,Production Management I,"(3, 3)",Theatre & Film,,
Thea 391,Production Studies IV,"(2, 2)",Theatre & Film,,
Thea 392,Production Studies V,"(2, 2)",Theatre & Film,,
Thea 393,Film Practicum IV,"(3, 3)",Theatre & Film,,
Thea 394,Film Practicum V,"(3, 3)",Theatre & Film,,
Thea 395,Theatre Practicum II,"(1, 1)",Theatre & Film,,
Thea 397,Internship in Theatre & Film,"(1, 3)",Theatre & Film,,
Thea 401,Directed Study in Community Engagement,"(3, 3)",Theatre & Film,,
Thea 403,Directed Performance Studies,"(3, 3)",Theatre & Film,,
Thea 405,Directed Design Studies,"(3, 3)",Theatre & Film,,
Thea 406,Screenwriting II,"(3, 3)",Theatre & Film,,
Thea 407,Writing the Feature I,"(3, 3)",Theatre & Film,,
Thea 408,Writing the Feature II,"(3, 3)",Theatre & Film,,
Thea 410,Acting Process and Integration,"(3, 3)",Theatre & Film,,
Thea 411,Classic Dramatic Styles,"(3, 3)",Theatre & Film,,
Thea 412,Voice for the Actor III,"(3, 3)",Theatre & Film,,
Thea 413,Advanced Voice II,"(2, 2)",Theatre & Film,,
Thea 414,Movement Studies III,"(2, 2)",Theatre & Film,,
Thea 415,Movement Studies IV,"(2, 2)",Theatre & Film,,
Thea 418,Screen Acting Capstone I,"(3, 3)",Theatre & Film,,
Thea 419,Screen Acting Capstone II,"(3, 3)",Theatre & Film,,
Thea 420,Dramatic Theory and Criticism,"(3, 3)",Theatre & Film,,
Thea 421,Musical Theatre History and Literature I,"(3, 3)",Theatre & Film,,
Thea 422,Musical Theatre History & Literature II,"(3, 3)",Theatre & Film,,
Thea 423,Arts Leadership in the Community,"(3, 3)",Theatre & Film,,
Thea 424,Women and Avant-garde Performance,"(3, 3)",Theatre & Film,,
Thea 425,Writing Comedy,"(3, 3)",Theatre & Film,,
Thea 426,Masculinity in American Drama,"(3, 3)",Theatre & Film,,
Thea 431,Film Capstone I,"(3, 3)",Theatre & Film,,
Thea 432,Film Capstone II,"(3, 3)",Theatre & Film,,
Thea 441,Costume Shop Management,"(3, 3)",Theatre & Film,,
Thea 442,Millinery,"(3, 3)",Theatre & Film,,
Thea 444,African Americans in Film and Television,"(3, 3)",Theatre & Film,,
Thea 450,Editing II,"(3, 3)",Theatre & Film,,
Thea 451,Dance/Movement,"(2, 2)",Theatre & Film,,
Thea 452,Dance/Movement,"(2, 2)",Theatre & Film,,
Thea 453,Postproduction Specialties,"(3, 3)",Theatre & Film,,
Thea 454,Directing for the Screen II,"(3, 3)",Theatre & Film,,
Thea 455,Cinematic Storytelling,"(3, 3)",Theatre & Film,,
Thea 456,Documentary Production II,"(3, 3)",Theatre & Film,,
Thea 457,Producing II,"(3, 3)",Theatre & Film,,
Thea 458,Editing Short-Form Content,"(3, 3)",Theatre & Film,,
Thea 460,Cinematography II,"(3, 3)",Theatre & Film,,
Thea 461,Sound Design for Film II,"(3, 3)",Theatre & Film,,
Thea 462,Color Grading,"(3, 3)",Theatre & Film,,
Thea 464,Musical Theatre Voice Studies III,"(2, 2)",Theatre & Film,,
Thea 465,Musical Theatre Performance I,"(3, 3)",Theatre & Film,,
Thea 466,Musical Theatre Performance II,"(3, 3)",Theatre & Film,,
Thea 467,Animation II,"(3, 3)",Theatre & Film,,
Thea 469,Sound Design II,"(3, 3)",Theatre & Film,,
Thea 470,Scenic Design III,"(3, 3)",Theatre & Film,,
Thea 471,Lighting Design III,"(3, 3)",Theatre & Film,,
Thea 473,Basic Tailoring,"(3, 3)",Theatre & Film,,
Thea 474,Costume Design III,"(3, 3)",Theatre & Film,,
Thea 475,CAD Pattern Drafting,"(3, 3)",Theatre & Film,,
Thea 476,Scene Painting II,"(3, 3)",Theatre & Film,,
Thea 478,Drafting II,"(3, 3)",Theatre & Film,,
Thea 479,Costume Design for Film & Television II,"(3, 3)",Theatre & Film,,
Thea 481,Directing,"(3, 3)",Theatre & Film,,
Thea 482,Directing Techniques,"(3, 3)",Theatre & Film,,
Thea 483,Production Design II,"(3, 3)",Theatre & Film,,
Thea 484,Directing Practicum,"(2, 2)",Theatre & Film,,
Thea 487,Stage Management Practicum V,"(1, 1)",Theatre & Film,,
Thea 488,Stage Management Practicum VI,"(1, 1)",Theatre & Film,,
Thea 489,Production Management II,"(3, 3)",Theatre & Film,,
Thea 491,Production Studies VI,"(2, 2)",Theatre & Film,,
Thea 492,Production Studies VII,"(2, 2)",Theatre & Film,,
Thea 493,Film Practicum VI,"(3, 3)",Theatre & Film,,
Thea 494,Film Practicum VII,"(3, 3)",Theatre & Film,,
Thea 495,Theatre Practicum III,"(1, 1)",Theatre & Film,,
Thea 497,Special Topics in Film Production,"(3, 3)",Theatre & Film,,
Thea 498,Special Topics,"(3, 3)",Theatre & Film,,
Thea 499,Senior Seminar,"(3, 3)",Theatre & Film,,
Thesis,UM Thesis,"(0, 0)",,,
TOCP 591,Transitions of Care Patient Care APPE,"(4, 4)",,,
Tran 591,Organ Transplant Advanced Pharmacy Pract,"(4, 4)",Pharmacy Practice,,
Trbn 100,Preparatory Trombone,"(1, 1)",Music,,
Trbn 121,Freshman Trombone I,"(2, 2)",Music,,
Trbn 122,Freshman Trombone II,"(2, 2)",Music,,
Trbn 221,Sophomore Trombone I,"(2, 2)",Music,,
Trbn 222,Sophomore Trombone II,"(2, 2)",Music,,
Trbn 241,Sophomore Trombone Performance I,"(2, 2)",Music,,
Trbn 242,Sophomore Trombone Performance II,"(2, 2)",Music,,
Trbn 321,Junior Trombone I,"(2, 2)",Music,,
Trbn 322,Junior Trombone II,"(2, 2)",Music,,
Trbn 341,Junior Trombone Performance I,"(2, 2)",Music,,
Trbn 342,Junior Trombone Performance II,"(3, 3)",Music,,
Trbn 421,Senior Trombone I,"(2, 2)",Music,,
Trbn 422,Senior Trombone II,"(2, 2)",Music,,
Trbn 441,Senior Trombone Performance I,"(2, 2)",Music,,
Trbn 442,Senior Trombone Performance II,"(3, 3)",Music,,
Trbn 521,Advanced Trombone I,"(2, 2)",Music,,
Trbn 522,Advanced Trombone II,"(2, 2)",Music,,
Trbn 541,Advanced Trombone Performance I,"(2, 2)",Music,,
Trbn 542,Advanced Trombone Performance II,"(2, 2)",Music,,
Trbn 621,Graduate Trombone I,"(2, 2)",Music,,
Trbn 622,Graduate Trombone II,"(2, 2)",Music,,
Trbn 641,Graduate Trombone Performance I,"(2, 2)",Music,,
Trbn 642,Graduate Trombone Performance II,"(2, 2)",Music,,
Trpt 100,Preparatory Trumpet,"(1, 1)",Music,,
Trpt 121,Freshman Trumpet I,"(2, 2)",Music,,
Trpt 122,Freshman Trumpet II,"(2, 2)",Music,,
Trpt 221,Sophomore Trumpet I,"(2, 2)",Music,,
Trpt 222,Sophomore Trumpet II,"(2, 2)",Music,,
Trpt 241,Sophomore Trumpet Performance I,"(2, 2)",Music,,
Trpt 242,Sophomore Trumpet Performance II,"(2, 2)",Music,,
Trpt 321,Junior Trumpet I,"(2, 2)",Music,,
Trpt 322,Junior Trumpet II,"(2, 2)",Music,,
Trpt 341,Junior Trumpet Performance I,"(2, 2)",Music,,
Trpt 342,Junior Trumpet Performance II,"(3, 3)",Music,,
Trpt 421,Senior Trumpet I,"(2, 2)",Music,,
Trpt 422,Senior Trumpet II,"(2, 2)",Music,,
Trpt 441,Senior Trumpet Performance I,"(2, 2)",Music,,
Trpt 442,Senior Trumpet Performance II,"(3, 3)",Music,,
Trpt 521,Advanced Trumpet I,"(2, 2)",Music,,
Trpt 522,Advanced Trumpet II,"(2, 2)",Music,,
Trpt 541,Advanced Trumpet Performance I,"(2, 2)",Music,,
Trpt 542,Advanced Trumpet Performance II,"(2, 2)",Music,,
Trpt 621,Graduate Trumpet I,"(2, 2)",Music,,
Trpt 622,Graduate Trumpet II,"(2, 2)",Music,,
Trpt 641,Graduate Trumpet Performance I,"(2, 2)",Music,,
Trpt 642,Graduate Trumpet Performance II,"(2, 2)",Music,,
Tuba 100,Preparatory Tuba,"(1, 1)",Music,,
Tuba 121,Freshman Tuba I,"(2, 2)",Music,,
Tuba 122,Freshman Tuba II,"(2, 2)",Music,,
Tuba 221,Sophomore Tuba I,"(2, 2)",Music,,
Tuba 222,Sophomore Tuba II,"(2, 2)",Music,,
Tuba 241,Sophomore Tuba Performance I,"(2, 2)",Music,,
Tuba 242,Sophomore Tuba Performance II,"(2, 2)",Music,,
Tuba 321,Junior Tuba I,"(2, 2)",Music,,
Tuba 322,Junior Tuba II,"(2, 2)",Music,,
Tuba 341,Junior Tuba Performance I,"(2, 2)",Music,,
Tuba 342,Junior Tuba Performance II,"(3, 3)",Music,,
Tuba 421,Senior Tuba I,"(2, 2)",Music,,
Tuba 422,Senior Tuba II,"(2, 2)",Music,,
Tuba 441,Senior Tuba Performance I,"(2, 2)",Music,,
Tuba 442,Senior Tuba Performance II,"(3, 3)",Music,,
Tuba 521,Advanced Tuba I,"(2, 2)",Music,,
Tuba 522,Advanced Tuba II,"(2, 2)",Music,,
Tuba 541,Advanced Tuba Performance I,"(2, 2)",Music,,
Tuba 542,Advanced Tuba Performance II,"(2, 2)",Music,,
Tuba 621,Graduate Tuba I,"(2, 2)",Music,,
Tuba 622,Graduate Tuba II,"(2, 2)",Music,,
Tuba 641,Graduate Tuba Performance I,"(2, 2)",Music,,
Tuba 642,Graduate Tuba Performance II,"(2, 2)",Music,,
US 101,Pre-College Seminar,"(3, 3)",,,
US 102,Pre-College Research,"(3, 3)",,,
US 201,National Student Exchange I,"(12, 18)",University Studies,,
US 202,National Student Exchange II,"(12, 18)",University Studies,,
US 301,Intro to Undergraduate Sci Research,"(1, 3)",University Studies,,
US 400,Research Internship Special Experience,"(1, 3)",,,
Vcel 100,Preparatory Violoncello,"(1, 1)",Music,,
Vcel 121,Freshman Violoncello I,"(2, 2)",Music,,
Vcel 122,Freshman Violoncello II,"(2, 2)",Music,,
Vcel 221,Sophomore Violoncello I,"(2, 2)",Music,,
Vcel 222,Sophomore Violoncello II,"(2, 2)",Music,,
Vcel 241,Sophomore Violoncello Performance I,"(2, 2)",Music,,
Vcel 242,Sophomore Violoncello Performance II,"(2, 2)",Music,,
Vcel 321,Junior Violoncello I,"(2, 2)",Music,,
Vcel 322,Junior Violoncello II,"(2, 2)",Music,,
Vcel 341,Junior Violoncello Performance I,"(2, 2)",Music,,
Vcel 342,Junior Violoncello Performance II,"(3, 3)",Music,,
Vcel 421,Senior Violoncello I,"(2, 2)",Music,,
Vcel 422,Senior Violoncello II,"(2, 2)",Music,,
Vcel 441,Senior Violoncello Performance I,"(2, 2)",Music,,
Vcel 442,Senior Violoncello Performance II,"(3, 3)",Music,,
Vcel 521,Advanced Violoncello I,"(2, 2)",Music,,
Vcel 522,Advanced Violoncello II,"(2, 2)",Music,,
Vcel 541,Advanced Violoncello Performance I,"(2, 2)",Music,,
Vcel 542,Advanced Violoncello Performance II,"(2, 2)",Music,,
Vcel 621,Graduate Violoncello I,"(2, 2)",Music,,
Vcel 622,Graduate Violoncello II,"(2, 2)",Music,,
Vcel 641,Graduate Violoncello Performance I,"(2, 2)",Music,,
Vcel 642,Graduate Violoncello Performance II,"(2, 2)",Music,,
Vetp 591,Veterinary Medicine Advanced Pharmacy Pr,"(4, 4)",Pharmacy Practice,,
Vila 100,Preparatory Viola,"(1, 1)",Music,,
Vila 121,Freshman Viola I,"(2, 2)",Music,,
Vila 122,Freshman Viola II,"(2, 2)",Music,,
Vila 221,Sophomore Viola I,"(2, 2)",Music,,
Vila 222,Sophomore Viola II,"(2, 2)",Music,,
Vila 241,Sophomore Viola Performance I,"(2, 2)",Music,,
Vila 242,Sophomore Viola Performance II,"(2, 2)",Music,,
Vila 321,Junior Viola I,"(2, 2)",Music,,
Vila 322,Junior Viola II,"(2, 2)",Music,,
Vila 341,Junior Viola Performance I,"(2, 2)",Music,,
Vila 342,Junior Viola Performance II,"(3, 3)",Music,,
Vila 421,Senior Viola I,"(2, 2)",Music,,
Vila 422,Senior Viola II,"(2, 2)",Music,,
Vila 441,Senior Viola Performance I,"(2, 2)",Music,,
Vila 442,Senior Viola Performance II,"(3, 3)",Music,,
Vila 521,Advanced Viola I,"(2, 2)",Music,,
Vila 522,Advanced Viola II,"(2, 2)",Music,,
Vila 541,Advanced Viola Performance I,"(2, 2)",Music,,
Vila 542,Advanced Viola Performance II,"(2, 2)",Music,,
Vila 621,Graduate Viola I,"(2, 2)",Music,,
Vila 622,Graduate Viola II,"(2, 2)",Music,,
Vila 641,Graduate Viola Performance I,"(2, 2)",Music,,
Vila 642,Graduate Viola Performance II,"(2, 2)",Music,,
Viln 100,Preparatory Violin,"(1, 1)",Music,,
Viln 121,Freshman Violin I,"(2, 2)",Music,,
Viln 122,Freshman Violin II,"(2, 2)",Music,,
Viln 221,Sophomore Violin I,"(2, 2)",Music,,
Viln 222,Sophomore Violin II,"(2, 2)",Music,,
Viln 241,Sophomore Violin Performance I,"(2, 2)",Music,,
Viln 242,Sophomore Violin Performance II,"(2, 2)",Music,,
Viln 321,Junior Violin I,"(2, 2)",Music,,
Viln 322,Junior Violin II,"(2, 2)",Music,,
Viln 341,Junior Violin Performance I,"(2, 2)",Music,,
Viln 342,Junior Violin Performance II,"(3, 3)",Music,,
Viln 421,Senior Violin I,"(2, 2)",Music,,
Viln 422,Senior Violin II,"(2, 2)",Music,,
Viln 441,Senior Violin Performance I,"(2, 2)",Music,,
Viln 442,Senior Violin Performance II,"(3, 3)",Music,,
Viln 521,Advanced Violin I,"(2, 2)",Music,,
Viln 522,Advanced Violin II,"(2, 2)",Music,,
Viln 541,Advanced Violin Performance I,"(2, 2)",Music,,
Viln 542,Advanced Violin Performance II,"(2, 2)",Music,,
Viln 621,Graduate Violin I,"(2, 2)",Music,,
Viln 622,Graduate Violin II,"(2, 2)",Music,,
Viln 641,Graduate Violin Performance I,"(2, 2)",Music,,
Viln 642,Graduate Violin Performance II,"(2, 2)",Music,,
Voic 100,Preparatory Voice,"(1, 1)",Music,,
Voic 121,Freshman Voice I,"(2, 2)",Music,,
Voic 122,Freshman Voice II,"(2, 2)",Music,,
Voic 141,Freshman Applied Voice I,"(4, 4)",Music,,
Voic 142,Freshman Applied Voice II,"(4, 4)",Music,,
Voic 221,Sophomore Voice I,"(2, 2)",Music,,
Voic 222,Sophomore Voice II,"(2, 2)",Music,,
Voic 241,Sophomore Voice Performance I,"(2, 2)",Music,,
Voic 242,Sophomore Voice Performance II,"(2, 2)",Music,,
Voic 321,Junior Voice I,"(2, 2)",Music,,
Voic 322,Junior Voice II,"(2, 2)",Music,,
Voic 341,Junior Voice Performance I,"(2, 2)",Music,,
Voic 342,Junior Voice Performance II,"(3, 3)",Music,,
Voic 343,Junior Coaching I,"(1, 1)",Music,,
Voic 344,Junior Coaching II,"(1, 1)",Music,,
Voic 421,Senior Voice I,"(2, 2)",Music,,
Voic 422,Senior Voice II,"(2, 2)",Music,,
Voic 441,Senior Voice Performance I,"(2, 2)",Music,,
Voic 442,Senior Voice Performance II,"(3, 3)",Music,,
Voic 443,Senior Coaching I,"(1, 1)",Music,,
Voic 444,Senior Coaching II,"(1, 1)",Music,,
Voic 521,Advanced Voice I,"(2, 2)",Music,,
Voic 522,Advanced Voice II,"(2, 2)",Music,,
Voic 523,Advanced Coaching I,"(1, 1)",Music,,
Voic 524,Advanced Coaching II,"(1, 1)",Music,,
Voic 541,Advanced Voice Performance I,"(2, 2)",Music,,
Voic 542,Advanced Voice Performance II,"(2, 2)",Music,,
Voic 621,Graduate Voice I,"(2, 2)",Music,,
Voic 622,Graduate Voice II,"(2, 2)",Music,,
Voic 641,Graduate Voice Performance I,"(2, 2)",Music,,
Voic 642,Graduate Voice Performance II,"(2, 2)",Music,,
Voic 652,Secondary Voice,"(2, 2)",Music,,
Womh 591,Women's Health Advanced Pharmacy Practic,"(4, 4)",Pharmacy Practice,,
Writ 100,Introduction to College Writing,"(3, 3)",Writing & Rhetoric,,
Writ 101,First-Year Writing I,"(3, 3)",Writing & Rhetoric,,
Writ 102,First-Year Writing II,"(3, 3)",Writing & Rhetoric,,
Writ 175,Introduction to Professional Writing,"(3, 3)",Writing & Rhetoric,,
Writ 205,Writing for College and Exploration,"(3, 3)",Writing & Rhetoric,,
Writ 210,Rhetoric I: Foundations to 1650,"(3, 3)",Writing & Rhetoric,,
Writ 220,Survey of Rhetoric,"(3, 3)",Writing & Rhetoric,,
Writ 250,Advanced Composition,"(3, 3)",Writing & Rhetoric,,
Writ 300,Rhetoric of Professional Communication,"(3, 3)",Writing & Rhetoric,,
Writ 301,Responding to Writers,"(3, 3)",Writing & Rhetoric,,
Writ 310,Writing in Professional Contexts,"(3, 3)",Writing & Rhetoric,,
Writ 320,Technical Writing,"(3, 3)",Writing & Rhetoric,,
Writ 340,Contemporary Writing Studies,"(3, 3)",Writing & Rhetoric,,
Writ 345,Community Writing,"(3, 3)",Writing & Rhetoric,,
Writ 350,Writing for Digital Media,"(3, 3)",Writing & Rhetoric,,
Writ 360,Document Design,"(3, 3)",Writing & Rhetoric,,
Writ 370,Editing and Proofreading,"(3, 3)",Writing & Rhetoric,,
Writ 380,Scientific Writing,"(3, 3)",Writing & Rhetoric,,
Writ 381,Writing and Artificial Intelligence,"(3, 3)",Writing & Rhetoric,,
Writ 398,Topics in Writing Studies on Location,"(3, 3)",Writing & Rhetoric,,
Writ 399,Special Topics,"(3, 3)",Writing & Rhetoric,,
Writ 410,Grant Writing,"(3, 3)",Writing & Rhetoric,,
Writ 415,Digital Rhetoric,"(3, 3)",Writing & Rhetoric,,
Writ 440,Writing for Accountancy,"(3, 3)",Writing & Rhetoric,,
Writ 617,Teaching First-year Composition,"(3, 3)",Writing & Rhetoric,,
Writ 671,Theory & Practice of Writing Consulting,"(3, 3)",Writing & Rhetoric,,
WWIRR 499,Internship,"(3, 6)",,,
