courseId,courseName,courseCredits,courseSubject,courseLevel,courseCampus
AAS 287,Independent Study in African American Studies,1-3,Interdisciplinary Studies,Undergraduate,
AAS 291,Undergraduate Teaching in African American Studies,1-3,Interdisciplinary Studies,Undergraduate,
AAS 398A01,Professional Practice: Internship in African American Studies,1-3,Interdisciplinary Studies,Undergraduate,
ACC 131,Financial Accounting,3,Accounting,Undergraduate,
ACC 132,Managerial Accounting,3,Accounting,Undergraduate,
ACC 230,Cost And Management Accounting,3,Accounting,Undergraduate,
ACC 231,Intermediate Accounting I,3,Accounting,Undergraduate,
ACC 232,Intermediate Accounting II,3,Accounting,Undergraduate,
ACC 233,Federal Income Taxation,3,Accounting,Undergraduate,
ACC 235,Auditing,3,Accounting,Undergraduate,
ACC 236,Ethics and Leadership for Accountants,3,Accounting,Undergraduate,
ACC 239,Income Tax Planning,3,Accounting,Undergraduate,
ACC 263,Accounting Information Systems,3,Accounting,Undergraduate,
ACC 287,Independent Study,1-6,Accounting,Undergraduate,
ACC 291,Undergraduate Teaching Experience In Accounting,1-3,Accounting,Undergraduate,
ACC 298,Professional Practice: Internship/Coop Education In Accounting,1-6,Accounting,Undergraduate,
ACC 299,Independent Honor Study,1-6,Accounting,Undergraduate,
ACC 303,Sustainability and ESG Reporting,3,Accounting,Undergraduate,
ACC 330,Accounting For Non-Profit Entities,3,Accounting,Undergraduate,
ACC 334,Advanced Tax,3,Accounting,Undergraduate,
ACC 336,Advanced Auditing,3,Accounting,Undergraduate,
ACC 337,Advanced Financial Accounting,3,Accounting,Undergraduate,
ACC 340,International Accounting,3,Accounting,Undergraduate,
ACC 353,Forensic Analytics,3,Accounting,Undergraduate,
ACC 398,Professional Practice: Internship In Accounting,1-6,Accounting,Undergraduate,
ACC 400,Independent Study,1-4,Accounting,Graduate,
ACC 403,Sustainability & ESG Reporting,3,Accounting,Graduate,
ACC 410,Accounting For Non-Profit Entities,3,Accounting,Graduate,
ACC 430,Financial Accounting Theory,3-4,Accounting,Graduate,
ACC 431,Current Issues In Accounting,3-4,Accounting,Graduate,
ACC 434,Federal Taxes And Management Decisions,3,Accounting,Graduate,
ACC 435,Auditing Issues And Cases,3-4,Accounting,Graduate,
ACC 437,Financial Statement Analysis/Equity Valuation,3,Accounting,Graduate,
ACC 439,Managerial Accounting Theory,3,Accounting,Graduate,
ACC 440,International Accounting,3,Accounting,Graduate,
ACC 444,Advanced Tax,3,Accounting,Graduate,
ACC 446,Advanced Auditing,3,Accounting,Graduate,
ACC 447,Advanced Financial Accounting,3,Accounting,Graduate,
ACC 451,Forensic Analytics,3,Accounting,Graduate,
ACC 452,Fraud Examination and Forensic Accounting,3,Accounting,Graduate,
ACC 453,Advanced Forensic Analytics,3,Accounting,Graduate,
ACC 497,Introduction To Research Methodology,3-4,Accounting,Graduate,
ACC 498,Professional Practice: Internship In Accounting,1-3,Accounting,Graduate,
ACC 398A01,Professional Practice: Internship In Business Information Systems,1-6,Accounting,Undergraduate,
ACC 498A01,Professional Practice: Internship In Business Information Systems,1-6,Accounting,Graduate,
AGR 109,Introduction To The Agricultural Industry,3,Agriculture,Undergraduate,
AGR 110,Introductory Agricultural Economics,3,Agriculture,Undergraduate,
AGR 120,Introductory Horticulture,3,Agriculture,Undergraduate,
AGR 130,Introduction To Agricultural Engineering Technology,3,Agriculture,Undergraduate,
AGR 150,Principles Of Agronomy,4,Agriculture,Undergraduate,
AGR 157,Soil Science,4,Agriculture,Undergraduate,
AGR 170,Introduction To Animal Science,4,Agriculture,Undergraduate,
AGR 190,Introduction To Agricultural Education,2,Agriculture,Undergraduate,
AGR 191,Introduction To Agricultural Education Teacher Licensure,2,Agriculture,Undergraduate,
AGR 192,Introduction To Agricultural Communications And Leadership,1,Agriculture,Undergraduate,
AGR 198,Professional Practice: Farm Internship,1-6,Agriculture,Undergraduate,
AGR 201,"Resources, Food & Society: A Global Perspective",3,Agriculture,Undergraduate,
AGR 203,Agriculture And The Environment,3,Agriculture,Undergraduate,
AGR 205,Microcomputer Applications In Agriculture,3,Agriculture,Undergraduate,
AGR 213,Farm Management,3,Agriculture,Undergraduate,
AGR 214,Agriculture Marketing,3,Agriculture,Undergraduate,
AGR 215,Farm Supply & Food Industry Management,3,Agriculture,Undergraduate,
AGR 216,Financial Accounting For Agricultural Producers,3,Agriculture,Undergraduate,
AGR 220,Animal Growth and Development,3,Agriculture,Undergraduate,
AGR 225,Renewable Energy & Agriculture,3,Agriculture,Undergraduate,
AGR 231,Managing & Teaching In Agricultural & Technology Laboratories,3,Agriculture,Undergraduate,
AGR 234,Soil And Water Conservation,3,Agriculture,Undergraduate,
AGR 236,Livestock Parturition and Breeding Management,3,Agriculture,Undergraduate,
AGR 251,Forage Management,3,Agriculture,Undergraduate,
AGR 252,Urban Landscape Management,3,Agriculture,Undergraduate,
AGR 254,Herbaceous Plant Material,3,Agriculture,Undergraduate,
AGR 255,Landscape Plants - Fall,3,Agriculture,Undergraduate,
AGR 256,Landscape Plants II,3,Agriculture,Undergraduate,
AGR 257,Fruit And Vegetable Production,3,Agriculture,Undergraduate,
AGR 262,Ornamental Plant Production,3,Agriculture,Undergraduate,
AGR 271,Foods Of Animal Origin,3,Agriculture,Undergraduate,
AGR 272,Agricultural Genetics,3,Agriculture,Undergraduate,
AGR 275,Introduction To Animal Nutrition,4,Agriculture,Undergraduate,
AGR 280,Livestock And Dairy Cattle Selection,3,Agriculture,Undergraduate,
AGR 282,Anatomy and Physiology of Livestock,3,Agriculture,Undergraduate,
AGR 283,Reproductive Physiology Of Livestock,3,Agriculture,Undergraduate,
AGR 285,Meat Science,3,Agriculture,Undergraduate,
AGR 286,Behavior and Welfare of Domestic Animals,3,Agriculture,Undergraduate,
AGR 287,Independent Study,1-6,Agriculture,Undergraduate,
AGR 288,Advanced Livestock And Dairy Cattle Selection,3,Agriculture,Undergraduate,
AGR 291,Undergraduate Teaching Experiences In Agriculture,1-3,Agriculture,Undergraduate,
AGR 292,Health and Disease of Livestock,3,Agriculture,Undergraduate,
AGR 293,Verbal Communication in Agriculture,3,Agriculture,Undergraduate,
AGR 295,Summer Experience In Agriculture Education,3,Agriculture,Undergraduate,
AGR 299,Independent Honor Study,1-6,Agriculture,Undergraduate,
AGR 302,Special Problems In Agriculture,1-3,Agriculture,Undergraduate,
AGR 304,Geospatial Technologies In Agriculture,3,Agriculture,Undergraduate,
AGR 305,Crop Growth And Development,4,Agriculture,Undergraduate,
AGR 306,Weed Science,3,Agriculture,Undergraduate,
AGR 308,Swine Management,3,Agriculture,Undergraduate,
AGR 309,Beef Management,3,Agriculture,Undergraduate,
AGR 311,Strategic Agribusiness Sales,3,Agriculture,Undergraduate,
AGR 312,Managerial Accounting For Agricultural Producers,3,Agriculture,Undergraduate,
AGR 315,Financial Management And Analysis Of The Agribusiness Firm,3,Agriculture,Undergraduate,
AGR 317,Food Industry Marketing & Strategic Management,3,Agriculture,Undergraduate,
AGR 318,Agricultural Finance,3,Agriculture,Undergraduate,
AGR 319,Agricultural Policies And Programs,3,Agriculture,Undergraduate,
AGR 320,Farm Commodity Pricing,3,Agriculture,Undergraduate,
AGR 324,Commodity Futures And Options,3,Agriculture,Undergraduate,
AGR 325,Equine Management I,3,Agriculture,Undergraduate,
AGR 326,Small Ruminant Management,3,Agriculture,Undergraduate,
AGR 327,Equine Industry and Marketing,3,Agriculture,Undergraduate,
AGR 346,Organic Crop Production,3,Agriculture,Undergraduate,
AGR 347,Sustainable Urban Agriculture,3,Agriculture,Undergraduate,
AGR 352,Residential & Sports Turf Management,3,Agriculture,Undergraduate,
AGR 353,Landscape Design,3,Agriculture,Undergraduate,
AGR 355,Plant Breeding And Biotechnology,3,Agriculture,Undergraduate,
AGR 357,Soil Fertility And Fertilizers,4,Agriculture,Undergraduate,
AGR 362,Pest Identification And Management,3,Agriculture,Undergraduate,
AGR 363,Agricultural Statistics,3,Agriculture,Undergraduate,
AGR 364,Advanced Agronomy,3,Agriculture,Undergraduate,
AGR 365,Production Livestock Management,3,Agriculture,Undergraduate,
AGR 372,Applied Reproduction and Breeding Management,3,Agriculture,Undergraduate,
AGR 375,Animal Nutrition,3,Agriculture,Undergraduate,
AGR 380,Current Issues In Livestock Industry,3,Agriculture,Undergraduate,
AGR 390,Program Planning and Evaluation in Agricultural Education,3,Agriculture,Undergraduate,
AGR 391,"Team & Organizational Leadership, Communication, & Change",3,Agriculture,Undergraduate,
AGR 392,Principles of Agricultural Leadership,3,Agriculture,Undergraduate,
AGR 394,Methods And Procedures In Agricultural Education,3,Agriculture,Undergraduate,
AGR 395,Professional Seminar In Agriculture Education,2,Agriculture,Undergraduate,
AGR 398,Professional Practice: Internship In Agriculture,1-6,Agriculture,Undergraduate,
AGR 399,Student Teaching In Agriculture,1-16,Agriculture,Undergraduate,
AGR 400,Independent Study,1-4,Agriculture,Graduate,
AGR 403,Graduate Seminar In Agriculture,1,Agriculture,Graduate,
AGR 404,Geospatial Technologies In Agriculture,3,Agriculture,Graduate,
AGR 405,Crop Growth And Development,3,Agriculture,Graduate,
AGR 406,Weed Science,3,Agriculture,Graduate,
AGR 408,Swine Management,3,Agriculture,Graduate,
AGR 409,Beef Management,3,Agriculture,Graduate,
AGR 415,Financial Management And Analysis Of The Agribusiness Firm,3,Agriculture,Graduate,
AGR 417,Food Industry Marketing & Strategic Management,3,Agriculture,Graduate,
AGR 418,Advanced Agricultural Finance,3,Agriculture,Graduate,
AGR 420,Management Of Market Risk In Agribusiness,3,Agriculture,Graduate,
AGR 421,Farm Commodity Pricing,3,Agriculture,Graduate,
AGR 422,International Trade Of Agricultural Products,3,Agriculture,Graduate,
AGR 425,Equine Management I,3,Agriculture,Graduate,
AGR 426,Small Ruminant Management,3,Agriculture,Graduate,
AGR 427,Agricultural Finance,3,Agriculture,Graduate,
AGR 428,Commodity Futures And Options,3,Agriculture,Graduate,
AGR 431,Curriculum and Skill Development in Agricultural Mechanics,3,Agriculture,Graduate,
AGR 445,Statistics in Applied Science and Technology,3,Agriculture,Graduate,
AGR 446,Organic Crop Production,3,Agriculture,Graduate,
AGR 447,Sustainable Urban Agriculture,3,Agriculture,Graduate,
AGR 452,Residential & Sports Turf Management,3,Agriculture,Graduate,
AGR 455,Plant Breeding And Biotechnology,3,Agriculture,Graduate,
AGR 457,Soil Fertility And Fertilizers,4,Agriculture,Graduate,
AGR 462,Pest Identification and Management,3,Agriculture,Graduate,
AGR 463,Agricultural Statistics,3,Agriculture,Graduate,
AGR 464,Advanced Agronomy,3,Agriculture,Graduate,
AGR 465,Production Livestock Management,3,Agriculture,Graduate,
AGR 472,Applied Reproduction and Breeding Management,3,Agriculture,Graduate,
AGR 475,Animal Nutrition,3,Agriculture,Graduate,
AGR 480,Current Issues in Livestock Industry,3,Agriculture,Graduate,
AGR 483,Agricultural Safety And Health,3,Agriculture,Graduate,
AGR 484,Curriculum for Agricultural Science Education,3,Agriculture,Graduate,
AGR 485,Special Topics in Agricultural Education,3,Agriculture,Graduate,
AGR 486,Youth Development in Agricultural Education,3,Agriculture,Graduate,
AGR 490,Program Planning & Evaluation in Agricultural Education,3,Agriculture,Graduate,
AGR 491,Foundations of Agricultural Education,3,Agriculture,Graduate,
AGR 492,Agricultural Leadership,3,Agriculture,Graduate,
AGR 494,Methods And Procedures In Agricultural Education,3,Agriculture,Graduate,
AGR 495,College Teaching in Agriculture and Applied Sciences,3,Agriculture,Graduate,
AGR 497,Research Methodology In Agriculture,3,Agriculture,Graduate,
AGR 499,Independent Research For The Masters Thesis,1-6,Agriculture,Graduate,
AGR 485A01,Special Topics in Agricultural Education: Animal and Veterinary Science,3,Agriculture,Graduate,
AGR 485A02,Special Topics in Agricultural Education- Plant Systems,3,Agriculture,Graduate,
AGR 499A90,Independent Research For The Masters Thesis - Last Term,1-6,Agriculture,Graduate,
ANT 102,Human Origins: An Introduction to Biological Anthropology and Archaeology,3,Sociology and Anthropology,Undergraduate,
ANT 105,People And Food,3,Sociology and Anthropology,Undergraduate,
ANT 143,Unity And Diversity In Language,3,Sociology and Anthropology,Undergraduate,
ANT 176,"Culture, Power, And Civic Life",3,Sociology and Anthropology,Undergraduate,
ANT 185,Cultures Of The World: An Introduction To Cultural & Linguistic Anthropology,3,Sociology and Anthropology,Undergraduate,
ANT 197,Lost Continents and Alien Pyramids,3,Sociology and Anthropology,Undergraduate,
ANT 201,Reconstructing the Past with Experimental Archaeology,3,Sociology and Anthropology,Undergraduate,
ANT 210,Indigenous South America,3,Sociology and Anthropology,Undergraduate,
ANT 265,Explorations in Biological Anthropology,3,Sociology and Anthropology,Undergraduate,
ANT 270,Anthropology of Gender and Sexuality,3,Sociology and Anthropology,Undergraduate,
ANT 273,Foodways,3,Sociology and Anthropology,Undergraduate,
ANT 274,Explorations in Archaeology,3,Sociology and Anthropology,Undergraduate,
ANT 277,Explorations in Language and Culture,3,Sociology and Anthropology,Undergraduate,
ANT 278,Introduction To Asian America,3,Sociology and Anthropology,Undergraduate,
ANT 280,Cherokee Culture To 1830,3,Sociology and Anthropology,Undergraduate,
ANT 281,Explorations in Cultural Anthropology,3,Sociology and Anthropology,Undergraduate,
ANT 287,Independent Study In Anthropology,1-6,Sociology and Anthropology,Undergraduate,
ANT 291,Undergraduate Teaching Experience In Anthropology,1-3,Sociology and Anthropology,Undergraduate,
ANT 292,Careers For Sociology and Anthropology Majors,1,Sociology and Anthropology,Undergraduate,
ANT 294,Japanese Society And Culture,3,Sociology and Anthropology,Undergraduate,
ANT 299,Independent Honor Study In Anthropology,1-6,Sociology and Anthropology,Undergraduate,
ANT 301,Archaeology Laboratory,3,Sociology and Anthropology,Undergraduate,
ANT 302,Studying Culture: Fieldwork Methods in Cultural Anthropology,3,Sociology and Anthropology,Undergraduate,
ANT 303,Latin America In Ethnographic Perspective,3,Sociology and Anthropology,Undergraduate,
ANT 307,"Japanese Diasporas, Culture & Identity",3,Sociology and Anthropology,Undergraduate,
ANT 308,Voices of Global Japan,3,Sociology and Anthropology,Undergraduate,
ANT 342,Sociolinguistics,3,Sociology and Anthropology,Undergraduate,
ANT 343,"Food, Place, and Power",3,Sociology and Anthropology,Undergraduate,
ANT 350,The Human Fossil Record,3,Sociology and Anthropology,Undergraduate,
ANT 351,Midwestern Archeology,3,Sociology and Anthropology,Undergraduate,
ANT 352,Colonial Latin America,3,Sociology and Anthropology,Undergraduate,
ANT 353,Funerary Archeology,3,Sociology and Anthropology,Undergraduate,
ANT 362,"Plagues, Pandemics, and People",3,Sociology and Anthropology,Undergraduate,
ANT 365,The Origins and Evolution of Language,3,Sociology and Anthropology,Undergraduate,
ANT 368,Archaeological Ethics and Law,3,Sociology and Anthropology,Undergraduate,
ANT 370,Zooarchaeology,3,Sociology and Anthropology,Undergraduate,
ANT 371,Human Osteology,4,Sociology and Anthropology,Undergraduate,
ANT 372,Human Paleopathology & Skeletal Analysis,3,Sociology and Anthropology,Undergraduate,
ANT 373,Forensic Anthropology,3,Sociology and Anthropology,Undergraduate,
ANT 374,Introduction To Museum Studies,3,Sociology and Anthropology,Undergraduate,
ANT 375,Landscape Archaeology,3,Sociology and Anthropology,Undergraduate,
ANT 378,Evolution and Human Biological Diversity,3,Sociology and Anthropology,Undergraduate,
ANT 379,"Guns, God, and Gynecology: Symbols In American Culture",3,Sociology and Anthropology,Undergraduate,
ANT 380,Key Concepts In Anthropology History And Theory,3,Sociology and Anthropology,Undergraduate,
ANT 381,Archaeological Field School,1-9,Sociology and Anthropology,Undergraduate,
ANT 382,Senior Thesis,3,Sociology and Anthropology,Undergraduate,
ANT 383,Studies In Selected Cultures,3,Sociology and Anthropology,Undergraduate,
ANT 384,North American Archaeology,3,Sociology and Anthropology,Undergraduate,
ANT 385,Media And Visual Anthropology,3,Sociology and Anthropology,Undergraduate,
ANT 386,Archaeology Theory,3,Sociology and Anthropology,Undergraduate,
ANT 393,Primate Behavior and Evolution,3,Sociology and Anthropology,Undergraduate,
ANT 398,Professional Practice: Internship/Co-Op In Anthropology,1-6,Sociology and Anthropology,Undergraduate,
ANT 400,Independent Study In Anthropology,1-4,Sociology and Anthropology,Graduate,
ANT 401,Archaeology Laboratory,3,Sociology and Anthropology,Graduate,
ANT 402,Studying Culture: Advanced Fieldwork Methods in Cultural Anthropology,3,Sociology and Anthropology,Graduate,
ANT 403,Advanced Latin America In Ethnographic Perspective,3,Sociology and Anthropology,Graduate,
ANT 407,"Japanese Diasporas, Culture, and Identity",3,Sociology and Anthropology,Graduate,
ANT 408,Voices of Global Japan,3,Sociology and Anthropology,Graduate,
ANT 423,Studies in Selected Cultures,3,Sociology and Anthropology,Graduate,
ANT 442,Sociolinguistics,3,Sociology and Anthropology,Graduate,
ANT 443,"Food, Place, and Power",3,Sociology and Anthropology,Graduate,
ANT 450,The Human Fossil Record,3,Sociology and Anthropology,Graduate,
ANT 452,Colonial Latin America,3,Sociology and Anthropology,Graduate,
ANT 453,Funerary Archeology,3,Sociology and Anthropology,Graduate,
ANT 460,Research Design In Anthropology,3,Sociology and Anthropology,Graduate,
ANT 461,Social Theory,3,Sociology and Anthropology,Graduate,
ANT 462,"Plagues, Pandemics, and People",3,Sociology and Anthropology,Graduate,
ANT 465,The Origins and Evolution of Language,3,Sociology and Anthropology,Graduate,
ANT 470,Advanced Zooarchaeology,3,Sociology and Anthropology,Graduate,
ANT 471,Human Osteology,4,Sociology and Anthropology,Graduate,
ANT 472,Advanced Human Paleopathology And Skeletal Analysis,3,Sociology and Anthropology,Graduate,
ANT 473,Forensic Anthropology,3,Sociology and Anthropology,Graduate,
ANT 474,Advanced Museum Studies,3,Sociology and Anthropology,Graduate,
ANT 475,Landscape Archaeology,3,Sociology and Anthropology,Graduate,
ANT 478,Evolution and Human Biological Diversity,3,Sociology and Anthropology,Graduate,
ANT 479,"Guns, God, and Gynecology: Symbols In American Culture",3,Sociology and Anthropology,Graduate,
ANT 481,Advanced Archaeological Field School,3-6,Sociology and Anthropology,Graduate,
ANT 483,Advanced Midwestern Archaeology,3,Sociology and Anthropology,Graduate,
ANT 484,Advanced North American Archaeology,3,Sociology and Anthropology,Graduate,
ANT 485,Advanced Study Of Asian America,3,Sociology and Anthropology,Graduate,
ANT 486,Advanced Archaeological Theory,3,Sociology and Anthropology,Graduate,
ANT 488,Advanced Archaeological Ethics And Law,3,Sociology and Anthropology,Graduate,
ANT 494,Advanced Primate Behavior And Evolution,3,Sociology and Anthropology,Graduate,
ANT 496,Media and Visual Anthropology,3,Sociology and Anthropology,Graduate,
ANT 497,Capstone Research In Applied Community And Economic Development,6,Sociology and Anthropology,Graduate,
ANT 498,Professional Practice In Anthropology,1-6,Sociology and Anthropology,Graduate,
ANT 499,Independent Research For The Master's Thesis,1-6,Sociology and Anthropology,Graduate,
ANT 398A02,Professional Practice: Research Apprenticeship Anthropology,3,Sociology and Anthropology,Undergraduate,
ANT 498A90,Professional Practice In Anthropology Final Year,1-6,Sociology and Anthropology,Graduate,
ANT 499A90,Independent Research For The Master'S Thesis Final Term,1,Sociology and Anthropology,Graduate,
ART 103,Visual Thinking: 2-D Fundamentals,3,Art and Design,Undergraduate,
ART 104,Visual Thinking: Drawing Fundamentals,3,Art and Design,Undergraduate,
ART 105,Ceramics for Non-Majors,3,Art and Design,Undergraduate,
ART 109,Visual Thinking: 3-D Fundamentals,3,Art and Design,Undergraduate,
ART 155,Survey Of Art I,3,Art and Design,Undergraduate,
ART 156,Survey Of Art II,3,Art and Design,Undergraduate,
ART 175,Gender and Identity in Art & Visual Culture,3,Art and Design,Undergraduate,
ART 176,Arts And Society: Visual Arts,3,Art and Design,Undergraduate,
ART 201,"Media, Techniques & Inquiry For Elementary & Middle Level School",3,Art and Design,Undergraduate,
ART 202,Digital Media Design I,3,Art and Design,Undergraduate,
ART 204,Arts Integration in Early Childhood and Elementary Education: Visual Arts focus,3,Art and Design,Undergraduate,
ART 208,Arts For Early Childhood: Visual Art,3,Art and Design,Undergraduate,
ART 211,"Media, Techniques & Inquiry For Middle-Level and High Schools",3,Art and Design,Undergraduate,
ART 212,Teaching In The Digital Art Studio,3,Art and Design,Undergraduate,
ART 213,Life Drawing,3,Art and Design,Undergraduate,
ART 214,Intermediate Drawing,3,Art and Design,Undergraduate,
ART 216,Graphic Design History,3,Art and Design,Undergraduate,
ART 217,Animation: Drawing and Stop Motion,3,Art and Design,Undergraduate,
ART 224,Metal Work And Jewelry Design I,3,Art and Design,Undergraduate,
ART 225,Metal Work And Jewelry Design II,3,Art and Design,Undergraduate,
ART 226,Graphic Design I,3,Art and Design,Undergraduate,
ART 227,Graphic Design II,3,Art and Design,Undergraduate,
ART 228,Handbuilding,3,Art and Design,Undergraduate,
ART 229,Wheel Thrown Pottery,3,Art and Design,Undergraduate,
ART 232,Sculpture I,3,Art and Design,Undergraduate,
ART 233,Sculpture II,3,Art and Design,Undergraduate,
ART 235,Black and White Darkroom Photography,3,Art and Design,Undergraduate,
ART 236,Digital Photography,3,Art and Design,Undergraduate,
ART 238,Wood/Metal Design 1,3,Art and Design,Undergraduate,
ART 240,Greek Art and Architecture,3,Art and Design,Undergraduate,
ART 241,Roman Art and Architecture,3,Art and Design,Undergraduate,
ART 242,Medieval Art and Architecture,3,Art and Design,Undergraduate,
ART 244,Italian Renaissance and Baroque Art and Architecture,3,Art and Design,Undergraduate,
ART 245,Intaglio I,3,Art and Design,Undergraduate,
ART 246,Lithography I,3,Art and Design,Undergraduate,
ART 252,Video I,3,Art and Design,Undergraduate,
ART 253,Video II,3,Art and Design,Undergraduate,
ART 255,Glass I,3,Art and Design,Undergraduate,
ART 261,Painting Survey,3,Art and Design,Undergraduate,
ART 263,Northern Renaissance and Baroque Art and Architecture,3,Art and Design,Undergraduate,
ART 266,European Art from Neoclassicism Through Impressionism,3,Art and Design,Undergraduate,
ART 267,History of Photography,3,Art and Design,Undergraduate,
ART 270,Illustration: Exploring Narrative,3,Art and Design,Undergraduate,
ART 271,Illustration: Exploring Sequence,3,Art and Design,Undergraduate,
ART 272,Illustration Methods and Digital Technique,3,Art and Design,Undergraduate,
ART 275,World Arts: Visual Arts,3,Art and Design,Undergraduate,
ART 280,Modern Art,3,Art and Design,Undergraduate,
ART 281,Contemporary Art,3,Art and Design,Undergraduate,
ART 282,Art History Abroad,3,Art and Design,Undergraduate,
ART 283,Global Modern/Contemporary Art,3,Art and Design,Undergraduate,
ART 284,Expanded Media I,3,Art and Design,Undergraduate,
ART 287,Independent Study,1-6,Art and Design,Undergraduate,
ART 290,Art History Research And Professional Skills,3,Art and Design,Undergraduate,
ART 291,Undergraduate Teaching Experience In Art,1-3,Art and Design,Undergraduate,
ART 299,Independent Honor Study,1-6,Art and Design,Undergraduate,
ART 302,Digital Media Design II,3,Art and Design,Undergraduate,
ART 303,Seminar in Art Beyond the Western Tradition,3,Art and Design,Undergraduate,
ART 304,Seminar in Ancient and Medieval Art and Architecture,3,Art and Design,Undergraduate,
ART 305,Seminar in Renaissance and Baroque Art and Architecture,3,Art and Design,Undergraduate,
ART 306,Seminar in Modern and Contemporary Art and Architecture,3-6,Art and Design,Undergraduate,
ART 307,Art For Diverse Populations,3,Art and Design,Undergraduate,
ART 308,Digital Media Design III,3,Art and Design,Undergraduate,
ART 309,Professional Art Education Sequence,3,Art and Design,Undergraduate,
ART 311,"Seminar in Visual Culture, History, and Theory",3,Art and Design,Undergraduate,
ART 312,Applied Illustration,3,Art and Design,Undergraduate,
ART 314,Topics in Drawing,3,Art and Design,Undergraduate,
ART 315,Topics In Graphic Design,3,Art and Design,Undergraduate,
ART 317,Advanced Animation: Drawing and Stop Motion,3,Art and Design,Undergraduate,
ART 318,Topics in Painting,3,Art and Design,Undergraduate,
ART 323,Typography,3,Art and Design,Undergraduate,
ART 324,Metal Work And Jewelry Design III,3,Art and Design,Undergraduate,
ART 325,Advanced Metal Work and Jewelry Design,2-4,Art and Design,Undergraduate,
ART 326,Graphic Design III,3,Art and Design,Undergraduate,
ART 328,Advanced Ceramic Inquiry,3,Art and Design,Undergraduate,
ART 331,Advanced Drawing,3,Art and Design,Undergraduate,
ART 332,Sculpture III,3,Art and Design,Undergraduate,
ART 333,Topics In Advanced Photography,3,Art and Design,Undergraduate,
ART 335,Advanced Photography,3,Art and Design,Undergraduate,
ART 336,Graphic Design IV,3,Art and Design,Undergraduate,
ART 337,B.A./B.S. Senior Studio,3,Art and Design,Undergraduate,
ART 338,B.F.A. Senior Studio I,3,Art and Design,Undergraduate,
ART 340,B.F.A. Senior Studio II,3,Art and Design,Undergraduate,
ART 341,Digital Clay,3,Art and Design,Undergraduate,
ART 342,Ceramics Raw Materials Lab,3,Art and Design,Undergraduate,
ART 345,Intaglio II,2-6,Art and Design,Undergraduate,
ART 346,Lithography II,3,Art and Design,Undergraduate,
ART 347,Advanced Printmaking,3,Art and Design,Undergraduate,
ART 349,Visiting Artist Seminar,3,Art and Design,Undergraduate,
ART 350,Art Career Practices,3,Art and Design,Undergraduate,
ART 352,Rendering For Interior Designers,3,Art and Design,Undergraduate,
ART 355,Glass II,3,Art and Design,Undergraduate,
ART 357,Expanded Media II,3,Art and Design,Undergraduate,
ART 361,Studio Practice and Critique,3,Art and Design,Undergraduate,
ART 363,Color Theory,3,Art and Design,Undergraduate,
ART 364,Advanced Group Studies in Glass,3,Art and Design,Undergraduate,
ART 371,Digital 3D,3,Art and Design,Undergraduate,
ART 391,Undergraduate Teaching Experience In Art,1-3,Art and Design,Undergraduate,
ART 394,Bachelor Of Fine Arts Seminar,3,Art and Design,Undergraduate,
ART 395,Undergraduate Seminar In Art History,3,Art and Design,Undergraduate,
ART 396,Design Streak Studio,3,Art and Design,Undergraduate,
ART 399,Student Teaching In Art,1-16,Art and Design,Undergraduate,
ART 400,Independent Study,1-4,Art and Design,Graduate,
ART 401,Foundations Of Art Education,3,Art and Design,Graduate,
ART 402,Issues In Art Education,3,Art and Design,Graduate,
ART 403,Curriculum In Art Education,3,Art and Design,Graduate,
ART 404,Seminar in Ancient and Medieval Art and Architecture,3,Art and Design,Graduate,
ART 406,Seminar in Modern and Contemporary Art and Architecture,3,Art and Design,Graduate,
ART 407,Art For Diverse Populations,3,Art and Design,Graduate,
ART 409,Professional Art Education Sequence,3,Art and Design,Graduate,
ART 411,"Graduate Seminar in Visual Culture, History, and Theory",0,Art and Design,Graduate,
ART 414,Topics in Drawing,3,Art and Design,Graduate,
ART 415,Seminar in Renaissance and Baroque Art,3,Art and Design,Graduate,
ART 418,Topics in Painting,3,Art and Design,Graduate,
ART 419,Topics in Advanced Photography,3,Art and Design,Graduate,
ART 430,"Media, Techniques & Inquiry for Secondary Schools",3,Art and Design,Graduate,
ART 435,Advanced Photography,3,Art and Design,Graduate,
ART 461,Studio Practice and Critique,3,Art and Design,Graduate,
ART 463,Color Theory,3,Art and Design,Graduate,
ART 494,Masters Of Fine Arts Seminar,3,Art and Design,Graduate,
ART 495,Graduate Seminar In Art History,3,Art and Design,Graduate,
ART 496,Master Fine Arts Exhibition And Supportive Statement,1-6,Art and Design,Graduate,
ART 497,Introduction To Research Methodology,3,Art and Design,Graduate,
ART 498,Internship In Art,1-9,Art and Design,Graduate,
ART 499,Independent Research For The Master's Thesis,1-6,Art and Design,Graduate,
ART 304A01,Seminar in Ancient and Medieval Art and Architecture: Pompeii,3,Art and Design,Undergraduate,
ART 304A02,Seminar in Ancient and Medieval Art and Architecture: Art of Death in Ancient Italy,3,Art and Design,Undergraduate,
ART 305A01,Seminar in Renaissance and Baroque Art and Architecture: Women in the arts 1400-1750,3,Art and Design,Undergraduate,
ART 305A02,Seminar in Renaissance and Baroque Art/Architecture: Global Exchanges in Renaissance Art,3,Art and Design,Undergraduate,
ART 305A03,Seminar in Renaissance and Baroque Art and Architecture: Renaissance and Baroque Printmaking,3,Art and Design,Undergraduate,
ART 306A01,Seminar in Modern and Contemporary Art and Architecture: Dada and Its Heritage,3,Art and Design,Undergraduate,
ART 306A02,Seminar in Modern and Contemporary Art and Architecture: History of Collage and Montage,3,Art and Design,Undergraduate,
ART 306A03,Seminar in Modern and Contemporary Art and Architecture: Contemporary Art in a Globalized World,3,Art and Design,Undergraduate,
ART 309A01,"Professional Art Education Sequence, Primary & Middle Grades",3,Art and Design,Undergraduate,
ART 309A02,"Professional Art Education Sequence, Secondary Grades",3,Art and Design,Undergraduate,
ART 311A01,"Seminar in Visual Culture, History, and Theory: Craft and Modern/Contemporary Art",3,Art and Design,Undergraduate,
ART 311A02,"Seminar in Visual Culture, History, and Theory: Gender & Identity in Art and Visual Culture",3,Art and Design,Undergraduate,
ART 311A03,"Seminar in Visual Culture, History, and Theory: Text & Textiles",3,Art and Design,Undergraduate,
ART 311A04,"Seminar in Visual Culture, History, and Theory: Critical and Visual Theory",3,Art and Design,Undergraduate,
ART 351A01,Special Projects: Art,2-6,Art and Design,Undergraduate,
ART 351A03,Special Projects: Glass,2-6,Art and Design,Undergraduate,
ART 351A13,Special Projects: Sculpture,2-6,Art and Design,Undergraduate,
ART 351A16,Special Projects: Photography,2-6,Art and Design,Undergraduate,
ART 351A17,Special Projects: Graphic Design,2-6,Art and Design,Undergraduate,
ART 351A21,Special Projects: Printmaking,2-6,Art and Design,Undergraduate,
ART 351A24,Special Projects: Painting,2-6,Art and Design,Undergraduate,
ART 351A25,Special Projects: Ceramics,2-6,Art and Design,Undergraduate,
ART 351A26,Special Projects Jewelry,2-6,Art and Design,Undergraduate,
ART 351A27,Special Projects: Art Education,2-6,Art and Design,Undergraduate,
ART 351A29,Special Projects: Drawing,2-6,Art and Design,Undergraduate,
ART 351A30,Special Projects: Art History,2-6,Art and Design,Undergraduate,
ART 351A45,Special Projects: Advanced Three Dimensional Design,2-6,Art and Design,Undergraduate,
ART 351A78,Special Projects: Lithography-Printshop,2-6,Art and Design,Undergraduate,
ART 351A84,Special Projects: Video,2-6,Art and Design,Undergraduate,
ART 371A01,Digital 3D: Non-Majors,3,Art and Design,Undergraduate,
ART 395A01,Undergraduate Seminar in Art History: History and Theory of the Museum,3,Art and Design,Undergraduate,
ART 398A02,Professional Practice: Internship In Design,3,Art and Design,Undergraduate,
ART 398A05,Professional Practice: Internship In Teaching Art,1-8,Art and Design,Undergraduate,
ART 398A07,Professional Practice: Internship In Photography,1-8,Art and Design,Undergraduate,
ART 398A08,Professional Practice: Internship In Museum/Gallery,1-8,Art and Design,Undergraduate,
ART 404A01,Seminar in Ancient and Medieval Art and Architecture: Pompeii,3,Art and Design,Graduate,
ART 404A02,Seminar in Ancient and Medieval Art & Architecture: Art of Death in Ancient Italy,3,Art and Design,Graduate,
ART 406A01,Seminar in Modern and Contemporary Art and Architecture - Dada and Its Heritage,3,Art and Design,Graduate,
ART 406A02,Seminar in Modern and Contemporary Art - History of Collage and Montage,3,Art and Design,Graduate,
ART 406A03,Seminar in Modern and Contemporary Art & Architecture - Art in a Globalized World,3,Art and Design,Graduate,
ART 409A01,"Professional Art Education Sequence, Primary & Middle",3,Art and Design,Graduate,
ART 409A02,"Professional Art Education Sequence, Secondary",3,Art and Design,Graduate,
ART 411A01,"Seminar in Visual Culture, History, and Theory: Craft and Modern/Contemporary Art",3,Art and Design,Graduate,
ART 411A02,Seminar: Gender & Identity in Art and Visual Culture,3,Art and Design,Graduate,
ART 411A03,Seminar in Visual Culture & Theory: Text and Textiles,3,Art and Design,Graduate,
ART 411A04,"Seminar in Visual Culture, History and Theory, Thinking with Images: Critical and Visual Theory",3,Art and Design,Graduate,
ART 415A01,Seminar in Renaissance and Baroque Art and Arch - Women in the Arts 1400-1750,3,Art and Design,Graduate,
ART 415A02,Seminar in Renaissance and Baroque Art -Global Encounter and Exchange in Renaissance Art,3,Art and Design,Graduate,
ART 415A03,Seminar in Renaissance & Baroque Art and Architecture: History of Printed Images,3,Art and Design,Graduate,
ART 444A02,Studio Work: Painting,2-6,Art and Design,Graduate,
ART 444A03,Studio Work: Printmaking,2-6,Art and Design,Graduate,
ART 444A04,Studio Work: Sculpture,2-6,Art and Design,Graduate,
ART 444A06,Studio Work: Ceramics,2-6,Art and Design,Graduate,
ART 444A07,Studio Work: Glass,2-6,Art and Design,Graduate,
ART 444A08,Studio Work: Photography,2-6,Art and Design,Graduate,
ART 444A13,Problems In Studio Work: Video,2-6,Art and Design,Graduate,
ART 451A05,Special Projects: Graphic Design,2-6,Art and Design,Graduate,
ART 451A10,Special Projects: Metal Design,2-6,Art and Design,Graduate,
ART 451A12,Special Projects: Sculpture,2-6,Art and Design,Graduate,
ART 451A15,Special Projects: Photography,2-6,Art and Design,Graduate,
ART 451A20,Special Projects: Printmaking,2-6,Art and Design,Graduate,
ART 451A23,Special Projects: Painting,2-6,Art and Design,Graduate,
ART 451A24,Special Projects: Ceramics,2-6,Art and Design,Graduate,
ART 451A25,Special Projects: Jewelry,2-6,Art and Design,Graduate,
ART 451A26,Special Projects: Art Education,2-6,Art and Design,Graduate,
ART 451A28,Special Projects: Drawing,2-6,Art and Design,Graduate,
ART 451A29,Special Projects: Art History,2-6,Art and Design,Graduate,
ART 451A87,Special Projects In Art: Video,2-6,Art and Design,Graduate,
ART 451A88,Graduate Interdisciplinary Critique Class,3,Art and Design,Graduate,
ART 499A90,Independent Research For The Master's Thesis Last Term,1-6,Art and Design,Graduate,
BE 110,Education Technology,3,Marketing,Undergraduate,
BE 140,Business Communication,3,Marketing,Undergraduate,
BE 141,Personal Financial Literacy For The College Student,3,Marketing,Undergraduate,
BE 225,Advanced Education Technology,3,Marketing,Undergraduate,
BE 260,Foundations Of Business Education,2,Marketing,Undergraduate,
BE 287,Independent Study,1-6,Marketing,Undergraduate,
BE 322,Entrepreneurship Study for the Business Teacher,3,Marketing,Undergraduate,
BE 330,Decision-Making For Consumers,3,Marketing,Undergraduate,
BE 354,Educational Technology Information System: Planning & Implementation,3,Marketing,Undergraduate,
BE 361,Accounting Methods,1,Marketing,Undergraduate,
BE 362,Basic Business and Marketing Instruction,3,Marketing,Undergraduate,
BE 363,"Methods of Teaching Keyboarding, Info Processing, and Computer Applications",3,Marketing,Undergraduate,
BE 364,Teaching Keyboarding & Info Processing In Elementary Schools,1,Marketing,Undergraduate,
BE 365,Programming For Mobile Apps,3,Marketing,Undergraduate,
BE 398,Professional Practice: Business Education Internship,6-12,Marketing,Undergraduate,
BE 399,Student Teaching In Business Education,1-16,Marketing,Undergraduate,
BE 400,Independent Study,1-4,Marketing,Graduate,
BE 401,Designing Online Learning Experiences,3,Marketing,Graduate,
BE 402,Seminar in Business Education,3,Marketing,Graduate,
BE 422,Small Business Management for Business Education,3,Marketing,Graduate,
BE 430,Advanced Decision-Making for Consumers,3,Marketing,Graduate,
BE 454,Advanced Educational Technology Information Systems: Planning And Implementation,3,Marketing,Graduate,
BE 462,Advanced Teaching Methods in Business Education,3,Marketing,Graduate,
BE 465,Programming for Mobile Applications,3,Marketing,Graduate,
BE 480,Organization and Administration of Work-Based Learning Programs,3,Marketing,Graduate,
BE 482,Coordination Techniques of Workplace Experience Programs,3,Marketing,Graduate,
BE 499,Independent Research For Master's Thesis,1-6,Marketing,Graduate,
BIS 167,Electronic Spreadsheet Usage,1,Accounting,Undergraduate,
BIS 255,Electronic Business Management,3,Accounting,Undergraduate,
BIS 260,Computer Programming For Business,3,Accounting,Undergraduate,
BIS 261,Business Systems Analysis,3,Accounting,Undergraduate,
BIS 270,Information Systems In Organizations,3,Accounting,Undergraduate,
BIS 271,Introduction To Business Analytics,3,Accounting,Undergraduate,
BIS 310,Artificial Intelligence (AI) in Business: Applications Across Functional Areas,3,Accounting,Undergraduate,
BIS 362,Advanced Business Systems Analysis,3,Accounting,Undergraduate,
BIS 366,Advanced Business Data Management,3,Accounting,Undergraduate,
BIS 368,Developing Business Application Systems,3,Accounting,Undergraduate,
BIS 371,Intermediate Business Analytics,3,Accounting,Undergraduate,
BIS 372,3D Printing Business Fundamentals,3,Accounting,Undergraduate,
BIS 373,Integrated Business Processes In An Enterprise System,3,Accounting,Undergraduate,
BIS 382,Information Systems Auditing and Cybersecurity,3,Accounting,Undergraduate,
BIS 420,Programming for Data Science,3,Accounting,Graduate,
BIS 463,Advanced Business Systems Analysis,3,Accounting,Graduate,
BIS 466,Advanced Business Data Management,3,Accounting,Graduate,
BIS 468,Management Information Systems: Organizational & Technological,3,Accounting,Graduate,
BIS 469,Developing Business Application Systems,3,Accounting,Graduate,
BIS 471,Advanced Business Analytics,3,Accounting,Graduate,
BIS 473,Integrated Business Processes in an Enterprise System,3,Accounting,Graduate,
BIS 482,Information Systems Auditing and Cybersecurity,3,Accounting,Graduate,
BSC 101,Fundamental Concepts In Biology,3,Biological Sciences,Undergraduate,
BSC 145,Human Biology,3,Biological Sciences,Undergraduate,
BSC 160,Microbiology And Society,4,Biological Sciences,Undergraduate,
BSC 170,Genetics And Society,3,Biological Sciences,Undergraduate,
BSC 181,Human Physiology And Anatomy I,4,Biological Sciences,Undergraduate,
BSC 182,Human Physiology And Anatomy II,4,Biological Sciences,Undergraduate,
BSC 196,Biological Diversity,4,Biological Sciences,Undergraduate,
BSC 197,Molecular And Cellular Basis Of Life,4,Biological Sciences,Undergraduate,
BSC 201,Ecology,4,Biological Sciences,Undergraduate,
BSC 203,Cell Biology,3,Biological Sciences,Undergraduate,
BSC 204,Biological Investigations,1,Biological Sciences,Undergraduate,
BSC 211,Economic Botany,4,Biological Sciences,Undergraduate,
BSC 212,Principles Of Botany,4,Biological Sciences,Undergraduate,
BSC 219,Genetics,3,Biological Sciences,Undergraduate,
BSC 220,Laboratory In Molecular Genetics And Cell Biology,3,Biological Sciences,Undergraduate,
BSC 230,Introduction To Teaching Science Seminar,2,Biological Sciences,Undergraduate,
BSC 231,Laboratory Methods In Teaching Science,2,Biological Sciences,Undergraduate,
BSC 240,Introduction to Human Embryology,3,Biological Sciences,Undergraduate,
BSC 260,Microbiology,4,Biological Sciences,Undergraduate,
BSC 280,Conservation Of Animal And Plant Biodiversity,3,Biological Sciences,Undergraduate,
BSC 283,Animal Physiology,4,Biological Sciences,Undergraduate,
BSC 286,Animal Behavior,3,Biological Sciences,Undergraduate,
BSC 287,Independent Study,1-6,Biological Sciences,Undergraduate,
BSC 290,Research In Biological Sciences,1-3,Biological Sciences,Undergraduate,
BSC 291,Undergraduate Teaching Experience In Biological Sciences,1-3,Biological Sciences,Undergraduate,
BSC 292,Invertebrate Zoology,4,Biological Sciences,Undergraduate,
BSC 295,Comparative Vertebrate Anatomy,4,Biological Sciences,Undergraduate,
BSC 296,Mammalian Biology,3,Biological Sciences,Undergraduate,
BSC 299,Independent Honor Study,1-6,Biological Sciences,Undergraduate,
BSC 301,Entomology,4,Biological Sciences,Undergraduate,
BSC 302,Student Teaching Seminar,2,Biological Sciences,Undergraduate,
BSC 303,Senior Thesis,1,Biological Sciences,Undergraduate,
BSC 305,Biological Evolution,3,Biological Sciences,Undergraduate,
BSC 307,Methods in the Teaching Of Biology,3,Biological Sciences,Undergraduate,
BSC 311,Rainforest Ecology,4,Biological Sciences,Undergraduate,
BSC 319,Genetics of Behavior,4,Biological Sciences,Undergraduate,
BSC 325,Ecological Physiology of Animals,3,Biological Sciences,Undergraduate,
BSC 327,"Hormones, Brain And Behavior",3,Biological Sciences,Undergraduate,
BSC 329,Human Genetics,3,Biological Sciences,Undergraduate,
BSC 333,Plant Diversity,4,Biological Sciences,Undergraduate,
BSC 343,Introduction To Neurobiology,3,Biological Sciences,Undergraduate,
BSC 345,Introduction To Endocrinology,3,Biological Sciences,Undergraduate,
BSC 346,Developmental Biology,3,Biological Sciences,Undergraduate,
BSC 350,Molecular Biology,3,Biological Sciences,Undergraduate,
BSC 351,Cell Signaling And Regulation,3,Biological Sciences,Undergraduate,
BSC 353,Biotechnology Laboratory I: DNA Techniques,3,Biological Sciences,Undergraduate,
BSC 354,Biotechnology Laboratory II: Cell Biology Techniques,3,Biological Sciences,Undergraduate,
BSC 355,Genomics And Bioinformatics,3,Biological Sciences,Undergraduate,
BSC 356,Confocal Microscopy In Biology,2,Biological Sciences,Undergraduate,
BSC 357,Programming for Genomics,3,Biological Sciences,Undergraduate,
BSC 361,Microbial Pathogens,4,Biological Sciences,Undergraduate,
BSC 363,Applied Microbiology - Crowdsourcing New Antibiotics,3,Biological Sciences,Undergraduate,
BSC 365,Bioenergy Plant/Microbe Biology & The Environment,3,Biological Sciences,Undergraduate,
BSC 367,Immunology,4,Biological Sciences,Undergraduate,
BSC 370,Topics In Molecular And Cellular Biology,3,Biological Sciences,Undergraduate,
BSC 371,Biophysics of Neurological Systems,3,Biological Sciences,Undergraduate,
BSC 375,Stream Ecology Lecture,3,Biological Sciences,Undergraduate,
BSC 376,Stream Ecology Laboratory,1,Biological Sciences,Undergraduate,
BSC 396,Avian Biology,4,Biological Sciences,Undergraduate,
BSC 398,Professional Practice: Biology,1-6,Biological Sciences,Undergraduate,
BSC 399,Student Teaching In Biological Science,10,Biological Sciences,Undergraduate,
BSC 400,Independent Study,1-4,Biological Sciences,Graduate,
BSC 401,Entomology,4,Biological Sciences,Graduate,
BSC 404,Population Ecology,4,Biological Sciences,Graduate,
BSC 406,Conservation Biology,3,Biological Sciences,Graduate,
BSC 408,Rainforest Ecology,4,Biological Sciences,Graduate,
BSC 411,Confocal Microscopy In Biology,2,Biological Sciences,Graduate,
BSC 415,Advanced Cell Biology,4,Biological Sciences,Graduate,
BSC 418,Genetics of Behavior,4,Biological Sciences,Graduate,
BSC 425,Ecological Physiology of Animals,3,Biological Sciences,Graduate,
BSC 427,"Hormones, Brain And Behavior",3,Biological Sciences,Graduate,
BSC 430,Neuroscience,3,Biological Sciences,Graduate,
BSC 435,Mammalian Physiology,3,Biological Sciences,Graduate,
BSC 443,Introduction To Neurobiology,3,Biological Sciences,Graduate,
BSC 445,Introduction To Endocrinology,3,Biological Sciences,Graduate,
BSC 447,Molecular Biology,3,Biological Sciences,Graduate,
BSC 451,Cell Signaling And Regulation,3,Biological Sciences,Graduate,
BSC 453,Biotechnology Laboratory I: DNA Techniques,3,Biological Sciences,Graduate,
BSC 454,Biotechnology Laboratory II: Cell Biology Techniques,3,Biological Sciences,Graduate,
BSC 455,Genomics and Bioinformatics,3,Biological Sciences,Graduate,
BSC 457,Programming for Genomics,3,Biological Sciences,Graduate,
BSC 461,Microbial Pathogens,4,Biological Sciences,Graduate,
BSC 463,Applied Microbiology - Crowdsourcing New Antibiotics,3,Biological Sciences,Graduate,
BSC 464,Microbial Genetics and Physiology,3,Biological Sciences,Graduate,
BSC 465,Bioenergy Plant/Microbe Biology & The Environment,3,Biological Sciences,Graduate,
BSC 467,Immunology,4,Biological Sciences,Graduate,
BSC 470,Evolution,3,Biological Sciences,Graduate,
BSC 472,Biophysics of Neurological Systems,3,Biological Sciences,Graduate,
BSC 475,Stream Ecology Lecture,3,Biological Sciences,Graduate,
BSC 476,Stream Ecology Laboratory,1,Biological Sciences,Graduate,
BSC 486,Ethology,4,Biological Sciences,Graduate,
BSC 490,Biostatistics,3,Biological Sciences,Graduate,
BSC 495,Graduate Research In Biological Sciences,1-3,Biological Sciences,Graduate,
BSC 496,Avian Biology,4,Biological Sciences,Graduate,
BSC 499,Independent Research For The Master's Thesis,1-6,Biological Sciences,Graduate,
BSC 599,Research In The Biological Sciences,1-12,Biological Sciences,Graduate,
BSC 398A03,Professional Practice: Healthcare,1-6,Biological Sciences,Undergraduate,
BSC 420A02,Seminar In Genetics,1,Biological Sciences,Graduate,
BSC 420A03,Seminar in Ecology,1,Biological Sciences,Graduate,
BSC 420A04,Graduate Seminar In Animal Behavior,1,Biological Sciences,Graduate,
BSC 420A09,Graduate Seminar in Biology: Microbiology,1,Biological Sciences,Graduate,
BSC 420A27,Seminar in Biostatistics Laboratory,1,Biological Sciences,Graduate,
BSC 420A28,Seminar In Evolution And Systematics,1,Biological Sciences,Graduate,
BSC 420A29,Seminar In Conservation Biology,1,Biological Sciences,Graduate,
BSC 420A31,Seminar In Immunology,1,Biological Sciences,Graduate,
BSC 420A33,Seminar In Cell Biology,1,Biological Sciences,Graduate,
BSC 420A34,Seminar In Neurobiology,1,Biological Sciences,Graduate,
BSC 420A35,Seminar In Endocrinology,1,Biological Sciences,Graduate,
BSC 420A36,Seminar In Biomathematics,1,Biological Sciences,Graduate,
BSC 420A37,Seminar In Molecular & Cellular Biology,1,Biological Sciences,Graduate,
BSC 420A38,Seminar In Bioenergy Sciences,1,Biological Sciences,Graduate,
BSC 420A39,Post-Secondary Biology Education,1,Biological Sciences,Graduate,
BSC 420A40,Molecular Biology Methods,1,Biological Sciences,Graduate,
BSC 450A37,Advanced Studies In Specialized Fields: Biostatistics,3,Biological Sciences,Graduate,
BSC 450A39,Neuroethology,3,Biological Sciences,Graduate,
BSC 450A45,Advanced Studies In Specialized Fields: Issues In Biotechnology,2,Biological Sciences,Graduate,
BSC 450A47,Advanced Studies In Specialized Fields: Principles Of Neurophysiology,3,Biological Sciences,Graduate,
BSC 450A48,Advanced Studies In Specialized Fields: Evolution & Ecology Of Infectious Disease,3,Biological Sciences,Graduate,
BSC 450A50,Advanced Studies in Specialized Fields: Sensory Neuroscience,3,Biological Sciences,Graduate,
BSC 450A51,"Neurons, Synapses and Circuits",3,Biological Sciences,Graduate,
BSC 450A53,Advanced Studies In Specialized Fields: Advances In Genomics,2,Biological Sciences,Graduate,
BSC 499A90,Independent Research For The Master's Thesis Last Term,1,Biological Sciences,Graduate,
BSC 599A90,Research In The Biological Sciences Final Term,1,Biological Sciences,Graduate,
BUS 100,Enterprise,3,Management,Undergraduate,
BUS 285,Professional and Graduation Information Survey,0,Management,Undergraduate,
CAS 100,Ideas That Matter: Liberal Arts Skills for Life and Career,1,College of Arts and Sciences,Undergraduate,
CHE 102,Chemistry And Society,3,Chemistry,Undergraduate,
CHE 110,Fundamentals Of Chemistry,4,Chemistry,Undergraduate,
CHE 112,Fundamental Chemistry Laboratory,1,Chemistry,Undergraduate,
CHE 140,General Chemistry I,4,Chemistry,Undergraduate,
CHE 141,General Chemistry II,4,Chemistry,Undergraduate,
CHE 215,Analytical Chemistry,3,Chemistry,Undergraduate,
CHE 216,Analytical Chemistry Laboratory,1,Chemistry,Undergraduate,
CHE 220,Elementary Organic Chemistry,5,Chemistry,Undergraduate,
CHE 230,Organic Chemistry I,3,Chemistry,Undergraduate,
CHE 231,Organic Chemistry Laboratory I,1,Chemistry,Undergraduate,
CHE 232,Organic Chemistry II,3,Chemistry,Undergraduate,
CHE 233,Organic Chemistry Laboratory II,1,Chemistry,Undergraduate,
CHE 242,Basic Biochemistry,3,Chemistry,Undergraduate,
CHE 250,Fundamentals Of Inorganic Chemistry,3,Chemistry,Undergraduate,
CHE 251,Fundamentals Of Inorganic Chemistry Laboratory,1,Chemistry,Undergraduate,
CHE 260,Introduction To Teaching Science,2,Chemistry,Undergraduate,
CHE 261,Laboratory Methods in Teaching Chemistry,1,Chemistry,Undergraduate,
CHE 287,Independent Study,1-6,Chemistry,Undergraduate,
CHE 290,Research in Chemistry,1-2,Chemistry,Undergraduate,
CHE 299,Independent Honor Study In Chemistry,1-6,Chemistry,Undergraduate,
CHE 301,Teaching of Chemistry,3,Chemistry,Undergraduate,
CHE 302,Student Teaching And Professional Seminar,2,Chemistry,Undergraduate,
CHE 315,Instrumental Analysis,3,Chemistry,Undergraduate,
CHE 316,Instrumental Analysis Laboratory,1,Chemistry,Undergraduate,
CHE 342,General Biochemistry I,3,Chemistry,Undergraduate,
CHE 343,Biochemistry Laboratory,2,Chemistry,Undergraduate,
CHE 344,General Biochemistry II,3,Chemistry,Undergraduate,
CHE 350,Advanced Inorganic Chemistry,3,Chemistry,Undergraduate,
CHE 351,Advanced Inorganic Chemistry Lab,1,Chemistry,Undergraduate,
CHE 360,Physical Chemistry I,3,Chemistry,Undergraduate,
CHE 361,Physical Chemistry Laboratory I,1,Chemistry,Undergraduate,
CHE 362,Physical Chemistry II,3,Chemistry,Undergraduate,
CHE 363,Physical Chemistry Laboratory II,1,Chemistry,Undergraduate,
CHE 369,Introduction to Fluorescence Microscopy,3,Chemistry,Undergraduate,
CHE 372,Physical Biochemistry,3,Chemistry,Undergraduate,
CHE 373,Physical Biochemistry Laboratory,1,Chemistry,Undergraduate,
CHE 399,Student Teaching In Chemistry,10,Chemistry,Undergraduate,
CHE 400,Independent Study,1-4,Chemistry,Graduate,
CHE 401,Advanced Chemistry Demonstrations,1-3,Chemistry,Graduate,
CHE 402,Teaching Chemistry In The Laboratory,1-3,Chemistry,Graduate,
CHE 403,Teaching Science Safely,1-3,Chemistry,Graduate,
CHE 412,Advanced Topics In Analytical Chemistry,1-3,Chemistry,Graduate,
CHE 415,Instrumental Analysis,3,Chemistry,Graduate,
CHE 418,Methods Of Computational Science,3,Chemistry,Graduate,
CHE 422,Mechanisms In Organic Chemistry,3,Chemistry,Graduate,
CHE 425,Medicinal Chemistry,3,Chemistry,Graduate,
CHE 426,Organic Synthesis,3,Chemistry,Graduate,
CHE 428,Heterocycles,3,Chemistry,Graduate,
CHE 440,Advanced Topics In Biochemistry,1-3,Chemistry,Graduate,
CHE 442,Proteins,3,Chemistry,Graduate,
CHE 444,Lipids,3,Chemistry,Graduate,
CHE 445,General Biochemistry II,3,Chemistry,Graduate,
CHE 450,Advanced Inorganic Chemistry,3,Chemistry,Graduate,
CHE 454,Advanced Topics In Inorganic Chemistry,1-3,Chemistry,Graduate,
CHE 460,Quantum Chemistry,3,Chemistry,Graduate,
CHE 461,Heterogeneous Catalysis - Principles and Practice,3,Chemistry,Graduate,
CHE 462,Physical Chemistry II,3,Chemistry,Graduate,
CHE 465,Applied Computational Chemistry,3,Chemistry,Graduate,
CHE 466,Advanced Topics In Physical Chemistry,1-3,Chemistry,Graduate,
CHE 469,Introduction to Fluorescence Microscopy,3,Chemistry,Graduate,
CHE 480,Topics in Chemistry,3,Chemistry,Graduate,
CHE 481,Capstone Research Project I,3,Chemistry,Graduate,
CHE 482,Capstone Research Project II,3,Chemistry,Graduate,
CHE 490,Research In Chemistry,1-14,Chemistry,Graduate,
CHE 492,Literature Seminar In Chemistry,1,Chemistry,Graduate,
CHE 494,Research Seminar In Chemistry,1,Chemistry,Graduate,
CHE 499,Independent Research For The Master's Thesis,1-6,Chemistry,Graduate,
CHE 380A11,Structural Determination In Chemistry,3,Chemistry,Undergraduate,
CHE 380A15,Magnetic Resonance,3,Chemistry,Undergraduate,
CHE 380A37,Applied Computational Chemistry,1-3,Chemistry,Undergraduate,
CHE 380A41,Biological Catalysts,3,Chemistry,Undergraduate,
CHE 380A45,X-Ray Diffractometry,3,Chemistry,Undergraduate,
CHE 380A52,Homogenous Catalysis,3,Chemistry,Undergraduate,
CHE 380A54,Topics In Contemporary Chemistry: Carbohydrates,3,Chemistry,Undergraduate,
CHE 380A59,Topics In Contemporary Chemistry: Atmospheric Chemistry,3,Chemistry,Undergraduate,
CHE 380A63,Topics In Contemporary Chemistry: Industrial Chemistry,3,Chemistry,Undergraduate,
CHE 380A64,"Biochemistry Of Nutrition, Exercise, And Sports Medicine",3,Chemistry,Undergraduate,
CHE 398A01,Professional Practice: Internship In Chemistry,1-16,Chemistry,Undergraduate,
CHE 398A50,Professional Practice: Coop In Chemistry,1-16,Chemistry,Undergraduate,
CHE 401A01,"Advanced Chemistry Demonstrations: Gas Properties, Laws, And Reactions",3,Chemistry,Graduate,
CHE 401A02,"Chemical Reactions, Stoichiometry And The Mole",3,Chemistry,Graduate,
CHE 401A03,"Kinetics, Equilibrium, & Acids & Bases",3,Chemistry,Graduate,
CHE 401A04,Atomic And Molecular Structure,3,Chemistry,Graduate,
CHE 401A05,"Redox, Electrochemistry & Solutions",3,Chemistry,Graduate,
CHE 401A06,Advanced Chemistry Demonstrations: Thermochemical Energy In The Chemistry Curriculum,3,Chemistry,Graduate,
CHE 402A01,Teaching Chemistry In The Laboratory: An Experimental Science,3,Chemistry,Graduate,
CHE 403A01,Teaching Chemistry Safely: Secondary School,3,Chemistry,Graduate,
CHE 412A05,Bioanalytical Chemistry,3,Chemistry,Graduate,
CHE 412A07,Surface Structure And Chemistry,3,Chemistry,Graduate,
CHE 412A15,Principles And Applications Of Mass Spectrometry,3,Chemistry,Graduate,
CHE 440A02,Nucleic Acids,3,Chemistry,Graduate,
CHE 454A03,Organometallic Chemistry,3,Chemistry,Graduate,
CHE 454A09,Nuclear Chemistry,3,Chemistry,Graduate,
CHE 466A01,Molecular Spectroscopy,3,Chemistry,Graduate,
CHE 466A08,Computational Chemistry,3,Chemistry,Graduate,
CHE 480A11,Topics in Chemistry: Structural Determination In Chemistry,3,Chemistry,Graduate,
CHE 480A15,Topics in Chemistry: Magnetic Resonance,3,Chemistry,Graduate,
CHE 480A45,Topics in Chemistry: X-Ray Diffractometry,3,Chemistry,Graduate,
CHE 480A52,Topics in Chemistry: Homogenous Catalysis,3,Chemistry,Graduate,
CHE 480A54,Topics In Contemporary Chemistry: Carbohydrates,3,Chemistry,Graduate,
CHE 480A59,Topics In Contemporary Chemistry: Atmospheric Chemistry,3,Chemistry,Graduate,
CHE 480A64,"Biochemistry Of Nutrition, Exercise, And Sports Medicine",3,Chemistry,Graduate,
CHE 498A50,Professional Practice: Coop in Chemistry,1-9,Chemistry,Graduate,
CHE 499A90,Independent Research For The Master's Thesis Last Term,1,Chemistry,Graduate,
CHI 111,First-Year Chinese (Part I),4,"Languages, Literatures & Cultures",Undergraduate,
CHI 112,First-Year Chinese (Part II),4,"Languages, Literatures & Cultures",Undergraduate,
CHI 115,Second-Year Chinese (Part I),4,"Languages, Literatures & Cultures",Undergraduate,
CHI 287,Independent Study in Chinese,1-6,"Languages, Literatures & Cultures",Undergraduate,
CJS 101,Introduction To Criminal Justice Sciences,3,Criminal Justice Sciences,Undergraduate,
CJS 102,"Individuals, Society, And Justice",3,Criminal Justice Sciences,Undergraduate,
CJS 103,Eco-Justice,3,Criminal Justice Sciences,Undergraduate,
CJS 105,Violence in America,3,Criminal Justice Sciences,Undergraduate,
CJS 200,Contemporary Corrections,3,Criminal Justice Sciences,Undergraduate,
CJS 201,Crime and Behavior,3,Criminal Justice Sciences,Undergraduate,
CJS 206,Fundamentals of Criminal Investigation,3,Criminal Justice Sciences,Undergraduate,
CJS 207,Contemporary Policing in America,3,Criminal Justice Sciences,Undergraduate,
CJS 208,Criminal Law,3,Criminal Justice Sciences,Undergraduate,
CJS 210,Criminal Court Systems,3,Criminal Justice Sciences,Undergraduate,
CJS 212,Community Corrections,3,Criminal Justice Sciences,Undergraduate,
CJS 213,Issues in CJS: Criminalistics: Crime Lab Techniques,3,Criminal Justice Sciences,Undergraduate,
CJS 214,"Issues in CJS: Immigration, Crime, and the Criminal-Legal System",3,Criminal Justice Sciences,Undergraduate,
CJS 215,Juvenile Justice,3,Criminal Justice Sciences,Undergraduate,
CJS 216,Criminal Justice Ethics,3,Criminal Justice Sciences,Undergraduate,
CJS 217,Criminal Justice Policy,3,Criminal Justice Sciences,Undergraduate,
CJS 218,Social Construction of Crime,3,Criminal Justice Sciences,Undergraduate,
CJS 219,Crime in Media,3,Criminal Justice Sciences,Undergraduate,
CJS 220,Death and Justice,3,Criminal Justice Sciences,Undergraduate,
CJS 241,Internships And Careers In Criminal Justice,1,Criminal Justice Sciences,Undergraduate,
CJS 287,Independent Study,1-6,Criminal Justice Sciences,Undergraduate,
CJS 291,Undergraduate Teaching Experience In Criminal Justice Sciences,1-3,Criminal Justice Sciences,Undergraduate,
CJS 299,Independent Honor Study,1-6,Criminal Justice Sciences,Undergraduate,
CJS 300,Research Methods,3,Criminal Justice Sciences,Undergraduate,
CJS 305,Criminal Procedure and Evidence,3,Criminal Justice Sciences,Undergraduate,
CJS 306,Experiences In International Justice,3-6,Criminal Justice Sciences,Undergraduate,
CJS 308,"Race, Ethnicity, and Criminal Justice",3,Criminal Justice Sciences,Undergraduate,
CJS 310,Correctional Institutions,3,Criminal Justice Sciences,Undergraduate,
CJS 311,Criminalizing Mental Illness,3,Criminal Justice Sciences,Undergraduate,
CJS 312,Criminal Behavior Analysis,3,Criminal Justice Sciences,Undergraduate,
CJS 313,"Psychological Science, Law, and the Justice System",3,Criminal Justice Sciences,Undergraduate,
CJS 314,GIScience: Crime Mapping in Criminal Justice,3,Criminal Justice Sciences,Undergraduate,
CJS 315,Crimes Of The Powerful,3,Criminal Justice Sciences,Undergraduate,
CJS 316,Cybercrime,3,Criminal Justice Sciences,Undergraduate,
CJS 318,"Schools, Crime, and Social Policy",3,Criminal Justice Sciences,Undergraduate,
CJS 322,"Conflict Resolution, Communication, And Mediation In Criminal",3,Criminal Justice Sciences,Undergraduate,
CJS 324,Crime Scene and Evidence Documentation,3,Criminal Justice Sciences,Undergraduate,
CJS 326,Digital and Cyber Forensics,3,Criminal Justice Sciences,Undergraduate,
CJS 337,Sex Offenders and the Criminal Justice System,3,Criminal Justice Sciences,Undergraduate,
CJS 338,"Alcohol, Drugs, And Crime",3,Criminal Justice Sciences,Undergraduate,
CJS 339,Women In Criminal Justice,3,Criminal Justice Sciences,Undergraduate,
CJS 342,Victimology,3,Criminal Justice Sciences,Undergraduate,
CJS 360,Issues In Criminal Justice,3,Criminal Justice Sciences,Undergraduate,
CJS 369,World Criminal Justice Systems,3,Criminal Justice Sciences,Undergraduate,
CJS 400,Independent Study,1-4,Criminal Justice Sciences,Graduate,
CJS 401,Criminological Theory,3,Criminal Justice Sciences,Graduate,
CJS 402,Issues In Justice,3,Criminal Justice Sciences,Graduate,
CJS 403,Criminal Justice Policy,3,Criminal Justice Sciences,Graduate,
CJS 404,"Mental Health, Crime, and Justice",3,Criminal Justice Sciences,Graduate,
CJS 405,Criminal Justice Foundations,3,Criminal Justice Sciences,Graduate,
CJS 406,Experiences In International Justice,3-6,Criminal Justice Sciences,Graduate,
CJS 411,Criminal Behavior Analysis,3,Criminal Justice Sciences,Graduate,
CJS 412,Correctional Systems,3,Criminal Justice Sciences,Graduate,
CJS 415,Policing And Society,3,Criminal Justice Sciences,Graduate,
CJS 416,Cybercrime,3,Criminal Justice Sciences,Graduate,
CJS 438,"Alcohol, Drugs, And Crime",3,Criminal Justice Sciences,Graduate,
CJS 439,Women In Criminal Justice,3,Criminal Justice Sciences,Graduate,
CJS 440,Statistical Applications In Criminal Justice,3,Criminal Justice Sciences,Graduate,
CJS 442,Victimology,3,Criminal Justice Sciences,Graduate,
CJS 467,Law And Society,3,Criminal Justice Sciences,Graduate,
CJS 470,"Seminar in International Justice, Human Rights, and Conflict Resolution",3,Criminal Justice Sciences,Graduate,
CJS 471,"Race, Violence, and Injustice",3,Criminal Justice Sciences,Graduate,
CJS 490,Qualitative Methods In Criminal Justice Research,3,Criminal Justice Sciences,Graduate,
CJS 497,Graduate Research Methods,3,Criminal Justice Sciences,Graduate,
CJS 498,Professional Practice: Criminal Justice,3,Criminal Justice Sciences,Graduate,
CJS 499,Independent Research For The Master's Thesis,1-6,Criminal Justice Sciences,Graduate,
CJS 298A50,Professional Practice: Cooperative Ed in Criminal Justice,1,Criminal Justice Sciences,Undergraduate,
CJS 360A18,Issues In CJS: Terror & Counterterrorism,3,Criminal Justice Sciences,Undergraduate,
CJS 398A01,Professional Practice: Criminal Justice Internship I,6,Criminal Justice Sciences,Undergraduate,
CJS 398A02,Professional Practice: Criminal Justice Internship II,3-6,Criminal Justice Sciences,Undergraduate,
CJS 499A90,Independent Research For The Masters Thesis Final Term,1,Criminal Justice Sciences,Graduate,
COM 100,Introduction to the Study of Communication,1,Communication,Undergraduate,
COM 101,Mass Media in the School of Communication,3,Communication,Undergraduate,
COM 110,Communication As Critical Inquiry,3,Communication,Undergraduate,
COM 111,Introduction To Communication Theories,3,Communication,Undergraduate,
COM 123,Introduction to Interpersonal Communication,3,Communication,Undergraduate,
COM 128,Gender In The Humanities,3,Communication,Undergraduate,
COM 160,Introduction To Mass Media,3,Communication,Undergraduate,
COM 161,Convergent Media Writing,3,Communication,Undergraduate,
COM 162,Introduction To Radio,3,Communication,Undergraduate,
COM 163,Television Production,3,Communication,Undergraduate,
COM 165,Print and Online Newswriting and Reporting,3,Communication,Undergraduate,
COM 167,Broadcast Newswriting and Reporting,3,Communication,Undergraduate,
COM 178,Introduction To Public Relations,3,Communication,Undergraduate,
COM 180,Introduction To News Technology,3,Communication,Undergraduate,
COM 181,Public Relations Ethics,1,Communication,Undergraduate,
COM 183,Rhetoric as Civic Literacy,3,Communication,Undergraduate,
COM 201,Communication And Social Issues,3,Communication,Undergraduate,
COM 202,Persuasive Communication,3,Communication,Undergraduate,
COM 210,Communication And Critical Thinking,3,Communication,Undergraduate,
COM 211,Live Sports Production,3,Communication,Undergraduate,
COM 212,"Communication, Advocacy and Engagement",3,Communication,Undergraduate,
COM 214,Radio Management,3,Communication,Undergraduate,
COM 218,Communication Technologies And Impacts,3,Communication,Undergraduate,
COM 223,Introduction to Small Group Communication,3,Communication,Undergraduate,
COM 225,Nonverbal Communication,3,Communication,Undergraduate,
COM 226,Classical Rhetoric,3,Communication,Undergraduate,
COM 227,Communication in Organizations and Professional Settings,3,Communication,Undergraduate,
COM 228,Introduction To Interview,3,Communication,Undergraduate,
COM 229,Introduction to Organizational Communication,3,Communication,Undergraduate,
COM 238,Introduction To Advertising,3,Communication,Undergraduate,
COM 240,Introduction To Visual Communication,3,Communication,Undergraduate,
COM 241,Basic Photography,3,Communication,Undergraduate,
COM 259,Strategic Communication in Sports,3,Communication,Undergraduate,
COM 262,Advanced Radio Applications,3,Communication,Undergraduate,
COM 263,Advanced Television Production,3,Communication,Undergraduate,
COM 264,Media Programming,3,Communication,Undergraduate,
COM 265,"Community News: Engagement, Reporting And Production",3,Communication,Undergraduate,
COM 267,Advanced Broadcast Newswriting And Reporting,3,Communication,Undergraduate,
COM 268,Public Relations Writing And Production,3,Communication,Undergraduate,
COM 269,Magazine Production & Design,3,Communication,Undergraduate,
COM 271,Media Performance,3,Communication,Undergraduate,
COM 272,"Communication, Culture, and Difference in American Society",3,Communication,Undergraduate,
COM 273,Media Event Planning and Promotions,3,Communication,Undergraduate,
COM 274,Environmental Communication,3,Communication,Undergraduate,
COM 275,Selected Topics in Communication,3,Communication,Undergraduate,
COM 284,Media Sales,3,Communication,Undergraduate,
COM 285,News And Feature Online Production,3,Communication,Undergraduate,
COM 287,Independent Study,1-6,Communication,Undergraduate,
COM 291,Undergraduate Teaching Experience In Communication,1-3,Communication,Undergraduate,
COM 297,Communication Research Methods,3,Communication,Undergraduate,
COM 299,Independent Honor Study,1-6,Communication,Undergraduate,
COM 302,Communication Criticism,3,Communication,Undergraduate,
COM 303,Controversy And Contemporary Society,3,Communication,Undergraduate,
COM 304,Freedom Of Speech And Press,3,Communication,Undergraduate,
COM 306,Documentary Storytelling And Production,3,Communication,Undergraduate,
COM 312,Media History,3,Communication,Undergraduate,
COM 313,African American Rhetoric,3,Communication,Undergraduate,
COM 314,Topics in Radio Management,3,Communication,Undergraduate,
COM 317,Digital Post Production,3,Communication,Undergraduate,
COM 318,Theory and Research in Computer-Mediated Communication,3,Communication,Undergraduate,
COM 319,Motion Graphics and Visual Effects,3,Communication,Undergraduate,
COM 320,Mass Media: Cultural Criticism And Problems,3,Communication,Undergraduate,
COM 321,Campaign Communication & Message Design,3,Communication,Undergraduate,
COM 323,Theory And Research In Small Group Communication,3,Communication,Undergraduate,
COM 324,Theory And Research In Persuasion,3,Communication,Undergraduate,
COM 325,Theory And Research In Interpersonal Communication,3,Communication,Undergraduate,
COM 326,Race and Visual Rhetoric,3,Communication,Undergraduate,
COM 329,Theory and Research in Organizational Communication,3,Communication,Undergraduate,
COM 331,Family Communication through the Lifespan,3,Communication,Undergraduate,
COM 334,Film Festival Management and Curation,3,Communication,Undergraduate,
COM 341,"Media, Society, and Sport",3,Communication,Undergraduate,
COM 342,Game Day Communication and Operations,3,Communication,Undergraduate,
COM 343,Friday Night Lights: Sports and Civic Culture,3,Communication,Undergraduate,
COM 350,Documentary Film History and Theory,3,Communication,Undergraduate,
COM 351,Advanced Writing For Mass Media,3,Communication,Undergraduate,
COM 355,International Public Relations,3,Communication,Undergraduate,
COM 356,Executive Speechwriting,3,Communication,Undergraduate,
COM 358,Crisis Communication,3,Communication,Undergraduate,
COM 360,Mass Media: Theory and Effects,3,Communication,Undergraduate,
COM 361,"Mass Media: Law, Policy & Ethics",3,Communication,Undergraduate,
COM 362,Strategic Media Production,3,Communication,Undergraduate,
COM 364,Media Management,3,Communication,Undergraduate,
COM 366,Web Production & Design,3,Communication,Undergraduate,
COM 367,Ethical Problems In Mass Media,3,Communication,Undergraduate,
COM 370,Psychology Of Language,3,Communication,Undergraduate,
COM 371,International Political Communication,3,Communication,Undergraduate,
COM 372,Theory & Research In Intercultural Communication,3,Communication,Undergraduate,
COM 373,Internal Public Relations,3,Communication,Undergraduate,
COM 374,News Literacy: Critical Perspectives,3,Communication,Undergraduate,
COM 375,Communication And Leadership,3,Communication,Undergraduate,
COM 376,Media Relations in Public Relations,3,Communication,Undergraduate,
COM 377,Public Relations Campaigns,3,Communication,Undergraduate,
COM 378,Public Relations Management And Research,3,Communication,Undergraduate,
COM 382,Theoretical Issues In News Convergence,3,Communication,Undergraduate,
COM 383,Communication for Teachers and Trainers,3,Communication,Undergraduate,
COM 385,Editorial And Feature Writing,3,Communication,Undergraduate,
COM 388,Senior Capstone: Communication Studies,2,Communication,Undergraduate,
COM 390,Topics in Contemporary Communication,3,Communication,Undergraduate,
COM 396,Capstone In Mass Media,1,Communication,Undergraduate,
COM 400,Independent Study,1-4,Communication,Graduate,
COM 402,Seminar in Rhetorical Communication Research Methods,3,Communication,Graduate,
COM 403,Controversy And Contemporary Society,3,Communication,Graduate,
COM 404,Freedom Of Speech And Press,3,Communication,Graduate,
COM 406,Documentary Storytelling and Production,3,Communication,Graduate,
COM 409,Seminar in Health Communication,3,Communication,Graduate,
COM 410,Seminar In Family Communication,3,Communication,Graduate,
COM 412,Seminar in the Dark Side of Interpersonal Communication,3,Communication,Graduate,
COM 413,Seminar in Narrative Relating,3,Communication,Graduate,
COM 417,Digital Post Production,3,Communication,Graduate,
COM 418,Seminar In Mediated Communication,3,Communication,Graduate,
COM 419,Motion Graphics and Visual Effects,3,Communication,Graduate,
COM 420,Mass Media: Cultural Criticism And Problems,3,Communication,Graduate,
COM 421,Campaign Communication & Message Design,3,Communication,Graduate,
COM 422,Proseminar in Communication Philosophy and Theory,3,Communication,Graduate,
COM 424,Seminar In Persuasion,3,Communication,Graduate,
COM 431,Human Communication & The Aging Process,3,Communication,Graduate,
COM 433,Seminar In Leadership Communication,3,Communication,Graduate,
COM 434,Film Festival Management and Curation,3,Communication,Graduate,
COM 435,Seminar In Communication Training & Development,3,Communication,Graduate,
COM 450,Master's Project,3,Communication,Graduate,
COM 451,Advanced Writing For Mass Media,3,Communication,Graduate,
COM 454,International Public Relations,3,Communication,Graduate,
COM 455,Research Practicum,3,Communication,Graduate,
COM 456,Executive Speechwriting,3,Communication,Graduate,
COM 460,Seminar In Mass Communication,3,Communication,Graduate,
COM 461,"Mass Media: Law, Policy & Ethics",3,Communication,Graduate,
COM 462,Seminar In Critical Studies In Mass Communication,3,Communication,Graduate,
COM 463,"Seminar In Mass Media Theory, Effects, and Literacy",3,Communication,Graduate,
COM 466,Web Production & Design,3,Communication,Graduate,
COM 467,Ethical Problems In Mass Media,3,Communication,Graduate,
COM 468,Seminar in the Rhetoric of Race and Trauma,3,Communication,Graduate,
COM 470,Psychology Of Language,3,Communication,Graduate,
COM 471,International Political Communication,3,Communication,Graduate,
COM 472,Seminar In Intercultural/Interethnic Communication,3,Communication,Graduate,
COM 473,Seminar In Qualitative Communication Research Methods,3,Communication,Graduate,
COM 474,Seminar In Interpersonal Communication,3,Communication,Graduate,
COM 478,Seminar In Public Relations Research: Case Studies,3,Communication,Graduate,
COM 481,Seminar in Communication Pedagogy,3,Communication,Graduate,
COM 482,Seminar In Communication Assessment,3,Communication,Graduate,
COM 483,Seminar in Instructional Communication,3,Communication,Graduate,
COM 490,Topics in Contemporary Communication,3-9,Communication,Graduate,
COM 492,Seminar In Communication Theory,3,Communication,Graduate,
COM 495,Seminar In Organizational Communication,3,Communication,Graduate,
COM 496,Seminar In Rhetorical Theory,3,Communication,Graduate,
COM 497,Seminar in Quantitative Communication Research Methods,3,Communication,Graduate,
COM 498,Professional Practice In Communication,1-9,Communication,Graduate,
COM 499,Independent Research For The Master's Thesis,1-6,Communication,Graduate,
COM 110A01,Communication As Critical Inquiry: Classroom Communication-Teacher Education,3,Communication,Undergraduate,
COM 198A02,Professional Practice: Forensics,1,Communication,Undergraduate,
COM 320A01,Mass Media: Cultural Criticism And Problems: Identities In Latin American Popular Culture,3,Communication,Undergraduate,
COM 390A01,Topics In Contemporary Communication: Journalism In Latin America,3,Communication,Undergraduate,
COM 392A08,Teaching Communication As Critical Inquiry,1,Communication,Undergraduate,
COM 398A03,Professional Practice: Internships For Communication Studies Majors,1-12,Communication,Undergraduate,
COM 398A04,Professional Practice: Internships For Journalism Majors,1-12,Communication,Undergraduate,
COM 398A05,Professional Practice: Internships For Mass Media Majors,1-12,Communication,Undergraduate,
COM 398A06,Professional Practice: Internships For Public Relations Majors,1-12,Communication,Undergraduate,
COM 398A07,Professional Practice: Internships For Sports Communication Majors,1-12,Communication,Undergraduate,
COM 420A01,Mass Media: Cultural Criticism And Problems: Identities In Latin American Popular Culture,3,Communication,Graduate,
COM 490A01,Topics In Contemporary Communication: Journalism In Latin America,3,Communication,Graduate,
COM 492A08,Teaching Communication As Critical Inquiry,1,Communication,Graduate,
COM 498A90,Professional Practice In Communication: Last Term,1-6,Communication,Graduate,
COM 499A90,Independent Research For The Master's Thesis Last Term,1-4,Communication,Graduate,
CSD 115,"Human Communication: Speech, Language, And Hearing",3,Communication Sciences & Disorders,Undergraduate,
CSD 155,"Anatomy And Physiology Of The Speech, Swallowing, And Hearing Mechanism",3,Communication Sciences & Disorders,Undergraduate,
CSD 175,Spoken And Written Language Development,3,Communication Sciences & Disorders,Undergraduate,
CSD 210,"Neurobasis Of Speech, Language, And Hearing",3,Communication Sciences & Disorders,Undergraduate,
CSD 211,Phonetics,3,Communication Sciences & Disorders,Undergraduate,
CSD 212,Hearing Science and Audiology,3,Communication Sciences & Disorders,Undergraduate,
CSD 218,Exploration In Communication Sciences And Disorders,3,Communication Sciences & Disorders,Undergraduate,
CSD 248,Speech Science,3,Communication Sciences & Disorders,Undergraduate,
CSD 270,Cultural and Linguistic Diversity in Communication Sciences and Disorders,3,Communication Sciences & Disorders,Undergraduate,
CSD 275,Spoken And Written Language Analysis,3,Communication Sciences & Disorders,Undergraduate,
CSD 287,Independent Study,1-6,Communication Sciences & Disorders,Undergraduate,
CSD 291,Undergraduate Teaching Experience In Communication Sciences Disorders,1-3,Communication Sciences & Disorders,Undergraduate,
CSD 299,Independent Honor Study,1-6,Communication Sciences & Disorders,Undergraduate,
CSD 315,Speech Sound Disorders,3,Communication Sciences & Disorders,Undergraduate,
CSD 316,The Voice And Its Disorders,3,Communication Sciences & Disorders,Undergraduate,
CSD 319,Stuttering,3,Communication Sciences & Disorders,Undergraduate,
CSD 321,Language Disorders,3,Communication Sciences & Disorders,Undergraduate,
CSD 323,Neurogenic Disorders,3,Communication Sciences & Disorders,Undergraduate,
CSD 332,The Clinical Process: Evaluation And Treatment,3,Communication Sciences & Disorders,Undergraduate,
CSD 351,Aural Rehabilitation,3,Communication Sciences & Disorders,Undergraduate,
CSD 360,Augmentative And Alternative Communication (AAC),3,Communication Sciences & Disorders,Undergraduate,
CSD 380,Professional Research and Writing In Communication Sciences And Disorders,3,Communication Sciences & Disorders,Undergraduate,
CSD 390,Special Topics in Communication Sciences and Disorders,3,Communication Sciences & Disorders,Undergraduate,
CSD 400,Independent Study,1-4,Communication Sciences & Disorders,Graduate,
CSD 401,Methods Of Research In Speech Pathology & Audiology,3,Communication Sciences & Disorders,Graduate,
CSD 402,"Cognition, Language, and Literacy in Pediatrics (0-15yrs)",3,Communication Sciences & Disorders,Graduate,
CSD 403,"Cognition, Language, and Literacy in Adults (15-100+)",3,Communication Sciences & Disorders,Graduate,
CSD 404,"Developmental Language, Literacy, and Cognitive-Commuication Disorders",3,Communication Sciences & Disorders,Graduate,
CSD 406,Acquired Language and Cognitive-Communication Disorders,3,Communication Sciences & Disorders,Graduate,
CSD 409,Research and Writing,3,Communication Sciences & Disorders,Graduate,
CSD 410,Neurobasis of Communication Disorders,3,Communication Sciences & Disorders,Graduate,
CSD 412,Speech Sound Disorders,3,Communication Sciences & Disorders,Graduate,
CSD 413,Assessment and Management of Voice and Resonance Disorders,3,Communication Sciences & Disorders,Graduate,
CSD 414,Dysphagia,3,Communication Sciences & Disorders,Graduate,
CSD 417,"Assessment and Management of Stuttering, Voice, and Resonance Disorders",3,Communication Sciences & Disorders,Graduate,
CSD 418,Assessment and Treatment of Stuttering,3,Communication Sciences & Disorders,Graduate,
CSD 420,Feeding and Swallowing Disorders In Infants and Children,2,Communication Sciences & Disorders,Graduate,
CSD 422,Assessment and Counseling in Culturally Responsive Practice,3,Communication Sciences & Disorders,Graduate,
CSD 432,Professional Issues,2,Communication Sciences & Disorders,Graduate,
CSD 451,Counseling For Communication Disorders,2,Communication Sciences & Disorders,Graduate,
CSD 460,Augmentative and Alternative Communication,3,Communication Sciences & Disorders,Graduate,
CSD 499,Independent Research For The Master's Thesis,1-6,Communication Sciences & Disorders,Graduate,
CSD 500,Independent Study Communication Sciences & Disorders,1-4,Communication Sciences & Disorders,Graduate,
CSD 509,Anatomy & Physiology Of The Auditory Vestibular System,3,Communication Sciences & Disorders,Graduate,
CSD 510,Psychoacoustics,3,Communication Sciences & Disorders,Graduate,
CSD 511,Electrophysiological Techniques In Audiology I,3,Communication Sciences & Disorders,Graduate,
CSD 520,Essential Techniques In Audiology,3,Communication Sciences & Disorders,Graduate,
CSD 521,Differential Diagnosis In Audiology,3,Communication Sciences & Disorders,Graduate,
CSD 522,Electrophysiological Techniques In Audiology II,3,Communication Sciences & Disorders,Graduate,
CSD 523,Pediatric Audiology,3,Communication Sciences & Disorders,Graduate,
CSD 524,Medical Audiology,3,Communication Sciences & Disorders,Graduate,
CSD 526,Auditory Processing & Disorders,3,Communication Sciences & Disorders,Graduate,
CSD 530,Acoustics & Amplification Technology,3,Communication Sciences & Disorders,Graduate,
CSD 531,Amplification Selection & Fitting,3,Communication Sciences & Disorders,Graduate,
CSD 532,Advanced Pediatric Audiology,3,Communication Sciences & Disorders,Graduate,
CSD 533,Adult Audiologic Rehabilitation,3,Communication Sciences & Disorders,Graduate,
CSD 536,Implantable Auditory Protheses,3,Communication Sciences & Disorders,Graduate,
CSD 538,Vestibular Evaluation And Rehabilitation,3,Communication Sciences & Disorders,Graduate,
CSD 540,Professional Issues In Audiology,3,Communication Sciences & Disorders,Graduate,
CSD 541,Occupational and Environmental Audiology,3,Communication Sciences & Disorders,Graduate,
CSD 542,Business And Practice Management In Audiology,3,Communication Sciences & Disorders,Graduate,
CSD 551,Counseling for Audiology,3,Communication Sciences & Disorders,Graduate,
CSD 408A30,Basic Practicum: Speech-Language Pathology,3,Communication Sciences & Disorders,Graduate,
CSD 408A40,Intermediate Practicum: Speech-Language Pathology,3,Communication Sciences & Disorders,Graduate,
CSD 408A50,Advanced Practicum: Speech-Language Pathology,3,Communication Sciences & Disorders,Graduate,
CSD 408A60,External Practicum: Speech-Language Pathology Educational Placement,5,Communication Sciences & Disorders,Graduate,
CSD 408A70,External Practicum: Speech-Language Pathology Medical Placement,5,Communication Sciences & Disorders,Graduate,
CSD 408A80,SLP Off-Campus Practicum,3,Communication Sciences & Disorders,Graduate,
CSD 408A98,SLP Clinical Externship,1,Communication Sciences & Disorders,Graduate,
CSD 490A01,Seminar in SLP: Evaluation and Treatment of Tracheostomized and Ventilator Dependent Patients,3,Communication Sciences & Disorders,Graduate,
CSD 490A02,Seminar in SLP: Language and Literacy in Speech-Language Pathology,3,Communication Sciences & Disorders,Graduate,
CSD 490A03,Seminar in SLP: Caregiver Coaching,3,Communication Sciences & Disorders,Graduate,
CSD 490A04,Seminar in SLP: Breastfeeding Management for Healthcare Professionals,3,Communication Sciences & Disorders,Graduate,
CSD 490A05,Seminar in SLP Autism Spectrum Disorder and Interprofessional Practice,3,Communication Sciences & Disorders,Graduate,
CSD 490A06,Seminar in SLP: Sociology of Health and Medicine,3,Communication Sciences & Disorders,Graduate,
CSD 508A10,Clinical Practice In Audiology,1,Communication Sciences & Disorders,Graduate,
CSD 508A20,Basic Clinical Rotation In Audiology,2,Communication Sciences & Disorders,Graduate,
CSD 508A25,Simulation Clinic,1,Communication Sciences & Disorders,Graduate,
CSD 508A30,Intermediate Clinical Rotation In Audiology,3,Communication Sciences & Disorders,Graduate,
CSD 508A40,Advanced Clinical Rotation In Audiology,4,Communication Sciences & Disorders,Graduate,
CSD 598A90,Doctoral Internship For Students In Final Semester,1-9,Communication Sciences & Disorders,Graduate,
CTK 120,History of Games,3,Creative Technologies,Undergraduate,
CTK 123,History of Comic Art,3,Creative Technologies,Undergraduate,
CTK 201,Basic Skills In The Digital Arts,3,Creative Technologies,Undergraduate,
CTK 202,Foundations: Audio Theory,3,Creative Technologies,Undergraduate,
CTK 203,Foundations: Recording and Sampling,3,Creative Technologies,Undergraduate,
CTK 204,Foundations: Music Concepts,3,Creative Technologies,Undergraduate,
CTK 208,Audio Production I,3,Creative Technologies,Undergraduate,
CTK 211,"Survey of Sound Design, Acoustics, and Music Production",3,Creative Technologies,Undergraduate,
CTK 231,Web Design and Development,3,Creative Technologies,Undergraduate,
CTK 232,Computer Programming for Creatives,3,Creative Technologies,Undergraduate,
CTK 235,Critical Making with AI,3,Creative Technologies,Undergraduate,
CTK 240,Sound Design 1: Beginning Digital Audio,3,Creative Technologies,Undergraduate,
CTK 248,Digital Painting,3,Creative Technologies,Undergraduate,
CTK 251,Introduction to Digital Animation,3,Creative Technologies,Undergraduate,
CTK 252,Anatomy Drawing for Digital Media,3,Creative Technologies,Undergraduate,
CTK 253,Environmental Design for Digital Media,3,Creative Technologies,Undergraduate,
CTK 260,Arts Technology Performance Studio,3,Creative Technologies,Undergraduate,
CTK 275,"Exploring Digital Creativity: Past, Present, and Future",3,Creative Technologies,Undergraduate,
CTK 299,Independent Honor Study,1-6,Creative Technologies,Undergraduate,
CTK 303,Advanced Web Design and Development,3,Creative Technologies,Undergraduate,
CTK 305,Introduction to Game Engines,3,Creative Technologies,Undergraduate,
CTK 310,Comics and Sequential Art,3,Creative Technologies,Undergraduate,
CTK 311,Storyboarding and Narrative,3,Creative Technologies,Undergraduate,
CTK 312,Introduction to 3D Modeling and Animation,3,Creative Technologies,Undergraduate,
CTK 314,Advanced 3D Modeling and Animation,3,Creative Technologies,Undergraduate,
CTK 320,Programming Dynamic Media,3,Creative Technologies,Undergraduate,
CTK 323,Electronic Music Composition,3,Creative Technologies,Undergraduate,
CTK 330,Web Video,3,Creative Technologies,Undergraduate,
CTK 340,Sound Design 2: Advanced Digital Audio,3,Creative Technologies,Undergraduate,
CTK 341,Mixing and Mastering,3,Creative Technologies,Undergraduate,
CTK 342,Audio - Loudspeaker Design,3,Creative Technologies,Undergraduate,
CTK 343,Sound to Animation,3,Creative Technologies,Undergraduate,
CTK 344,Sound Design for Video Games,3,Creative Technologies,Undergraduate,
CTK 345,Sequencing And Digital Audio,3,Creative Technologies,Undergraduate,
CTK 346,Advanced Sound Projects,3,Creative Technologies,Undergraduate,
CTK 347,Audio - Live Sound,3,Creative Technologies,Undergraduate,
CTK 349,"Character Design for Comics, Games, and Animation",3,Creative Technologies,Undergraduate,
CTK 351,Game Design I,3,Creative Technologies,Undergraduate,
CTK 352,Game Design II,3,Creative Technologies,Undergraduate,
CTK 353,Game Development,3,Creative Technologies,Undergraduate,
CTK 354,User Experience Design for Games,3,Creative Technologies,Undergraduate,
CTK 356,Experimental Technologies for Games,3,Creative Technologies,Undergraduate,
CTK 359,Games and Society,3,Creative Technologies,Undergraduate,
CTK 361,Usability Research and User Experience,3,Creative Technologies,Undergraduate,
CTK 370,Portfolio Development,1,Creative Technologies,Undergraduate,
CTK 377,Motion Graphics,3,Creative Technologies,Undergraduate,
CTK 380,Selected Topics In Arts Technology,3,Creative Technologies,Undergraduate,
CTK 390,Directed Projects/Seminar In Arts Technology,2-6,Creative Technologies,Undergraduate,
CTK 398,Professional Practice: Arts Micro-Computer Applications,2-6,Creative Technologies,Undergraduate,
CTK 401,Portfolio Development In Creative Technologies,1,Creative Technologies,Graduate,
CTK 402,Computer Programming for Creatives,3,Creative Technologies,Graduate,
CTK 403,Advanced Web Design and Development,3,Creative Technologies,Graduate,
CTK 404,Web Design and Development,3,Creative Technologies,Graduate,
CTK 405,Introduction to Game Engines,3,Creative Technologies,Graduate,
CTK 410,Comics and Sequential Art,3,Creative Technologies,Graduate,
CTK 420,Programming Dynamic Media,3,Creative Technologies,Graduate,
CTK 421,Capstone in Creative Technologies I,3,Creative Technologies,Graduate,
CTK 422,Capstone in Creative Technologies II,3,Creative Technologies,Graduate,
CTK 423,Electronic Music Composition,3,Creative Technologies,Graduate,
CTK 430,Web Video,3,Creative Technologies,Graduate,
CTK 431,Game Design I,3,Creative Technologies,Graduate,
CTK 440,Sound Design 2: Advanced Digital Audio,3,Creative Technologies,Graduate,
CTK 442,Audio - Loudspeaker Design,3,Creative Technologies,Graduate,
CTK 444,Sound Design for Video Games,3,Creative Technologies,Graduate,
CTK 445,Sequencing And Digital Audio,3,Creative Technologies,Graduate,
CTK 447,Audio - Live Sound,3,Creative Technologies,Graduate,
CTK 448,Digital Painting,3,Creative Technologies,Graduate,
CTK 449,"Character Design for Comics, Games, and Animation",3,Creative Technologies,Graduate,
CTK 450,Design And Aesthetic Issues In Creative Technologies,3,Creative Technologies,Graduate,
CTK 451,Practice-Based Research Methods,3,Creative Technologies,Graduate,
CTK 452,Game Design 2,3,Creative Technologies,Graduate,
CTK 453,Game Development 1,3,Creative Technologies,Graduate,
CTK 459,Games and Society,3,Creative Technologies,Graduate,
CTK 460,Computer Performance Arts Studio,3,Creative Technologies,Graduate,
CTK 461,Usability Research and User Experience,3,Creative Technologies,Graduate,
CTK 477,Motion Graphics,3,Creative Technologies,Graduate,
CTK 481,Selected Topics in Creative Technologies,3,Creative Technologies,Graduate,
CTK 490,Directed Projects In Creative Technology,1-6,Creative Technologies,Graduate,
CTK 498,Professional Practice: Arts Technology,2-6,Creative Technologies,Graduate,
CTK 499,Independent Research For The Master's Thesis,1-6,Creative Technologies,Graduate,
CTK 355A01,Game Studio Capstone I,3,Creative Technologies,Undergraduate,
CTK 355A02,Game Studio Capstone II,3,Creative Technologies,Undergraduate,
CTK 380A22,Composition and Design for Digital Media,3,Creative Technologies,Undergraduate,
CTK 380A31,Analog Mechanical Motion,3,Creative Technologies,Undergraduate,
CTK 481A22,Composition and Design for Digital Media,3,Creative Technologies,Graduate,
CTK 481A23,Movement and Motion Capture for Video Games,3,Creative Technologies,Graduate,
CTK 481A31,Analog Mechanical Motion,3,Creative Technologies,Graduate,
CTK 481A55,Advanced Topics In Creative Technologies: Civic Engagement,3,Creative Technologies,Graduate,
CTK 481A66,Advanced Computer Topics In Creative Technologies: Investigating Theory,3,Creative Technologies,Graduate,
DAN 104,Beginning Modern Dance,2,"Theatre, Dance, and Film",Undergraduate,
DAN 105,Modern Dance I,2,"Theatre, Dance, and Film",Undergraduate,
DAN 106,Beginning Classical Ballet,2,"Theatre, Dance, and Film",Undergraduate,
DAN 107,Classical Ballet I,2,"Theatre, Dance, and Film",Undergraduate,
DAN 112,Dance Improvisation,2,"Theatre, Dance, and Film",Undergraduate,
DAN 119,Jazz Dance I,2,"Theatre, Dance, and Film",Undergraduate,
DAN 125,Dance Composition I,2,"Theatre, Dance, and Film",Undergraduate,
DAN 152,Experiencing Dance,3,"Theatre, Dance, and Film",Undergraduate,
DAN 203,Rhythmic Fundamentals & Literature For Dance,2,"Theatre, Dance, and Film",Undergraduate,
DAN 204,Fundamentals Of Movement & Somatics Of Dance,2,"Theatre, Dance, and Film",Undergraduate,
DAN 205,Modern Dance II,2,"Theatre, Dance, and Film",Undergraduate,
DAN 207,Classical Ballet II,2,"Theatre, Dance, and Film",Undergraduate,
DAN 219,Jazz Dance II,2,"Theatre, Dance, and Film",Undergraduate,
DAN 224,Composition For The Musical Theatre,2,"Theatre, Dance, and Film",Undergraduate,
DAN 227,Dance Pedagogy I,2,"Theatre, Dance, and Film",Undergraduate,
DAN 228,Special Topics In Dance,1-3,"Theatre, Dance, and Film",Undergraduate,
DAN 283,Arts Integration in Early Childhood and Elementary Education: Creative Dance Focus,3,"Theatre, Dance, and Film",Undergraduate,
DAN 291,Undergraduate Teaching Experience In Dance,1-3,"Theatre, Dance, and Film",Undergraduate,
DAN 303,Dance Theatre,1,"Theatre, Dance, and Film",Undergraduate,
DAN 305,Modern Dance III,2,"Theatre, Dance, and Film",Undergraduate,
DAN 307,Classical Ballet III,2,"Theatre, Dance, and Film",Undergraduate,
DAN 319,Jazz Dance III,2,"Theatre, Dance, and Film",Undergraduate,
DAN 325,Dance Composition II,2,"Theatre, Dance, and Film",Undergraduate,
DAN 327,Dance Pedagogy II,2,"Theatre, Dance, and Film",Undergraduate,
DAN 358,Interdisciplinary Choreographic Projects,2,"Theatre, Dance, and Film",Undergraduate,
DAN 372,History Of Dance To 1900,3,"Theatre, Dance, and Film",Undergraduate,
DAN 373,Twentieth Century Dance History,3,"Theatre, Dance, and Film",Undergraduate,
DAN 374,Multicultural Perspectives In Dance,2,"Theatre, Dance, and Film",Undergraduate,
DAN 382,Senior Seminar In Dance,2,"Theatre, Dance, and Film",Undergraduate,
DAN 383,Senior Seminar In Dance Education,2,"Theatre, Dance, and Film",Undergraduate,
DAN 398,Professional Practice: Dance,1-15,"Theatre, Dance, and Film",Undergraduate,
DAN 399,Student Teaching In Dance Education,1-16,"Theatre, Dance, and Film",Undergraduate,
EAF 228,Social Foundations Of Education,3,Educational Administration and Foundations,Undergraduate,
EAF 231,Introduction To Philosophy Of Education,3,Educational Administration and Foundations,Undergraduate,
EAF 235,Historical Foundations,3,Educational Administration and Foundations,Undergraduate,
EAF 287,Independent Study,1-6,Educational Administration and Foundations,Undergraduate,
EAF 362,Introduction to Student Affairs,3,Educational Administration and Foundations,Undergraduate,
EAF 400,Independent Study,1-4,Educational Administration and Foundations,Graduate,
EAF 410,Research Methodology And Statistics In Education,3,Educational Administration and Foundations,Graduate,
EAF 411,Educational Evaluation And Assessment,3,Educational Administration and Foundations,Graduate,
EAF 413,Critical Social Theory & Resistant Knowledge Projects,3,Educational Administration and Foundations,Graduate,
EAF 415,Qualitative Research In Educational Settings,3,Educational Administration and Foundations,Graduate,
EAF 430,Issues In Site-Level Leadership,3,Educational Administration and Foundations,Graduate,
EAF 431,School Leadership And The Law,3,Educational Administration and Foundations,Graduate,
EAF 432,Principal As Change Agent,3,Educational Administration and Foundations,Graduate,
EAF 433,Leading Learning For Equity And Social Justice,3,Educational Administration and Foundations,Graduate,
EAF 434,Supervision For Learning Environments,3,Educational Administration and Foundations,Graduate,
EAF 435,Leadership For Stages Of Mind,3,Educational Administration and Foundations,Graduate,
EAF 436,Leadership For Diverse Learning Needs,3,Educational Administration and Foundations,Graduate,
EAF 437,Assessment Data Systems,3,Educational Administration and Foundations,Graduate,
EAF 438,Building Community Engagement Through Collaboration,3,Educational Administration and Foundations,Graduate,
EAF 439,Leading School Improvement Planning,3,Educational Administration and Foundations,Graduate,
EAF 461,Student Development Theory In Higher Education,3,Educational Administration and Foundations,Graduate,
EAF 462,Organization & Administration Student Affairs Functions Higher Education,3,Educational Administration and Foundations,Graduate,
EAF 463,College Students & Their Cultures,3,Educational Administration and Foundations,Graduate,
EAF 464,Practicum In College Student Personnel Administration,3-8,Educational Administration and Foundations,Graduate,
EAF 466,College Students And The Law,3,Educational Administration and Foundations,Graduate,
EAF 467,Issues & Skills For Counseling College Students,3,Educational Administration and Foundations,Graduate,
EAF 468,Seminar On The History Of American Higher Education,3,Educational Administration and Foundations,Graduate,
EAF 469,Comparative Higher Education,3,Educational Administration and Foundations,Graduate,
EAF 473,Organization And Administration Of Community Colleges,3,Educational Administration and Foundations,Graduate,
EAF 484,Administration Of Continuing Education & Public Service,3,Educational Administration and Foundations,Graduate,
EAF 498,Professional Practice,1-3,Educational Administration and Foundations,Graduate,
EAF 499,Independent Research For The Master's Thesis,1-6,Educational Administration and Foundations,Graduate,
EAF 500,Independent Study,1-4,Educational Administration and Foundations,Graduate,
EAF 508,Applied Educational Research,3,Educational Administration and Foundations,Graduate,
EAF 509,Research Design In Education: Issues & Standard Practices,3,Educational Administration and Foundations,Graduate,
EAF 510,Research Methodology And Statistics In Education II,3,Educational Administration and Foundations,Graduate,
EAF 512,Advanced Topics: Research Methodology,1-6,Educational Administration and Foundations,Graduate,
EAF 513,Advanced Educational Evaluation & Assessment,3,Educational Administration and Foundations,Graduate,
EAF 515,Methods Of Qualitative Research In Education,3,Educational Administration and Foundations,Graduate,
EAF 521,Moral and Political Theoretical Foundations of Education,3,Educational Administration and Foundations,Graduate,
EAF 523,Critical Historical Foundations of Education,3,Educational Administration and Foundations,Graduate,
EAF 525,Cultural Foundations Of Education,3,Educational Administration and Foundations,Graduate,
EAF 526,Critical Readings in Educational Foundations,3,Educational Administration and Foundations,Graduate,
EAF 548,Advanced Seminar On Legal Bases Of Education,3,Educational Administration and Foundations,Graduate,
EAF 561,Organization & Governance In Higher Education,3,Educational Administration and Foundations,Graduate,
EAF 563,Crucial Issues In American Higher Education,3,Educational Administration and Foundations,Graduate,
EAF 564,Planning In Higher Education,3,Educational Administration and Foundations,Graduate,
EAF 570,Public Finance Of Higher Education,3,Educational Administration and Foundations,Graduate,
EAF 575,Seminar In School Business Management,3,Educational Administration and Foundations,Graduate,
EAF 576,Administration Of Instructional Programs,3,Educational Administration and Foundations,Graduate,
EAF 578,Legal Bases Of Higher Education,3,Educational Administration and Foundations,Graduate,
EAF 579,Research Seminar On The Public Finance Of Education,3,Educational Administration and Foundations,Graduate,
EAF 580,Educational Facilities,3,Educational Administration and Foundations,Graduate,
EAF 582,Administrative Theory In Education,3,Educational Administration and Foundations,Graduate,
EAF 583,Seminar In Educational Leadership,3,Educational Administration and Foundations,Graduate,
EAF 584,Superintendent And Central Staff,3,Educational Administration and Foundations,Graduate,
EAF 585,Management Of Educational Funds,3,Educational Administration and Foundations,Graduate,
EAF 586,Administration Of Human Resources,3,Educational Administration and Foundations,Graduate,
EAF 587,Community Relations Seminar,3,Educational Administration and Foundations,Graduate,
EAF 591,Carnegie Project for Education Doctorate (CPED) Capstone Experience,3,Educational Administration and Foundations,Graduate,
EAF 592,Doctoral Qualifying Examination Preparation (PH.D.) Capstone,3,Educational Administration and Foundations,Graduate,
EAF 594,Doctoral-Level Scholarship,3,Educational Administration and Foundations,Graduate,
EAF 596,Negotiated Agreement Administration & Development,3,Educational Administration and Foundations,Graduate,
EAF 598,Professional Practice,3,Educational Administration and Foundations,Graduate,
EAF 599,Dissertation Research,1-15,Educational Administration and Foundations,Graduate,
EAF 428A01,Topics In Educational Foundations: College Student Personnel,3,Educational Administration and Foundations,Graduate,
EAF 482A01,Administration Seminar-Non Certification,3,Educational Administration and Foundations,Graduate,
EAF 493A01,Workshop In Educational Administration,1-6,Educational Administration and Foundations,Graduate,
EAF 499A90,Independent Research For The Master's Thesis Last Term,1,Educational Administration and Foundations,Graduate,
EAF 526A03,Critical Readings in Educational Foundations: Culturally Responsive Practice,3,Educational Administration and Foundations,Graduate,
EAF 526A04,Critical Race Theory In Education,3,Educational Administration and Foundations,Graduate,
EAF 599A90,Dissertation Research Final Term,1,Educational Administration and Foundations,Graduate,
ECO 101,Principles Of Microeconomics,3,Economics,Undergraduate,
ECO 102,Principles Of Macroeconomics,3,Economics,Undergraduate,
ECO 103,Individual And Social Choice,3,Economics,Undergraduate,
ECO 138,Economic Reasoning Using Statistics,3,Economics,Undergraduate,
ECO 202,Current Economic Issues,3,Economics,Undergraduate,
ECO 215,Money And Banking,3,Economics,Undergraduate,
ECO 220,Law And Economics,3,Economics,Undergraduate,
ECO 225,Labor Economics And Labor Problems,3,Economics,Undergraduate,
ECO 235,Telecommunications Economics And Public Policy,3,Economics,Undergraduate,
ECO 236,Economics Of Energy & Public Policy,3,Economics,Undergraduate,
ECO 238,Using Regression & Econometric Methods,3,Economics,Undergraduate,
ECO 239,Managerial Economics,3,Economics,Undergraduate,
ECO 240,Intermediate Microeconomic Theory,3,Economics,Undergraduate,
ECO 241,Intermediate Macroeconomic Theory,3,Economics,Undergraduate,
ECO 245,The International Economy,3,Economics,Undergraduate,
ECO 248,Economic and Business Forecasting,3,Economics,Undergraduate,
ECO 250,Public Economics,3,Economics,Undergraduate,
ECO 255,Introduction To Environmental & Natural Resource Economy,3,Economics,Undergraduate,
ECO 260,Introduction to Policy Evaluation Through Case Studies,3,Economics,Undergraduate,
ECO 264,Education Finance and Policy,3,Economics,Undergraduate,
ECO 287,Independent Study,1-6,Economics,Undergraduate,
ECO 291,Undergraduate Teaching Experience In Economics,1-3,Economics,Undergraduate,
ECO 299,Independent Honor Study,1-6,Economics,Undergraduate,
ECO 300,Senior Project,1,Economics,Undergraduate,
ECO 320,Industrial Organization,3,Economics,Undergraduate,
ECO 322,Competition and Managerial Strategies,3,Economics,Undergraduate,
ECO 324,Economics Of Human Resources,3,Economics,Undergraduate,
ECO 334,Economics Of Regulation And Antitrust,3,Economics,Undergraduate,
ECO 345,International Trade,3,Economics,Undergraduate,
ECO 346,International Finance,3,Economics,Undergraduate,
ECO 350,Public Finance,3,Economics,Undergraduate,
ECO 353,Regression And Time Series Analysis,4,Economics,Undergraduate,
ECO 355,Health Economics & Policy,3,Economics,Undergraduate,
ECO 398,Professional Practice: Internship In Economic Research,1-6,Economics,Undergraduate,
ECO 400,Independent Study,1-4,Economics,Graduate,
ECO 406,Local Economic Development,2-3,Economics,Graduate,
ECO 420,Industrial Organization,3,Economics,Graduate,
ECO 422,Competition and Managerial Strategies,3,Economics,Graduate,
ECO 423,Games And Strategies,3,Economics,Graduate,
ECO 424,Economics of Human Resources,3,Economics,Graduate,
ECO 425,Advanced Labor Economics,3,Economics,Graduate,
ECO 434,Economics of Regulation and Antitrust,3,Economics,Graduate,
ECO 435,Public Utility Economics,3,Economics,Graduate,
ECO 436,Seminar In Regulatory Policy,3,Economics,Graduate,
ECO 437,Fundamentals Of Econometrics,3,Economics,Graduate,
ECO 438,Microeconometrics,3,Economics,Graduate,
ECO 439,Applied Time Series Econometrics And Forecasting,3,Economics,Graduate,
ECO 440,Advanced Microeconomic Theory I,3,Economics,Graduate,
ECO 441,Advanced Macroeconomic Theory I,3,Economics,Graduate,
ECO 444,Financial Economics,3,Economics,Graduate,
ECO 445,International Economic Analysis,3,Economics,Graduate,
ECO 446,International Finance,3,Economics,Graduate,
ECO 450,Public Finance,3,Economics,Graduate,
ECO 455,Health Economics & Policy,3,Economics,Graduate,
ECO 457,Regression And Time Series Analysis,4,Economics,Graduate,
ECO 478,Topics In Administration And Planning,2,Economics,Graduate,
ECO 490,Seminar In Economics,1-4,Economics,Graduate,
ECO 492,Graduate Readings In Economics,3,Economics,Graduate,
ECO 495,Graduate Research In Applied Economics,3,Economics,Graduate,
ECO 499,Independent Research For The Master's Thesis,1-6,Economics,Graduate,
ECO 498A01,Professional Practice: Coop/Internship In Economics,1-9,Economics,Graduate,
ECO 498A02,"Professional Practice: Coop/Internship Electric, Natural Gas/Telecommunications",1-9,Economics,Graduate,
ECO 498A03,Professional Practice: Coop/Internship Community Development,1-9,Economics,Graduate,
ECO 498A15,Professional Practice: Stevenson Center Assistantship,1,Economics,Graduate,
ECO 498A90,Professional Practice: Community Development Last Year,1-9,Economics,Graduate,
EGR 110,Engineering Programming with MATLAB,3,College of Engineering,Undergraduate,
EGR 120,Engineering Explorations,3,College of Engineering,Undergraduate,
EGR 130,Introduction to Engineering Design,3,College of Engineering,Undergraduate,
EGR 135,Engineering Applications of Calculus I,1,College of Engineering,Undergraduate,
EGR 136,Engineering Applications of Calculus II,1,College of Engineering,Undergraduate,
EGR 198,Professional Practice: Internship In Engineering,1-6,College of Engineering,Undergraduate,
EGR 287,Independent Study,1-6,College of Engineering,Undergraduate,
EGR 298,Professional Practice: Internship in Engineering,1-3,College of Engineering,Undergraduate,
EGR 299,Honors Independent Study,1-6,College of Engineering,Undergraduate,
EGR 395,Engineering Capstone I,3,College of Engineering,Undergraduate,
EGR 396,Engineering Capstone II,3,College of Engineering,Undergraduate,
EGR 398,Professional Practice/Internship in Engineering,1-16,College of Engineering,Undergraduate,
EGR 120A01,Engineering Explorations for Transfers,3,College of Engineering,Undergraduate,
ELE 160,Principles of Hardware Cybersecurity and Digital Trust,3,Electrical Engineering,Undergraduate,
ELE 180,Introduction to AI & Applications,3,Electrical Engineering,Undergraduate,
ELE 198,Professional Practice: Internship In Electrical Engineering,1-3,Electrical Engineering,Undergraduate,
ELE 210,Circuits I,3,Electrical Engineering,Undergraduate,
ELE 211,Circuits I Lab,1,Electrical Engineering,Undergraduate,
ELE 215,Fundamentals of Electrical Engineering,3,Electrical Engineering,Undergraduate,
ELE 220,Circuits II,3,Electrical Engineering,Undergraduate,
ELE 221,Circuits II Lab,1,Electrical Engineering,Undergraduate,
ELE 225,Mechatronics I,3,Electrical Engineering,Undergraduate,
ELE 230,Digital Logic Design,3,Electrical Engineering,Undergraduate,
ELE 231,Digital Logic Design Lab,1,Electrical Engineering,Undergraduate,
ELE 250,Electronics,4,Electrical Engineering,Undergraduate,
ELE 255,Mechatronics II,3,Electrical Engineering,Undergraduate,
ELE 260,Probability & Statistics for Engineers,3,Electrical Engineering,Undergraduate,
ELE 265,Signals and Systems,3,Electrical Engineering,Undergraduate,
ELE 270,Microcontrollers,4,Electrical Engineering,Undergraduate,
ELE 275,Electric Machines,4,Electrical Engineering,Undergraduate,
ELE 280,Communication Systems,3,Electrical Engineering,Undergraduate,
ELE 285,Feedback Control,3,Electrical Engineering,Undergraduate,
ELE 287,Independent Study,1-3,Electrical Engineering,Undergraduate,
ELE 290,Machine Learning for Engineers,3,Electrical Engineering,Undergraduate,
ELE 298,Professional Practice: Internship In Engineering,1-3,Electrical Engineering,Undergraduate,
ELE 299,Independent Honor Study,1-3,Electrical Engineering,Undergraduate,
ELE 320,Digital Control,3,Electrical Engineering,Undergraduate,
ELE 330,Digital System Design,3,Electrical Engineering,Undergraduate,
ELE 331,Wireless Communication and Power Transmission,4,Electrical Engineering,Undergraduate,
ELE 340,Power Electronics,3,Electrical Engineering,Undergraduate,
ELE 360,Power Systems,3,Electrical Engineering,Undergraduate,
ELE 380,Robotics,3,Electrical Engineering,Undergraduate,
ELE 395,Senior Design I,3,Electrical Engineering,Undergraduate,
ELE 396,Senior Design II,3,Electrical Engineering,Undergraduate,
ELE 397,Independent Research,1-3,Electrical Engineering,Undergraduate,
ELE 398,Professional Practice: Internship In Electrical Engineering,1-3,Electrical Engineering,Undergraduate,
ENG 100,Introduction To English Studies,3,English,Undergraduate,
ENG 101,Composition As Critical Inquiry,3,English,Undergraduate,
ENG 102,Introduction To English Studies Proseminar,1,English,Undergraduate,
ENG 110,Introduction to English Literary History,3,English,Undergraduate,
ENG 124,Reading Film,3,English,Undergraduate,
ENG 125,Literary Narrative,3,English,Undergraduate,
ENG 128,Gender In The Humanities,3,English,Undergraduate,
ENG 130,Survey Of American Literature,3,English,Undergraduate,
ENG 143,Unity And Diversity In Language,3,English,Undergraduate,
ENG 145,Writing In The Academic Disciplines,3,English,Undergraduate,
ENG 150,World Literature To 14th Century,3,English,Undergraduate,
ENG 160,Introduction To Studies In Women's Writing,3,English,Undergraduate,
ENG 165,Introduction To African-American Literature & Culture,3,English,Undergraduate,
ENG 170,Introduction to Children's Literature,3,English,Undergraduate,
ENG 183,Rhetoric as Civic Literacy,3,English,Undergraduate,
ENG 194,Introduction to English Education,3,English,Undergraduate,
ENG 201,Making Connections through English Studies,3,English,Undergraduate,
ENG 206,"Cultural Expressions & Social Contexts: Women Of Asia, Latin America & Africa",3,English,Undergraduate,
ENG 213,Medieval Studies,3,English,Undergraduate,
ENG 214,Early Modern Studies,3,English,Undergraduate,
ENG 216,Studies In Eighteenth Century English Literature,3,English,Undergraduate,
ENG 217,Studies In Romanticism,3,English,Undergraduate,
ENG 218,Studies In The Victorian Period,3,English,Undergraduate,
ENG 219,Studies In Contemporary English Literature,3,English,Undergraduate,
ENG 222,Studies In Shakespeare,3,English,Undergraduate,
ENG 227,Introduction To Creative Writing,3,English,Undergraduate,
ENG 229,Introduction To Literary Genres,3,English,Undergraduate,
ENG 231,Early American Literature,3,English,Undergraduate,
ENG 232,"American Literature, 1830 To 1870",3,English,Undergraduate,
ENG 233,"American Literature, 1870 To 1920",3,English,Undergraduate,
ENG 234,"American Literature, 1920 To 1945",3,English,Undergraduate,
ENG 236,"American Literature, 1945 To The Present",3,English,Undergraduate,
ENG 239,Multimodal Composition,3,English,Undergraduate,
ENG 241,Growth And Structure Of The English Language,3,English,Undergraduate,
ENG 243,The Grammatical Structure Of English,3,English,Undergraduate,
ENG 244,Applied Grammar And Usage For Writers,3,English,Undergraduate,
ENG 245,Semantics,3,English,Undergraduate,
ENG 246,Advanced Composition,3,English,Undergraduate,
ENG 247,Intermediate Creative Writing,3,English,Undergraduate,
ENG 248,Legal Writing,3,English,Undergraduate,
ENG 249,Technical & Professional Writing I,3,English,Undergraduate,
ENG 250,Literature Of The Bible I,3,English,Undergraduate,
ENG 252,Global Literature To 1800,3,English,Undergraduate,
ENG 253,Introduction To Histories And Theories Of Publishing,3,English,Undergraduate,
ENG 254,Introduction To Professional Publishing,3,English,Undergraduate,
ENG 255,Modern Global Literature: 1800-Present,3,English,Undergraduate,
ENG 260,History Of Literature By Women,3,English,Undergraduate,
ENG 261,Women's Literature In A Global Context,3,English,Undergraduate,
ENG 262,Queer and Transgender Literatures and Cultures,3,English,Undergraduate,
ENG 265,Foundations Of African-American Literature & Culture,3,English,Undergraduate,
ENG 266,Native American Literature & Culture,3,English,Undergraduate,
ENG 267,Foundations Of U.S. Latino/A Literatures & Cultures,3,English,Undergraduate,
ENG 271,Literature For Young Children,3,English,Undergraduate,
ENG 272,Literature For Middle Grades,3,English,Undergraduate,
ENG 280,Science Writing,3,English,Undergraduate,
ENG 283,Rhetorical Theory And Applications,3,English,Undergraduate,
ENG 284,Poetry,3,English,Undergraduate,
ENG 285,Drama,3,English,Undergraduate,
ENG 286,Prose,3,English,Undergraduate,
ENG 287,Independent Study,1-6,English,Undergraduate,
ENG 291,Undergraduate Teaching Experience In English,1-3,English,Undergraduate,
ENG 295,Teaching Literature & Writing In The Middle School,3,English,Undergraduate,
ENG 296,Teaching Diverse Readers and Texts,3,English,Undergraduate,
ENG 297,Teaching and Diverse Writers,3,English,Undergraduate,
ENG 299,Independent Honor Study,1-6,English,Undergraduate,
ENG 300,Senior Seminar,3,English,Undergraduate,
ENG 305,Digital Publishing Studies,3,English,Undergraduate,
ENG 306,"Copyright Law for Writers, Editors, and Publishers",3,English,Undergraduate,
ENG 308,Literature And The Related Arts,3,English,Undergraduate,
ENG 310,History And Development Of The English Language,3,English,Undergraduate,
ENG 311,Introduction To Old English Language And Literature,3,English,Undergraduate,
ENG 320,Chaucer,3,English,Undergraduate,
ENG 321,Studies In Drama,3,English,Undergraduate,
ENG 322,Studies In The English Novel,3,English,Undergraduate,
ENG 329,Selected Figures In English Literature,3,English,Undergraduate,
ENG 332,Advanced Studies in American Literature,3,English,Undergraduate,
ENG 341,Introduction To Descriptive Linguistics,3,English,Undergraduate,
ENG 342,Sociolinguistics,3,English,Undergraduate,
ENG 343,Cross-Cultural Issues In Tesol,3,English,Undergraduate,
ENG 344,Theoretical Foundations of TESOL,3,English,Undergraduate,
ENG 345,Tesol Methods And Materials,3,English,Undergraduate,
ENG 346,Assessment And Testing In English As Second Language,3,English,Undergraduate,
ENG 348,Writing for Performance,3,English,Undergraduate,
ENG 349,Technical Writing II,3,English,Undergraduate,
ENG 350,Visible Rhetoric,3,English,Undergraduate,
ENG 351,Digital Rhetorics,3,English,Undergraduate,
ENG 352,Selected Figures In Global Literature,3,English,Undergraduate,
ENG 353,Technical Editing,3,English,Undergraduate,
ENG 355,Forensic Bibliography & Archival Editing,3,English,Undergraduate,
ENG 357,Studies in Creative Writing,3,English,Undergraduate,
ENG 358,Topics In Publishing Studies,3,English,Undergraduate,
ENG 360,Studies In Women's Writing,3,English,Undergraduate,
ENG 364,Film and English Studies,3,English,Undergraduate,
ENG 365,Movements & Periods In African American Literature & Culture,3,English,Undergraduate,
ENG 370,Studies In The History Of Literature For Young People,3,English,Undergraduate,
ENG 372,Origins Of Modern Literature For Young People,3,English,Undergraduate,
ENG 374,Storytelling,3,English,Undergraduate,
ENG 375,Young Adult Literature,3,English,Undergraduate,
ENG 378,Shakespeare On Stage,3,English,Undergraduate,
ENG 381,Studies In Literary Genres,3,English,Undergraduate,
ENG 384,Introduction To Cultural Theory,3,English,Undergraduate,
ENG 385,Life Writing/Narrative In Theory And Practice,3,English,Undergraduate,
ENG 391,Ancient Rhetorics,3,English,Undergraduate,
ENG 392,Contemporary Rhetorical Theories,3,English,Undergraduate,
ENG 394,Tesol Practicum,1-6,English,Undergraduate,
ENG 395,Critical Conversations in the Teaching of English,3,English,Undergraduate,
ENG 398,Professional Practice: Internship In English,1-6,English,Undergraduate,
ENG 399,English Education Professional Seminar,3,English,Undergraduate,
ENG 400,Independent Study,1-4,English,Graduate,
ENG 401,Introduction To Graduate Study,3,English,Graduate,
ENG 402,Teaching Composition,3,English,Graduate,
ENG 406,"Copyright Law for Writers, Editors, and Publishers",3,English,Graduate,
ENG 408,Literature and the Related Arts,3,English,Graduate,
ENG 410,History and Development of the English Language,3,English,Graduate,
ENG 411,Introduction to Old English Language and Literature,3,English,Graduate,
ENG 412,Selected Figures In Global Literature,3,English,Graduate,
ENG 413,Medieval Literatures And Cultures,3,English,Graduate,
ENG 414,Studies In Sixteenth-Century British Literature,3,English,Graduate,
ENG 416,Studies In Eighteenth-Century British Literature,3,English,Graduate,
ENG 417,Studies In Romantic British Literature,3,English,Graduate,
ENG 418,Studies In Victorian British Literature,3,English,Graduate,
ENG 419,Studies In Contemporary British Literature,3,English,Graduate,
ENG 420,Chaucer,3,English,Graduate,
ENG 421,Studies in Drama,3,English,Graduate,
ENG 422,Studies In Shakespeare,3,English,Graduate,
ENG 423,TESOL Practicum,1-6,English,Graduate,
ENG 425,Selected Figures in English Literature,3,English,Graduate,
ENG 426,Advanced Studies In American Literature,3,English,Graduate,
ENG 427,Studies in Creative Writing,3,English,Graduate,
ENG 428,Advanced Studies In Drama,3,English,Graduate,
ENG 429,Environmental Humanities,3,English,Graduate,
ENG 430,Visible Rhetorics,3,English,Graduate,
ENG 431,Studies In Early American Literature,3,English,Graduate,
ENG 432,Studies In Mid-Nineteenth Century American Literature & Cultures,3,English,Graduate,
ENG 433,Studies In Late 19th & Early 20th Century American Literature & Culture,3,English,Graduate,
ENG 434,Studies In 20th Century And Contemporary American Literature & Cultures,3,English,Graduate,
ENG 435,Critical Conversations in the Teaching of English,3,English,Graduate,
ENG 436,Theories of Socially Just ELA Instruction,3,English,Graduate,
ENG 437,Teacher Action Research Methods,3,English,Graduate,
ENG 438,Assessing and Analyzing Diverse Student Literacy Data,3,English,Graduate,
ENG 439,English Teacher Advocacy In Action,3,English,Graduate,
ENG 440,Studies In English Linguistics,3,English,Graduate,
ENG 441,The Linguistic Structure Of English For Tesol Professionals,3,English,Graduate,
ENG 442,Sociolinguistics,3,English,Graduate,
ENG 443,Cross-cultural issues in TESOL,3,English,Graduate,
ENG 444,Theoretical Foundations in TESOL,3,English,Graduate,
ENG 445,TESOL Methods and Materials,3,English,Graduate,
ENG 446,Assessment and Testing in English as a Second Language,3,English,Graduate,
ENG 448,Writing for Performance,3,English,Graduate,
ENG 449,History And Theory Of Technical And Professional Writing,3,English,Graduate,
ENG 450,Studies In Ancient Literature,3,English,Graduate,
ENG 451,Topics In Technical Writing,3,English,Graduate,
ENG 452,The Teaching Of Technical Writing,3,English,Graduate,
ENG 453,Technical Editing,3,English,Graduate,
ENG 454,Digital Rhetorics,3,English,Graduate,
ENG 455,Forensic Bibliography & Archival Editing,3,English,Graduate,
ENG 456,Studies In World Literature,3,English,Graduate,
ENG 457,Creative Writing Pedagogy,3,English,Graduate,
ENG 458,Topics In Publishing Studies,3,English,Graduate,
ENG 459,Technical Writing II,3,English,Graduate,
ENG 460,Feminist Literary Theories,3,English,Graduate,
ENG 461,Introduction to Descriptive Linguistics,3,English,Graduate,
ENG 462,Queer Theories and Cultures,3,English,Graduate,
ENG 463,Studies In Women's Writing,3,English,Graduate,
ENG 464,Film and English Studies,3,English,Graduate,
ENG 465,Studies In African American Literature & Culture,3,English,Graduate,
ENG 466,"Native American Discourses, Literatures & Rhetorics",3,English,Graduate,
ENG 467,Technology And English Studies,3,English,Graduate,
ENG 469,Studies In The History Of Literature For Young People,3,English,Graduate,
ENG 470,Studies In Children's Literature,3,English,Graduate,
ENG 471,Critical Theories In Children's Literature,3,English,Graduate,
ENG 472,Origins Of Modern Literature For Young People,3,English,Graduate,
ENG 473,Poetry for Children,3,English,Graduate,
ENG 474,Storytelling,3,English,Graduate,
ENG 475,Young Adult Literature,3,English,Graduate,
ENG 477,The Writing Seminar,3,English,Graduate,
ENG 478,Shakespeare On Stage,3,English,Graduate,
ENG 481,Studies In Literary Genres,3,English,Graduate,
ENG 482,Studies In Literary Criticism,3,English,Graduate,
ENG 483,Studies In Cultural Rhetorics,3,English,Graduate,
ENG 484,Introduction To Cultural Theory,3,English,Graduate,
ENG 485,Life Writing/Narrative in Theory and Practice,3,English,Graduate,
ENG 486,Studies In The English Novel,3,English,Graduate,
ENG 487,Studies In The American Novel,3,English,Graduate,
ENG 491,Ancient Rhetorics,3,English,Graduate,
ENG 492,Contemporary Rhetorical Theories,3,English,Graduate,
ENG 494,Writing Assessment In Colleges & Universities,3,English,Graduate,
ENG 495,Topics In English,1-3,English,Graduate,
ENG 496,Theory & Research In Rhetoric & Composition Studies,3,English,Graduate,
ENG 497,Research Methods In Rhetoric and Writing Studies,3,English,Graduate,
ENG 498,Professional Practice: Internship In English,1-9,English,Graduate,
ENG 499,Independent Research For The Master's Thesis,1-6,English,Graduate,
ENG 500,Independent Study,1-4,English,Graduate,
ENG 510,Seminar In English Studies Pedagogy,3,English,Graduate,
ENG 540,Seminar In Linguistics & Language Study,3,English,Graduate,
ENG 560,Seminar In Literature & Culture,3,English,Graduate,
ENG 590,Seminar In Rhetoric & Composition Studies,3,English,Graduate,
ENG 591,Practicum (Internship) In College Teaching,4,English,Graduate,
ENG 599,Research And Dissertation,1-15,English,Graduate,
ENG 101A10,Composition As Critical Inquiry,3,English,Undergraduate,
ENG 145A13,Writing Business & Government Organizations,3,English,Undergraduate,
ENG 206A01,Cultural Expressions & Social Contexts: Women of Asia,3,English,Undergraduate,
ENG 206A02,Cultural Expressions & Social Contexts: Women of Latin America,3,English,Undergraduate,
ENG 206A03,Cultural Expressions & Social Contexts: Women of Africa,3,English,Undergraduate,
ENG 206A04,Cultural Expressions & Social Contexts: Comparative,3,English,Undergraduate,
ENG 247A01,Intermediate Creative Writing: Poetry,3,English,Undergraduate,
ENG 247A02,Intermediate Creative Writing: Fiction,3,English,Undergraduate,
ENG 247A03,Intermediate Creative Writing: Non-Fiction,3,English,Undergraduate,
ENG 347A01,Creative Writing Seminar: Poetry,3,English,Undergraduate,
ENG 347A02,Creative Writing Seminar: Prose,3,English,Undergraduate,
ENG 347A03,Creative Writing Seminar: Creative Nonfiction,3,English,Undergraduate,
ENG 399A01,Student Teaching In English,1-16,English,Undergraduate,
ENG 409A01,Major Figures In Teaching Writing In Middle and High School,3,English,Graduate,
ENG 409A02,Issues Of Grammar Teaching Writing High School/Middle School,3,English,Graduate,
ENG 409A03,Writing Assessment In High School/Middle School,3,English,Graduate,
ENG 409A04,Using Technology To Teach Writing In High School/Middle School,3,English,Graduate,
ENG 409A05,Applying Rhetoric To Teaching Writing High School/Middle School,3,English,Graduate,
ENG 409A06,The Writing Project,3,English,Graduate,
ENG 447A01,Creative Writing Seminar: Poetry,3,English,Graduate,
ENG 447A02,Creative Writing Seminar: Prose,3,English,Graduate,
ENG 447A03,Creative Writing Seminar: Creative Nonfiction,3,English,Graduate,
ENG 489A11,Middle-Level English Language Arts Teaching and Inquiry,3,English,Graduate,
ENG 498A90,Professional Practice: Internship In English Final Year,1-9,English,Graduate,
ENG 499A90,Independent Research for the Masters Thesis Last Term,1-6,English,Graduate,
ENG 599A90,Research And Dissertation Final Term,1,English,Graduate,
ESL 30,Academic Speaking And Listening III,0,Interdisciplinary Studies,Continuing Education,
ESL 31,Academic Reading III,0,Interdisciplinary Studies,Continuing Education,
ESL 32,Academic Writing III,0,Interdisciplinary Studies,Continuing Education,
ESL 33,Grammar In Context III,0,Interdisciplinary Studies,Continuing Education,
ESL 34,Special Topics in Academic English III,0,Interdisciplinary Studies,Continuing Education,
ESL 39,Grammar and Academic Success Skills (Level III),0,Interdisciplinary Studies,Undergraduate,
ESL 40,Academic Speaking And Listening IV,0,Interdisciplinary Studies,Continuing Education,
ESL 41,Academic Reading IV,0,Interdisciplinary Studies,Continuing Education,
ESL 42,Academic Writing IV,0,Interdisciplinary Studies,Continuing Education,
ESL 43,Grammar In Context IV,0,Interdisciplinary Studies,Continuing Education,
ESL 44,Special Topics In Academic English IV,0,Interdisciplinary Studies,Continuing Education,
ESL 49,Grammar and Academic Success Skills (Level IV),0,Interdisciplinary Studies,Undergraduate,
ESL 50,Academic Speaking and Listening V,0,Interdisciplinary Studies,Undergraduate,
ESL 51,Academic Reading V,0,Interdisciplinary Studies,Undergraduate,
ESL 52,Academic Writing V,0,Interdisciplinary Studies,Undergraduate,
ESL 59,Grammar and Academic Success Skills (Level V),0,Interdisciplinary Studies,Undergraduate,
FCS 100,Introduction to Family and Consumer Sciences,3,Family Consumer Sciences,Undergraduate,
FCS 101,Human And Family Development,3,Family Consumer Sciences,Undergraduate,
FCS 102,Fundamentals Of Human Nutrition,3,Family Consumer Sciences,Undergraduate,
FCS 104,Environmental Design Elements:Studio,3,Family Consumer Sciences,Undergraduate,
FCS 111,Introduction to Teaching Family and Consumer Sciences,3,Family Consumer Sciences,Undergraduate,
FCS 112,American Family: Change & Diversity,3,Family Consumer Sciences,Undergraduate,
FCS 113,Principles Of Food Preparation,3,Family Consumer Sciences,Undergraduate,
FCS 116,Computer-Aided Design for Interior Design,3,Family Consumer Sciences,Undergraduate,
FCS 122,Apparel Product Development I,3,Family Consumer Sciences,Undergraduate,
FCS 167,Introduction to Digital Presentation and Communication,3,Family Consumer Sciences,Undergraduate,
FCS 198,Professional Practice: Internship In Family & Consumer Science,1-6,Family Consumer Sciences,Undergraduate,
FCS 200,Problem Solving and Research Methods in Family & Consumer Sciences,3,Family Consumer Sciences,Undergraduate,
FCS 208,Dynamics Of United States Contemporary Health Issues,3,Family Consumer Sciences,Undergraduate,
FCS 213,Food Management & Marketing,3,Family Consumer Sciences,Undergraduate,
FCS 214,Introduction to the Hospitality Industry,3,Family Consumer Sciences,Undergraduate,
FCS 216,Building Information Modeling Foundations for Interior Design,3,Family Consumer Sciences,Undergraduate,
FCS 217,Nutrition Through The Life Cycle,3,Family Consumer Sciences,Undergraduate,
FCS 218,Interior Construction And Building Systems,3,Family Consumer Sciences,Undergraduate,
FCS 219,Nutrition Counseling And Assessment,3,Family Consumer Sciences,Undergraduate,
FCS 221,Advanced Apparel Construction,3,Family Consumer Sciences,Undergraduate,
FCS 222,Cultural Diversity In Dress,3,Family Consumer Sciences,Undergraduate,
FCS 224,Enduring Issues For Couples And Families,3,Family Consumer Sciences,Undergraduate,
FCS 225,Textiles,3,Family Consumer Sciences,Undergraduate,
FCS 226,Fashion Trend & Industry Analysis,3,Family Consumer Sciences,Undergraduate,
FCS 228,Fashion Design 1: Drawing and Thinking,3,Family Consumer Sciences,Undergraduate,
FCS 231,Parenting,3,Family Consumer Sciences,Undergraduate,
FCS 232,Resource Management for Individuals and Families,3,Family Consumer Sciences,Undergraduate,
FCS 234,Teaching Interior Design in Family and Consumer Sciences Education,3,Family Consumer Sciences,Undergraduate,
FCS 235,Teaching Fashion in Family and Consumer Sciences Education,4,Family Consumer Sciences,Undergraduate,
FCS 242,Drafting For Interior Design,3,Family Consumer Sciences,Undergraduate,
FCS 246,Sketching for Interior Design,3,Family Consumer Sciences,Undergraduate,
FCS 250,Development And Guidance of Preschool Children,4,Family Consumer Sciences,Undergraduate,
FCS 251,Development And Guidance Of Infants And Toddlers,4,Family Consumer Sciences,Undergraduate,
FCS 252,Multicultural Family Studies,3,Family Consumer Sciences,Undergraduate,
FCS 254,Issues and Development in Middle Childhood,3,Family Consumer Sciences,Undergraduate,
FCS 261,Fashion History I,3,Family Consumer Sciences,Undergraduate,
FCS 287,Independent Study,1-6,Family Consumer Sciences,Undergraduate,
FCS 291,Undergraduate Teaching Experiences In Family And Consumer Sciences,1-3,Family Consumer Sciences,Undergraduate,
FCS 299,Independent Honor Study,1-6,Family Consumer Sciences,Undergraduate,
FCS 300,Professional Leadership in Family and Consumer Sciences,1,Family Consumer Sciences,Undergraduate,
FCS 301,Materials and Finishes in Interior Design,3,Family Consumer Sciences,Undergraduate,
FCS 303,Emerging Technology in Interior Design,2,Family Consumer Sciences,Undergraduate,
FCS 304,Adolescence And Emerging Adulthood In Cultural Context,3,Family Consumer Sciences,Undergraduate,
FCS 305,Families In Later Life,3,Family Consumer Sciences,Undergraduate,
FCS 306,Psychosocial Care of Children & Families in Healthcare Environment,3,Family Consumer Sciences,Undergraduate,
FCS 308,Organization And Administration Of Early Childhood Programs,3,Family Consumer Sciences,Undergraduate,
FCS 309,Couple Relationships,3,Family Consumer Sciences,Undergraduate,
FCS 310,Family Crises,3,Family Consumer Sciences,Undergraduate,
FCS 311,Community Nutrition,3,Family Consumer Sciences,Undergraduate,
FCS 312,Medical Nutrition Therapy,4,Family Consumer Sciences,Undergraduate,
FCS 314,Early Childhood Nutrition Education,3,Family Consumer Sciences,Undergraduate,
FCS 315,Sports Nutrition,3,Family Consumer Sciences,Undergraduate,
FCS 316,Food Science,3,Family Consumer Sciences,Undergraduate,
FCS 317,Nutrition And Metabolism,4,Family Consumer Sciences,Undergraduate,
FCS 318,Food Service Management,3,Family Consumer Sciences,Undergraduate,
FCS 319,Quantity Foods,4,Family Consumer Sciences,Undergraduate,
FCS 320,Special Topics In Food And Hospitality Management,3,Family Consumer Sciences,Undergraduate,
FCS 321,Fashion Design 2: Design Through Flat Pattern,3,Family Consumer Sciences,Undergraduate,
FCS 323,Advanced Textiles,3,Family Consumer Sciences,Undergraduate,
FCS 324,Fashion Design 3: Design through Draping,3,Family Consumer Sciences,Undergraduate,
FCS 327,Clothing And Behavior,3,Family Consumer Sciences,Undergraduate,
FCS 328,Economics Of Fashion,3,Family Consumer Sciences,Undergraduate,
FCS 329,Apparel Product Analysis,3,Family Consumer Sciences,Undergraduate,
FCS 333,Family And Consumer Public Policy,3,Family Consumer Sciences,Undergraduate,
FCS 335,Family Life Education Methods,3,Family Consumer Sciences,Undergraduate,
FCS 336,Value of Play in Human Development,3,Family Consumer Sciences,Undergraduate,
FCS 337,Restaurant Operations,3,Family Consumer Sciences,Undergraduate,
FCS 338,History Of Interior And Environmental Design I,3,Family Consumer Sciences,Undergraduate,
FCS 340,Interior Design I: Studio,4,Family Consumer Sciences,Undergraduate,
FCS 345,Interior Design Business Practices,2,Family Consumer Sciences,Undergraduate,
FCS 346,Environmental Lighting Design,3,Family Consumer Sciences,Undergraduate,
FCS 347,Human Factors In Interior Environments,2,Family Consumer Sciences,Undergraduate,
FCS 348,History Of Interior And Environmental Design II,2,Family Consumer Sciences,Undergraduate,
FCS 352,Rendering For Interior Designers,3,Family Consumer Sciences,Undergraduate,
FCS 353,Curriculum in Family and Consumer Sciences Education,3,Family Consumer Sciences,Undergraduate,
FCS 354,Methods in Teaching Family and Consumer Sciences Education,3,Family Consumer Sciences,Undergraduate,
FCS 362,Fashion History II,3,Family Consumer Sciences,Undergraduate,
FCS 363,"Bereavement, Grief and Loss",3,Family Consumer Sciences,Undergraduate,
FCS 364,Helping and Communication Skills for FCS Professions,3,Family Consumer Sciences,Undergraduate,
FCS 365,Fashion Design 4: The Capstone,3,Family Consumer Sciences,Undergraduate,
FCS 366,CAD For Apparel Design,3,Family Consumer Sciences,Undergraduate,
FCS 367,Fashion Merchandising,3,Family Consumer Sciences,Undergraduate,
FCS 368,Fashion Promotion,3,Family Consumer Sciences,Undergraduate,
FCS 369,Merchandise Planning & Control,3,Family Consumer Sciences,Undergraduate,
FCS 370,Interior Design II: Studio,4,Family Consumer Sciences,Undergraduate,
FCS 371,Advanced Merchandising,3,Family Consumer Sciences,Undergraduate,
FCS 375,Interior Design III: Studio,4,Family Consumer Sciences,Undergraduate,
FCS 376,Interior Design IV: Studio,4,Family Consumer Sciences,Undergraduate,
FCS 377,Family And Consumer Sciences Travel Study,1-6,Family Consumer Sciences,Undergraduate,
FCS 379,Fashion Retailing,3,Family Consumer Sciences,Undergraduate,
FCS 390,Student Teaching Seminar In Family And Consumer Sciences,2,Family Consumer Sciences,Undergraduate,
FCS 392,Special Topics in Human Development and Family Science,3-9,Family Consumer Sciences,Undergraduate,
FCS 395,Sexuality and Family Life,3,Family Consumer Sciences,Undergraduate,
FCS 398,Professional Practice: FCS,1-3,Family Consumer Sciences,Undergraduate,
FCS 399,Student Teaching In Family And Consumer Sciences,1-16,Family Consumer Sciences,Undergraduate,
FCS 400,Independent Study,1-4,Family Consumer Sciences,Graduate,
FCS 401,Theories & Contemporary Issues In Family & Consumer Sciences,3,Family Consumer Sciences,Graduate,
FCS 404,Seminar In Child Life Studies,3,Family Consumer Sciences,Graduate,
FCS 405,Families in Later Life,3,Family Consumer Sciences,Graduate,
FCS 406,Psychosocial Care of Children & Families in Healthcare Environments,3,Family Consumer Sciences,Graduate,
FCS 407,Adolescence & Emerging Adulthood in the Cultural Context,3,Family Consumer Sciences,Graduate,
FCS 408,Human Development In Social Context,3,Family Consumer Sciences,Graduate,
FCS 410,Family Crises,3,Family Consumer Sciences,Graduate,
FCS 411,Community Nutrition,3,Family Consumer Sciences,Graduate,
FCS 412,Advanced Food Service Management,3,Family Consumer Sciences,Graduate,
FCS 413,Nutrition And Metabolism,4,Family Consumer Sciences,Graduate,
FCS 414,Early Childhood Nutrition Education,3,Family Consumer Sciences,Graduate,
FCS 415,Sports Nutrition,3,Family Consumer Sciences,Graduate,
FCS 416,Food Science,3,Family Consumer Sciences,Graduate,
FCS 417,Advanced Medical Nutrition Therapy,3,Family Consumer Sciences,Graduate,
FCS 418,Food Service Management,3,Family Consumer Sciences,Graduate,
FCS 419,Quantity Foods,4,Family Consumer Sciences,Graduate,
FCS 420,Advanced Nutrition,3,Family Consumer Sciences,Graduate,
FCS 421,Fashion Design 2: Design through Flat Pattern,3,Family Consumer Sciences,Graduate,
FCS 423,Advanced Textiles,3,Family Consumer Sciences,Graduate,
FCS 424,Selected Problems In Family And Consumer Sciences,1-6,Family Consumer Sciences,Graduate,
FCS 425,Fashion Design 3: Design through Draping,3,Family Consumer Sciences,Graduate,
FCS 427,Clothing and Behavior,3,Family Consumer Sciences,Graduate,
FCS 428,Economics of Fashion,3,Family Consumer Sciences,Graduate,
FCS 429,Apparel Product Analysis,3,Family Consumer Sciences,Graduate,
FCS 430,Special Topics In Food And Hospitality Management,3,Family Consumer Sciences,Graduate,
FCS 433,Family and Consumer Public Policy,3,Family Consumer Sciences,Graduate,
FCS 435,Family Life Education Methods,3,Family Consumer Sciences,Graduate,
FCS 436,Value of Play in Human Development,3,Family Consumer Sciences,Graduate,
FCS 437,Restaurant Operations,3,Family Consumer Sciences,Graduate,
FCS 438,History of Interior & Environmental Design I,3,Family Consumer Sciences,Graduate,
FCS 440,Interior Design I: Studio,4,Family Consumer Sciences,Graduate,
FCS 441,Materials and Finishes in Interior Design,3,Family Consumer Sciences,Graduate,
FCS 442,Emerging Technology in Interior Design,2,Family Consumer Sciences,Graduate,
FCS 443,Interior Design Business Practices,2,Family Consumer Sciences,Graduate,
FCS 445,Statistics in Applied Science and Technology,3,Family Consumer Sciences,Graduate,
FCS 446,Environmental Lighting Design,3,Family Consumer Sciences,Graduate,
FCS 447,Human Factors in Interior Environments,2,Family Consumer Sciences,Graduate,
FCS 448,History of Interior & Environmental Design II,2,Family Consumer Sciences,Graduate,
FCS 453,Advanced Curriculum in Family and Consumer Sciences Education,3,Family Consumer Sciences,Graduate,
FCS 455,Issues in Family and Consumer Sciences,3,Family Consumer Sciences,Graduate,
FCS 462,Fashion History II,3,Family Consumer Sciences,Graduate,
FCS 463,"Bereavement, Grief, and Loss",3,Family Consumer Sciences,Graduate,
FCS 464,Helping and Communication Skills for FCS Professions,3,Family Consumer Sciences,Graduate,
FCS 465,Fashion Design 4: The Capstone,3,Family Consumer Sciences,Graduate,
FCS 466,CAD for Apparel Design,3,Family Consumer Sciences,Graduate,
FCS 467,Fashion Merchandising,3,Family Consumer Sciences,Graduate,
FCS 468,Fashion Promotion,3,Family Consumer Sciences,Graduate,
FCS 469,Merchandise Planning and Control,3,Family Consumer Sciences,Graduate,
FCS 470,Interior Design II: Studio,4,Family Consumer Sciences,Graduate,
FCS 471,Advanced Merchandising,3,Family Consumer Sciences,Graduate,
FCS 472,Special Topics in Fashion Design and Merchandising,3,Family Consumer Sciences,Graduate,
FCS 474,Advanced Nutrition Support,3,Family Consumer Sciences,Graduate,
FCS 475,Interior Design III: Studio,4,Family Consumer Sciences,Graduate,
FCS 476,Interior Design IV: Studio,4,Family Consumer Sciences,Graduate,
FCS 477,Family and Consumer Sciences Travel Study,1-3,Family Consumer Sciences,Graduate,
FCS 478,Medical Nutrition Therapy,4,Family Consumer Sciences,Graduate,
FCS 479,Fashion Retailing,3,Family Consumer Sciences,Graduate,
FCS 480,Leadership in Dietetics,3,Family Consumer Sciences,Graduate,
FCS 481,Seminar in Dietetics 1,3,Family Consumer Sciences,Graduate,
FCS 482,Seminar in Dietetics 2,3,Family Consumer Sciences,Graduate,
FCS 487,Methods for Environmental Design Research,3,Family Consumer Sciences,Graduate,
FCS 490,Organization and Administration of Early Childhood Programs,3,Family Consumer Sciences,Graduate,
FCS 491,Internship: Seminar In College Teaching In Family & Consumer,3,Family Consumer Sciences,Graduate,
FCS 492,Advanced Child Development Applications,3,Family Consumer Sciences,Graduate,
FCS 493,Special Topics in Human Development and Family Science,3-9,Family Consumer Sciences,Graduate,
FCS 495,Sexuality and Family Life,3,Family Consumer Sciences,Graduate,
FCS 496,Couple Relationships,3,Family Consumer Sciences,Graduate,
FCS 497,Introduction To Research Methodology,3,Family Consumer Sciences,Graduate,
FCS 498,Professional Practice: Family And Consumer Sciences,2-8,Family Consumer Sciences,Graduate,
FCS 499,Independent Research For The Master's Thesis,1-6,Family Consumer Sciences,Graduate,
FCS 300A01,Professional Leadership in Human Development and Family Science,1,Family Consumer Sciences,Undergraduate,
FCS 300A02,Professional Leadership in FCS Teacher Education,1,Family Consumer Sciences,Undergraduate,
FCS 300A03,"Professional Leadership in Food, Nutrition and Dietetics",1,Family Consumer Sciences,Undergraduate,
FCS 300A04,Professional Leadership in Interior Design,1,Family Consumer Sciences,Undergraduate,
FCS 300A05,Professional Leadership in Fashion Design and Merchandising,1,Family Consumer Sciences,Undergraduate,
FCS 320A02,Special Topics in Food & Hospitality Management: Sustainability,3,Family Consumer Sciences,Undergraduate,
FCS 320A03,Special Topics in Food & Hospitality Management: Beverage Appreciation,3,Family Consumer Sciences,Undergraduate,
FCS 372A01,Special Topics in Fashion Design and Merchandising: Entrepreneurship in Fashion,3,Family Consumer Sciences,Undergraduate,
FCS 398A01,Professional Practice: Human Development and Family Science,1-3,Family Consumer Sciences,Undergraduate,
FCS 398A03,"Professional Practice: Food, Nutrition and Dietetics",1-3,Family Consumer Sciences,Undergraduate,
FCS 398A04,Professional Practice: Interior Design,1-3,Family Consumer Sciences,Undergraduate,
FCS 398A05,Professional Practice: Fashion Design and Merchandising,1-3,Family Consumer Sciences,Undergraduate,
FCS 402A05,Seminar in Family and Consumer Sciences: Dietetics,2,Family Consumer Sciences,Graduate,
FCS 430A02,Special Topics in Food & Hospitality Management: Sustainability,3,Family Consumer Sciences,Graduate,
FCS 472A01,Special Topics in Fashion Design and Merchandising: Entrepreneurship in Fashion,3,Family Consumer Sciences,Graduate,
FCS 498A90,Professional Practice: Family & Consumer Sciences Last Year,1-8,Family Consumer Sciences,Graduate,
FCS 499A90,Independent Research For The Masters Thesis Final Term,1-6,Family Consumer Sciences,Graduate,
FIL 141,Personal Financial Literacy For The College Student,3,"Finance, Insurance and Law",Undergraduate,
FIL 185,"Legal, Ethical And Social Environment Of Business",3,"Finance, Insurance and Law",Undergraduate,
FIL 190,Finance Fundamentals and Career Choices,3,"Finance, Insurance and Law",Undergraduate,
FIL 200,History of Financial Innovations from the Medicis to Bitcoin,3,"Finance, Insurance and Law",Undergraduate,
FIL 220,Personal Investing,3,"Finance, Insurance and Law",Undergraduate,
FIL 240,Business Finance,3,"Finance, Insurance and Law",Undergraduate,
FIL 241,Financial Markets,3,"Finance, Insurance and Law",Undergraduate,
FIL 242,Investments,3,"Finance, Insurance and Law",Undergraduate,
FIL 246,Financial Statement Analysis,3,"Finance, Insurance and Law",Undergraduate,
FIL 250,Introduction to Risk Management in Business,3,"Finance, Insurance and Law",Undergraduate,
FIL 251,Personal Risk Management,3,"Finance, Insurance and Law",Undergraduate,
FIL 260,Real Estate Principles,3,"Finance, Insurance and Law",Undergraduate,
FIL 287,Independent Study,1-6,"Finance, Insurance and Law",Undergraduate,
FIL 298,Professional Practice: Finance Internship/Cooperative Education,1-6,"Finance, Insurance and Law",Undergraduate,
FIL 299,Independent Honor Study,1-6,"Finance, Insurance and Law",Undergraduate,
FIL 312,International Business Law,3,"Finance, Insurance and Law",Undergraduate,
FIL 318,Management Of Financial Institutions,3,"Finance, Insurance and Law",Undergraduate,
FIL 340,Short-Term Financial Management,3,"Finance, Insurance and Law",Undergraduate,
FIL 341,Intermediate Business Finance,3,"Finance, Insurance and Law",Undergraduate,
FIL 342,Estate Planning,3,"Finance, Insurance and Law",Undergraduate,
FIL 343,Security Analysis And Portfolio Management,3,"Finance, Insurance and Law",Undergraduate,
FIL 344,International Financial Management,3,"Finance, Insurance and Law",Undergraduate,
FIL 345,Retirement Planning & Employee Benefits,3,"Finance, Insurance and Law",Undergraduate,
FIL 346,Fixed Income Analysis And Portfolio Management,3,"Finance, Insurance and Law",Undergraduate,
FIL 347,"Financial Futures, Options, & Swaps",3,"Finance, Insurance and Law",Undergraduate,
FIL 349,Advanced Financial Theory And Problems,3,"Finance, Insurance and Law",Undergraduate,
FIL 350,Property Insurance,3,"Finance, Insurance and Law",Undergraduate,
FIL 351,Life And Health Insurance,3,"Finance, Insurance and Law",Undergraduate,
FIL 352,Liability Insurance,3,"Finance, Insurance and Law",Undergraduate,
FIL 354,Risk Management,3,"Finance, Insurance and Law",Undergraduate,
FIL 355,Insurance Company Operations,3,"Finance, Insurance and Law",Undergraduate,
FIL 356,Property and Liability Insurance,3,"Finance, Insurance and Law",Undergraduate,
FIL 370,Educational Investment Fund,3,"Finance, Insurance and Law",Undergraduate,
FIL 371,Financial Plan Development,3,"Finance, Insurance and Law",Undergraduate,
FIL 375,Law For Accountants,3,"Finance, Insurance and Law",Undergraduate,
FIL 398,Professional Practice: Finance Internship,1-12,"Finance, Insurance and Law",Undergraduate,
FIL 400,Independent Study,1-4,"Finance, Insurance and Law",Graduate,
FIL 412,International Business Law,3,"Finance, Insurance and Law",Graduate,
FIL 440,Short-Term Financial Management,3,"Finance, Insurance and Law",Graduate,
FIL 443,Security Analysis And Portfolio Management,3,"Finance, Insurance and Law",Graduate,
FIL 444,International Financial Management,3,"Finance, Insurance and Law",Graduate,
FIL 475,Law For Accountants,3,"Finance, Insurance and Law",Graduate,
FIL 498,Professional Practice: Internship/Coop Education In Finance,1-6,"Finance, Insurance and Law",Graduate,
FIL 499,Independent Research For The Master's Thesis,1-6,"Finance, Insurance and Law",Graduate,
FIL 298A10,Professional Practice: Insurance Internship/Coop Education,1-6,"Finance, Insurance and Law",Undergraduate,
FIL 380A04,"Ethics, Leadership & Corporate Responsibility",3,"Finance, Insurance and Law",Undergraduate,
FIL 381A06,Educational Investment Fund: Applied Equity Analysis,3,"Finance, Insurance and Law",Undergraduate,
FIL 381A07,Sustainable Finance,3,"Finance, Insurance and Law",Undergraduate,
FIL 382A03,Seminar In Insurance: Law,3,"Finance, Insurance and Law",Undergraduate,
FIL 382A05,Seminar In Insurance: Analysis Of Insurance Companies,3,"Finance, Insurance and Law",Undergraduate,
FIL 398A10,Professional Practice: Insurance Internship,1-12,"Finance, Insurance and Law",Undergraduate,
FRE 111,First-Year French (Part I),4,"Languages, Literatures & Cultures",Undergraduate,
FRE 112,First-Year French (Part II),4,"Languages, Literatures & Cultures",Undergraduate,
FRE 115,Second-Year French (Part I),4,"Languages, Literatures & Cultures",Undergraduate,
FRE 116,Second-Year French (Part II),4,"Languages, Literatures & Cultures",Undergraduate,
FRE 209,French Phonetics,3,"Languages, Literatures & Cultures",Undergraduate,
FRE 213,Written Communication in French,3,"Languages, Literatures & Cultures",Undergraduate,
FRE 215,Advanced Grammar and Oral Proficiency,3,"Languages, Literatures & Cultures",Undergraduate,
FRE 224,Contemporary France,3,"Languages, Literatures & Cultures",Undergraduate,
FRE 236,French For Global Business,3,"Languages, Literatures & Cultures",Undergraduate,
FRE 237,Critical Readings in French,3,"Languages, Literatures & Cultures",Undergraduate,
FRE 285,"Topics In French Language, Literature, And Culture",3,"Languages, Literatures & Cultures",Undergraduate,
FRE 287,Independent Study In French,1-6,"Languages, Literatures & Cultures",Undergraduate,
FRE 300,Research In French,1-3,"Languages, Literatures & Cultures",Undergraduate,
FRE 305,History of French Civilization,3,"Languages, Literatures & Cultures",Undergraduate,
FRE 314,Studies In Contemporary Francophone Culture,3,"Languages, Literatures & Cultures",Undergraduate,
FRE 325,Selected Topics In Francophone Literature & Culture,3,"Languages, Literatures & Cultures",Undergraduate,
FRE 335,Comparative French/English Grammar and Style,3,"Languages, Literatures & Cultures",Undergraduate,
FRE 340,Introduction to Applied French Linguistics,3,"Languages, Literatures & Cultures",Undergraduate,
FRE 385,Selected Topics In French Literature,3,"Languages, Literatures & Cultures",Undergraduate,
FRE 386,Topics In French And Francophone Cinema,3,"Languages, Literatures & Cultures",Undergraduate,
FRE 398,Professional Practice: Internship in French,1-6,"Languages, Literatures & Cultures",Undergraduate,
FRE 399,Student Teaching In French,1-16,"Languages, Literatures & Cultures",Undergraduate,
FRE 400,Independent Study In French,1-4,"Languages, Literatures & Cultures",Graduate,
FRE 499,Independent Research for the Master's Thesis,1-6,"Languages, Literatures & Cultures",Graduate,
GEO 100,Introduction to Environmental Systems,4,"Geography, Geology, and the Environment",Undergraduate,
GEO 102,Planet Earth,3,"Geography, Geology, and the Environment",Undergraduate,
GEO 103,Thirsty Society: An Interdisciplinary Examination of Water,3,"Geography, Geology, and the Environment",Undergraduate,
GEO 135,World Geography,3,"Geography, Geology, and the Environment",Undergraduate,
GEO 138,Maps and Geographic Reasoning,3,"Geography, Geology, and the Environment",Undergraduate,
GEO 142,Human Geography,3,"Geography, Geology, and the Environment",Undergraduate,
GEO 202,Evolution Of The Earth,3,"Geography, Geology, and the Environment",Undergraduate,
GEO 203,"Minerals, Rocks, Fossils And Maps",3,"Geography, Geology, and the Environment",Undergraduate,
GEO 204,Career Preparation in Geography/Environmental Systems and Sustainability I,1,"Geography, Geology, and the Environment",Undergraduate,
GEO 205,"Environment, Resources, and Sustainability",3,"Geography, Geology, and the Environment",Undergraduate,
GEO 206,"Oceans, Climate & Environment",3,"Geography, Geology, and the Environment",Undergraduate,
GEO 207,Natural Disasters,3,"Geography, Geology, and the Environment",Undergraduate,
GEO 211,Earth's Dynamic Weather,3,"Geography, Geology, and the Environment",Undergraduate,
GEO 212,FAA Drone Certification Prep,1,"Geography, Geology, and the Environment",Undergraduate,
GEO 235,Regional Topics,3,"Geography, Geology, and the Environment",Undergraduate,
GEO 238,Statistics for Geographers I,3,"Geography, Geology, and the Environment",Undergraduate,
GEO 261,Teaching Social Science In Geographical Context,3,"Geography, Geology, and the Environment",Undergraduate,
GEO 265,Our National Parks,3,"Geography, Geology, and the Environment",Undergraduate,
GEO 276,Environmental Geology,3,"Geography, Geology, and the Environment",Undergraduate,
GEO 280,Mineralogy,4,"Geography, Geology, and the Environment",Undergraduate,
GEO 285,Igneous And Metamorphic Petrology,4,"Geography, Geology, and the Environment",Undergraduate,
GEO 287,Independent Study - Geography,1-6,"Geography, Geology, and the Environment",Undergraduate,
GEO 290,Structural Geology,4,"Geography, Geology, and the Environment",Undergraduate,
GEO 291,Undergraduate Teaching Experience In Geography-Geology,1-3,"Geography, Geology, and the Environment",Undergraduate,
GEO 292,Career Preparation In Geography II,1,"Geography, Geology, and the Environment",Undergraduate,
GEO 293,Career Preparation in Environmental Systems,1,"Geography, Geology, and the Environment",Undergraduate,
GEO 295,Sedimentology,3,"Geography, Geology, and the Environment",Undergraduate,
GEO 296,Stratigraphy,3,"Geography, Geology, and the Environment",Undergraduate,
GEO 299,Independent Honor Study,1-6,"Geography, Geology, and the Environment",Undergraduate,
GEO 300,Cartography,3,"Geography, Geology, and the Environment",Undergraduate,
GEO 301,"Climate Change, Agriculture And Sustainable Futures",3,"Geography, Geology, and the Environment",Undergraduate,
GEO 303,Introduction to Geographic Information Systems,4,"Geography, Geology, and the Environment",Undergraduate,
GEO 304,Advanced Geographic Information Systems,4,"Geography, Geology, and the Environment",Undergraduate,
GEO 305,Remote Sensing,4,"Geography, Geology, and the Environment",Undergraduate,
GEO 307,Teaching Geography/Earth Science in Middle and High School,3,"Geography, Geology, and the Environment",Undergraduate,
GEO 308,Statistics for Geographers II,3,"Geography, Geology, and the Environment",Undergraduate,
GEO 311,Political Geography,3,"Geography, Geology, and the Environment",Undergraduate,
GEO 314,Aqueous Geochemistry,3,"Geography, Geology, and the Environment",Undergraduate,
GEO 316,Remote Sensing: Time-Series Analysis,3,"Geography, Geology, and the Environment",Undergraduate,
GEO 318,Aquifer Systems,3,"Geography, Geology, and the Environment",Undergraduate,
GEO 319,Watershed Analysis And Modeling,3,"Geography, Geology, and the Environment",Undergraduate,
GEO 321,Geotectonics,3,"Geography, Geology, and the Environment",Undergraduate,
GEO 322,Sustainable Cities,3,"Geography, Geology, and the Environment",Undergraduate,
GEO 323,Karst Hydrogeology,3,"Geography, Geology, and the Environment",Undergraduate,
GEO 324,Drones for Mapping and Remote Sensing,4,"Geography, Geology, and the Environment",Undergraduate,
GEO 325,Python Scripting for GIS,3,"Geography, Geology, and the Environment",Undergraduate,
GEO 326,Environmental Justice,3,"Geography, Geology, and the Environment",Undergraduate,
GEO 331,Social and Cultural Geography,3,"Geography, Geology, and the Environment",Undergraduate,
GEO 334,Political Ecology,3,"Geography, Geology, and the Environment",Undergraduate,
GEO 336,Urban Geography,3,"Geography, Geology, and the Environment",Undergraduate,
GEO 341,Climatology and Climate Change,3,"Geography, Geology, and the Environment",Undergraduate,
GEO 342,Economic Geography,3,"Geography, Geology, and the Environment",Undergraduate,
GEO 344,Biogeography: Distribution of Life,3,"Geography, Geology, and the Environment",Undergraduate,
GEO 351,Cartographic Design,3,"Geography, Geology, and the Environment",Undergraduate,
GEO 360,Hydrogeology,3,"Geography, Geology, and the Environment",Undergraduate,
GEO 361,Hydrology,3,"Geography, Geology, and the Environment",Undergraduate,
GEO 362,Engineering Geology,3,"Geography, Geology, and the Environment",Undergraduate,
GEO 363,GIS Applications in Geosciences,4,"Geography, Geology, and the Environment",Undergraduate,
GEO 364,Web and Mobile GIS: Principles and Technologies,3,"Geography, Geology, and the Environment",Undergraduate,
GEO 365,Remote Sensing in Hydrology,3,"Geography, Geology, and the Environment",Undergraduate,
GEO 366,Volcanic Processes,3,"Geography, Geology, and the Environment",Undergraduate,
GEO 370,Urban and Regional Planning,3,"Geography, Geology, and the Environment",Undergraduate,
GEO 375,Qualitative Research Design and Methods in Human Geography,3,"Geography, Geology, and the Environment",Undergraduate,
GEO 380,Earth Surface Processes,3,"Geography, Geology, and the Environment",Undergraduate,
GEO 382,Glacial And Quaternary Geology,3,"Geography, Geology, and the Environment",Undergraduate,
GEO 385,Invertebrate Paleontology,4,"Geography, Geology, and the Environment",Undergraduate,
GEO 387,Isotope Geochemistry,3,"Geography, Geology, and the Environment",Undergraduate,
GEO 395,Field Geology,6,"Geography, Geology, and the Environment",Undergraduate,
GEO 399,Student Teaching In Geography,1-16,"Geography, Geology, and the Environment",Undergraduate,
GEO 400,Independent Study,1-4,"Geography, Geology, and the Environment",Graduate,
GEO 401,"Climate Change, Agriculture and Sustainable Futures",3,"Geography, Geology, and the Environment",Graduate,
GEO 402,Cartography,3,"Geography, Geology, and the Environment",Graduate,
GEO 403,Introduction to Geographic Information Systems,4,"Geography, Geology, and the Environment",Graduate,
GEO 404,Advanced Geographic Information Systems,4,"Geography, Geology, and the Environment",Graduate,
GEO 405,Remote Sensing,3,"Geography, Geology, and the Environment",Graduate,
GEO 406,Regional And Area Studies,3,"Geography, Geology, and the Environment",Graduate,
GEO 408,Statistics For Geologists,3,"Geography, Geology, and the Environment",Graduate,
GEO 410,Seminar In Hydrogeology Research,3,"Geography, Geology, and the Environment",Graduate,
GEO 411,Political Geography,3,"Geography, Geology, and the Environment",Graduate,
GEO 416,Remote Sensing: Time Series Analysis,3,"Geography, Geology, and the Environment",Graduate,
GEO 418,Aquifer Systems,3,"Geography, Geology, and the Environment",Graduate,
GEO 419,Watershed Analysis and Modeling,3,"Geography, Geology, and the Environment",Graduate,
GEO 422,Sustainable Cities,3,"Geography, Geology, and the Environment",Graduate,
GEO 423,Karst Hydrogeology,3,"Geography, Geology, and the Environment",Graduate,
GEO 425,Python Scripting for GIS,3,"Geography, Geology, and the Environment",Graduate,
GEO 426,Environmental Justice,3,"Geography, Geology, and the Environment",Graduate,
GEO 431,Social and Cultural Geography,3,"Geography, Geology, and the Environment",Graduate,
GEO 434,Political Ecology,3,"Geography, Geology, and the Environment",Graduate,
GEO 435,Introduction To Groundwater Modeling,3,"Geography, Geology, and the Environment",Graduate,
GEO 436,Urban Geography,3,"Geography, Geology, and the Environment",Graduate,
GEO 439,Aqueous Geochemistry,3,"Geography, Geology, and the Environment",Graduate,
GEO 441,Climatology and Climate Change,3,"Geography, Geology, and the Environment",Graduate,
GEO 442,Economic Geography,3,"Geography, Geology, and the Environment",Graduate,
GEO 445,Biogeography: Distribution of Life,3,"Geography, Geology, and the Environment",Graduate,
GEO 456,Problems In Environmental Geology,3,"Geography, Geology, and the Environment",Graduate,
GEO 460,Hydrogeology,3,"Geography, Geology, and the Environment",Graduate,
GEO 461,Hydrology,3,"Geography, Geology, and the Environment",Graduate,
GEO 462,Engineering Geology,3,"Geography, Geology, and the Environment",Graduate,
GEO 463,GIS Applications in Geosciences,4,"Geography, Geology, and the Environment",Graduate,
GEO 464,Web and Mobile GIS: Principles and Technologies,3,"Geography, Geology, and the Environment",Graduate,
GEO 465,Remote Sensing in Hydrology,3,"Geography, Geology, and the Environment",Graduate,
GEO 466,Volcanic Processes,3,"Geography, Geology, and the Environment",Graduate,
GEO 470,Urban and Regional Planning,3,"Geography, Geology, and the Environment",Graduate,
GEO 475,Qualitative Research Design and Methods in Human Geography,3,"Geography, Geology, and the Environment",Graduate,
GEO 480,Earth Surface Processes,3,"Geography, Geology, and the Environment",Graduate,
GEO 482,Glacial And Quaternary Geology,3,"Geography, Geology, and the Environment",Graduate,
GEO 485,Invertebrate Paleontology,4,"Geography, Geology, and the Environment",Graduate,
GEO 487,Isotope Geochemistry,3,"Geography, Geology, and the Environment",Graduate,
GEO 495,Field Geology,6,"Geography, Geology, and the Environment",Graduate,
GEO 498,Professional Practice In Applied Geography,1-8,"Geography, Geology, and the Environment",Graduate,
GEO 499,Independent Research For The Master's Thesis,1-6,"Geography, Geology, and the Environment",Graduate,
GEO 235A01,Geography Of Emerging Areas: Africa,3,"Geography, Geology, and the Environment",Undergraduate,
GEO 235A02,Geography Of Emerging Areas: Latin America,3,"Geography, Geology, and the Environment",Undergraduate,
GEO 235A04,Geography Of Emerging Areas: Middle East,3,"Geography, Geology, and the Environment",Undergraduate,
GEO 235A07,Geography Of Emerging Areas: Japan Field Explorations,3,"Geography, Geology, and the Environment",Undergraduate,
GEO 287A01,Independent Study - Geology,1-6,"Geography, Geology, and the Environment",Undergraduate,
GEO 298A01,Professional Practice: Internship In Environmental Geography,1-3,"Geography, Geology, and the Environment",Undergraduate,
GEO 298A20,Professional Practice: Coop/Intern In Geology,1-4,"Geography, Geology, and the Environment",Undergraduate,
GEO 306A13,Regional And Area Studies: Big Bend Area Texas,3,"Geography, Geology, and the Environment",Undergraduate,
GEO 306A15,Regional And Area Studies: West Texas/New Mexico,3,"Geography, Geology, and the Environment",Undergraduate,
GEO 306A19,Regional And Area Studies: Petroleum Geology Of Illinois,2-4,"Geography, Geology, and the Environment",Undergraduate,
GEO 306A22,Regional And Area Studies: Geography Of Chicago,3,"Geography, Geology, and the Environment",Undergraduate,
GEO 306A26,Regional And Area Studies: Geography Of Japan Field Experienc,3,"Geography, Geology, and the Environment",Undergraduate,
GEO 306A27,Regional & Area Studies: Lake Superior Precambrian Geology,3,"Geography, Geology, and the Environment",Undergraduate,
GEO 306A28,Regional and Area Studies: Environmental Geography of Baja California Sur,3,"Geography, Geology, and the Environment",Undergraduate,
GEO 398A01,Professional Practice: Internship in Geography,1-16,"Geography, Geology, and the Environment",Undergraduate,
GEO 398A02,Professional Practice: Internship in Environmental Systems,1-16,"Geography, Geology, and the Environment",Undergraduate,
GEO 399A01,Student Teaching In Earth And Space Science,1-12,"Geography, Geology, and the Environment",Undergraduate,
GEO 406A13,Regional And Area Studies: Big Bend Area Texas,3,"Geography, Geology, and the Environment",Graduate,
GEO 406A15,Regional And Area Studies: West Texas/New Mexico,3,"Geography, Geology, and the Environment",Graduate,
GEO 406A19,Regional And Area Studies: Petroleum Geology Of Illinois,2-4,"Geography, Geology, and the Environment",Graduate,
GEO 406A22,Regional And Area Studies: Geography Of Chicago,3,"Geography, Geology, and the Environment",Graduate,
GEO 406A26,Regional And Area Studies: Geography Of Japan Field Experience,3,"Geography, Geology, and the Environment",Graduate,
GEO 406A27,Regional & Area Studies: Lake Superior Precambrian Geology,3,"Geography, Geology, and the Environment",Graduate,
GEO 406A28,Regional and Area Studies: Environmental Geography of Baja California Sur,3,"Geography, Geology, and the Environment",Graduate,
GEO 493A07,"Geology of Illinois: Teaching Rock, Minerals, and Mining",2,"Geography, Geology, and the Environment",Graduate,
GEO 499A90,Independent Research For The Masters Thesis Final Year,1-6,"Geography, Geology, and the Environment",Graduate,
GER 111,First-Year German Part I,4,"Languages, Literatures & Cultures",Undergraduate,
GER 112,First-Year German (Part II),4,"Languages, Literatures & Cultures",Undergraduate,
GER 115,Second-Year German (Part I),4,"Languages, Literatures & Cultures",Undergraduate,
GER 116,Second-Year German (Part II),4,"Languages, Literatures & Cultures",Undergraduate,
GER 211,Introduction To German Literature,3,"Languages, Literatures & Cultures",Undergraduate,
GER 213,Intermediate German Composition,3,"Languages, Literatures & Cultures",Undergraduate,
GER 217,German Culture And Civilization,3,"Languages, Literatures & Cultures",Undergraduate,
GER 285,"Topics in German Language, Literature, and Culture",3,"Languages, Literatures & Cultures",Undergraduate,
GER 287,Independent Study In German,1-6,"Languages, Literatures & Cultures",Undergraduate,
GER 300,Research In German,1-3,"Languages, Literatures & Cultures",Undergraduate,
GER 310,Advanced Study Of The German Language,3,"Languages, Literatures & Cultures",Undergraduate,
GER 317,Contemporary Issues Of The German Speaking Countries,3,"Languages, Literatures & Cultures",Undergraduate,
GER 385,Selected Topics In German Literature Or Culture,3,"Languages, Literatures & Cultures",Undergraduate,
GER 398,Professional Practice: Internship in German,1-6,"Languages, Literatures & Cultures",Undergraduate,
GER 399,Student Teaching In German,1-16,"Languages, Literatures & Cultures",Undergraduate,
GER 400,Independent Study In German,1-4,"Languages, Literatures & Cultures",Graduate,
GER 499,Independent Research for the Master's Thesis,1-6,"Languages, Literatures & Cultures",Graduate,
HIS 100,History Lab: Foundations of Historical Analysis,3,History,Undergraduate,
HIS 101,Western Civilization To 1500,3,History,Undergraduate,
HIS 102,Modern Western Civilization,3,History,Undergraduate,
HIS 105,World History,3,History,Undergraduate,
HIS 110,Race and African American Life,3,History,Undergraduate,
HIS 111,American Diversity: Contested Visions Of The U.S. Experience,3,History,Undergraduate,
HIS 135,History Of The United States To 1865,3,History,Undergraduate,
HIS 136,History Of The United States Since 1865,3,History,Undergraduate,
HIS 200,Historical Conversations: Introduction to Historiography,3,History,Undergraduate,
HIS 205,"Work, Money, Power: Global Histories of Capitalism",3,History,Undergraduate,
HIS 210,The History of Science,3,History,Undergraduate,
HIS 215,Power and Diversity in Modern America,3,History,Undergraduate,
HIS 216,American Religious History I,3,History,Undergraduate,
HIS 217,American Religious History II,3,History,Undergraduate,
HIS 220,Ancient History Greece,3,History,Undergraduate,
HIS 221,Ancient History Rome,3,History,Undergraduate,
HIS 222,The Middle Ages: 395-1100,3,History,Undergraduate,
HIS 223,The Middle Ages: 1100-1500,3,History,Undergraduate,
HIS 224,The Renaissance: Europe: 1300-1500,3,History,Undergraduate,
HIS 227,Early Modern Europe,3,History,Undergraduate,
HIS 228,Europe In The Nineteenth Century: 1815-1914,3,History,Undergraduate,
HIS 229,Europe In The Twentieth Century,3,History,Undergraduate,
HIS 232,Modern Britain,3,History,Undergraduate,
HIS 233,Medieval Russia,3,History,Undergraduate,
HIS 234,"Russia From Peter To Lenin: Europeanization, Imperialism & Revolutionary Currents",3,History,Undergraduate,
HIS 237,Modern Germany 1848 To The Present,3,History,Undergraduate,
HIS 239,History Of American Foreign Relations,3,History,Undergraduate,
HIS 241,Colonial Life And Institutions,3,History,Undergraduate,
HIS 242,History Of Chicago,3,History,Undergraduate,
HIS 243,"The Early National Period, 1787-1815",3,History,Undergraduate,
HIS 244,"The Age Of Jackson, 1815-1848",3,History,Undergraduate,
HIS 245,The Native Nineteenth Century,3,History,Undergraduate,
HIS 246,"Civil War And Reconstruction, 1848-1877",3,History,Undergraduate,
HIS 247,"The Gilded Age In America, 1877-1900",3,History,Undergraduate,
HIS 248,United States In The Twentieth Century To 1945,3,History,Undergraduate,
HIS 249,United States In The Twentieth Century Since 1945,3,History,Undergraduate,
HIS 257,Afro-American History To 1865,3,History,Undergraduate,
HIS 258,Afro-American History Since 1865,3,History,Undergraduate,
HIS 259,History Of Illinois,3,History,Undergraduate,
HIS 261,History of Women in the United States To 1865,3,History,Undergraduate,
HIS 262,History of Women in the United States Since 1865,3,History,Undergraduate,
HIS 263,Modern Mexico,3,History,Undergraduate,
HIS 265,African Civilization,3,History,Undergraduate,
HIS 266,Modern Africa,3,History,Undergraduate,
HIS 267,Modern South Asia,3,History,Undergraduate,
HIS 272,Modern Middle East,3,History,Undergraduate,
HIS 275,History Of Japanese Civilization,3,History,Undergraduate,
HIS 276,History Of Chinese Civilization,3,History,Undergraduate,
HIS 278,United States Military History,3,History,Undergraduate,
HIS 279,World War II,3,History,Undergraduate,
HIS 282,History Of Colonial Latin America,3,History,Undergraduate,
HIS 283,History Of Cuba,3,History,Undergraduate,
HIS 284,"The Atlantic World, 1450-1888",3,History,Undergraduate,
HIS 285,History Study Abroad,3,History,Undergraduate,
HIS 287,Independent Study,1-6,History,Undergraduate,
HIS 290,History-Social Science Teaching Methodology I,3,History,Undergraduate,
HIS 291,Undergraduate Teaching Experience In History,1-3,History,Undergraduate,
HIS 299,Independent Honor Study,1-6,History,Undergraduate,
HIS 300,Senior Seminar In History,3,History,Undergraduate,
HIS 301,Honors Thesis,3,History,Undergraduate,
HIS 307,Selected Topics In Non-Western History,3,History,Undergraduate,
HIS 308,Selected Topics In European History,3,History,Undergraduate,
HIS 309,Selected Topics In United States History,3,History,Undergraduate,
HIS 310,Native American History,3,History,Undergraduate,
HIS 311,Age Of The American Revolution,3,History,Undergraduate,
HIS 315,Slavery and the U.S. South,3,History,Undergraduate,
HIS 320,Lincoln: The Man And His Times,3,History,Undergraduate,
HIS 322,American Urban History,3,History,Undergraduate,
HIS 323,American Cultural And Intellectual History to 1860,3,History,Undergraduate,
HIS 324,American Cultural And Intellectual History Since 1860,3,History,Undergraduate,
HIS 328,"The Modern Civil Rights Movement, 1933-1968",3,History,Undergraduate,
HIS 330,The Family In History,3,History,Undergraduate,
HIS 332,Environmental History,3,History,Undergraduate,
HIS 333,History of Medicine,3,History,Undergraduate,
HIS 334,Nazi Germany,3,History,Undergraduate,
HIS 335,The Holocaust: The Event And Its Aftermath,3,History,Undergraduate,
HIS 336,Genocide Studies,3,History,Undergraduate,
HIS 337,European History And Film,3,History,Undergraduate,
HIS 338,Images of War,3,History,Undergraduate,
HIS 345,"French Revolution And Napoleon, 1789-1815",3,History,Undergraduate,
HIS 350,Women And Sexuality In Ancient Greece And Rome,3,History,Undergraduate,
HIS 366,Soviet Russia,3,History,Undergraduate,
HIS 367,"Global Conflict, 1914-1941",3,History,Undergraduate,
HIS 368,Life Under Communism: Eastern Europe From Stalin To 1989,3,History,Undergraduate,
HIS 369,History of the British Empire,3,History,Undergraduate,
HIS 370,Cultures of the British Empire in the Indian Ocean World,3,History,Undergraduate,
HIS 373,History Of Modern China,3,History,Undergraduate,
HIS 375,History Of Modern Japan,3,History,Undergraduate,
HIS 377,The Middle East Before and After Oil,3,History,Undergraduate,
HIS 390,History-Social Science Teaching Methodology II,3,History,Undergraduate,
HIS 391,History-Social Sciences Ed Student Teaching and Licensure Lab,1,History,Undergraduate,
HIS 395,Archives & Manuscripts,3,History,Undergraduate,
HIS 398,Professional Practice: Internship In History,1-16,History,Undergraduate,
HIS 399,Student Teaching In History Social Science Education,1-16,History,Undergraduate,
HIS 400,Independent Study,1-4,History,Graduate,
HIS 402,Seminar In European History,3,History,Graduate,
HIS 403,Seminar: Topics In Early Modern European History,3,History,Graduate,
HIS 407,Selected Topics In Non-Western History,3,History,Graduate,
HIS 408,Selected Topics In European History,3,History,Graduate,
HIS 409,Selected Topics In United States History,3,History,Graduate,
HIS 410,Native American History,3,History,Graduate,
HIS 411,Seminar: Topics In Early American History,3,History,Graduate,
HIS 412,Seminar: Topics In 19th Century United States History,3,History,Graduate,
HIS 413,Age of the American Revolution,3,History,Graduate,
HIS 414,Seminar: Civil War And Reconstruction,3,History,Graduate,
HIS 415,Slavery and the U.S. South,3,History,Graduate,
HIS 417,Seminar: Topics In 20th Century United States History,3,History,Graduate,
HIS 420,Lincoln: The Man and His Times,3,History,Graduate,
HIS 421,Seminar: Topics In American Racial & Ethnic History,3,History,Graduate,
HIS 422,American Urban History,3,History,Graduate,
HIS 423,American Cultural And Intellectual History to 1860,3,History,Graduate,
HIS 424,Seminar: Topics In American Cultural & Social History,3,History,Graduate,
HIS 425,American Cultural And Intellectual History Since 1860,3,History,Graduate,
HIS 426,"The Modern Civil Rights Movement, 1933-1968",3,History,Graduate,
HIS 428,Seminar: American Diplomacy,3,History,Graduate,
HIS 429,Environmental History,3,History,Graduate,
HIS 430,The Family In History,3,History,Graduate,
HIS 432,Seminar: Topics In Local & Public History,3,History,Graduate,
HIS 433,History of Medicine,3,History,Graduate,
HIS 434,Nazi Germany,3,History,Graduate,
HIS 435,The Holocaust: The Event And Its Aftermath,3,History,Graduate,
HIS 436,Genocide Studies,3,History,Graduate,
HIS 437,European History And Film,3,History,Graduate,
HIS 438,Images of War,3,History,Graduate,
HIS 445,"French Revolution And Napoleon, 1789-1815",3,History,Graduate,
HIS 450,Women And Sexuality In Ancient Greece And Rome,3,History,Graduate,
HIS 464,Life Under Communism: Eastern Europe From Stalin To 1989,3,History,Graduate,
HIS 466,Soviet Russia,3,History,Graduate,
HIS 467,"Global Conflict, 1914-1941",3,History,Graduate,
HIS 468,Seminar: Modern Russia,3,History,Graduate,
HIS 469,History of the British Empire,3,History,Graduate,
HIS 470,Cultures of the British Empire in the Indian Ocean World,3,History,Graduate,
HIS 473,History Of Modern China,3,History,Graduate,
HIS 475,History Of Modern Japan,3,History,Graduate,
HIS 477,The Middle East Before and After Oil,3,History,Graduate,
HIS 478,Seminar: Topics In Global History,3,History,Graduate,
HIS 490,Readings -- Field Of Study,3,History,Graduate,
HIS 495,Archives & Manuscripts,3,History,Graduate,
HIS 496,Philosophy Of History And Historiography,3,History,Graduate,
HIS 497,Research in History,3,History,Graduate,
HIS 498,Professional Practice: Public/Applied History,1-9,History,Graduate,
HIS 499,Independent Research For The Master's Thesis,1-6,History,Graduate,
HIS 104A01,History Of Africa,3,History,Undergraduate,
HIS 104A02,History Of East Asia,3,History,Undergraduate,
HIS 104A03,History Of Latin America,3,History,Undergraduate,
HIS 104A04,History Of The Middle East,3,History,Undergraduate,
HIS 104A05,History Of South & Southeast Asia,3,History,Undergraduate,
HIS 104A06,History Of Native Americans,3,History,Undergraduate,
HIS 398A01,Professional Practice: Internship in Historical Research,1-3,History,Undergraduate,
HIS 499A90,Independent Research For The Masters Thesis Final Term,1-3,History,Graduate,
HON 205,Advanced Honors Seminar: Interdisciplinary Investigations,1,Interdisciplinary Studies,Undergraduate,
HON 206,Advanced Honors Seminar: Innovation and Inquiry,1,Interdisciplinary Studies,Undergraduate,
HON 207,Advanced Honors Seminar: Leadership In Action,1,Interdisciplinary Studies,Undergraduate,
HON 208,"Advanced Honors Seminar: Culture, Context, and Identity",1,Interdisciplinary Studies,Undergraduate,
HON 250,Honors Study Abroad in Europe,3,Interdisciplinary Studies,Undergraduate,
HON 285,Honors Undergraduate Research I,1-6,Interdisciplinary Studies,Undergraduate,
HON 286,Honors Undergraduate Research II,1-6,Interdisciplinary Studies,Undergraduate,
HON 299,Honors Independent Study,1-6,Interdisciplinary Studies,Undergraduate,
HON 395,Honors Thesis,1-6,Interdisciplinary Studies,Undergraduate,
HON 102A17,Honors Mindset Seminar,1,Interdisciplinary Studies,Undergraduate,
HON 395A01,Honors Thesis: Economics,1-6,Interdisciplinary Studies,Undergraduate,
HON 395A02,Honors Thesis: English,1-6,Interdisciplinary Studies,Undergraduate,
HON 395A03,Honors Thesis: Psychology,1-6,Interdisciplinary Studies,Undergraduate,
HON 395A04,Honors Thesis: Mathematics,1-6,Interdisciplinary Studies,Undergraduate,
HON 395A05,Honors Thesis: Communication Sciences and Disorders,1-6,Interdisciplinary Studies,Undergraduate,
HON 395A06,Honors Thesis: Anthropology,1-6,Interdisciplinary Studies,Undergraduate,
HON 395A07,Honors Thesis: Biology,1-6,Interdisciplinary Studies,Undergraduate,
HON 395A08,Honors Thesis: Communication,1-6,Interdisciplinary Studies,Undergraduate,
HON 395A09,Honors Thesis: Philosophy,1-6,Interdisciplinary Studies,Undergraduate,
HON 395A10,Honors Thesis: Art,1-6,Interdisciplinary Studies,Undergraduate,
HON 395A11,Honors Thesis: History,1-6,Interdisciplinary Studies,Undergraduate,
HON 395A12,Honors Thesis: French,1-6,Interdisciplinary Studies,Undergraduate,
HON 395A13,Honors Thesis: German,1-6,Interdisciplinary Studies,Undergraduate,
HON 395A14,Honors Thesis: Politics And Government,1-6,Interdisciplinary Studies,Undergraduate,
HON 395A15,Honors Thesis: Spanish,1-6,Interdisciplinary Studies,Undergraduate,
HON 395A16,Honors Thesis: Music,1-6,Interdisciplinary Studies,Undergraduate,
HON 395A17,Honors Thesis: Chemistry,1-6,Interdisciplinary Studies,Undergraduate,
HON 395A18,Honors Thesis: Geography/Geology,1-6,Interdisciplinary Studies,Undergraduate,
HON 395A19,Honors Thesis: Criminal Justice Sciences,1-6,Interdisciplinary Studies,Undergraduate,
HON 395A21,Honors Thesis: Physics,1-6,Interdisciplinary Studies,Undergraduate,
HON 395A23,Honors Thesis: Kinesiology and Recreation,1-6,Interdisciplinary Studies,Undergraduate,
HON 395A24,Honors Thesis: Sociology,1-6,Interdisciplinary Studies,Undergraduate,
HON 395A25,Honors Thesis: Information Technology,1-6,Interdisciplinary Studies,Undergraduate,
HON 395A26,Honors Thesis: Family and Consumer Sciences,1-6,Interdisciplinary Studies,Undergraduate,
HON 395A27,"Honors Thesis: Women's, Gender, and Sexuality Studies",1-6,Interdisciplinary Studies,Undergraduate,
HSC 101,Health Sciences Foundations,1,Health Sciences,Undergraduate,
HSC 102,Health Sciences Explorations,1,Health Sciences,Undergraduate,
HSC 105,Medical Terminology,3,Health Sciences,Undergraduate,
HSC 145,Environmental Health and Sustainability Practice,3,Health Sciences,Undergraduate,
HSC 156,Environmental Health 21st Century: Meeting Global Challenge,3,Health Sciences,Undergraduate,
HSC 170,Living on the Edge: The Art of Everyday Risk-Taking,3,Health Sciences,Undergraduate,
HSC 190,Foundations of PK-12 Health Education,3,Health Sciences,Undergraduate,
HSC 201,Pathophysiology I,3,Health Sciences,Undergraduate,
HSC 202,Pathophysiology II,3,Health Sciences,Undergraduate,
HSC 204,Health Data Analysis and Statistics,3,Health Sciences,Undergraduate,
HSC 206,Global Health,3,Health Sciences,Undergraduate,
HSC 207,Mind/Body Health,3,Health Sciences,Undergraduate,
HSC 209,Health Equity and the Social Determinants of Health,3,Health Sciences,Undergraduate,
HSC 210,Introduction To Health Information Management,3,Health Sciences,Undergraduate,
HSC 211,Methods of Teaching Elementary and Middle Grades Health Education,3,Health Sciences,Undergraduate,
HSC 212,Introduction to Medical Coding for Reimbursement and Utilization Management,3,Health Sciences,Undergraduate,
HSC 213,Hospital Inpatient Classification and Reimbursement Processes,3,Health Sciences,Undergraduate,
HSC 222,Social-Emotional Learning: Theory to Practice,3,Health Sciences,Undergraduate,
HSC 230,Legal Aspects Of Health Information & Risk Management,3,Health Sciences,Undergraduate,
HSC 248,Occupational Health,3,Health Sciences,Undergraduate,
HSC 249,Environmental Toxicology,3,Health Sciences,Undergraduate,
HSC 252,Water And Wastewater Control,4,Health Sciences,Undergraduate,
HSC 254,Control Of Institutional Environments,3,Health Sciences,Undergraduate,
HSC 257,Air Quality And Pollution Control,3,Health Sciences,Undergraduate,
HSC 258,Epidemiology,3,Health Sciences,Undergraduate,
HSC 260,Introduction To Clinical Immunohematology,3,Health Sciences,Undergraduate,
HSC 261,Introduction To Clinical Hematology,4,Health Sciences,Undergraduate,
HSC 262,Introduction To Clinical Chemistry,4,Health Sciences,Undergraduate,
HSC 263,Introduction To Clinical Immunology,3,Health Sciences,Undergraduate,
HSC 270,Global Contexts,3,Health Sciences,Undergraduate,
HSC 271,Safety Technology,3,Health Sciences,Undergraduate,
HSC 272,Construction Safety,3,Health Sciences,Undergraduate,
HSC 286,Needs Assessment In Health Education,3,Health Sciences,Undergraduate,
HSC 287,Independent Study,1-6,Health Sciences,Undergraduate,
HSC 291,Undergraduate Teaching Experience In Health Sciences,1-3,Health Sciences,Undergraduate,
HSC 292,Community Public Health,3,Health Sciences,Undergraduate,
HSC 296,Health Behavior And Theory,3,Health Sciences,Undergraduate,
HSC 297,Human Disease: Principles and Prevention,3,Health Sciences,Undergraduate,
HSC 299,Independent Honor Study,1-6,Health Sciences,Undergraduate,
HSC 300,Health Information Data Analysis,3,Health Sciences,Undergraduate,
HSC 301,Introduction To Coagulation & Hemostasis,2,Health Sciences,Undergraduate,
HSC 302,Introduction To Clinical Biochemistry,3,Health Sciences,Undergraduate,
HSC 305,Public Health Leadership and Policy,3,Health Sciences,Undergraduate,
HSC 308,Introduction To Clinical Microbiology,4,Health Sciences,Undergraduate,
HSC 310,Health Information Management Seminar,1,Health Sciences,Undergraduate,
HSC 312,Clinical Chemistry II,3,Health Sciences,Undergraduate,
HSC 315,Clinical Parasitology And Mycology,2,Health Sciences,Undergraduate,
HSC 316,Medical Laboratory Science: Research Design,1,Health Sciences,Undergraduate,
HSC 317,Clinical Hematology II,2,Health Sciences,Undergraduate,
HSC 318,Clinical Microbiology II,2,Health Sciences,Undergraduate,
HSC 319,Clinical Immunohematology II,3,Health Sciences,Undergraduate,
HSC 320,Organization And Management Of Health Information Services,3,Health Sciences,Undergraduate,
HSC 322,Pollution Prevention,4,Health Sciences,Undergraduate,
HSC 325,Laboratory Education And Management,2,Health Sciences,Undergraduate,
HSC 326,Healthcare Financial Management & Reimbursement Systems,6,Health Sciences,Undergraduate,
HSC 327,"Healthcare Quality Management, Law, & Risk Management",6,Health Sciences,Undergraduate,
HSC 328,"Planning, Implementation & Management Of Health Information Systems",6,Health Sciences,Undergraduate,
HSC 329,Management for Health Information Administrator,6,Health Sciences,Undergraduate,
HSC 330,Health Data Analysis for Decision Making,6,Health Sciences,Undergraduate,
HSC 341,Health Data Governance,3,Health Sciences,Undergraduate,
HSC 342,Health Information Systems and Security,3,Health Sciences,Undergraduate,
HSC 345,Quality Management In Health Care,3,Health Sciences,Undergraduate,
HSC 346,Healthcare Finance,3,Health Sciences,Undergraduate,
HSC 350,Food Protection,3,Health Sciences,Undergraduate,
HSC 355,Environmental Health Decision Processes,3,Health Sciences,Undergraduate,
HSC 359,Industrial Hygiene,3,Health Sciences,Undergraduate,
HSC 362,Ergonomics,3,Health Sciences,Undergraduate,
HSC 370,Safety Training Development,3,Health Sciences,Undergraduate,
HSC 372,"Accident/Incident Investigation, Records and Evaluation",3,Health Sciences,Undergraduate,
HSC 377,Health and Wellness Coaching,3,Health Sciences,Undergraduate,
HSC 378,Principles of Emergency Management,3,Health Sciences,Undergraduate,
HSC 380,Fire Protection and Prevention,3,Health Sciences,Undergraduate,
HSC 381,Occupational Safety and Health Act (OSHA),4,Health Sciences,Undergraduate,
HSC 382,Improving Safety Performance,3,Health Sciences,Undergraduate,
HSC 384,Hazardous Materials Regulation,3,Health Sciences,Undergraduate,
HSC 385,System Safety,3,Health Sciences,Undergraduate,
HSC 387,School-Based Community Health Programs,3,Health Sciences,Undergraduate,
HSC 390,Drugs In Society,3,Health Sciences,Undergraduate,
HSC 391,"Planning, Curriculum, & Assessment In Health Education",3,Health Sciences,Undergraduate,
HSC 395,Health Communication And Social Marketing,3,Health Sciences,Undergraduate,
HSC 396,Health Education Program Planning & Evaluation,3,Health Sciences,Undergraduate,
HSC 399,Student Teaching In Health Education,1-16,Health Sciences,Undergraduate,
HSC 400,Independent Study,1-4,Health Sciences,Graduate,
HSC 405,Public Health Leadership,3,Health Sciences,Graduate,
HSC 406,Global Health,3,Health Sciences,Graduate,
HSC 407,Public Health Systems,3,Health Sciences,Graduate,
HSC 410,Fundamentals of Biostatistics for Public Health,3,Health Sciences,Graduate,
HSC 411,Public Health Policy,3,Health Sciences,Graduate,
HSC 445,Environmental Health,3,Health Sciences,Graduate,
HSC 450,Food Protection,3,Health Sciences,Graduate,
HSC 458,Epidemiology for Public Health,3,Health Sciences,Graduate,
HSC 462,Ergonomics,3,Health Sciences,Graduate,
HSC 468,Psychiatric Epidemiology,3,Health Sciences,Graduate,
HSC 472,"Accident/Incident Investigation, Records and Evaluation",3,Health Sciences,Graduate,
HSC 477,Health and Wellness Coaching,3,Health Sciences,Graduate,
HSC 478,Principles of Emergency Management,3,Health Sciences,Graduate,
HSC 479,School and Campus Emergency Preparedness,3,Health Sciences,Graduate,
HSC 480,Fire Protection and Prevention,3,Health Sciences,Graduate,
HSC 481,Occupational Safety and Health Act (OSHA),4,Health Sciences,Graduate,
HSC 482,Improving Safety Performance,3,Health Sciences,Graduate,
HSC 483,Agricultural Safety And Health,3,Health Sciences,Graduate,
HSC 484,Hazardous Materials Regulation,3,Health Sciences,Graduate,
HSC 485,System Safety,3,Health Sciences,Graduate,
HSC 486,Resource Development for Public Health Professionals,3,Health Sciences,Graduate,
HSC 488,Research Methods in Public Health,3,Health Sciences,Graduate,
HSC 490,Drugs in Society,3,Health Sciences,Graduate,
HSC 492,Grant Writing,3,Health Sciences,Graduate,
HSC 494,Health Aspects of Aging,3,Health Sciences,Graduate,
HSC 495,Health Communication And Social Marketing,3,Health Sciences,Graduate,
HSC 496,Health Behavior,3,Health Sciences,Graduate,
HSC 498,Professional Practice in Public Health,1-9,Health Sciences,Graduate,
HSC 499,Independent Research For The Master's Thesis,1-6,Health Sciences,Graduate,
HSC 290A01,Strategies In Health Education: Community Health,3,Health Sciences,Undergraduate,
HSC 290A02,Instructional Strategies and Methods for Teaching PK-12 Health Education: School Health,3,Health Sciences,Undergraduate,
HSC 298A03,Professional Practice: Health Information Management: Clinical Internship,3,Health Sciences,Undergraduate,
HSC 298A04,Professional Practice: Practicum in Health Promotion and Education,1-12,Health Sciences,Undergraduate,
HSC 398A01,Professional Practice: Environmental Health Internship,3-12,Health Sciences,Undergraduate,
HSC 398A02,Professional Practice: Field Experience In Health Education,1-16,Health Sciences,Undergraduate,
HSC 398A03,Professional Practice: Health Information Management: Management Internship,3,Health Sciences,Undergraduate,
HSC 398A04,Professional Practice: Safety,1-16,Health Sciences,Undergraduate,
HSC 398A21,Professional Practice: Medical Lab Science: Special Studies,1-8,Health Sciences,Undergraduate,
HSC 398A22,Professional Practice: Medical Laboratory Science: Biochemistry,2,Health Sciences,Undergraduate,
HSC 398A23,Professional Practice: Medical Laboratory Science: Serology,1,Health Sciences,Undergraduate,
HSC 398A24,Professional Practice: Medical Laboratory Science: Urinalysis & Body Fluids,1,Health Sciences,Undergraduate,
HSC 398A25,Professional Practice: Medical Laboratory Science: Microbiology Simulation,3,Health Sciences,Undergraduate,
HSC 398A27,Professional Practice: Medical Laboratory Science: Hematology,2.5,Health Sciences,Undergraduate,
HSC 398A28,Professional Practice: Medical Laboratory Science: Microbiology,3,Health Sciences,Undergraduate,
HSC 398A29,Professional Practice: Medical Laboratory Science: Immunohematology,2.5,Health Sciences,Undergraduate,
HSC 498A11,Professional Practice in Health & Wellness Coaching,3,Health Sciences,Graduate,
HSC 498A90,Professional Practice: Health Sciences Final Year,1-6,Health Sciences,Graduate,
IB 225,Understanding The Global Business Environment,3,Management,Undergraduate,
IB 245,Business Study Abroad,1-6,Management,Undergraduate,
IB 287,Independent Study In International Business,1-6,Management,Undergraduate,
IB 299,Independent Honor Study In International Business,1-6,Management,Undergraduate,
IB 340,Seminar in International Business,3,Management,Undergraduate,
IB 346,Competitive Strategies in Developing Markets,3,Management,Undergraduate,
IB 450,Managing Global Business,3,Management,Graduate,
IB 245A12,"Business Studies Abroad: Angers, France",3-15,Management,Undergraduate,
IB 245A19,"Business Studies Abroad: Metz, France",3-15,Management,Undergraduate,
IB 245A21,"Business Study Abroad: Hanze, Netherlands",3,Management,Undergraduate,
IB 245A22,Business Study Abroad: Europe,1-6,Management,Undergraduate,
IB 298A01,Professional Practice: International Business Internship,1-3,Management,Undergraduate,
IB 398A01,Professional Practice: Internship International Business,1-6,Management,Undergraduate,
IDS 96,Residence Hall Communities I,0,Interdisciplinary Studies,Undergraduate,
IDS 99,Residence Hall Communities II,0,Interdisciplinary Studies,Undergraduate,
IDS 102,Basic Algebra,4,Interdisciplinary Studies,Undergraduate,
IDS 103,Writing for Academic Purposes,3,Interdisciplinary Studies,Undergraduate,
IDS 104,Intermediate Algebra,3,Interdisciplinary Studies,Undergraduate,
IDS 105,Reading For Academic Purposes,3,Interdisciplinary Studies,Undergraduate,
IDS 106,Career Exploration: Designing Your Career Plan,1,Interdisciplinary Studies,Undergraduate,
IDS 107,Summer Success Skills,3,Interdisciplinary Studies,Undergraduate,
IDS 108,University Success Skills,2,Interdisciplinary Studies,Undergraduate,
IDS 111,Peace Studies,3,Interdisciplinary Studies,Undergraduate,
IDS 112,European Studies: Introduction to Europe,3,Interdisciplinary Studies,Undergraduate,
IDS 113,The Entrepreneurial Mindset,3,Interdisciplinary Studies,Undergraduate,
IDS 114,Mathematical Principles In Learning,2,Interdisciplinary Studies,Undergraduate,
IDS 115,Mathematical Foundations in Learning,2,Interdisciplinary Studies,Undergraduate,
IDS 117,Critical Information Use,3,Interdisciplinary Studies,Undergraduate,
IDS 119,The Civically Engaged Scientist,3,Interdisciplinary Studies,Undergraduate,
IDS 121,Texts And Contexts,3,Interdisciplinary Studies,Undergraduate,
IDS 122,First Year Learning In Communities Seminar,1,Interdisciplinary Studies,Undergraduate,
IDS 125,Foundations Of Citizenship: Introduction To Civic Responsibility,3,Interdisciplinary Studies,Undergraduate,
IDS 128,"Thriving In College, Career And Beyond",3,Interdisciplinary Studies,Undergraduate,
IDS 130,Advanced Writing for Academic Purposes,3,Interdisciplinary Studies,Undergraduate,
IDS 131,Advanced Academic Skills,3,Interdisciplinary Studies,Undergraduate,
IDS 187,Interdisciplinary University Studies Independent Study,1-3,Interdisciplinary Studies,Undergraduate,
IDS 194,Careers for Health Professionals,1,Interdisciplinary Studies,Undergraduate,
IDS 203,Nations And Narration,3,Interdisciplinary Studies,Undergraduate,
IDS 210,Consortium Agreement,1-12,Interdisciplinary Studies,Undergraduate,
IDS 212,European Studies: Europe Today,3,Interdisciplinary Studies,Undergraduate,
IDS 213,"Comics, Graphic Novels, and Society",3,Interdisciplinary Studies,Undergraduate,
IDS 220,Science & Mathematics Career Preparation Seminar,1,Interdisciplinary Studies,Undergraduate,
IDS 224,Transfer Student Seminar,1,Interdisciplinary Studies,Undergraduate,
IDS 230,Undergraduate Study Abroad,1-18,Interdisciplinary Studies,Undergraduate,
IDS 231,Civic Engagement in a Global Community,2-3,Interdisciplinary Studies,Undergraduate,
IDS 232,Civic Engagement in the United States,2-3,Interdisciplinary Studies,Undergraduate,
IDS 265,"Intro Cognitive Science: Computers, Minds, Brains & Robots",3,Interdisciplinary Studies,Undergraduate,
IDS 287,Independent Study,1-6,Interdisciplinary Studies,Undergraduate,
IDS 298,Professional Practice: Internship/Cooperative Education,1-6,Interdisciplinary Studies,Undergraduate,
IDS 302,Seminar on Success,1,Interdisciplinary Studies,Undergraduate,
IDS 310,Innovation Consulting Community,3,Interdisciplinary Studies,Undergraduate,
IDS 387,Capstone Project in Interdisciplinary Studies,1-6,Interdisciplinary Studies,Undergraduate,
IDS 388,Capstone/Directed Project in Data Science,3,Interdisciplinary Studies,Undergraduate,
IDS 401,Advanced Writing For Graduate Students,3,Interdisciplinary Studies,Graduate,
IDS 403,Writing for Academic Purposes,3,Interdisciplinary Studies,Graduate,
IDS 404,Communication For Academic Purposes,3,Interdisciplinary Studies,Graduate,
IDS 405,Reading For Academic Purposes,3,Interdisciplinary Studies,Graduate,
IDS 410,Innovation Consulting Community,3,Interdisciplinary Studies,Graduate,
IDS 430,Graduate Study Abroad,1-9,Interdisciplinary Studies,Graduate,
IDS 431,Advanced Academic Skills for Graduate Students,3,Interdisciplinary Studies,Graduate,
IDS 102A01,Basic Algebra:Developmental Numerical Reasoning,4,Interdisciplinary Studies,Undergraduate,
IDS 121A01,"Texts and Contexts: Leisure, Gaming, and Culture",3,Interdisciplinary Studies,Undergraduate,
IDS 121A02,Text and Contexts: Place as Text: Ireland,3,Interdisciplinary Studies,Undergraduate,
IDS 121A03,Texts & Contexts: Music,3,Interdisciplinary Studies,Undergraduate,
IDS 121A12,Text and Contexts: Place as Text: Europe,3,Interdisciplinary Studies,Undergraduate,
IDS 121A13,Text and Contexts: Place as Text: Africa,3,Interdisciplinary Studies,Undergraduate,
IDS 121A14,Text and Contexts: Place as Text: Latin America,3,Interdisciplinary Studies,Undergraduate,
IDS 121A17,Texts & Contexts: The 1960's,3,Interdisciplinary Studies,Undergraduate,
IDS 121A19,Texts & Contexts: Literary Studies,3,Interdisciplinary Studies,Undergraduate,
IDS 121A20,Texts & Contexts: Modern and Contemporary Italy in Italian Film,3,Interdisciplinary Studies,Undergraduate,
IDS 121A22,"Texts & Contexts: French Cinema: Art, History, Culture",3,Interdisciplinary Studies,Undergraduate,
IDS 121A27,"Texts & Contexts: Pirates, Corsairs & Swashbucklers Through the Ages",3,Interdisciplinary Studies,Undergraduate,
IDS 121A29,Texts & Contexts: Native Writers On Native Issues,3,Interdisciplinary Studies,Undergraduate,
IDS 121A32,Texts & Contexts: Art,3,Interdisciplinary Studies,Undergraduate,
IDS 121A33,Texts & Contexts: Holocaust Literature And Film,3,Interdisciplinary Studies,Undergraduate,
IDS 121A37,Texts & Contexts: Theatre & Film: Exploration Of Black Identity In America,3,Interdisciplinary Studies,Undergraduate,
IDS 121A56,Texts & Contexts: American Immigration History,3,Interdisciplinary Studies,Undergraduate,
IDS 121A68,Texts & Contexts: Place as Text: Barbados,3,Interdisciplinary Studies,Undergraduate,
IDS 121A72,Text and Contexts: Place as Text: Scotland,3,Interdisciplinary Studies,Undergraduate,
IDS 122A02,Veterans and Military-Connected Students Seminar,1,Interdisciplinary Studies,Undergraduate,
IDS 122A03,Redbird Restart,1,Interdisciplinary Studies,Undergraduate,
IDS 133A22,Study Abroad: Great Britain,3,Interdisciplinary Studies,Undergraduate,
IDS 133A27,Study Abroad: History and Urban Life in Western Europe,3,Interdisciplinary Studies,Undergraduate,
IDS 133A28,"Study Abroad: Bologna, Italy",3,Interdisciplinary Studies,Undergraduate,
IDS 133A29,"Study Abroad: Prague, Czech Republic",3,Interdisciplinary Studies,Undergraduate,
IDS 203A05,Nations And Narration AMALI: Africa,3,Interdisciplinary Studies,Undergraduate,
IDS 203A10,Nations And Narration AMALI: East Asia,3,Interdisciplinary Studies,Undergraduate,
IDS 203A15,Nations And Narration AMALI: Latin America,3,Interdisciplinary Studies,Undergraduate,
IDS 298A02,Professional Practice: Mentorship In Healthcare Professions,1,Interdisciplinary Studies,Undergraduate,
IDS 398A01,Professional Practice: Intern/Co-Op Peace & Conflict Resolution Studies,1-6,Interdisciplinary Studies,Undergraduate,
IDS 398A02,Professional Practice: Service Learning Experience In Civic Engagement,3,Interdisciplinary Studies,Undergraduate,
IDS 398A03,Professional Practice: For Interdisciplinary Studies Major or Minor,1-16,Interdisciplinary Studies,Undergraduate,
IDS 398A05,Professional Practice Internship in Data Science,3,Interdisciplinary Studies,Undergraduate,
IDS TC,Transfer Credit Prior to Admission,0-999,Interdisciplinary Studies,Undergraduate,
IDS USTR,Transfer Credit for Approved US Plan,0.5-99,Interdisciplinary Studies,Undergraduate,
IT 140,Interacting In A Digital World,3,Information Technology,Undergraduate,
IT 150,Using Microcomputer Productivity Tools,3,Information Technology,Undergraduate,
IT 163,Introductory C Programming for Engineers,3,Information Technology,Undergraduate,
IT 164,Introduction To Problem Solving Using The Computer,3,Information Technology,Undergraduate,
IT 166,Python Programming For Science and Data Analysis,4,Information Technology,Undergraduate,
IT 168,Structured Problem Solving Using The Computer,4,Information Technology,Undergraduate,
IT 170,Scripting Languages and Automation,3,Information Technology,Undergraduate,
IT 178,Computer Application Programming,3,Information Technology,Undergraduate,
IT 179,Introduction To Data Structures,3,Information Technology,Undergraduate,
IT 180,C++ Programming,1,Information Technology,Undergraduate,
IT 191,Introduction To IT Professional Practice,1,Information Technology,Undergraduate,
IT 214,"Social, Legal, And Ethical Issues In Information Technology",3,Information Technology,Undergraduate,
IT 215,Introduction to Applied Artificial Intelligence,3,Information Technology,Undergraduate,
IT 225,Computer Organization,3,Information Technology,Undergraduate,
IT 244,Business Analytics for Artificial Intelligence,3,Information Technology,Undergraduate,
IT 250,Fundamentals of Information Assurance and Security,3,Information Technology,Undergraduate,
IT 254,Hardware And Software Concepts,3,Information Technology,Undergraduate,
IT 261,Systems Development I,3,Information Technology,Undergraduate,
IT 262,Information Technology Project Management,3,Information Technology,Undergraduate,
IT 272,Cobol As A Second Language,4,Information Technology,Undergraduate,
IT 275,Java As A Second Language,4,Information Technology,Undergraduate,
IT 276,Data Communications,3,Information Technology,Undergraduate,
IT 279,Algorithms And Data Structures,3,Information Technology,Undergraduate,
IT 287,Independent Study,1-6,Information Technology,Undergraduate,
IT 299,Independent Honor Study,1-6,Information Technology,Undergraduate,
IT 310,Cloud Networking,3,Information Technology,Undergraduate,
IT 311,Internet of Things,3,Information Technology,Undergraduate,
IT 312,Applications of Artificial Intelligence and Machine Learning,3,Information Technology,Undergraduate,
IT 326,Principles Of Software Engineering,3,Information Technology,Undergraduate,
IT 327,Concepts Of Programming Languages,3,Information Technology,Undergraduate,
IT 328,Introduction To The Theory Of Computation,3,Information Technology,Undergraduate,
IT 329,Compiler Design,3,Information Technology,Undergraduate,
IT 330,Introduction To Enterprise Computer Systems,3,Information Technology,Undergraduate,
IT 340,Introduction To Artificial Intelligence,3,Information Technology,Undergraduate,
IT 344,Techniques and Tools in Applied Machine Learning,3,Information Technology,Undergraduate,
IT 348,Introduction to Machine Learning,3,Information Technology,Undergraduate,
IT 350,Operating Systems Concepts and Administration,3,Information Technology,Undergraduate,
IT 351,Practical Cryptography and Trusted Systems,3,Information Technology,Undergraduate,
IT 352,Data and Information Visualization,3,Information Technology,Undergraduate,
IT 353,Web Development Technologies,3,Information Technology,Undergraduate,
IT 354,Advanced Web Application Development,3,Information Technology,Undergraduate,
IT 355,Secure Software Development,3,Information Technology,Undergraduate,
IT 356,Introduction To Computer Graphics,3,Information Technology,Undergraduate,
IT 357,Tools And Techniques In Defensive Security,3,Information Technology,Undergraduate,
IT 358,Mobile and Cloud Computing,3,Information Technology,Undergraduate,
IT 359,Tools And Techniques in Penetration Testing,3,Information Technology,Undergraduate,
IT 360,Security Incident And Event Management And Forensics,3,Information Technology,Undergraduate,
IT 363,Systems Development II,4,Information Technology,Undergraduate,
IT 367,Designing The User Interface,3,Information Technology,Undergraduate,
IT 368,Topics In Information Systems,3,Information Technology,Undergraduate,
IT 369,Emerging Topics in Computing,3,Information Technology,Undergraduate,
IT 370,Server Management,3,Information Technology,Undergraduate,
IT 372,External Data Structures,3,Information Technology,Undergraduate,
IT 373,Wide Area Network Infrastructures,3,Information Technology,Undergraduate,
IT 376,Wireless And Mobile Network Security,3,Information Technology,Undergraduate,
IT 377,Practical Telecommunication Networking,3,Information Technology,Undergraduate,
IT 378,Database Processing,3,Information Technology,Undergraduate,
IT 379,Advanced Computer Networks,3,Information Technology,Undergraduate,
IT 380,Wireless Communication Systems,3,Information Technology,Undergraduate,
IT 381,Network Design And Analysis,3,Information Technology,Undergraduate,
IT 383,Principles Of Operating Systems,3,Information Technology,Undergraduate,
IT 386,Introduction to Networking and Parallel and Distributed Computing,3,Information Technology,Undergraduate,
IT 388,Parallel Processing,3,Information Technology,Undergraduate,
IT 391,Directed Project In Information Technology,3,Information Technology,Undergraduate,
IT 398,Professional Practice: Information Technology,1-6,Information Technology,Undergraduate,
IT 400,Independent Study,1-4,Information Technology,Graduate,
IT 401,Computer Systems and Basic Python Programming,3,Information Technology,Graduate,
IT 402,Implementation of Data Structures and Algorithm,3,Information Technology,Graduate,
IT 426,Advanced Software Engineering,3,Information Technology,Graduate,
IT 427,Design and Analysis of Algorithms,3,Information Technology,Graduate,
IT 428,Fundamental Theory of Computer Science,3,Information Technology,Graduate,
IT 429,Compiler Design,3,Information Technology,Graduate,
IT 432,Systems Analysis And Design,3,Information Technology,Graduate,
IT 440,Introduction to Artificial Intelligence,3,Information Technology,Graduate,
IT 441,Big Data,3,Information Technology,Graduate,
IT 444,Data Analytics and Mining,3,Information Technology,Graduate,
IT 448,Introduction to Machine Learning,3,Information Technology,Graduate,
IT 450,Policy & Administration In Information Assurance & Security,3,Information Technology,Graduate,
IT 451,Practical Cryptography and Trusted Systems,3,Information Technology,Graduate,
IT 452,Data and Information Visualization,3,Information Technology,Graduate,
IT 453,Web Development Technologies,3,Information Technology,Graduate,
IT 454,Advanced Web Application Development,3,Information Technology,Graduate,
IT 456,Introduction to Computer Graphics,3,Information Technology,Graduate,
IT 457,Tools and Techniques in Defensive Security,3,Information Technology,Graduate,
IT 458,Mobile and Cloud Computing,3,Information Technology,Graduate,
IT 463,Information Technology Project Management,3,Information Technology,Graduate,
IT 467,Human Factors In Information Systems,3,Information Technology,Graduate,
IT 468,Software Quality Assurance And Testing,3,Information Technology,Graduate,
IT 470,Server Management,3,Information Technology,Graduate,
IT 475,Practical Telecommunication Networking,3,Information Technology,Graduate,
IT 476,Wireless And Mobile Network Security,3,Information Technology,Graduate,
IT 477,Converged Network Architectures,3,Information Technology,Graduate,
IT 478,Advanced Database Management,3,Information Technology,Graduate,
IT 479,Advanced Computer Networks,3,Information Technology,Graduate,
IT 481,Network Design And Analysis,3,Information Technology,Graduate,
IT 482,Distributed Systems,3,Information Technology,Graduate,
IT 483,Advanced Operating Systems,3,Information Technology,Graduate,
IT 487,Parallel Processing,3,Information Technology,Graduate,
IT 488,Topics in Computer Science,3,Information Technology,Graduate,
IT 494,Graduate Directed Project,1-4,Information Technology,Graduate,
IT 495,Information Technology Capstone,3,Information Technology,Graduate,
IT 496,Information Technology Strategy & Policy,3,Information Technology,Graduate,
IT 497,Introduction To Research Methodology,3,Information Technology,Graduate,
IT 498,Professional Practice: Information Technology,1-6,Information Technology,Graduate,
IT 499,Independent Research For The Master's Thesis,1-6,Information Technology,Graduate,
IT 368A17,Enterprise Resource Planning,3,Information Technology,Undergraduate,
IT 369A02,Applied Quantum Machine Learning,3,Information Technology,Undergraduate,
IT 369A03,Advanced Artificial Intelligence,3,Information Technology,Undergraduate,
IT 369A04,Principles of Containers and Cloud Services,3,Information Technology,Undergraduate,
IT 398A50,Professional Practice: Coop In Information Technology,1-6,Information Technology,Undergraduate,
IT 398A60,Professional Practice: Coop In Information Technology,1-8,Information Technology,Undergraduate,
IT 468A17,Enterprise Resource Planning,3,Information Technology,Graduate,
ITA 111,First-Year Italian (Part I),4,"Languages, Literatures & Cultures",Undergraduate,
ITA 112,First-Year Italian (Part II),4,"Languages, Literatures & Cultures",Undergraduate,
ITA 113,Italian Language Practice Through Service Encounters,3,"Languages, Literatures & Cultures",Undergraduate,
ITA 115,Second-Year Italian (Part I),4,"Languages, Literatures & Cultures",Undergraduate,
ITA 116,Second-Year Italian (Part II),4,"Languages, Literatures & Cultures",Undergraduate,
ITA 221,Advanced Italian Conversation & Contemporary Society,3,"Languages, Literatures & Cultures",Undergraduate,
ITA 222,Introduction To Modern Italian Literature & Film,3,"Languages, Literatures & Cultures",Undergraduate,
ITA 287,Independent Studies In Italian,1-6,"Languages, Literatures & Cultures",Undergraduate,
ITA 499,Independent Research for the Master's Thesis,1-5,"Languages, Literatures & Cultures",Graduate,
ITA 221A01,Italian Conversation & Contemporary Society: Italy Seen Through Mass Media,3,"Languages, Literatures & Cultures",Undergraduate,
JPN 111,First-Year Japanese (Part I),4,"Languages, Literatures & Cultures",Undergraduate,
JPN 112,First-Year Japanese (Part II),4,"Languages, Literatures & Cultures",Undergraduate,
JPN 115,Second-Year Japanese (Part I),4,"Languages, Literatures & Cultures",Undergraduate,
JPN 116,Second-Year Japanese (Part II),4,"Languages, Literatures & Cultures",Undergraduate,
JPN 231,Japanese Conversation And Composition,3,"Languages, Literatures & Cultures",Undergraduate,
JPN 232,Advanced Japanese Reading And Composition,3,"Languages, Literatures & Cultures",Undergraduate,
JPN 287,Independent Study In Japanese,1-6,"Languages, Literatures & Cultures",Undergraduate,
KNR 105,Badminton I,1,Kinesiology and Recreation,Undergraduate,
KNR 108,Billiards I,1,Kinesiology and Recreation,Undergraduate,
KNR 112,Bowling I,1,Kinesiology and Recreation,Undergraduate,
KNR 113,Personal Fitness,3,Kinesiology and Recreation,Undergraduate,
KNR 115,Adventure Education,1,Kinesiology and Recreation,Undergraduate,
KNR 116,"Fitness Walking, Jogging, and Running",1,Kinesiology and Recreation,Undergraduate,
KNR 119,Golf I,1,Kinesiology and Recreation,Undergraduate,
KNR 125,Indoor Group Cycling,1,Kinesiology and Recreation,Undergraduate,
KNR 126,Aerobics,1,Kinesiology and Recreation,Undergraduate,
KNR 127,Swimming I,1,Kinesiology and Recreation,Undergraduate,
KNR 136,Volleyball I,1,Kinesiology and Recreation,Undergraduate,
KNR 137,Soccer,1,Kinesiology and Recreation,Undergraduate,
KNR 138,Slow Pitch Softball,1,Kinesiology and Recreation,Undergraduate,
KNR 147,Weight Training,1,Kinesiology and Recreation,Undergraduate,
KNR 148,Cardio Weight Training,1,Kinesiology and Recreation,Undergraduate,
KNR 156,Introduction To Physical Education: Teacher Education,3,Kinesiology and Recreation,Undergraduate,
KNR 158,Instructional Strategies In Physical Education,3,Kinesiology and Recreation,Undergraduate,
KNR 161,Introduction to Esports,1,Kinesiology and Recreation,Undergraduate,
KNR 164,Introduction To Exercise Science,3,Kinesiology and Recreation,Undergraduate,
KNR 170,Introduction To Recreation & Sport Management,3,Kinesiology and Recreation,Undergraduate,
KNR 171,Recreation & Sport Leadership,3,Kinesiology and Recreation,Undergraduate,
KNR 175,Leisure's Role in Individuals & Society,3,Kinesiology and Recreation,Undergraduate,
KNR 176,Computer Applications in Recreation & Sport,3,Kinesiology and Recreation,Undergraduate,
KNR 180,First Aid And CPR,1,Kinesiology and Recreation,Undergraduate,
KNR 181,Human Anatomy And Physiology I,3,Kinesiology and Recreation,Undergraduate,
KNR 182,Human Anatomy And Physiology II,3,Kinesiology and Recreation,Undergraduate,
KNR 183,Human Anatomy And Physiology Laboratory I,1,Kinesiology and Recreation,Undergraduate,
KNR 184,Human Anatomy And Physiology Laboratory II,1,Kinesiology and Recreation,Undergraduate,
KNR 205,Scientific Principles Of Coaching,3,Kinesiology and Recreation,Undergraduate,
KNR 207,Foundations For Successful Coaching,3,Kinesiology and Recreation,Undergraduate,
KNR 208,Dynamics Of United States Contemporary Health Issues,3,Kinesiology and Recreation,Undergraduate,
KNR 221,Teaching Elementary Physical Education,3,Kinesiology and Recreation,Undergraduate,
KNR 222,Physical Education For Elementary Classroom Teacher,2,Kinesiology and Recreation,Undergraduate,
KNR 225,Motor Development,3,Kinesiology and Recreation,Undergraduate,
KNR 240,Principles And Applications Of Field-Based Assessment,1,Kinesiology and Recreation,Undergraduate,
KNR 242,Secondary Methods & Practices In Physical Education,3,Kinesiology and Recreation,Undergraduate,
KNR 244,Teaching Team Sports,3,Kinesiology and Recreation,Undergraduate,
KNR 245,Teaching Individual/Dual Sports And Activities,3,Kinesiology and Recreation,Undergraduate,
KNR 246,Teaching Dance And Tumbling/Gymnastics Forms,3,Kinesiology and Recreation,Undergraduate,
KNR 247,Promoting Physical Activity & Fitness In Physical Education,3,Kinesiology and Recreation,Undergraduate,
KNR 254,Social-Psychological Perspectives In Physical Activity,3,Kinesiology and Recreation,Undergraduate,
KNR 257,Motor Learning And Performance,3,Kinesiology and Recreation,Undergraduate,
KNR 260,Athletic Injury Concepts For Coaches,3,Kinesiology and Recreation,Undergraduate,
KNR 270,Inclusive Recreation & Sport,3,Kinesiology and Recreation,Undergraduate,
KNR 271,Recreation & Sport Programming,3,Kinesiology and Recreation,Undergraduate,
KNR 273,Introduction To Therapeutic Recreation,3,Kinesiology and Recreation,Undergraduate,
KNR 275,Facilities in Recreation & Sport,3,Kinesiology and Recreation,Undergraduate,
KNR 280,Exercise Physiology,3,Kinesiology and Recreation,Undergraduate,
KNR 282,Biomechanics Of Human Movement,3,Kinesiology and Recreation,Undergraduate,
KNR 286,Foundations of Fitness Instruction,3,Kinesiology and Recreation,Undergraduate,
KNR 287,Independent Study,1-6,Kinesiology and Recreation,Undergraduate,
KNR 291,Undergraduate Teaching Experience in Kinesiology & Recreation,1-3,Kinesiology and Recreation,Undergraduate,
KNR 295,Honors Seminar,1,Kinesiology and Recreation,Undergraduate,
KNR 299,Independent Honor Study,1-6,Kinesiology and Recreation,Undergraduate,
KNR 303,Exercise Psychology,3,Kinesiology and Recreation,Undergraduate,
KNR 305,Biomechanics Of Exercise And Physical Activity,3,Kinesiology and Recreation,Undergraduate,
KNR 306,Psychology Of Sport,3,Kinesiology and Recreation,Undergraduate,
KNR 307,Exercise In Health And Disease,3,Kinesiology and Recreation,Undergraduate,
KNR 309,Principles & Techniques Of Physiological Testing,3,Kinesiology and Recreation,Undergraduate,
KNR 310,Fitness Management,3,Kinesiology and Recreation,Undergraduate,
KNR 311,Exercise Programming For Cardiovascular & Metabolic Fitness,3,Kinesiology and Recreation,Undergraduate,
KNR 313,Exercise Programming For Neuromuscular Fitness,3,Kinesiology and Recreation,Undergraduate,
KNR 314,Introduction to the Cruise Line Industry,3,Kinesiology and Recreation,Undergraduate,
KNR 315,Therapeutic Recreation Client Documentation,3,Kinesiology and Recreation,Undergraduate,
KNR 316,Techniques In Therapeutic Recreation,3,Kinesiology and Recreation,Undergraduate,
KNR 320,Developmental Aspects Of Youth Sport,3,Kinesiology and Recreation,Undergraduate,
KNR 329,Advanced Training Principles for Athletic Performance,3,Kinesiology and Recreation,Undergraduate,
KNR 330,Therapeutic Recreation Service Delivery,3,Kinesiology and Recreation,Undergraduate,
KNR 335,Administration Of Athletic Training,2,Kinesiology and Recreation,Undergraduate,
KNR 341,Assessment In Physical Education,3,Kinesiology and Recreation,Undergraduate,
KNR 342,Occupational Biomechanics,3,Kinesiology and Recreation,Undergraduate,
KNR 345,Advanced Functional Anatomy,3,Kinesiology and Recreation,Undergraduate,
KNR 351,Tourism And Special Events,3,Kinesiology and Recreation,Undergraduate,
KNR 352,Quantitative Analysis Of Biomechanics,3,Kinesiology and Recreation,Undergraduate,
KNR 353,Basic Electrocardiography & Clinical Exercise Testing,3,Kinesiology and Recreation,Undergraduate,
KNR 354,Contemporary Issues In The Sport Industry,3,Kinesiology and Recreation,Undergraduate,
KNR 355,Advancement of the Therapeutic Recreation Profession,3,Kinesiology and Recreation,Undergraduate,
KNR 363,Seminar In Sports Medicine II,2,Kinesiology and Recreation,Undergraduate,
KNR 364,Senior Seminar In Physical Education Teacher Education,3,Kinesiology and Recreation,Undergraduate,
KNR 365,Advanced Therapeutic Recreation Practices,3,Kinesiology and Recreation,Undergraduate,
KNR 370,Marketing & Finance in Recreation & Sport Management,3,Kinesiology and Recreation,Undergraduate,
KNR 371,Outdoor Recreation,3,Kinesiology and Recreation,Undergraduate,
KNR 374,Advanced Experience Facilitation,3,Kinesiology and Recreation,Undergraduate,
KNR 376,Evaluation in Recreation & Sport Management,3,Kinesiology and Recreation,Undergraduate,
KNR 380,Human Resources in Recreation & Sport Management,3,Kinesiology and Recreation,Undergraduate,
KNR 381,Special Studies In Recreation And Tourism,1-3,Kinesiology and Recreation,Undergraduate,
KNR 382,Legal Aspects of Recreation & Sport,3,Kinesiology and Recreation,Undergraduate,
KNR 383,Adapted Physical Education,3,Kinesiology and Recreation,Undergraduate,
KNR 391,Creating Positive Learning Environments In Physical Education,1,Kinesiology and Recreation,Undergraduate,
KNR 399,Student Teaching In Elementary Physical Education,1-16,Kinesiology and Recreation,Undergraduate,
KNR 400,Independent Study,1-4,Kinesiology and Recreation,Graduate,
KNR 401,Emergency Management in Athletic Training,2,Kinesiology and Recreation,Graduate,
KNR 402,Foundations of Athletic Training,3,Kinesiology and Recreation,Graduate,
KNR 403,Therapeutic Interventions I,3,Kinesiology and Recreation,Graduate,
KNR 404,Therapeutic Interventions II,3,Kinesiology and Recreation,Graduate,
KNR 405,Applied Motor Learning,3,Kinesiology and Recreation,Graduate,
KNR 406,Advanced Sport Psychology,3,Kinesiology and Recreation,Graduate,
KNR 407,Psychology Of Physical Activity,3,Kinesiology and Recreation,Graduate,
KNR 408,Psychosocial Athlete Development,3,Kinesiology and Recreation,Graduate,
KNR 409,Athletic Injury Assessment I,3,Kinesiology and Recreation,Graduate,
KNR 410,Athletic Injury Assessment II,3,Kinesiology and Recreation,Graduate,
KNR 411,Biomechanics Of Exercise And Physical Activity,3,Kinesiology and Recreation,Graduate,
KNR 412,Neuromuscular Aspects of Health and Performance,3,Kinesiology and Recreation,Graduate,
KNR 414,Advanced Therapeutic Interventions,3,Kinesiology and Recreation,Graduate,
KNR 415,Exercise & Cardiorespiratory Function,3,Kinesiology and Recreation,Graduate,
KNR 416,Psychological Interventions in Sport,3,Kinesiology and Recreation,Graduate,
KNR 417,Research On Teaching In Physical Education,3,Kinesiology and Recreation,Graduate,
KNR 418,Measurement And Evaluation In Physical Education,3,Kinesiology and Recreation,Graduate,
KNR 419,Contemporary Curriculums In Physical Education,3,Kinesiology and Recreation,Graduate,
KNR 421,Improving Instruction In Physical Activity Settings,3,Kinesiology and Recreation,Graduate,
KNR 422,Promoting Physical Activity And Fitness Education,3,Kinesiology and Recreation,Graduate,
KNR 423,Sociocultural Perspectives In Physical Education,3,Kinesiology and Recreation,Graduate,
KNR 424,Psychosocial Strategies in Athletic Training,3,Kinesiology and Recreation,Graduate,
KNR 425,Technology Integration In Physical Education,3,Kinesiology and Recreation,Graduate,
KNR 426,Clinical Supervision In Physical Activity Settings,3,Kinesiology and Recreation,Graduate,
KNR 427,Authentic Assessment In Contemporary Physical Ed Programs,3,Kinesiology and Recreation,Graduate,
KNR 428,Contemporary Topics In Physical Education,3,Kinesiology and Recreation,Graduate,
KNR 429,Advanced Training Principles for Athletic Performance,3,Kinesiology and Recreation,Graduate,
KNR 430,The Sport Industry,3,Kinesiology and Recreation,Graduate,
KNR 432,General Medical Concerns in Athletic Training,2,Kinesiology and Recreation,Graduate,
KNR 433,Pharmacological Applications in Athletic Training,3,Kinesiology and Recreation,Graduate,
KNR 435,Administration in Athletic Training,3,Kinesiology and Recreation,Graduate,
KNR 440,Seminar In Advanced Sport Marketing And Sales,3,Kinesiology and Recreation,Graduate,
KNR 441,Environmental Sustainability in Sport and Recreation,3,Kinesiology and Recreation,Graduate,
KNR 442,Physical Activity As Medicine,3,Kinesiology and Recreation,Graduate,
KNR 443,Occupational Biomechanics,3,Kinesiology and Recreation,Graduate,
KNR 444,Integrating Physical Activity into the Elementary Classroom Setting,3,Kinesiology and Recreation,Graduate,
KNR 445,Statistics in Applied Science and Technology,3,Kinesiology and Recreation,Graduate,
KNR 451,Lab Techniques & Conditioning For Performance Enhancement,3,Kinesiology and Recreation,Graduate,
KNR 452,Administration of Intercollegiate Athletics,3,Kinesiology and Recreation,Graduate,
KNR 453,Facility And Event Management In Sport And Recreation,3,Kinesiology and Recreation,Graduate,
KNR 454,Social Issues in Sport,3,Kinesiology and Recreation,Graduate,
KNR 455,Fiscal Management In Sport & Recreation,3,Kinesiology and Recreation,Graduate,
KNR 456,Trends and Issues in esports,3,Kinesiology and Recreation,Graduate,
KNR 457,Lifecourse Exercise Physiology,3,Kinesiology and Recreation,Graduate,
KNR 458,Physical Activity Epidemiology,3,Kinesiology and Recreation,Graduate,
KNR 459,Foundations of Coaching and Leadership in Sport,3,Kinesiology and Recreation,Graduate,
KNR 460,Quantitative Analysis Of Biomechanics,3,Kinesiology and Recreation,Graduate,
KNR 461,Advanced Seminar in Exercise Physiology,3,Kinesiology and Recreation,Graduate,
KNR 462,Principles Of Sport Law,3,Kinesiology and Recreation,Graduate,
KNR 465,Basic Electrocardiography & Clinical Exercise Testing,3,Kinesiology and Recreation,Graduate,
KNR 466,Marketing Of Sport And Recreation,3,Kinesiology and Recreation,Graduate,
KNR 467,Advanced Topics In Sport Management,3,Kinesiology and Recreation,Graduate,
KNR 472,Foundations of Leisure,3,Kinesiology and Recreation,Graduate,
KNR 473,Trends And Issues In Leisure Service,3,Kinesiology and Recreation,Graduate,
KNR 474,Concepts & Theories Of Leisure & Recreation,3,Kinesiology and Recreation,Graduate,
KNR 475,Management Of Sport And Recreation,3,Kinesiology and Recreation,Graduate,
KNR 476,Leadership Development For Leisure Services Professionals,3,Kinesiology and Recreation,Graduate,
KNR 480,Exercise And Body Composition,3,Kinesiology and Recreation,Graduate,
KNR 481,Work Metabolism,3,Kinesiology and Recreation,Graduate,
KNR 482,Advanced Biomechanics Of Human Movement,3,Kinesiology and Recreation,Graduate,
KNR 484,Evidence-Based Sports Medicine,3,Kinesiology and Recreation,Graduate,
KNR 486,Advanced Assessment & Treatment Of Musculoskeletal Injuries,3,Kinesiology and Recreation,Graduate,
KNR 487,Advanced Seminar In Sports Medicine,3,Kinesiology and Recreation,Graduate,
KNR 488,Special Studies In Recreation And Tourism,1-3,Kinesiology and Recreation,Graduate,
KNR 490,Injury Biomechanics,3,Kinesiology and Recreation,Graduate,
KNR 491,Practicum in Sport Management,3,Kinesiology and Recreation,Graduate,
KNR 492,Practicum in Athletic Training,3,Kinesiology and Recreation,Graduate,
KNR 494,Modern Manual Therapy I,3,Kinesiology and Recreation,Graduate,
KNR 495,Ethics and Practicum in Sport Psychology,3,Kinesiology and Recreation,Graduate,
KNR 496,Modern Manual Therapy II,3,Kinesiology and Recreation,Graduate,
KNR 497,Introduction To Research Methodology,3,Kinesiology and Recreation,Graduate,
KNR 499,Independent Research For The Master's Thesis,1-6,Kinesiology and Recreation,Graduate,
KNR 106A02,Basketball II,1,Kinesiology and Recreation,Undergraduate,
KNR 298A10,Professional Practice :Exercise Science & Fitness,2,Kinesiology and Recreation,Undergraduate,
KNR 298A11,Professional Practice: Athletic Training Clinical Competencies I,1,Kinesiology and Recreation,Undergraduate,
KNR 298A12,Professional Practice: Athletic Training Clinical Competencies II,1,Kinesiology and Recreation,Undergraduate,
KNR 298A13,Professional Practice: Athletic Training Clinical Competencies III,1,Kinesiology and Recreation,Undergraduate,
KNR 298A14,Professional Practice: Athletic Training Clinical Competencies IV,1,Kinesiology and Recreation,Undergraduate,
KNR 298A15,Professional Practice: Athletic Training Clinical Competencies V,1,Kinesiology and Recreation,Undergraduate,
KNR 298A30,Internship I in Recreation & Sport Management,2,Kinesiology and Recreation,Undergraduate,
KNR 298A31,Professional Practice: Commercial Recreation,1-3,Kinesiology and Recreation,Undergraduate,
KNR 298A36,Internship I Preparation Seminar in Recreation and Sport Management,1,Kinesiology and Recreation,Undergraduate,
KNR 378A10,Seminar In Professional Practice - Physical Education,2,Kinesiology and Recreation,Undergraduate,
KNR 378A30,Trends & Issues in Recreation & Sport,3,Kinesiology and Recreation,Undergraduate,
KNR 398A11,Professional Practice: Internship Exercise Science,10-14,Kinesiology and Recreation,Undergraduate,
KNR 398A12,Professional Practice: Internship In Athletic Training,1-14,Kinesiology and Recreation,Undergraduate,
KNR 398A30,Internship II in Recreation & Sport Management,6-12,Kinesiology and Recreation,Undergraduate,
KNR 398A36,Internship II Preparation Seminar in Recreation and Sport Management,1,Kinesiology and Recreation,Undergraduate,
KNR 399A01,Student Teaching In Secondary Physical Education,1-16,Kinesiology and Recreation,Undergraduate,
KNR 400A01,Independent Study In Kinesiology & Recreation,1-4,Kinesiology and Recreation,Graduate,
KNR 492A01,Practicum in Athletic Training I,3,Kinesiology and Recreation,Graduate,
KNR 492A02,Practicum in Athletic Training II,3,Kinesiology and Recreation,Graduate,
KNR 492A03,Practicum in Athletic Training III,2,Kinesiology and Recreation,Graduate,
KNR 492A04,Practicum in Athletic Training IV,3,Kinesiology and Recreation,Graduate,
KNR 498A10,Professional Practice In Exercise Science,1-9,Kinesiology and Recreation,Graduate,
KNR 498A12,Professional Practice In Sports Medicine/Athletic Training,1-9,Kinesiology and Recreation,Graduate,
KNR 498A30,Professional Practice Parks And Recreation,1-9,Kinesiology and Recreation,Graduate,
KNR 498A90,Professional Practice:Applied Community Development Last Year,1-9,Kinesiology and Recreation,Graduate,
KNR 499A90,Independent Research For The Masters Thesis - Last Term,1-6,Kinesiology and Recreation,Graduate,
LAL 109,Introduction To Latina/O Studies,3,Interdisciplinary Studies,Undergraduate,
LAL 210,Indigenous South America,3,Interdisciplinary Studies,Undergraduate,
LAL 214,"Issues in CJS: Immigration, Crime, and the Criminal-Legal System",3,Interdisciplinary Studies,Undergraduate,
LAL 250,Border Narratives,3,Interdisciplinary Studies,Undergraduate,
LAL 287,Independent Study in Latin America Latino Studies,1-6,Interdisciplinary Studies,Undergraduate,
LAL 291,Undergraduate Teaching Experience In Latin American and Latin Studies,1-3,Interdisciplinary Studies,Undergraduate,
LAL 368,Chicana and Latina/x Feminisms,3,Interdisciplinary Studies,Undergraduate,
LAL 391,Topics in Latin American and Latino/a Studies,3,Interdisciplinary Studies,Undergraduate,
LAL 468,Chicana and Latina/x Feminisms,3,Interdisciplinary Studies,Graduate,
LAL 398A01,Professional Practice: Internship/Coop In Latin Amer & Latino,1-6,Interdisciplinary Studies,Undergraduate,
LAL 398A02,Professional Practice: Research Experience In Latin Amer & La,1-6,Interdisciplinary Studies,Undergraduate,
LAN 100,Myths and realities of language learning in multilingual societies,3,"Languages, Literatures & Cultures",Undergraduate,
LAN 102,Exploring the Human Story through World Narratives and Cultures,3,"Languages, Literatures & Cultures",Undergraduate,
LAN 125,Literary Narrative,3,"Languages, Literatures & Cultures",Undergraduate,
LAN 128,Gender In The Humanities,3,"Languages, Literatures & Cultures",Undergraduate,
LAN 143,Unity And Diversity In Language,3,"Languages, Literatures & Cultures",Undergraduate,
LAN 206,"Cultural Expressions & Social Contexts: Women Of Asia, Latin America & Africa",3,"Languages, Literatures & Cultures",Undergraduate,
LAN 287,Independent Studies In Foreign Language,1-6,"Languages, Literatures & Cultures",Undergraduate,
LAN 291,Undergraduate Teaching Experience In Foreign Languages,1-3,"Languages, Literatures & Cultures",Undergraduate,
LAN 299,Independent Honor Study In Foreign Languages,1-6,"Languages, Literatures & Cultures",Undergraduate,
LAN 300,Research In Foreign Languages,1-3,"Languages, Literatures & Cultures",Undergraduate,
LAN 319,Principles In World Language Learning,3,"Languages, Literatures & Cultures",Undergraduate,
LAN 320,World Language Teaching In The K-12 Setting,3,"Languages, Literatures & Cultures",Undergraduate,
LAN 321,Integrating Technology Into The World Language Classroom,3,"Languages, Literatures & Cultures",Undergraduate,
LAN 350,Foreign Languages Testing And Assessment,3,"Languages, Literatures & Cultures",Undergraduate,
LAN 398,Professional Practice:Internship In Foreign Languages,1-16,"Languages, Literatures & Cultures",Undergraduate,
LAN 400,Independent Studies In Foreign Language,1-4,"Languages, Literatures & Cultures",Graduate,
LAN 405,Introduction To Cultural Studies,3,"Languages, Literatures & Cultures",Graduate,
LAN 421,Integrating Technology Into The World Language Classroom,3,"Languages, Literatures & Cultures",Graduate,
LAN 450,Foreign Languages Testing and Assessment,3,"Languages, Literatures & Cultures",Graduate,
LAN 475,World Language Teaching Methodologies,3,"Languages, Literatures & Cultures",Graduate,
LAN 480,Topics in World Language Instruction,3,"Languages, Literatures & Cultures",Graduate,
LAN 485,Selected Studies In Linguistics,3,"Languages, Literatures & Cultures",Graduate,
LAN 490,Topics In Literary Studies,3,"Languages, Literatures & Cultures",Graduate,
LAN 499,Independent Research for the Master's Thesis In Foreign Lang,1-6,"Languages, Literatures & Cultures",Graduate,
LAN 125A01,Literary Narrative: Latin American Fiction,3,"Languages, Literatures & Cultures",Undergraduate,
LAN 206A01,Cultural Expressions & Social Contexts: Women of Asia,3,"Languages, Literatures & Cultures",Undergraduate,
LAN 206A02,Cultural Expressions & Social Contexts: Women of Latin America,3,"Languages, Literatures & Cultures",Undergraduate,
LAN 206A03,Cultural Expressions & Social Contexts: Women of Africa,3,"Languages, Literatures & Cultures",Undergraduate,
LAN 206A04,Cultural Expressions & Social Contexts: Comparative,3,"Languages, Literatures & Cultures",Undergraduate,
LAT 111,First Year Latin (Part I),4,"Languages, Literatures & Cultures",Undergraduate,
LAT 112,First Year Latin (Part II),4,"Languages, Literatures & Cultures",Undergraduate,
LAT 115,Second-Year Latin (Part I),4,"Languages, Literatures & Cultures",Undergraduate,
LAT 287,Independent Study In Latin,1-6,"Languages, Literatures & Cultures",Undergraduate,
LAT 299,Independent Honor Study,1-6,"Languages, Literatures & Cultures",Undergraduate,
LAT 300,Research in Latin,1-3,"Languages, Literatures & Cultures",Undergraduate,
LGS 102,Introduction to Law and Justice,3,Politics and Government,Undergraduate,
LGS 201,Introduction To Law For Paralegals,3,Politics and Government,Undergraduate,
LGS 203,Legal Research I,3,Politics and Government,Undergraduate,
LGS 204,Legal Research II,3,Politics and Government,Undergraduate,
LGS 210,Introduction To Commercial Transactions For Paralegals,3,Politics and Government,Undergraduate,
LGS 216,Introduction To Torts,3,Politics and Government,Undergraduate,
LGS 287,Independent Study,1-6,Politics and Government,Undergraduate,
LGS 299,Independent Honor Study,1-6,Politics and Government,Undergraduate,
LGS 311,Intellectual Property,3,Politics and Government,Undergraduate,
LGS 313,Law Office Technology,3,Politics and Government,Undergraduate,
LGS 314,Investigative Techniques And Evidence,3,Politics and Government,Undergraduate,
LGS 315,Real Estate Law For Paralegals,3,Politics and Government,Undergraduate,
LGS 316,Immigration Law for Paralegals,3,Politics and Government,Undergraduate,
LGS 319,Probate Law,3,Politics and Government,Undergraduate,
LGS 322,Family And Domestic Relations Law,3,Politics and Government,Undergraduate,
LGS 360,Criminal Litigation,3,Politics and Government,Undergraduate,
LGS 370,Civil Litigation,3,Politics and Government,Undergraduate,
LGS 371,Litigation II,3,Politics and Government,Undergraduate,
LGS 372,Employment Law,3,Politics and Government,Undergraduate,
LGS 398A20,Professional Practice: Paralegal Internship,1-16,Politics and Government,Undergraduate,
MAT 108,Trigonometry,2,Mathematics,Undergraduate,
MAT 113,Elements Of Mathematical Reasoning,4,Mathematics,Undergraduate,
MAT 119,College Algebra,3,Mathematics,Undergraduate,
MAT 120,Finite Mathematics,4,Mathematics,Undergraduate,
MAT 121,Applied Calculus,4,Mathematics,Undergraduate,
MAT 128,Trigonometry for Calculus,2,Mathematics,Undergraduate,
MAT 130,Dimensions Of Numerical Reasoning,3,Mathematics,Undergraduate,
MAT 131,Geometric Reasoning: Geometry As Earth Measures,3,Mathematics,Undergraduate,
MAT 132,Mathematical Inquiry and Literacy,3,Mathematics,Undergraduate,
MAT 144,Precalculus,4,Mathematics,Undergraduate,
MAT 145,Calculus I,4,Mathematics,Undergraduate,
MAT 146,Calculus II,4,Mathematics,Undergraduate,
MAT 147,Calculus III,4,Mathematics,Undergraduate,
MAT 148,Calculus III for Engineers & Applied Scientists,4,Mathematics,Undergraduate,
MAT 149,Engineering Mathematics,3,Mathematics,Undergraduate,
MAT 150,Fundamentals Of Statistical Reasoning,4,Mathematics,Undergraduate,
MAT 152,Dimensions Of Mathematical Reasoning,3,Mathematics,Undergraduate,
MAT 160,Elementary Discrete Mathematics,4,Mathematics,Undergraduate,
MAT 175,Elementary Linear Algebra,4,Mathematics,Undergraduate,
MAT 201,Teaching Mathematics In The Elementary School,4,Mathematics,Undergraduate,
MAT 202,Algebraic Reasoning for Middle School Teachers,4,Mathematics,Undergraduate,
MAT 204,Geometric Reasoning for the Middle School Teacher,3,Mathematics,Undergraduate,
MAT 205,Introduction to Deep Learning,4,Mathematics,Undergraduate,
MAT 211,Euclidean And Non-Euclidean Geometry,4,Mathematics,Undergraduate,
MAT 223,Introduction To Secondary Mathematics Education,3,Mathematics,Undergraduate,
MAT 236,Elementary Abstract Algebra,4,Mathematics,Undergraduate,
MAT 247,Elementary Real Analysis,3,Mathematics,Undergraduate,
MAT 252,Introduction to Statistics with Applications,3,Mathematics,Undergraduate,
MAT 260,Discrete Mathematics,4,Mathematics,Undergraduate,
MAT 268,Introduction To Undergraduate Research In Mathematics,3,Mathematics,Undergraduate,
MAT 280,Financial Mathematics,3,Mathematics,Undergraduate,
MAT 283,Introduction To Actuarial Computing,1,Mathematics,Undergraduate,
MAT 287,Independent Study,1-6,Mathematics,Undergraduate,
MAT 298,Professional Practice:Internship In Mathematics,2-4,Mathematics,Undergraduate,
MAT 299,Independent Honor Study,1-6,Mathematics,Undergraduate,
MAT 302,Teaching Mathematics in the Middle School,4,Mathematics,Undergraduate,
MAT 304,Modern Geometry For Middle School Teachers,4,Mathematics,Undergraduate,
MAT 309,Number Theory for Middle School Teachers,4,Mathematics,Undergraduate,
MAT 312,Probabilistic and Statistical Reasoning for Middle School Teachers,4,Mathematics,Undergraduate,
MAT 314,Concepts of Calculus for Middle School Teachers,4,Mathematics,Undergraduate,
MAT 315,Mathematical Modeling For Middle School Teachers,4,Mathematics,Undergraduate,
MAT 320,History Of Mathematics,3,Mathematics,Undergraduate,
MAT 323,Teaching Mathematics In The Secondary School,3,Mathematics,Undergraduate,
MAT 324,Seminars For Student Teachers Of Mathematics,3,Mathematics,Undergraduate,
MAT 326,Mathematical Problem Solving Using Technology,3,Mathematics,Undergraduate,
MAT 328,Mathematics For Secondary Teacher: A Capstone Experience,3,Mathematics,Undergraduate,
MAT 330,Number Theory,3,Mathematics,Undergraduate,
MAT 336,Advanced Abstract Algebra,3,Mathematics,Undergraduate,
MAT 337,Advanced Linear Algebra,4,Mathematics,Undergraduate,
MAT 338,Topics in Algebra and Related Areas,4,Mathematics,Undergraduate,
MAT 340,Differential Equations I,3,Mathematics,Undergraduate,
MAT 341,Differential Equations II,3,Mathematics,Undergraduate,
MAT 345,Advanced Calculus,4,Mathematics,Undergraduate,
MAT 347,Advanced Real Analysis,4,Mathematics,Undergraduate,
MAT 349,Introduction To Complex Analysis,4,Mathematics,Undergraduate,
MAT 350,Applied Probability Models,4,Mathematics,Undergraduate,
MAT 351,Statistics And Data Analysis,4,Mathematics,Undergraduate,
MAT 352,Probability and Statistical Inference for Educators,4,Mathematics,Undergraduate,
MAT 353,Regression And Time Series Analysis,4,Mathematics,Undergraduate,
MAT 354,Nonparametric Statistics,3,Mathematics,Undergraduate,
MAT 355,Generalized Linear Models And Predictive Modeling,4,Mathematics,Undergraduate,
MAT 356,Statistical Computing,4,Mathematics,Undergraduate,
MAT 361,Topics In Discrete Mathematics,2-4,Mathematics,Undergraduate,
MAT 362,Linear Optimization,4,Mathematics,Undergraduate,
MAT 363,Graph Theory,2-4,Mathematics,Undergraduate,
MAT 380,Actuarial Models I,4,Mathematics,Undergraduate,
MAT 381,Actuarial Models II,4,Mathematics,Undergraduate,
MAT 383,Actuarial Models III,4,Mathematics,Undergraduate,
MAT 384,Actuarial Models IV,4,Mathematics,Undergraduate,
MAT 385,Actuarial Models V,4,Mathematics,Undergraduate,
MAT 390,Independent Study,1-3,Mathematics,Undergraduate,
MAT 399,Student Teaching In Mathematics,1-16,Mathematics,Undergraduate,
MAT 400,Independent Study,1-4,Mathematics,Graduate,
MAT 401,Current Research In School Mathematics,3,Mathematics,Graduate,
MAT 402,Instructional Strategies For The Middle School Teacher,3,Mathematics,Graduate,
MAT 403,Theories Of Mathematics Learning,3,Mathematics,Graduate,
MAT 404,Issues & Trends In School Mathematics,4,Mathematics,Graduate,
MAT 405,Teaching Mathematics in the Middle School,4,Mathematics,Graduate,
MAT 406,Advanced Topics In Assessment In Elementary & Jr High Math,3,Mathematics,Graduate,
MAT 407,Abstract Algebra I,4,Mathematics,Graduate,
MAT 408,The Teaching And Learning Of Rational Numbers,3,Mathematics,Graduate,
MAT 409,Topics In Algebra & Combinatorics For K-8 Teachers,1-3,Mathematics,Graduate,
MAT 410,Topics In Number Theory,3-4,Mathematics,Graduate,
MAT 411,Selected Topics In Advanced Mathematics,3,Mathematics,Graduate,
MAT 412,Modern Geometry For Middle School Teachers,4,Mathematics,Graduate,
MAT 413,Number Theory for Middle School Teachers,4,Mathematics,Graduate,
MAT 414,Probabilistic and Statistical Reasoning for Middle School Teachers,4,Mathematics,Graduate,
MAT 415,Mathematical Modeling For Middle School Teachers,4,Mathematics,Graduate,
MAT 420,History Of Mathematics,3,Mathematics,Graduate,
MAT 421,Topics In Algebra For Teachers,3,Mathematics,Graduate,
MAT 422,Topics In Geometry For Teachers,3,Mathematics,Graduate,
MAT 423,Teaching Mathematics In The Secondary School,3,Mathematics,Graduate,
MAT 426,Mathematical Problem Solving Using Technology,3,Mathematics,Graduate,
MAT 430,Number Theory,3,Mathematics,Graduate,
MAT 436,Advanced Abstract Algebra,3,Mathematics,Graduate,
MAT 437,Advanced Linear Algebra,4,Mathematics,Graduate,
MAT 438,Topics in Algebra and Related Areas,4,Mathematics,Graduate,
MAT 440,Differential Equations I,3,Mathematics,Graduate,
MAT 441,Differential Equations II,3,Mathematics,Graduate,
MAT 442,Quantitative Biomathematics,3,Mathematics,Graduate,
MAT 443,Statistical Learning and Data Mining,3,Mathematics,Graduate,
MAT 445,Advanced Calculus,4,Mathematics,Graduate,
MAT 446,Advanced Real Analysis,4,Mathematics,Graduate,
MAT 447,Real Analysis I,4,Mathematics,Graduate,
MAT 448,Applied Probability Models,4,Mathematics,Graduate,
MAT 449,Introduction To Complex Analysis,4,Mathematics,Graduate,
MAT 450,Finite Sampling,3-4,Mathematics,Graduate,
MAT 451,Statistics And Data Analysis,4,Mathematics,Graduate,
MAT 452,Probability and Statistical Inference for Educators,4,Mathematics,Graduate,
MAT 453,Regression Analysis,3-4,Mathematics,Graduate,
MAT 454,Nonparametric Statistics,3,Mathematics,Graduate,
MAT 455,Applied Stochastic Processes,3-4,Mathematics,Graduate,
MAT 456,Multivariate Statistics,3-4,Mathematics,Graduate,
MAT 457,Regression And Time Series Analysis,4,Mathematics,Graduate,
MAT 458,The Design Of Experiments,3-4,Mathematics,Graduate,
MAT 459,Statistical Computing,4,Mathematics,Graduate,
MAT 460,Generalized Linear Models And Predictive Modeling,4,Mathematics,Graduate,
MAT 461,Advanced Topics In Discrete Mathematics,3-4,Mathematics,Graduate,
MAT 462,Linear Optimization,4,Mathematics,Graduate,
MAT 463,Graph Theory,2-4,Mathematics,Graduate,
MAT 470,Actuarial Models I,4,Mathematics,Graduate,
MAT 471,Topics In Discrete Mathematics,2-4,Mathematics,Graduate,
MAT 473,Actuarial Models III,4,Mathematics,Graduate,
MAT 480,Applications of Actuarial Principles,4,Mathematics,Graduate,
MAT 481,Actuarial Models II,4,Mathematics,Graduate,
MAT 483,Mathematical Models In Finance & Investments,4,Mathematics,Graduate,
MAT 484,Actuarial Models IV,4,Mathematics,Graduate,
MAT 485,Acturarial Models V,4,Mathematics,Graduate,
MAT 490,"Research In Mathematics, Math Ed & Applied Mathematics",1-3,Mathematics,Graduate,
MAT 498,Professional Practice In Mathematics,1-4,Mathematics,Graduate,
MAT 499,Independent Research For The Master's Thesis,1-6,Mathematics,Graduate,
MAT 500,Independent Study,1-4,Mathematics,Graduate,
MAT 580,Mathematical Thinking & Learning,3,Mathematics,Graduate,
MAT 581,Seminar In Research And Development In Mathematics Education,3,Mathematics,Graduate,
MAT 582,History Of Mathematics Education Curriculum,3,Mathematics,Graduate,
MAT 583,Professional Projects In Mathematics Education,3,Mathematics,Graduate,
MAT 585,Topics In Mathematics Education Seminar,1-3,Mathematics,Graduate,
MAT 586,Mathematics Teaching And Teacher Education,3,Mathematics,Graduate,
MAT 599,Dissertation,1-16,Mathematics,Graduate,
MAT 113A01,Elements Of Mathematical Reasoning: With Math Principles,4,Mathematics,Undergraduate,
MAT 489A60,Effective Practices for Teaching Undergraduate Mathematics,1,Mathematics,Graduate,
MAT 499A90,Independent Research For The Master's Thesis Last Term,1,Mathematics,Graduate,
MAT 599A90,Dissertation Final Term,1,Mathematics,Graduate,
MBA 411,Fundamentals of Strategic Decision Making,3,College of Business,Graduate,
MBA 412,Contemporary Business Perspectives & Leadership Skills,3,College of Business,Graduate,
MBA 416,Applied Tools For Business Decision Making,3,College of Business,Graduate,
MBA 421,Analysis Of Organizational Behavior,3,College of Business,Graduate,
MBA 427,Operations And Quality Management,3,College of Business,Graduate,
MBA 430,Advanced Marketing Management,3,College of Business,Graduate,
MBA 440,Financial Management,3,College of Business,Graduate,
MBA 450,Management Accounting,3,College of Business,Graduate,
MBA 485,Advanced Organizational Strategy,3,College of Business,Graduate,
MBA 498,Professional Practice: Intern/Coop Ed in Management,3,Management,Graduate,
MEC 140,Computer-Aided Design and Prototyping,3,Mechanical Engineering,Undergraduate,
MEC 150,Engineering Mechanics - Statics,3,Mechanical Engineering,Undergraduate,
MEC 170,Professional Communication for Mechanical Engineers,1,Mechanical Engineering,Undergraduate,
MEC 180,Mechanical Engineering Codes and Ethics,1,Mechanical Engineering,Undergraduate,
MEC 198,Professional Practice: Internship In Mechanical Engineering,1-3,Mechanical Engineering,Undergraduate,
MEC 210,Mechanics of Materials,3,Mechanical Engineering,Undergraduate,
MEC 220,Fundamentals of Materials Engineering,3,Mechanical Engineering,Undergraduate,
MEC 221,Materials Engineering Laboratory,1,Mechanical Engineering,Undergraduate,
MEC 225,Manufacturing Engineering,3,Mechanical Engineering,Undergraduate,
MEC 230,Engineering Thermodynamics,3,Mechanical Engineering,Undergraduate,
MEC 240,Fluid Mechanics,3,Mechanical Engineering,Undergraduate,
MEC 241,Fluid Mechanics Laboratory,1,Mechanical Engineering,Undergraduate,
MEC 250,Engineering Mechanics - Dynamics,3,Mechanical Engineering,Undergraduate,
MEC 255,Robot Kinematics,3,Mechanical Engineering,Undergraduate,
MEC 260,Numerical and Statistical Methods for Mechanical Engineers,3,Mechanical Engineering,Undergraduate,
MEC 280,Engineering Economics and Project Management,3,Mechanical Engineering,Undergraduate,
MEC 287,Independent Study,1-3,Mechanical Engineering,Undergraduate,
MEC 298,Professional Practice: Internship In Mechanical Engineering,1-3,Mechanical Engineering,Undergraduate,
MEC 299,Independent Honor Study,1-3,Mechanical Engineering,Undergraduate,
MEC 310,Machine Design,3,Mechanical Engineering,Undergraduate,
MEC 315,Finite Element Analysis,3,Mechanical Engineering,Undergraduate,
MEC 325,Fundamentals of Biomechanical Engineering,3,Mechanical Engineering,Undergraduate,
MEC 330,Heat Transfer,3,Mechanical Engineering,Undergraduate,
MEC 331,Heat Transfer Laboratory,1,Mechanical Engineering,Undergraduate,
MEC 335,Energy Engineering and Power Generation Systems,3,Mechanical Engineering,Undergraduate,
MEC 345,Introduction to Combustion,3,Mechanical Engineering,Undergraduate,
MEC 350,Control of Mechanical Engineering Systems,3,Mechanical Engineering,Undergraduate,
MEC 351,Control of Mechanical Engineering Systems Laboratory,1,Mechanical Engineering,Undergraduate,
MEC 355,Vibration Analysis,3,Mechanical Engineering,Undergraduate,
MEC 365,Kinematics of Mechanical Engineering Systems,3,Mechanical Engineering,Undergraduate,
MEC 380,Mechanical Engineering Capstone I,3,Mechanical Engineering,Undergraduate,
MEC 390,Mechanical Engineering Capstone II,3,Mechanical Engineering,Undergraduate,
MEC 398,Professional Practice/Internship in Mechanical Engineering,1-3,Mechanical Engineering,Undergraduate,
MGT 100,Statistical Reasoning,3,Management,Undergraduate,
MGT 120,"Diversity, Inclusion and Equity in the Workplace",3,Management,Undergraduate,
MGT 128,Entrepreneurial Business Fundamentals,3,Management,Undergraduate,
MGT 200,Professional And Career Development,1,Management,Undergraduate,
MGT 220,Business Organization And Management,3,Management,Undergraduate,
MGT 221,Organizational Behavior And Administration,3,Management,Undergraduate,
MGT 223,Introduction To Small Business,3,Management,Undergraduate,
MGT 224,New Venture Creation,3,Management,Undergraduate,
MGT 226,Corporate Entrepreneurship,3,Management,Undergraduate,
MGT 227,Operations Management,3,Management,Undergraduate,
MGT 287,Independent Study,1-6,Management,Undergraduate,
MGT 291,Undergraduate Teaching Experience In Management,1-3,Management,Undergraduate,
MGT 299,Independent Honor Study,1-6,Management,Undergraduate,
MGT 323,Human Resources Management,3,Management,Undergraduate,
MGT 324,Industrial Relations Management,3,Management,Undergraduate,
MGT 326,Small Business Field Studies,3,Management,Undergraduate,
MGT 328,Entrepreneurship And The Arts I,3,Management,Undergraduate,
MGT 330,Management of Projects and Teams,3,Management,Undergraduate,
MGT 335,Operations Analytics - Quality Management,3,Management,Undergraduate,
MGT 340,Seminar In Management,3,Management,Undergraduate,
MGT 349,Cross-Cultural Behavior in Business,3,Management,Undergraduate,
MGT 350,International Management,3,Management,Undergraduate,
MGT 352,Recruitment And Selection,3,Management,Undergraduate,
MGT 354,Compensation Management,3,Management,Undergraduate,
MGT 356,Foundations of Human Resource Development,3,Management,Undergraduate,
MGT 380,Leadership: Teams And Team Development,3,Management,Undergraduate,
MGT 382,Organizational Leadership,3,Management,Undergraduate,
MGT 383,Leading Organizational Change,3,Management,Undergraduate,
MGT 384,Leadership: Decision Making And Problem Solving,3,Management,Undergraduate,
MGT 385,Organizational Strategy,3,Management,Undergraduate,
MGT 386,Leadership & Organizational Culture,3,Management,Undergraduate,
MGT 400,Independent Study,1-4,Management,Graduate,
MGT 424,Industrial Relations Management,3,Management,Graduate,
MGT 430,Project Management Fundamentals,3,Management,Graduate,
MGT 440,Dynamics of Negotiation,3,Management,Graduate,
MGT 449,Cross-Cultural Behavior in Business,3,Management,Graduate,
MGT 454,Compensation Management,3,Management,Graduate,
MGT 456,Foundations of Human Resource Development,3,Management,Graduate,
MGT 482,Organizational Leadership,3,Management,Graduate,
MGT 484,Building High Performance Organizations,3,Management,Graduate,
MGT 498,Professional Practice: Intern/Coop Ed In Management,1-3,Management,Graduate,
MGT 499,Independent Research For The Master's Thesis,1-6,Management,Graduate,
MGT 120A01,"Diversity, Inclusion, & Equity in the Workplace: Multicultural Engagement in Barbados",3,Management,Undergraduate,
MGT 298A01,Professional Practice:Internship/Cooperative Ed In Management,1-6,Management,Undergraduate,
MGT 298A02,Professional Practice:Internship/Coop Ed In Business Administration,1-6,Management,Undergraduate,
MGT 340A11,Management Of Employee Benefits,3,Management,Undergraduate,
MGT 340A14,Entrepreneurship And Innovation,3,Management,Undergraduate,
MGT 340A15,Corporate Social Responsibility,3,Management,Undergraduate,
MGT 398A01,Professional Practice: Internship In Management,1-6,Management,Undergraduate,
MGT 398A02,Professional Practice: Internship/Cooperative Education In Business Administration,1-6,Management,Undergraduate,
MGT 498A01,Professional Practice: Intern/Coop Ed International Business,1-3,Management,Graduate,
MKT 190,Marketing Fundamentals And Career Choices,3,Marketing,Undergraduate,
MKT 230,Introduction To Marketing Management,3,Marketing,Undergraduate,
MKT 231,Buyer Behavior,3,Marketing,Undergraduate,
MKT 232,Marketing Research,3,Marketing,Undergraduate,
MKT 233,Foundations Of Integrated Marketing Communication,3,Marketing,Undergraduate,
MKT 234,Personal Selling And Relationship Marketing,3,Marketing,Undergraduate,
MKT 236,"Business Ethics, Social Responsibility And Sustainability",3,Marketing,Undergraduate,
MKT 241,Foundations of Artificial Intelligence (AI) Applications in Marketing,3,Marketing,Undergraduate,
MKT 245,Introduction To Marketing Analytics,3,Marketing,Undergraduate,
MKT 287,Independent Study,1-6,Marketing,Undergraduate,
MKT 291,Undergraduate Teaching Experience In Marketing,1-3,Marketing,Undergraduate,
MKT 298,Professional Practice:Internship/Cooperative Ed In Marketing,1-6,Marketing,Undergraduate,
MKT 299,Independent Honor Study,1-6,Marketing,Undergraduate,
MKT 310,Marketing Logistics & Supply Chain Management,3,Marketing,Undergraduate,
MKT 311,Marketing & Sales Forecasting,3,Marketing,Undergraduate,
MKT 312,Introduction to Data Management for Marketing Analytics,3,Marketing,Undergraduate,
MKT 324,Advanced Professional Selling & Negotiations,3,Marketing,Undergraduate,
MKT 325,Key Account & Relationship Management,3,Marketing,Undergraduate,
MKT 326,Professional Sales Planning & Analysis,3,Marketing,Undergraduate,
MKT 329,Purchasing Policies And Procedures,3,Marketing,Undergraduate,
MKT 331,Developments In IMC Strategies,3,Marketing,Undergraduate,
MKT 332,Creative Strategy & Design,3,Marketing,Undergraduate,
MKT 333,Integrated Marketing Communication,3,Marketing,Undergraduate,
MKT 334,Sales Management,3,Marketing,Undergraduate,
MKT 335,Retailing Management And Promotion,3,Marketing,Undergraduate,
MKT 338,Strategic Marketing Management,3,Marketing,Undergraduate,
MKT 340,Digital Marketing & Promotion,3,Marketing,Undergraduate,
MKT 345,Advanced Marketing Analytics,3,Marketing,Undergraduate,
MKT 350,International Marketing,3,Marketing,Undergraduate,
MKT 400,Independent Study,1-6,Marketing,Graduate,
MKT 411,Marketing and Sales Forecasting,3,Marketing,Graduate,
MKT 414,Advanced Technologies in Marketing Analytics,3,Marketing,Graduate,
MKT 429,Purchasing Policies And Procedures,3,Marketing,Graduate,
MKT 433,Advanced Integrated Marketing Communication,3,Marketing,Graduate,
MKT 434,Sales Management,3,Marketing,Graduate,
MKT 435,Retailing Management And Promotion,3,Marketing,Graduate,
MKT 436,Strategic Marketing Management,3,Marketing,Graduate,
MKT 440,Brand Management And Analytics,3,Marketing,Graduate,
MKT 445,Advanced Marketing Analytics,3,Marketing,Graduate,
MKT 498,Professional Practice: Marketing,1-6,Marketing,Graduate,
MKT 499,Independent Research For The Master's Thesis,1-6,Marketing,Graduate,
MKT 339A05,Seminar: Services Marketing,3,Marketing,Undergraduate,
MKT 339A13,Seminar in Marketing: Brand Management and Analytics,3,Marketing,Undergraduate,
MKT 339A14,Seminar In Marketing: Sport Marketing,3,Marketing,Undergraduate,
MKT 398A01,Professional Practice: Internship/Cooperative Ed In Marketing,1-6,Marketing,Undergraduate,
MKT 398A02,Professional Practice:Internship/Cooperative Ed In Marketing,1-6,Marketing,Undergraduate,
MKT 398A03,Professional Practice: Intern/Cooperative Ed Professional Sales,1-6,Marketing,Undergraduate,
MKT 398A04,Professional Practice: Intern/Coop Ed Integrated Marketing Commun,1-6,Marketing,Undergraduate,
MKT 398A05,Professional Practice: Internship/CoOp Ed in Advanced Marketing Analytics,1-6,Marketing,Undergraduate,
MKT 439A15,New Product Design And Development,3,Marketing,Graduate,
MSC 101,"Introduction To Military Science, US Defense Establishment",1,Military Science,Undergraduate,
MSC 102,Introduction To Leadership:Teamwork,1,Military Science,Undergraduate,
MSC 111,Applied Leadership II,2,Military Science,Undergraduate,
MSC 112,Applied Leadership,2,Military Science,Undergraduate,
MSC 146,Military Physical Conditioning,1,Military Science,Undergraduate,
MSC 200,Leadership Laboratory,0,Military Science,Undergraduate,
MSC 220,Advanced Leadership And Tactics I,3,Military Science,Undergraduate,
MSC 221,Advanced Leadership And Tactics II,3,Military Science,Undergraduate,
MSC 240,Advanced Applied Leadership I,3,Military Science,Undergraduate,
MSC 241,Advanced Applied Leadership II,3,Military Science,Undergraduate,
MSC 242,Leadership Development Assessment,6,Military Science,Undergraduate,
MSC 287,Independent Study,1-6,Military Science,Undergraduate,
MSC 299,Independent Honor Study,1-6,Military Science,Undergraduate,
MUS 100,Introduction to Music Studies,1,Music,Undergraduate,
MUS 101,Music Theory I,2,Music,Undergraduate,
MUS 102,Music Theory II,2,Music,Undergraduate,
MUS 104,Group Instruction In Brass,1,Music,Undergraduate,
MUS 105,Group Instruction In Strings,1,Music,Undergraduate,
MUS 107,Group Instruction In Basic Musicianship I,1,Music,Undergraduate,
MUS 108,Group Instruction In Basic Musicianship II,1,Music,Undergraduate,
MUS 110,Recital Attendance,0,Music,Undergraduate,
MUS 114,Percussion Methods for Music Therapy,1,Music,Undergraduate,
MUS 115,Group Instruction In Single Reed Instruments/Flute,1,Music,Undergraduate,
MUS 116,Group Instruction In Double Reed Instruments,1,Music,Undergraduate,
MUS 117,Group Instruction In Percussion (Music Education),1,Music,Undergraduate,
MUS 118,Beginning Guitar,2,Music,Undergraduate,
MUS 119,Intermediate Guitar,2,Music,Undergraduate,
MUS 121,Group Instruction In Piano,2,Music,Undergraduate,
MUS 122,Group Instruction In Piano,1,Music,Undergraduate,
MUS 124,Jazz Improvisation and Pedagogy Lab,1,Music,Undergraduate,
MUS 126,Group Instruction In Voice,2,Music,Undergraduate,
MUS 127,Introduction to Diction: The International Phonetic Alphabet (IPA),2,Music,Undergraduate,
MUS 133,Applied Music: Electronic Instruments,2-3,Music,Undergraduate,
MUS 134,Applied Music (Percussion),2-3,Music,Undergraduate,
MUS 135,Applied Music (Piano),2-3,Music,Undergraduate,
MUS 137,Applied Music (Voice),2-3,Music,Undergraduate,
MUS 140,Conducting and Song Leading Methods for Music Therapy,2,Music,Undergraduate,
MUS 148,Guitar Methods for Music Therapy I,1,Music,Undergraduate,
MUS 149,Guitar Methods for Music Therapy II,1,Music,Undergraduate,
MUS 152,Experiencing Music,3,Music,Undergraduate,
MUS 153,Black Music I,3,Music,Undergraduate,
MUS 154,Black Music II,3,Music,Undergraduate,
MUS 155,The Orchestra Explored: From Haydn to Hollywood,3,Music,Undergraduate,
MUS 156,American Music as Cultural History,3,Music,Undergraduate,
MUS 157,History Of Jazz,3,Music,Undergraduate,
MUS 158,"Hip-Hop: Culture, History, and Practice",3,Music,Undergraduate,
MUS 159,Survey of Rock and Popular Music,3,Music,Undergraduate,
MUS 161,Marching Band Techniques,2,Music,Undergraduate,
MUS 162,Introduction To Instrumental Instruction,2,Music,Undergraduate,
MUS 165,Opera and Stage Performance Workshop,1,Music,Undergraduate,
MUS 167,Basic Conducting,2,Music,Undergraduate,
MUS 175,Introduction To The Music Industry,3,Music,Undergraduate,
MUS 182,Symphony Orchestra (Strings),1,Music,Undergraduate,
MUS 184,Concert Choir,1,Music,Undergraduate,
MUS 185,University Glee,1,Music,Undergraduate,
MUS 186,Treble Choral Ensemble,1,Music,Undergraduate,
MUS 187,Lab Ensemble,0,Music,Undergraduate,
MUS 188,Civic Chorale,1,Music,Undergraduate,
MUS 194,Principles Of Music Therapy,3,Music,Undergraduate,
MUS 195,Introduction To Music Education,2,Music,Undergraduate,
MUS 201,Music Theory III,2,Music,Undergraduate,
MUS 205,Composition,2,Music,Undergraduate,
MUS 207,Group Instruction In Basic Musicianship III,1,Music,Undergraduate,
MUS 213,Jazz-Rock Aural Skills,1,Music,Undergraduate,
MUS 214,Transcription,1,Music,Undergraduate,
MUS 215,Guitar Fingerboard Harmony,2,Music,Undergraduate,
MUS 217,Foundations of Music Teaching and Learning (General Music I),2,Music,Undergraduate,
MUS 218,Jazz Improvisation I,2,Music,Undergraduate,
MUS 219,Advanced Sight Singing,1,Music,Undergraduate,
MUS 220,Analysis Through Composition,2,Music,Undergraduate,
MUS 221,Advanced Chromaticism and Contemporary Analytic Techniques,2,Music,Undergraduate,
MUS 222,Theoretical Foundations Of Jazz And Rock Music,2,Music,Undergraduate,
MUS 223,Music Industry II,3,Music,Undergraduate,
MUS 226,Foreign Language Diction for Singers - Italian/German,2,Music,Undergraduate,
MUS 227,Foreign Language Diction for Singers: French,2,Music,Undergraduate,
MUS 228,Jazz Improvisation II,2,Music,Undergraduate,
MUS 230,Seminar for Pre-Student Teachers,0,Music,Undergraduate,
MUS 233,Applied Music (Advanced Electronic Instruments),2-3,Music,Undergraduate,
MUS 234,Applied Music (Advanced Percussion),2-3,Music,Undergraduate,
MUS 235,Applied Music (Advanced Piano),2-3,Music,Undergraduate,
MUS 237,Applied Music (Advanced Voice),2-3,Music,Undergraduate,
MUS 240,Accompanying,1,Music,Undergraduate,
MUS 241,"Text, Music, and Meaning",3,Music,Undergraduate,
MUS 253,Western Art Music History Until 1825,3,Music,Undergraduate,
MUS 254,Western Art Music History Since 1825,3,Music,Undergraduate,
MUS 261,Secondary Teaching Methods: Band,2,Music,Undergraduate,
MUS 262,Foundations of Music Teaching and Learning (General Music II),2,Music,Undergraduate,
MUS 264,Music Production in the Classroom,3,Music,Undergraduate,
MUS 265,Opera and Stage Performance Workshop,1,Music,Undergraduate,
MUS 267,Secondary Teaching Methods-Choral,2,Music,Undergraduate,
MUS 268,Intermediate Conducting: Choral,2,Music,Undergraduate,
MUS 269,Intermediate Conducting: Instrumental,2,Music,Undergraduate,
MUS 271,Secondary Teaching Methods:Strings,2,Music,Undergraduate,
MUS 274,"Elem/MS Teaching Methods: Band, Choir, Strings",2,Music,Undergraduate,
MUS 275,World Arts: Music,3,Music,Undergraduate,
MUS 277,Arts For Elementary Schools:Music,3,Music,Undergraduate,
MUS 278,Arts Integration in Early Childhood and Elementary Education: Music Focus,3,Music,Undergraduate,
MUS 282,Symphony Orchestra: Strings,1,Music,Undergraduate,
MUS 284,Concert Choir,1,Music,Undergraduate,
MUS 285,University Glee,1,Music,Undergraduate,
MUS 286,Treble Choral Ensemble,1,Music,Undergraduate,
MUS 287,Independent Study,1-6,Music,Undergraduate,
MUS 288,Civic Chorale,1,Music,Undergraduate,
MUS 291,Undergraduate Teaching Experience In Music,1-3,Music,Undergraduate,
MUS 294,Music Therapy Process and Design,3,Music,Undergraduate,
MUS 299,Independent Honor Study,1-6,Music,Undergraduate,
MUS 303,Counterpoint,3,Music,Undergraduate,
MUS 304,Orchestration,3,Music,Undergraduate,
MUS 305,Topics in Music Analysis,3,Music,Undergraduate,
MUS 322,Functional Skills for Keyboard Majors,2,Music,Undergraduate,
MUS 325,Advanced Jazz Improvisation I,2,Music,Undergraduate,
MUS 326,Advanced Jazz Improvisation II,2,Music,Undergraduate,
MUS 327,Jazz Arranging,2,Music,Undergraduate,
MUS 340,Influence Of Music Upon Behavior,3,Music,Undergraduate,
MUS 341,Music In Therapy,3,Music,Undergraduate,
MUS 342,Research Project in Music Theory,2,Music,Undergraduate,
MUS 347,Scoring for Media,3,Music,Undergraduate,
MUS 350,30-Minute Recital,0,Music,Undergraduate,
MUS 351,60-Minute Recital,0,Music,Undergraduate,
MUS 352,Music Career Practices,1,Music,Undergraduate,
MUS 355,Music Genres,3,Music,Undergraduate,
MUS 356,Music And Societies,3,Music,Undergraduate,
MUS 360,Introduction To Psychomusicology,3,Music,Undergraduate,
MUS 371,Teaching Music to Diverse Learners,3,Music,Undergraduate,
MUS 394,Musical Styles and Contexts Of The Classical Period,3,Music,Undergraduate,
MUS 395,Musical Styles Of The Romantic Period,3,Music,Undergraduate,
MUS 396,Musical Styles Since 1900,3,Music,Undergraduate,
MUS 398,Professional Practice: Clinical Internship In Music Therapy,1,Music,Undergraduate,
MUS 399,Student Teaching In Music,1-16,Music,Undergraduate,
MUS 400,Independent Study,1-4,Music,Graduate,
MUS 402,Current Analytical Techniques,3,Music,Graduate,
MUS 403,Counterpoint,3,Music,Graduate,
MUS 404,Orchestration,3,Music,Graduate,
MUS 405,Composition,3,Music,Graduate,
MUS 407,Analysis For Performers,3,Music,Graduate,
MUS 408,Topics in Music Analysis,3-6,Music,Graduate,
MUS 415,Advanced Jazz Improvisation I,2,Music,Graduate,
MUS 416,Advanced Jazz Improvisation II,2,Music,Graduate,
MUS 417,Jazz Arranging,2,Music,Graduate,
MUS 419,Teaching Music to Diverse Learners,3,Music,Graduate,
MUS 420,Pedagogy & Literature,2-4,Music,Graduate,
MUS 423,Functional Keyboard Skills,2,Music,Graduate,
MUS 425,Group Piano Pedagogy,3,Music,Graduate,
MUS 426,Advanced Foreign Language Diction for Singers: Italian and German,2,Music,Graduate,
MUS 427,Advanced Foreign Language Diction for Singers: French,2,Music,Graduate,
MUS 430,Applied Conducting,2-3,Music,Graduate,
MUS 434,Applied Music: Percussion,2-3,Music,Graduate,
MUS 435,Applied Music: Piano,2-3,Music,Graduate,
MUS 437,Applied Music-Voice,2-3,Music,Graduate,
MUS 440,Applied Piano Accompanying,2-3,Music,Graduate,
MUS 442,Current Trends & Issues In Music Therapy,3,Music,Graduate,
MUS 443,Music Therapy in Mental Health Settings,3,Music,Graduate,
MUS 444,"Music Therapy Teaching, Administration & Supervision",2,Music,Graduate,
MUS 447,Scoring for Media,3,Music,Graduate,
MUS 452,Issues in Music Since 1950,3,Music,Graduate,
MUS 455,Music Genres,3-9,Music,Graduate,
MUS 456,Music and Societies,3-6,Music,Graduate,
MUS 457,Music Research: Sources And Methods,3,Music,Graduate,
MUS 459,Application Of Systematic Research Methods To Music,3,Music,Graduate,
MUS 464,Music Production in the Classroom,2,Music,Graduate,
MUS 465,Opera and Stage Performance Workshop,1,Music,Graduate,
MUS 470,Foundations Of American Music Education,3,Music,Graduate,
MUS 471,Measuring And Evaluating Music Behavior,2,Music,Graduate,
MUS 472,Significant Developments In Music Education Curricula,3,Music,Graduate,
MUS 473,Psychology Of Music Learning,3,Music,Graduate,
MUS 474,Theory Pedagogy for Educators,3,Music,Graduate,
MUS 475,Final Project in String Pedagogy,2,Music,Graduate,
MUS 478,Musical Styles of the Romantic Period,3,Music,Graduate,
MUS 479,Musical Styles Since 1900,3,Music,Graduate,
MUS 482,Symphony Orchestra (Strings),1,Music,Graduate,
MUS 483,Chamber Wind Ensemble,1,Music,Graduate,
MUS 484,Concert Choir,1,Music,Graduate,
MUS 486,Treble Choral Ensemble,1,Music,Graduate,
MUS 487,Ensemble Accompanying,1,Music,Graduate,
MUS 488,Civic Chorale,1,Music,Graduate,
MUS 494,Musical Styles and Contexts Of The Classical Period,3,Music,Graduate,
MUS 495,Practicum In Conducting,2,Music,Graduate,
MUS 496,Graduate Recital,1,Music,Graduate,
MUS 499,Independent Research For The Master's Thesis,1-6,Music,Graduate,
MUS 100A01,Introduction to Music Studies: Theory and Collegiate Life,1,Music,Undergraduate,
MUS 100A02,Introduction to Music Studies: Music Literature,1,Music,Undergraduate,
MUS 110A02,Recital Attendance: Makeup 1,0,Music,Undergraduate,
MUS 110A03,Recital Attendance: Makeup 2,0,Music,Undergraduate,
MUS 121A10,Group Piano Non-Majors Level I,2,Music,Undergraduate,
MUS 121A20,Beginning Piano II,2,Music,Undergraduate,
MUS 122A10,Group Instruction In Piano: Level I Music Majors,1,Music,Undergraduate,
MUS 122A20,Group Instruction In Piano: Level II Music Majors,1,Music,Undergraduate,
MUS 122A30,Group Instruction In Piano: Level III Music Majors,1,Music,Undergraduate,
MUS 122A40,Group Instruction In Piano: Level IV Music Majors,1,Music,Undergraduate,
MUS 122A60,Group Instruction in Piano: Jazz,1,Music,Undergraduate,
MUS 131A10,Applied Music (Trumpet-Cornet),2-3,Music,Undergraduate,
MUS 131A20,Applied Music (French Horn),2-3,Music,Undergraduate,
MUS 131A30,Applied Music (Euphonium),2-3,Music,Undergraduate,
MUS 131A50,Applied Music (Trombone),2-3,Music,Undergraduate,
MUS 131A70,Applied Music (Tuba),2-3,Music,Undergraduate,
MUS 136A10,Applied Music (Violin),2-3,Music,Undergraduate,
MUS 136A30,Applied Music (Viola),2-3,Music,Undergraduate,
MUS 136A50,Applied Music (Cello),2-3,Music,Undergraduate,
MUS 136A70,Applied Music (String Bass),2-3,Music,Undergraduate,
MUS 136A80,Applied Music (Guitar),2-3,Music,Undergraduate,
MUS 138A10,Applied Music (Flute),2-3,Music,Undergraduate,
MUS 138A20,Applied Music (Clarinet),2-3,Music,Undergraduate,
MUS 138A30,Applied Music (Saxophone),2-3,Music,Undergraduate,
MUS 138A50,Applied Music (Oboe),2-3,Music,Undergraduate,
MUS 138A60,Applied Music (Bassoon),2-3,Music,Undergraduate,
MUS 138A70,Applied Music (Jazz),2-3,Music,Undergraduate,
MUS 139A20,Ensembles Percussion,1,Music,Undergraduate,
MUS 139A21,African Drumming And Dance Ensemble,1,Music,Undergraduate,
MUS 139A40,Ensemble: Chamber Music,1,Music,Undergraduate,
MUS 139A45,Ensemble: Baroque Chamber Music,1,Music,Undergraduate,
MUS 139A50,Ensemble: Musical Theater Pit,1,Music,Undergraduate,
MUS 139A70,Ensemble (Jazz),1,Music,Undergraduate,
MUS 139A75,Jazz Combo,1,Music,Undergraduate,
MUS 139A85,Ensemble (Guitar),1,Music,Undergraduate,
MUS 167A02,Basic Conducting: for Instrumental Music Education Majors,2,Music,Undergraduate,
MUS 167A03,Basic Conducting: for Non-Music Education Majors,2,Music,Undergraduate,
MUS 181A01,Marching Band,1,Music,Undergraduate,
MUS 181A02,Pep Band,1,Music,Undergraduate,
MUS 181A03,University Band,1,Music,Undergraduate,
MUS 181A05,Wind Symphony,1,Music,Undergraduate,
MUS 181A06,Symphonic Winds,1,Music,Undergraduate,
MUS 181A07,Symphonic Band,1,Music,Undergraduate,
MUS 181A08,Big Red Marching Machine Drum-Line and Auxiliaries,1,Music,Undergraduate,
MUS 181A09,Basketball Drum-Line and Auxiliaries,1,Music,Undergraduate,
MUS 182A02,Symphony Orchestra (Winds And Percussion),1,Music,Undergraduate,
MUS 186A01,Treble Choir,1,Music,Undergraduate,
MUS 186A02,Belle Voix,1,Music,Undergraduate,
MUS 193A01,Jazz Improvisation Lab,1,Music,Undergraduate,
MUS 205A01,Composition:Level I,2,Music,Undergraduate,
MUS 205A02,Composition:Level II,2,Music,Undergraduate,
MUS 231A10,Applied Music (Advanced Trumpet-Cornet),2-3,Music,Undergraduate,
MUS 231A20,Applied Music (Advanced French Horn),2-3,Music,Undergraduate,
MUS 231A30,Applied Music (Advanced Euphonium),2-3,Music,Undergraduate,
MUS 231A50,Applied Music (Advanced Trombone),2-3,Music,Undergraduate,
MUS 231A70,Applied Music (Advanced Tuba),2-3,Music,Undergraduate,
MUS 236A10,Applied Music (Advanced Violin),2-3,Music,Undergraduate,
MUS 236A30,Applied Music (Advanced Viola),2-3,Music,Undergraduate,
MUS 236A50,Applied Music (Advanced Cello),2-3,Music,Undergraduate,
MUS 236A70,Applied Music (Advanced String Bass),2-3,Music,Undergraduate,
MUS 236A80,Applied Music (Advanced Guitar),2-3,Music,Undergraduate,
MUS 238A10,Applied Music (Advanced Flute),2-3,Music,Undergraduate,
MUS 238A20,Applied Music (Advanced Clarinet),2-3,Music,Undergraduate,
MUS 238A30,Applied Music (Advanced Saxophone),2-3,Music,Undergraduate,
MUS 238A50,Applied Music (Advanced Oboe),2-3,Music,Undergraduate,
MUS 238A60,Applied Music (Advanced Bassoon),2-3,Music,Undergraduate,
MUS 238A70,Applied Music (Jazz),2-3,Music,Undergraduate,
MUS 239A20,Ensemble (Advanced-Percussion),1,Music,Undergraduate,
MUS 239A21,Ensemble (African Drumming And Dance),1,Music,Undergraduate,
MUS 239A40,Ensemble: Chamber Music,1,Music,Undergraduate,
MUS 239A45,Ensemble: Baroque Chamber Music,1,Music,Undergraduate,
MUS 239A50,Ensemble: Musical Theater Pit,1,Music,Undergraduate,
MUS 239A55,Ensemble: Traditional American Music,1,Music,Undergraduate,
MUS 239A70,Ensemble (Jazz),1,Music,Undergraduate,
MUS 239A75,Jazz Combo,1,Music,Undergraduate,
MUS 239A85,Ensemble (Guitar),1,Music,Undergraduate,
MUS 275A01,World Arts: Music - Music Majors,3,Music,Undergraduate,
MUS 281A01,Marching Band,1,Music,Undergraduate,
MUS 281A02,Pep Band,1,Music,Undergraduate,
MUS 281A03,University Band,1,Music,Undergraduate,
MUS 281A05,Wind Symphony,1,Music,Undergraduate,
MUS 281A06,Symphonic Winds,1,Music,Undergraduate,
MUS 281A07,Symphonic Band,1,Music,Undergraduate,
MUS 281A08,Big Red Marching Machine Drum-Line and Auxiliaries,1,Music,Undergraduate,
MUS 281A09,Basketball Drum-Line and Auxiliaries,1,Music,Undergraduate,
MUS 282A02,Symphony Orchestra: Winds And Percussion,1,Music,Undergraduate,
MUS 286A01,Treble Choir,1,Music,Undergraduate,
MUS 286A02,Belle Voix,1,Music,Undergraduate,
MUS 298A01,Professional Practice: Music Therapy Practicum,1,Music,Undergraduate,
MUS 298A03,Professional Practice :Music Business,1-6,Music,Undergraduate,
MUS 330A10,Pedagogy And Literature: Brass,2,Music,Undergraduate,
MUS 330A40,Pedagogy And Literature: Percussion,2,Music,Undergraduate,
MUS 330A51,Pedagogy And Literature: Piano Pedagogy,2,Music,Undergraduate,
MUS 330A52,Pedagogy And Literature: Piano Literature,2,Music,Undergraduate,
MUS 330A60,Pedagogy And Literature: Heterogeneous Strings,2,Music,Undergraduate,
MUS 330A61,Pedagogy And Literature: Violin,2,Music,Undergraduate,
MUS 330A62,Pedagogy And Literature: Viola,2,Music,Undergraduate,
MUS 330A63,Pedagogy And Literature: Cello,2,Music,Undergraduate,
MUS 330A64,Pedagogy And Literature: Bass,2,Music,Undergraduate,
MUS 330A70,Pedagogy And Literature: Voice,2,Music,Undergraduate,
MUS 330A80,Pedagogy And Literature: Woodwinds,2,Music,Undergraduate,
MUS 330A85,Pedagogy And Literature: Guitar,2,Music,Undergraduate,
MUS 352A01,Music Career Practices: The Healthy Musician,1,Music,Undergraduate,
MUS 352A02,Music Career Practices: The Working Musician,1,Music,Undergraduate,
MUS 355A01,Music Genres: Symphonic Music,3,Music,Undergraduate,
MUS 355A02,Music Genres: Opera,3,Music,Undergraduate,
MUS 355A03,Music Genres: Chamber Music,3,Music,Undergraduate,
MUS 355A04,Music Genres: Choral Music,3,Music,Undergraduate,
MUS 355A05,Music Genres: Art Song,3,Music,Undergraduate,
MUS 355A06,Music Genres: Jazz,3,Music,Undergraduate,
MUS 356A01,Music And Societies: Introduction to Ethnomusicology,3,Music,Undergraduate,
MUS 356A02,Music And Societies:Women In Music,3,Music,Undergraduate,
MUS 356A03,Music and Societies: Musical Instruments as Cultural Artifacts,3,Music,Undergraduate,
MUS 356A04,Black Music: From Africa to Afrofuturism,3,Music,Undergraduate,
MUS 408A01,Topics in Music Analysis: Music from 1860-1944,3-6,Music,Graduate,
MUS 408A02,Topics in Music Analysis: Music from 1945-present,3-6,Music,Graduate,
MUS 420A10,Pedagogy & Literature: Brass,2,Music,Graduate,
MUS 420A40,Pedagogy and Literature: Percussion,2,Music,Graduate,
MUS 420A51,Pedagogy And Literature: Piano Pedagogy,2,Music,Graduate,
MUS 420A52,Pedagogy and Literature: Piano Literature,2,Music,Graduate,
MUS 420A60,Pedagogy and Literature: Heterogeneous Strings,2,Music,Graduate,
MUS 420A61,Pedagogy and Literature: Violin,2,Music,Graduate,
MUS 420A62,Pedagogy and Literature: Viola,2,Music,Graduate,
MUS 420A63,Pedagogy and Literature: Cello,2,Music,Graduate,
MUS 420A64,Pedagogy and Literature: Double Bass,2,Music,Graduate,
MUS 420A70,Pedagogy and Literature: Voice,2,Music,Graduate,
MUS 420A80,Pedagogy and Literature: Woodwinds,2,Music,Graduate,
MUS 420A85,Pedagogy and Literature: Guitar,2,Music,Graduate,
MUS 422A01,Music Career Practices: The Healthy Musician,1,Music,Graduate,
MUS 431A10,Applied Music (Trumpet-Cornet),2-3,Music,Graduate,
MUS 431A20,Applied Music (French Horn),2-3,Music,Graduate,
MUS 431A30,Applied Music (Euphonium),2-3,Music,Graduate,
MUS 431A50,Applied Music (Trombone),2-3,Music,Graduate,
MUS 431A70,Applied Music (Tuba),2-3,Music,Graduate,
MUS 436A10,Applied Music (Violin),2-3,Music,Graduate,
MUS 436A30,Applied Music (Viola),2-3,Music,Graduate,
MUS 436A50,Applied Music (Cello),2-3,Music,Graduate,
MUS 436A70,Applied Music (String Bass),2-3,Music,Graduate,
MUS 436A80,Applied Music (Guitar),2-3,Music,Graduate,
MUS 438A10,Applied Music: Flute,2-3,Music,Graduate,
MUS 438A20,Applied Music: Clarinet,2-3,Music,Graduate,
MUS 438A30,Applied Music: Saxophone,2-3,Music,Graduate,
MUS 438A50,Applied Music: Oboe,2-3,Music,Graduate,
MUS 438A60,Applied Music: Bassoon,2-3,Music,Graduate,
MUS 438A70,Applied Music: Jazz,2-3,Music,Graduate,
MUS 439A20,Ensemble Percussion,1,Music,Graduate,
MUS 439A21,Ensemble: African Drumming And Dance,1,Music,Graduate,
MUS 439A26,Ensemble: Experimental Music,1,Music,Graduate,
MUS 439A40,Ensemble: Chamber Music,1,Music,Graduate,
MUS 439A45,Ensemble: Baroque Chamber Music,1,Music,Graduate,
MUS 439A50,Ensemble: Musical Theater Pit,1,Music,Graduate,
MUS 439A55,Ensemble: Traditional American Music,1,Music,Graduate,
MUS 439A70,Ensemble: Jazz,1,Music,Graduate,
MUS 439A75,Jazz Combo,1,Music,Graduate,
MUS 439A85,Ensemble: Guitar,1,Music,Graduate,
MUS 455A01,Music Genres: Symphonic Music,3,Music,Graduate,
MUS 455A02,Music Genres: Opera,3,Music,Graduate,
MUS 455A03,Music Genres: Chamber Music,3,Music,Graduate,
MUS 455A04,Music Genres: Choral Music,3,Music,Graduate,
MUS 455A05,Music Genres: Art Song,3,Music,Graduate,
MUS 455A06,Music Genres: Jazz,3,Music,Graduate,
MUS 456A01,Music and Societies: Introduction to Ethnomusicology,3,Music,Graduate,
MUS 456A02,Music and Societies: Women in Music,3,Music,Graduate,
MUS 456A03,Music and Societies: Musical Instruments as Cultural Artifacts,3,Music,Graduate,
MUS 456A04,"Music and Societies: Race, Gender, and Identity in American Music",3,Music,Graduate,
MUS 481A01,Marching Band,1,Music,Graduate,
MUS 481A03,University Band,1,Music,Graduate,
MUS 481A05,Wind Symphony,1,Music,Graduate,
MUS 481A06,Symphonic Winds,1,Music,Graduate,
MUS 481A07,Symphonic Band,1,Music,Graduate,
MUS 481A08,Big Red Marching Machine Drum-Line and Auxiliaries,1,Music,Graduate,
MUS 481A09,Basketball Drum-Line and Auxiliaries,1,Music,Graduate,
MUS 482A02,Symphony Orchestra (Winds And Percussion),1,Music,Graduate,
MUS 486A02,Belle Voix,1,Music,Graduate,
MUS 493A21,Current Issues In Music Education,1-3,Music,Graduate,
MUS 493A22,Choral Techniques and Literature,1-2,Music,Graduate,
MUS 498A01,Professional Practice In Music Education,1-3,Music,Graduate,
MUS 498A02,Professional Practice:Music Therapy Internship,1,Music,Graduate,
MUS 498A04,Professional Practice:Music Performance,1-6,Music,Graduate,
MUS 498A05,Professional Practice in String Pedagogy,2,Music,Graduate,
MUS 498A10,Professional Practice:Music Therapy Supervision,1,Music,Graduate,
MUS 498A12,Professional Practice:Music Therapy Clinical Project,3,Music,Graduate,
MUS 498A90,Professional Practice:Music Final Year,1-6,Music,Graduate,
MUS 499A90,Independent Research For The Master's Thesis - Last Term,1-5,Music,Graduate,
NUR 138,Statistical Analysis and Reasoning in Nursing,3,Mennonite College of Nursing,Undergraduate,
NUR 222,Psychomotor Skills For Nursing,3,Mennonite College of Nursing,Undergraduate,
NUR 223,Concepts Of Professional Nursing I: RN To BSN,4,Mennonite College of Nursing,Undergraduate,
NUR 224,Contemporary Professional Nursing,1,Mennonite College of Nursing,Undergraduate,
NUR 225,Health Assessment Of The Adult,4,Mennonite College of Nursing,Undergraduate,
NUR 226,Concepts Of Professional Nursing II: RN To BSN,3,Mennonite College of Nursing,Undergraduate,
NUR 227,Health Assessment Across The Life Span: RN To BSN,3,Mennonite College of Nursing,Undergraduate,
NUR 229,Adult Nursing I,6,Mennonite College of Nursing,Undergraduate,
NUR 231,Adult Nursing II,7,Mennonite College of Nursing,Undergraduate,
NUR 236,Research For Professional Nursing Practice: RN To BSN,3,Mennonite College of Nursing,Undergraduate,
NUR 237,Cultural And Spiritual Dimensions In Healthcare:Prelicensure,1,Mennonite College of Nursing,Undergraduate,
NUR 238,Cultural And Spiritual Dimensions In Healthcare: RN To BSN,1,Mennonite College of Nursing,Undergraduate,
NUR 239,Pathophysiology & Pharmacotherapeutics Nursing I:Prelicensure,3,Mennonite College of Nursing,Undergraduate,
NUR 240,Pathophysiology & Pharmacotherapeutics In Nursing I: RN To BSN,3,Mennonite College of Nursing,Undergraduate,
NUR 287,Independent Study,1-6,Mennonite College of Nursing,Undergraduate,
NUR 299,Independent Honor Study In Nursing,1-6,Mennonite College of Nursing,Undergraduate,
NUR 313,International Studies In Transcultural Nursing,1-3,Mennonite College of Nursing,Undergraduate,
NUR 314,Psychiatric And Mental Health Nursing,4,Mennonite College of Nursing,Undergraduate,
NUR 316,Maternal Infant Nursing,4,Mennonite College of Nursing,Undergraduate,
NUR 317,Nursing Care Of Children,4,Mennonite College of Nursing,Undergraduate,
NUR 325,Adult Nursing III,7,Mennonite College of Nursing,Undergraduate,
NUR 326,Gerontological Nursing,2,Mennonite College of Nursing,Undergraduate,
NUR 327,Leadership Dimensions Of Nursing,5,Mennonite College of Nursing,Undergraduate,
NUR 329,Public Health Nursing: Prelicensure,4,Mennonite College of Nursing,Undergraduate,
NUR 330,Public Health Nursing: RN To BSN,5,Mennonite College of Nursing,Undergraduate,
NUR 336,Research And Theory For Evidence-Based Practice,3,Mennonite College of Nursing,Undergraduate,
NUR 339,Pathophysiology & Pharmacotherapeutics Nursing II:Prelicensure,3,Mennonite College of Nursing,Undergraduate,
NUR 340,Pathophysiology & Pharmacotherapeutics In Nursing II: RN To BSN,3,Mennonite College of Nursing,Undergraduate,
NUR 341,Leadership Dimensions: In Professional Nursing: RN To BSN,6,Mennonite College of Nursing,Undergraduate,
NUR 390,Student Success Senior Seminar,1,Mennonite College of Nursing,Undergraduate,
NUR 400,Independent Study,1-4,Mennonite College of Nursing,Graduate,
NUR 401,Theoretical Foundations Of Nursing And Health Care,3,Mennonite College of Nursing,Graduate,
NUR 403,Professional Roles And Issues In Health Care,3,Mennonite College of Nursing,Graduate,
NUR 405,Epidemiology And Aggregate Based Health Promotion,3,Mennonite College of Nursing,Graduate,
NUR 407,Scientific Inquiry & Research Design In Nursing & Health Care,3,Mennonite College of Nursing,Graduate,
NUR 409,Understanding Statistics,3,Mennonite College of Nursing,Graduate,
NUR 410,Fundamentals of Biostatistics for Public Health,3,Mennonite College of Nursing,Graduate,
NUR 416,The School Nurse as Educator,4,Mennonite College of Nursing,Graduate,
NUR 417,Theoretical Foundations of School Health,3,Mennonite College of Nursing,Graduate,
NUR 418,Practicum in School Nursing,3,Mennonite College of Nursing,Graduate,
NUR 420,Psychopharmacology,3,Mennonite College of Nursing,Graduate,
NUR 421,Psychotherapeutics for Advanced Psychiatric Mental Health Nursing,3,Mennonite College of Nursing,Graduate,
NUR 422,Advanced Psychiatric Mental Health Nursing Practice I,7,Mennonite College of Nursing,Graduate,
NUR 423,Advanced Psychiatric Mental Health Nursing Practice II,7,Mennonite College of Nursing,Graduate,
NUR 424,Advanced Psychiatric Mental Health Nursing Practice III,4,Mennonite College of Nursing,Graduate,
NUR 425,Organizational Experience,1-5,Mennonite College of Nursing,Graduate,
NUR 431,Diagnostic Reasoning For Advanced Nursing Practice,3,Mennonite College of Nursing,Graduate,
NUR 433,Pharmacotherapeutics For Advanced Practice Nursing,3,Mennonite College of Nursing,Graduate,
NUR 437,Pathophysiologic Bases Of Health Deviation,3,Mennonite College of Nursing,Graduate,
NUR 451,Financial And Resource Management Of Health Systems,3,Mennonite College of Nursing,Graduate,
NUR 453,Organizational Behavior In Health Care Systems,3,Mennonite College of Nursing,Graduate,
NUR 471,Family Nurse Practitioner I:Primary Care,5,Mennonite College of Nursing,Graduate,
NUR 473,Family Nurse Practitioner II:Family,5,Mennonite College of Nursing,Graduate,
NUR 475,Family Nurse Practitioner III: Populations,7,Mennonite College of Nursing,Graduate,
NUR 477,Family Nurse Practitioner IV: Synthesis,6,Mennonite College of Nursing,Graduate,
NUR 483,Nursing Leadership Synthesis Experience,4,Mennonite College of Nursing,Graduate,
NUR 499,Independent Research For The Master's Thesis,1-6,Mennonite College of Nursing,Graduate,
NUR 500,Independent Study,1-4,Mennonite College of Nursing,Graduate,
NUR 502,Introduction to Research Design,3,Mennonite College of Nursing,Graduate,
NUR 503,Theoretical Basis Of Nursing Research,3,Mennonite College of Nursing,Graduate,
NUR 504,Scholarly Communication,3,Mennonite College of Nursing,Graduate,
NUR 505,Quantitative Research Design,3,Mennonite College of Nursing,Graduate,
NUR 506,Writing A Review Of The Literature,3,Mennonite College of Nursing,Graduate,
NUR 507,Qualitative Research Design,3,Mennonite College of Nursing,Graduate,
NUR 509,Introduction To Nursing Informatics,3,Mennonite College of Nursing,Graduate,
NUR 511,Health Policy,3,Mennonite College of Nursing,Graduate,
NUR 515,Dissertation Proposal Design,3,Mennonite College of Nursing,Graduate,
NUR 523,Applied Research,1,Mennonite College of Nursing,Graduate,
NUR 526,Residency In Research,1-3,Mennonite College of Nursing,Graduate,
NUR 530,Research Colloquium,0,Mennonite College of Nursing,Graduate,
NUR 535,Applied Data Management And Analysis,3,Mennonite College of Nursing,Graduate,
NUR 539,Scholarly Project Design,1,Mennonite College of Nursing,Graduate,
NUR 540,Univariate Statistics,3,Mennonite College of Nursing,Graduate,
NUR 541,Multivariate Statistics,3,Mennonite College of Nursing,Graduate,
NUR 543,Scholarly Project I,2,Mennonite College of Nursing,Graduate,
NUR 544,Measurement And Instrumentation In Research,3,Mennonite College of Nursing,Graduate,
NUR 545,Scholarly Project II,2,Mennonite College of Nursing,Graduate,
NUR 547,Scholarly Project III,2,Mennonite College of Nursing,Graduate,
NUR 550,Clinical Residency I,2,Mennonite College of Nursing,Graduate,
NUR 552,Clinical Residency II,2,Mennonite College of Nursing,Graduate,
NUR 554,Clinical Residency III,2,Mennonite College of Nursing,Graduate,
NUR 560,Advanced Nursing Practice Experience,1-4,Mennonite College of Nursing,Graduate,
NUR 562,Leadership In Health Care Systems,3,Mennonite College of Nursing,Graduate,
NUR 563,Human Resource Management and Strategic Planning in Health,3,Mennonite College of Nursing,Graduate,
NUR 564,Evidence-Based Practice,3,Mennonite College of Nursing,Graduate,
NUR 565,Changing Health Care Systems: Quality Science And Outcomes,3,Mennonite College of Nursing,Graduate,
NUR 569,Advanced Financial And Resource Management Of Health Systems,3,Mennonite College of Nursing,Graduate,
NUR 599,Dissertation,1-15,Mennonite College of Nursing,Graduate,
NUR 222A01,Psychomotor Skills For Nursing Lab,0,Mennonite College of Nursing,Undergraduate,
NUR 225A01,Health Assessment Of The Adult Lab,0,Mennonite College of Nursing,Undergraduate,
NUR 229A01,Adult Nursing I Clinicals,0,Mennonite College of Nursing,Undergraduate,
NUR 231A01,Adult Nursing II Clinicals,0,Mennonite College of Nursing,Undergraduate,
NUR 314A01,Psychiatric And Mental Health Nursing Clinicals,0,Mennonite College of Nursing,Undergraduate,
NUR 316A01,Maternal Infant Nursing Clinicals,0,Mennonite College of Nursing,Undergraduate,
NUR 317A01,Nursing Care Of Children Clinicals,0,Mennonite College of Nursing,Undergraduate,
NUR 325A01,Adult Nursing III Clinicals,0,Mennonite College of Nursing,Undergraduate,
NUR 327A01,Leadership Dimensions Of Nursing Clinicals,0,Mennonite College of Nursing,Undergraduate,
NUR 329A01,Public Health Nursing: Prelicensure Clinicals,0,Mennonite College of Nursing,Undergraduate,
NUR 422A01,Advanced Psychiatric Mental Health Nursing Practice I Clinicals,0,Mennonite College of Nursing,Graduate,
NUR 423A01,Advanced Psychiatric Mental Health Nursing Practice II Clinicals,0,Mennonite College of Nursing,Graduate,
NUR 424A01,Advanced Psychiatric Mental Health Nursing Practice III Clinicals,0,Mennonite College of Nursing,Graduate,
NUR 471A01,Family Nurse Practitioner I:Primary Care Clinicals,0,Mennonite College of Nursing,Graduate,
NUR 473A01,Family Nurse Practitioner II:Family Clinicals,0,Mennonite College of Nursing,Graduate,
NUR 475A01,Family Nurse Practitioner III: Populations Clinicals,0,Mennonite College of Nursing,Graduate,
NUR 477A01,Family Nurse Practitioner IV: Synthesis Clinicals,0,Mennonite College of Nursing,Graduate,
PHI 101,Basic Issues In Philosophy,3,Philosophy,Undergraduate,
PHI 104,The Ideal Of Democracy,3,Philosophy,Undergraduate,
PHI 112,"Language, Logic And Mathematics",3,Philosophy,Undergraduate,
PHI 150,Science And Human Culture,3,Philosophy,Undergraduate,
PHI 201,Introduction to Metaphysics and Epistemology,3,Philosophy,Undergraduate,
PHI 202,Philosophy of Sex and Sexuality,3,Philosophy,Undergraduate,
PHI 204,Philosophy of Mind,3,Philosophy,Undergraduate,
PHI 205,Philosophy of Language,3,Philosophy,Undergraduate,
PHI 207,Indian Philosophy,3,Philosophy,Undergraduate,
PHI 208,Buddhist Philosophy,3,Philosophy,Undergraduate,
PHI 209,Classical Chinese Philosophy,3,Philosophy,Undergraduate,
PHI 214,Introduction to the Philosophy of Race,3,Philosophy,Undergraduate,
PHI 222,Philosophy And Christian Theology,3,Philosophy,Undergraduate,
PHI 224,Meaning And Religious Belief,3,Philosophy,Undergraduate,
PHI 232,Introduction to Ethics,3,Philosophy,Undergraduate,
PHI 234,Business Ethics,3,Philosophy,Undergraduate,
PHI 236,Values And The Environment,3,Philosophy,Undergraduate,
PHI 238,Rights And Wrongs,3,Philosophy,Undergraduate,
PHI 240,Political Philosophy,3,Philosophy,Undergraduate,
PHI 242,Race and the Philosophy of Law,3,Philosophy,Undergraduate,
PHI 246,Feminist Philosophies,3,Philosophy,Undergraduate,
PHI 250,Philosophy Of Science,3,Philosophy,Undergraduate,
PHI 251,Visions Of The Self:A Study Of Minds And Persons,3,Philosophy,Undergraduate,
PHI 253,Philosophy And The Behavioral Sciences,3,Philosophy,Undergraduate,
PHI 254,Ancient Philosophy,3,Philosophy,Undergraduate,
PHI 255,Modern Philosophy,3,Philosophy,Undergraduate,
PHI 257,Medieval Philosophy,3,Philosophy,Undergraduate,
PHI 258,Islamic Philosophy,3,Philosophy,Undergraduate,
PHI 263,Theory Of Knowledge,3,Philosophy,Undergraduate,
PHI 270,Existentialism,3,Philosophy,Undergraduate,
PHI 287,Independent Study,1-6,Philosophy,Undergraduate,
PHI 298,Professional Practice:Internship In Applied Philosophy,1-12,Philosophy,Undergraduate,
PHI 299,Independent Honor Study,1-3,Philosophy,Undergraduate,
PHI 305,Topics in Contemporary Philosophy,3,Philosophy,Undergraduate,
PHI 310,Topics in Philosophy of Science,3,Philosophy,Undergraduate,
PHI 315,Topics in Mind and Language,3,Philosophy,Undergraduate,
PHI 330,Topics in Moral Theory,3,Philosophy,Undergraduate,
PHI 340,Topics in Legal and Political Philosophy,3,Philosophy,Undergraduate,
PHI 350,Topics in the History of Philosophy,3,Philosophy,Undergraduate,
PHI 360,Topics in Environmental Philosophy,3,Philosophy,Undergraduate,
PHI 363,Topics in Metaphysics and Epistemology,3,Philosophy,Undergraduate,
PHI 390,Independent Study,1-3,Philosophy,Undergraduate,
PHI 400,Independent Study,1-4,Philosophy,Graduate,
PHI 405,Topics in Contemporary Philosophy,3,Philosophy,Graduate,
PHI 410,Topics in Philosophy of Science,3,Philosophy,Graduate,
PHI 415,Topics in Mind and Language,3,Philosophy,Graduate,
PHI 430,Topics in Moral Theory,3,Philosophy,Graduate,
PHI 440,Topics in Legal and Political Philosophy,3,Philosophy,Graduate,
PHI 450,Topics in the History of Philosophy,3,Philosophy,Graduate,
PHI 460,Topics in Environmental Philosophy,3,Philosophy,Graduate,
PHI 463,Topics in Metaphysics and Epistemology,3,Philosophy,Graduate,
PHI 350A13,Topics In The History Of Philosophy: David Hume's Philosophical Legacy,3,Philosophy,Undergraduate,
PHI 450A13,Topics In The History Of Philosophy: David Hume's Philosophical Legacy,3,Philosophy,Graduate,
PHY 102,Atoms To Galaxies,3,Physics,Undergraduate,
PHY 105,Fundamentals Of Physics,4,Physics,Undergraduate,
PHY 107,Frontiers In Physics,1,Physics,Undergraduate,
PHY 108,College Physics I,5,Physics,Undergraduate,
PHY 109,College Physics II,5,Physics,Undergraduate,
PHY 110,Physics For Science And Engineering I,4,Physics,Undergraduate,
PHY 111,Physics For Science And Engineering II,4,Physics,Undergraduate,
PHY 112,Physics For Science And Engineering III,4,Physics,Undergraduate,
PHY 202,Introduction to Biophysics,3,Physics,Undergraduate,
PHY 205,Origin Of The Universe,3,Physics,Undergraduate,
PHY 207,Energy And The Environment,3,Physics,Undergraduate,
PHY 208,Astronomy and Space Science,3,Physics,Undergraduate,
PHY 209,Introduction To Teaching High School Physics,1,Physics,Undergraduate,
PHY 217,Methods Of Theoretical Physics,3,Physics,Undergraduate,
PHY 220,Mechanics I,3,Physics,Undergraduate,
PHY 240,Electricity And Magnetism I,3,Physics,Undergraduate,
PHY 270,Experimental Physics,2,Physics,Undergraduate,
PHY 284,Quantum Mechanics I,3,Physics,Undergraduate,
PHY 287,Independent Study,1-6,Physics,Undergraduate,
PHY 290,Research In Physics,1-3,Physics,Undergraduate,
PHY 298,Professional Practice In Physics,1-16,Physics,Undergraduate,
PHY 299,Independent Honor Study,1-6,Physics,Undergraduate,
PHY 302,Computer Applications In High School Physics,1,Physics,Undergraduate,
PHY 307,Seminar In Physics,1,Physics,Undergraduate,
PHY 310,Readings For Teaching High School Physics,3,Physics,Undergraduate,
PHY 311,Teaching High School Physics,3,Physics,Undergraduate,
PHY 312,Physics Teaching From A Historical Perspective,3,Physics,Undergraduate,
PHY 318,Foundations of AI in Physical Systems,3,Physics,Undergraduate,
PHY 320,Mechanics II,3,Physics,Undergraduate,
PHY 325,Thermal Physics,3,Physics,Undergraduate,
PHY 340,Electromagnetics and Photonics,3,Physics,Undergraduate,
PHY 353,Student Teaching Seminar,1,Physics,Undergraduate,
PHY 355,Nano and Quantum Materials,3,Physics,Undergraduate,
PHY 361,General Relativity,3,Physics,Undergraduate,
PHY 362,Astrophysics,3,Physics,Undergraduate,
PHY 365,Quantum Information Science,3,Physics,Undergraduate,
PHY 370,Advanced Experimental Physics,1,Physics,Undergraduate,
PHY 371,Biophysics of Neurological Systems,3,Physics,Undergraduate,
PHY 373,Space and Plasma Physics,3,Physics,Undergraduate,
PHY 375,Electronics For Scientists,3,Physics,Undergraduate,
PHY 384,Quantum Mechanics II,3,Physics,Undergraduate,
PHY 388,Artificial Intelligence in Physical Systems,3,Physics,Undergraduate,
PHY 390,Computational Research In Physics,1-2,Physics,Undergraduate,
PHY 398,Professional Practice In Physics,1-16,Physics,Undergraduate,
PHY 399,Student Teaching In Physics,1-16,Physics,Undergraduate,
PHY 400,Independent Study,1-4,Physics,Graduate,
PHY 407,Seminar in Physics,1,Physics,Graduate,
PHY 417,Mathematical Methods,3,Physics,Graduate,
PHY 418,Methods Of Computational Science,3,Physics,Graduate,
PHY 420,Classical Mechanics,3,Physics,Graduate,
PHY 425,Statistical Mechanics,3,Physics,Graduate,
PHY 439,Electromagnetics and Photonics,3,Physics,Graduate,
PHY 440,Advanced Electricity & Magnetism,4,Physics,Graduate,
PHY 455,Nano and Quantum Materials,3,Physics,Graduate,
PHY 461,General Relativity,3,Physics,Graduate,
PHY 462,Astrophysics,3,Physics,Graduate,
PHY 470,Advanced Experimental Physics,3,Physics,Graduate,
PHY 471,Biophysics of Neurological Systems,3,Physics,Graduate,
PHY 473,Space and Plasma Physics,3,Physics,Graduate,
PHY 480,Special Topics In Physics Education Research,3,Physics,Graduate,
PHY 484,Advanced Quantum Mechanics,4,Physics,Graduate,
PHY 488,Advanced Computational Physics,3,Physics,Graduate,
PHY 490,Research Development in Physics,1-3,Physics,Graduate,
PHY 498,Professional Practice In Physics,1,Physics,Graduate,
PHY 499,Independent Research in Physics,1-6,Physics,Graduate,
PHY 380A03,Topics In Contemporary Physics:Nonlinear Dynamics,1-3,Physics,Undergraduate,
POL 100,Introduction To Politics,3,Politics and Government,Undergraduate,
POL 101,Citizens And Governance,3,Politics and Government,Undergraduate,
POL 103,Thirsty Society: An Interdisciplinary Examination of Water,3,Politics and Government,Undergraduate,
POL 106,United States Government And Civic Practices,3,Politics and Government,Undergraduate,
POL 138,Quantitative Reasoning In Political Science,3,Politics and Government,Undergraduate,
POL 140,Introduction to Comparative Politics,3,Politics and Government,Undergraduate,
POL 150,Introduction To U.S. Foreign Policy,3,Politics and Government,Undergraduate,
POL 151,Introduction to International Relations,3,Politics and Government,Undergraduate,
POL 161,Introduction To Political Theory,3,Politics and Government,Undergraduate,
POL 196,Success in Politics and Government Majors,1,Politics and Government,Undergraduate,
POL 212,The Politics Of Legal Decision Making,3,Politics and Government,Undergraduate,
POL 213,U.S. Congressional Politics,3,Politics and Government,Undergraduate,
POL 215,U.S. Courts,3,Politics and Government,Undergraduate,
POL 217,U.S. Presidency,3,Politics and Government,Undergraduate,
POL 219,Interest Groups,3,Politics and Government,Undergraduate,
POL 220,Campaign Politics,3,Politics and Government,Undergraduate,
POL 221,U.S. State And Local Government,3,Politics and Government,Undergraduate,
POL 222,Urban Politics And Problems,3,Politics and Government,Undergraduate,
POL 225,Women In Politics,3,Politics and Government,Undergraduate,
POL 231,Public Administration,3,Politics and Government,Undergraduate,
POL 232,Politics And Public Policy,3,Politics and Government,Undergraduate,
POL 236,Environmental Politics And Policy,3,Politics and Government,Undergraduate,
POL 240,Latin American Politics,3,Politics and Government,Undergraduate,
POL 241,European Politics,3,Politics and Government,Undergraduate,
POL 245,Asian Politics,3,Politics and Government,Undergraduate,
POL 246,African Politics,3,Politics and Government,Undergraduate,
POL 247,Middle East Politics,3,Politics and Government,Undergraduate,
POL 252,The United Nations,3,Politics and Government,Undergraduate,
POL 254,Global Issues,3,Politics and Government,Undergraduate,
POL 255,"Conflict, Peace, and Security",3,Politics and Government,Undergraduate,
POL 259,The Politics of the Global Illicit Economy: Drug Trafficking,3,Politics and Government,Undergraduate,
POL 261,Contemporary Political Theory,3,Politics and Government,Undergraduate,
POL 265,American Political Theory,3,Politics and Government,Undergraduate,
POL 266,American Legal Theories,3,Politics and Government,Undergraduate,
POL 283,Trial Advocacy,3,Politics and Government,Undergraduate,
POL 287,Independent Study,1-6,Politics and Government,Undergraduate,
POL 291,Undergraduate Teaching Experience In Political Science,1-3,Politics and Government,Undergraduate,
POL 299,Independent Honor Study,1-6,Politics and Government,Undergraduate,
POL 300,Senior Seminar,3,Politics and Government,Undergraduate,
POL 302,Honors Seminar,3,Politics and Government,Undergraduate,
POL 305,Topics in American Government,3,Politics and Government,Undergraduate,
POL 307,Direct Democracy in America,3,Politics and Government,Undergraduate,
POL 308,The Right to Vote in the United States,3,Politics and Government,Undergraduate,
POL 309,Data Analysis and Data Visualization in Political Science,3,Politics and Government,Undergraduate,
POL 310,Voting And Elections,3,Politics and Government,Undergraduate,
POL 312,Public Opinion,3,Politics and Government,Undergraduate,
POL 317,U.S.Politics And Culture After Vietnam,3,Politics and Government,Undergraduate,
POL 324,Topics In Public Law,3,Politics and Government,Undergraduate,
POL 325,Constitutional Law: Functions And Powers,3,Politics and Government,Undergraduate,
POL 326,Constitutional Law: Due Process Rights,3,Politics and Government,Undergraduate,
POL 327,Constitutional Law: Civil Rights and Civil Liberties,3,Politics and Government,Undergraduate,
POL 328,Constitutional Law: Supreme Court Decisions In The 21st Century,3,Politics and Government,Undergraduate,
POL 330,Topics Public Administration,3,Politics and Government,Undergraduate,
POL 334,"The Politics Of Race, Ethnicity, And Inequality",3,Politics and Government,Undergraduate,
POL 337,Gay & Lesbian Politics & Theory,3,Politics and Government,Undergraduate,
POL 338,Gender & Political Theory,3,Politics and Government,Undergraduate,
POL 339,Youth Politics,3,Politics and Government,Undergraduate,
POL 340,Topics In Latin American Politics,3,Politics and Government,Undergraduate,
POL 344,Topics In Global and Area Studies,3,Politics and Government,Undergraduate,
POL 345,Topics In Asian Politics,3,Politics and Government,Undergraduate,
POL 349,Topics In Middle East Politics,3,Politics and Government,Undergraduate,
POL 351,International Law and Cooperation,3,Politics and Government,Undergraduate,
POL 352,Human Rights,3,Politics and Government,Undergraduate,
POL 355,Human Security,3,Politics and Government,Undergraduate,
POL 358,International Political Economy,3,Politics and Government,Undergraduate,
POL 361,Topics In Political Theory,3,Politics and Government,Undergraduate,
POL 365,Ecological Politics,3,Politics and Government,Undergraduate,
POL 380,Topics in Diplomacy,3,Politics and Government,Undergraduate,
POL 400,Independent Study,1-6,Politics and Government,Graduate,
POL 407,Direct Democracy in America,3,Politics and Government,Graduate,
POL 410,Voting and Elections,3,Politics and Government,Graduate,
POL 411,Seminar In American Politics,3,Politics and Government,Graduate,
POL 412,Topics In American Politics,3,Politics and Government,Graduate,
POL 413,Public Opinion,3,Politics and Government,Graduate,
POL 421,Seminar In State And Local Politics,3,Politics and Government,Graduate,
POL 424,Topics in Public Law,3,Politics and Government,Graduate,
POL 425,Constitutional Law: Functions and Powers,3,Politics and Government,Graduate,
POL 426,Constitutional Law: Due Process Rights,3,Politics and Government,Graduate,
POL 427,Constitutional Law: Equality And Free Expression,3,Politics and Government,Graduate,
POL 428,Constitutional Law: Supreme Court Decisions In The 21st Century.,3,Politics and Government,Graduate,
POL 430,Topics in Public Administration,3,Politics and Government,Graduate,
POL 431,Seminar In Public Administration,3,Politics and Government,Graduate,
POL 434,"The Politics Of Race, Ethnicity, And Inequality",3,Politics and Government,Graduate,
POL 437,Gay & Lesbian Politics & Theory,3,Politics and Government,Graduate,
POL 438,Gender & Political Theory,3,Politics and Government,Graduate,
POL 439,Youth Politics,3,Politics and Government,Graduate,
POL 440,Topics in Latin American Politics,3,Politics and Government,Graduate,
POL 441,Seminar In Comparative Politics,3,Politics and Government,Graduate,
POL 442,Topics In Comparative Politics,3,Politics and Government,Graduate,
POL 444,Topics In Global Studies,3,Politics and Government,Graduate,
POL 445,Topics In Asian Politics,3,Politics and Government,Graduate,
POL 449,Topics in Middle East Politics,3,Politics and Government,Graduate,
POL 451,Seminar In International Relations,3,Politics and Government,Graduate,
POL 452,Topics In International Relations,3,Politics and Government,Graduate,
POL 453,International Law,3,Politics and Government,Graduate,
POL 458,Human Rights,3,Politics and Government,Graduate,
POL 461,Seminar In Political Thought,3,Politics and Government,Graduate,
POL 462,International Political Economy,3,Politics and Government,Graduate,
POL 464,Topics in Political Theory,3,Politics and Government,Graduate,
POL 470,Seminar In Community Development,3,Politics and Government,Graduate,
POL 477,Community Project Design And Management,3,Politics and Government,Graduate,
POL 478,Topics In Administration And Planning,2,Politics and Government,Graduate,
POL 483,"Politics, Budgets, & Taxes",3,Politics and Government,Graduate,
POL 490,Readings In Political Science,1-3,Politics and Government,Graduate,
POL 495,Graduate Research In Applied Community Development,3,Politics and Government,Graduate,
POL 496,Introduction To Political Inquiry,3,Politics and Government,Graduate,
POL 497,Introduction To Research Methodology,3,Politics and Government,Graduate,
POL 499,Independent Research For The Master's Thesis,1-6,Politics and Government,Graduate,
POL 293A01,Workshop Model United Nations,1-3,Politics and Government,Undergraduate,
POL 293A03,Trial Advocacy II,1,Politics and Government,Undergraduate,
POL 398A01,Professional Practice: Public Service Internship,1-16,Politics and Government,Undergraduate,
POL 498A11,Professional Practice:Public Service,1-9,Politics and Government,Graduate,
POL 498A12,Professional Practice:Community Development Internship,1-9,Politics and Government,Graduate,
POL 498A15,Professional Practice: Stevenson Center Assistantship,1,Politics and Government,Graduate,
POL 498A90,Professional Practice:Community Development Final Year,1-9,Politics and Government,Graduate,
POL 499A90,Independent Research For The Masters Thesis Final Term,1,Politics and Government,Graduate,
POR 112,"First Year Portuguese, Part II",4,"Languages, Literatures & Cultures",Undergraduate,
POR 115,"Second Year Portuguese, Part I",4,"Languages, Literatures & Cultures",Undergraduate,
POR 287,Independent Studies In Portuguese,1-6,"Languages, Literatures & Cultures",Undergraduate,
PSY 110,Fundamentals Of Psychology,3,Psychology,Undergraduate,
PSY 111,Introduction To Psychology,4,Psychology,Undergraduate,
PSY 123,Human Sexuality,3,Psychology,Undergraduate,
PSY 138,Reasoning In Psychology Using Statistics,3,Psychology,Undergraduate,
PSY 200,Careers In Psychology,1,Psychology,Undergraduate,
PSY 213,Lifespan Development,3,Psychology,Undergraduate,
PSY 215,Educational Psychology,3,Psychology,Undergraduate,
PSY 223,Social Psychology,3,Psychology,Undergraduate,
PSY 230,Psychology Applied to Work: Introduction to Industrial and Organizational Psychology,3,Psychology,Undergraduate,
PSY 231,Research Methods In Psychology,3,Psychology,Undergraduate,
PSY 233,Psychology Of Personality,3,Psychology,Undergraduate,
PSY 253,Cognition & Learning,3,Psychology,Undergraduate,
PSY 263,Physiological Psychology,3,Psychology,Undergraduate,
PSY 270,Introduction to Artificial Intelligence and Psychology,3,Psychology,Undergraduate,
PSY 282,Peer Mentoring Preparation,1,Psychology,Undergraduate,
PSY 287,Independent Study,1-6,Psychology,Undergraduate,
PSY 290,Special Projects: Research Apprenticeship,1-3,Psychology,Undergraduate,
PSY 291,Special Projects:Undergraduate Teaching,1-3,Psychology,Undergraduate,
PSY 292,Special Projects: Peer Mentoring,1-3,Psychology,Undergraduate,
PSY 299,Independent Honor Study,1-6,Psychology,Undergraduate,
PSY 301,Infant And Child Development,3,Psychology,Undergraduate,
PSY 302,Adolescent Development,3,Psychology,Undergraduate,
PSY 303,Adult Development And Aging,3,Psychology,Undergraduate,
PSY 305,Psychology Of Women,3,Psychology,Undergraduate,
PSY 320,History Of Psychology,3,Psychology,Undergraduate,
PSY 327,Cultural Psychology,3,Psychology,Undergraduate,
PSY 333,Principles Of Behavior Modification,3,Psychology,Undergraduate,
PSY 334,Psychological Measurement,3,Psychology,Undergraduate,
PSY 340,Statistics For The Social Sciences,3,Psychology,Undergraduate,
PSY 346,Psychology Of Exceptional Children,3,Psychology,Undergraduate,
PSY 347,Behavior Disorders In Children,3,Psychology,Undergraduate,
PSY 350,Psychopathology,3,Psychology,Undergraduate,
PSY 351,Introduction To Clinical And Counseling Psychology,3,Psychology,Undergraduate,
PSY 360,Learning,3,Psychology,Undergraduate,
PSY 361,Perception,3,Psychology,Undergraduate,
PSY 364,Motivation,3,Psychology,Undergraduate,
PSY 365,Dynamics Of Social Behavior,3,Psychology,Undergraduate,
PSY 367,Introduction To Behavioral Psychopharmacology,3,Psychology,Undergraduate,
PSY 368,Human Memory,3,Psychology,Undergraduate,
PSY 369,Psycholinguistics,3,Psychology,Undergraduate,
PSY 375,Personnel Psychology and People Analytics,3,Psychology,Undergraduate,
PSY 376,Organizational Psychology,3,Psychology,Undergraduate,
PSY 377,Travel Studies in Psychology,3-6,Psychology,Undergraduate,
PSY 390,Advanced Research Apprenticeship,3,Psychology,Undergraduate,
PSY 391,Scholarship Of Teaching & Learning Apprenticeship,3,Psychology,Undergraduate,
PSY 392,Senior Seminar,3,Psychology,Undergraduate,
PSY 393,Advanced Peer Mentoring and Student Success Apprenticeship,3,Psychology,Undergraduate,
PSY 395,Professional Practice Seminar,3,Psychology,Undergraduate,
PSY 398,Professional Practice In Psychology,1-6,Psychology,Undergraduate,
PSY 400,Independent Study,1-4,Psychology,Graduate,
PSY 401,Infant And Child Development,3,Psychology,Graduate,
PSY 402,Applied Research Experience In School Psychology,2,Psychology,Graduate,
PSY 403,Adult Development And Aging,3,Psychology,Graduate,
PSY 404,Adolescent Development,3,Psychology,Graduate,
PSY 405,Psychology Of Women,3,Psychology,Graduate,
PSY 410,History Of Psychology,3,Psychology,Graduate,
PSY 412,Dynamics Of Social Behavior,3,Psychology,Graduate,
PSY 413,Introduction To Behavioral Psychopharmacology,3,Psychology,Graduate,
PSY 415,Studies in Experimental Psychology,3,Psychology,Graduate,
PSY 416,Statistics For The Social Sciences,3,Psychology,Graduate,
PSY 417,Psychology Of Exceptional Children,3,Psychology,Graduate,
PSY 418,Learning And Cognition,3,Psychology,Graduate,
PSY 420,Theories Of Personality,3,Psychology,Graduate,
PSY 421,Advanced Behavior Modification,3,Psychology,Graduate,
PSY 424,Motivation,3,Psychology,Graduate,
PSY 425,Quantitative Psychology Professional Seminar,1,Psychology,Graduate,
PSY 426,Research & Practice In I/O-Social Psychology,1,Psychology,Graduate,
PSY 427,Cognitive & Experimental Psychology Pro-Seminar,1,Psychology,Graduate,
PSY 428,Professional Seminar In Developmental Psychology,1,Psychology,Graduate,
PSY 430,Principles Of Behavior Modification,3,Psychology,Graduate,
PSY 431,Theory & Research In Social Psychology,3,Psychology,Graduate,
PSY 432,Theory And Practice Of Cognitive Assessment,3,Psychology,Graduate,
PSY 433,Social Emotional And Behavioral Assessment And Intervention,3,Psychology,Graduate,
PSY 434,Psychological Measurement,3,Psychology,Graduate,
PSY 435,Academic Assessment And Intervention,3,Psychology,Graduate,
PSY 437,Group Psychotherapy And Counseling,3,Psychology,Graduate,
PSY 438,Techniques Of Objective Psychological Assessments,3,Psychology,Graduate,
PSY 439,Application of Theories and Technologies in Learning,3,Psychology,Graduate,
PSY 440,Statistics: Data Analysis And Methodology,3,Psychology,Graduate,
PSY 441,Experimental Design,3,Psychology,Graduate,
PSY 442,Test Theory,3,Psychology,Graduate,
PSY 443,Regression Analysis,3,Psychology,Graduate,
PSY 444,Multivariate Analysis,3,Psychology,Graduate,
PSY 445,Covariance Structure Modeling,3,Psychology,Graduate,
PSY 446,Qualitative and Mixed Methods Research for the Social Sciences,3,Psychology,Graduate,
PSY 447,Behavior Disorders In Children,3,Psychology,Graduate,
PSY 448,Health Psychology,3,Psychology,Graduate,
PSY 449,Advanced Topics in Quantitative Psychology,3,Psychology,Graduate,
PSY 450,Psychopathology,3,Psychology,Graduate,
PSY 451,Psychology Of Diversity,3,Psychology,Graduate,
PSY 452,Seminar In Developmental Psychology,3,Psychology,Graduate,
PSY 453,Seminar In Adolescent Development,3,Psychology,Graduate,
PSY 455,Cognitive Science,3,Psychology,Graduate,
PSY 456,Topics in Cognitive and Experimental Psychology,3,Psychology,Graduate,
PSY 460,Learning,3,Psychology,Graduate,
PSY 461,Perception,3,Psychology,Graduate,
PSY 463,Brain And Behavior Relationships,3,Psychology,Graduate,
PSY 464,Theories And Techniques Of Counseling: Adults,3,Psychology,Graduate,
PSY 465,Vocational Counseling,3,Psychology,Graduate,
PSY 466,Substance Abuse Counseling,3,Psychology,Graduate,
PSY 467,Family Therapy,3,Psychology,Graduate,
PSY 468,Advanced Psychopathology And Mental Health Diagnosis,3,Psychology,Graduate,
PSY 469,Psycholinguistics,3,Psychology,Graduate,
PSY 470,"Legal,Ethical & Practice Issues In Clinical-Counseling Psych",3,Psychology,Graduate,
PSY 472,"Legal, Ethical, & Professional Issues In School Psychology",3,Psychology,Graduate,
PSY 473,Theories & Techniques Of Counseling:Children & Adolescents,3,Psychology,Graduate,
PSY 474,Theory & Practice Of Mental Health Consultation In Schools,3,Psychology,Graduate,
PSY 475,Seminar In Personnel Psychology,3,Psychology,Graduate,
PSY 476,Seminar In Organizational Psychology,3,Psychology,Graduate,
PSY 477,"School-based Prevention, Intervention, and Anti-racist/Social Justice Practices",3,Psychology,Graduate,
PSY 478,Human Memory,3,Psychology,Graduate,
PSY 485,Personnel Psychology and People Analytics,3,Psychology,Graduate,
PSY 486,Organizational Psychology,3,Psychology,Graduate,
PSY 490,Clinical-Counseling Capstone Project,1-3,Psychology,Graduate,
PSY 491,Internship: Seminar In College Teaching Of Psychology,1-6,Psychology,Graduate,
PSY 498,Professional Practice In School Psychology,1-9,Psychology,Graduate,
PSY 499,Independent Research For The Master's Thesis,1-6,Psychology,Graduate,
PSY 500,Independent Study Psychology,1-4,Psychology,Graduate,
PSY 502,Research Apprenticeship,1-3,Psychology,Graduate,
PSY 503,Doctoral Research Proseminar In School Psychology,0.5-1,Psychology,Graduate,
PSY 536,Seminar & Practicum In Supervision Of School Psych Services,3,Psychology,Graduate,
PSY 547,Advanced Child & Adolescent Psychopathology,3,Psychology,Graduate,
PSY 590,Advanced Practicum in School Psychology,1-3,Psychology,Graduate,
PSY 598,Doctoral Internship In School Psychology,1-12,Psychology,Graduate,
PSY 599,Doctoral Research In Psychology,1-15,Psychology,Graduate,
PSY 327A01,Cultural Psychology: Latino/A Psychology,3,Psychology,Undergraduate,
PSY 327A02,Cultural Psychology: Black Psychology,3,Psychology,Undergraduate,
PSY 327A03,Cultural Psychology: Diversity and Identity Development,3,Psychology,Undergraduate,
PSY 327A04,Cultural Psychology: Asian/Asian American Psychology,3,Psychology,Undergraduate,
PSY 331A01,Laboratory In Research Methods For Psychology: Developmental,3,Psychology,Undergraduate,
PSY 331A03,Laboratory In Research Methods Psychology: Operant Behavior,3,Psychology,Undergraduate,
PSY 331A05,Laboratory In Research Methods For Psychology: Social,3,Psychology,Undergraduate,
PSY 331A07,Laboratory In Research Methods For Psych: Cognitive Processes,3,Psychology,Undergraduate,
PSY 331A11,Laboratory In Research Methods For Psychology: Personality,3,Psychology,Undergraduate,
PSY 331A12,Laboratory in Research Methods for Psychology: I/O Psy,3,Psychology,Undergraduate,
PSY 415A01,Laboratory In Research Methods For Psychology: Developmental,3,Psychology,Graduate,
PSY 415A03,Laboratory In Research Methods Psychology: Operant Behavior,3,Psychology,Graduate,
PSY 415A05,Laboratory In Research Methods For Psychology: Social,3,Psychology,Graduate,
PSY 415A07,Laboratory In Research Methods For Psych: Cognitive Processes,3,Psychology,Graduate,
PSY 415A11,Laboratory In Research Methods For Psychology: Personality,3,Psychology,Graduate,
PSY 415A12,Laboratory in Research Methods for Psychology: Industry and Organizational Psy,3,Psychology,Graduate,
PSY 436A02,Practicum In Clinical-Counseling Psychology,1-12,Psychology,Graduate,
PSY 436A04,Practicum: Psychoeducational Assessment and Intervention,1-12,Psychology,Graduate,
PSY 436A05,Practicum: Psychosocial Assessment and Interpretation,1-12,Psychology,Graduate,
PSY 480A01,Seminar In Psychology,3,Psychology,Graduate,
PSY 498A01,Professional Practice - Internship Industrial & Organization,1-6,Psychology,Graduate,
PSY 498A02,Professional Practice In Developmental Psychology,1-6,Psychology,Graduate,
PSY 498A04,Professional Practice In Cognitive & Experimental Psychology,1-9,Psychology,Graduate,
PSY 498A05,First Year Fieldwork In School Psychology,2,Psychology,Graduate,
PSY 498A90,Professional Practice In School Psychology Final Term,1-3,Psychology,Graduate,
PSY 499A90,Independent Research For The Masters Thesis Final Term,1,Psychology,Graduate,
PSY 590A01,Advanced Practicum Intervention,1-3,Psychology,Graduate,
PSY 590A02,Advanced Practicum Assessment,1-3,Psychology,Graduate,
PSY 590A03,Advanced Practicum Supervision,1-3,Psychology,Graduate,
PSY 590A04,Advanced Practicum Consultation/Program Evaluation,1-3,Psychology,Graduate,
PSY 598A90,Doctoral Internship In School Psychology Final Term,1-2,Psychology,Graduate,
PSY 599A90,Doctoral Research In Psychology Final Term,1,Psychology,Graduate,
SED 101,"Disability, Learning, and Education: Foundations and Philosophical Perspectives",3,Special Education,Undergraduate,
SED 130,American Sign Language I,2,Special Education,Undergraduate,
SED 205,"Family, Professional, And Community Collaboration",3,Special Education,Undergraduate,
SED 206,Foundations of Instruction and Assessment in Special Education,3,Special Education,Undergraduate,
SED 207,Assistive Technology Foundations,1,Special Education,Undergraduate,
SED 230,Using ASL and Other Visual Language Systems,2,Special Education,Undergraduate,
SED 231,Theoretical Foundations for Supporting Multilingual Learners with Learning Differences,3,Special Education,Undergraduate,
SED 232,Culturally and Linguistically Responsive Assessment for Multilingual Diverse Learners,3,Special Education,Undergraduate,
SED 245,Field Work In Special Education,1-6,Special Education,Undergraduate,
SED 246,Field Work In Low Vision And Blindness: Initial Clinical Exp,2,Special Education,Undergraduate,
SED 247,Field Work In Deaf And Hard Of Hearing: Language,2,Special Education,Undergraduate,
SED 248,Field Work In Deaf And Hard Of Hearing: Speech,2,Special Education,Undergraduate,
SED 249,Field Work In Deaf And Hard Of Hearing: Reading & Sch Subjects,1,Special Education,Undergraduate,
SED 250,Field Work In Deaf And Hard Of Hearing: Senior Practicum,5,Special Education,Undergraduate,
SED 251,Field Work In Learning Behavior Specialist: Initial Clin Exp,4,Special Education,Undergraduate,
SED 287,Independent Study,1-6,Special Education,Undergraduate,
SED 291,Undergraduate Teaching Experience In Specialized Ed Developm,1-3,Special Education,Undergraduate,
SED 299,Independent Honor Study,1-6,Special Education,Undergraduate,
SED 321,Inclusive Curriculum Design Across Content Areas for Multilingual Learners,3,Special Education,Undergraduate,
SED 327,Aural (Re)Habilitation In The Deaf/Hard Of Hearing Classroom,3,Special Education,Undergraduate,
SED 330,English Sign System,3,Special Education,Undergraduate,
SED 335,Assistive and Instructional Technology with Digital Accessibility,3,Special Education,Undergraduate,
SED 337,Deaf Diverse Learners,3,Special Education,Undergraduate,
SED 340,Development Of Language Students Who Are Deaf & Hard Of Hear,3,Special Education,Undergraduate,
SED 342,Language And Literacy Development,3,Special Education,Undergraduate,
SED 344,Teaching Secondary Content to Students with Disabilities,3,Special Education,Undergraduate,
SED 345,Literacy Applications,3,Special Education,Undergraduate,
SED 350,Introduction To Visual Impairments,3,Special Education,Undergraduate,
SED 351,Educational Planning For Students With Visual Impairments,3,Special Education,Undergraduate,
SED 352,Braille Reading And Writing,3,Special Education,Undergraduate,
SED 353,Education Of Students Who Are Deaf & Hard Of Hearing,3,Special Education,Undergraduate,
SED 354,Teaching Language To Deaf & Hard Of Hearing Students,3,Special Education,Undergraduate,
SED 355,The Teaching Of Speech To Deaf & Hard Of Hearing Students,3,Special Education,Undergraduate,
SED 357,Orientation And Mobility For Classroom Teachers,2,Special Education,Undergraduate,
SED 358,Reading And Assessment For Students With Visual Impairments,3,Special Education,Undergraduate,
SED 359,Teaching Of Reading & School Subjects-Deaf & Hard Hearing,3,Special Education,Undergraduate,
SED 360,Transition From School to Adulthood,3,Special Education,Undergraduate,
SED 361,Education Of Learners With Severe Disabilities,3,Special Education,Undergraduate,
SED 362,Systematic Instruction,3,Special Education,Undergraduate,
SED 363,Advanced Braille And The Nemeth Braille Code,3,Special Education,Undergraduate,
SED 364,Assistive Technology For Individuals With Visual Impairments,3,Special Education,Undergraduate,
SED 365,Advanced Assist Technology For Individuals With Visual Impairment,3,Special Education,Undergraduate,
SED 366,Technology Applications in Today's Classroom,1,Special Education,Undergraduate,
SED 367,Low Vision & Psychological Implications Of Visual Impairment,2,Special Education,Undergraduate,
SED 368,Math Methods For Learners With Disabilities,3,Special Education,Undergraduate,
SED 374,Educational Assessment Of Preschool Children With Disabilities,3,Special Education,Undergraduate,
SED 375,Assessment & Planning For Deaf & Hard Of Hearing Students,3,Special Education,Undergraduate,
SED 386,Early Intervention Infants & Young Children With Disabilities,3,Special Education,Undergraduate,
SED 388,Classwide And Individualized Behavior Supports,3,Special Education,Undergraduate,
SED 390,Assessment To Instruction,3,Special Education,Undergraduate,
SED 391,Current Laws And Initiatives,2,Special Education,Undergraduate,
SED 392,"Content Strategies, Analysis, And Collaboration",3,Special Education,Undergraduate,
SED 399,Student Teaching Specialist In Deaf And Hard Of Hearing,1-12,Special Education,Undergraduate,
SED 400,Independent Study,1-4,Special Education,Graduate,
SED 406,Induction Into Special Education I,3,Special Education,Graduate,
SED 407,Induction Into Special Education II,3,Special Education,Graduate,
SED 408,Theoretical Foundations for Working with Multilingual Learners,3,Special Education,Graduate,
SED 409,Teacher Leadership In Special Education,3,Special Education,Graduate,
SED 410,Ed Assessment & Planning For Individuals With Disabilities,3,Special Education,Graduate,
SED 411,Survey Of Methods In Special Education,3,Special Education,Graduate,
SED 412,Inclusive Education Assessment for Multilingual Learners,3,Special Education,Graduate,
SED 413,Visual Impairments: Etiology and Impact,3,Special Education,Graduate,
SED 420,Interdisciplinary Teaming with Families of Young Children with Sensory Disabilities,3,Special Education,Graduate,
SED 421,Early Development and Assessment when Infants and Toddlers Have Sensory Disabilities,3,Special Education,Graduate,
SED 422,Inclusive Instructional Strategies for Students with Disabilities,3,Special Education,Graduate,
SED 423,Intervention Strategies for Young Children with Sensory Disabilities,3,Special Education,Graduate,
SED 426,Evidence Based Practices in STEM for Learnings with Disabilities,3,Special Education,Graduate,
SED 428,"Teacher Leadership: Leading, Collective Care, & Personal Wellbeing",3,Special Education,Graduate,
SED 429,Evidence-Based Practices and Accessibility,3,Special Education,Graduate,
SED 430,Critical Disability Theory in Professional Practice,3,Special Education,Graduate,
SED 432,Educational Impact of Neurological Visual Impairment in Children,3,Special Education,Graduate,
SED 433,Unified English Braille Reading and Writing,3,Special Education,Graduate,
SED 434,Skills in Daily Living including Orientation and Mobility,2,Special Education,Graduate,
SED 435,Access Technology for Students with Visual Impairments,3,Special Education,Graduate,
SED 436,Assessment of Students with Visual Impairments,3,Special Education,Graduate,
SED 437,Reading and Math Methods for Students Who are Blind,3,Special Education,Graduate,
SED 438,Nemeth Code and Advanced Braille Applications,3,Special Education,Graduate,
SED 439,Embedding the Expanded Core Curriculum,3,Special Education,Graduate,
SED 440,Contemporary Issues & Trends In Special Education,3,Special Education,Graduate,
SED 441,Development Of Language Students Who Are Deaf & Hard Of Hearing,3,Special Education,Graduate,
SED 444,Inclusive Methods of Teaching Multilingual Learners,3,Special Education,Graduate,
SED 445,Curriculum Development & Modification For Diverse Learners,3,Special Education,Graduate,
SED 447,Administering Educational Programs Students With Disabilities,3,Special Education,Graduate,
SED 448,Positive Behavior Supports in the Classroom,3,Special Education,Graduate,
SED 449,Teaching Students With Emotional And Behavioral Disabilities,3,Special Education,Graduate,
SED 451,Facilitating Student-Directed Transition Planning,3,Special Education,Graduate,
SED 452,Behavioral Issues In Autism Spectrum & Related Disorders,3,Special Education,Graduate,
SED 453,Interagency Community & Postsecondary Systems,3,Special Education,Graduate,
SED 454,Consultation & Collaboration In Special & General Education,3,Special Education,Graduate,
SED 455,Facilitating Employment Outcomes:Individuals With Disabiliti,3,Special Education,Graduate,
SED 457,"Social,Leisure,& Independent Living Outcomes Individuals Wit",3,Special Education,Graduate,
SED 463,Education Of Students Who Are Deaf & Hard Of Hearing,3,Special Education,Graduate,
SED 464,Teaching Language To Deaf & Hard Of Hearing Students,3,Special Education,Graduate,
SED 465,The Teaching Of Speech To Deaf & Hard Of Hearing Students,3,Special Education,Graduate,
SED 466,Audiology and Aural Rehab for Teachers of the Deaf,3,Special Education,Graduate,
SED 467,Teaching with Sign Systems,2,Special Education,Graduate,
SED 468,Deaf Diverse Learners,3,Special Education,Graduate,
SED 469,Teaching Of Reading & School Subjects-Deaf & Hard Hearing,3,Special Education,Graduate,
SED 474,Access To General Education Curricula And Settings,3,Special Education,Graduate,
SED 475,Assessment & Planning For Deaf & Hard Of Hearing Students,3,Special Education,Graduate,
SED 477,"Technology Support Learning, Instruction, & Comm In Spec Edu",3,Special Education,Graduate,
SED 482,Seminar In Special Education Research,3,Special Education,Graduate,
SED 484,Educational Assessment Of Preschool Children With Disabilities,3,Special Education,Graduate,
SED 486,Early Intervention Infants & Young Children With Disabilities,3,Special Education,Graduate,
SED 490,Clinical Capstone I,1,Special Education,Graduate,
SED 491,Clinical Capstone II,2,Special Education,Graduate,
SED 498,Professional Practice,1-9,Special Education,Graduate,
SED 499,Independent Research For The Master's Thesis,1-6,Special Education,Graduate,
SED 500,Independent Study,1-4,Special Education,Graduate,
SED 501,Doctoral-Level Scholarship,2,Special Education,Graduate,
SED 502,Legal & Policy Issues Affecting Special Ed Program Administr,3,Special Education,Graduate,
SED 512,Single Subject Research Design In Special Education,3,Special Education,Graduate,
SED 513,Seminar In Evaluation Of Special Education Programs,3,Special Education,Graduate,
SED 514,Personnel Preparation In Special Education,3,Special Education,Graduate,
SED 515,Seminar In Special Education Research,3,Special Education,Graduate,
SED 517,Special Education Finance,3,Special Education,Graduate,
SED 520,Seminar In Special Topics In Special Education,1-3,Special Education,Graduate,
SED 522,Grant Writing In Special Education And Habilitation,3,Special Education,Graduate,
SED 540,Seminar In Contemporary Topics In Special Education,3,Special Education,Graduate,
SED 579,Advanced Technological Applications In Special Education,3,Special Education,Graduate,
SED 591,Doctoral Comprehensive Examination,1,Special Education,Graduate,
SED 594,Dissertation Proposal Development,3,Special Education,Graduate,
SED 598,Professional Practice,1-12,Special Education,Graduate,
SED 599,Dissertation Research,1-10,Special Education,Graduate,
SED 193A04,Workshop Special Ed:Introduction To Asd & Related Disorders,3,Special Education,Undergraduate,
SED 205A01,"Family, Professional, and Community Collaboration: Early Childhood",3,Special Education,Undergraduate,
SED 250A01,Field Work In Deaf and Hard of Hearing:Adv Clin Exp Pt I,4,Special Education,Undergraduate,
SED 250A02,Field Work In Deaf and Hard of Hearing:Adv Clin Exp Pt II,4,Special Education,Undergraduate,
SED 252A01,Field Work In Learning Behavior Specialist:Adv Clin Exp Pt I,4,Special Education,Undergraduate,
SED 252A02,Field Work In Learning Behavior Specialist:Adv Clin Ex Pt II,4,Special Education,Undergraduate,
SED 253A01,Field Work In Low Vision And Blindness:Adv Clin Exp Part I,3,Special Education,Undergraduate,
SED 253A02,Field Work In Low Vision And Blindness:Adv Clin Exp Part II,3,Special Education,Undergraduate,
SED 399A01,Student Teaching Specialist In Learning & Behavior,1-12,Special Education,Undergraduate,
SED 399A02,Student Teaching Specialist Low Vision & Blindness,1-12,Special Education,Undergraduate,
SED 498A01,Professional Practice:Deaf/Hard Of Hearing,1-9,Special Education,Graduate,
SED 498A02,Professional Practice: Early Intervention Vision Specialist,1-9,Special Education,Graduate,
SED 498A03,Professional Practice: Sensory Loss,1-6,Special Education,Graduate,
SED 593A03,Computer Applications In Special Education,1,Special Education,Graduate,
SED 598A01,Professional Practice In Teacher Preparation,1-12,Special Education,Graduate,
SED 598A02,Professional Practice In Applied Research,1-12,Special Education,Graduate,
SED 598A03,Professional Practice In Program Administration,1-12,Special Education,Graduate,
SED 599A90,Doctoral Research In Special Education Final Term,1,Special Education,Graduate,
SOC 103,Thirsty Society: An Interdisciplinary Examination of Water,3,Sociology and Anthropology,Undergraduate,
SOC 106,Introduction To Sociology,3,Sociology and Anthropology,Undergraduate,
SOC 108,Contemporary Social Problems In Global Perspective,3,Sociology and Anthropology,Undergraduate,
SOC 109,Introduction To Latina/O Studies,3,Sociology and Anthropology,Undergraduate,
SOC 111,American Diversity: Contested Visions Of The U.S. Experience,3,Sociology and Anthropology,Undergraduate,
SOC 112,American Family: Change & Diversity,3,Sociology and Anthropology,Undergraduate,
SOC 123,Human Sexuality,3,Sociology and Anthropology,Undergraduate,
SOC 195,Sociology of Popular Culture,3,Sociology and Anthropology,Undergraduate,
SOC 200,Doing Sociology,3,Sociology and Anthropology,Undergraduate,
SOC 211,Social Aspects of Aging,3,Sociology and Anthropology,Undergraduate,
SOC 212,Sociology Of Death,3,Sociology and Anthropology,Undergraduate,
SOC 220,Societies: The Big Picture,3,Sociology and Anthropology,Undergraduate,
SOC 223,Social Psychology,3,Sociology and Anthropology,Undergraduate,
SOC 230,"Disaster: Risk, Response, and Recovery Through a Sociological Lens",3,Sociology and Anthropology,Undergraduate,
SOC 241,People In Places:Understanding & Developing Community,3,Sociology and Anthropology,Undergraduate,
SOC 250,"Happiness, Wellbeing, and Society",3,Sociology and Anthropology,Undergraduate,
SOC 251,Social Justice Practice,3,Sociology and Anthropology,Undergraduate,
SOC 255,Labor and Exploitation: The Political Economy of Work,3,Sociology and Anthropology,Undergraduate,
SOC 260,"Wealth, Power, Prestige: The Haves and the Have-Nots",3,Sociology and Anthropology,Undergraduate,
SOC 262,Marriage And The Family,3,Sociology and Anthropology,Undergraduate,
SOC 263,Deviant Behavior,3,Sociology and Anthropology,Undergraduate,
SOC 264,"Racial, Social Class, And Gender Inequality",3,Sociology and Anthropology,Undergraduate,
SOC 265,Personal Relationships,3,Sociology and Anthropology,Undergraduate,
SOC 270,Sociological Theory,3,Sociology and Anthropology,Undergraduate,
SOC 271,Introduction To Sociological Research,3,Sociology and Anthropology,Undergraduate,
SOC 275,Social Data Analytics,3,Sociology and Anthropology,Undergraduate,
SOC 287,Independent Study,1-6,Sociology and Anthropology,Undergraduate,
SOC 291,Undergraduate Teaching Experience In Sociology-Anthropology,1-3,Sociology and Anthropology,Undergraduate,
SOC 292,Careers For Sociology and Anthropology Majors,1,Sociology and Anthropology,Undergraduate,
SOC 299,Independent Honor Study,1-6,Sociology and Anthropology,Undergraduate,
SOC 300,Senior Experience In Sociology,3,Sociology and Anthropology,Undergraduate,
SOC 302,Animals And Society,3,Sociology and Anthropology,Undergraduate,
SOC 310,Medical Sociology,3,Sociology and Anthropology,Undergraduate,
SOC 311,Advanced Studies in Social Aspects of Aging,3,Sociology and Anthropology,Undergraduate,
SOC 317,Sociology Of Sport,3,Sociology and Anthropology,Undergraduate,
SOC 320,Global Development & Economic Change,3,Sociology and Anthropology,Undergraduate,
SOC 330,Society And Environment,3,Sociology and Anthropology,Undergraduate,
SOC 333,"Political Sociology:Power,Culture & Change",3,Sociology and Anthropology,Undergraduate,
SOC 341,The Sociology Of Gender,3,Sociology and Anthropology,Undergraduate,
SOC 342,Sociology of the Body,3,Sociology and Anthropology,Undergraduate,
SOC 350,Sociology Of Education,3,Sociology and Anthropology,Undergraduate,
SOC 360,Serial Killers in Society,3,Sociology and Anthropology,Undergraduate,
SOC 361,"Architecture, Power, and Interaction: Urban Social Life",3,Sociology and Anthropology,Undergraduate,
SOC 362,Population,3,Sociology and Anthropology,Undergraduate,
SOC 363,Population and the Environment,3,Sociology and Anthropology,Undergraduate,
SOC 365,Juvenile Delinquency,3,Sociology and Anthropology,Undergraduate,
SOC 366,Contemporary Social Movements,3,Sociology and Anthropology,Undergraduate,
SOC 367,Criminology,3,Sociology and Anthropology,Undergraduate,
SOC 368,Chicana and Latina/x Feminisms,3,Sociology and Anthropology,Undergraduate,
SOC 372,Special Topics in Sociology,3,Sociology and Anthropology,Undergraduate,
SOC 374,Personal Relationships and Social Connections,3,Sociology and Anthropology,Undergraduate,
SOC 375,Money and Power: Insights From Economic Sociology,3,Sociology and Anthropology,Undergraduate,
SOC 400,Independent Study,1-4,Sociology and Anthropology,Graduate,
SOC 402,Animals and Society,3,Sociology and Anthropology,Graduate,
SOC 403,"Architecture, Power, and Interaction: Urban Social Life",3,Sociology and Anthropology,Graduate,
SOC 410,Medical Sociology,3,Sociology and Anthropology,Graduate,
SOC 411,Seminar In Gerontology,3,Sociology and Anthropology,Graduate,
SOC 418,Children In Global Perspective,3,Sociology and Anthropology,Graduate,
SOC 420,Global Development & Economic Change,3,Sociology and Anthropology,Graduate,
SOC 430,Society and Environment,3,Sociology and Anthropology,Graduate,
SOC 433,"Political Sociology:Power,Culture & Change",3,Sociology and Anthropology,Graduate,
SOC 440,Intermediate Social Statistics,3,Sociology and Anthropology,Graduate,
SOC 441,The Sociology of Gender,3,Sociology and Anthropology,Graduate,
SOC 442,Sociology of the Body,3,Sociology and Anthropology,Graduate,
SOC 450,Sociology Of Education,3,Sociology and Anthropology,Graduate,
SOC 454,Social Issues in Sport,3,Sociology and Anthropology,Graduate,
SOC 460,Serial Killers in Society,3,Sociology and Anthropology,Graduate,
SOC 461,Readings In Sociology,1-3,Sociology and Anthropology,Graduate,
SOC 462,Population,3,Sociology and Anthropology,Graduate,
SOC 464,Contemporary Social Movements,3,Sociology and Anthropology,Graduate,
SOC 465,Youth and Justice: A Sociological Analysis,3,Sociology and Anthropology,Graduate,
SOC 466,Sociological Theory,3,Sociology and Anthropology,Graduate,
SOC 467,Crime and Society: A Sociological Perspective,3,Sociology and Anthropology,Graduate,
SOC 468,Chicana and Latina/x Feminisms,3,Sociology and Anthropology,Graduate,
SOC 470,Seminar In Community Development,3,Sociology and Anthropology,Graduate,
SOC 471,Quantitative Research Design & Analysis,3,Sociology and Anthropology,Graduate,
SOC 472,Qualitative Research Design And Analysis,3,Sociology and Anthropology,Graduate,
SOC 474,Personal Relationships and Social Connections,3,Sociology and Anthropology,Graduate,
SOC 475,Money and Power: Insights From Economic Sociology,3,Sociology and Anthropology,Graduate,
SOC 477,Community Project Design And Management,3,Sociology and Anthropology,Graduate,
SOC 478,Topics In Administration And Planning,2,Sociology and Anthropology,Graduate,
SOC 495,Special Topics In Sociology,3,Sociology and Anthropology,Graduate,
SOC 497,Capstone Research,1-4,Sociology and Anthropology,Graduate,
SOC 498,Professional Practice:In Sociology,1-6,Sociology and Anthropology,Graduate,
SOC 499,Independent Research For The Master's Thesis,1-6,Sociology and Anthropology,Graduate,
SOC 398A01,Professional Practice:Internship In Applied Sociology,1-6,Sociology and Anthropology,Undergraduate,
SOC 398A02,Professional Practice:Internship In Sociological Research,1-6,Sociology and Anthropology,Undergraduate,
SOC 469A14,"Seminar In Class, Power And Status",3,Sociology and Anthropology,Graduate,
SOC 493A01,Pro-Seminar In Sociology,1,Sociology and Anthropology,Graduate,
SOC 498A15,Professional Practice: Stevenson Center Assistantship,1,Sociology and Anthropology,Graduate,
SOC 498A90,Professional Practice:In Sociology Final Year,1-6,Sociology and Anthropology,Graduate,
SOC 499A90,Independent Research For The Masters Thesis Final Term,1-6,Sociology and Anthropology,Graduate,
SPA 111,Basic Spanish Skills,4,"Languages, Literatures & Cultures",Undergraduate,
SPA 112,Beginning Spanish,4,"Languages, Literatures & Cultures",Undergraduate,
SPA 115,Second-Year Spanish (Part I),4,"Languages, Literatures & Cultures",Undergraduate,
SPA 116,Second-Year Spanish (Part II),4,"Languages, Literatures & Cultures",Undergraduate,
SPA 119,"Academic Spanish for Spanish Speakers, Part I",4,"Languages, Literatures & Cultures",Undergraduate,
SPA 120,"Academic Spanish for Spanish Speakers, Part II",4,"Languages, Literatures & Cultures",Undergraduate,
SPA 213,Written Communication In Spanish,3,"Languages, Literatures & Cultures",Undergraduate,
SPA 214,Oral Communication In Spanish,3,"Languages, Literatures & Cultures",Undergraduate,
SPA 215,Introduction To Spanish Linguistics,3,"Languages, Literatures & Cultures",Undergraduate,
SPA 233,Introduction To Hispanic Literature,3,"Languages, Literatures & Cultures",Undergraduate,
SPA 234,Advanced Oral Communication in Spanish,3,"Languages, Literatures & Cultures",Undergraduate,
SPA 235,Spanish for Health Care,3,"Languages, Literatures & Cultures",Undergraduate,
SPA 240,Business Spanish,3,"Languages, Literatures & Cultures",Undergraduate,
SPA 241,Spanish for Educators,3,"Languages, Literatures & Cultures",Undergraduate,
SPA 243,Cultura Espanola,3,"Languages, Literatures & Cultures",Undergraduate,
SPA 244,Cultura Hispanoamericana,3,"Languages, Literatures & Cultures",Undergraduate,
SPA 287,Independent Study In Spanish,1-6,"Languages, Literatures & Cultures",Undergraduate,
SPA 300,Research In Spanish,1-3,"Languages, Literatures & Cultures",Undergraduate,
SPA 305,Current Topics In Hispanic Civilization & Culture,3,"Languages, Literatures & Cultures",Undergraduate,
SPA 310,Spanish Syntax,3,"Languages, Literatures & Cultures",Undergraduate,
SPA 311,Spanish Phonetics & Phonology,3,"Languages, Literatures & Cultures",Undergraduate,
SPA 323,Spanish Literature:Medieval & Renaissance,3,"Languages, Literatures & Cultures",Undergraduate,
SPA 324,Spanish Literature:18th Century To Present Day,3,"Languages, Literatures & Cultures",Undergraduate,
SPA 326,Spanish American Literature:Foundations To Late 19th Century,3,"Languages, Literatures & Cultures",Undergraduate,
SPA 327,Spanish American Literature:Late 19th Century To Present Day,3,"Languages, Literatures & Cultures",Undergraduate,
SPA 336,Selected Topics In Spanish-American Literature,3,"Languages, Literatures & Cultures",Undergraduate,
SPA 337,Selected Topics In Peninsular Spanish Literature,3,"Languages, Literatures & Cultures",Undergraduate,
SPA 360,Studies In Spanish Linguistics,3,"Languages, Literatures & Cultures",Undergraduate,
SPA 370,Topics In Spanish Pedagogy,3,"Languages, Literatures & Cultures",Undergraduate,
SPA 385,Topics In Hispanic Literature,3,"Languages, Literatures & Cultures",Undergraduate,
SPA 398,Professional Practice: Internship in Spanish,1-6,"Languages, Literatures & Cultures",Undergraduate,
SPA 399,Student Teaching In Spanish,1-16,"Languages, Literatures & Cultures",Undergraduate,
SPA 400,Independent Study In Spanish,1-4,"Languages, Literatures & Cultures",Graduate,
SPA 405,Seminar On Spanish And/Or Spanish American Culture,3,"Languages, Literatures & Cultures",Graduate,
SPA 410,Spanish Syntax,3,"Languages, Literatures & Cultures",Graduate,
SPA 411,Spanish-American Novel,3,"Languages, Literatures & Cultures",Graduate,
SPA 412,Spanish Phonetics and Phonology,3,"Languages, Literatures & Cultures",Graduate,
SPA 415,Studies In Seventeenth Century Spanish Literature,3,"Languages, Literatures & Cultures",Graduate,
SPA 418,Studies In Eighteenth & Nineteenth Century Spanish Literatur,3,"Languages, Literatures & Cultures",Graduate,
SPA 421,History Of The Spanish Language,3,"Languages, Literatures & Cultures",Graduate,
SPA 423,Spanish Literature:Medieval & Renaissance,3,"Languages, Literatures & Cultures",Graduate,
SPA 424,Spanish Literature:18th Century to Present Day,3,"Languages, Literatures & Cultures",Graduate,
SPA 425,Seminar In Spanish Linguistics,3,"Languages, Literatures & Cultures",Graduate,
SPA 426,Latin American Literature: Foundations through Nation Building,3,"Languages, Literatures & Cultures",Graduate,
SPA 427,Spanish American Literature: 19th Century to Present Day,3,"Languages, Literatures & Cultures",Graduate,
SPA 431,Studies In Early Spanish American Literature,3,"Languages, Literatures & Cultures",Graduate,
SPA 434,Studies In Modern Spanish American Literature,3,"Languages, Literatures & Cultures",Graduate,
SPA 436,Selected Topics in Spanish-American Literature,3,"Languages, Literatures & Cultures",Graduate,
SPA 437,Selected Topics in Peninsular Spanish Literature,3,"Languages, Literatures & Cultures",Graduate,
SPA 460,Studies in Spanish Linguistics,3,"Languages, Literatures & Cultures",Graduate,
SPA 470,Don Quixote,3,"Languages, Literatures & Cultures",Graduate,
SPA 472,Topics in Spanish Pedagogy,3,"Languages, Literatures & Cultures",Graduate,
SPA 482,Topics in Hispanic Literature,3,"Languages, Literatures & Cultures",Graduate,
SPA 484,Studies Twentieth & Twenty-First Century Spanish Literature,3,"Languages, Literatures & Cultures",Graduate,
SPA 499,Independent Research for the Master's Thesis,1-6,"Languages, Literatures & Cultures",Graduate,
SWK 170,Introduction To Social Work,3,Social Work,Undergraduate,
SWK 222,Historical And Contemporary Social Welfare Policy & Programs,3,Social Work,Undergraduate,
SWK 223,Human Behavior In The Social Environment I,3,Social Work,Undergraduate,
SWK 225,Human Behavior In The Social Environment II,3,Social Work,Undergraduate,
SWK 287,Independent Study In Social Work,1-6,Social Work,Undergraduate,
SWK 299,Independent Honor Study In Social Work,1-6,Social Work,Undergraduate,
SWK 310,Understanding Diverse Populations,3,Social Work,Undergraduate,
SWK 315,Social Work Research,3,Social Work,Undergraduate,
SWK 323,Child Welfare Services,3,Social Work,Undergraduate,
SWK 324,Topics In Child Welfare,3,Social Work,Undergraduate,
SWK 325,Generalist Practice I: Individuals,3,Social Work,Undergraduate,
SWK 326,Practice Skills,3,Social Work,Undergraduate,
SWK 329,Preparation For Professional Practice,3,Social Work,Undergraduate,
SWK 330,Topics In Contemporary Social Work And Social Welfare,1-3,Social Work,Undergraduate,
SWK 336,Generalist Practice II:Families,3,Social Work,Undergraduate,
SWK 337,Generalist Practice III:Groups,3,Social Work,Undergraduate,
SWK 345,Generalist Practice IV: Communities,3,Social Work,Undergraduate,
SWK 346,Policy Practice And Advocacy,3,Social Work,Undergraduate,
SWK 394,Field Instruction Seminar I,2,Social Work,Undergraduate,
SWK 395,Field Instruction Seminar II,2,Social Work,Undergraduate,
SWK 400,Independent Study,1-3,Social Work,Graduate,
SWK 402,Human Behavior,3,Social Work,Graduate,
SWK 406,Social Welfare Policy & Services,3,Social Work,Graduate,
SWK 412,Generalist Research,3,Social Work,Graduate,
SWK 413,Generalist Practice Development Laboratory,3,Social Work,Graduate,
SWK 414,Generalist Social Work Practice I: Individuals,3,Social Work,Graduate,
SWK 418,Generalist Social Work Practice II: Families And Groups,3,Social Work,Graduate,
SWK 419,Generalist Social Work Practice III: Organizations and Communities,3,Social Work,Graduate,
SWK 420,Social Determinants of Health: From Disparity to Equity,3,Social Work,Graduate,
SWK 422,Generalist Practicum Seminar,2,Social Work,Graduate,
SWK 423,Child Welfare Services,3,Social Work,Graduate,
SWK 424,Topics In Child Welfare,3,Social Work,Graduate,
SWK 430,Topics In Contemporary Social Work And Social Welfare,1-3,Social Work,Graduate,
SWK 444,Promoting Social Justice with Diverse Populations,3,Social Work,Graduate,
SWK 445,Practice Evaluation I,2,Social Work,Graduate,
SWK 448,Practice Evaluation II,2,Social Work,Graduate,
SWK 450,Psychopathology,3,Social Work,Graduate,
SWK 454,Practice With Children and Adolescents,3,Social Work,Graduate,
SWK 456,Child and Family Policy,3,Social Work,Graduate,
SWK 457,Family Centered Practice,3,Social Work,Graduate,
SWK 461,School Social Work Policy & Practice I,3,Social Work,Graduate,
SWK 463,School Social Work Policy & Practice II,3,Social Work,Graduate,
SWK 465,Advanced Social Work Practice In Integrated Behavioral Health Care,3,Social Work,Graduate,
SWK 486,Practice with Substance Use Disorders,3,Social Work,Graduate,
SWK 491,Specialized Practicum Seminar I,1,Social Work,Graduate,
SWK 492,Specialized Practicum Seminar II,1,Social Work,Graduate,
SWK 498,Professional Practice In Social Work,1-9,Social Work,Graduate,
SWK 398A10,Professional Practice: Field Instruction I,7,Social Work,Undergraduate,
SWK 398A11,Professional Practice: Field Instruction II,7,Social Work,Undergraduate,
SWK 498A01,Generalist Practicum,4,Social Work,Graduate,
SWK 498A03,Specialized Practicum I,3,Social Work,Graduate,
SWK 498A04,Specialized Practicum II,3,Social Work,Graduate,
SWK 498A90,Specialized Practicum I Final Year,1-6,Social Work,Graduate,
TCH 104,Introduction To Education In The United States,3,Teaching and Learning,Undergraduate,
TCH 110,Cross Cultural Teaching And Learning,3,Teaching and Learning,Undergraduate,
TCH 130,Introduction to Young Adolescent Development & Middle Level Schools,3,Teaching and Learning,Undergraduate,
TCH 204,Elementary Education: Practices & Issues,3,Teaching and Learning,Undergraduate,
TCH 205,Elementary Education Clinical I,3,Teaching and Learning,Undergraduate,
TCH 207,Literacy Instruction in Culturally & Linguistically Diverse Middle Level Classroom,3,Teaching and Learning,Undergraduate,
TCH 208,Reading and Language Development,3,Teaching and Learning,Undergraduate,
TCH 209,Literacy II:Reading & Language Arts In The Elementary School,3,Teaching and Learning,Undergraduate,
TCH 210,Child Growth And Development,3,Teaching and Learning,Undergraduate,
TCH 212,The Teaching Profession In Secondary Schools,2,Teaching and Learning,Undergraduate,
TCH 213,Technology And Learning In A Digital World,3,Teaching and Learning,Undergraduate,
TCH 216,Prin & Practices For Teaching & Learning In Secondary School,3,Teaching and Learning,Undergraduate,
TCH 219,Integrating Multiple Literacies & Technology Across Secondary Curriculum,3,Teaching and Learning,Undergraduate,
TCH 222,Reading Assessment,3,Teaching and Learning,Undergraduate,
TCH 223,Content Area Language And Literacy In Elementary Classrooms,3,Teaching and Learning,Undergraduate,
TCH 224,Developing Readers Through Writing,3,Teaching and Learning,Undergraduate,
TCH 225,"Pre-Kindergarten Education with an Emphasis on Family, Professional, and Community Collaboration",3,Teaching and Learning,Undergraduate,
TCH 226,Social Studies and Science Methods for Early Childhood,3,Teaching and Learning,Undergraduate,
TCH 228,Introduction to Middle Level Education,3,Teaching and Learning,Undergraduate,
TCH 232,Urban Education: An Introduction,3,Teaching and Learning,Undergraduate,
TCH 233,Teaching And Learning in Middle Level Education,3,Teaching and Learning,Undergraduate,
TCH 235,Foundations And Assessment Of Reading In Middle Schools,3,Teaching and Learning,Undergraduate,
TCH 236,Teaching Literacy Through Adolescent Literature,3,Teaching and Learning,Undergraduate,
TCH 237,English Language Arts Writing Methods For Middle School,3,Teaching and Learning,Undergraduate,
TCH 238,English Language Arts Literature Methods For Middle School,3,Teaching and Learning,Undergraduate,
TCH 239,Teaching Scientific Inquiry to Middle Level Teachers,3,Teaching and Learning,Undergraduate,
TCH 240,Social Studies Content Inquiry in the Middle School Classroom,3,Teaching and Learning,Undergraduate,
TCH 241,Inquiry in the Middle Level ELA Classroom,3,Teaching and Learning,Undergraduate,
TCH 247,Science Inquiry for Elementary Teachers,3,Teaching and Learning,Undergraduate,
TCH 248,Foundations For Effective Practice With English Learners,3,Teaching and Learning,Undergraduate,
TCH 255,"Literacy, Technology, and Pedagogical Practices in Secondary Schools",6,Teaching and Learning,Undergraduate,
TCH 257,Science Methods,3,Teaching and Learning,Undergraduate,
TCH 258,Social Studies Methods,3,Teaching and Learning,Undergraduate,
TCH 260,Elementary Education Clinical II,3,Teaching and Learning,Undergraduate,
TCH 261,Reading in Digital Environments,3,Teaching and Learning,Undergraduate,
TCH 264,Language Arts Instructional Strategies,3,Teaching and Learning,Undergraduate,
TCH 265,Curriculum And Pedagogical Issues In A Global Society,1-6,Teaching and Learning,Undergraduate,
TCH 267,Language Arts In The Early Childhood Classroom,3,Teaching and Learning,Undergraduate,
TCH 268,Teaching Early Childhood Mathematics I,3,Teaching and Learning,Undergraduate,
TCH 271,Prekindergarten Education,3,Teaching and Learning,Undergraduate,
TCH 272,Biliteracy Development in K-12 Classrooms,3,Teaching and Learning,Undergraduate,
TCH 273,Early Language and Literacy Learning,3,Teaching and Learning,Undergraduate,
TCH 274,Literacy and Language Assessment,3,Teaching and Learning,Undergraduate,
TCH 275,Teaching Early Childhood Mathematics II,3,Teaching and Learning,Undergraduate,
TCH 276,Teaching Science In Early Childhood,3,Teaching and Learning,Undergraduate,
TCH 277,Social Studies For Early Childhood,3,Teaching and Learning,Undergraduate,
TCH 278,Practices & Issues In Early Childhood Education,3,Teaching and Learning,Undergraduate,
TCH 287,Independent Study,1-6,Teaching and Learning,Undergraduate,
TCH 291,Undergraduate Teaching Experience In Curriculum & Instruct,1-3,Teaching and Learning,Undergraduate,
TCH 292,Early Childhood Education Clinical I,3,Teaching and Learning,Undergraduate,
TCH 293,Early Childhood Education Clinical II,3,Teaching and Learning,Undergraduate,
TCH 294,Early Childhood Education Clinical III,3,Teaching and Learning,Undergraduate,
TCH 296,Middle Level Education Clinical I,3,Teaching and Learning,Undergraduate,
TCH 299,Independent Honor Study,1-6,Teaching and Learning,Undergraduate,
TCH 306,Literacy And Technology Across Middle Level Disciplines,3,Teaching and Learning,Undergraduate,
TCH 307,Methods & Strategies in Middle Level Teaching,3,Teaching and Learning,Undergraduate,
TCH 314,"Curriculum, Planning And Assessment In Early Childhood Classrooms",3,Teaching and Learning,Undergraduate,
TCH 318,Effective Strategies For Teach English Learners In The Gen Ed Classroom,3,Teaching and Learning,Undergraduate,
TCH 319,Study Of Bilingual/Bicultural Education,3,Teaching and Learning,Undergraduate,
TCH 320,Assessment of Bilingual Learners and Bilingual Program Design,3,Teaching and Learning,Undergraduate,
TCH 321,Methods and Materials for Bilingual and English Lang Learners,3,Teaching and Learning,Undergraduate,
TCH 323,English Language Arts Methods,3,Teaching and Learning,Undergraduate,
TCH 324,Social Studies Methods for Middle Level Education,3,Teaching and Learning,Undergraduate,
TCH 333,"Middle Level Curriculum, Instruction, and Assessment",3,Teaching and Learning,Undergraduate,
TCH 334,English Learners in the Middle Level Classroom,3,Teaching and Learning,Undergraduate,
TCH 351,Science Methods For The Middle School,3,Teaching and Learning,Undergraduate,
TCH 352,Social Studies Methods For The Middle School,3,Teaching and Learning,Undergraduate,
TCH 391,"Tchng For Equity In Elem Classrooms Thr Assessmt,Collab,Comm",3,Teaching and Learning,Undergraduate,
TCH 394,Special Education in Middle Level Schools,3,Teaching and Learning,Undergraduate,
TCH 395,Issues And Strategies In Middle Level Teaching,3,Teaching and Learning,Undergraduate,
TCH 396,Middle Level Education Clinical II,3,Teaching and Learning,Undergraduate,
TCH 398,Professional Practice: School/Community Involvement,2-12,Teaching and Learning,Undergraduate,
TCH 399,Student Teaching In Early Childhood Education,1-16,Teaching and Learning,Undergraduate,
TCH 400,Independent Study,1-4,Teaching and Learning,Graduate,
TCH 401,Introduction To Educational Technologies,3,Teaching and Learning,Graduate,
TCH 402,Reflective Teaching Practice,3,Teaching and Learning,Graduate,
TCH 404,Child Growth and Development,3,Teaching and Learning,Graduate,
TCH 405,Educational Practices and Student Diversity in Elementary Education,3,Teaching and Learning,Graduate,
TCH 407,Learning In Educational Settings,3,Teaching and Learning,Graduate,
TCH 408,Reading and Language Development,3,Teaching and Learning,Graduate,
TCH 409,Student Diversity And Educational Practices,3,Teaching and Learning,Graduate,
TCH 410,Emerging Educational Technologies,3,Teaching and Learning,Graduate,
TCH 411,Curriculum,3,Teaching and Learning,Graduate,
TCH 414,Introduction To School Librarianship,3,Teaching and Learning,Graduate,
TCH 416,Technology And The School Library,3,Teaching and Learning,Graduate,
TCH 418,Effective Strategies for Teaching Emergent Bilingual Students in the General Education Classroom,3,Teaching and Learning,Graduate,
TCH 419,The Study of Bilingual/Bicultural Education,3,Teaching and Learning,Graduate,
TCH 420,The Assessment of Bilingual Learners,3,Teaching and Learning,Graduate,
TCH 421,Functions Of The Middle School,3,Teaching and Learning,Graduate,
TCH 423,Developmental Issues In Early Adolescent Education,3,Teaching and Learning,Graduate,
TCH 424,Methods and Materials for Bilingual and English Learners,3,Teaching and Learning,Graduate,
TCH 427,Biliteracy Development in K-12 Classrooms,3,Teaching and Learning,Graduate,
TCH 430,Educational Technologies and Design,3,Teaching and Learning,Graduate,
TCH 432,Technology Across the Disciplines,3,Teaching and Learning,Graduate,
TCH 433,"Middle Level Curriculum, Instruction, & Assessment",3,Teaching and Learning,Graduate,
TCH 434,Reading Assessment,3,Teaching and Learning,Graduate,
TCH 438,E-Learning Ecologies In Educational Settings,3,Teaching and Learning,Graduate,
TCH 440,Foundations and Management Of School Libraries,3,Teaching and Learning,Graduate,
TCH 441,"Child, Family, and Community Engagement",3,Teaching and Learning,Graduate,
TCH 442,Organization & Access To Information In The School Library,3,Teaching and Learning,Graduate,
TCH 443,Advanced Topics In Curriculum & Instruction,3,Teaching and Learning,Graduate,
TCH 444,Reference & Information Services,3,Teaching and Learning,Graduate,
TCH 445,Information Literacy Instruction and Reference Services for School Libraries,3,Teaching and Learning,Graduate,
TCH 447,Teaching Early Childhood Multilingual Learners,3,Teaching and Learning,Graduate,
TCH 448,Teaching Early Childhood Teachers,3,Teaching and Learning,Graduate,
TCH 449,Selection & Use Of Materials In Elementary School Library,3,Teaching and Learning,Graduate,
TCH 450,Curriculum In Science Education,3,Teaching and Learning,Graduate,
TCH 451,Recent Research In Science Education,3,Teaching and Learning,Graduate,
TCH 452,Writing Instruction In The PreK-12 Classroom,3,Teaching and Learning,Graduate,
TCH 453,Instructional Strategies For School Science,3,Teaching and Learning,Graduate,
TCH 454,Selection & Use Of Materials In Secondary School Library,3,Teaching and Learning,Graduate,
TCH 455,Writing Development Across the Lifespan,3,Teaching and Learning,Graduate,
TCH 456,Professional Learning & Coaching in Literacy,3,Teaching and Learning,Graduate,
TCH 457,Science Methods for Elementary Teaching and Learning,3,Teaching and Learning,Graduate,
TCH 458,Social Studies Theory and Methods,3,Teaching and Learning,Graduate,
TCH 461,Literacy Learning In A Digital World,3,Teaching and Learning,Graduate,
TCH 462,"Connecting Literacy Theory, Research & Practice",3,Teaching and Learning,Graduate,
TCH 463,Classroom Based Literacy Assessment and Instruction,3,Teaching and Learning,Graduate,
TCH 464,Critical Interpretation and Application of Literacy Research,3,Teaching and Learning,Graduate,
TCH 465,Disciplinary Literacies,3,Teaching and Learning,Graduate,
TCH 466,Evaluation And Leadership In Literacy,3,Teaching and Learning,Graduate,
TCH 467,Equitable Reading Development & Practices,3,Teaching and Learning,Graduate,
TCH 468,Professional Research In Literacy Learning I,3,Teaching and Learning,Graduate,
TCH 469,Professional Research In Literacy Learning II,3,Teaching and Learning,Graduate,
TCH 471,Social And Cultural Contexts For Language And Literacy,3,Teaching and Learning,Graduate,
TCH 473,"Supporting Practicing Teachers: Effective Mentor, Coaching ,Prof Dev Strategies",3,Teaching and Learning,Graduate,
TCH 474,Reading Literature With Children In The Classroom,3,Teaching and Learning,Graduate,
TCH 478,Evaluating Student Performance,3,Teaching and Learning,Graduate,
TCH 481,Professional Research I,3,Teaching and Learning,Graduate,
TCH 482,Professional Research II,3,Teaching and Learning,Graduate,
TCH 495,Methods & Strategies in Middle Level Teaching,3,Teaching and Learning,Graduate,
TCH 498,Professional Practice Experience - School of Teaching and Learning,1-9,Teaching and Learning,Graduate,
TCH 499,Independent Research For The Master's Thesis,1-6,Teaching and Learning,Graduate,
TCH 500,Independent Study,1-4,Teaching and Learning,Graduate,
TCH 501,Intro To Doctoral Scholarship,3,Teaching and Learning,Graduate,
TCH 533,Scholarship in the Academy,3,Teaching and Learning,Graduate,
TCH 536,Conceptual Understandings of Educational Research,3,Teaching and Learning,Graduate,
TCH 562,Foundations Of Teacher Education,3,Teaching and Learning,Graduate,
TCH 563,Critical Issues In Teacher Education,3,Teaching and Learning,Graduate,
TCH 564,Assessment in Education,3,Teaching and Learning,Graduate,
TCH 574,Social and Cognitive Theories in Education,3,Teaching and Learning,Graduate,
TCH 576,Contemporary Curriculum Theory And Design,3,Teaching and Learning,Graduate,
TCH 579,Critical Perspectives on Technology-Based Learning,3,Teaching and Learning,Graduate,
TCH 580,Critical Studies In Diversity And Education,3,Teaching and Learning,Graduate,
TCH 595,Research Seminar In Education,3,Teaching and Learning,Graduate,
TCH 598,Professional Practice,1-12,Teaching and Learning,Graduate,
TCH 599,Dissertation Research,1-10,Teaching and Learning,Graduate,
TCH 210A01,Child Growth And Development: Early Childhood and Elementary Education,3,Teaching and Learning,Undergraduate,
TCH 216A01,Secondary Education Lab Agriculture,0,Teaching and Learning,Undergraduate,
TCH 216A02,Secondary Education University High School Lab Art,0,Teaching and Learning,Undergraduate,
TCH 216A03,Secondary Education University High School Lab Business,0,Teaching and Learning,Undergraduate,
TCH 216A04,Secondary Ed University High School Lab English and Speech,0,Teaching and Learning,Undergraduate,
TCH 216A05,Secondary Education Lab Family Consumer Sciences,0,Teaching and Learning,Undergraduate,
TCH 216A06,Secondary Education University High School Lab French,0,Teaching and Learning,Undergraduate,
TCH 216A07,Secondary Education University High School Lab Mathematics,0,Teaching and Learning,Undergraduate,
TCH 216A08,Secondary Ed University High School Lab Physical Ed,0,Teaching and Learning,Undergraduate,
TCH 216A09,Secondary Ed University High School Lab Science Biology,0,Teaching and Learning,Undergraduate,
TCH 216A10,Secondary Ed University High School Lab Science Chemistry,0,Teaching and Learning,Undergraduate,
TCH 216A11,Secondary Ed University High School Lab Science Physics,0,Teaching and Learning,Undergraduate,
TCH 216A12,Secondary Ed University High School Lab Social Studies,0,Teaching and Learning,Undergraduate,
TCH 216A13,Secondary Education University High School Lab Spanish,0,Teaching and Learning,Undergraduate,
TCH 216A14,Secondary Ed University High School Lab Technical Education,0,Teaching and Learning,Undergraduate,
TCH 216A15,Secondary Ed Lab Geology/Earth Science,0,Teaching and Learning,Undergraduate,
TCH 216A16,Secondary Ed University High School Lab Customized,0,Teaching and Learning,Undergraduate,
TCH 216A17,Secondary Education PDS Lab,0,Teaching and Learning,Undergraduate,
TCH 216A18,Secondary Education Lab Dance,0,Teaching and Learning,Undergraduate,
TCH 216A19,Secondary Ed University High School Lab Health,0,Teaching and Learning,Undergraduate,
TCH 216A20,Secondary Education Lab Theater,0,Teaching and Learning,Undergraduate,
TCH 307A01,Methods and Strategies in Middle Level Teaching: History,3,Teaching and Learning,Undergraduate,
TCH 307A02,Methods and Strategies in Middle Level Teaching: English,3,Teaching and Learning,Undergraduate,
TCH 307A03,Methods and Strategies in Middle Level Teaching: Chemistry,3,Teaching and Learning,Undergraduate,
TCH 307A04,Methods and Strategies in Middle Level Education: Biology,3,Teaching and Learning,Undergraduate,
TCH 307A05,Methods and Strategies in Middle Level Teaching: Geography,3,Teaching and Learning,Undergraduate,
TCH 399A01,Student Teaching In Elementary Education,1-16,Teaching and Learning,Undergraduate,
TCH 399A02,Student Teaching In Middle Level Education,1-16,Teaching and Learning,Undergraduate,
TCH 402A01,Reflective Teaching Practice: Assessment,3,Teaching and Learning,Graduate,
TCH 402A02,Reflective Teaching Practice: Learning Environment,3,Teaching and Learning,Graduate,
TCH 429A10,Teaching With Primary Sources,2,Teaching and Learning,Graduate,
TCH 470A11,Seminar in Literacy: Clinical Reading Research and Practice,3,Teaching and Learning,Graduate,
TCH 498A01,Professional Practice TCH - ESL Experience,1-9,Teaching and Learning,Graduate,
TCH 498A02,Clinical 1: Experience with Elementary Children and Teachers,1,Teaching and Learning,Graduate,
TCH 498A03,Clinical 2: Teacher Routines in a Classroom and School,1,Teaching and Learning,Graduate,
TCH 498A05,Clinical 4: Content Curriculum and Methods,1,Teaching and Learning,Graduate,
TCH 499A90,Independent Research For The Master's Thesis Last Term,1,Teaching and Learning,Graduate,
TCH 595A13,Research Seminar in Education: Qualitative Research,3,Teaching and Learning,Graduate,
TCH 595A14,Research Seminar in Education: Quantitative Research,3,Teaching and Learning,Graduate,
TCH 598A90,Professional Practice: Final Term,1-12,Teaching and Learning,Graduate,
TCH 599A90,Dissertation Research Final Term,1,Teaching and Learning,Graduate,
TEC 100,Professional Development In Technology,1,Technology,Undergraduate,
TEC 101,Introduction To Teaching Technology,3,Technology,Undergraduate,
TEC 111,Fundamentals Of Power Technology,3,Technology,Undergraduate,
TEC 116,Intro Technical Drawing & Constraint-Based Solid Modeling,3,Technology,Undergraduate,
TEC 117,Construction Graphics,3,Technology,Undergraduate,
TEC 120,Introduction To Building Construction,3,Technology,Undergraduate,
TEC 121,Construction Methods,2,Technology,Undergraduate,
TEC 123,Construction Documents & Quantity Takeoff,3,Technology,Undergraduate,
TEC 130,Introduction To Manufacturing Processes,3,Technology,Undergraduate,
TEC 143,Introduction to Computer Hardware and Client Operating Systems,3,Technology,Undergraduate,
TEC 150,Graphic Communications Technology,3,Technology,Undergraduate,
TEC 151,Introduction To Computer Systems Technology,3,Technology,Undergraduate,
TEC 152,Digital Media Applications,3,Technology,Undergraduate,
TEC 160,Introduction To Renewable Energy,3,Technology,Undergraduate,
TEC 170,Energy For A Sustainable Future,3,Technology,Undergraduate,
TEC 216,Constraint-Based Solid Modeling And Production Drawings,3,Technology,Undergraduate,
TEC 217,Building Information Modeling,3,Technology,Undergraduate,
TEC 222,Mechanical & Electrical Systems For Buildings,3,Technology,Undergraduate,
TEC 223,Field Engineering,3,Technology,Undergraduate,
TEC 224,Soils And Foundations,3,Technology,Undergraduate,
TEC 225,Construction Equipment Management,3,Technology,Undergraduate,
TEC 226,Construction Risk Management And Law,2,Technology,Undergraduate,
TEC 229,Cost Estimating,3,Technology,Undergraduate,
TEC 233,Computer Numerical Control (CNC) & Machining,3,Technology,Undergraduate,
TEC 234,Robotic Systems Integration,3,Technology,Undergraduate,
TEC 240,Electric Circuits & Machines,3,Technology,Undergraduate,
TEC 243,Computer Networking Systems,3,Technology,Undergraduate,
TEC 244,Digital Electronics,3,Technology,Undergraduate,
TEC 245,Applications Of Server Operating Systems,3,Technology,Undergraduate,
TEC 250,Graphic Media Composition,3,Technology,Undergraduate,
TEC 253,Image Capture And Editing,3,Technology,Undergraduate,
TEC 257,Print Media Production,3,Technology,Undergraduate,
TEC 258,Renewable Energy Technology Applications,3,Technology,Undergraduate,
TEC 259,"Power Generation: Production, Conversion and Storage",3,Technology,Undergraduate,
TEC 260,Research And Analytical Tools In Renewable Energy,3,Technology,Undergraduate,
TEC 262,Energy Planning and Management: From Buildings to Communities,3,Technology,Undergraduate,
TEC 263,Automated Fluid Power Systems,3,Technology,Undergraduate,
TEC 270,Managing Technological Systems,3,Technology,Undergraduate,
TEC 275,Technology And Quality Of Life,3,Technology,Undergraduate,
TEC 283,Fundamentals of Programming and Object-Oriented Design,3,Technology,Undergraduate,
TEC 284,Technical Computer Applications,3,Technology,Undergraduate,
TEC 285,Industrial Plastics,3,Technology,Undergraduate,
TEC 287,Independent Study,1-6,Technology,Undergraduate,
TEC 291,Undergraduate Teaching Experience In Industrial Technology,1-3,Technology,Undergraduate,
TEC 292,Construction Materials Technology,3,Technology,Undergraduate,
TEC 293,Mechanical Properties of Materials,3,Technology,Undergraduate,
TEC 299,Independent Honor Study,1-6,Technology,Undergraduate,
TEC 303,Engineering Design,3,Technology,Undergraduate,
TEC 304,"Medical, Agricultural & Bio-Related Technologies",3,Technology,Undergraduate,
TEC 305,"Teaching Transportation, Energy, & Power Technologies",3,Technology,Undergraduate,
TEC 307,Competencies For Teaching,4,Technology,Undergraduate,
TEC 310,Stem Education Foundations,3,Technology,Undergraduate,
TEC 313,Quality Systems For Technology,3,Technology,Undergraduate,
TEC 315,Cloud Computing Security,3,Technology,Undergraduate,
TEC 317,Computer Generated Imagery,3,Technology,Undergraduate,
TEC 319,Graphical Software Interfaces,3,Technology,Undergraduate,
TEC 320,Project Management,3,Technology,Undergraduate,
TEC 322,Building Codes And Inspections,2,Technology,Undergraduate,
TEC 324,Advanced Mechanical and Electrical Systems,3,Technology,Undergraduate,
TEC 325,Construction Scheduling,3,Technology,Undergraduate,
TEC 326,Construction Finance And Accounting,3,Technology,Undergraduate,
TEC 327,Design Of Building Structures,3,Technology,Undergraduate,
TEC 328,Residential Development,3,Technology,Undergraduate,
TEC 329,Sustainable Buildings and Urban Development,3,Technology,Undergraduate,
TEC 330,Applied Economic Analysis For Technologists,3,Technology,Undergraduate,
TEC 333,Geometric Dimensioning and Tolerancing,3,Technology,Undergraduate,
TEC 345,Process Control Networks,3,Technology,Undergraduate,
TEC 350,Package Design And Production,3,Technology,Undergraduate,
TEC 351,Cross-Media Technology,3,Technology,Undergraduate,
TEC 352,Prepress Technology,3,Technology,Undergraduate,
TEC 353,Color Management,3,Technology,Undergraduate,
TEC 354,Print Production Planning and Profitability,3,Technology,Undergraduate,
TEC 356,Graphic Communication Business Practices,3,Technology,Undergraduate,
TEC 358,E-Publishing Management,3,Technology,Undergraduate,
TEC 360,Renewable Energy Capstone,3,Technology,Undergraduate,
TEC 361,Teaching Computer Science in the Secondary School,2,Technology,Undergraduate,
TEC 362,Seminar on Teaching Computer Science in the Secondary School,1,Technology,Undergraduate,
TEC 370,Supply Chain Logistics,3,Technology,Undergraduate,
TEC 378,E-Commerce,3,Technology,Undergraduate,
TEC 383,Telecommunications Technology,3,Technology,Undergraduate,
TEC 390,Computer Systems Applications,3,Technology,Undergraduate,
TEC 392,Manufacturing Organization And Management,3,Technology,Undergraduate,
TEC 394,Construction Management And Administration,3,Technology,Undergraduate,
TEC 399,Student Teaching In Technology And Engineering Education,1-16,Technology,Undergraduate,
TEC 400,Independent Study,1-4,Technology,Graduate,
TEC 403,"Medical, Agricultural & Bio-Related Technologies",3,Technology,Graduate,
TEC 404,Special Projects In Industrial Technology,1-3,Technology,Graduate,
TEC 405,"Teaching Transportation, Energy, & Power Technologies",3,Technology,Graduate,
TEC 406,Instructional Program Design For Industrial Training,3,Technology,Graduate,
TEC 407,Instructional Program Development For Industrial Training,3,Technology,Graduate,
TEC 408,Instructional Program Implementation & Evaluation For Ind Tr,3,Technology,Graduate,
TEC 409,Competencies For Teaching,4,Technology,Graduate,
TEC 410,Stem Education Foundations,3,Technology,Graduate,
TEC 413,Quality Systems For Technology,3,Technology,Graduate,
TEC 417,Computer Generated Imagery,3,Technology,Graduate,
TEC 419,Graphical Software Interfaces,3,Technology,Graduate,
TEC 420,Project Management,3,Technology,Graduate,
TEC 423,Stem Education Learning Theories,3,Technology,Graduate,
TEC 424,Stem Education Integrated Curriculum,3,Technology,Graduate,
TEC 425,STEM Education Leadership,3,Technology,Graduate,
TEC 430,Project Leadership,3,Technology,Graduate,
TEC 431,Project Initiation And Planning,3,Technology,Graduate,
TEC 432,Project Implementation And Control,3,Technology,Graduate,
TEC 433,Contemporary Issues in Project Management,3,Technology,Graduate,
TEC 434,Geometric Dimensioning and Tolerancing,3,Technology,Graduate,
TEC 436,Contemporary Issues in Quality Management and Analytics,3,Technology,Graduate,
TEC 437,Quality And Organizational Excellence,3,Technology,Graduate,
TEC 438,Project Risk And Decision Analysis,3,Technology,Graduate,
TEC 439,Introduction To Six Sigma Methodologies,3,Technology,Graduate,
TEC 445,Statistics In Applied Science And Technology,3,Technology,Graduate,
TEC 446,Process Control Networks,3,Technology,Graduate,
TEC 450,Package Design And Production,3,Technology,Graduate,
TEC 451,Cross-Media Technology,3,Technology,Graduate,
TEC 452,Prepress Technology,3,Technology,Graduate,
TEC 453,Color Management,3,Technology,Graduate,
TEC 456,Graphic Communication Business Practices,3,Technology,Graduate,
TEC 458,E-Publishing Management,3,Technology,Graduate,
TEC 470,Supply Chain Logistics,3,Technology,Graduate,
TEC 478,E-Commerce,3,Technology,Graduate,
TEC 483,Telecommunications Technology,3,Technology,Graduate,
TEC 484,Computer Systems Applications,3,Technology,Graduate,
TEC 497,Introduction To Research Methodology,3,Technology,Graduate,
TEC 498,Professional Practice In Industrial Technology,1-8,Technology,Graduate,
TEC 499,Independent Research For The Master's Thesis,1-6,Technology,Graduate,
TEC 398A02,Professional Practice:Internship In Technology,1-8,Technology,Undergraduate,
TEC 499A90,Independent Research For The Master's Thesis Last Term,1-6,Technology,Graduate,
THE 102,Theatre Practicum,0.5,"Theatre, Dance, and Film",Undergraduate,
THE 103,Fundamentals Of Theatre I,3,"Theatre, Dance, and Film",Undergraduate,
THE 104,Fundamentals Of Theatre II,3,"Theatre, Dance, and Film",Undergraduate,
THE 105,Diversity in Theatre,3,"Theatre, Dance, and Film",Undergraduate,
THE 110,Acting I,3,"Theatre, Dance, and Film",Undergraduate,
THE 112,Theatre Teacher Education Seminar,1,"Theatre, Dance, and Film",Undergraduate,
THE 120,Musical Theatre Workshop I,1,"Theatre, Dance, and Film",Undergraduate,
THE 130,Introduction To Costume,3,"Theatre, Dance, and Film",Undergraduate,
THE 135,Applied Voice: Musical Theatre,2,"Theatre, Dance, and Film",Undergraduate,
THE 152,Experiencing Theatre,3,"Theatre, Dance, and Film",Undergraduate,
THE 153,Introduction To Acting,3,"Theatre, Dance, and Film",Undergraduate,
THE 154,Introduction To Black Drama And Theatre,3,"Theatre, Dance, and Film",Undergraduate,
THE 160,Stagecraft,3,"Theatre, Dance, and Film",Undergraduate,
THE 170,Introduction To Film Art,3,"Theatre, Dance, and Film",Undergraduate,
THE 171,History Of The American Film,3,"Theatre, Dance, and Film",Undergraduate,
THE 183,Puppetry,3,"Theatre, Dance, and Film",Undergraduate,
THE 185,Orientation To Theatre Teacher Education I,3,"Theatre, Dance, and Film",Undergraduate,
THE 210,Acting II,3,"Theatre, Dance, and Film",Undergraduate,
THE 213,Theatre For Social Change,3,"Theatre, Dance, and Film",Undergraduate,
THE 215,Improvisation for the Actor,3,"Theatre, Dance, and Film",Undergraduate,
THE 224,Stage Combat,3,"Theatre, Dance, and Film",Undergraduate,
THE 232,Intermediate Costume Construction,3,"Theatre, Dance, and Film",Undergraduate,
THE 233,Editing,3,"Theatre, Dance, and Film",Undergraduate,
THE 237,Stage Make-up,2,"Theatre, Dance, and Film",Undergraduate,
THE 238,Filmmaking I,3,"Theatre, Dance, and Film",Undergraduate,
THE 240,Principles Of Stage Direction,3,"Theatre, Dance, and Film",Undergraduate,
THE 241,Musical Theatre Musicianship,3,"Theatre, Dance, and Film",Undergraduate,
THE 251,Theatre Sound Design I,3,"Theatre, Dance, and Film",Undergraduate,
THE 256,Voice and Movement for the Actor I,3,"Theatre, Dance, and Film",Undergraduate,
THE 257,Voice and Movement for the Actor II,3,"Theatre, Dance, and Film",Undergraduate,
THE 258,Introduction To Scenographic Techniques,3,"Theatre, Dance, and Film",Undergraduate,
THE 260,Technical Procedures,3,"Theatre, Dance, and Film",Undergraduate,
THE 261,Lighting For Stage,3,"Theatre, Dance, and Film",Undergraduate,
THE 262,Stage Lighting Software,3,"Theatre, Dance, and Film",Undergraduate,
THE 266,Short Screenwriting,3,"Theatre, Dance, and Film",Undergraduate,
THE 268,Introduction To Playwriting,3,"Theatre, Dance, and Film",Undergraduate,
THE 271,Studies of Non-Western Film and Theatre,3,"Theatre, Dance, and Film",Undergraduate,
THE 273,Topics In Film Criticism,3,"Theatre, Dance, and Film",Undergraduate,
THE 280,Creative Drama,3,"Theatre, Dance, and Film",Undergraduate,
THE 281,Arts Integration in Early Childhood and Elementary Education: Creative Drama Focus,3,"Theatre, Dance, and Film",Undergraduate,
THE 285,Orientation to Theatre Teacher Education II,3,"Theatre, Dance, and Film",Undergraduate,
THE 287,Independent Study,1-6,"Theatre, Dance, and Film",Undergraduate,
THE 291,Undergraduate Teaching Experience In Theatre,1-3,"Theatre, Dance, and Film",Undergraduate,
THE 299,Independent Honor Study,1-6,"Theatre, Dance, and Film",Undergraduate,
THE 300,Topics In The Literature Of The Theatre,3,"Theatre, Dance, and Film",Undergraduate,
THE 302,Theatre Practicum,1-3,"Theatre, Dance, and Film",Undergraduate,
THE 303,Adaptation,3,"Theatre, Dance, and Film",Undergraduate,
THE 306,Documentary Storytelling And Production,3,"Theatre, Dance, and Film",Undergraduate,
THE 308,Directed Projects in Acting and Directing,3,"Theatre, Dance, and Film",Undergraduate,
THE 309,Directed Projects,1-3,"Theatre, Dance, and Film",Undergraduate,
THE 314,Acting Styles- Discovery And Performance,3,"Theatre, Dance, and Film",Undergraduate,
THE 316,The Teaching Artist,3,"Theatre, Dance, and Film",Undergraduate,
THE 317,Television Writing,3,"Theatre, Dance, and Film",Undergraduate,
THE 322,Auditioning,3,"Theatre, Dance, and Film",Undergraduate,
THE 324,Advanced Stage Combat,3,"Theatre, Dance, and Film",Undergraduate,
THE 325,Artist for Life,3,"Theatre, Dance, and Film",Undergraduate,
THE 329,Topics In Stage Movement,3,"Theatre, Dance, and Film",Undergraduate,
THE 330,Theatrical Costume Design,3,"Theatre, Dance, and Film",Undergraduate,
THE 331,History And Styles Of Stage Costuming I,3,"Theatre, Dance, and Film",Undergraduate,
THE 332,Costume Construction,3,"Theatre, Dance, and Film",Undergraduate,
THE 333,Costume Crafts,3,"Theatre, Dance, and Film",Undergraduate,
THE 334,History And Styles Of Stage Costuming II,3,"Theatre, Dance, and Film",Undergraduate,
THE 335,Advanced Costume Design,3,"Theatre, Dance, and Film",Undergraduate,
THE 336,Musical Workshop II,2,"Theatre, Dance, and Film",Undergraduate,
THE 337,Musical Theatre Workshop III,2,"Theatre, Dance, and Film",Undergraduate,
THE 338,Filmmaking II,3,"Theatre, Dance, and Film",Undergraduate,
THE 339,Expanded Cinema: From Conception to Projection,3,"Theatre, Dance, and Film",Undergraduate,
THE 340,Directing Workshop,3,"Theatre, Dance, and Film",Undergraduate,
THE 342,Introduction To Stage Management,3,"Theatre, Dance, and Film",Undergraduate,
THE 344,Arts Administration I,3,"Theatre, Dance, and Film",Undergraduate,
THE 345,Arts Administration II,3,"Theatre, Dance, and Film",Undergraduate,
THE 348,Playwriting,3,"Theatre, Dance, and Film",Undergraduate,
THE 349,Advanced Stage Management,3,"Theatre, Dance, and Film",Undergraduate,
THE 350,Documentary Film History and Theory,3,"Theatre, Dance, and Film",Undergraduate,
THE 351,Theatre Sound Design II,3,"Theatre, Dance, and Film",Undergraduate,
THE 352,Media Design And Projections For The Theatre,3,"Theatre, Dance, and Film",Undergraduate,
THE 354,Musical Theatre History,3,"Theatre, Dance, and Film",Undergraduate,
THE 361,Advanced Stage Lighting,3,"Theatre, Dance, and Film",Undergraduate,
THE 362,Scenic Design,3,"Theatre, Dance, and Film",Undergraduate,
THE 363,Advanced Scenic Design,3,"Theatre, Dance, and Film",Undergraduate,
THE 364,Advanced Projects In Design,1-6,"Theatre, Dance, and Film",Undergraduate,
THE 365,Scene Painting,3,"Theatre, Dance, and Film",Undergraduate,
THE 366,Rendering Techniques For The Stage,3,"Theatre, Dance, and Film",Undergraduate,
THE 367,Scenographic Techniques,3,"Theatre, Dance, and Film",Undergraduate,
THE 368,Screenwriting,3,"Theatre, Dance, and Film",Undergraduate,
THE 370,History Of The Cinema,3,"Theatre, Dance, and Film",Undergraduate,
THE 371,Film Theory And Criticism,3,"Theatre, Dance, and Film",Undergraduate,
THE 372,Topics in Voice,3,"Theatre, Dance, and Film",Undergraduate,
THE 375,Theatre And Performance Of The Americas,3,"Theatre, Dance, and Film",Undergraduate,
THE 376,Theatre History I,3,"Theatre, Dance, and Film",Undergraduate,
THE 377,Theatre History II,3,"Theatre, Dance, and Film",Undergraduate,
THE 378,Shakespeare On Stage,3,"Theatre, Dance, and Film",Undergraduate,
THE 379,Dramaturgy,3,"Theatre, Dance, and Film",Undergraduate,
THE 380,Advanced Directing,3,"Theatre, Dance, and Film",Undergraduate,
THE 381,Creative Drama Practicum,1-3,"Theatre, Dance, and Film",Undergraduate,
THE 383,Senior Production Seminar,3,"Theatre, Dance, and Film",Undergraduate,
THE 385,Principles Of Theatre Teacher Education,4,"Theatre, Dance, and Film",Undergraduate,
THE 398,Professional Practice In Theatre and Film,1-13,"Theatre, Dance, and Film",Undergraduate,
THE 399,Student Teaching In Theatre,1-16,"Theatre, Dance, and Film",Undergraduate,
THE 400,Independent Study,1-4,"Theatre, Dance, and Film",Graduate,
THE 401,Orientation to Theatre Teacher Education I,3,"Theatre, Dance, and Film",Graduate,
THE 403,Adaptation,3,"Theatre, Dance, and Film",Graduate,
THE 408,Directed Projects In Acting And Directing,1-4,"Theatre, Dance, and Film",Graduate,
THE 410,Acting II,3,"Theatre, Dance, and Film",Graduate,
THE 423,Costume Design,3,"Theatre, Dance, and Film",Graduate,
THE 424,Advanced Stage Combat,3,"Theatre, Dance, and Film",Graduate,
THE 425,Artist for Life,3,"Theatre, Dance, and Film",Graduate,
THE 426,The Teaching Artist,3,"Theatre, Dance, and Film",Graduate,
THE 430,Seminar in Costume & Scenic Studies,3,"Theatre, Dance, and Film",Graduate,
THE 431,History & Styles of Stage Costuming I,3,"Theatre, Dance, and Film",Graduate,
THE 432,Graduate Costume Construction,3,"Theatre, Dance, and Film",Graduate,
THE 438,Costume Crafts,3,"Theatre, Dance, and Film",Graduate,
THE 439,Directing Workshop,3,"Theatre, Dance, and Film",Graduate,
THE 440,Directing Studio,3,"Theatre, Dance, and Film",Graduate,
THE 442,Introduction To Stage Management,3,"Theatre, Dance, and Film",Graduate,
THE 444,Arts Administration I,3,"Theatre, Dance, and Film",Graduate,
THE 445,Arts Administration II,3,"Theatre, Dance, and Film",Graduate,
THE 446,History & Styles of Stage Costuming II,3,"Theatre, Dance, and Film",Graduate,
THE 447,Advanced Costume Design,3,"Theatre, Dance, and Film",Graduate,
THE 448,Playwriting,3,"Theatre, Dance, and Film",Graduate,
THE 449,Advanced Stage Management,3,"Theatre, Dance, and Film",Graduate,
THE 451,Theatre Sound Design 2,3,"Theatre, Dance, and Film",Graduate,
THE 455,Creative Drama,3,"Theatre, Dance, and Film",Graduate,
THE 456,Voice and Movement for the Actor I,3,"Theatre, Dance, and Film",Graduate,
THE 457,Advanced Stage Lighting,3,"Theatre, Dance, and Film",Graduate,
THE 458,Orientation to Theatre Teacher Education II,3,"Theatre, Dance, and Film",Graduate,
THE 460,Scenic Design,3,"Theatre, Dance, and Film",Graduate,
THE 461,Seminar In Lighting Design Studies,3,"Theatre, Dance, and Film",Graduate,
THE 462,Graduate Lighting Laboratory,3,"Theatre, Dance, and Film",Graduate,
THE 463,Advanced Scenic Design,3,"Theatre, Dance, and Film",Graduate,
THE 464,Advanced Projects In Design,2-4,"Theatre, Dance, and Film",Graduate,
THE 465,Graduate Scene Painting,3,"Theatre, Dance, and Film",Graduate,
THE 466,Rendering Techniques for the Stage,3,"Theatre, Dance, and Film",Graduate,
THE 467,Scenographic Techniques,3,"Theatre, Dance, and Film",Graduate,
THE 468,Screenwriting,3,"Theatre, Dance, and Film",Graduate,
THE 470,History of the Cinema,3,"Theatre, Dance, and Film",Graduate,
THE 471,Film Theory and Criticism,3,"Theatre, Dance, and Film",Graduate,
THE 472,Musical Theatre History,3,"Theatre, Dance, and Film",Graduate,
THE 473,Dramaturgy,3,"Theatre, Dance, and Film",Graduate,
THE 474,Stage Combat,3,"Theatre, Dance, and Film",Graduate,
THE 475,History Of Modern Theatre,3,"Theatre, Dance, and Film",Graduate,
THE 476,Seminar In Theatre History,3,"Theatre, Dance, and Film",Graduate,
THE 477,Professional Seminar In Theatre Studies,1,"Theatre, Dance, and Film",Graduate,
THE 479,Drama Theory And Criticism,3,"Theatre, Dance, and Film",Graduate,
THE 480,Advanced Directing,3,"Theatre, Dance, and Film",Graduate,
THE 482,Theatre and Performance of the Americas,3,"Theatre, Dance, and Film",Graduate,
THE 483,Topics in the Literature of the Theatre,3,"Theatre, Dance, and Film",Graduate,
THE 484,Puppetry,3,"Theatre, Dance, and Film",Graduate,
THE 485,Principles of Theatre Teacher Education,4,"Theatre, Dance, and Film",Graduate,
THE 486,Theatre History I,3,"Theatre, Dance, and Film",Graduate,
THE 487,Theatre History II,3,"Theatre, Dance, and Film",Graduate,
THE 491,Company Core One,3,"Theatre, Dance, and Film",Graduate,
THE 492,Company Core Two,3,"Theatre, Dance, and Film",Graduate,
THE 497,Introduction To Research Methodology In Theatre,3,"Theatre, Dance, and Film",Graduate,
THE 498,Professional Practice,1-9,"Theatre, Dance, and Film",Graduate,
THE 499,Independent Research For The Master's Thesis,1-6,"Theatre, Dance, and Film",Graduate,
THE 500,Independent Study,1-4,"Theatre, Dance, and Film",Graduate,
THE 501,M.F.A. Portfolio,1,"Theatre, Dance, and Film",Graduate,
THE 176A01,Arts And Society:Theatre,3,"Theatre, Dance, and Film",Undergraduate,
THE 176A02,Arts And Society:Film,3,"Theatre, Dance, and Film",Undergraduate,
THE 271A07,Studies of Non-Western Film: Asian Film Genres,3,"Theatre, Dance, and Film",Undergraduate,
THE 273A07,Topics in Film Criticism: Film Noir,3,"Theatre, Dance, and Film",Undergraduate,
THE 273A08,Topics in Film Criticism: Horror Films,3,"Theatre, Dance, and Film",Undergraduate,
THE 275A01,World Arts:Theatre,3,"Theatre, Dance, and Film",Undergraduate,
THE 275A02,World Arts: Film FA,3,"Theatre, Dance, and Film",Undergraduate,
THE 314A01,Acting Styles: Discovery And Performance:Realism,3,"Theatre, Dance, and Film",Undergraduate,
THE 314A02,Acting Styles: Discovery And Performance:Shakespeare,3,"Theatre, Dance, and Film",Undergraduate,
THE 314A03,Acting Styles: Discovery And Performance:On Camera,3,"Theatre, Dance, and Film",Undergraduate,
THE 314A08,Acting Styles: Discovery And Performance:Musical Theatre,3,"Theatre, Dance, and Film",Undergraduate,
THE 324A01,Advanced Stage Combat: Unarmed & Single Sword,3,"Theatre, Dance, and Film",Undergraduate,
THE 324A02,Advanced Stage Combat: Knife and Rapier & Dagger,3,"Theatre, Dance, and Film",Undergraduate,
THE 324A03,Advanced Stage Combat: Broadsword and Smallsword,3,"Theatre, Dance, and Film",Undergraduate,
THE 324A04,Advanced Stage Combat: Quarterstaff and Sword & Shield,3,"Theatre, Dance, and Film",Undergraduate,
THE 329A05,Topics in Stage Movement: Musical Theatre Dance Styles,3,"Theatre, Dance, and Film",Undergraduate,
THE 332A01,Advanced Costume Construction: Page to Stage,3,"Theatre, Dance, and Film",Undergraduate,
THE 332A02,Advanced Costume Construction: Special Effects,3,"Theatre, Dance, and Film",Undergraduate,
THE 332A03,Advanced Costume Construction: Undergarments,3,"Theatre, Dance, and Film",Undergraduate,
THE 333A01,Costume Crafts: Textiles and Manipulations,3,"Theatre, Dance, and Film",Undergraduate,
THE 333A02,Costume Crafts: Jewelry and Armor Techniques,3,"Theatre, Dance, and Film",Undergraduate,
THE 333A03,Costume Crafts: Advanced Make-up,3,"Theatre, Dance, and Film",Undergraduate,
THE 333A04,Costume Crafts: Mask Making Techniques,3,"Theatre, Dance, and Film",Undergraduate,
THE 333A05,Costume Crafts: Wigs and Facial Hair,3,"Theatre, Dance, and Film",Undergraduate,
THE 333A06,Costume Crafts: Millinery Techniques,3,"Theatre, Dance, and Film",Undergraduate,
THE 364A01,Advanced Projects in Design: Professional Development,3,"Theatre, Dance, and Film",Undergraduate,
THE 366A01,Rendering Techniques For The Stage: Drawing Fundamentals,3,"Theatre, Dance, and Film",Undergraduate,
THE 366A02,Rendering Techniques For The Stage: Media Exploration,3,"Theatre, Dance, and Film",Undergraduate,
THE 366A03,Rendering Techniques For The Stage: Digital Rendering,3,"Theatre, Dance, and Film",Undergraduate,
THE 372A01,Topics in Voice: Accents/Dialects,3,"Theatre, Dance, and Film",Undergraduate,
THE 411A01,"Acting Styles, Discovery & Performance: Realism",3,"Theatre, Dance, and Film",Graduate,
THE 411A02,"Acting Styles, Discovery & Performance: Shakespeare",3,"Theatre, Dance, and Film",Graduate,
THE 411A03,"Acting Styles, Discovery & Performance: Acting on Camera",3,"Theatre, Dance, and Film",Graduate,
THE 424A01,Advanced Stage Combat: Unarmed and Single Sword,3,"Theatre, Dance, and Film",Graduate,
THE 424A02,Advanced Stage Combat: Knife and Rapier & Dagger,3,"Theatre, Dance, and Film",Graduate,
THE 424A03,Advanced Stage Combat: Broadsword and Smallsword,3,"Theatre, Dance, and Film",Graduate,
THE 424A04,Advanced Stage Combat: Quarterstaff and Sword & Shield,3,"Theatre, Dance, and Film",Graduate,
THE 432A01,Graduate Costume Construction: Page to Stage,3,"Theatre, Dance, and Film",Graduate,
THE 432A02,Graduate Costume Construction: Special Effects,3,"Theatre, Dance, and Film",Graduate,
THE 432A03,Graduate Costume Construction: Undergarments,3,"Theatre, Dance, and Film",Graduate,
THE 438A01,Costume Crafts: Textiles and Manipulations,3,"Theatre, Dance, and Film",Graduate,
THE 438A02,Costume Crafts: Jewelry and Armor Techniques,3,"Theatre, Dance, and Film",Graduate,
THE 438A03,Costume Crafts: Advanced Make-up,3,"Theatre, Dance, and Film",Graduate,
THE 438A04,Costume Crafts: Mask Making Techniques,3,"Theatre, Dance, and Film",Graduate,
THE 438A05,Costume Crafts: Wigs and Facial Hair,3,"Theatre, Dance, and Film",Graduate,
THE 438A06,Costume Crafts: Millinery Techniques,3,"Theatre, Dance, and Film",Graduate,
THE 462A01,Graduate Lighting Laboratory: Design,3,"Theatre, Dance, and Film",Graduate,
THE 462A02,Graduate Lighting Laboratory: Communication Tools,3,"Theatre, Dance, and Film",Graduate,
THE 466A01,Rendering Techniques for the Stage: Drawing Fundamentals,3,"Theatre, Dance, and Film",Graduate,
THE 466A02,Rendering Techniques for the Stage: Media Exploration,3,"Theatre, Dance, and Film",Undergraduate,
THE 466A03,Rendering Techniques for the Stage: Digital Rendering,3,"Theatre, Dance, and Film",Graduate,
THE 501A02,M.F.A. Portfolio:Directing,1,"Theatre, Dance, and Film",Graduate,
THE 501A03,M.F.A. Portfolio:Scene Design,1,"Theatre, Dance, and Film",Graduate,
THE 501A04,M.F.A. Portfolio:Costume Design,1,"Theatre, Dance, and Film",Graduate,
THE 501A05,M.F.A. Portfolio: Lighting Design,1,"Theatre, Dance, and Film",Graduate,
WGS 120,"Gender, Sex, and Power",3,Interdisciplinary Studies,Undergraduate,
WGS 177,Queer Theatre,3,Interdisciplinary Studies,Undergraduate,
WGS 291,"Undergraduate Teaching Experience in Women's, Gender, and Sexuality Studies",1-3,Interdisciplinary Studies,Undergraduate,
WGS 292,Introduction to LGBTQ Studies,3,Interdisciplinary Studies,Undergraduate,
WGS 299,"Independent Honor Study In Women's, Gender, And Sexuality Studies",1-3,Interdisciplinary Studies,Undergraduate,
WGS 320,Feminist Theories,3,Interdisciplinary Studies,Undergraduate,
WGS 368,Chicana and Latina/x Feminisms,3,Interdisciplinary Studies,Undergraduate,
WGS 390,"Independent Research in Women's, Gender, and Sexuality Studies",1-6,Interdisciplinary Studies,Undergraduate,
WGS 391,"Women's, Gender, and Sexuality Studies Seminar",3,Interdisciplinary Studies,Undergraduate,
WGS 392,Queer and Transgender Theory,3,Interdisciplinary Studies,Undergraduate,
WGS 393,Black Feminist Thought,3,Interdisciplinary Studies,Undergraduate,
WGS 398,"Professional Practice: Internship In Women's, Gender, and Sexuality Studies",1-6,Interdisciplinary Studies,Undergraduate,
WGS 400,"Independent Research in Women's, Gender, and Sexuality Studies",1-4,Interdisciplinary Studies,Graduate,
WGS 468,Chicana and Latina/x Feminisms,3,Interdisciplinary Studies,Graduate,
WGS 490,Feminist Theories & Methodological Issues,3,Interdisciplinary Studies,Graduate,
WGS 491,"Women's, Gender, and Sexuality Studies Seminar",3,Interdisciplinary Studies,Graduate,
WGS 492,Queer and Transgender Theory,3,Interdisciplinary Studies,Graduate,
WGS 493,Black Feminist Thought,3,Interdisciplinary Studies,Graduate,
WGS 498,"Professional Practice: Internship In Women's, Gender, and Sexuality Studies",3,Interdisciplinary Studies,Graduate,
