courseId,courseName,courseCredits,courseSubject,courseLevel,courseCampus
ACCT 2301,Principles of Financial Accounting,"(3, 3)",Accounting,,"CyFair, Houston North, Kingwood, Montgomery, North Harris, Tomball, University Park, Online,"
ACCT 2302,Principles Of Managerial Accounting,"(3, 3)",Accounting,,"CyFair, Houston North, Kingwood, Montgomery, North Harris, Tomball, University Park, Online,"
ACNT 1303,Introduction to Accounting I,"(3, 3)",Accounting Technician,,"CyFair, Houston North, Kingwood, Montgomery, North Harris, Tomball, University Park, Online,"
ACNT 1311,Intro to Computerized Accounting,"(3, 3)",Accounting Technician,,"CyFair, Houston North, Kingwood, Montgomery, North Harris, Tomball, University Park, Online,"
ACNT 1313,Computerized Accounting Applications,"(3, 3)",Accounting Technician,,"CyFair, Kingwood, Montgomery, North Harris, Tomball, University Park, Online,"
ACNT 1329,Payroll and Business Tax Accounting,"(3, 3)",Accounting Technician,,"CyFair, Kingwood, Montgomery, North Harris, Tomball, University Park, Online,"
ACNT 1331,Federal Income Tax: Individual,"(3, 3)",Accounting Technician,,"CyFair, Houston North, Kingwood, Montgomery, North Harris, Tomball, University Park, Online,"
ACNT 1340,Accounting and Business Ethics,"(3, 3)",Accounting Technician,,"CyFair, Kingwood, Montgomery, North Harris, Tomball, University Park,"
ACNT 1347,Federal Income Tax for Partnerships and Corporations,"(3, 3)",Accounting Technician,,"CyFair, Kingwood, Montgomery, North Harris, Tomball, University Park, Online,"
ACNT 1370,Taxation Procedures for Individuals,"(3, 3)",Accounting Technician,,"CyFair, Kingwood, Montgomery, North Harris, Tomball, University Park,"
ACNT 1371,Financial Accounting Reporting Standards I,"(3, 3)",Accounting Technician,,"CyFair, Kingwood, Montgomery, North Harris, Tomball, University Park,"
ACNT 1372,Financial Accounting Reporting Standards II,"(3, 3)",Accounting Technician,,"CyFair, Kingwood, Montgomery, North Harris, Tomball, University Park,"
ACNT 1373,"Taxation Procedures for Partnerships, C Corporations, and S Corporations","(3, 3)",Accounting Technician,,"CyFair, Kingwood, Montgomery, North Harris, Tomball, University Park,"
ACNT 1391,Special Topics in Fraud Investigation,"(3, 3)",Accounting Technician,,"CyFair, Kingwood, Montgomery, North Harris, Tomball, University Park,"
ACNT 1392,Robotic Process Automation Foundations,"(3, 3)",Accounting Technician,,"CyFair, Kingwood, Montgomery, North Harris, Tomball, University Park, Online,"
ACNT 1393,Special Topics in Taxation,"(3, 3)",Accounting Technician,,"CyFair, Kingwood, Montgomery, North Harris, Tomball, University Park,"
ACNT 2303,Intermediate Accounting I,"(3, 3)",Accounting Technician,,"CyFair, Kingwood, Montgomery, North Harris, Tomball, University Park, Online,"
ACNT 2304,Intermediate Accounting II,"(3, 3)",Accounting Technician,,"CyFair, Kingwood, Montgomery, North Harris, Tomball, University Park, Online,"
ACNT 2309,Cost Accounting,"(3, 3)",Accounting Technician,,"CyFair, Kingwood, Montgomery, North Harris, Tomball, University Park,"
ACNT 2330,Gov. and Not-For-Profit Accounting,"(3, 3)",Accounting Technician,,"CyFair, Kingwood, Montgomery, North Harris, Tomball, University Park,"
ACNT 2331,Internal Control and Auditing,"(3, 3)",Accounting Technician,,"CyFair, Kingwood, Montgomery, North Harris, Tomball, University Park, Online,"
ACNT 2332,Accounting Information Systems,"(3, 3)",Accounting Technician,,"CyFair, Kingwood, Montgomery, Tomball, University Park,"
ACNT 2333,Advanced Accounting,"(3, 3)",Accounting Technician,,"CyFair, Kingwood, Montgomery, North Harris, Tomball, University Park,"
ACNT 2336,Financial Statement Analysis,"(3, 3)",Accounting Technician,,"CyFair, Kingwood, Montgomery, North Harris, Tomball, University Park,"
ACNT 2337,International Financial Reporting,"(3, 3)",Accounting Technician,,"CyFair, Kingwood, Montgomery, North Harris, Tomball, University Park,"
ACNT 2345,Technical Writing for Accountants,"(3, 3)",Accounting Technician,,"CyFair, Kingwood, Montgomery, North Harris, Tomball, University Park,"
ACNT 2370,Financial Statement Auditing Theory,"(3, 3)",Accounting Technician,,"CyFair, Kingwood, Montgomery, North Harris, Tomball, University Park,"
ACNT 2380,Cooperative Education,"(3, 3)",Accounting Technician,,"CyFair, Kingwood, Montgomery, North Harris, Tomball, University Park,"
ACNT 2381,Co-op Work Experience Seminar II,"(3, 3)",Accounting Technician,,"CyFair, Kingwood, Montgomery, North Harris, Tomball,"
AFSC 1271,Foundations of United States Air Force I,"(2, 2)",Rotc Air Force,,"North Harris,"
AFSC 1272,Foundations of US Air Force II,"(2, 2)",Rotc Air Force,,"North Harris,"
AFSC 2271,Evolution-USAF Air/Space Power I,"(2, 2)",Rotc Air Force,,"North Harris,"
AFSC 2272,Evolution-USAF Air/Space Power II,"(2, 2)",Rotc Air Force,,"North Harris,"
AIRP 1108,Drone Pilot Test Preparation,"(1, 1)",Aircraft Pilot And Navigator,,"Montgomery,"
AIRP 1255,Intermediate Flight,"(2, 2)",Aircraft Pilot And Navigator,,"Montgomery,"
AIRP 1305,Aircraft Science,"(3, 3)",Aircraft Pilot And Navigator,,"Montgomery,"
AIRP 1307,Aviation Meteorology,"(3, 3)",Aircraft Pilot And Navigator,,"Montgomery,"
AIRP 1313,Introduction to Aviation,"(3, 3)",Aircraft Pilot And Navigator,,"Montgomery,"
AIRP 1315,Private Flight,"(3, 3)",Aircraft Pilot And Navigator,,"Montgomery,"
AIRP 1317,Private Pilot Ground School,"(3, 3)",Aircraft Pilot And Navigator,,"Montgomery,"
AIRP 1341,Advanced Air Navigation,"(3, 3)",Aircraft Pilot And Navigator,,"Montgomery,"
AIRP 1343,Aerodynamics,"(3, 3)",Aircraft Pilot And Navigator,,"Montgomery,"
AIRP 1345,Aviation Safety,"(3, 3)",Aircraft Pilot And Navigator,,"Montgomery,"
AIRP 1347,Human Factors in Aviation,"(3, 3)",Aircraft Pilot And Navigator,,"Montgomery, North Harris,"
AIRP 1351,Instrument Ground School,"(3, 3)",Aircraft Pilot And Navigator,,"Montgomery,"
AIRP 1451,Instrument Ground School,"(4, 4)",Aircraft Pilot And Navigator,,"Montgomery,"
AIRP 2236,Certified Flight Instructor - Flight,"(2, 2)",Aircraft Pilot And Navigator,,"Montgomery,"
AIRP 2239,Commercial Flight,"(2, 2)",Aircraft Pilot And Navigator,,"Montgomery,"
AIRP 2250,Instrument Flight,"(2, 2)",Aircraft Pilot And Navigator,,"Montgomery,"
AIRP 2280,Co-op-Airline/Commercial/Professional Pilot and Flight Crew,"(2, 2)",Aircraft Pilot And Navigator,,"Montgomery,"
AIRP 2333,Aircraft Systems,"(3, 3)",Aircraft Pilot And Navigator,,"Montgomery,"
AIRP 2337,Commercial Ground School,"(3, 3)",Aircraft Pilot And Navigator,,"Montgomery,"
AIRP 2339,Commercial Flight,"(3, 3)",Aircraft Pilot And Navigator,,"Montgomery,"
AIRP 2349,Instructor Ground School,"(3, 3)",Aircraft Pilot And Navigator,,"Montgomery,"
AIRP 2355,Propulsion Systems,"(3, 3)",Aircraft Pilot And Navigator,,"Montgomery,"
ANTH 2301,Physical Anthropology,"(3, 3)",Anthropology,,"CyFair, Kingwood, Montgomery, North Harris, Tomball, University Park, Houston North, Online,"
ANTH 2302,Introduction to Archeology,"(3, 3)",Anthropology,,"CyFair, Kingwood, Montgomery, North Harris, Tomball, University Park, Houston North, Online,"
ANTH 2346,General Anthropology,"(3, 3)",Anthropology,,"CyFair, Kingwood, Montgomery, North Harris, Tomball, University Park, Houston North, Online,"
ANTH 2351,Cultural Anthropology,"(3, 3)",Anthropology,,"CyFair, Kingwood, Montgomery, North Harris, Tomball, University Park, Houston North, Online,"
ANTH 2389,Academic Cooperative in Anthropology,"(3, 3)",Anthropology,,"CyFair, Kingwood, Montgomery, North Harris, Tomball, University Park, Houston North, Online,"
ANTHH 2301,Honors Physical Anthropology,"(3, 3)",Honors Anthropology,,"CyFair, Kingwood, Montgomery, North Harris, Tomball, University Park, Houston North, Online,"
ANTHH 2302,Honors Introduction to Archeology,"(3, 3)",Honors Anthropology,,"CyFair, Kingwood, Montgomery, North Harris, Tomball, University Park, Houston North, Online,"
ANTHH 2351,Honors Cultural Anthropology,"(3, 3)",Honors Anthropology,,"CyFair, Kingwood, Montgomery, North Harris, Tomball, University Park, Houston North, Online,"
ANTHH 2389,Honors Academic Cooperative in Anthropology,"(3, 3)",Honors Anthropology,,"CyFair, Kingwood, Montgomery, North Harris, Tomball, University Park, Houston North, Online,"
ARAB 1411,Beginning Arabic I,"(4, 4)",Arabic Language,,"CyFair, Kingwood, Montgomery, North Harris, Tomball, University Park, Houston North, Online,"
ARAB 1412,Beginning Arabic II,"(4, 4)",Arabic Language,,"CyFair, Kingwood, Montgomery, North Harris, Tomball, University Park, Houston North, Online,"
ARAB 2311,Intermediate Arabic I,"(3, 3)",Arabic Language,,"CyFair, Kingwood, Montgomery, North Harris, Tomball, Houston North, Online, University Park,"
ARAB 2312,Intermediate Arabic II,"(3, 3)",Arabic Language,,"CyFair, Kingwood, Montgomery, North Harris, Tomball, Houston North, Online, University Park,"
ARCE 1315,Structural Steel Detailing,"(3, 3)",Architecture,,"CyFair, North Harris, Houston North,"
ARCE 1352,Structural Drafting,"(3, 3)",Architecture,,"CyFair, Kingwood, Montgomery, North Harris, Tomball, Houston North,"
ARTC 1302,Digital Imaging I,"(3, 3)",Design And Visual Communication,,"CyFair, Kingwood, Montgomery, North Harris, Tomball, University Park, Houston North,"
ARTC 1313,Digital Publishing I,"(3, 3)",Design And Visual Communication,,"CyFair, Kingwood, Montgomery, North Harris, Tomball, University Park,"
ARTC 1317,Design Communications I,"(3, 3)",Design And Visual Communication,,"CyFair, Houston North, Kingwood, Montgomery, North Harris, Tomball, University Park, Online,"
ARTC 1327,Typography,"(3, 3)",Design And Visual Communication,,"CyFair, Kingwood, North Harris, University Park,"
ARTC 1353,Computer Illustration,"(3, 3)",Design And Visual Communication,,"CyFair, Kingwood, Montgomery, North Harris, Tomball, University Park,"
ARTC 2305,Digital Imaging II,"(3, 3)",Design And Visual Communication,,"CyFair, Kingwood, Montgomery, North Harris, Tomball, University Park,"
ARTC 2313,Digital Publishing II,"(3, 3)",Design And Visual Communication,,"CyFair, Kingwood, Montgomery, North Harris, Tomball, University Park,"
ARTC 2335,Portfolio Development,"(3, 3)",Design And Visual Communication,,"CyFair, Kingwood, Montgomery, North Harris, Tomball, University Park,"
ARTC 2347,Design Communications II,"(3, 3)",Design And Visual Communication,,"CyFair, Kingwood, Montgomery, North Harris, Tomball, University Park,"
ARTC 2380,Cooperative Education - Commercial and Advertising Art,"(3, 3)",Design And Visual Communication,,"CyFair, Kingwood, Montgomery, North Harris, Tomball, University Park,"
ARTS 1301,Art Appreciation,"(3, 3)",Studio Art & Art History,,"CyFair, Houston North, Kingwood, Montgomery, North Harris, Tomball, University Park, Online,"
ARTS 1303,Art History: Prehistory to Gothic,"(3, 3)",Studio Art & Art History,,"CyFair, Houston North, Kingwood, Montgomery, North Harris, Tomball, University Park, Online,"
ARTS 1304,Art History: Renaissance to Modern,"(3, 3)",Studio Art & Art History,,"CyFair, Houston North, Kingwood, Montgomery, North Harris, Tomball, University Park, Online,"
ARTS 1311,2-D Design,"(3, 3)",Studio Art & Art History,,"CyFair, Houston North, Kingwood, Montgomery, North Harris, Tomball, University Park, Online,"
ARTS 1312,3-D Design,"(3, 3)",Studio Art & Art History,,"CyFair, Houston North, Kingwood, Montgomery, North Harris, Tomball, University Park, Online,"
ARTS 1316,Drawing I,"(3, 3)",Studio Art & Art History,,"CyFair, Houston North, Kingwood, Montgomery, North Harris, Tomball, University Park, Online,"
ARTS 1317,Drawing II,"(3, 3)",Studio Art & Art History,,"CyFair, Houston North, Kingwood, Montgomery, North Harris, Tomball, University Park, Online,"
ARTS 2311,Color Theory,"(3, 3)",Studio Art & Art History,,"CyFair, Houston North, Kingwood, Montgomery, North Harris, Tomball, University Park, Online,"
ARTS 2313,Graphic Design,"(3, 3)",Studio Art & Art History,,"CyFair, Houston North, Kingwood, Montgomery, North Harris, Tomball, University Park, Online,"
ARTS 2316,Painting I,"(3, 3)",Studio Art & Art History,,"CyFair, Houston North, Kingwood, Montgomery, North Harris, Tomball, University Park, Online,"
ARTS 2317,Painting II,"(3, 3)",Studio Art & Art History,,"CyFair, Houston North, Kingwood, Montgomery, North Harris, Tomball, University Park, Online,"
ARTS 2323,Life Drawing,"(3, 3)",Studio Art & Art History,,"CyFair, Houston North, Kingwood, Montgomery, North Harris, Tomball, University Park, Online,"
ARTS 2326,Sculpture I,"(3, 3)",Studio Art & Art History,,"CyFair, Houston North, Kingwood, Montgomery, North Harris, Tomball, University Park, Online,"
ARTS 2333,Printmaking I,"(3, 3)",Studio Art & Art History,,"CyFair, Houston North, Kingwood, Montgomery, North Harris, Tomball, University Park, Online,"
ARTS 2341,Art Metals I,"(3, 3)",Studio Art & Art History,,"CyFair, Houston North, Kingwood, Montgomery, North Harris, Tomball, University Park, Online,"
ARTS 2346,Ceramics I,"(3, 3)",Studio Art & Art History,,"CyFair, Houston North, Kingwood, Montgomery, North Harris, Tomball, University Park, Online,"
ARTS 2347,Ceramics II,"(3, 3)",Studio Art & Art History,,"CyFair, Houston North, Kingwood, Montgomery, North Harris, Tomball, University Park, Online,"
ARTS 2348,Digital Media,"(3, 3)",Studio Art & Art History,,"CyFair, Houston North, Kingwood, Montgomery, North Harris, Tomball, University Park, Online,"
ARTS 2356,Photography I,"(3, 3)",Studio Art & Art History,,"CyFair, Houston North, Kingwood, Montgomery, North Harris, Tomball, University Park, Online,"
ARTS 2357,Photography II,"(3, 3)",Studio Art & Art History,,"CyFair, Houston North, Kingwood, Montgomery, North Harris, Tomball, University Park, Online,"
ARTS 2366,Watercolor,"(3, 3)",Studio Art & Art History,,"CyFair, Houston North, Kingwood, Montgomery, North Harris, Tomball, University Park, Online,"
ARTS 2389,Academic Co-op In Art,"(3, 3)",Studio Art & Art History,,"CyFair, Houston North, Kingwood, Montgomery, North Harris, Tomball, University Park, Online,"
ARTSH 1301,Honors Art Appreciation,"(3, 3)",Honors Studio Art & Art History,,"CyFair, Houston North, Kingwood, Montgomery, North Harris, Tomball, University Park, Online,"
ARTSH 1303,Honors Art History:Prehistory to Gothic,"(3, 3)",Honors Studio Art & Art History,,"CyFair, Houston North, Kingwood, Montgomery, North Harris, Tomball, University Park, Online,"
ARTSH 1304,Honors Art History: Renaissance to Modern,"(3, 3)",Honors Studio Art & Art History,,"CyFair, Houston North, Kingwood, Montgomery, North Harris, Tomball, University Park, Online,"
ARTV 1303,Basic Animation,"(3, 3)",Visual And Performing Arts,,"CyFair, Kingwood, Montgomery, North Harris, Tomball, Houston North,"
ARTV 1341,3-D Animation I,"(3, 3)",Visual And Performing Arts,,"CyFair, Kingwood, Montgomery, North Harris, Tomball, Houston North,"
ARTV 1343,Digital Sound,"(3, 3)",Visual And Performing Arts,,"CyFair, Kingwood, Montgomery, North Harris, Tomball,"
ARTV 1345,3-D Modeling and Rendering I,"(3, 3)",Visual And Performing Arts,,"CyFair, Kingwood, Montgomery, North Harris, Tomball, Houston North,"
ARTV 1351,Digital Video,"(3, 3)",Visual And Performing Arts,,"CyFair, Kingwood, Montgomery, North Harris, Tomball, University Park,"
ARTV 2341,Advanced Digital Video,"(3, 3)",Visual And Performing Arts,,"CyFair, Kingwood, Montgomery, North Harris, Tomball,"
ARTV 2345,3-D Modeling and Rendering II,"(3, 3)",Visual And Performing Arts,,"CyFair, Kingwood, Montgomery, North Harris, Tomball, Houston North,"
ARTV 2351,3-D Animation II,"(3, 3)",Visual And Performing Arts,,"CyFair, Kingwood, Montgomery, North Harris, Tomball, Houston North,"
AUMT 1345,Automotive Climate Control Systems,"(3, 3)",Auto/Automotive Mechanic/Technician,,"Montgomery, North Harris,"
AUMT 1405,Introduction to Automotive Technology,"(4, 4)",Auto/Automotive Mechanic/Technician,,"Montgomery, North Harris,"
AUMT 1407,Automotive Electrical Systems,"(4, 4)",Auto/Automotive Mechanic/Technician,,"Montgomery, North Harris,"
AUMT 1410,Automotive Brake Systems,"(4, 4)",Auto/Automotive Mechanic/Technician,,"Montgomery, North Harris,"
AUMT 1416,Automotive Suspension and Steering Systems,"(4, 4)",Auto/Automotive Mechanic/Technician,,"Montgomery, North Harris,"
AUMT 1419,Automotive Engine Repair,"(4, 4)",Auto/Automotive Mechanic/Technician,,"Montgomery, North Harris,"
AUMT 2313,Automotive Drive Train & Axles,"(3, 3)",Auto/Automotive Mechanic/Technician,,"Montgomery, North Harris,"
AUMT 2380,Auto Co-op Work Experience I,"(3, 3)",Auto/Automotive Mechanic/Technician,,"Montgomery, North Harris,"
AUMT 2381,Auto Co-op Work Experience II,"(3, 3)",Auto/Automotive Mechanic/Technician,,"Montgomery, North Harris,"
AUMT 2417,Automotive Engine Performance Analysis I,"(4, 4)",Auto/Automotive Mechanic/Technician,,"Montgomery, North Harris,"
AUMT 2425,Automatic Transmission and Transaxle,"(4, 4)",Auto/Automotive Mechanic/Technician,,"Montgomery, North Harris,"
AUMT 2434,Automotive Engine Performance Analysis II,"(4, 4)",Auto/Automotive Mechanic/Technician,,"Montgomery, North Harris,"
AUMT 2437,Automotive Electronics,"(4, 4)",Auto/Automotive Mechanic/Technician,,"Montgomery, North Harris,"
AVIM 2337,Aviation Law,"(3, 3)",Aviation Management,,"Montgomery, North Harris,"
AVTS 1271,Project Management for Entertainment Technology,"(2, 2)",Audio/Visual Technology,,"Montgomery,"
AVTS 1370,Fundamentals of Design for Entertainment Technology,"(3, 3)",Audio/Visual Technology,,"Montgomery,"
AVTS 1371,Intro to Live Entertainment Technology,"(3, 3)",Audio/Visual Technology,,"Montgomery,"
AVTS 1372,Cooperative Education in Live Entertainment Technology,"(3, 3)",Audio/Visual Technology,,"Montgomery,"
AVTS 1373,Video Systems for Live Production,"(3, 3)",Audio/Visual Technology,,"Montgomery,"
AVTS 1374,Drafting for Live Entertainment Technology,"(3, 3)",Audio/Visual Technology,,"Montgomery,"
AVTS 1375,Rigging and Electricity for LET,"(3, 3)",Audio/Visual Technology,,"Montgomery,"
AVTS 1376,Media Design for Entertainment Technology,"(3, 3)",Audio/Visual Technology,,"Montgomery,"
AVTS 1378,Video Production II for Entertainment Technology,"(3, 3)",Audio/Visual Technology,,"Montgomery,"
AVTS 2370,Video Production Capstone for Live Entertainment Technology,"(3, 3)",Audio/Visual Technology,,"Montgomery,"
AVTS 2371,Troubleshooting for Live Entertainment Technology,"(3, 3)",Audio/Visual Technology,,"Montgomery,"
AVTS 2372,Professional Development in Entertainment Production,"(3, 3)",Audio/Visual Technology,,"Montgomery,"
AVTS 2373,Advanced Live Entertainment Technology Cooperative Education,"(3, 3)",Audio/Visual Technology,,"Montgomery,"
AVTS 2374,Audio for Live Entertainment Technology,"(3, 3)",Audio/Visual Technology,,"Montgomery,"
AVTS 2375,Lighting for Live Entertainment Technology,"(3, 3)",Audio/Visual Technology,,"Montgomery,"
AVTS 2376,Camera Work for Live Entertainment Technology,"(3, 3)",Audio/Visual Technology,,"Montgomery,"
AVTS 2377,Video Editing for Entertainment Technology,"(3, 3)",Audio/Visual Technology,,"Montgomery,"
AVTS 2379,Video Production for Entertainment Technology,"(3, 3)",Audio/Visual Technology,,"Montgomery,"
BARB 1307,Introduction to Hair Design,"(3, 3)",Barbering/Barber,,"North Harris,"
BARB 1402,Barber Styling I,"(4, 4)",Barbering/Barber,,"North Harris,"
BARB 1404,Introduction to Barber Styling,"(4, 4)",Barbering/Barber,,"North Harris,"
BARB 1442,Barber Styling II,"(4, 4)",Barbering/Barber,,"North Harris,"
BARB 1491,Special Topics in Barber/Hairstylist,"(4, 4)",Barbering/Barber,,"North Harris,"
BARB 2402,Barber Styling III,"(4, 4)",Barbering/Barber,,"North Harris,"
BARB 2431,Advanced Barber Styling I,"(4, 4)",Barbering/Barber,,"North Harris,"
BARB 2432,Barber Law Shop Management I,"(4, 4)",Barbering/Barber,,"North Harris,"
BARB 2441,Advanced Barber Styling II,"(4, 4)",Barbering/Barber,,"North Harris,"
BARB 2444,Barber Law and Shop Management II,"(4, 4)",Barbering/Barber,,"North Harris,"
BCIS 1305,Business Computer Applications,"(3, 3)",Business Computer Information Systems,,"CyFair, Houston North, Kingwood, Montgomery, North Harris, Tomball, University Park, Online,"
BCISA 1305,Business Computer Applications I,"(2, 2)",Business Computer Information Systems,,"Montgomery, Tomball,"
BCISB 1305,Business Computer Applications II,"(1, 1)",Business Computer Information Systems,,"Montgomery, Tomball,"
BIOL 1322,Nutrition,"(3, 3)",Biology,,"CyFair, Houston North, Kingwood, Montgomery, North Harris, Tomball, University Park, Online,"
BIOL 1406,Biology I for Science Majors,"(4, 4)",Biology,,"CyFair, Houston North, Kingwood, Montgomery, North Harris, Tomball, University Park, Online,"
BIOL 1407,Biology II for Science Majors,"(4, 4)",Biology,,"CyFair, Houston North, Kingwood, Montgomery, North Harris, Tomball, University Park, Online,"
BIOL 1408,Biology I for Non-science Majors,"(4, 4)",Biology,,"CyFair, Houston North, Kingwood, Montgomery, North Harris, Tomball, University Park, Online,"
BIOL 1409,Biology II - Non-Science Majors,"(4, 4)",Biology,,"CyFair, Houston North, Kingwood, Montgomery, North Harris, Tomball, University Park, Online,"
BIOL 1414,Introduction to Biotechnology,"(4, 4)",Biology,,"Houston North, Montgomery, Online, CyFair, Kingwood, North Harris, Tomball, University Park,"
BIOL 1415,Introduction to Biotechnology II,"(4, 4)",Biology,,"CyFair, Houston North, Kingwood, Montgomery, North Harris, Tomball, University Park, Online,"
BIOL 2389,Academic Biological Sciences,"(3, 3)",Biology,,"CyFair, Houston North, Kingwood, Montgomery, North Harris, Tomball, Online, University Park,"
BIOL 2401,Human Anatomy & Physiology I,"(4, 4)",Biology,,"CyFair, Houston North, Kingwood, Montgomery, North Harris, Tomball, University Park, Online,"
BIOL 2402,Human Anatomy & Physiology II,"(4, 4)",Biology,,"CyFair, Houston North, Kingwood, Montgomery, North Harris, Tomball, University Park, Online,"
BIOL 2404,Intro to Anatomy and Physiology,"(4, 4)",Biology,,"CyFair, Houston North, Kingwood, Montgomery, North Harris, Tomball, University Park, Online,"
BIOL 2406,Environmental Biology,"(4, 4)",Biology,,"CyFair, Houston North, Kingwood, Montgomery, North Harris, Tomball, Online, University Park,"
BIOL 2416,Genetics,"(4, 4)",Biology,,"CyFair, Houston North, Kingwood, Montgomery, North Harris, Tomball, University Park, Online,"
BIOL 2420,Microbiology for Non-Science Majors,"(4, 4)",Biology,,"CyFair, Houston North, Kingwood, Montgomery, North Harris, Tomball, University Park, Online,"
BIOL 2421,Microbiology for Science Majors,"(4, 4)",Biology,,"CyFair, Houston North, Kingwood, Montgomery, North Harris, Tomball, University Park, Online,"
BIOLH 1406,Honors Biology I for Science Majors,"(4, 4)",Honors Biology,,"CyFair, Houston North, Kingwood, Montgomery, North Harris, Tomball, University Park, Online,"
BIOLH 1407,Honors Biology II for Science Majors,"(4, 4)",Honors Biology,,"CyFair, Houston North, Kingwood, Montgomery, North Harris, Tomball, University Park, Online,"
BIOLH 1408,Honors Biology I for Non-science Majors,"(4, 4)",Honors Biology,,"CyFair, Houston North, Kingwood, Montgomery, North Harris, Tomball, University Park, Online,"
BIOLH 1409,Honors Biology II for Non-Science Majors,"(4, 4)",Honors Biology,,"CyFair, Houston North, Kingwood, Montgomery, North Harris, Tomball, University Park, Online,"
BIOLH 2389,Honors Academic Co-op Biological Sciences,"(3, 3)",Honors Biology,,"CyFair, Houston North, Kingwood, Montgomery, North Harris, Tomball, University Park, Online,"
BIOLH 2401,Honors Human Anatomy & Physiology I,"(4, 4)",Honors Biology,,"CyFair, Houston North, Kingwood, Montgomery, North Harris, Tomball, University Park, Online,"
BIOLH 2402,Honors Human Anatomy & Physiology II,"(4, 4)",Honors Biology,,"CyFair, Houston North, Kingwood, Montgomery, North Harris, Tomball, University Park, Online,"
BIOLH 2404,Honors Intro to Anatomy & Physiology,"(4, 4)",Honors Biology,,"CyFair, Houston North, Kingwood, Montgomery, North Harris, Tomball, University Park, Online,"
BIOLH 2406,Honors Environmental Biology,"(4, 4)",Honors Biology,,"CyFair, Houston North, Kingwood, Montgomery, North Harris, Tomball, University Park, Online,"
BIOLH 2420,Honors Microbiology for Non-Science Majors,"(4, 4)",Honors Biology,,"CyFair, Houston North, Kingwood, Montgomery, North Harris, Tomball, University Park, Online,"
BIOLH 2421,Honors Microbiology for Science Majors,"(4, 4)",Honors Biology,,"CyFair, Houston North, Kingwood, Montgomery, North Harris, Tomball, University Park, Online,"
BITC 1191,Special Topics in Biotechnology,"(1, 1)",Biological Technology/Technician,,"CyFair, Kingwood, Montgomery, North Harris, Tomball,"
BITC 1240,Quality Assurance for the Biosciences,"(2, 2)",Biological Technology/Technician,,"Montgomery,"
BITC 1250,Special Studies and Bioethical Issues of Biotechnology,"(2, 2)",Biological Technology/Technician,,"Montgomery,"
BITC 1391,Special Topics in Biological Technology/Technician,"(3, 3)",Biological Technology/Technician,,"Montgomery,"
BITC 1402,Biotechnology Laboratory Methods and Techniques,"(4, 4)",Biological Technology/Technician,,"CyFair, Kingwood, Montgomery, North Harris, Tomball,"
BITC 1403,Principles of Biochemistry,"(4, 4)",Biological Technology/Technician,,"Montgomery,"
BITC 1491,Introduction to Biomanufacturing,"(4, 4)",Biological Technology/Technician,,"Montgomery,"
BITC 2286,Internship - Biology Technician/Biotechnology Laboratory Technician,"(2, 2)",Biological Technology/Technician,,"Montgomery,"
BITC 2287,Internship - Biology Technician/Biotechnology Laboratory Technician,"(2, 2)",Biological Technology/Technician,,"Montgomery,"
BITC 2350,Bioinformatics,"(3, 3)",Biological Technology/Technician,,"Montgomery,"
BITC 2377,Product Development to Commercialization,"(3, 3)",Biological Technology/Technician,,"Montgomery,"
BITC 2386,Internship - Biological Technology/Technician,"(3, 3)",Biological Technology/Technician,,"Kingwood, Montgomery, Tomball,"
BITC 2387,Internship - Biology Technician/Biotechnology Laboratory Technician,"(3, 3)",Biological Technology/Technician,,"Montgomery,"
BITC 2411,Biotechnology Laboratory Instrumentation,"(4, 4)",Biological Technology/Technician,,"Montgomery,"
BITC 2431,Cell Culture Techniques,"(4, 4)",Biological Technology/Technician,,"CyFair, Kingwood, Montgomery, North Harris, Tomball,"
BITC 2441,Molecular Biology Techniques,"(4, 4)",Biological Technology/Technician,,"Montgomery,"
BITC 2445,Medical Biotechnology,"(4, 4)",Biological Technology/Technician,,"Montgomery,"
BITC 2475,Upstream and Downstream Manufacturing of Biologics,"(4, 4)",Biological Technology/Technician,,"Montgomery,"
BITC 2486,Internship - Biological Technology/Technician,"(4, 4)",Biological Technology/Technician,,"CyFair, Kingwood, Montgomery, North Harris, Tomball,"
BMGT 1301,Supervision,"(3, 3)","Business Administration And Management, General",,"CyFair, Houston North, Kingwood, Montgomery, North Harris, Tomball, University Park, Online,"
BMGT 1309,Information and Project Mgmt,"(3, 3)","Business Administration And Management, General",,"CyFair, Houston North, Kingwood, Montgomery, North Harris, Tomball, University Park, Online,"
BMGT 1327,Principles of Management,"(3, 3)","Business Administration And Management, General",,"CyFair, Houston North, Kingwood, Montgomery, North Harris, Tomball, University Park, Online,"
BMGT 1341,Business Ethics,"(3, 3)","Business Administration And Management, General",,"CyFair, Houston North, Kingwood, Montgomery, North Harris, Tomball, University Park, Online,"
BMGT 2303,Prob Solving & Decision Making,"(3, 3)","Business Administration And Management, General",,"CyFair, Houston North, Kingwood, Montgomery, North Harris, Tomball, University Park, Online,"
BMGT 2382,Co-op Business Administration I,"(3, 3)","Business Administration And Management, General",,"CyFair, Houston North, Kingwood, Montgomery, North Harris, Tomball, University Park, Online,"
BMGT 2388,Internship: Business & Mgmt,"(3, 3)","Business Administration And Management, General",,"CyFair, Kingwood, Montgomery, North Harris, Tomball,"
BMGTA 1309,Information & Project Management I,"(2, 2)","Business Administration And Management, General",,"Montgomery, Tomball,"
BMGTA 1327,Principles of Business Management I,"(2, 2)","Business Administration And Management, General",,"Montgomery, Tomball,"
BMGTA 2303,Problem-Solving & Decision Making I,"(2, 2)","Business Administration And Management, General",,"Montgomery, Tomball,"
BMGTB 1309,Information & Project Management II,"(1, 1)","Business Administration And Management, General",,"Montgomery, Tomball,"
BMGTB 1327,Principles of Business Management II,"(1, 1)","Business Administration And Management, General",,"Montgomery, Tomball,"
BMGTB 2303,Problem-Solving & Decision Making II,"(1, 1)","Business Administration And Management, General",,"Montgomery, Tomball,"
BUSG 1341,Small Business Financing,"(3, 3)","Business, General",,"CyFair, Houston North, Kingwood, Montgomery, North Harris, Tomball, University Park, Online,"
BUSG 2309,Small Business Mgmt/Entrepreneurship,"(3, 3)","Business, General",,"CyFair, Kingwood, Montgomery, North Harris, Tomball,"
BUSI 1301,Business Principles,"(3, 3)",Business,,"CyFair, Houston North, Kingwood, Montgomery, North Harris, Tomball, University Park, Online,"
BUSI 1307,Personal Finance,"(3, 3)",Business,,"CyFair, Houston North, Kingwood, Montgomery, North Harris, Tomball, University Park, Online,"
BUSI 2301,Business Law,"(3, 3)",Business,,"CyFair, Houston North, Kingwood, Montgomery, North Harris, Tomball, University Park, Online,"
BUSI 2304,Business Writing and Correspondence,"(3, 3)",Business,,"CyFair, Houston North, Kingwood, Montgomery, North Harris, Tomball, University Park, Online,"
BUSI 2305,Business Statistics,"(3, 3)",Business,,"CyFair, Houston North, Kingwood, Montgomery, North Harris, Tomball, University Park, Online,"
BUSIA 1301,Business Principles I,"(2, 2)",Business,,"Montgomery, Tomball,"
BUSIB 1301,Business Principles II,"(1, 1)",Business,,"Montgomery, Tomball,"
CETT 1325,Digital Fundamentals,"(3, 3)",Computer Engineering Technology/Technician,,"Kingwood,"
CETT 1329,Solid State Devices,"(3, 3)",Computer Engineering Technology/Technician,,"CyFair, Kingwood, Montgomery, North Harris, Tomball,"
CETT 1403,DC Circuits,"(4, 4)",Computer Engineering Technology/Technician,,"CyFair, Kingwood, Montgomery, North Harris, Tomball,"
CETT 1405,AC Circuits,"(4, 4)",Computer Engineering Technology/Technician,,"CyFair, Kingwood, Montgomery, North Harris, Tomball,"
CETT 1409,DC-AC Circuits,"(4, 4)",Computer Engineering Technology/Technician,,"CyFair, Montgomery, North Harris, Tomball, University Park, Houston North, Kingwood,"
CETT 1425,Digital Fundamentals,"(4, 4)",Computer Engineering Technology/Technician,,"CyFair, Kingwood, Montgomery, North Harris, Tomball,"
CETT 1445,Microprocessor,"(4, 4)",Computer Engineering Technology/Technician,,"CyFair, Kingwood, Montgomery, North Harris, Tomball,"
CHEM 1405,Introduction to Chemistry,"(4, 4)",Chemistry,,"CyFair, Houston North, Kingwood, Montgomery, North Harris, Tomball, University Park, Online,"
CHEM 1407,Introductory Chemistry II,"(4, 4)",Chemistry,,"CyFair, Houston North, Kingwood, Montgomery, North Harris, Tomball, University Park, Online,"
CHEM 1409,General Chemistry for Engineering Majors,"(4, 4)",Chemistry,,"CyFair, Houston North, Kingwood, Montgomery, North Harris, Tomball, University Park, Online,"
CHEM 1411,General Chemistry I,"(4, 4)",Chemistry,,"CyFair, Houston North, Kingwood, Montgomery, North Harris, Tomball, University Park, Online,"
CHEM 1412,General Chemistry II,"(4, 4)",Chemistry,,"CyFair, Houston North, Kingwood, Montgomery, North Harris, Tomball, University Park, Online,"
CHEM 2389,Academic Cooperative,"(3, 3)",Chemistry,,"CyFair, Houston North, Kingwood, Montgomery, North Harris, Tomball, University Park, Online,"
CHEM 2423,Organic Chemistry I,"(4, 4)",Chemistry,,"CyFair, Houston North, Kingwood, Montgomery, North Harris, Tomball, University Park, Online,"
CHEM 2425,Organic Chemistry II,"(4, 4)",Chemistry,,"CyFair, Houston North, Kingwood, Montgomery, North Harris, Tomball, University Park, Online,"
CHEMH 1405,Honors Introduction to Chemistry,"(4, 4)",Honors Chemistry,,"CyFair, Houston North, Kingwood, Montgomery, North Harris, Tomball, University Park, Online,"
CHEMH 1407,Honors Introductory Chemistry II,"(4, 4)",Honors Chemistry,,"CyFair, Houston North, Kingwood, Montgomery, North Harris, Tomball, University Park, Online,"
CHEMH 1411,Honors General Chemistry I,"(4, 4)",Honors Chemistry,,"CyFair, Houston North, Kingwood, Montgomery, North Harris, Tomball, University Park, Online,"
CHEMH 1412,Honors General Chemistry II,"(4, 4)",Honors Chemistry,,"CyFair, Houston North, Kingwood, Montgomery, North Harris, Tomball, University Park, Online,"
CHEMH 2389,Honors Chemistry Academic Cooperative,"(3, 3)",Honors Chemistry,,"CyFair, Houston North, Kingwood, Montgomery, North Harris, Tomball, University Park, Online,"
CHEMH 2423,Honors Organic Chemistry I,"(4, 4)",Honors Chemistry,,"CyFair, Kingwood, Montgomery, North Harris, Tomball, University Park, Houston North, Online,"
CHEMH 2425,Honors Organic Chemistry II,"(4, 4)",Honors Chemistry,,"CyFair, Kingwood, Montgomery, North Harris, Tomball, University Park, Houston North, Online,"
CHIN 1411,Beginning Chinese I,"(4, 4)",Chinese Language,,"CyFair, Kingwood, Montgomery, North Harris, Tomball, University Park, Houston North, Online,"
CHIN 1412,Beginning Chinese II,"(4, 4)",Chinese Language,,"CyFair, Kingwood, Montgomery, North Harris, Tomball, Houston North, Online, University Park,"
CHIN 2311,Intermediate Chinese I,"(3, 3)",Chinese Language,,"CyFair, Kingwood, Montgomery, North Harris, Tomball, Houston North, Online, University Park,"
CHIN 2312,Intermediate Chinese II,"(3, 3)",Chinese Language,,"CyFair, Kingwood, Montgomery, North Harris, Tomball, Houston North, Online, University Park,"
CMSW 1309,Problems of Children and Adolescents,"(3, 3)",Clinical And Medical Social Work,,"Montgomery, Houston North,"
CMSW 1323,The Exceptional Person,"(3, 3)",Clinical And Medical Social Work,,"Montgomery, Houston North,"
CMSW 1341,Behavior Modification with Cognitive Disorder,"(3, 3)",Clinical And Medical Social Work,,"Houston North, Montgomery, Tomball,"
CMSW 1353,Family Intervention Strategies,"(3, 3)",Clinical And Medical Social Work,,"Houston North, Montgomery, Tomball,"
CNBT 1210,Basic Construction Safety,"(2, 2)",Construction/Building Technology/Technician,,"North Harris,"
CNBT 1300,Residential and Light Commercial Construction Drawings,"(3, 3)",Construction/Building Technology/Technician,,"North Harris,"
CNBT 1311,Construction Materials & Methods I,"(3, 3)",Construction/Building Technology/Technician,,"CyFair, Kingwood, Montgomery, North Harris, Tomball, Houston North,"
CNBT 1315,Field Engineering I,"(3, 3)",Construction/Building Technology/Technician,,"North Harris,"
CNBT 1342,Building Codes and Inspections,"(3, 3)",Construction/Building Technology/Technician,,"CyFair, Kingwood, Montgomery, North Harris, Tomball, Houston North,"
CNBT 1346,Construction Estimating I,"(3, 3)",Construction/Building Technology/Technician,,"North Harris,"
CNBT 1402,"Mechanical, Plumbing & Electrical Systems In Construction I","(4, 4)",Construction/Building Technology/Technician,,"North Harris,"
CNBT 2280,Cooperative Education - Construction Engineering Technology/Technician,"(2, 2)",Construction/Building Technology/Technician,,"North Harris,"
CNBT 2315,Construction Specifications and Contracts,"(3, 3)",Construction/Building Technology/Technician,,"North Harris,"
CNBT 2335,Computer-Aided Construction Scheduling,"(3, 3)",Construction/Building Technology/Technician,,"North Harris,"
CNBT 2342,Construction Management I,"(3, 3)",Construction/Building Technology/Technician,,"North Harris,"
CNBT 2344,Construction Management II,"(3, 3)",Construction/Building Technology/Technician,,"North Harris,"
CNBT 2380,Cooperative Education - Construction Engineering Technology/Technician,"(3, 3)",Construction/Building Technology/Technician,,"North Harris,"
CNBT 2381,Cooperative Education - Construction Engineering Technology/Technician,"(3, 3)",Construction/Building Technology/Technician,,"North Harris,"
COMM 1307,Intro To Mass Communications,"(3, 3)",Communication,,"CyFair, Kingwood, Montgomery, North Harris, Tomball, University Park, Houston North, Online,"
COMM 2302,Principles of Journalism,"(3, 3)",Communication,,"CyFair, Kingwood, Montgomery, North Harris, Tomball, Houston North, University Park, Online,"
COMM 2305,Modern Editing,"(3, 3)",Communication,,"CyFair, Kingwood, Montgomery, North Harris, Tomball, Houston North, Online, University Park,"
COMM 2311,Reporting I,"(3, 3)",Communication,,"CyFair, Kingwood, Montgomery, North Harris, Tomball, Houston North, Online, University Park,"
COMM 2315,Reporting II,"(3, 3)",Communication,,"CyFair, Kingwood, Montgomery, North Harris, Tomball, Houston North, Online, University Park,"
COMM 2327,Principles of Advertising,"(3, 3)",Communication,,"CyFair, Kingwood, Montgomery, North Harris, Tomball, Houston North, Online, University Park,"
COMM 2330,Introduction to Public Relations,"(3, 3)",Communication,,"CyFair, Kingwood, Montgomery, North Harris, Tomball, University Park, Houston North, Online,"
COMM 2366,Introduction to Cinema,"(3, 3)",Communication,,"CyFair, Kingwood, Montgomery, North Harris, Tomball, University Park, Houston North, Online,"
COMM 2389,Academic Co-op in Communications,"(3, 3)",Communication,,"CyFair, Kingwood, Montgomery, North Harris, Tomball, Houston North, Online, University Park,"
COMMH 2366,Honors Introduction to Cinema,"(3, 3)",Honors Communication,,"CyFair, Kingwood, Montgomery, North Harris, Tomball, University Park, Houston North, Online,"
COSC 1301,Introduction to Computers,"(3, 3)",Computer Science,,"CyFair, Houston North, Kingwood, Montgomery, North Harris, Tomball, University Park, Online,"
COSC 1315,Introduction to Computer Programming,"(3, 3)",Computer Science,,"CyFair, Houston North, Kingwood, Montgomery, North Harris, Tomball, University Park, Online,"
COSC 1320,C Language,"(3, 3)",Computer Science,,"CyFair, Houston North, Kingwood, Montgomery, North Harris, Tomball, University Park, Online,"
COSC 1436,Programming Fundamentals I,"(4, 4)",Computer Science,,"CyFair, Houston North, Kingwood, Montgomery, North Harris, Tomball, University Park, Online,"
COSC 1437,Programming Fundamentals II,"(4, 4)",Computer Science,,"CyFair, Houston North, Kingwood, Montgomery, North Harris, Tomball, University Park, Online,"
COSC 2325,Computer Organization,"(3, 3)",Computer Science,,"CyFair, Houston North, Kingwood, Montgomery, North Harris, Tomball, University Park, Online,"
COSC 2436,Programming Fundamentals III,"(4, 4)",Computer Science,,"CyFair, Houston North, Kingwood, Montgomery, North Harris, Tomball, University Park, Online,"
CRIJ 1301,Intro To Criminal Justice,"(3, 3)",Criminal Justice,,"CyFair, Houston North, Kingwood, Montgomery, North Harris, Tomball, University Park, Online,"
CRIJ 1306,Court Systems & Practices,"(3, 3)",Criminal Justice,,"CyFair, Houston North, Kingwood, Montgomery, North Harris, Tomball, University Park, Online,"
CRIJ 1307,Crime In America,"(3, 3)",Criminal Justice,,"CyFair, Houston North, Kingwood, Montgomery, North Harris, Tomball, University Park, Online,"
CRIJ 1310,Fundamentals Of Criminal Law,"(3, 3)",Criminal Justice,,"CyFair, Houston North, Kingwood, Montgomery, North Harris, Tomball, University Park, Online,"
CRIJ 1313,Juvenile Justice System,"(3, 3)",Criminal Justice,,"CyFair, Houston North, Kingwood, Montgomery, North Harris, Tomball, University Park, Online,"
CRIJ 2301,Community Resource Corrections,"(3, 3)",Criminal Justice,,"CyFair, Houston North, Kingwood, Montgomery, North Harris, Tomball, University Park, Online,"
CRIJ 2313,Correctional Systems & Practices,"(3, 3)",Criminal Justice,,"CyFair, Houston North, Kingwood, Montgomery, North Harris, Tomball, University Park, Online,"
CRIJ 2314,Criminal Investigation,"(3, 3)",Criminal Justice,,"CyFair, Houston North, Kingwood, Montgomery, North Harris, Tomball, University Park, Online,"
CRIJ 2328,Police Systems & Practices,"(3, 3)",Criminal Justice,,"CyFair, Houston North, Kingwood, Montgomery, North Harris, Tomball, University Park, Online,"
CRIJH 1301,Intro To Criminal Justice Honors,"(3, 3)",Honors Criminal Justice,,"Houston North, Kingwood, CyFair, Montgomery, North Harris, Online, Tomball, University Park,"
CRIJH 1307,Honors Crime in America,"(3, 3)",Honors Criminal Justice,,"CyFair, Houston North, Kingwood, Montgomery, North Harris, Tomball, University Park, Online,"
CSME 1248,Principles of Skin Care,"(2, 2)","Cosmetic Services, General",,"Kingwood, North Harris,"
CSME 1348,Principles of Skin Care,"(3, 3)","Cosmetic Services, General",,"Kingwood, North Harris,"
CSME 1354,Artistry of Hair Design I,"(3, 3)","Cosmetic Services, General",,"Kingwood, North Harris,"
CSME 1410,Introduction to Haircutting & Related Theory,"(4, 4)","Cosmetic Services, General",,"Kingwood, North Harris,"
CSME 1420,Orientation to Facial Specialist,"(4, 4)","Cosmetic Services, General",,"Kingwood, North Harris,"
CSME 1421,Principles of Facial and Skin Care Technology I,"(4, 4)","Cosmetic Services, General",,"Kingwood, North Harris,"
CSME 1445,Principles of Facials and Skin Care Technology II,"(4, 4)","Cosmetic Services, General",,"Kingwood, North Harris,"
CSME 1501,Orientation to Cosmetology,"(5, 5)","Cosmetic Services, General",,"Kingwood, Montgomery, North Harris, Tomball,"
CSME 1543,Manicuring and Related Theory,"(5, 5)","Cosmetic Services, General",,"Kingwood, North Harris,"
CSME 1545,Principles of Facials and Skin Care Technology II,"(5, 5)","Cosmetic Services, General",,"Kingwood, North Harris,"
CSME 1547,Principles of Skin Care/Facials and Related Theory,"(5, 5)","Cosmetic Services, General",,"Kingwood, North Harris,"
CSME 1551,"Artistry of Hair, Theory and Practice","(5, 5)","Cosmetic Services, General",,"Kingwood, North Harris,"
CSME 1553,Chemical Reformation & Related Theory,"(5, 5)","Cosmetic Services, General",,"Kingwood, North Harris,"
CSME 2337,Advanced Cosmetology Techniques,"(3, 3)","Cosmetic Services, General",,"Kingwood, Montgomery, North Harris, Tomball,"
CSME 2431,Principles of Facials and Skin Care Technology III,"(4, 4)","Cosmetic Services, General",,"Kingwood, North Harris,"
CSME 2501,The Principles of Hair Coloring & Related Theory,"(5, 5)","Cosmetic Services, General",,"Kingwood, North Harris,"
CSME 2539,Advanced Hair Design,"(5, 5)","Cosmetic Services, General",,"Kingwood, North Harris,"
CTMT 1391,ST-Registry Preparation Seminar,"(3, 3)",Computed Tomography Technology/Technician,,"Montgomery,"
CTMT 2232,Principles of Computed Tomography,"(2, 2)",Computed Tomography Technology/Technician,,"Montgomery,"
CTMT 2336,Computed Tomography Equipment and Methodology,"(3, 3)",Computed Tomography Technology/Technician,,"CyFair, Montgomery,"
CTMT 2460,Clinical - Radiologic Technology/Science - Radiographer,"(4, 4)",Computed Tomography Technology/Technician,,"Montgomery,"
CTMT 2461,Clinical - Radiologic Technology/Science - Radiographer,"(4, 4)",Computed Tomography Technology/Technician,,"Montgomery,"
DAAC 1304,Pharmacology of Substance Use Disorders,"(3, 3)",Alcohol/Drug Abuse Counseling,,"Houston North, Montgomery,"
DAAC 1305,Co-Occuring Disorders,"(3, 3)",Alcohol/Drug Abuse Counseling,,"Houston North, Montgomery,"
DAAC 1309,Assessment of Substance Use Disorders,"(3, 3)",Alcohol/Drug Abuse Counseling,,"Houston North, Montgomery,"
DAAC 1311,Counseling Theories,"(3, 3)",Alcohol/Drug Abuse Counseling,,"Houston North, Montgomery, Tomball,"
DAAC 1319,Introduction to Substance Use Disorders,"(3, 3)",Alcohol/Drug Abuse Counseling,,"Houston North, Montgomery, Tomball,"
DAAC 1417,Basic Counseling Skills,"(4, 4)",Alcohol/Drug Abuse Counseling,,"Houston North, Montgomery, Tomball,"
DAAC 2341,Counseling of Substance Use Disorders,"(3, 3)",Alcohol/Drug Abuse Counseling,,"Houston North, Montgomery,"
DAAC 2354,Dynamics of Group Counseling,"(3, 3)",Alcohol/Drug Abuse Counseling,,"Houston North, Montgomery, Tomball,"
DAAC 2360,Clinical - Alcohol/Drug Counseling,"(3, 3)",Alcohol/Drug Abuse Counseling,,"Houston North, Montgomery, Tomball,"
DANC 1201,Dance Composition-Improvisation,"(2, 2)",Dance,,"CyFair, Kingwood, Montgomery, North Harris, Tomball, University Park, Houston North, Online,"
DANC 1241,Beginning Ballet,"(2, 2)",Dance,,"CyFair, Kingwood, Montgomery, North Harris, Tomball, University Park, Houston North, Online,"
DANC 1245,Beginning Modern Dance,"(2, 2)",Dance,,"CyFair, Kingwood, Montgomery, North Harris, Tomball, University Park, Houston North, Online,"
DANC 1247,Beginning Jazz Dance,"(2, 2)",Dance,,"CyFair, Kingwood, Montgomery, North Harris, Tomball, University Park, Houston North, Online,"
DANC 2241,Intermediate Ballet,"(2, 2)",Dance,,"CyFair, Kingwood, Montgomery, North Harris, Tomball, University Park, Houston North, Online,"
DANC 2245,Intermediate Modern Dance,"(2, 2)",Dance,,"CyFair, Kingwood, Montgomery, North Harris, Tomball, University Park, Houston North, Online,"
DANC 2247,Intermediate Jazz Dance,"(2, 2)",Dance,,"CyFair, Kingwood, Montgomery, North Harris, Tomball, University Park, Houston North, Online,"
DANC 2303,Dance Appreciation,"(3, 3)",Dance,,"CyFair, Kingwood, Montgomery, North Harris, Tomball, Houston North, University Park, Online,"
DANCH 2303,Honors Dance Appreciation,"(3, 3)",Honors Dance,,"CyFair, Houston North, Kingwood, Montgomery, North Harris, Tomball, University Park, Online,"
DATN 1370,Introduction to Data Visualization and Analytics,"(3, 3)",Data Analytics,,"University Park, Tomball, Online,"
DATN 1377,Cloud Computing for Data Analytics,"(3, 3)",Data Analytics,,"University Park, Tomball, Online,"
DATN 2374,Introduction to Predictive Analytics,"(3, 3)",Data Analytics,,"University Park, Tomball, Online,"
DATN 2376,Analytical Tools and Methods,"(3, 3)",Data Analytics,,"University Park, Tomball, Online,"
DATN 2377,Advanced Analytical Tools and Methods,"(3, 3)",Data Analytics,,"Tomball, University Park, Online,"
DEMR 1229,Preventative Maintenance,"(2, 2)",Diesel Engine Mechanic And Repairer,,"North Harris,"
DEMR 1301,Shop Safety and Procedures,"(3, 3)",Diesel Engine Mechanic And Repairer,,"North Harris,"
DEMR 1305,Basic Electrical Systems,"(3, 3)",Diesel Engine Mechanic And Repairer,,"North Harris,"
DEMR 1306,Diesel Engine I,"(3, 3)",Diesel Engine Mechanic And Repairer,,"North Harris,"
DEMR 1310,Diesel Engine Testing & Repair I,"(3, 3)",Diesel Engine Mechanic And Repairer,,"North Harris,"
DEMR 1313,Fuel Systems,"(3, 3)",Diesel Engine Mechanic And Repairer,,"North Harris,"
DEMR 1316,Basic Hydraulics,"(3, 3)",Diesel Engine Mechanic And Repairer,,"North Harris,"
DEMR 1317,Basic Brake Systems,"(3, 3)",Diesel Engine Mechanic And Repairer,,"North Harris,"
DEMR 1321,Power Train I,"(3, 3)",Diesel Engine Mechanic And Repairer,,"North Harris,"
DEMR 1323,"Heating, Ventilation, and Air Conditioning Troubleshooting and Repair","(3, 3)",Diesel Engine Mechanic And Repairer,,"North Harris,"
DEMR 1349,Diesel Engine II,"(3, 3)",Diesel Engine Mechanic And Repairer,,"North Harris,"
DEMR 2312,Diesel Engine Testing and Repair II,"(3, 3)",Diesel Engine Mechanic And Repairer,,"North Harris,"
DEMR 2332,Electronic Controls,"(3, 3)",Diesel Engine Mechanic And Repairer,,"North Harris,"
DEMR 2334,Advanced Diesel Tune-up and Troubleshooting,"(3, 3)",Diesel Engine Mechanic And Repairer,,"North Harris,"
DEMR 2381,Cooperative Education - Diesel Mechanics Tech,"(3, 3)",Diesel Engine Mechanic And Repairer,,"North Harris,"
DFTG 1305,Introduction to Technical Drawing,"(3, 3)","Drafting And Design Technology/Technician, General",,"CyFair, Houston North, Kingwood, Montgomery, North Harris, Tomball, University Park,"
DFTG 1309,Basic Computer-aided Drafting,"(3, 3)","Drafting And Design Technology/Technician, General",,"CyFair, Houston North, Kingwood, Montgomery, North Harris, Tomball, University Park,"
DFTG 1317,Architectural Drafting Residential,"(3, 3)","Drafting And Design Technology/Technician, General",,"CyFair, Kingwood, Montgomery, North Harris, Tomball, Houston North,"
DFTG 1325,Blueprint Reading and Sketching,"(3, 3)","Drafting And Design Technology/Technician, General",,"CyFair, Kingwood, Montgomery, North Harris, Tomball, University Park,"
DFTG 1391,Special Topics in Drafting and Design Technology,"(3, 3)","Drafting And Design Technology/Technician, General",,"CyFair, North Harris, University Park,"
DFTG 1392,Special Topics in Architectural Drafting and Architectural CAD/CADD,"(3, 3)","Drafting And Design Technology/Technician, General",,"CyFair, North Harris, Houston North,"
DFTG 2302,Machine Drafting,"(3, 3)","Drafting And Design Technology/Technician, General",,"CyFair, Houston North, Kingwood, Montgomery, North Harris, Tomball, University Park,"
DFTG 2307,Electrical Drafting,"(3, 3)","Drafting And Design Technology/Technician, General",,"North Harris, Tomball, Houston North,"
DFTG 2319,Intermediate Computer-Aided Dftg,"(3, 3)","Drafting And Design Technology/Technician, General",,"CyFair, Houston North, Kingwood, Montgomery, North Harris, Tomball, University Park,"
DFTG 2323,Pipe Drafting,"(3, 3)","Drafting And Design Technology/Technician, General",,"CyFair, Kingwood, Montgomery, North Harris, Tomball, University Park,"
DFTG 2328,Architectural Drafting Commercial,"(3, 3)","Drafting And Design Technology/Technician, General",,"CyFair, Kingwood, Montgomery, North Harris, Tomball, Houston North,"
DFTG 2331,Advanced Technologies In Architectural Design And Drafting,"(3, 3)","Drafting And Design Technology/Technician, General",,"CyFair, Kingwood, Montgomery, North Harris, Tomball, University Park, Houston North,"
DFTG 2335,Advanced Technologies in Mechanical Design and Drafting,"(3, 3)","Drafting And Design Technology/Technician, General",,"CyFair, Kingwood, Montgomery, North Harris, Tomball, University Park,"
DFTG 2338,Final Project - Advanced Drafting,"(3, 3)","Drafting And Design Technology/Technician, General",,"CyFair, Kingwood, Montgomery, North Harris, Tomball, University Park, Houston North,"
DFTG 2340,Solid Modeling & Design,"(3, 3)","Drafting And Design Technology/Technician, General",,"CyFair, Houston North, Kingwood, Montgomery, North Harris, Tomball, University Park,"
DHYG 1160,Clinical Dental Hygienist II,"(1, 1)",Dental Hygienist,,"Kingwood,"
DHYG 1201,"Orofacial Anatomy,Histology, & Embryology","(2, 2)",Dental Hygienist,,"Kingwood,"
DHYG 1207,General and Dental Nutrition,"(2, 2)",Dental Hygienist,,"Kingwood,"
DHYG 1211,Periodontology,"(2, 2)",Dental Hygienist,,"Kingwood,"
DHYG 1215,Community Dentistry,"(2, 2)",Dental Hygienist,,"Kingwood,"
DHYG 1219,Dental Materials,"(2, 2)",Dental Hygienist,,"Kingwood,"
DHYG 1227,Preventive Dental Hygiene Care,"(2, 2)",Dental Hygienist,,"Kingwood,"
DHYG 1235,Pharmacology for Dental Hygienist,"(2, 2)",Dental Hygienist,,"Kingwood,"
DHYG 1239,General and Oral Pathology,"(2, 2)",Dental Hygienist,,"Kingwood,"
DHYG 1260,Clinic Dental Hygiene/Hygienist I,"(2, 2)",Dental Hygienist,,"Kingwood,"
DHYG 1304,Dental Radiology,"(3, 3)",Dental Hygienist,,"Kingwood,"
DHYG 1431,Preclinical Dental Hygiene,"(4, 4)",Dental Hygienist,,"Kingwood,"
DHYG 2153,Dental Hygiene Practice,"(1, 1)",Dental Hygienist,,"Kingwood,"
DHYG 2201,Dental Hygiene Care I,"(2, 2)",Dental Hygienist,,"Kingwood,"
DHYG 2231,Dental Hygiene Care II,"(2, 2)",Dental Hygienist,,"Kingwood,"
DHYG 2362,Clinical - Dental Hygienist III,"(3, 3)",Dental Hygienist,,"Kingwood,"
DHYG 2363,Clinical Dental Hygienist IV,"(3, 3)",Dental Hygienist,,"Kingwood,"
DMSO 1210,Introduction to Sonography,"(2, 2)",Diagnostic Medical Sonography Technician,,"CyFair,"
DMSO 1260,Clinical - Diagnostic Medical Sonography/Sonographer and Ultrasound Technician,"(2, 2)",Diagnostic Medical Sonography Technician,,"CyFair,"
DMSO 1266,Practicum (or Field Experience) - Diagnostic Medical Sonography/Sonographer and Ultrasound Technician,"(2, 2)",Diagnostic Medical Sonography Technician,,"CyFair,"
DMSO 1267,Practicum (or Field Experience) - Diagnostic Medical Sonography/Sonographer and Ultrasound Technician,"(2, 2)",Diagnostic Medical Sonography Technician,,"CyFair,"
DMSO 1302,Basic Ultrasound Physics,"(3, 3)",Diagnostic Medical Sonography Technician,,"CyFair,"
DMSO 1342,Intermediate Ultrasound Physics,"(3, 3)",Diagnostic Medical Sonography Technician,,"CyFair,"
DMSO 1351,Sectional Anatomy For Sonographers,"(3, 3)",Diagnostic Medical Sonography Technician,,"CyFair,"
DMSO 1355,Sonographic Pathophysiology,"(3, 3)",Diagnostic Medical Sonography Technician,,"CyFair,"
DMSO 1360,Clinical - Diagnostic Medical Sonography/Sonographer and Ultrasound Technician,"(3, 3)",Diagnostic Medical Sonography Technician,,"CyFair,"
DMSO 1455,Sonographic Pathophysiology,"(4, 4)",Diagnostic Medical Sonography Technician,,"CyFair,"
DMSO 2130,Advanced Ultrasound and Review,"(1, 1)",Diagnostic Medical Sonography Technician,,"CyFair,"
DMSO 2230,Advanced Ultrasound Review,"(2, 2)",Diagnostic Medical Sonography Technician,,"CyFair,"
DMSO 2245,Advanced Sonography Practices,"(2, 2)",Diagnostic Medical Sonography Technician,,"CyFair,"
DMSO 2266,Practicum (or Field Experience) - Diagnostic Medical Sonography/Sonographer and Ultrasound Technician,"(2, 2)",Diagnostic Medical Sonography Technician,,"CyFair,"
DMSO 2267,Practicum (or Field Experience) - Diagnostic Medical Sonography/Sonographer and Ultrasound Technician,"(2, 2)",Diagnostic Medical Sonography Technician,,"CyFair,"
DMSO 2342,Advanced Obstetric Sonography,"(3, 3)",Diagnostic Medical Sonography Technician,,"CyFair,"
DMSO 2353,Sonography of Superficial Structures,"(3, 3)",Diagnostic Medical Sonography Technician,,"CyFair,"
DMSO 2366,Practicum III,"(3, 3)",Diagnostic Medical Sonography Technician,,"CyFair,"
DMSO 2367,Practicum (or Field Experience) - Diagnostic Medical Sonography/Sonographer and Ultrasound Technician,"(3, 3)",Diagnostic Medical Sonography Technician,,"CyFair,"
DMSO 2405,Sonography of Obstetrics/Gynecology,"(4, 4)",Diagnostic Medical Sonography Technician,,"CyFair,"
DRAM 1120,Theatre Practicum I,"(1, 1)",Drama,,"CyFair, Kingwood, Montgomery, North Harris, Tomball, University Park, Houston North, Online,"
DRAM 1121,Theatre Practicum II,"(1, 1)",Drama,,"CyFair, Kingwood, Montgomery, North Harris, Tomball, University Park, Houston North, Online,"
DRAM 1310,Theatre Appreciation,"(3, 3)",Drama,,"CyFair, Houston North, Kingwood, Montgomery, North Harris, Tomball, University Park, Online,"
DRAM 1322,Stage Movement,"(3, 3)",Drama,,"CyFair, Kingwood, Montgomery, North Harris, Tomball, University Park, Houston North, Online,"
DRAM 1330,Stagecraft I,"(3, 3)",Drama,,"CyFair, Houston North, Kingwood, Montgomery, North Harris, Tomball, University Park, Online,"
DRAM 1341,Stage Makeup,"(3, 3)",Drama,,"CyFair, Kingwood, Montgomery, North Harris, Tomball, Houston North, University Park, Online,"
DRAM 1342,Costume Technology,"(3, 3)",Drama,,"CyFair, Kingwood, Montgomery, North Harris, Tomball, Houston North, University Park, Online,"
DRAM 1351,Acting I,"(3, 3)",Drama,,"CyFair, Kingwood, Montgomery, North Harris, Tomball, University Park, Houston North, Online,"
DRAM 1352,Acting II,"(3, 3)",Drama,,"CyFair, Kingwood, Montgomery, North Harris, Tomball, University Park, Houston North, Online,"
DRAM 2120,Theatre Practicum III,"(1, 1)",Drama,,"CyFair, Kingwood, Montgomery, North Harris, Tomball, University Park, Houston North, Online,"
DRAM 2121,Theatre Practicum,"(1, 1)",Drama,,"CyFair, Kingwood, Montgomery, North Harris, Tomball, University Park, Houston North, Online,"
DRAM 2331,Stagecraft II,"(3, 3)",Drama,,"CyFair, Kingwood, Montgomery, North Harris, Tomball, Houston North, University Park, Online,"
DRAM 2335,Theater Design,"(3, 3)",Drama,,"CyFair, Kingwood, Montgomery, North Harris, Tomball, Houston North, University Park, Online,"
DRAM 2336,Voice for the Actor,"(3, 3)",Drama,,"CyFair, Kingwood, Montgomery, North Harris, Tomball, University Park, Houston North, Online,"
DRAM 2355,Script Analysis,"(3, 3)",Drama,,"CyFair, Kingwood, Montgomery, North Harris, Tomball, Houston North, University Park, Online,"
DRAM 2366,Film Appreciation,"(3, 3)",Drama,,"CyFair, Kingwood, Montgomery, North Harris, Tomball, University Park, Houston North, Online,"
DRAM 2389,Academic Cooperative,"(3, 3)",Drama,,"CyFair, Kingwood, Montgomery, North Harris, Tomball, Houston North, University Park, Online,"
DRAMH 1310,Honors Theatre Appreciation,"(3, 3)",Honors Drama,,"CyFair, Houston North, Kingwood, Montgomery, North Harris, Tomball, University Park, Online,"
DRAMH 2366,Honors Film Appreciation,"(3, 3)",Honors Drama,,"CyFair, Kingwood, Montgomery, North Harris, Tomball, University Park, Houston North, Online,"
DSAE 1260,Clinical - Diagnostic Medical Sonography/Sonographer and Ultrasound Technician,"(2, 2)",Diagnostic Medical Sonography,,"CyFair,"
DSAE 1264,Practicum (or Field Experience) - Diagnostic Medical Sonography/Sonographer and Ultrasound Technician,"(2, 2)",Diagnostic Medical Sonography,,"CyFair,"
DSAE 1360,Clinical DMS,"(3, 3)",Diagnostic Medical Sonography,,"CyFair,"
DSAE 1415,Principles of Adult Cardiac Sonography,"(4, 4)",Diagnostic Medical Sonography,,"CyFair,"
DSAE 2255,Advanced Cardiac Sonography and Review,"(2, 2)",Diagnostic Medical Sonography,,"CyFair,"
DSAE 2264,Practicum (or Field Experience) - Diagnostic Medical Sonography/Sonographer and Ultrasound Technician,"(2, 2)",Diagnostic Medical Sonography,,"CyFair,"
DSAE 2265,Practicum III,"(2, 2)",Diagnostic Medical Sonography,,"CyFair,"
DSAE 2266,Practicum (or Field Experience) - Diagnostic Medical Sonography/Sonographer and Ultrasound Technician,"(2, 2)",Diagnostic Medical Sonography,,"CyFair,"
DSAE 2303,Cardiovascular Concepts,"(3, 3)",Diagnostic Medical Sonography,,"CyFair,"
DSAE 2335,Advanced Cardiac Sonography,"(3, 3)",Diagnostic Medical Sonography,,"CyFair,"
DSAE 2337,Cardiac Sonography Pathophysiology II,"(3, 3)",Diagnostic Medical Sonography,,"CyFair,"
DSAE 2355,Advanced Cardiac Sonography and  Review,"(3, 3)",Diagnostic Medical Sonography,,"CyFair,"
DSAE 2365,Practicum (or Field Experience) - Diagnostic Medical Sonography/Sonographer and Ultrasound Technician,"(3, 3)",Diagnostic Medical Sonography,,"CyFair,"
DSAE 2366,Practicum  - Diagnostic Medical Sonography/Sonographer and Ultrasound Technician,"(3, 3)",Diagnostic Medical Sonography,,"CyFair,"
DSAE 2404,Cardiac Sonography Pathophysiology I,"(4, 4)",Diagnostic Medical Sonography,,"CyFair,"
DSAE 2437,Cardiac Sonography Pathophysiology II,"(4, 4)",Diagnostic Medical Sonography,,"CyFair,"
DSVT 1164,Practicum (or Field Experience) - Diagnostic Medical Sonography and Ultrasound Technician,"(1, 1)",Diagnostic Medical Sonography Technician,,"CyFair,"
DSVT 1165,Practicum (or Field Experience) - Diagnostic Medical Sonography and Ultrasound Technician,"(1, 1)",Diagnostic Medical Sonography Technician,,"CyFair,"
DSVT 2235,Advanced Vascular Technology,"(2, 2)",Diagnostic Medical Sonography Technician,,"CyFair,"
DSVT 2300,Vascular Technology Applications,"(3, 3)",Diagnostic Medical Sonography Technician,,"CyFair,"
DSVT 2318,Peripheral Vascular Evaluation,"(3, 3)",Diagnostic Medical Sonography Technician,,"CyFair,"
DSVT 2330,Cerebral Vascular Evaluation,"(3, 3)",Diagnostic Medical Sonography Technician,,"CyFair,"
ECON 2301,Macro-economics,"(3, 3)",Economics,,"CyFair, Houston North, Kingwood, Montgomery, North Harris, Tomball, University Park, Online,"
ECON 2302,Micro-economics,"(3, 3)",Economics,,"CyFair, Houston North, Kingwood, Montgomery, North Harris, Tomball, University Park, Online,"
ECONH 2301,Honors Macro-Economics,"(3, 3)",Honors Economics,,"CyFair, Kingwood, Montgomery, North Harris, Tomball, University Park, Houston North, Online,"
ECONH 2302,Honors Micro-economics,"(3, 3)",Honors Economics,,"CyFair, Kingwood, Montgomery, North Harris, Tomball, University Park, Houston North, Online,"
ECRD 1211,Electrocardiography,"(2, 2)",Electrocardiograph Technology/Technician,,"CyFair, North Harris, Tomball,"
EDUC 1300,Learning Framework: 1st Year Experience,"(3, 3)",Education,,"CyFair, Houston North, Kingwood, Montgomery, North Harris, Tomball, University Park, Online,"
EDUC 1301,Introduction to the Teaching Profession,"(3, 3)",Education,,"CyFair, Houston North, Kingwood, Montgomery, North Harris, Tomball, University Park, Online,"
EDUC 2301,Introduction - Special Populations,"(3, 3)",Education,,"CyFair, Houston North, Kingwood, Montgomery, North Harris, Tomball, University Park, Online,"
EDUCH 1300,Honors Learning Framework: 1st Year Experience,"(3, 3)",Honors Education,,"CyFair, Kingwood, Montgomery, North Harris, Tomball, University Park, Houston North, Online,"
ELMT 2337,"Electronic Troubleshooting, Service, and Repair","(3, 3)",Electromechanical Technology/Technician,,"Houston North,"
ELMT 2433,Industrial Electronics,"(4, 4)",Electromechanical Technology/Technician,,"CyFair, North Harris, University Park,"
ELPT 1311,Basic Electrical Theory,"(3, 3)","Electrical And Power Transmission Installer, General",,"CyFair, North Harris, Tomball, University Park, Houston North,"
ELPT 1315,Electrical Calculations I,"(3, 3)","Electrical And Power Transmission Installer, General",,"North Harris, Tomball, Houston North,"
ELPT 1321,Intro Electrical Safety and Tools,"(3, 3)","Electrical And Power Transmission Installer, General",,"North Harris, Tomball, Houston North,"
ELPT 1325,National Electrical Code I,"(3, 3)","Electrical And Power Transmission Installer, General",,"North Harris, Tomball, Houston North,"
ELPT 1329,Residential Wiring,"(3, 3)","Electrical And Power Transmission Installer, General",,"North Harris, Tomball, Houston North,"
ELPT 1341,Motor Controls,"(3, 3)","Electrical And Power Transmission Installer, General",,"CyFair, Kingwood, Montgomery, North Harris, Tomball, University Park,"
ELPT 1345,Commercial Wiring,"(3, 3)","Electrical And Power Transmission Installer, General",,"North Harris, Tomball, Houston North,"
ELPT 1351,Electrical Machines,"(3, 3)","Electrical And Power Transmission Installer, General",,"North Harris, Tomball,"
ELPT 1357,Industrial Wiring,"(3, 3)","Electrical And Power Transmission Installer, General",,"North Harris, Tomball,"
ELPT 1391,"Special Topics in Electrical and Power Transmission Installer, General","(3, 3)","Electrical And Power Transmission Installer, General",,"Houston North,"
ELPT 2323,Transformers,"(3, 3)","Electrical And Power Transmission Installer, General",,"Houston North,"
ELPT 2325,National Electrical Code II,"(3, 3)","Electrical And Power Transmission Installer, General",,"North Harris, Tomball, Houston North,"
ELPT 2337,Electrical Planning & Estimating,"(3, 3)","Electrical And Power Transmission Installer, General",,"North Harris, Tomball,"
ELPT 2343,Electrical Systems Design,"(3, 3)","Electrical And Power Transmission Installer, General",,"North Harris, Tomball, Houston North,"
ELPT 2347,Electrical Testing & Maintenance,"(3, 3)","Electrical And Power Transmission Installer, General",,"North Harris, Tomball,"
ELPT 2355,Programmable Logic Controllers II,"(3, 3)","Electrical And Power Transmission Installer, General",,"University Park,"
EMAP 1345,Hazard Mitigation and Debris Management,"(3, 3)",Emergency Management,,"North Harris,"
EMAP 1400,Principles of Basic Emergency Management,"(4, 4)",Emergency Management,,"North Harris,"
EMAP 1440,Disaster Exercise Design and Evaluation,"(4, 4)",Emergency Management,,"North Harris,"
EMAP 2355,Disaster Recovery,"(3, 3)",Emergency Management,,"North Harris,"
EMAP 2370,Emergency Services Systems and Practices,"(3, 3)",Emergency Management,,"North Harris,"
EMAP 3310,Introduction to Emergency Management,"(3, 3)",Emergency Management,,"North Harris,"
EMAP 3320,Methods in Emergency Management,"(3, 3)",Emergency Management,,"North Harris,"
EMAP 3335,Hazard Mitigation and Preparedness,"(3, 3)",Emergency Management,,"North Harris,"
EMAP 3336,Infrastructure Systems and Disaster,"(3, 3)",Emergency Management,,"North Harris,"
EMAP 3345,Disaster Response and Recovery,"(3, 3)",Emergency Management,,"North Harris,"
EMAP 3350,Risk and Crisis Communications,"(3, 3)",Emergency Management,,"North Harris,"
EMAP 3354,Emergency Management Leadership,"(3, 3)",Emergency Management,,"North Harris,"
EMAP 4310,Public Health,"(3, 3)",Emergency Management,,"North Harris,"
EMAP 4350,Social Vulnerability in Disasters,"(3, 3)",Emergency Management,,"North Harris,"
EMAP 4357,Emergency Management Planning,"(3, 3)",Emergency Management,,"North Harris,"
EMAP 4359,Capstone in Emergency Management,"(3, 3)",Emergency Management,,"North Harris,"
EMAP 4389,Internship in Emergency Management Leadership,"(3, 3)",Emergency Management,,"North Harris,"
EMSP 1160,Clinical - EMT,"(1, 1)",Emergency Medical Technology/Technician,,"CyFair, Kingwood, Montgomery, North Harris,"
EMSP 1161,Clinical - Emergency Medical Services Paramedic I,"(1, 1)",Emergency Medical Technology/Technician,,"CyFair, Montgomery, North Harris,"
EMSP 1162,Paramedic Clinical II,"(1, 1)",Emergency Medical Technology/Technician,,"CyFair, Montgomery, North Harris,"
EMSP 1305,Emergency Care Attendant,"(3, 3)",Emergency Medical Technology/Technician,,"CyFair, Montgomery, North Harris,"
EMSP 1355,Trauma Management,"(3, 3)",Emergency Medical Technology/Technician,,"CyFair, Montgomery, North Harris,"
EMSP 1356,Patient Assessment and Airway Management,"(3, 3)",Emergency Medical Technology/Technician,,"CyFair, Montgomery, North Harris,"
EMSP 1391,Special Topics in Emergency Medical Technology,"(3, 3)",Emergency Medical Technology/Technician,,"CyFair, Montgomery, North Harris,"
EMSP 1438,Introduction to Advanced Practice,"(4, 4)",Emergency Medical Technology/Technician,,"CyFair, Montgomery, North Harris,"
EMSP 1501,Emergency Medical Technician,"(5, 5)",Emergency Medical Technology/Technician,,"CyFair, Kingwood, Montgomery, North Harris,"
EMSP 2143,Assessment Based Management,"(1, 1)",Emergency Medical Technology/Technician,,"CyFair, Montgomery, North Harris,"
EMSP 2160,Clinical - Paramedic III,"(1, 1)",Emergency Medical Technology/Technician,,"CyFair, Montgomery, North Harris,"
EMSP 2243,Assessment Based Management,"(2, 2)",Emergency Medical Technology/Technician,,"CyFair, Montgomery, North Harris,"
EMSP 2300,Methods of Teaching EMS,"(3, 3)",Emergency Medical Technology/Technician,,"CyFair, Montgomery, North Harris,"
EMSP 2305,EMS Operations,"(3, 3)",Emergency Medical Technology/Technician,,"CyFair, Montgomery, North Harris,"
EMSP 2306,Emergency Pharmacology,"(3, 3)",Emergency Medical Technology/Technician,,"CyFair, Montgomery, North Harris,"
EMSP 2330,Special Populations,"(3, 3)",Emergency Medical Technology/Technician,,"CyFair, Montgomery, North Harris,"
EMSP 2352,Emergency Medical Service Research,"(3, 3)",Emergency Medical Technology/Technician,,"CyFair, Montgomery, North Harris,"
EMSP 2359,EMS Supervision/Management,"(3, 3)",Emergency Medical Technology/Technician,,"CyFair, Montgomery, North Harris,"
EMSP 2361,Clinical - EMS,"(3, 3)",Emergency Medical Technology/Technician,,"CyFair, Montgomery, North Harris,"
EMSP 2434,Medical Emergencies,"(4, 4)",Emergency Medical Technology/Technician,,"CyFair, Montgomery, North Harris,"
EMSP 2444,Cardiology,"(4, 4)",Emergency Medical Technology/Technician,,"CyFair, Montgomery, North Harris,"
ENER 1240,Employee Success in Energy Industry,"(2, 2)",Energy,,"Kingwood,"
ENGL 0119,NCBO for Reading OR Writing,"(1, 1)",English,,"CyFair, Houston North, Kingwood, Montgomery, North Harris, Tomball, University Park, Online,"
ENGL 0219,NCBO for Reading AND Writing,"(2, 2)",English,,"CyFair, Houston North, Kingwood, Montgomery, North Harris, Tomball, University Park, Online,"
ENGL 0302,Integrated Reading and Writing I,"(3, 3)",English,,"CyFair, Houston North, Kingwood, Montgomery, North Harris, Tomball, University Park, Online,"
ENGL 0304,Developmental Reading I,"(3, 3)",English,,"CyFair, Houston North, Kingwood, Montgomery, North Harris, Tomball, University Park, Online,"
ENGL 0306,Developmental Writing I,"(3, 3)",English,,"CyFair, Kingwood, Montgomery, North Harris, Tomball, University Park, Houston North, Online,"
ENGL 0309,Integrated Reading & Writing II,"(3, 3)",English,,"CyFair, Houston North, Kingwood, Montgomery, North Harris, Tomball, University Park, Online,"
ENGL 1301,Composition & Rhetoric I,"(3, 3)",English,,"CyFair, Houston North, Kingwood, Montgomery, North Harris, Tomball, University Park, Online,"
ENGL 1302,Composition & Rhetoric II,"(3, 3)",English,,"CyFair, Houston North, Kingwood, Montgomery, North Harris, Tomball, University Park, Online,"
ENGL 2289,Academic Cooperative,"(2, 2)",English,,"CyFair, Houston North, Kingwood, Montgomery, North Harris, Tomball, University Park, Online,"
ENGL 2307,Fundamentals of Creative Writing,"(3, 3)",English,,"CyFair, Houston North, Kingwood, Montgomery, North Harris, Tomball, University Park, Online,"
ENGL 2311,Technical & Business Writing,"(3, 3)",English,,"CyFair, Houston North, Kingwood, Montgomery, North Harris, Tomball, University Park, Online,"
ENGL 2322,Survey of British Literature: Anglo-Saxon through the Eighteenth Century,"(3, 3)",English,,"CyFair, Houston North, Kingwood, Montgomery, North Harris, Tomball, University Park, Online,"
ENGL 2323,Survey of British Literature: Romantic through the Present,"(3, 3)",English,,"CyFair, Houston North, Kingwood, Montgomery, North Harris, Tomball, University Park, Online,"
ENGL 2327,Survey of American Literature: Exploration through the Civil War,"(3, 3)",English,,"CyFair, Kingwood, Montgomery, North Harris, Tomball, University Park, Houston North, Online,"
ENGL 2328,Survey of American Literature: Civil War through the Present,"(3, 3)",English,,"CyFair, Houston North, Kingwood, Montgomery, North Harris, Tomball, University Park, Online,"
ENGL 2332,Survey of World Literature - Ancient World through the 16th Century,"(3, 3)",English,,"CyFair, Kingwood, Montgomery, North Harris, Tomball, University Park, Houston North, Online,"
ENGL 2333,Survey of World Literature- 17th Century through the Present,"(3, 3)",English,,"CyFair, Kingwood, Montgomery, North Harris, Tomball, University Park, Houston North, Online,"
ENGL 2341,Forms of Literature,"(3, 3)",English,,"CyFair, Kingwood, Montgomery, North Harris, Tomball, University Park, Houston North, Online,"
ENGL 2351,Mexican-American Literature,"(3, 3)",English,,"CyFair, Houston North, Kingwood, Montgomery, North Harris, Tomball, University Park, Online,"
ENGL 2389,Academic Cooperative,"(3, 3)",English,,"CyFair, Houston North, Kingwood, Montgomery, North Harris, Tomball, University Park, Online,"
ENGLH 1301,Honors Composition & Rhetoric I,"(3, 3)",Honors English,,"CyFair, Kingwood, Montgomery, North Harris, Tomball, University Park, Houston North, Online,"
ENGLH 1302,Honors Composition & Rhetoric II,"(3, 3)",Honors English,,"CyFair, Kingwood, Montgomery, North Harris, Tomball, University Park, Houston North, Online,"
ENGLH 2307,Honors Fundamentals of Creative Writing,"(3, 3)",Honors English,,"CyFair, Houston North, Kingwood, Montgomery, North Harris, Tomball, University Park, Online,"
ENGLH 2311,Honors Technical & Business Writing,"(3, 3)",Honors English,,"CyFair, Kingwood, Montgomery, North Harris, Tomball, University Park, Houston North, Online,"
ENGLH 2322,Honors Survey of British Literature: Anglo-Saxon through the Eighteenth Century,"(3, 3)",Honors English,,"CyFair, Houston North, Kingwood, Montgomery, North Harris, Tomball, University Park, Online,"
ENGLH 2323,Honors Survey of British Literature: Romantic through the Present,"(3, 3)",Honors English,,"North Harris, University Park, CyFair, Houston North, Kingwood, Montgomery, Tomball, Online,"
ENGLH 2327,Honors Survey of American Literature: Exploration through the Civil War,"(3, 3)",Honors English,,"CyFair, Kingwood, Montgomery, North Harris, Tomball, University Park, Houston North, Online,"
ENGLH 2328,Honors Survey of American Literature: Civil War through the Present,"(3, 3)",Honors English,,"CyFair, Kingwood, Montgomery, North Harris, Tomball, University Park, Houston North, Online,"
ENGLH 2332,Honors Survey of World Literature:Ancient World through the Sixteenth Century,"(3, 3)",Honors English,,"CyFair, Kingwood, Montgomery, North Harris, Tomball, University Park, Houston North, Online,"
ENGLH 2333,Honors Survey of World Literature- 17th Century through the Present,"(3, 3)",Honors English,,"CyFair, Kingwood, Montgomery, North Harris, Tomball, University Park, Houston North, Online,"
ENGLH 2341,Honors Forms of Literature,"(3, 3)",Honors English,,"CyFair, Kingwood, Montgomery, North Harris, Tomball, University Park, Houston North, Online,"
ENGLH 2351,Honors Mexican-American Literature,"(3, 3)",Honors English,,"CyFair, Houston North, Kingwood, Montgomery, North Harris, Tomball, University Park, Online,"
ENGR 1201,Introduction to Engineering,"(2, 2)",Engineering,,"CyFair, Houston North, Kingwood, Montgomery, North Harris, Tomball, University Park, Online,"
ENGR 1304,Engineering Graphics I,"(3, 3)",Engineering,,"CyFair, Houston North, Kingwood, Montgomery, North Harris, Tomball, University Park, Online,"
ENGR 2105,Electric Circuits I,"(1, 1)",Engineering,,"CyFair, Houston North, Kingwood, Montgomery, North Harris, Tomball, University Park, Online,"
ENGR 2301,Engineering Mechanics: Statics,"(3, 3)",Engineering,,"CyFair, Houston North, Kingwood, Montgomery, North Harris, Tomball, University Park, Online,"
ENGR 2302,Engineering Mechanics:Dynamics,"(3, 3)",Engineering,,"CyFair, Houston North, Kingwood, Montgomery, North Harris, Tomball, University Park, Online,"
ENGR 2304,Programming for Engineers,"(3, 3)",Engineering,,"CyFair, Houston North, Kingwood, Montgomery, North Harris, Tomball, University Park, Online,"
ENGR 2305,Electric Circuits I,"(3, 3)",Engineering,,"CyFair, Houston North, Kingwood, Montgomery, North Harris, Tomball, University Park, Online,"
ENGR 2308,Engineering Economics,"(3, 3)",Engineering,,"CyFair, Kingwood, Montgomery, Tomball, University Park, Houston North, North Harris, Online,"
ENGR 2332,Mechanics of Materials,"(3, 3)",Engineering,,"CyFair, Houston North, Kingwood, Montgomery, North Harris, Tomball, University Park, Online,"
ENGR 2334,Chemical Engineering Thermodynamics I,"(3, 3)",Engineering,,"CyFair, Kingwood, Montgomery, North Harris, Tomball, University Park, Houston North, Online,"
ENGR 2405,Electrical Circuits I,"(4, 4)",Engineering,,"CyFair, Houston North, Kingwood, Montgomery, North Harris, Tomball, University Park, Online,"
ENGR 2406,Introduction to Digital Systems,"(4, 4)",Engineering,,"CyFair, Kingwood, Montgomery, North Harris, Tomball, University Park, Houston North, Online,"
ENGRH 1304,Honors Engineering Graphics I,"(3, 3)",Honors Engineering,,"CyFair, Kingwood, Montgomery, North Harris, Tomball, University Park, Houston North, Online,"
ENTC 1323,Strength of Materials,"(3, 3)","Engineering Technology, General",,"CyFair, Kingwood, Montgomery, North Harris, Tomball,"
ENTC 1343,Statics,"(3, 3)","Engineering Technology, General",,"CyFair, Kingwood, Montgomery, North Harris, Tomball, University Park, Houston North,"
ENTC 2380,Co-op Engineering Tech Technician,"(3, 3)","Engineering Technology, General",,"CyFair, Kingwood, Montgomery, North Harris, Tomball, University Park, Houston North,"
ENVR 1401,Environmental Science I,"(4, 4)",Environmental Science,,"CyFair, Kingwood, Montgomery, North Harris, Tomball, University Park, Houston North, Online,"
ENVR 1402,Environmental Science II,"(4, 4)",Environmental Science,,"CyFair, Kingwood, Montgomery, North Harris, Tomball, University Park, Houston North, Online,"
ENVRH 1401,Honors Environmental Science I,"(4, 4)",Honors Envr Science,,"CyFair, Kingwood, Montgomery, North Harris, Tomball, University Park, Houston North, Online,"
ENVRH 1402,Honors Environmental Science II,"(4, 4)",Honors Envr Science,,"CyFair, Kingwood, Montgomery, North Harris, Tomball, University Park, Houston North, Online,"
ESOL 0308,ESOL Language Skills Workshop,"(3, 3)",English For Speakers Of Other Languages,,"CyFair, Houston North, Kingwood, Montgomery, North Harris, Tomball, University Park, Online,"
ESOL 0310,ESOL Integrated Reading/Writing,"(3, 3)",English For Speakers Of Other Languages,,"CyFair, Kingwood, Montgomery, North Harris, Tomball, University Park, Houston North, Online,"
ESOL 0331,ESOL Integrated Reading and Writing Co-Requisite with HIST 1301,"(3, 3)",English For Speakers Of Other Languages,,"CyFair, Kingwood, Montgomery, North Harris, Tomball, University Park, Houston North, Online,"
ESOL 0332,ESOL Integrated Reading and Writing Co-Requisite with ENGL 1301,"(3, 3)",English For Speakers Of Other Languages,,"North Harris, CyFair, Houston North, Kingwood, Montgomery, Tomball, University Park, Online,"
ESOL 0361,ESOL Reading & Vocabulary I,"(3, 3)",English For Speakers Of Other Languages,,"CyFair, Houston North, Kingwood, Montgomery, North Harris, Tomball, University Park, Online,"
ESOL 0362,ESOL Reading & Vocabulary II,"(3, 3)",English For Speakers Of Other Languages,,"CyFair, Houston North, Kingwood, Montgomery, North Harris, Tomball, University Park, Online,"
ESOL 0363,ESOL Reading & Vocabulary III,"(3, 3)",English For Speakers Of Other Languages,,"CyFair, Houston North, Kingwood, Montgomery, North Harris, Tomball, University Park, Online,"
ESOL 0364,ESOL Reading & Vocabulary IV,"(3, 3)",English For Speakers Of Other Languages,,"CyFair, Houston North, Kingwood, Montgomery, North Harris, Tomball, University Park, Online,"
ESOL 0365,ESOL Reading & Vocabulary V,"(3, 3)",English For Speakers Of Other Languages,,"CyFair, Houston North, Kingwood, Montgomery, North Harris, Tomball, University Park, Online,"
ESOL 0371,ESOL Writing I,"(3, 3)",English For Speakers Of Other Languages,,"CyFair, Houston North, Kingwood, Montgomery, North Harris, Tomball, University Park, Online,"
ESOL 0372,ESOL Writing II,"(3, 3)",English For Speakers Of Other Languages,,"CyFair, Houston North, Kingwood, Montgomery, North Harris, Tomball, University Park, Online,"
ESOL 0373,ESOL Writing III,"(3, 3)",English For Speakers Of Other Languages,,"CyFair, Houston North, Kingwood, Montgomery, North Harris, Tomball, University Park, Online,"
ESOL 0374,ESOL Writing IV,"(3, 3)",English For Speakers Of Other Languages,,"CyFair, Houston North, Kingwood, Montgomery, North Harris, Tomball, University Park, Online,"
ESOL 0375,ESOL Writing V,"(3, 3)",English For Speakers Of Other Languages,,"CyFair, Houston North, Kingwood, Montgomery, North Harris, Tomball, University Park, Online,"
ESOL 0382,ESOL Oral Communication II,"(3, 3)",English For Speakers Of Other Languages,,"CyFair, Houston North, Kingwood, Montgomery, North Harris, Tomball, University Park, Online,"
ESOL 0383,ESOL Oral Communication III,"(3, 3)",English For Speakers Of Other Languages,,"CyFair, Houston North, Kingwood, Montgomery, North Harris, Tomball, University Park, Online,"
ESOL 0384,ESOL Advanced Listening and Speaking,"(3, 3)",English For Speakers Of Other Languages,,"CyFair, Houston North, Kingwood, Montgomery, North Harris, Tomball, University Park, Online,"
ESOL 0391,ESOL Grammar I,"(3, 3)",English For Speakers Of Other Languages,,"CyFair, Houston North, Kingwood, Montgomery, North Harris, Tomball, University Park, Online,"
ESOL 0392,ESOL Grammar II,"(3, 3)",English For Speakers Of Other Languages,,"CyFair, Houston North, Kingwood, Montgomery, North Harris, Tomball, University Park, Online,"
ESOL 0393,ESOL Grammar III,"(3, 3)",English For Speakers Of Other Languages,,"CyFair, Houston North, Kingwood, Montgomery, North Harris, Tomball, University Park, Online,"
ESOL 0394,ESOL Grammar IV,"(3, 3)",English For Speakers Of Other Languages,,"CyFair, Houston North, Kingwood, Montgomery, North Harris, Tomball, University Park, Online,"
ESOL 0395,ESOL Grammar for Writing V,"(3, 3)",English For Speakers Of Other Languages,,"CyFair, Houston North, Kingwood, Montgomery, North Harris, Tomball, University Park, Online,"
ESPT 1271,eSports Event Planning,"(2, 2)",Esports Management,,"Houston North,"
ESPT 2372,Co-op eSports,"(3, 3)",Esports Management,,"Houston North,"
ESPT 2471,Contemporary Issues in eSports,"(4, 4)",Esports Management,,"Houston North,"
FIRS 1103,Firefighter Agility and Fitness Preparation,"(1, 1)",Fire Science/Firefight,,"CyFair, Kingwood, Montgomery,"
FIRS 1203,Firefighter Agility and Fitness Preparation,"(2, 2)",Fire Science/Firefight,,"CyFair, Kingwood, Montgomery,"
FIRS 1391,Special Topics in Fire Science/Firefighting - Principles of Fire/Emergency Services Safety&Survival,"(3, 3)",Fire Science/Firefight,,"CyFair, Kingwood, Montgomery,"
FIRS 1401,Firefighter Certification I,"(4, 4)",Fire Science/Firefight,,"CyFair, Kingwood, Montgomery,"
FIRS 1407,Firefighter Certification II,"(4, 4)",Fire Science/Firefight,,"CyFair, Kingwood, Montgomery,"
FIRS 1413,Firefighter Certification III,"(4, 4)",Fire Science/Firefight,,"CyFair, Kingwood, Montgomery,"
FIRS 1419,Firefighter Certification IV,"(4, 4)",Fire Science/Firefight,,"CyFair, Kingwood, Montgomery,"
FIRS 1423,Firefighter Certification V,"(4, 4)",Fire Science/Firefight,,"CyFair, Kingwood, Montgomery,"
FIRS 2344,Driver/Operator-Pumper,"(3, 3)",Fire Science/Firefight,,"CyFair, Kingwood, Montgomery,"
FIRS 2370,Driver Operator/Aerial,"(3, 3)",Fire Science/Firefight,,"CyFair, Kingwood, Montgomery,"
FIRT 1291,ST Fire Protection Safety Technology (Fire Arson Investigation III),"(2, 2)",Fire Protection And Safety Technology/Technician,,"CyFair, Kingwood,"
FIRT 1301,Fundamentals of Fire Protection,"(3, 3)",Fire Protection And Safety Technology/Technician,,"North Harris,"
FIRT 1303,Fire and Arson Investigation I,"(3, 3)",Fire Protection And Safety Technology/Technician,,"CyFair, Montgomery,"
FIRT 1305,Public Education Programs,"(3, 3)",Fire Protection And Safety Technology/Technician,,"CyFair, Montgomery, Kingwood,"
FIRT 1307,Fire Codes and Inspections,"(3, 3)",Fire Protection And Safety Technology/Technician,,"CyFair, Montgomery,"
FIRT 1315,Hazardous Materials I,"(3, 3)",Fire Protection And Safety Technology/Technician,,"CyFair, Kingwood, Montgomery, North Harris,"
FIRT 1319,Fire Fighter Health and Safety,"(3, 3)",Fire Protection And Safety Technology/Technician,,"CyFair, Kingwood, Montgomery,"
FIRT 1327,Building Construction in the Fire Service,"(3, 3)",Fire Protection And Safety Technology/Technician,,"CyFair, Kingwood, Montgomery,"
FIRT 1338,Fire Protection Systems,"(3, 3)",Fire Protection And Safety Technology/Technician,,"CyFair, Montgomery,"
FIRT 1342,Fire Officer I,"(3, 3)",Fire Protection And Safety Technology/Technician,,"CyFair, Kingwood, Montgomery,"
FIRT 1343,Fire Officer II,"(3, 3)",Fire Protection And Safety Technology/Technician,,"CyFair, Kingwood, Montgomery,"
FIRT 1391,Special Topics: Basic Wildland Firefighting,"(3, 3)",Fire Protection And Safety Technology/Technician,,"CyFair, Kingwood, Montgomery,"
FIRT 1408,Fire Inspector I,"(4, 4)",Fire Protection And Safety Technology/Technician,,"CyFair, Kingwood, Montgomery,"
FIRT 1440,Fire Inspector II,"(4, 4)",Fire Protection And Safety Technology/Technician,,"CyFair, Kingwood, Montgomery,"
FIRT 1445,Hazardous Materials II,"(4, 4)",Fire Protection And Safety Technology/Technician,,"CyFair, Kingwood, Montgomery,"
FIRT 2111,Incident Safety Officer,"(1, 1)",Fire Protection And Safety Technology/Technician,,"CyFair, Kingwood, Montgomery,"
FIRT 2112,Hazardous Materials Incident Commander,"(1, 1)",Fire Protection And Safety Technology/Technician,,"CyFair, Montgomery, Kingwood,"
FIRT 2305,Fire Instructor I,"(3, 3)",Fire Protection And Safety Technology/Technician,,"CyFair, Kingwood, Montgomery,"
FIRT 2307,Fire Instructor II,"(3, 3)",Fire Protection And Safety Technology/Technician,,"CyFair, Kingwood, Montgomery,"
FIRT 2309,Firefighting Strategies and Tactics I,"(3, 3)",Fire Protection And Safety Technology/Technician,,"CyFair, Kingwood, Montgomery,"
FIRT 2333,Fire and Arson Investigation II,"(3, 3)",Fire Protection And Safety Technology/Technician,,"CyFair, Montgomery,"
FIRT 2345,Hazardous Materials III,"(3, 3)",Fire Protection And Safety Technology/Technician,,"CyFair, Kingwood, Montgomery,"
FIRT 2356,Fire Officer III,"(3, 3)",Fire Protection And Safety Technology/Technician,,"CyFair, Kingwood, Montgomery,"
FIRT 2357,Fire Officer IV,"(3, 3)",Fire Protection And Safety Technology/Technician,,"CyFair, Kingwood, Montgomery,"
FIRT 2359,Fire Instructor III,"(3, 3)",Fire Protection And Safety Technology/Technician,,"CyFair, Kingwood, Montgomery,"
FIRT 2370,Incident Commander,"(3, 3)",Fire Protection And Safety Technology/Technician,,"CyFair, Kingwood, Montgomery,"
FIRT 2380,Co-op Education - Fire Protection,"(3, 3)",Fire Protection And Safety Technology/Technician,,"CyFair, Kingwood, Montgomery,"
FLMC 1300,Production Management,"(3, 3)",Film/Cinema Studies,,"CyFair, Kingwood, Montgomery, North Harris,"
FLMC 1304,Lighting for Film Or Video,"(3, 3)",Film/Cinema Studies,,"CyFair, Kingwood, Montgomery, North Harris, Tomball,"
FLMC 1331,Video Graphics & Visual Effects I,"(3, 3)",Film/Cinema Studies,,"CyFair, Kingwood, Montgomery, North Harris, Tomball, University Park,"
FLMC 2331,Video Graphics & Visual Effects II,"(3, 3)",Film/Cinema Studies,,"CyFair, Kingwood, Montgomery, North Harris, Tomball, University Park,"
FLMC 2333,Cinematography,"(3, 3)",Film/Cinema Studies,,"CyFair, Kingwood, North Harris,"
FLMC 2444,Advanced Film and Video Editing,"(4, 4)",Film/Cinema Studies,,"Montgomery,"
FREN 1411,Beginning French I,"(4, 4)",French Language,,"CyFair, Kingwood, Montgomery, North Harris, Tomball, University Park, Houston North, Online,"
FREN 1412,Beginning French II,"(4, 4)",French Language,,"CyFair, Kingwood, Montgomery, North Harris, Tomball, University Park, Houston North, Online,"
FREN 2311,Intermediate French I,"(3, 3)",French Language,,"CyFair, Kingwood, Montgomery, North Harris, Tomball, University Park, Houston North, Online,"
FREN 2312,Intermediate French II,"(3, 3)",French Language,,"CyFair, Kingwood, Montgomery, North Harris, Tomball, University Park, Houston North, Online,"
GAME 1303,Intro Game Design & Development,"(3, 3)","Animation, Interactive Technology, Video Graphics And Special Effects",,"Kingwood, Houston North,"
GAME 1304,Level Design,"(3, 3)","Animation, Interactive Technology, Video Graphics And Special Effects",,"Kingwood, Houston North,"
GAME 1343,Game and Simulation Programming I,"(3, 3)","Animation, Interactive Technology, Video Graphics And Special Effects",,"CyFair, Kingwood, Montgomery, North Harris, Tomball, Online,"
GAME 1359,Game & Simulation Programming II,"(3, 3)","Animation, Interactive Technology, Video Graphics And Special Effects",,"CyFair, Kingwood, Montgomery, North Harris, Tomball, Online,"
GAME 2303,Artificial Intelligence Programming I,"(3, 3)","Animation, Interactive Technology, Video Graphics And Special Effects",,"CyFair, Kingwood, Montgomery, North Harris, Tomball, Online,"
GAME 2305,Interactive Writing II,"(3, 3)","Animation, Interactive Technology, Video Graphics And Special Effects",,"Kingwood, Houston North,"
GAME 2309,Video Game Art II,"(3, 3)","Animation, Interactive Technology, Video Graphics And Special Effects",,"Kingwood, Houston North,"
GAME 2332,Project Development I,"(3, 3)","Animation, Interactive Technology, Video Graphics And Special Effects",,"Kingwood, Houston North,"
GAME 2338,Game Testing,"(3, 3)","Animation, Interactive Technology, Video Graphics And Special Effects",,"Kingwood, Houston North,"
GAME 2386,"Internship-Animation, Interactive Technology, Video Graphics and Special Effects","(3, 3)","Animation, Interactive Technology, Video Graphics And Special Effects",,"Kingwood, Houston North,"
GEOG 1301,Physical Geography,"(3, 3)",Geography,,"CyFair, Kingwood, Montgomery, North Harris, Tomball, University Park, Houston North, Online,"
GEOG 1302,Human Geography,"(3, 3)",Geography,,"CyFair, Kingwood, Montgomery, North Harris, Tomball, University Park, Houston North, Online,"
GEOG 1303,World Regional Geography,"(3, 3)",Geography,,"CyFair, Houston North, Kingwood, Montgomery, North Harris, Tomball, University Park, Online,"
GEOG 2389,Academic Cooperative in Geography,"(3, 3)",Geography,,"CyFair, Houston North, Kingwood, Montgomery, North Harris, Tomball, University Park, Online,"
GEOGH 1301,Honors Physical Geography,"(3, 3)",Honors Geography,,"CyFair, Kingwood, Montgomery, North Harris, Tomball, University Park, Houston North, Online,"
GEOGH 1302,Honors Human Geography,"(3, 3)",Honors Geography,,"CyFair, Kingwood, Montgomery, North Harris, Tomball, University Park, Houston North, Online,"
GEOGH 1303,Honors World Regional Geography,"(3, 3)",Honors Geography,,"CyFair, Kingwood, Montgomery, North Harris, Tomball, University Park, Houston North, Online,"
GEOGH 2389,Honors Academic Cooperative in Geography,"(3, 3)",Honors Geography,,"CyFair, Houston North, Kingwood, Montgomery, North Harris, Online, Tomball, University Park,"
GEOL 1401,Earth Sciences for Non-Science Majors I,"(4, 4)",Geology,,"CyFair, Kingwood, Montgomery, North Harris, Tomball, University Park, Houston North, Online,"
GEOL 1402,Earth Sciences for Non-Science Majors II,"(4, 4)",Geology,,"CyFair, Houston North, Kingwood, Montgomery, North Harris, Tomball, University Park, Online,"
GEOL 1403,Physical Geology,"(4, 4)",Geology,,"CyFair, Kingwood, Montgomery, North Harris, Tomball, University Park, Houston North, Online,"
GEOL 1404,Historical Geology,"(4, 4)",Geology,,"CyFair, Kingwood, Montgomery, North Harris, Tomball, University Park, Houston North, Online,"
GEOL 1405,Environmental Geology,"(4, 4)",Geology,,"CyFair, Kingwood, Montgomery, North Harris, Tomball, University Park, Houston North, Online,"
GEOL 1445,Oceanography,"(4, 4)",Geology,,"CyFair, Kingwood, Montgomery, North Harris, Tomball, University Park, Houston North, Online,"
GEOL 1447,Meteorology,"(4, 4)",Geology,,"CyFair, Houston North, Kingwood, Montgomery, North Harris, Tomball, University Park, Online,"
GEOL 2289,Academic Cooperative in Geologic Research,"(2, 2)",Geology,,"CyFair, Kingwood, Montgomery, North Harris, Tomball, University Park, Houston North, Online,"
GEOL 2389,Academic Cooperative in Geologic Research,"(3, 3)",Geology,,"CyFair, Kingwood, Montgomery, North Harris, Tomball, University Park, Online, Houston North,"
GEOLH 1401,Honors Earth Sciences for Non-Science Majors I,"(4, 4)",Honors Geology,,"CyFair, Houston North, Kingwood, Montgomery, North Harris, Tomball, University Park, Online,"
GEOLH 1403,Honors Physical Geology,"(4, 4)",Honors Geology,,"CyFair, Kingwood, Montgomery, North Harris, Tomball, University Park, Houston North, Online,"
GEOLH 1404,Honors Historical Geology,"(4, 4)",Honors Geology,,"CyFair, Kingwood, Montgomery, North Harris, Tomball, University Park, Houston North, Online,"
GEOLH 1405,Honors Environmental Geology,"(4, 4)",Honors Geology,,"Kingwood, CyFair, Houston North, Montgomery, North Harris, Tomball, University Park, Online,"
GEOLH 1445,Honors Oceanography,"(4, 4)",Honors Geology,,"CyFair, Houston North, Kingwood, Montgomery, North Harris, Tomball, University Park, Online,"
GEOLH 1447,Honors Meteorology,"(4, 4)",Honors Geology,,"CyFair, Houston North, Kingwood, Montgomery, North Harris, Tomball, University Park, Online,"
GEOLH 2289,Honors Academic Cooperative in Geologic Research,"(2, 2)",Honors Geology,,"CyFair, Houston North, Kingwood, Montgomery, North Harris, Tomball, University Park, Online,"
GEOLH 2389,Honors Academic Cooperative in Geologic Research,"(3, 3)",Honors Geology,,"CyFair, Houston North, Kingwood, Montgomery, North Harris, Tomball, University Park, Online,"
GERM 1411,Beginning German I,"(4, 4)",German Language,,"CyFair, Kingwood, Montgomery, North Harris, Tomball, Houston North, University Park, Online,"
GERM 1412,Beginning German II,"(4, 4)",German Language,,"CyFair, Kingwood, Montgomery, North Harris, Tomball, Houston North, Online, University Park,"
GERM 2311,Intermediate German I,"(3, 3)",German Language,,"CyFair, Kingwood, Montgomery, North Harris, Tomball, Houston North, Online, University Park,"
GERM 2312,Intermediate German II,"(3, 3)",German Language,,"CyFair, Kingwood, Montgomery, North Harris, Tomball, Houston North, Online, University Park,"
GERS 1342,Aging and Mental Health,"(3, 3)",Gerontology,,"Montgomery, Houston North,"
GISC 1401,Cartography & Geography in Geographical Information Systems,"(4, 4)",Cartography,,"CyFair, North Harris,"
GISC 1411,Intro to Geographic Info Systems,"(4, 4)",Cartography,,"CyFair, North Harris,"
GISC 1421,Introduction to Raster-Based GIS,"(4, 4)",Cartography,,"CyFair, North Harris,"
GISC 1491,Special Topics in Cartography,"(4, 4)",Cartography,,"CyFair, North Harris,"
GISC 2131,Advanced Problems in Geographic Information Systems,"(1, 1)",Cartography,,"CyFair,"
GISC 2401,Data Acquisition & Analysis GIS,"(4, 4)",Cartography,,"CyFair, North Harris,"
GISC 2411,GIS Applications,"(4, 4)",Cartography,,"CyFair, North Harris,"
GLBIS 1011,Global Scholars Portfolio,"(0, 0)",Global Scholars International Studies,,"CyFair, Houston North, Kingwood, Montgomery, North Harris, Online, Tomball, University Park,"
GLBIS 1031,Intro to International Studies,"(0, 0)",Global Scholars International Studies,,"CyFair, Houston North, Kingwood, Montgomery, North Harris, Online, Tomball, University Park,"
GLBIS 2041,Global Scholars Study Abroad,"(0, 0)",Global Scholars International Studies,,"CyFair, Houston North, Kingwood, Montgomery, North Harris, Online, Tomball, University Park,"
GOVT 2304,Introduction to Political Science,"(3, 3)",Government,,"CyFair, Kingwood, Montgomery, North Harris, Tomball, University Park, Houston North, Online,"
GOVT 2305,Federal Government,"(3, 3)",Government,,"CyFair, Houston North, Kingwood, Montgomery, North Harris, Tomball, University Park, Online,"
GOVT 2306,Texas Government,"(3, 3)",Government,,"CyFair, Houston North, Kingwood, Montgomery, North Harris, Tomball, University Park, Online,"
GOVT 2311,Mexican-American Politics,"(3, 3)",Government,,"CyFair, Kingwood, Montgomery, North Harris, Tomball, University Park, Houston North, Online,"
GOVT 2389,Political Science Internship,"(3, 3)",Government,,"CyFair, Kingwood, Montgomery, North Harris, Tomball, University Park, Houston North, Online,"
GOVTH 2304,Honors Intro To Political Science,"(3, 3)",Honors Government,,"CyFair, Kingwood, Montgomery, North Harris, Tomball, University Park, Houston North, Online,"
GOVTH 2305,Honors Federal Government,"(3, 3)",Honors Government,,"CyFair, Kingwood, Montgomery, North Harris, Tomball, University Park, Houston North, Online,"
GOVTH 2306,Honors Texas Government,"(3, 3)",Honors Government,,"CyFair, Kingwood, Montgomery, North Harris, Tomball, University Park, Houston North, Online,"
GOVTH 2311,Honors Mexican-American Politics,"(3, 3)",Honors Government,,"CyFair, Houston North, Kingwood, Montgomery, North Harris, Tomball, University Park, Online,"
GOVTH 2389,Honors Political Science Internship,"(3, 3)",Honors Government,,"CyFair, Kingwood, Montgomery, North Harris, Tomball, University Park, Houston North, Online,"
HART 1301,Basic Electricity for HVAC,"(3, 3)","Heating, Air Conditioning, And Refrigeration",,"Houston North, Kingwood, Montgomery, North Harris, Tomball,"
HART 1307,Refrigeration Principles,"(3, 3)","Heating, Air Conditioning, And Refrigeration",,"Houston North, Kingwood, Montgomery, North Harris, Tomball,"
HART 1341,Residential Air Conditioning,"(3, 3)","Heating, Air Conditioning, And Refrigeration",,"Houston North, Kingwood, Montgomery, North Harris, Tomball,"
HART 1345,Gas and Electric Heating,"(3, 3)","Heating, Air Conditioning, And Refrigeration",,"Houston North, Kingwood, Montgomery, North Harris, Tomball,"
HART 1356,EPA Recovery Certification Preparation,"(3, 3)","Heating, Air Conditioning, And Refrigeration",,"Houston North, North Harris,"
HART 1491,"Special Topics in Heating, Air Conditioning, and Refrigeration","(4, 4)","Heating, Air Conditioning, And Refrigeration",,"Houston North, Kingwood, Montgomery, North Harris, Tomball,"
HART 2331,Advanced Electricity for HVAC,"(3, 3)","Heating, Air Conditioning, And Refrigeration",,"Houston North, Kingwood, Montgomery, North Harris, Tomball,"
HART 2334,Advanced Air Conditioning Controls,"(3, 3)","Heating, Air Conditioning, And Refrigeration",,"Houston North, Kingwood, Montgomery, North Harris, Tomball,"
HART 2336,Air Conditioning Troubleshooting,"(3, 3)","Heating, Air Conditioning, And Refrigeration",,"Houston North, Kingwood, Montgomery, North Harris, Tomball,"
HART 2341,Commercial Air Conditioning,"(3, 3)","Heating, Air Conditioning, And Refrigeration",,"Houston North, Kingwood, Montgomery, North Harris, Tomball,"
HART 2345,Residential Air Conditioning Systems Design,"(3, 3)","Heating, Air Conditioning, And Refrigeration",,"Houston North, Kingwood, Montgomery, North Harris, Tomball,"
HART 2349,Heat Pumps,"(3, 3)","Heating, Air Conditioning, And Refrigeration",,"Houston North, Kingwood, Montgomery, North Harris, Tomball,"
HART 2442,Commercial Refrigeration,"(4, 4)","Heating, Air Conditioning, And Refrigeration",,"Houston North, Kingwood, Montgomery, North Harris, Tomball,"
HART 2443,Industrial Air Conditioning,"(4, 4)","Heating, Air Conditioning, And Refrigeration",,"Houston North, Kingwood, Montgomery, North Harris, Tomball,"
HIST 1301,United States History I,"(3, 3)",History,,"CyFair, Houston North, Kingwood, Montgomery, North Harris, Tomball, University Park, Online,"
HIST 1302,United States History II,"(3, 3)",History,,"CyFair, Houston North, Kingwood, Montgomery, North Harris, Tomball, University Park, Online,"
HIST 2301,Texas History,"(3, 3)",History,,"CyFair, Kingwood, Montgomery, North Harris, Tomball, University Park, Houston North, Online,"
HIST 2311,Western Civilization I,"(3, 3)",History,,"CyFair, Houston North, Kingwood, Montgomery, North Harris, Tomball, University Park, Online,"
HIST 2312,Western Civilization II,"(3, 3)",History,,"CyFair, Kingwood, Montgomery, North Harris, Tomball, University Park, Houston North, Online,"
HIST 2321,World Civilizations I,"(3, 3)",History,,"CyFair, Houston North, Kingwood, Montgomery, North Harris, Tomball, University Park, Online,"
HIST 2322,World Civilizations II,"(3, 3)",History,,"CyFair, Houston North, Kingwood, Montgomery, North Harris, Tomball, University Park, Online,"
HIST 2327,Mexican American History I (to the United States-Mexico War Era),"(3, 3)",History,,"CyFair, Houston North, Kingwood, Montgomery, North Harris, Tomball, University Park, Online,"
HIST 2328,Mexican American History II (from the United States-Mexico War Era),"(3, 3)",History,,"CyFair, Kingwood, Montgomery, North Harris, Tomball, University Park, Houston North, Online,"
HIST 2381,African American History I,"(3, 3)",History,,"CyFair, Houston North, Kingwood, Montgomery, North Harris, Tomball, University Park, Online,"
HIST 2382,African American History II,"(3, 3)",History,,"CyFair, Houston North, Kingwood, Montgomery, North Harris, Tomball, University Park, Online,"
HIST 2389,Academic Cooperative in History,"(3, 3)",History,,"CyFair, Kingwood, Montgomery, North Harris, Tomball, University Park, Houston North, Online,"
HISTH 1301,Honors United States History I,"(3, 3)",Honors History,,"CyFair, Kingwood, Montgomery, North Harris, Tomball, University Park, Houston North, Online,"
HISTH 1302,Honors United States History II,"(3, 3)",Honors History,,"CyFair, Kingwood, Montgomery, North Harris, Tomball, University Park, Houston North, Online,"
HISTH 2301,Honors Texas History,"(3, 3)",Honors History,,"CyFair, Kingwood, Montgomery, North Harris, Tomball, University Park, Houston North, Online,"
HISTH 2311,Honors Western Civilization I,"(3, 3)",Honors History,,"CyFair, Kingwood, Montgomery, North Harris, Tomball, University Park, Houston North, Online,"
HISTH 2312,Honors Western Civilization II,"(3, 3)",Honors History,,"CyFair, Kingwood, Montgomery, North Harris, Tomball, University Park, Houston North, Online,"
HISTH 2321,Honors World Civilizations I,"(3, 3)",Honors History,,"University Park, CyFair, Houston North, Kingwood, Montgomery, North Harris, Tomball, Online,"
HISTH 2322,Honors World Civilizations II,"(3, 3)",Honors History,,"CyFair, Houston North, Kingwood, Montgomery, North Harris, Tomball, University Park, Online,"
HISTH 2327,Honors Mexican-American History I (to the United States-Mexico War Era),"(3, 3)",Honors History,,"CyFair, Houston North, Kingwood, Montgomery, North Harris, Tomball, University Park, Online,"
HISTH 2328,Honors Mexican American History II (from the United States-Mexico War Era),"(3, 3)",Honors History,,"CyFair, Kingwood, Montgomery, North Harris, Tomball, University Park, Houston North, Online,"
HISTH 2381,Honors African-American History I,"(3, 3)",Honors History,,"CyFair, Houston North, Kingwood, Montgomery, North Harris, Tomball, University Park, Online,"
HISTH 2389,Honors Academic Cooperative in History,"(3, 3)",Honors History,,"CyFair, Houston North, Kingwood, Montgomery, North Harris, Tomball, University Park, Online,"
HITT 1160,Clinical-Health Information/Medical Records Technology/Technician,"(1, 1)",Health Information Technology/Technician,,"North Harris, University Park, Online,"
HITT 1211,Health Information Systems,"(2, 2)",Health Information Technology/Technician,,"North Harris, University Park, Online,"
HITT 1253,Legal & Ethical Aspects-Health Info,"(2, 2)",Health Information Technology/Technician,,"North Harris, University Park, Online,"
HITT 1255,Health Care Statistics,"(2, 2)",Health Information Technology/Technician,,"North Harris, University Park, Online,"
HITT 1260,Clinical - Health Information/Medical Records Technology/Technician,"(2, 2)",Health Information Technology/Technician,,"North Harris, University Park, Online,"
HITT 1301,Health Data Content & Structure,"(3, 3)",Health Information Technology/Technician,,"North Harris, University Park, Online,"
HITT 1305,Medical Terminology I,"(3, 3)",Health Information Technology/Technician,,"North Harris, University Park, Tomball, Online,"
HITT 1341,Coding & Classification Systems,"(3, 3)",Health Information Technology/Technician,,"North Harris, University Park, Online,"
HITT 1342,Ambulatory Coding,"(3, 3)",Health Information Technology/Technician,,"North Harris, University Park, Online,"
HITT 1345,Health Care Delivery Systems,"(3, 3)",Health Information Technology/Technician,,"North Harris, University Park, Online,"
HITT 2149,RHIT Competency Review,"(1, 1)",Health Information Technology/Technician,,"North Harris, University Park, Online,"
HITT 2160,Clinical - Health Information/Medical Records Technology/Technician,"(1, 1)",Health Information Technology/Technician,,"North Harris, University Park, Online,"
HITT 2239,Health Info Organization & Super,"(2, 2)",Health Information Technology/Technician,,"North Harris, University Park, Online,"
HITT 2246,Advanced Medical Coding,"(2, 2)",Health Information Technology/Technician,,"North Harris, University Park, Online,"
HITT 2260,Clinical - Medical Records Technology Technician,"(2, 2)",Health Information Technology/Technician,,"North Harris, University Park, Online,"
HITT 2335,Coding & Reimbursement Tech,"(3, 3)",Health Information Technology/Technician,,"North Harris, University Park, Online,"
HITT 2343,Quality Assessment and Performance Improvement,"(3, 3)",Health Information Technology/Technician,,"North Harris, University Park, Online,"
HITT 2346,Advanced Medical Coding,"(3, 3)",Health Information Technology/Technician,,"North Harris, University Park, Online,"
HMSY 1337,Introduction to Homeland Security,"(3, 3)",Homeland Security,,"North Harris,"
HMSY 1338,Homeland Security Emergency Communications Management,"(3, 3)",Homeland Security,,"North Harris,"
HMSY 1339,Homeland Security Emergency Contingency Planning,"(3, 3)",Homeland Security,,"North Harris,"
HONRH 1011,Honors Portifolio,"(0, 0)",Honors College,,"CyFair, Houston North, Kingwood, Montgomery, North Harris, Tomball, University Park, Online,"
HONRH 1031,Honors Research Methods,"(0, 0)",Honors College,,"CyFair, Houston North, Kingwood, Montgomery, North Harris, Tomball, University Park, Online,"
HONRH 1041,Honors Special Topics - STEM,"(0, 0)",Honors College,,"CyFair, Houston North, Kingwood, Montgomery, North Harris, Online, Tomball, University Park,"
HONRH 1061,Honors College Academic Service Learning,"(0, 0)",Honors College,,"CyFair, Houston North, Kingwood, Montgomery, North Harris, Tomball, University Park, Online,"
HONRH 1081,Honors Special Topics - Liberal Arts,"(0, 0)",Honors College,,"CyFair, Houston North, Kingwood, Montgomery, North Harris, Online, Tomball, University Park,"
HONRH 2021,Honors Writing Seminar,"(0, 0)",Honors College,,"CyFair, Houston North, Kingwood, Montgomery, North Harris, Tomball, University Park, Online,"
HONRH 2023,Honors Writing Seminar,"(0, 0)",Honors College,,"CyFair, Kingwood, Montgomery, North Harris, Tomball, University Park, Houston North, Online,"
HONRH 2031,Special Topics in Honors,"(0, 0)",Honors College,,"CyFair, Kingwood, Montgomery, North Harris, Tomball, University Park, Houston North, Online,"
HONRH 2032,Special Topics in Honors,"(0, 0)",Honors College,,"CyFair, Kingwood, Montgomery, North Harris, Tomball, University Park, Houston North, Online,"
HONRH 2033,Special Topics in Honors,"(0, 0)",Honors College,,"CyFair, Kingwood, Montgomery, North Harris, Tomball, University Park, Houston North, Online,"
HONRH 2034,Special Topics in Honors,"(0, 0)",Honors College,,"CyFair, Kingwood, Montgomery, North Harris, Tomball, University Park, Houston North, Online,"
HONRH 2035,Special Topics in Honors,"(0, 0)",Honors College,,"CyFair, Kingwood, Montgomery, North Harris, Tomball, University Park, Houston North, Online,"
HONRH 2036,Special Topics in Honors,"(0, 0)",Honors College,,"CyFair, Kingwood, Montgomery, North Harris, Tomball, University Park, Houston North, Online,"
HONRH 2041,Honors International Capstone,"(0, 0)",Honors College,,"CyFair, Houston North, Kingwood, Montgomery, North Harris, Tomball, University Park, Online,"
HONRH 2043,Honors International Capstone,"(0, 0)",Honors College,,"CyFair, Kingwood, Montgomery, North Harris, Tomball, University Park, Houston North, Online,"
HONRH 2044,Honors International Capstone (STEM Focus),"(0, 0)",Honors College,,"CyFair, Kingwood, Montgomery, North Harris, Tomball, University Park, Houston North, Online,"
HONRH 2053,Honors College National Model United Nations,"(0, 0)",Honors College,,"CyFair, Houston North, Kingwood, Montgomery, North Harris, Tomball, University Park, Online,"
HONRH 2061,Honors College Internship,"(0, 0)",Honors College,,"CyFair, Houston North, Kingwood, Montgomery, North Harris, Tomball, University Park, Online,"
HONRH 2063,Honors Scholar,"(0, 0)",Honors College,,"CyFair, Kingwood, Montgomery, North Harris, Tomball, University Park, Houston North, Online,"
HONRH 2071,Honors College Leadership Seminar,"(0, 0)",Honors College,,"CyFair, Houston North, Kingwood, Montgomery, North Harris, Tomball, University Park, Online,"
HORT 1401,Horticulture,"(4, 4)",Horticulture,,"CyFair, Houston North, Kingwood, Montgomery, North Harris, Online, Tomball, University Park,"
HPRS 1206,Essentials of Medical Terminology,"(2, 2)","Health Professions And Related Sciences, Other",,"CyFair, North Harris, Tomball,"
HPRS 1304,Basic Health Profession Skills,"(3, 3)","Health Professions And Related Sciences, Other",,"North Harris, Kingwood,"
HPRS 2300,Pharmacology - Health Professions,"(3, 3)","Health Professions And Related Sciences, Other",,"CyFair, Kingwood, Montgomery, North Harris, Tomball,"
HPRS 2301,Pathophysiology,"(3, 3)","Health Professions And Related Sciences, Other",,"North Harris, Tomball, University Park, Online,"
HPRS 2321,Med Law & Ethics Health Professions,"(3, 3)","Health Professions And Related Sciences, Other",,"CyFair, Kingwood, Montgomery, North Harris, Tomball,"
HPRS 2331,General Health Professions Mgmt,"(3, 3)","Health Professions And Related Sciences, Other",,"CyFair, Kingwood, Montgomery, North Harris, Tomball,"
HPRS 2332,Health Care Communications,"(3, 3)","Health Professions And Related Sciences, Other",,"CyFair, Kingwood, Montgomery, North Harris, Tomball,"
HRPO 1302,Human Resources Training and Development,"(3, 3)",Human Resources Management,,"CyFair, Kingwood, Montgomery, North Harris, Tomball, University Park, Online,"
HRPO 1311,Human Relations,"(3, 3)",Human Resources Management,,"CyFair, Houston North, Kingwood, Montgomery, North Harris, Tomball, University Park, Online,"
HRPO 2301,Human Resources Management,"(3, 3)",Human Resources Management,,"CyFair, Houston North, Kingwood, Montgomery, North Harris, Tomball, University Park, Online,"
HRPO 2303,Employment Practices,"(3, 3)",Human Resources Management,,"CyFair, Kingwood, Montgomery, North Harris, Tomball, University Park, Online,"
HRPO 2304,Employee Relations,"(3, 3)",Human Resources Management,,"CyFair, Kingwood, Montgomery, North Harris, Tomball, University Park, Online,"
HRPO 2305,Human Resource Information Systems,"(3, 3)",Human Resources Management,,"CyFair, Kingwood, Montgomery, North Harris, Tomball, University Park, Online,"
HRPO 2306,Benefits and Compensation,"(3, 3)",Human Resources Management,,"CyFair, Kingwood, Montgomery, North Harris, Tomball, University Park, Online,"
HRPO 2307,Organizational Behavior,"(3, 3)",Human Resources Management,,"CyFair, Kingwood, Montgomery, North Harris, Tomball, University Park, Online,"
HRPOA 1311,Human Relations I,"(2, 2)",Human Resources Management,,"Montgomery, Tomball,"
HRPOB 1311,Human Relations II,"(1, 1)",Human Resources Management,,"Montgomery, Tomball,"
HUMA 1301,Early Global Cultures,"(3, 3)",Humanities,,"CyFair, Houston North, Kingwood, Montgomery, North Harris, Tomball, University Park, Online,"
HUMA 1302,Later Global Cultures,"(3, 3)",Humanities,,"CyFair, Houston North, Kingwood, Montgomery, North Harris, Tomball, University Park, Online,"
HUMA 1305,Introduction to Mexican-American Studies,"(3, 3)",Humanities,,"CyFair, Houston North, Kingwood, Montgomery, North Harris, Tomball, University Park, Online,"
HUMA 1311,Mexican-American Fine Arts Appreciation,"(3, 3)",Humanities,,"CyFair, Houston North, Kingwood, Montgomery, North Harris, Tomball, University Park, Online,"
HUMA 2319,Minority Cultures in the United States,"(3, 3)",Humanities,,"CyFair, Kingwood, Montgomery, North Harris, Tomball, University Park, Houston North, Online,"
HUMAH 1301,Honors Humanities I Prehistory to Gothic,"(3, 3)",Honors Humanities,,"CyFair, Kingwood, Montgomery, North Harris, Tomball, University Park, Houston North, Online,"
HUMAH 1302,Honors Introduction To The Humanities II Renaissance to the Present,"(3, 3)",Honors Humanities,,"CyFair, Kingwood, Montgomery, North Harris, Tomball, University Park, Houston North, Online,"
HUMAH 1305,Honors Introduction to Mexican-American Studies,"(3, 3)",Honors Humanities,,"CyFair, Houston North, Kingwood, Montgomery, North Harris, Tomball, University Park, Online,"
HUMAH 1311,Honors Mexican-American Fine Arts Appreciation,"(3, 3)",Honors Humanities,,"CyFair, Houston North, Kingwood, Montgomery, North Harris, Tomball, University Park, Online,"
HUMAH 2319,Honors Minority Cultures in the United States,"(3, 3)",Honors Humanities,,"CyFair, Houston North, Kingwood, Montgomery, North Harris, Tomball, University Park, Online,"
HYDR 1345,Hydraulics and Pneumatics,"(3, 3)",Hydraulics Technology/Technician,,"CyFair, Kingwood, Montgomery, North Harris, Tomball, University Park,"
HYDR 1391,Special Topics in Hydraulics Technology/Technician,"(3, 3)",Hydraulics Technology/Technician,,"Kingwood,"
IBUS 1305,Intro to International Business,"(3, 3)",International Business,,"CyFair, Kingwood, Montgomery, North Harris, Tomball,"
IBUS 2341,Intercultural Management,"(3, 3)",International Business,,"CyFair, Kingwood, Montgomery, North Harris, Tomball,"
IEIR 1310,Motor Controls,"(3, 3)",Industrial Electronic Installer And Repairer,,"CyFair, North Harris, University Park,"
IEIR 1312,Distribution Systems,"(3, 3)",Industrial Electronic Installer And Repairer,,"North Harris, Tomball,"
IMED 1301,Introduction to Digital Media,"(3, 3)",Educational/Instructional Media Design,,"CyFair, Houston North, Kingwood, Montgomery, North Harris, Tomball, University Park, Online,"
IMED 1316,Web Design I,"(3, 3)",Educational/Instructional Media Design,,"CyFair, Houston North, Kingwood, Montgomery, North Harris, Tomball, University Park, Online,"
IMED 1341,Interface Design,"(3, 3)",Educational/Instructional Media Design,,"CyFair, Kingwood, Montgomery, North Harris, Tomball, University Park, Online,"
IMED 1345,Interactive Digital Media I,"(3, 3)",Educational/Instructional Media Design,,"CyFair, Houston North, Kingwood, Montgomery, North Harris, Tomball, University Park, Online,"
IMED 2309,Internet Commerce,"(3, 3)",Educational/Instructional Media Design,,"CyFair, Kingwood, Montgomery, North Harris, Tomball, University Park, Online,"
IMED 2311,Portfolio Development,"(3, 3)",Educational/Instructional Media Design,,"CyFair, Kingwood, Montgomery, North Harris, Tomball, University Park, Online,"
IMED 2313,Project Analysis and Design,"(3, 3)",Educational/Instructional Media Design,,"CyFair, Kingwood, Montgomery, North Harris, Tomball, University Park, Online,"
IMED 2315,Web Design II,"(3, 3)",Educational/Instructional Media Design,,"CyFair, Kingwood, Montgomery, North Harris, Tomball, University Park, Online,"
IMED 2345,Interactive Digital Media II,"(3, 3)",Educational/Instructional Media Design,,"CyFair, Kingwood, Montgomery, North Harris, Tomball, University Park, Houston North, Online,"
IMED 2349,Internet Server Management,"(3, 3)",Educational/Instructional Media Design,,"CyFair, Kingwood, Montgomery, North Harris, Tomball, University Park, Online,"
IMED 2380,Cooperative Ed - Interactive Media,"(3, 3)",Educational/Instructional Media Design,,"CyFair, Kingwood, Montgomery, North Harris, Tomball, University Park, Online,"
INEW 2332,"Comprehensive Software Project: Coding, Testing, and Implementation","(3, 3)",Computer Programming,,"CyFair, Houston North, Kingwood, Montgomery, North Harris, Tomball, University Park, Online,"
INEW 2338,Advanced JAVA Programming,"(3, 3)",Computer Programming,,"CyFair, Kingwood, Montgomery, North Harris, Tomball, University Park, Online,"
INMT 1311,Computer Integrated Manufacturing,"(3, 3)",Engineering Design Graphics Technology,,"CyFair, Kingwood, Montgomery, North Harris, Tomball, University Park,"
INMT 1417,Industrial Automation,"(4, 4)",Engineering Design Graphics Technology,,"CyFair, Kingwood, Montgomery, North Harris, Tomball, University Park,"
INMT 2303,"Pumps, Compressors & Mechanical Drives","(3, 3)",Engineering Design Graphics Technology,,"CyFair, Kingwood, Montgomery, North Harris, Tomball, University Park,"
INTC 1312,Instrumentation and Safety,"(3, 3)",Instrumentation Technology/Technician,,"Kingwood,"
INTC 1341,Principles of Automatic Control,"(3, 3)",Instrumentation Technology/Technician,,"CyFair, Kingwood, Montgomery, North Harris, Tomball, University Park,"
INTC 1425,Instrument Hardware Installation I,"(4, 4)",Instrumentation Technology/Technician,,"Kingwood,"
INTC 1443,Application of Industrial Automatic Controls,"(4, 4)",Instrumentation Technology/Technician,,"Kingwood,"
INTC 1456,Instrumentation Calibration,"(4, 4)",Instrumentation Technology/Technician,,"Kingwood,"
INTC 2330,Instrumentation Systems Troubleshooting,"(3, 3)",Instrumentation Technology/Technician,,"Kingwood,"
INTC 2336,Distributed Control and Programmable Logic,"(3, 3)",Instrumentation Technology/Technician,,"Kingwood,"
INTC 2450,Fieldbus Process Control Systems,"(4, 4)",Instrumentation Technology/Technician,,"Kingwood,"
INTC 2487,Internship - Instrumentation Technology/Technician,"(4, 4)",Instrumentation Technology/Technician,,"Kingwood,"
INTC 2488,Internship - Instrumentation Technology/Technician,"(4, 4)",Instrumentation Technology/Technician,,"Kingwood,"
ITAI 1370,"Artificial Intelligence History, Theory and Platforms","(3, 3)",Information Technology Artificial Intelligence,,"University Park,"
ITAI 1371,Introduction to Machine Learning (ML),"(3, 3)",Information Technology Artificial Intelligence,,"University Park,"
ITAI 1372,Artificial Intelligence in Cybersecurity,"(3, 3)",Information Technology Artificial Intelligence,,"University Park,"
ITAI 1378,Artificial Intelligence for Computer Vision,"(3, 3)",Information Technology Artificial Intelligence,,"University Park,"
ITAI 2372,Artificial Intelligence Applications and Case Histories,"(3, 3)",Information Technology Artificial Intelligence,,"University Park,"
ITAI 2373,Natural Language Processing,"(3, 3)",Information Technology Artificial Intelligence,,"University Park,"
ITAI 2374,Robot Operating System & Platforms in Artificial Intelligence,"(3, 3)",Information Technology Artificial Intelligence,,"University Park,"
ITAI 2376,Deep Learning in Artificial Intelligence,"(3, 3)",Information Technology Artificial Intelligence,,"University Park,"
ITAI 2377,Data Science in Artificial Intelligence,"(3, 3)",Information Technology Artificial Intelligence,,"University Park,"
ITAI 2378,Artificial Intelligence Resources and References,"(3, 3)",Information Technology Artificial Intelligence,,"University Park,"
ITAI 2379,Special Topics in Artificial Intelligence,"(3, 3)",Information Technology Artificial Intelligence,,"University Park,"
ITAL 1411,Beginning Italian I,"(4, 4)",Italian Language,,"CyFair, Kingwood, Montgomery, North Harris, Tomball, Houston North, Online, University Park,"
ITAL 1412,Beginning Italian II,"(4, 4)",Italian Language,,"CyFair, Kingwood, Montgomery, North Harris, Tomball, Houston North, Online, University Park,"
ITAL 2311,Intermediate Italian I,"(3, 3)",Italian Language,,"CyFair, Kingwood, Montgomery, North Harris, Tomball, Houston North, Online, University Park,"
ITAL 2312,Intermediate Italian II,"(3, 3)",Italian Language,,"CyFair, Kingwood, Montgomery, North Harris, Tomball, Houston North, Online, University Park,"
ITCA 1370,Cybersecurity Fundamentals,"(3, 3)",Information Technology Cybersecurity Apps.,,"CyFair, Kingwood, North Harris, Tomball, Online,"
ITCA 1374,Fundamentals of Disaster Recovery and Business Continuity,"(3, 3)",Information Technology Cybersecurity Apps.,,"CyFair, North Harris, Online, Kingwood,"
ITCC 1314,CCNA 1: Introduction to Networks,"(3, 3)","System, Networking, And Lan/Wan Management/Manager",,"CyFair, Houston North, Kingwood, North Harris, Tomball, Online,"
ITCC 1330,DEVNET Associate,"(3, 3)","System, Networking, And Lan/Wan Management/Manager",,"CyFair, Houston North, Kingwood, North Harris, Tomball, Online,"
ITCC 1344,"CCNA 2: Switching, Routing and Wireless Essentials","(3, 3)","System, Networking, And Lan/Wan Management/Manager",,"CyFair, Houston North, Kingwood, North Harris, Tomball, Online,"
ITCC 2320,"CCNA 3: Enterprise Networking, Security and Automation","(3, 3)","System, Networking, And Lan/Wan Management/Manager",,"CyFair, Houston North, Kingwood, North Harris, Tomball, Online,"
ITCC 2330,CCNP Enterprise: Core Networking (ENCOR),"(3, 3)","System, Networking, And Lan/Wan Management/Manager",,"CyFair, Kingwood, North Harris, Tomball, Online,"
ITCC 2335,CCNP Enterprise: Advanced Routing (ENARSI),"(3, 3)","System, Networking, And Lan/Wan Management/Manager",,"CyFair, Tomball, Online,"
ITCC 2343,Network Security,"(3, 3)","System, Networking, And Lan/Wan Management/Manager",,"CyFair, Houston North, Kingwood, North Harris, Tomball, Online,"
ITCS 3301,Data Structures & Algorithms,"(3, 3)",Cybersecurity,,"CyFair,"
ITCS 3310,Mathematics Application for Cybersecurity,"(3, 3)",Cybersecurity,,"CyFair,"
ITCS 3320,Security of Data & Applications,"(3, 3)",Cybersecurity,,"CyFair,"
ITCS 3325,Advanced Hacking,"(3, 3)",Cybersecurity,,"CyFair,"
ITCS 3330,Applied Database Management,"(3, 3)",Cybersecurity,,"CyFair,"
ITCS 3350,Project Management for Cybersecurity,"(3, 3)",Cybersecurity,,"CyFair,"
ITCS 3360,Cyber Policy Analysis & Implementation,"(3, 3)",Cybersecurity,,"CyFair,"
ITCS 4315,Cybersecurity Incident Response Team,"(3, 3)",Cybersecurity,,"CyFair,"
ITCS 4320,Cybersecurity and Digital Ethics,"(3, 3)",Cybersecurity,,"CyFair,"
ITCS 4340,Intrusion Analysis and Response,"(3, 3)",Cybersecurity,,"CyFair,"
ITCS 4360,Emerging Threats and Defenses,"(3, 3)",Cybersecurity,,"CyFair,"
ITMT 1371,Azure Fundamentals,"(3, 3)",Information Technology Microsoft Technology,,"CyFair, Kingwood, North Harris, Tomball, Online,"
ITMT 1372,Azure Administrator,"(3, 3)",Information Technology Microsoft Technology,,"CyFair, Kingwood, North Harris, Tomball, Online,"
ITMT 1373,Azure Data Fundamentals,"(3, 3)",Information Technology Microsoft Technology,,"CyFair, Kingwood, North Harris, Tomball, Online,"
ITMT 1378,Windows Configuration,"(3, 3)",Information Technology Microsoft Technology,,"CyFair, Kingwood, North Harris, Tomball, Online,"
ITMT 2370,Develop Cloud Solutions,"(3, 3)",Information Technology Microsoft Technology,,"CyFair, North Harris, Kingwood, Online,"
ITMT 2376,Azure Architect Technologies,"(3, 3)",Information Technology Microsoft Technology,,"CyFair, Kingwood, North Harris, Tomball, Online,"
ITMT 2377,Administering Databases on Azure,"(3, 3)",Information Technology Microsoft Technology,,"CyFair, Kingwood, North Harris, Tomball, Online,"
ITMT 2378,Managing Modern Desktops,"(3, 3)",Information Technology Microsoft Technology,,"CyFair, Kingwood, North Harris, Tomball, Online,"
ITMT 2379,Azure Security Technologies,"(3, 3)",Information Technology Microsoft Technology,,"CyFair, Kingwood, North Harris, Tomball, Online,"
ITNW 1309,Fundamentals of Cloud Computing,"(3, 3)",Computer Systems Networking And Telecommunications,,"CyFair, Kingwood, Online,"
ITNW 1313,Computer Virtualization,"(3, 3)",Computer Systems Networking And Telecommunications,,"CyFair, Kingwood, Montgomery, North Harris, Tomball, University Park, Online,"
ITNW 1325,Fundamentals of Networking Technologies,"(3, 3)",Computer Systems Networking And Telecommunications,,"CyFair, Kingwood, Montgomery, North Harris, Tomball, University Park, Online,"
ITNW 1336,Cloud Deployment & Infrastructure Management,"(3, 3)",Computer Systems Networking And Telecommunications,,"CyFair, Kingwood, Online,"
ITNW 1391,Backup Recovery Systems and Architecture,"(3, 3)",Computer Systems Networking And Telecommunications,,"University Park, Online,"
ITNW 1392,Cloud Infrastructure & Services,"(3, 3)",Computer Systems Networking And Telecommunications,,"University Park, Online,"
ITNW 2327,Advanced Cloud Concepts,"(3, 3)",Computer Systems Networking And Telecommunications,,"CyFair, Kingwood, Online,"
ITSC 1301,Introduction to Computers,"(3, 3)",Information Technology Information Sciences,,"CyFair, Houston North, Kingwood, Montgomery, North Harris, Tomball, University Park, Online,"
ITSC 1315,IT Project Management,"(3, 3)",Information Technology Information Sciences,,"CyFair, Kingwood, Montgomery, North Harris, Tomball, University Park, Houston North, Online,"
ITSC 1316,Linux Installation and Configuration,"(3, 3)",Information Technology Information Sciences,,"CyFair, Kingwood, Montgomery, North Harris, Tomball, University Park, Houston North, Online,"
ITSC 1371,IT Essentials,"(3, 3)",Information Technology Information Sciences,,"CyFair, Kingwood, Montgomery, North Harris, Tomball, University Park, Houston North, Online,"
ITSC 1372,IT Foundations,"(3, 3)",Information Technology Information Sciences,,"CyFair, Kingwood, Montgomery, North Harris, Tomball, University Park, Online,"
ITSC 1391,Information Storage and Management,"(3, 3)",Information Technology Information Sciences,,"CyFair, Kingwood, Montgomery, Tomball, University Park, Online,"
ITSC 2325,Advanced Linux,"(3, 3)",Information Technology Information Sciences,,"CyFair, University Park, Online,"
ITSC 2331,Integrated Software Applications III,"(3, 3)",Information Technology Information Sciences,,"CyFair, Kingwood, Montgomery, North Harris, Tomball, University Park, Online,"
ITSC 2372,Technical Skills Portfolio,"(3, 3)",Information Technology Information Sciences,,"CyFair, Kingwood, Montgomery, North Harris, Tomball, University Park, Online,"
ITSC 2380,Co-op Computer and Info Sciences,"(3, 3)",Information Technology Information Sciences,,"CyFair, Kingwood, Montgomery, North Harris, Tomball, Online,"
ITSC 2381,Co-op II - Computer & Info Sciences,"(3, 3)",Information Technology Information Sciences,,"CyFair, Kingwood, Montgomery, North Harris, Tomball, Online,"
ITSC 2386,"Internship - Computer and Information Sciences, General","(3, 3)",Information Technology Information Sciences,,"University Park, Online,"
ITSE 1302,Computer Programming,"(3, 3)",Computer Programming,,"CyFair, Houston North, Kingwood, Montgomery, North Harris, Tomball, University Park, Online,"
ITSE 1303,Introduction to MySQL,"(3, 3)",Computer Programming,,"CyFair, Kingwood, Montgomery, North Harris, Tomball, University Park, Houston North, Online,"
ITSE 1307,Introduction to C++ Programming,"(3, 3)",Computer Programming,,"CyFair, Kingwood, Montgomery, North Harris, Tomball, University Park, Houston North, Online,"
ITSE 1311,Beginning Web Programming,"(3, 3)",Computer Programming,,"CyFair, Houston North, Kingwood, Montgomery, North Harris, Tomball, University Park, Online,"
ITSE 1330,Introduction to C# Programming,"(3, 3)",Computer Programming,,"CyFair, Houston North, Kingwood, Montgomery, North Harris, Tomball, University Park, Online,"
ITSE 1332,Introduction to Visual Basic.Net Programming,"(3, 3)",Computer Programming,,"CyFair, Kingwood, Montgomery, North Harris, Tomball, University Park, Houston North, Online,"
ITSE 1333,Mobile Applications Development,"(3, 3)",Computer Programming,,"CyFair, Houston North, Online,"
ITSE 1350,System Analysis and Design,"(3, 3)",Computer Programming,,"CyFair, Houston North, Kingwood, Montgomery, North Harris, Tomball, University Park, Online,"
ITSE 1371,Intermediate Python Programming,"(3, 3)",Computer Programming,,"CyFair, Kingwood, Montgomery, North Harris, Tomball, University Park, Houston North, Online,"
ITSE 1392,ST: Advanced C#,"(3, 3)",Computer Programming,,"CyFair, Kingwood, Montgomery, North Harris, Tomball, Online,"
ITSE 2302,Intermediate Web Programming,"(3, 3)",Computer Programming,,"CyFair, Houston North, Kingwood, Montgomery, North Harris, Tomball, University Park, Online,"
ITSE 2310,iOS Application Programming,"(3, 3)",Computer Programming,,"CyFair, Houston North, Online,"
ITSE 2317,Java Programming,"(3, 3)",Computer Programming,,"CyFair, Houston North, Kingwood, Montgomery, North Harris, Tomball, University Park, Online,"
ITSE 2331,Advanced C++ Programming,"(3, 3)",Computer Programming,,"CyFair, Kingwood, Montgomery, North Harris, Tomball, University Park, Online,"
ITSE 2349,Advanced Visual Basic Programming,"(3, 3)",Computer Programming,,"CyFair, Kingwood, Montgomery, North Harris, Tomball, University Park, Online,"
ITSE 2353,Advanced C# Programming,"(3, 3)",Computer Programming,,"CyFair, Kingwood, Montgomery, North Harris, Tomball, Online,"
ITSE 2371,Advanced Python Programming,"(3, 3)",Computer Programming,,"CyFair, Kingwood, Montgomery, North Harris, Tomball, University Park, Online,"
ITSE 2380,Co-op: Computer Programming,"(3, 3)",Computer Programming,,"CyFair, Kingwood, Montgomery, North Harris, Tomball, Online,"
ITSW 1301,Introduction to Word Processing,"(3, 3)",Data Processing Technology/Technician,,"CyFair, Kingwood, Montgomery, North Harris, Tomball, University Park,"
ITSW 1304,Introduction to Spreadsheets,"(3, 3)",Data Processing Technology/Technician,,"CyFair, Kingwood, Montgomery, North Harris, Tomball, University Park, Online,"
ITSW 1307,Introduction to Databases,"(3, 3)",Data Processing Technology/Technician,,"CyFair, Kingwood, Montgomery, North Harris, Tomball, University Park, Online,"
ITSW 2334,Advanced Spreadsheets,"(3, 3)",Data Processing Technology/Technician,,"CyFair, Kingwood, Montgomery, North Harris, Tomball, University Park, Online,"
ITSY 1376,Security Strategies,"(3, 3)",Information Technology/Security,,"CyFair, Kingwood,"
ITSY 2279,Cybersecurity Capstone,"(2, 2)",Information Technology/Security,,"CyFair, Kingwood,"
ITSY 2342,Incident Response and Handling,"(3, 3)",Information Technology/Security,,"CyFair, Kingwood, North Harris, Tomball, Online,"
ITSY 2377,Ethical Hacker,"(3, 3)",Information Technology/Security,,"CyFair, Kingwood,"
ITSY 2378,Strategic Infrastructure Security,"(3, 3)",Information Technology/Security,,"CyFair, Kingwood,"
JAPN 1411,Beginning Japanese I,"(4, 4)",Japanese Language,,"CyFair, Kingwood, Montgomery, North Harris, Tomball, Houston North, Online, University Park,"
JAPN 1412,Beginning Japanese II,"(4, 4)",Japanese Language,,"CyFair, Kingwood, Montgomery, North Harris, Tomball, Houston North, Online, University Park,"
JAPN 2311,Intermediate Japanese,"(3, 3)",Japanese Language,,"CyFair, Kingwood, Montgomery, North Harris, Tomball, University Park, Houston North, Online,"
JAPN 2312,Intermediate Japanese II,"(3, 3)",Japanese Language,,"CyFair, Kingwood, Montgomery, North Harris, Tomball, University Park, Houston North, Online,"
LGLA 1171,Preparing for Legal Employment,"(1, 1)",Legal Assistant/Paralegal,,"North Harris, University Park,"
LGLA 1219,Paralegal Ethics,"(2, 2)",Legal Assistant/Paralegal,,"North Harris, University Park,"
LGLA 1303,Legal Research,"(3, 3)",Legal Assistant/Paralegal,,"North Harris, University Park,"
LGLA 1307,Intro to Law & Legal Professions,"(3, 3)",Legal Assistant/Paralegal,,"North Harris, University Park,"
LGLA 1317,Law Office Technology,"(3, 3)",Legal Assistant/Paralegal,,"North Harris, University Park,"
LGLA 1323,Employment Law,"(3, 3)",Legal Assistant/Paralegal,,"North Harris, University Park,"
LGLA 1341,Administrative Law,"(3, 3)",Legal Assistant/Paralegal,,"North Harris, University Park,"
LGLA 1343,Bankruptcy,"(3, 3)",Legal Assistant/Paralegal,,"North Harris, University Park,"
LGLA 1345,Litigation Procedures,"(3, 3)",Legal Assistant/Paralegal,,"North Harris, University Park,"
LGLA 1349,Constitutional Law,"(3, 3)",Legal Assistant/Paralegal,,"North Harris, University Park,"
LGLA 1351,Contracts,"(3, 3)",Legal Assistant/Paralegal,,"North Harris, University Park,"
LGLA 1353,"Wills, Trusts and Probate Admin","(3, 3)",Legal Assistant/Paralegal,,"North Harris, University Park,"
LGLA 1355,Family Law,"(3, 3)",Legal Assistant/Paralegal,,"North Harris, University Park,"
LGLA 1359,Immigration Law,"(3, 3)",Legal Assistant/Paralegal,,"North Harris, University Park,"
LGLA 2303,Torts & Personal Injury Law,"(3, 3)",Legal Assistant/Paralegal,,"North Harris, University Park,"
LGLA 2305,Interviewing & Investigating,"(3, 3)",Legal Assistant/Paralegal,,"North Harris, University Park,"
LGLA 2309,Real Property,"(3, 3)",Legal Assistant/Paralegal,,"North Harris, University Park,"
LGLA 2311,Business Organizations,"(3, 3)",Legal Assistant/Paralegal,,"North Harris, University Park,"
LGLA 2313,Criminal Law and Procedure,"(3, 3)",Legal Assistant/Paralegal,,"North Harris, University Park,"
LGLA 2315,Oil & Gas Law,"(3, 3)",Legal Assistant/Paralegal,,"North Harris, University Park,"
LGLA 2323,Intellectual Property,"(3, 3)",Legal Assistant/Paralegal,,"North Harris, University Park,"
LGLA 2331,Advanced Legal Research & Writing,"(3, 3)",Legal Assistant/Paralegal,,"North Harris, University Park,"
LGLA 2370,Rules of Civil Procedure,"(3, 3)",Legal Assistant/Paralegal,,"North Harris, University Park,"
LGLA 2388,Internship - Paralegal/Legal Asst,"(3, 3)",Legal Assistant/Paralegal,,"North Harris, University Park,"
LMGT 1319,Introduction to Business Logistics,"(3, 3)",Logistics And Materials Management,,"CyFair, Houston North, North Harris,"
LMGT 1321,Introduction to Materials Handling,"(3, 3)",Logistics And Materials Management,,"CyFair, Houston North, North Harris,"
LMGT 1323,Transportation Management,"(3, 3)",Logistics And Materials Management,,"CyFair, Houston North, North Harris,"
LMGT 1345,Economics of Transportation & Dist,"(3, 3)",Logistics And Materials Management,,"CyFair, Houston North, North Harris,"
LMGT 1393,ST: Logistics & Materials Mgmt,"(3, 3)",Logistics And Materials Management,,"CyFair, Houston North, North Harris,"
LMGT 1425,Warehouse Distribution Mgmt,"(4, 4)",Logistics And Materials Management,,"CyFair, Houston North, North Harris,"
LMGT 2434,Principles of Traffic Management,"(4, 4)",Logistics And Materials Management,,"CyFair, Houston North, North Harris,"
MATH 0106,Pre-Algebra NCBO,"(1, 1)",Mathematics,,"CyFair, Houston North, Kingwood, Montgomery, North Harris, Tomball, University Park, Online,"
MATH 0232,NCBO for Mathematics for Liberal Arts,"(2, 2)",Mathematics,,"CyFair, Houston North, Kingwood, Montgomery, North Harris, Tomball, University Park, Online,"
MATH 0242,NCBO for Statistics,"(2, 2)",Mathematics,,"CyFair, Kingwood, Montgomery, North Harris, Tomball, University Park, Houston North, Online,"
MATH 0308,Introductory Algebra,"(3, 3)",Mathematics,,"CyFair, Houston North, Kingwood, Montgomery, North Harris, Tomball, University Park, Online,"
MATH 0309,Foundations of Mathematical Reasoning,"(3, 3)",Mathematics,,"CyFair, Kingwood, Montgomery, North Harris, Tomball, Houston North, Online, University Park,"
MATH 0310,Intermediate Algebra,"(3, 3)",Mathematics,,"CyFair, Houston North, Kingwood, Montgomery, North Harris, Tomball, University Park, Online,"
MATH 0314,NCBO for College Algebra,"(3, 3)",Mathematics,,"CyFair, Houston North, Kingwood, Montgomery, North Harris, Tomball, University Park, Online,"
MATH 0324,NCBO for Mathematics for Business and Social Science,"(3, 3)",Mathematics,,"CyFair, Houston North, Kingwood, Montgomery, North Harris, Tomball, University Park, Online,"
MATH 1314,College Algebra,"(3, 3)",Mathematics,,"CyFair, Houston North, Kingwood, Montgomery, North Harris, Tomball, University Park, Online,"
MATH 1316,Trigonometry,"(3, 3)",Mathematics,,"CyFair, Houston North, Kingwood, Montgomery, North Harris, Tomball, University Park, Online,"
MATH 1324,Mathematics for Business & Social Science,"(3, 3)",Mathematics,,"CyFair, Houston North, Kingwood, Montgomery, North Harris, Tomball, University Park, Online,"
MATH 1325,Calculus for Business & Social Sciences,"(3, 3)",Mathematics,,"CyFair, Houston North, Kingwood, Montgomery, North Harris, Tomball, University Park, Online,"
MATH 1332,Mathematics for Liberal Arts,"(3, 3)",Mathematics,,"CyFair, Houston North, Kingwood, Montgomery, North Harris, Tomball, University Park, Online,"
MATH 1342,Statistics,"(3, 3)",Mathematics,,"CyFair, Houston North, Kingwood, Montgomery, North Harris, Tomball, University Park, Online,"
MATH 1350,Mathematics for Teachers I (Fundamentals of Mathematics I),"(3, 3)",Mathematics,,"CyFair, Houston North, Kingwood, Montgomery, North Harris, Tomball, University Park, Online,"
MATH 1351,Mathematics for Teachers II (Fundamentals of Mathematics II),"(3, 3)",Mathematics,,"CyFair, Houston North, Kingwood, Montgomery, North Harris, Tomball, University Park, Online,"
MATH 2305,Discrete Mathematics,"(3, 3)",Mathematics,,"CyFair, Kingwood, Montgomery, North Harris, Tomball, University Park, Houston North, Online,"
MATH 2318,Linear Algebra,"(3, 3)",Mathematics,,"CyFair, Kingwood, Montgomery, North Harris, Tomball, University Park, Houston North, Online,"
MATH 2320,Differential Equations,"(3, 3)",Mathematics,,"CyFair, Kingwood, Montgomery, North Harris, Tomball, University Park, Houston North, Online,"
MATH 2412,Precalculus,"(4, 4)",Mathematics,,"CyFair, Houston North, Kingwood, Montgomery, North Harris, Tomball, University Park, Online,"
MATH 2413,Calculus I,"(4, 4)",Mathematics,,"CyFair, Houston North, Kingwood, Montgomery, North Harris, Tomball, University Park, Online,"
MATH 2414,Calculus II,"(4, 4)",Mathematics,,"CyFair, Houston North, Kingwood, Montgomery, North Harris, Tomball, University Park, Online,"
MATH 2415,Calculus III,"(4, 4)",Mathematics,,"CyFair, Kingwood, Montgomery, North Harris, Tomball, University Park, Houston North, Online,"
MATHH 1314,Honors College Algebra,"(3, 3)",Honors Mathematics,,"CyFair, Kingwood, Montgomery, North Harris, Tomball, University Park, Houston North, Online,"
MATHH 1316,Honors Trigonometry,"(3, 3)",Honors Mathematics,,"CyFair, Kingwood, Montgomery, North Harris, Tomball, University Park, Houston North, Online,"
MATHH 1324,Honors Mathematics for Business,"(3, 3)",Honors Mathematics,,"CyFair, Kingwood, Montgomery, North Harris, Tomball, University Park, Houston North, Online,"
MATHH 1332,Honors Mathematics for Liberal Arts,"(3, 3)",Honors Mathematics,,"CyFair, Kingwood, Montgomery, North Harris, Tomball, University Park, Houston North, Online,"
MATHH 1342,Honors Statistics,"(3, 3)",Honors Mathematics,,"CyFair, Kingwood, Montgomery, North Harris, Tomball, University Park, Houston North, Online,"
MATHH 2412,Honors Precalculus,"(4, 4)",Honors Mathematics,,"CyFair, Houston North, Kingwood, Montgomery, North Harris, Tomball, University Park, Online,"
MATHH 2413,Honors Calculus I,"(4, 4)",Honors Mathematics,,"CyFair, Kingwood, Montgomery, North Harris, Tomball, University Park, Houston North, Online,"
MATHH 2414,Honors Calculus II,"(4, 4)",Honors Mathematics,,"CyFair, Kingwood, Montgomery, North Harris, Tomball, University Park, Houston North, Online,"
MATHH 2415,Honors Calculus III,"(4, 4)",Honors Mathematics,,"CyFair, Houston North, Kingwood, Montgomery, North Harris, Tomball, University Park, Online,"
MCHN 1302,Print Reading for Machine Trades,"(3, 3)",Machinist/Machine Technologist,,"CyFair, Montgomery, North Harris, University Park,"
MCHN 1319,Manufacturing Materials and Processes,"(3, 3)",Machinist/Machine Technologist,,"CyFair, Houston North, Montgomery, North Harris, University Park,"
MCHN 1338,Basic Machine Shop I,"(3, 3)",Machinist/Machine Technologist,,"CyFair, North Harris, University Park,"
MCHN 1343,Machine Shop Mathematics,"(3, 3)",Machinist/Machine Technologist,,"CyFair, North Harris, University Park,"
MCHN 1352,Intermediate Machining I,"(3, 3)",Machinist/Machine Technologist,,"CyFair, North Harris, University Park,"
MCHN 1391,Special Topics in Machinist/Machine Technologist,"(3, 3)",Machinist/Machine Technologist,,"CyFair, North Harris, University Park,"
MCHN 1426,Introduction to Computer-Aided Manufacturing (CAM),"(4, 4)",Machinist/Machine Technologist,,"CyFair, North Harris, University Park,"
MCHN 2303,Fundamentals of Computer Numerical Controlled (CNC) Machine Controls,"(3, 3)",Machinist/Machine Technologist,,"CyFair, North Harris, University Park,"
MCHN 2331,Operation of CNC Turning Centers,"(3, 3)",Machinist/Machine Technologist,,"CyFair, North Harris, University Park,"
MCHN 2334,Operation of CNC Machining Centers,"(3, 3)",Machinist/Machine Technologist,,"CyFair, North Harris, University Park,"
MCHN 2335,Advanced CNC Machining,"(3, 3)",Machinist/Machine Technologist,,"CyFair, North Harris, University Park,"
MCHN 2341,Advanced Machining I,"(3, 3)",Machinist/Machine Technologist,,"CyFair, North Harris, University Park,"
MCHN 2381,Cooperative Education - Machine Tool Technology/Machinist,"(3, 3)",Machinist/Machine Technologist,,"CyFair, North Harris, University Park,"
MCHN 2438,Advanced Computer-Aided Manufacturing (CAM),"(4, 4)",Machinist/Machine Technologist,,"CyFair, North Harris, University Park,"
MDCA 1154,Medical Assisting Credentialing Exam Review,"(1, 1)",Medical Assistant,,"CyFair, Kingwood, Montgomery, North Harris, Tomball,"
MDCA 1205,Medical Law and Ethics,"(2, 2)",Medical Assistant,,"CyFair, North Harris,"
MDCA 1210,Medical Assistant Interpersonal and Communication Skills,"(2, 2)",Medical Assistant,,"CyFair, North Harris,"
MDCA 1264,Medical Assisting Practicum,"(2, 2)",Medical Assistant,,"CyFair, Kingwood, Montgomery, North Harris, Tomball,"
MDCA 1348,Pharmacology and Administration of Medications,"(3, 3)",Medical Assistant,,"CyFair, Kingwood, Montgomery, North Harris, Tomball,"
MDCA 1352,Medical Assistant Laboratory Procedures,"(3, 3)",Medical Assistant,,"CyFair, Kingwood, Montgomery, North Harris, Tomball,"
MDCA 1409,Anatomy and Physiology for Medical Assistants,"(4, 4)",Medical Assistant,,"CyFair, North Harris,"
MDCA 1417,Procedures in a Clinical Setting,"(4, 4)",Medical Assistant,,"CyFair, North Harris,"
MDCA 1421,Administrative Procedures,"(4, 4)",Medical Assistant,,"CyFair, North Harris,"
MDCA 1443,Medical Insurance,"(4, 4)",Medical Assistant,,"CyFair, North Harris,"
METL 1301,Introduction to Metallurgy,"(3, 3)",Metallurgical Technology/Technician,,"CyFair, North Harris, University Park, Houston North,"
METL 1313,Introduction to Corrosion,"(3, 3)",Metallurgical Technology/Technician,,"University Park,"
METL 1491,Special Topics in Metallurgical Technology/Technician,"(4, 4)",Metallurgical Technology/Technician,,"University Park,"
METL 2168,Practicum-Metallurgy Tech,"(1, 1)",Metallurgical Technology/Technician,,"University Park,"
METL 2401,Internal Corrosion Control,"(4, 4)",Metallurgical Technology/Technician,,"University Park,"
METL 2405,Atmospheric Corrosion Control,"(4, 4)",Metallurgical Technology/Technician,,"University Park,"
METL 2441,Cathodic Protection,"(4, 4)",Metallurgical Technology/Technician,,"University Park,"
MLAB 1101,Introduction to Clinical Laboratory Science,"(1, 1)",Clinical/Medical Laboratory Technician,,"Tomball,"
MLAB 1227,Coagulation,"(2, 2)",Clinical/Medical Laboratory Technician,,"Tomball,"
MLAB 1231,Parasitology/Mycology,"(2, 2)",Clinical/Medical Laboratory Technician,,"Tomball,"
MLAB 1311,Urinalysis and Body Fluids,"(3, 3)",Clinical/Medical Laboratory Technician,,"Tomball,"
MLAB 1335,Immunology/Serology,"(3, 3)",Clinical/Medical Laboratory Technician,,"Tomball,"
MLAB 1415,Hematology,"(4, 4)",Clinical/Medical Laboratory Technician,,"Tomball,"
MLAB 2360,Clinical - Clinical/Medical Laboratory Technician,"(3, 3)",Clinical/Medical Laboratory Technician,,"Tomball,"
MLAB 2401,Clinical Chemistry,"(4, 4)",Clinical/Medical Laboratory Technician,,"Tomball,"
MLAB 2431,Immunohematology,"(4, 4)",Clinical/Medical Laboratory Technician,,"Tomball,"
MLAB 2434,Clinical Microbiology,"(4, 4)",Clinical/Medical Laboratory Technician,,"Tomball,"
MLAB 2461,Clinical - Clinical/Medical Laboratory Technician,"(4, 4)",Clinical/Medical Laboratory Technician,,"Tomball,"
MLAB 2462,Clinical - Clinical/Medical Laboratory Technician,"(4, 4)",Clinical/Medical Laboratory Technician,,"Tomball,"
MRIT 2260,Clinical-Radiologic Technology/Science,"(2, 2)",Magnetic Resonance Imaging Technology/Technician,,"CyFair,"
MRIT 2330,Principles of Magnetic Resonance Imaging,"(3, 3)",Magnetic Resonance Imaging Technology/Technician,,"CyFair,"
MRIT 2334,Magnetic Resonance Equip & Methods,"(3, 3)",Magnetic Resonance Imaging Technology/Technician,,"CyFair,"
MRIT 2355,Magnetic Resonance Imaging Physics,"(3, 3)",Magnetic Resonance Imaging Technology/Technician,,"CyFair,"
MRIT 2360,Clinical Magnetic Resonance Tech,"(3, 3)",Magnetic Resonance Imaging Technology/Technician,,"CyFair,"
MRIT 2361,Clinical - Radiologic Technology,"(3, 3)",Magnetic Resonance Imaging Technology/Technician,,"CyFair,"
MRKG 1301,Customer Relationship Management,"(3, 3)",Business Marketing And Marketing Management,,"CyFair, Kingwood, Montgomery, North Harris, Tomball, University Park, Online,"
MRKG 1302,Principles of Retailing,"(3, 3)",Business Marketing And Marketing Management,,"CyFair, Kingwood, Montgomery, North Harris, Tomball, Online,"
MRKG 1311,Principles of Marketing,"(3, 3)",Business Marketing And Marketing Management,,"CyFair, Houston North, Kingwood, Montgomery, North Harris, Tomball, University Park, Online,"
MRKG 2312,e-Commerce Marketing,"(3, 3)",Business Marketing And Marketing Management,,"CyFair, Kingwood, Montgomery, North Harris, Tomball, University Park, Houston North, Online,"
MRKG 2333,Principles of Selling,"(3, 3)",Business Marketing And Marketing Management,,"CyFair, Kingwood, Montgomery, North Harris, Tomball, Houston North, Online,"
MRKG 2348,Marketing Research & Strategies,"(3, 3)",Business Marketing And Marketing Management,,"CyFair, Kingwood, Montgomery, North Harris, Tomball, Online,"
MRKG 2349,Advertising & Sales Promotion,"(3, 3)",Business Marketing And Marketing Management,,"CyFair, Kingwood, Montgomery, North Harris, Tomball, Online,"
MRKG 2380,Co-op Business Marketing Mgmt I,"(3, 3)",Business Marketing And Marketing Management,,"CyFair, Kingwood, Montgomery, North Harris, Tomball, Houston North, Online,"
MRKG 2388,Internship - Business Marketing and Marketing Management,"(3, 3)",Business Marketing And Marketing Management,,"CyFair, Houston North, Kingwood, Montgomery, North Harris, Tomball, University Park, Online,"
MSCI 1125,Army Physical Readiness Training,"(1, 1)",Rotc Army,,"CyFair, Kingwood, North Harris, University Park,"
MSCI 1271,Leadership & Personal Development,"(2, 2)",Rotc Army,,"CyFair, Kingwood,"
MSCI 1272,Intro to Tactical Leadership,"(2, 2)",Rotc Army,,"CyFair, Kingwood, University Park,"
MSCI 2271,Innovative Team Leadership,"(2, 2)",Rotc Army,,"CyFair, Kingwood,"
MSCI 2272,Foundations - Tactical Leadership,"(2, 2)",Rotc Army,,"CyFair, Kingwood, University Park,"
MSSG 1105,Hydrotherapy/Therapeutic Modalities,"(1, 1)",Massage Therapy/Therapeutic Massage,,"North Harris,"
MSSG 1109,Health & Hygiene,"(1, 1)",Massage Therapy/Therapeutic Massage,,"North Harris,"
MSSG 1207,Business Practices & Professional Ethics,"(2, 2)",Massage Therapy/Therapeutic Massage,,"North Harris,"
MSSG 1411,Massage Therapy Fundamentals I,"(4, 4)",Massage Therapy/Therapeutic Massage,,"North Harris,"
MSSG 1413,Anatomy & Physiology for Massage,"(4, 4)",Massage Therapy/Therapeutic Massage,,"North Harris,"
MSSG 2286,Internship/Massage Therapy/Therapeutic Massage,"(2, 2)",Massage Therapy/Therapeutic Massage,,"North Harris,"
MSSG 2311,Massage Therapy Fundamentals II,"(3, 3)",Massage Therapy/Therapeutic Massage,,"North Harris,"
MSSG 2313,Kinesiology for Massage,"(3, 3)",Massage Therapy/Therapeutic Massage,,"North Harris,"
MSSG 2314,Pathology for Massage,"(3, 3)",Massage Therapy/Therapeutic Massage,,"North Harris,"
MUAP 1101,Private Applied Music: Strings,"(1, 1)",Applied Music,,"CyFair, Kingwood, Montgomery, North Harris, Tomball, University Park, Houston North,"
MUAP 1121,Private Applied Music: Woodwinds,"(1, 1)",Applied Music,,"CyFair, Kingwood, Montgomery, North Harris, Tomball, University Park, Houston North,"
MUAP 1141,Private Applied Music: Brass,"(1, 1)",Applied Music,,"CyFair, Kingwood, Montgomery, North Harris, Tomball, University Park, Houston North,"
MUAP 1157,Private Applied Music: Percussion,"(1, 1)",Applied Music,,"CyFair, Kingwood, Montgomery, North Harris, Tomball, University Park, Houston North,"
MUAP 1161,Private Applied Music: Guitar,"(1, 1)",Applied Music,,"CyFair, Kingwood, Montgomery, North Harris, Tomball, University Park, Houston North,"
MUAP 1165,Private Applied Music: Organ,"(1, 1)",Applied Music,,"CyFair, Kingwood, Montgomery, North Harris, Tomball, University Park, Houston North,"
MUAP 1169,Private Applied Music: Piano,"(1, 1)",Applied Music,,"CyFair, Kingwood, Montgomery, North Harris, Tomball, University Park, Houston North,"
MUAP 1181,Private Applied Music: Voice,"(1, 1)",Applied Music,,"CyFair, Kingwood, Montgomery, North Harris, Tomball, University Park, Houston North,"
MUAP 1187,Private Applied Music: Harpsichord,"(1, 1)",Applied Music,,"CyFair, Kingwood, Montgomery, North Harris, Tomball, Houston North, University Park,"
MUAP 1191,Private Applied Music: Composition,"(1, 1)",Applied Music,,"CyFair, Montgomery, North Harris, University Park, Houston North, Tomball, Kingwood,"
MUAP 1202,Private Applied Music: Strings,"(2, 2)",Applied Music,,"CyFair, Kingwood, Montgomery, North Harris, Tomball, University Park, Houston North,"
MUAP 1222,Private Applied Music: Woodwinds,"(2, 2)",Applied Music,,"CyFair, Kingwood, Montgomery, North Harris, Tomball, University Park, Houston North,"
MUAP 1242,Private Applied Music: Brass,"(2, 2)",Applied Music,,"CyFair, Kingwood, Montgomery, North Harris, Tomball, University Park, Houston North,"
MUAP 1258,Private Applied Music: Percussion,"(2, 2)",Applied Music,,"CyFair, Kingwood, Montgomery, North Harris, Tomball, University Park, Houston North,"
MUAP 1262,Private Applied Music: Guitar,"(2, 2)",Applied Music,,"CyFair, Houston North, Kingwood, Montgomery, Tomball, University Park, North Harris,"
MUAP 1266,Private Applied Music: Organ,"(2, 2)",Applied Music,,"CyFair, Kingwood, Montgomery, North Harris, Tomball, University Park, Houston North,"
MUAP 1270,Private Applied Music: Piano,"(2, 2)",Applied Music,,"CyFair, Kingwood, Montgomery, North Harris, Tomball, University Park, Houston North,"
MUAP 1282,Private Applied Music: Voice,"(2, 2)",Applied Music,,"CyFair, Kingwood, Montgomery, North Harris, Tomball, University Park, Houston North,"
MUAP 1288,Private Applied Music: Harpsichord,"(2, 2)",Applied Music,,"CyFair, Kingwood, Montgomery, North Harris, Tomball, University Park, Houston North,"
MUAP 1292,Private Applied Music: Composition,"(2, 2)",Applied Music,,"CyFair, Kingwood, Montgomery, North Harris, Tomball, University Park, Houston North,"
MUAP 2101,Private Applied Music: Strings,"(1, 1)",Applied Music,,"CyFair, Kingwood, Montgomery, North Harris, Tomball, University Park, Houston North,"
MUAP 2121,Private Applied Music: Woodwinds,"(1, 1)",Applied Music,,"CyFair, Kingwood, Montgomery, North Harris, Tomball, University Park, Houston North,"
MUAP 2141,Private Applied Music: Brass,"(1, 1)",Applied Music,,"CyFair, Kingwood, Montgomery, North Harris, Tomball, University Park, Houston North,"
MUAP 2157,Private Applied Music: Percussion,"(1, 1)",Applied Music,,"CyFair, Kingwood, Montgomery, North Harris, Tomball, University Park, Houston North,"
MUAP 2161,Private Applied Music: Guitar,"(1, 1)",Applied Music,,"CyFair, Kingwood, Montgomery, North Harris, Tomball, University Park, Houston North,"
MUAP 2165,Private Applied Music: Organ,"(1, 1)",Applied Music,,"CyFair, Kingwood, Montgomery, North Harris, Tomball, University Park, Houston North,"
MUAP 2169,Private Applied Music: Piano,"(1, 1)",Applied Music,,"CyFair, Kingwood, Montgomery, North Harris, Tomball, University Park, Houston North,"
MUAP 2181,Private Applied Music: Voice,"(1, 1)",Applied Music,,"CyFair, Kingwood, Montgomery, North Harris, Tomball, University Park, Houston North,"
MUAP 2187,Private Applied Music: Harpsichord,"(1, 1)",Applied Music,,"CyFair, Kingwood, Montgomery, North Harris, Tomball, University Park, Houston North,"
MUAP 2191,Private Applied Music: Composition,"(1, 1)",Applied Music,,"CyFair, Houston North, Kingwood, Montgomery, North Harris, Tomball, University Park,"
MUAP 2202,Private Applied Music: Strings,"(2, 2)",Applied Music,,"CyFair, Kingwood, Montgomery, North Harris, Tomball, University Park, Houston North,"
MUAP 2222,Private Applied Music: Woodwinds,"(2, 2)",Applied Music,,"CyFair, Kingwood, Montgomery, North Harris, Tomball, University Park, Houston North,"
MUAP 2242,Private Applied Music: Brass,"(2, 2)",Applied Music,,"CyFair, Kingwood, Montgomery, North Harris, Tomball, University Park, Houston North,"
MUAP 2258,Private Applied Music: Percussion,"(2, 2)",Applied Music,,"CyFair, Kingwood, Montgomery, North Harris, Tomball, University Park, Houston North,"
MUAP 2262,Private Applied Music: Guitar,"(2, 2)",Applied Music,,"CyFair, Kingwood, Montgomery, North Harris, Tomball, University Park, Houston North,"
MUAP 2266,Private Applied Music: Organ,"(2, 2)",Applied Music,,"CyFair, Kingwood, Montgomery, North Harris, Tomball, University Park, Houston North,"
MUAP 2270,Private Applied Music: Piano,"(2, 2)",Applied Music,,"CyFair, Kingwood, Montgomery, North Harris, Tomball, University Park, Houston North,"
MUAP 2282,Private Applied Music: Voice,"(2, 2)",Applied Music,,"CyFair, Kingwood, Montgomery, North Harris, Tomball, University Park, Houston North,"
MUAP 2288,Private Applied Music: Harpsichord,"(2, 2)",Applied Music,,"CyFair, Kingwood, Montgomery, North Harris, Tomball, University Park, Houston North,"
MUAP 2292,Private Applied Music: Composition,"(2, 2)",Applied Music,,"CyFair, Kingwood, Montgomery, North Harris, Tomball, University Park, Houston North,"
MUEN 1123,Symphony Orchestra,"(1, 1)",Music Ensemble,,"CyFair, Kingwood, Montgomery, North Harris, Tomball, Houston North, University Park,"
MUEN 1127,Jazz Ensemble,"(1, 1)",Music Ensemble,,"CyFair, Kingwood, Montgomery, North Harris, Tomball, University Park, Houston North,"
MUEN 1131,String Ensemble,"(1, 1)",Music Ensemble,,"CyFair, Kingwood, Montgomery, North Harris, Tomball, University Park, Houston North,"
MUEN 1132,Piano Ensemble,"(1, 1)",Music Ensemble,,"CyFair, Houston North, Kingwood, Montgomery, North Harris, Tomball, University Park,"
MUEN 1134,Percussion Ensemble,"(1, 1)",Music Ensemble,,"CyFair, Houston North, Kingwood, Montgomery, North Harris, Tomball, University Park,"
MUEN 1135,Steel Drum Band,"(1, 1)",Music Ensemble,,"Kingwood, Montgomery, North Harris, Tomball, University Park, CyFair, Houston North,"
MUEN 1136,Chamber Ensemble,"(1, 1)",Music Ensemble,,"CyFair, Kingwood, Montgomery, North Harris, Tomball, University Park, Houston North,"
MUEN 1141,Concert Choir,"(1, 1)",Music Ensemble,,"CyFair, Houston North, Kingwood, Montgomery, North Harris, Tomball, University Park,"
MUEN 1151,Chamber Singers,"(1, 1)",Music Ensemble,,"CyFair, Kingwood, Montgomery, North Harris, Tomball, Houston North, University Park,"
MUEN 1154,Pop Singers I,"(1, 1)",Music Ensemble,,"CyFair, Kingwood, Montgomery, North Harris, Tomball, University Park, Houston North,"
MUEN 2124,Symphonic Band,"(1, 1)",Music Ensemble,,"CyFair, Houston North, Kingwood, Montgomery, North Harris, Tomball, University Park,"
MUEN 2133,Woodwind Ensemble I,"(1, 1)",Music Ensemble,,"CyFair, Kingwood, Montgomery, North Harris, Tomball, Houston North, University Park,"
MUEN 2134,Brass Ensemble I,"(1, 1)",Music Ensemble,,"CyFair, Kingwood, Montgomery, North Harris, Tomball, University Park, Houston North,"
MUEN 2135,Jazz Combo,"(1, 1)",Music Ensemble,,"CyFair, Houston North, Kingwood, Montgomery, North Harris, Tomball, University Park,"
MUSC 1191,Professional Development for Musicians,"(1, 1)","Music, General",,"CyFair, University Park,"
MUSI 1116,Sight Singing and Ear Training I,"(1, 1)",Music,,"CyFair, Kingwood, Montgomery, North Harris, Tomball, University Park, Houston North,"
MUSI 1117,Sight Singing and Ear Training II,"(1, 1)",Music,,"CyFair, Kingwood, Montgomery, North Harris, Tomball, University Park, Houston North,"
MUSI 1157,Opera Workshop,"(1, 1)",Music,,"CyFair, Kingwood, Montgomery, North Harris, Tomball, University Park, Houston North,"
MUSI 1160,Italian Diction,"(1, 1)",Music,,"CyFair, Kingwood, Montgomery, North Harris, Tomball, University Park, Houston North,"
MUSI 1161,International Phonetic Alphabet (IPA) for Singers,"(1, 1)",Music,,"CyFair, Kingwood, Montgomery, North Harris, Tomball, University Park, Houston North,"
MUSI 1162,Diction I,"(1, 1)",Music,,"CyFair, Kingwood, Montgomery, North Harris, Tomball, Houston North, University Park,"
MUSI 1181,Class Piano Level I,"(1, 1)",Music,,"CyFair, Kingwood, Montgomery, North Harris, Tomball, University Park, Houston North,"
MUSI 1182,Class Piano Level II,"(1, 1)",Music,,"CyFair, Kingwood, Montgomery, North Harris, Tomball, University Park, Houston North,"
MUSI 1183,Class Voice,"(1, 1)",Music,,"CyFair, Kingwood, Montgomery, North Harris, Tomball, University Park, Houston North,"
MUSI 1188,Percussion Class,"(1, 1)",Music,,"CyFair, Kingwood, Montgomery, North Harris, Tomball, University Park, Houston North,"
MUSI 1192,Class Guitar,"(1, 1)",Music,,"CyFair, Kingwood, Montgomery, North Harris, Tomball, University Park, Houston North,"
MUSI 1303,Fundamentals of Music,"(3, 3)",Music,,"CyFair, Houston North, Kingwood, Montgomery, North Harris, Tomball, University Park,"
MUSI 1306,Appreciating Music,"(3, 3)",Music,,"CyFair, Houston North, Kingwood, Montgomery, North Harris, Tomball, University Park, Online,"
MUSI 1307,Music Literature,"(3, 3)",Music,,"CyFair, Kingwood, Montgomery, North Harris, Tomball, University Park, Houston North, Online,"
MUSI 1310,American Music,"(3, 3)",Music,,"CyFair, Kingwood, Montgomery, North Harris, Tomball, University Park, Houston North, Online,"
MUSI 1311,Music Theory I,"(3, 3)",Music,,"CyFair, Kingwood, Montgomery, North Harris, Tomball, University Park, Houston North,"
MUSI 1312,Music Theory II,"(3, 3)",Music,,"CyFair, Kingwood, Montgomery, North Harris, Tomball, University Park, Houston North,"
MUSI 2116,Sight Singing and Ear Training III,"(1, 1)",Music,,"CyFair, Kingwood, Montgomery, North Harris, Tomball, University Park, Houston North,"
MUSI 2117,Sight Singing and Ear Training IV,"(1, 1)",Music,,"CyFair, Kingwood, Montgomery, North Harris, Tomball, University Park, Houston North,"
MUSI 2160,German Diction,"(1, 1)",Music,,"CyFair, Kingwood, Montgomery, North Harris, Tomball, University Park, Houston North,"
MUSI 2161,French Diction,"(1, 1)",Music,,"CyFair, Kingwood, Montgomery, North Harris, Tomball, University Park, Houston North,"
MUSI 2181,Class Piano Level III,"(1, 1)",Music,,"CyFair, Kingwood, Montgomery, North Harris, Tomball, University Park, Houston North,"
MUSI 2182,Class Piano Level IV,"(1, 1)",Music,,"CyFair, Kingwood, Montgomery, North Harris, Tomball, University Park, Houston North,"
MUSI 2311,Music Theory III,"(3, 3)",Music,,"CyFair, Kingwood, Montgomery, North Harris, Tomball, University Park, Houston North,"
MUSI 2312,Music Theory IV,"(3, 3)",Music,,"CyFair, Kingwood, Montgomery, North Harris, Tomball, University Park, Houston North,"
MUSI 2389,Academic Co-op In Music,"(3, 3)",Music,,"CyFair, Kingwood, Montgomery, North Harris, Tomball, Houston North, University Park,"
MUSIH 1306,Honors Appreciating Music,"(3, 3)",Honors Music,,"CyFair, Kingwood, Montgomery, North Harris, Tomball, University Park, Houston North, Online,"
MUSIH 1307,Honors Music Literature,"(3, 3)",Honors Music,,"Montgomery, CyFair, Houston North, Kingwood, North Harris, Tomball, University Park, Online,"
MUSIH 1310,Honors American Music,"(3, 3)",Honors Music,,"CyFair, Kingwood, Montgomery, North Harris, Tomball, University Park, Houston North, Online,"
MUSIXXXX,Piano Proficiency Exam,"(0, 0)",Music,,"North Harris,"
NDTE 1401,Film Interpretation of Weldments,"(4, 4)",Non,,"CyFair, Kingwood, Montgomery, North Harris, Tomball,"
NDTE 1410,Liquid Penetrant/Magnetic Particle,"(4, 4)",Non,,"Kingwood, Montgomery, North Harris, Tomball,"
NDTE 1440,Eddy Current Testing,"(4, 4)",Non,,"Kingwood, Montgomery, North Harris, Tomball,"
NDTE 1454,Intermediate Ultrasonics,"(4, 4)",Non,,"Kingwood, Montgomery, North Harris, Tomball,"
NDTE 2401,Advanced Ultrasonics,"(4, 4)",Non,,"Kingwood, Montgomery, North Harris, Tomball,"
NDTE 2411,Preparation for Cert Weld Inspector Exam,"(4, 4)",Non,,"CyFair, Kingwood, Montgomery, North Harris, Tomball,"
NUCP 2301,Radiation Protection I,"(3, 3)",Nuclear/Nuclear Power Technology/Technician,,"North Harris, Kingwood,"
NURA 1160,Clinical – Nursing Assistant/Aide and Patient Care Assistant/Aide,"(1, 1)",Nurse Aide Technician,,"Tomball,"
NURA 1401,Nurse Aide for Health Care,"(4, 4)",Nurse Aide Technician,,"Tomball,"
NURS 3350,Transition to Baccalaureate Nursing,"(3, 3)",Nursing,,"Montgomery,"
NURS 3351,Introduction to Nursing Research,"(3, 3)",Nursing,,"Montgomery,"
NURS 3353,Informatics and Technology in Healthcare,"(3, 3)",Nursing,,"Montgomery,"
NURS 3354,Legal and Ethical Issues in Healthcare,"(3, 3)",Nursing,,"Montgomery,"
NURS 3357,Nursing Today - Issues and Trends in Professional Nursing Practice,"(3, 3)",Nursing,,"Montgomery,"
NURS 4160,Community and Public Health Clinical,"(1, 1)",Nursing,,"Montgomery,"
NURS 4161,Leadership and Management Clinical,"(1, 1)",Nursing,,"Montgomery,"
NURS 4260,Community and Public Health Nursing - Practicum,"(2, 2)",Nursing,,"Montgomery,"
NURS 4261,Leadership and Management - Practicum,"(2, 2)",Nursing,,"Montgomery,"
NURS 4355,Community and Public Health,"(3, 3)",Nursing,,"Montgomery,"
NURS 4356,Health Promotion Across the Lifespan,"(3, 3)",Nursing,,"Montgomery,"
NURS 4357,Leadership and Management,"(3, 3)",Nursing,,"Montgomery,"
NURS 4433,Population Focused Community Health,"(4, 4)",Nursing,,"Montgomery,"
NURS 4455,Synthesis / RN to BSN Capstone Project,"(4, 4)",Nursing,,"Montgomery,"
NURS 4457,Leadership & Management,"(4, 4)",Nursing,,"Montgomery,"
OLAC 0026,Academic Readiness and Review I,"(0, 0)",Olsa Academic Behavioral Skills,,"Montgomery, Tomball,"
OLAC 0027,Academic Readiness and Review II,"(0, 0)",Olsa Academic Behavioral Skills,,"Montgomery, Tomball,"
OLAC 0032,Academic Readiness and Review III,"(0, 0)",Olsa Academic Behavioral Skills,,"Montgomery, Tomball,"
OLAC 0033,Academic Readiness and Review IV,"(0, 0)",Olsa Academic Behavioral Skills,,"Montgomery, Tomball,"
OLAC 0037,Academic Readiness & Review V,"(0, 0)",Olsa Academic Behavioral Skills,,"Montgomery, Tomball,"
OLAC 0038,Academic Readiness and Review 6,"(0, 0)",Olsa Academic Behavioral Skills,,"Montgomery, Tomball,"
OLAC 0042,Academic Readiness and Review 7,"(0, 0)",Olsa Academic Behavioral Skills,,"Montgomery, Tomball,"
OLAC 0043,Academic Readiness and Review 8,"(0, 0)",Olsa Academic Behavioral Skills,,"Montgomery, Tomball,"
OLAC 1313,Business Composition,"(3, 3)",Olsa Academic Behavioral Skills,,"Montgomery, Tomball,"
OLAC 1317,Mathematic Essentials,"(3, 3)",Olsa Academic Behavioral Skills,,"Montgomery, Tomball,"
OLIA 1129,Self-Awareness & Personal Change,"(1, 1)",Olsa Intrapersonal Behavioral Skills,,"Montgomery, Tomball,"
OLIA 1134,Wellness Lifestyle I,"(1, 1)",Olsa Intrapersonal Behavioral Skills,,"Montgomery, Tomball,"
OLIA 1135,Wellness Lifestyle II,"(1, 1)",Olsa Intrapersonal Behavioral Skills,,"Montgomery, Tomball,"
OLIA 2244,Stress in the Workplace I,"(2, 2)",Olsa Intrapersonal Behavioral Skills,,"Montgomery, Tomball,"
OLIA 2245,Stress in the Workplace II,"(2, 2)",Olsa Intrapersonal Behavioral Skills,,"Montgomery, Tomball,"
OLIE 1128,Interpersonal Relationships,"(1, 1)",Olsa Interpersonal Behavioral Skills,,"Montgomery, Tomball,"
OLIE 1202,Effective Communication,"(2, 2)",Olsa Interpersonal Behavioral Skills,,"Montgomery, Tomball,"
OLIE 1211,Organizational Teamwork,"(2, 2)",Olsa Interpersonal Behavioral Skills,,"Montgomery, Tomball,"
OLIE 1230,Networking & Customer Service,"(2, 2)",Olsa Interpersonal Behavioral Skills,,"Montgomery, Tomball,"
OLIE 2309,History of Integration & Advocacy,"(3, 3)",Olsa Interpersonal Behavioral Skills,,"Montgomery, Tomball,"
OLWF 1204,Career Cluster Research,"(2, 2)",Olsa Workforce Behavioral Skills,,"Montgomery, Tomball,"
OLWF 1213,Career Path Exploration,"(2, 2)",Olsa Workforce Behavioral Skills,,"Montgomery, Tomball,"
OLWF 2136,Campus RAMP I,"(1, 1)",Olsa Workforce Behavioral Skills,,"Montgomery, Tomball,"
OLWF 2141,Campus RAMP II,"(1, 1)",Olsa Workforce Behavioral Skills,,"Montgomery, Tomball,"
OLWF 2216,Self-Determined Career,"(2, 2)",Olsa Workforce Behavioral Skills,,"Montgomery, Tomball,"
OLWF 2239,Transition to Career I,"(2, 2)",Olsa Workforce Behavioral Skills,,"Montgomery, Tomball,"
OLWF 2240,Transition to Career II,"(2, 2)",Olsa Workforce Behavioral Skills,,"Montgomery, Tomball,"
OLWF 2288,Community Internship I,"(2, 2)",Olsa Workforce Behavioral Skills,,"Montgomery, Tomball,"
OLWF 2289,Community Internship II,"(2, 2)",Olsa Workforce Behavioral Skills,,"Montgomery, Tomball,"
OSHT 1316,Material Handling,"(3, 3)",Occupational Safety And Health Technology/Technician,,"CyFair, North Harris, University Park,"
OTHA 1241,Occupational Performance from Birth to Adolescence,"(2, 2)",Occupational Therapy Assistant,,"Kingwood, Tomball,"
OTHA 1253,Occupational Performance for  Elders,"(2, 2)",Occupational Therapy Assistant,,"Kingwood, Tomball,"
OTHA 1301,Intro to Occupational Therapy,"(3, 3)",Occupational Therapy Assistant,,"Kingwood, Montgomery, North Harris, Tomball,"
OTHA 1309,Human Structure and Function in Occupational Therapy,"(3, 3)",Occupational Therapy Assistant,,"Kingwood, Tomball,"
OTHA 1315,Therapeutic Use of Occupations I,"(3, 3)",Occupational Therapy Assistant,,"Kingwood, Tomball,"
OTHA 1319,Therapeutic Interventions I,"(3, 3)",Occupational Therapy Assistant,,"Kingwood, Tomball,"
OTHA 2160,Clinical - Occupational Therapy Assistant,"(1, 1)",Occupational Therapy Assistant,,"Kingwood, Tomball,"
OTHA 2166,Practicum - Occupational Therapy,"(1, 1)",Occupational Therapy Assistant,,"Kingwood, Montgomery, North Harris, Tomball,"
OTHA 2301,Pathophysiology in Occupational Therapy,"(3, 3)",Occupational Therapy Assistant,,"Kingwood, Tomball,"
OTHA 2302,Therapeutic Use of Occupations or Activities II,"(3, 3)",Occupational Therapy Assistant,,"Kingwood, Tomball,"
OTHA 2309,Mental Health in Occupational Therapy,"(3, 3)",Occupational Therapy Assistant,,"Kingwood, Tomball,"
OTHA 2331,Physical Function in Occupational Therapy,"(3, 3)",Occupational Therapy Assistant,,"Kingwood, Montgomery, North Harris, Tomball,"
OTHA 2335,Health Care Management in Occupational Therapy,"(3, 3)",Occupational Therapy Assistant,,"Kingwood, Montgomery, North Harris, Tomball,"
OTHA 2360,Clinical - Occupational Therapy Assistant,"(3, 3)",Occupational Therapy Assistant,,"Kingwood, Tomball,"
OTHA 2460,Clinical - OT Assistant,"(4, 4)",Occupational Therapy Assistant,,"Kingwood, Montgomery, North Harris, Tomball,"
OTHA 2461,Clinical - OT Assistant,"(4, 4)",Occupational Therapy Assistant,,"Kingwood, Montgomery, North Harris, Tomball,"
PFPB 1191,Special Topics in Plumbing Technology/Plumber,"(1, 1)",Plumbing Technology/Plumber,,"North Harris,"
PFPB 1305,Basic Blueprint Reading for Pipefitters,"(3, 3)",Plumbing Technology/Plumber,,"North Harris,"
PFPB 1408,Basic Pipefitting Skills,"(4, 4)",Plumbing Technology/Plumber,,"North Harris,"
PFPB 2310,Intermediate Blueprint Reading for Pipefitters,"(3, 3)",Plumbing Technology/Plumber,,"North Harris,"
PFPB 2407,Pipe Fabrication and Installation I,"(4, 4)",Plumbing Technology/Plumber,,"North Harris,"
PFPB 2408,Piping Standards and Materials,"(3, 3)",Plumbing Technology/Plumber,,"North Harris,"
PFPB 2432,"Advanced Pipefitting Standards, Specifications, and Installation","(4, 4)",Plumbing Technology/Plumber,,"North Harris,"
PFPB 2441,Pipe Fabrication and Installation II,"(4, 4)",Plumbing Technology/Plumber,,"North Harris,"
PHED 1112,Weight Training I,"(1, 1)",Physical Education,,"CyFair, Kingwood, Montgomery, North Harris, Tomball, University Park, Houston North, Online,"
PHED 1127,Karate I,"(1, 1)",Physical Education,,"CyFair, Kingwood, Montgomery, North Harris, Tomball, University Park, Houston North, Online,"
PHED 1128,Yoga I,"(1, 1)",Physical Education,,"CyFair, Kingwood, Montgomery, North Harris, Tomball, University Park, Houston North, Online,"
PHED 1131,Basketball I,"(1, 1)",Physical Education,,"CyFair, Kingwood, Montgomery, North Harris, Tomball, University Park, Houston North, Online,"
PHED 1132,Volleyball I,"(1, 1)",Physical Education,,"CyFair, Kingwood, Montgomery, North Harris, Tomball, Houston North, Online, University Park,"
PHED 1133,Softball I,"(1, 1)",Physical Education,,"CyFair, Kingwood, Montgomery, North Harris, Tomball, Online, University Park, Houston North,"
PHED 1164,Introduction to Physical Fitness & Wellness,"(1, 1)",Physical Education,,"CyFair, Houston North, Kingwood, Montgomery, North Harris, Tomball, University Park, Online,"
PHED 1301,Foundations of Kinesiology,"(3, 3)",Physical Education,,"CyFair, Kingwood, Montgomery, North Harris, Tomball, University Park, Houston North, Online,"
PHED 1304,Personal/Community Health,"(3, 3)",Physical Education,,"CyFair, Kingwood, Montgomery, North Harris, Tomball, University Park, Houston North, Online,"
PHED 1306,First Aid,"(3, 3)",Physical Education,,"CyFair, Kingwood, Montgomery, North Harris, Tomball, University Park, Houston North, Online,"
PHED 1331,Kinesiology - Elementary Ed Majors,"(3, 3)",Physical Education,,"CyFair, Kingwood, Montgomery, North Harris, Tomball, University Park, Houston North, Online,"
PHED 1346,Drug Use & Abuse,"(3, 3)",Physical Education,,"CyFair, Houston North, Kingwood, Montgomery, North Harris, Tomball, University Park, Online,"
PHED 2112,Weight Training II,"(1, 1)",Physical Education,,"CyFair, Kingwood, Montgomery, North Harris, Tomball, University Park, Houston North, Online,"
PHED 2127,Karate II,"(1, 1)",Physical Education,,"CyFair, Kingwood, Montgomery, North Harris, Tomball, Houston North, Online, University Park,"
PHED 2128,Yoga II,"(1, 1)",Physical Education,,"CyFair, Kingwood, Montgomery, North Harris, Tomball, University Park, Houston North, Online,"
PHIL 1301,Introduction To Philosophy,"(3, 3)",Philosophy,,"CyFair, Houston North, Kingwood, Montgomery, North Harris, Tomball, University Park, Online,"
PHIL 1304,Introduction To World Religions,"(3, 3)",Philosophy,,"CyFair, Kingwood, Montgomery, North Harris, Tomball, University Park, Houston North, Online,"
PHIL 2289,Academic Cooperative,"(2, 2)",Philosophy,,"CyFair, Kingwood, Montgomery, North Harris, Tomball, University Park, Houston North, Online,"
PHIL 2303,Introduction to Formal Logic,"(3, 3)",Philosophy,,"CyFair, Kingwood, Montgomery, North Harris, Tomball, University Park, Houston North, Online,"
PHIL 2306,Introduction to Ethics,"(3, 3)",Philosophy,,"CyFair, Houston North, Kingwood, Montgomery, North Harris, Tomball, University Park, Online,"
PHIL 2307,Introduction to Social and Political Philosophy,"(3, 3)",Philosophy,,"CyFair, Kingwood, Montgomery, North Harris, Tomball, University Park, Houston North, Online,"
PHIL 2316,Classical Philosophy,"(3, 3)",Philosophy,,"CyFair, Kingwood, Montgomery, North Harris, Tomball, University Park, Houston North, Online,"
PHIL 2321,Philosophy Of Religion,"(3, 3)",Philosophy,,"CyFair, Kingwood, Montgomery, North Harris, Tomball, University Park, Houston North, Online,"
PHIL 2389,Academic Cooperative,"(3, 3)",Philosophy,,"CyFair, Kingwood, Montgomery, North Harris, Tomball, University Park, Houston North, Online,"
PHILH 1301,Honors Introduction To Philosophy,"(3, 3)",Honors Philosophy,,"CyFair, Kingwood, Montgomery, North Harris, Tomball, University Park, Houston North, Online,"
PHILH 1304,Honors Introduction to World Religions,"(3, 3)",Honors Philosophy,,"CyFair, Houston North, Kingwood, Montgomery, North Harris, Tomball, University Park, Online,"
PHILH 2303,Honors Introduction to Formal Logic,"(3, 3)",Honors Philosophy,,"CyFair, Houston North, Kingwood, Montgomery, North Harris, Tomball, University Park, Online,"
PHILH 2306,Honors Introduction to Ethics,"(3, 3)",Honors Philosophy,,"CyFair, Kingwood, Montgomery, North Harris, Tomball, University Park, Houston North, Online,"
PHILH 2307,Honors Introduction to Social and Political Philosophy,"(3, 3)",Honors Philosophy,,"CyFair, Kingwood, Montgomery, North Harris, Tomball, University Park, Houston North, Online,"
PHILH 2316,Honors Classical Philosophy,"(3, 3)",Honors Philosophy,,"CyFair, Houston North, Kingwood, Montgomery, North Harris, Tomball, University Park, Online,"
PHILH 2321,Honors Philosophy of Religion,"(3, 3)",Honors Philosophy,,"CyFair, Houston North, Kingwood, Montgomery, North Harris, Tomball, University Park, Online,"
PHRA 1102,Pharmacy Law,"(1, 1)",Pharmacy Technician/Assistant,,"North Harris, Tomball,"
PHRA 1143,Pharmacy Technician Certification Review,"(1, 1)",Pharmacy Technician/Assistant,,"North Harris, Tomball,"
PHRA 1164,Practicum - Pharmacy Technician,"(1, 1)",Pharmacy Technician/Assistant,,"CyFair, Kingwood, Montgomery, North Harris, Tomball,"
PHRA 1202,Pharmacy Law,"(2, 2)",Pharmacy Technician/Assistant,,"North Harris, Tomball,"
PHRA 1206,Comp Drug Delivery Systems I,"(2, 2)",Pharmacy Technician/Assistant,,"CyFair, Kingwood, Montgomery, North Harris, Tomball,"
PHRA 1240,Pharmacy Third Party Payment,"(2, 2)",Pharmacy Technician/Assistant,,"CyFair, Kingwood, Montgomery, North Harris, Tomball,"
PHRA 1304,Pharmacotherapy and Disease Process,"(3, 3)",Pharmacy Technician/Assistant,,"North Harris, Tomball,"
PHRA 1305,Drug Classification,"(3, 3)",Pharmacy Technician/Assistant,,"North Harris, Tomball,"
PHRA 1309,Pharmaceutical Mathematics I,"(3, 3)",Pharmacy Technician/Assistant,,"North Harris, Tomball,"
PHRA 1345,Compounding Sterile Preparations,"(3, 3)",Pharmacy Technician/Assistant,,"North Harris, Tomball,"
PHRA 1347,Pharmaceutical Mathematics II,"(3, 3)",Pharmacy Technician/Assistant,,"North Harris, Tomball,"
PHRA 1361,Clinical - Community Pharmacy,"(3, 3)",Pharmacy Technician/Assistant,,"North Harris, Tomball,"
PHRA 1371,Pharmacy Management Profession Skills,"(3, 3)",Pharmacy Technician/Assistant,,"Tomball, North Harris,"
PHRA 1372,Advanced Practice Skills for Pharmacy Technicians,"(3, 3)",Pharmacy Technician/Assistant,,"Tomball, North Harris,"
PHRA 1391,Special Topics in Pharmacy Technician/Assistant,"(3, 3)",Pharmacy Technician/Assistant,,"North Harris, Tomball,"
PHRA 1413,Community Pharmacy Practice,"(4, 4)",Pharmacy Technician/Assistant,,"North Harris, Tomball,"
PHRA 1449,Institutional Pharmacy Practice,"(4, 4)",Pharmacy Technician/Assistant,,"North Harris, Tomball,"
PHRA 2361,Clinical II Institutional Pharmacy,"(3, 3)",Pharmacy Technician/Assistant,,"North Harris, Tomball,"
PHTC 1311,Fundamentals of Photography,"(3, 3)",Commercial Photography,,"CyFair, Kingwood, North Harris,"
PHTC 1345,Illustrative Photography I,"(3, 3)",Commercial Photography,,"CyFair, Kingwood, North Harris,"
PHTC 2301,Intermediate Photography,"(3, 3)",Commercial Photography,,"CyFair, Kingwood, North Harris,"
PHTC 2349,Photo Digital Imaging II,"(3, 3)",Commercial Photography,,"CyFair, Kingwood, North Harris,"
PHYS 1401,College Physics I,"(4, 4)",Physics,,"CyFair, Houston North, Kingwood, Montgomery, North Harris, Tomball, University Park, Online,"
PHYS 1402,College Physics II,"(4, 4)",Physics,,"CyFair, Houston North, Kingwood, Montgomery, North Harris, Tomball, University Park, Online,"
PHYS 1403,Stars and Galaxies,"(4, 4)",Physics,,"CyFair, Kingwood, Montgomery, North Harris, Tomball, University Park, Houston North, Online,"
PHYS 1404,Solar System,"(4, 4)",Physics,,"CyFair, Kingwood, Montgomery, North Harris, Tomball, University Park, Houston North, Online,"
PHYS 1410,Elementary Physics,"(4, 4)",Physics,,"CyFair, Houston North, Kingwood, Montgomery, North Harris, Tomball, University Park, Online,"
PHYS 2425,University Physics I,"(4, 4)",Physics,,"CyFair, Houston North, Kingwood, Montgomery, North Harris, Tomball, University Park, Online,"
PHYS 2426,University Physics II,"(4, 4)",Physics,,"CyFair, Kingwood, Montgomery, North Harris, Tomball, University Park, Houston North, Online,"
PHYSH 1401,Honors College Physics I,"(4, 4)",Honors Physics,,"CyFair, Houston North, Kingwood, Montgomery, North Harris, Tomball, University Park, Online,"
PHYSH 1402,Honors College Physics II,"(4, 4)",Honors Physics,,"CyFair, Houston North, Kingwood, Montgomery, North Harris, Tomball, University Park, Online,"
PHYSH 1403,Honors Stars and Galaxies,"(4, 4)",Honors Physics,,"CyFair, Kingwood, Montgomery, North Harris, Tomball, University Park, Houston North, Online,"
PHYSH 1404,Honors Solar System,"(4, 4)",Honors Physics,,"CyFair, Kingwood, Montgomery, North Harris, Tomball, University Park, Houston North, Online,"
PHYSH 2425,Honors University Physics I,"(4, 4)",Honors Physics,,"CyFair, Kingwood, Montgomery, North Harris, Tomball, University Park, Houston North, Online,"
PHYSH 2426,Honors University Physics II,"(4, 4)",Honors Physics,,"CyFair, Kingwood, Montgomery, North Harris, Tomball, University Park, Houston North, Online,"
PLAB 1160,Clinical – Phlebotomy/Phlebotomist,"(1, 1)",Phlebotomy Technician/Phlebotomist,,"Tomball,"
PLAB 1223,Phlebotomy,"(2, 2)",Phlebotomy Technician/Phlebotomist,,"Tomball,"
POFM 1300,Basic Medical Coding,"(3, 3)",Medical Administrative/Executive Assistant And Medical Secretary,,"CyFair, Kingwood, Montgomery, North Harris, Tomball,"
POFM 1302,Medical Software Applications,"(3, 3)",Medical Administrative/Executive Assistant And Medical Secretary,,"CyFair, Kingwood, Montgomery, North Harris, Tomball,"
POFM 1317,Medical Administrative Support,"(3, 3)",Medical Administrative/Executive Assistant And Medical Secretary,,"CyFair, Kingwood, Montgomery, North Harris, Tomball,"
POFM 1327,Medical Insurance,"(3, 3)",Medical Administrative/Executive Assistant And Medical Secretary,,"CyFair, Kingwood, Montgomery, North Harris, Tomball,"
POFM 2310,Intermediate Medical Coding,"(3, 3)",Medical Administrative/Executive Assistant And Medical Secretary,,"CyFair, Kingwood, Montgomery, North Harris, Tomball,"
POFM 2333,Medical Document Production,"(3, 3)",Medical Administrative/Executive Assistant And Medical Secretary,,"CyFair, Kingwood, Montgomery, North Harris, Tomball,"
POFM 2380,Co-op Educ - Medical Administrative Assistant,"(3, 3)",Medical Administrative/Executive Assistant And Medical Secretary,,"CyFair, Kingwood, Montgomery, North Harris, Tomball,"
POFM 2386,Internship - Medical Administrative Assistant/Secretary,"(3, 3)",Medical Administrative/Executive Assistant And Medical Secretary,,"CyFair, Kingwood, Montgomery, North Harris, Tomball,"
POFT 1132,Workplace Diversity,"(1, 1)",General Office /Clerical And Typing Services,,"Kingwood, North Harris, Tomball, Online,"
POFT 1301,Business English,"(3, 3)",General Office /Clerical And Typing Services,,"CyFair, Kingwood, Montgomery, North Harris, Tomball, University Park, Online,"
POFT 1309,Administrative Office Procedures I,"(3, 3)",General Office /Clerical And Typing Services,,"CyFair, Kingwood, Montgomery, North Harris, Tomball, Online,"
POFT 1325,Business Math Using Technology,"(3, 3)",General Office /Clerical And Typing Services,,"CyFair, Kingwood, Montgomery, North Harris, Tomball, University Park, Online,"
POFT 1329,Beginning Keyboarding,"(3, 3)",General Office /Clerical And Typing Services,,"CyFair, Kingwood, Montgomery, North Harris, Tomball, University Park,"
POFT 2331,Administrative Project Solutions,"(3, 3)",General Office /Clerical And Typing Services,,"CyFair, Kingwood, Montgomery, North Harris, Tomball, Online,"
POFT 2380,Cooperative Education - Administrative Assistant/Secretarial Science General,"(3, 3)",General Office /Clerical And Typing Services,,"CyFair, Kingwood, Montgomery, North Harris, Tomball, Online,"
POFT 2386,Internship - Administrative Assistant,"(3, 3)",General Office /Clerical And Typing Services,,"CyFair, Kingwood, Montgomery, North Harris, Tomball, Online,"
PORT 1411,Beginning Portuguese I,"(4, 4)",Portuguese Language,,"CyFair, Kingwood, Montgomery, North Harris, Tomball, University Park, Houston North, Online,"
PORT 1412,Beginning Portuguese II,"(4, 4)",Portuguese Language,,"CyFair, Kingwood, Montgomery, North Harris, Tomball, Houston North, Online, University Park,"
PORT 2311,Intermediate Portuguese I,"(3, 3)",Portuguese Language,,"CyFair, Kingwood, Montgomery, North Harris, Tomball, Houston North, Online, University Park,"
PORT 2312,Intermediate Portuguese II,"(3, 3)",Portuguese Language,,"CyFair, Kingwood, Montgomery, North Harris, Tomball, Houston North, Online, University Park,"
PSGT 1171,Sleep Practice Management,"(1, 1)",Electroneurodiagnostic/Electroencephalographic Technology/Technologist,,"Kingwood,"
PSGT 1215,Introduction to Polysomnography,"(2, 2)",Electroneurodiagnostic/Electroencephalographic Technology/Technologist,,"Kingwood,"
PSGT 1260,Clinical I - Polysomnography,"(2, 2)",Electroneurodiagnostic/Electroencephalographic Technology/Technologist,,"Kingwood,"
PSGT 1310,Neuroanatomy & Physiology,"(3, 3)",Electroneurodiagnostic/Electroencephalographic Technology/Technologist,,"Kingwood,"
PSGT 1340,Sleep Disorders,"(3, 3)",Electroneurodiagnostic/Electroencephalographic Technology/Technologist,,"Kingwood,"
PSGT 1400,Polysomnography I,"(4, 4)",Electroneurodiagnostic/Electroencephalographic Technology/Technologist,,"Kingwood,"
PSGT 2205,Sleep Scoring & Staging,"(2, 2)",Electroneurodiagnostic/Electroencephalographic Technology/Technologist,,"Kingwood,"
PSGT 2250,Infant and Pediatric Polysomnography,"(2, 2)",Electroneurodiagnostic/Electroencephalographic Technology/Technologist,,"Kingwood,"
PSGT 2371,Pharmacology for Polysomnography,"(3, 3)",Electroneurodiagnostic/Electroencephalographic Technology/Technologist,,"Kingwood,"
PSGT 2411,Polysomnography II,"(4, 4)",Electroneurodiagnostic/Electroencephalographic Technology/Technologist,,"Kingwood,"
PSGT 2561,Clinical III - Polysomnography,"(5, 5)",Electroneurodiagnostic/Electroencephalographic Technology/Technologist,,"Kingwood,"
PSGT 2660,Clinical II - Polysomnography,"(6, 6)",Electroneurodiagnostic/Electroencephalographic Technology/Technologist,,"Kingwood,"
PSYC 2301,General Psychology,"(3, 3)",Psychology,,"CyFair, Houston North, Kingwood, Montgomery, North Harris, Tomball, University Park, Online,"
PSYC 2306,Human Sexuality,"(3, 3)",Psychology,,"CyFair, Kingwood, Montgomery, North Harris, Tomball, University Park, Houston North, Online,"
PSYC 2308,Child Growth & Development,"(3, 3)",Psychology,,"CyFair, Kingwood, Montgomery, North Harris, Tomball, University Park, Houston North, Online,"
PSYC 2314,Lifespan Growth & Development,"(3, 3)",Psychology,,"CyFair, Houston North, Kingwood, Montgomery, North Harris, Tomball, University Park, Online,"
PSYC 2316,Psychology Of Personality,"(3, 3)",Psychology,,"CyFair, Kingwood, Montgomery, North Harris, Tomball, University Park, Houston North, Online,"
PSYC 2317,Statistical Methods in Psychology,"(3, 3)",Psychology,,"CyFair, Kingwood, Montgomery, North Harris, Tomball, University Park, Houston North, Online,"
PSYC 2319,Social Psychology,"(3, 3)",Psychology,,"CyFair, Kingwood, Montgomery, North Harris, Tomball, University Park, Houston North, Online,"
PSYCH 2301,Honors General Psychology,"(3, 3)",Honors Psychology,,"CyFair, Kingwood, Montgomery, North Harris, Tomball, University Park, Houston North, Online,"
PSYCH 2306,Honors Human Sexuality,"(3, 3)",Honors Psychology,,"CyFair, Houston North, Kingwood, Montgomery, North Harris, Tomball, University Park, Online,"
PSYCH 2314,Honors Life-span Growth & Development,"(3, 3)",Honors Psychology,,"CyFair, Kingwood, Montgomery, North Harris, Tomball, University Park, Houston North, Online,"
PSYCH 2316,Honors Psychology of Personality,"(3, 3)",Honors Psychology,,"CyFair, Houston North, Kingwood, Montgomery, North Harris, Online, Tomball, University Park,"
PSYCH 2319,Honors Social Psychology,"(3, 3)",Honors Psychology,,"CyFair, Houston North, Kingwood, Montgomery, North Harris, Online, Tomball, University Park,"
PTAC 1302,Introduction To Process Technology,"(3, 3)",Chemical Technology/Technician,,"Kingwood,"
PTAC 1308,"Safety, Health,and Environment I","(3, 3)",Chemical Technology/Technician,,"Kingwood,"
PTAC 1410,Process Technology I-Equipment,"(4, 4)",Chemical Technology/Technician,,"Kingwood,"
PTAC 1432,Process Instrumentation I,"(4, 4)",Chemical Technology/Technician,,"Kingwood,"
PTAC 2314,Principles of Quality,"(3, 3)",Chemical Technology/Technician,,"Kingwood,"
PTAC 2420,Process Technology II - Systems,"(4, 4)",Chemical Technology/Technician,,"Kingwood,"
PTAC 2438,Process Technology III - Operations,"(4, 4)",Chemical Technology/Technician,,"Kingwood,"
PTAC 2446,Process Troubleshooting,"(4, 4)",Chemical Technology/Technician,,"Kingwood,"
PTAC 2486,Internship - Process Technology/Technician,"(4, 4)",Chemical Technology/Technician,,"Kingwood,"
PTAC 2487,Internship - Process Technology/Technician,"(4, 4)",Chemical Technology/Technician,,"Kingwood,"
PTHA 1201,The Profession of Physical Therapy,"(2, 2)",Physical Therapy Assistant,,"Montgomery,"
PTHA 1225,Communication in Health Care,"(2, 2)",Physical Therapy Assistant,,"Montgomery,"
PTHA 1260,Clinical Physical Therapist Assist,"(2, 2)",Physical Therapy Assistant,,"Montgomery,"
PTHA 1305,Basic Patient Care Skills,"(3, 3)",Physical Therapy Assistant,,"Montgomery,"
PTHA 1321,Pathophysiology for the PTA,"(3, 3)",Physical Therapy Assistant,,"Montgomery,"
PTHA 1413,Functional Anatomy,"(4, 4)",Physical Therapy Assistant,,"Montgomery,"
PTHA 1431,Biophysical Agents,"(4, 4)",Physical Therapy Assistant,,"Montgomery,"
PTHA 2201,Essentials of Data Collection,"(2, 2)",Physical Therapy Assistant,,"Montgomery,"
PTHA 2217,Issues in Health Care,"(2, 2)",Physical Therapy Assistant,,"Montgomery,"
PTHA 2239,Professional Issues,"(2, 2)",Physical Therapy Assistant,,"Montgomery,"
PTHA 2305,Neurology,"(3, 3)",Physical Therapy Assistant,,"Montgomery,"
PTHA 2409,Therapeutic Exercise,"(4, 4)",Physical Therapy Assistant,,"Montgomery,"
PTHA 2435,Rehabilitation Techniques,"(4, 4)",Physical Therapy Assistant,,"Montgomery,"
PTHA 2461,Clinical-Physical Therapist Assistant,"(4, 4)",Physical Therapy Assistant,,"Montgomery,"
PTHA 2462,Clinical-Physical Therapist Assistant,"(4, 4)",Physical Therapy Assistant,,"Montgomery,"
PTHA 2463,Clinical-Physical Therapist Assistant,"(4, 4)",Physical Therapy Assistant,,"Montgomery,"
PTRT 1191,Special Topics in Petroleum Technology/Technician,"(1, 1)",Petroleum Technology/Technician,,"CyFair, North Harris, Tomball, University Park, Montgomery,"
PTRT 1301,Introduction to Petroleum Industry,"(3, 3)",Petroleum Technology/Technician,,"CyFair, Kingwood, Montgomery, North Harris, Tomball, University Park,"
PTRT 1303,Drilling,"(3, 3)",Petroleum Technology/Technician,,"CyFair, North Harris, University Park,"
PTRT 1370,Petroleum Geology,"(3, 3)",Petroleum Technology/Technician,,"CyFair, Tomball,"
PTRT 1371,Petroleum Data Management I - Exploration,"(3, 3)",Petroleum Technology/Technician,,"CyFair, Tomball,"
PTRT 1372,Petroleum Data Management II-Drilling and Production,"(3, 3)",Petroleum Technology/Technician,,"CyFair, Tomball,"
PTRT 1373,Exploration and Production I,"(3, 3)",Petroleum Technology/Technician,,"CyFair, Tomball,"
PTRT 1374,Exploration and Production II,"(3, 3)",Petroleum Technology/Technician,,"CyFair,"
PTRT 1424,Petroleum Instrumentation,"(4, 4)",Petroleum Technology/Technician,,"CyFair, North Harris, University Park,"
PTRT 1491,Petroleum/Industrial Troubleshooting,"(4, 4)",Petroleum Technology/Technician,,"CyFair, North Harris, University Park,"
PTRT 2186,Internship - Petroleum Technology/Technician,"(1, 1)",Petroleum Technology/Technician,,"CyFair, Tomball,"
PTRT 2271,Internship - Petroleum Technology,"(2, 2)",Petroleum Technology/Technician,,"CyFair,"
PTRT 2272,Petroleum Data: Special Project,"(2, 2)",Petroleum Technology/Technician,,"CyFair,"
PTRT 2343,Refining Methods,"(3, 3)",Petroleum Technology/Technician,,"Kingwood,"
QCTC 1303,Quality Control,"(3, 3)",Quality Control Technology/Technician,,"CyFair, Kingwood, Montgomery, North Harris, Tomball,"
QCTC 1446,Testing and Inspection Systems,"(4, 4)",Quality Control Technology/Technician,,"CyFair, Kingwood, Montgomery, North Harris, Tomball,"
QCTC 1491,Special Topics-Quality Control Technology/Technician,"(4, 4)",Quality Control Technology/Technician,,"North Harris, Kingwood,"
QCTC 2331,Standards,"(3, 3)",Quality Control Technology/Technician,,"CyFair, Kingwood, Montgomery, North Harris, Tomball,"
RADR 1260,Clinical Medical Radiologic Tech,"(2, 2)",Medical Radiologic Technology/Technician,,"CyFair, Montgomery,"
RADR 1313,Principles Radiographic Imaging I,"(3, 3)",Medical Radiologic Technology/Technician,,"CyFair, Montgomery,"
RADR 1360,Clinical - Medical Radiologic Tech,"(3, 3)",Medical Radiologic Technology/Technician,,"CyFair, Montgomery,"
RADR 1409,Introduction to Radiography and Patient Care,"(4, 4)",Medical Radiologic Technology/Technician,,"CyFair, Montgomery,"
RADR 1411,Basic Radiographic Procedures,"(4, 4)",Medical Radiologic Technology/Technician,,"CyFair, Montgomery,"
RADR 1460,Clinical - Radiologic Technology,"(4, 4)",Medical Radiologic Technology/Technician,,"CyFair, Montgomery,"
RADR 2217,Radiographic Pathology,"(2, 2)",Medical Radiologic Technology/Technician,,"CyFair, Montgomery,"
RADR 2240,Sectional Anatomy for Medical Imaging,"(2, 2)",Medical Radiologic Technology/Technician,,"CyFair, Montgomery,"
RADR 2305,Principles Radiographic Imaging II,"(3, 3)",Medical Radiologic Technology/Technician,,"CyFair, Montgomery,"
RADR 2309,Radiographic Imaging Equipment,"(3, 3)",Medical Radiologic Technology/Technician,,"CyFair, Montgomery,"
RADR 2313,Radiation Biology and Protection,"(3, 3)",Medical Radiologic Technology/Technician,,"CyFair, Montgomery,"
RADR 2331,Advanced Radiographic Procedures,"(3, 3)",Medical Radiologic Technology/Technician,,"CyFair, Montgomery,"
RADR 2335,Radiologic Technology Seminar,"(3, 3)",Medical Radiologic Technology/Technician,,"CyFair, Montgomery,"
RADR 2360,Clinical - Radiologic Technology/Science - Radiographer,"(3, 3)",Medical Radiologic Technology/Technician,,"CyFair, Montgomery,"
RADR 2361,Clinical - Medical Radiologic Tech,"(3, 3)",Medical Radiologic Technology/Technician,,"CyFair, Montgomery,"
RADR 2401,Intermed Radiographic Procedures,"(4, 4)",Medical Radiologic Technology/Technician,,"CyFair, Montgomery,"
RBTC 1305,Robotic Fundamentals,"(3, 3)",Robotics Technology/Technician,,"CyFair, Kingwood, Montgomery, North Harris, Tomball, University Park,"
RBTC 1401,Programmable Logic Controllers,"(4, 4)",Robotics Technology/Technician,,"CyFair, North Harris, University Park,"
RECL 2306,Sports Psychology,"(3, 3)",Physical Education Teaching And Coaching,,"Houston North,"
RELI 1311,Old Testament Survey,"(3, 3)",Religion,,"CyFair, Kingwood, Montgomery, North Harris, Tomball, Houston North, Online, University Park,"
RELI 1312,New Testament Survey,"(3, 3)",Religion,,"CyFair, Kingwood, Montgomery, North Harris, Tomball, Houston North, Online, University Park,"
RNSG 1144,Nursing Skills II,"(1, 1)",Nursing,,"CyFair,"
RNSG 1215,Health Assessment,"(2, 2)",Nursing,,"CyFair,"
RNSG 1219,Integrated Nursing Skills I,"(2, 2)",Nursing,,"Kingwood, Montgomery, North Harris, Tomball,"
RNSG 1229,Integrated Nursing Skills II,"(2, 2)",Nursing,,"Kingwood, Montgomery, North Harris, Tomball,"
RNSG 1261,Clinical: Adult Health Nursing,"(2, 2)",Nursing,,"CyFair,"
RNSG 1301,Pharmacology,"(3, 3)",Nursing,,"CyFair, Kingwood, Montgomery, North Harris, Tomball,"
RNSG 1309,Introduction to Nursing,"(3, 3)",Nursing,,"CyFair,"
RNSG 1341,Common Concepts of Adult Health,"(3, 3)",Nursing,,"CyFair,"
RNSG 1343,Complex Concepts of Adult Health,"(3, 3)",Nursing,,"CyFair,"
RNSG 1360,Clinical-Registered Nursing/Registered Nurse,"(3, 3)",Nursing,,"Kingwood, Montgomery, North Harris, Tomball,"
RNSG 1361,Clinical-Registered Nursing/Registered Nurse,"(3, 3)",Nursing,,"Kingwood, Montgomery, North Harris, Tomball,"
RNSG 1362,Clinical-Registered Nursing/Registered Nurse,"(3, 3)",Nursing,,"Kingwood, Montgomery, North Harris, Tomball,"
RNSG 1517,Concepts of Professional Nursing Practice I for Articulating Students,"(5, 5)",Nursing,,"Kingwood, Montgomery, North Harris, Tomball,"
RNSG 1523,Intro to Professional Nursing for Integrated Programs,"(5, 5)",Nursing,,"Kingwood, Montgomery, North Harris, Tomball,"
RNSG 2160,Clinical-Registered Nursing/Registered Nurse,"(1, 1)",Nursing,,"CyFair,"
RNSG 2161,Clinical-Registered Nursing/Registered Nurse,"(1, 1)",Nursing,,"CyFair,"
RNSG 2162,Clinical-Registered Nursing/Registered Nurse,"(1, 1)",Nursing,,"CyFair,"
RNSG 2201,Care of Children and Families,"(2, 2)",Nursing,,"CyFair,"
RNSG 2207,Adaptation to Role of Professional Nurse,"(2, 2)",Nursing,,"CyFair,"
RNSG 2208,Maternal/Newborn/Womens Nursing,"(2, 2)",Nursing,,"CyFair,"
RNSG 2213,Mental Health Nursing,"(2, 2)",Nursing,,"CyFair,"
RNSG 2331,Advanced Concepts of Adult Health,"(3, 3)",Nursing,,"CyFair,"
RNSG 2360,Clinical - Registered Nursing/Registered Nurse,"(3, 3)",Nursing,,"CyFair,"
RNSG 2361,Clinical-Registered Nursing/Registered Nurse,"(3, 3)",Nursing,,"Kingwood, Montgomery, North Harris, Tomball,"
RNSG 2362,Clinical-Registered Nursing/Registered Nurse,"(3, 3)",Nursing,,"Kingwood, Montgomery, North Harris, Tomball,"
RNSG 2504,Integrated Care of the Patient with Common Health Care Needs,"(5, 5)",Nursing,,"Kingwood, Montgomery, North Harris, Tomball,"
RNSG 2514,Integrated Care of the Patient with Complex Health Care Needs,"(5, 5)",Nursing,,"Kingwood, Montgomery, North Harris, Tomball,"
RNSG 2535,Integrated Patient Care Management,"(5, 5)",Nursing,,"Kingwood, Montgomery, North Harris, Tomball,"
RNSG 2560,Clinical-Registered Nursing/Registered Nurse,"(5, 5)",Nursing,,"CyFair,"
RSPT 1160,Clinical Respiratory Care Therapy/Therapist,"(1, 1)",Respiratory Therapy/Therapist,,"Kingwood,"
RSPT 1166,Practicum Respiratory Care Therapy/Therapist,"(1, 1)",Respiratory Therapy/Therapist,,"Kingwood,"
RSPT 1167,Practicum Respiratory Care Therapy/Therapist,"(1, 1)",Respiratory Therapy/Therapist,,"Kingwood,"
RSPT 1191,Special Topics in Respiratory Therapy/Therapist,"(1, 1)",Respiratory Therapy/Therapist,,"Kingwood,"
RSPT 1201,Introduction to Respiratory Care,"(2, 2)",Respiratory Therapy/Therapist,,"Kingwood,"
RSPT 1213,Respiratory Care Pharmacology,"(2, 2)",Respiratory Therapy/Therapist,,"Kingwood,"
RSPT 1225,Respiratory Care Sciences,"(2, 2)",Respiratory Therapy/Therapist,,"Kingwood,"
RSPT 1237,Basic Dysrhythmia Interpretation,"(2, 2)",Respiratory Therapy/Therapist,,"Kingwood,"
RSPT 1240,Advanced Cardiopulmonary Anatomy and Physiology,"(2, 2)",Respiratory Therapy/Therapist,,"Kingwood,"
RSPT 1260,Clinical Respiratory Care Therapy/Therapist,"(2, 2)",Respiratory Therapy/Therapist,,"Kingwood,"
RSPT 1261,Clinical – Respiratory Care Therapy/Therapist,"(2, 2)",Respiratory Therapy/Therapist,,"Kingwood,"
RSPT 1310,Respiratory Care Procedures I,"(3, 3)",Respiratory Therapy/Therapist,,"Kingwood,"
RSPT 1311,Respiratory Care Procedures II,"(3, 3)",Respiratory Therapy/Therapist,,"Kingwood,"
RSPT 1325,Respiratory Care Sciences,"(3, 3)",Respiratory Therapy/Therapist,,"Kingwood,"
RSPT 1362,Clinical Respiratory Care Therapy/Therapist,"(3, 3)",Respiratory Therapy/Therapist,,"Kingwood,"
RSPT 1410,Respiratory Care Procedures I,"(4, 4)",Respiratory Therapy/Therapist,,"Kingwood,"
RSPT 1411,Respiratory Care Procedures II,"(4, 4)",Respiratory Therapy/Therapist,,"Kingwood,"
RSPT 2130,Respiratory Care Examination Preparation,"(1, 1)",Respiratory Therapy/Therapist,,"Kingwood,"
RSPT 2139,Advanced Cardiac Life Support,"(1, 1)",Respiratory Therapy/Therapist,,"Kingwood,"
RSPT 2143,Research in Respiratory Care,"(1, 1)",Respiratory Therapy/Therapist,,"Kingwood,"
RSPT 2147,Specialties in Respiratory Care,"(1, 1)",Respiratory Therapy/Therapist,,"Kingwood,"
RSPT 2166,Practicum Respiratory Care Therapy/Therapist,"(1, 1)",Respiratory Therapy/Therapist,,"Kingwood,"
RSPT 2210,Cardiopulmonary Disease,"(2, 2)",Respiratory Therapy/Therapist,,"Kingwood,"
RSPT 2230,Respiratory Care Examination Preparation,"(2, 2)",Respiratory Therapy/Therapist,,"Kingwood,"
RSPT 2231,Simulations in Respiratory Care,"(2, 2)",Respiratory Therapy/Therapist,,"Kingwood,"
RSPT 2233,Respiratory Care Case Management,"(2, 2)",Respiratory Therapy/Therapist,,"Kingwood,"
RSPT 2239,Advanced Cardiac Life Support,"(2, 2)",Respiratory Therapy/Therapist,,"Kingwood,"
RSPT 2260,Clinical Respiratory Care Therapy/Therapist,"(2, 2)",Respiratory Therapy/Therapist,,"Kingwood,"
RSPT 2314,Mechanical Ventilation,"(3, 3)",Respiratory Therapy/Therapist,,"Kingwood,"
RSPT 2325,Cardiopulmonary Diagnostics,"(3, 3)",Respiratory Therapy/Therapist,,"Kingwood,"
RSPT 2353,Neonatal/Pediatric Cardiopulmonary Care,"(3, 3)",Respiratory Therapy/Therapist,,"Kingwood,"
RSPT 2363,Clinical - Respiratory Care Therapy/Therapist,"(3, 3)",Respiratory Therapy/Therapist,,"Kingwood,"
RSPT 2366,Practicum Respiratory Care Therapy/Therapist,"(3, 3)",Respiratory Therapy/Therapist,,"Kingwood,"
RSPT 2414,Mechanical Ventilation,"(4, 4)",Respiratory Therapy/Therapist,,"Kingwood,"
RTVB 1321,TV/Video Field Production,"(3, 3)",Computer Graphic Arts Tech,,"CyFair, Kingwood, Montgomery, North Harris, Tomball,"
RTVB 1429,Scriptwriting,"(4, 4)",Computer Graphic Arts Tech,,"Montgomery,"
RTVB 2330,Film and Video Editing,"(3, 3)",Computer Graphic Arts Tech,,"Montgomery,"
RTVB 2337,TV Production Workshop I,"(3, 3)",Computer Graphic Arts Tech,,"CyFair, Kingwood, Montgomery, North Harris, Tomball,"
SCIT 1313,Workplace Microbiology,"(3, 3)","Physical Sciences, General",,"Montgomery,"
SCIT 1318,Applied Physics,"(3, 3)","Physical Sciences, General",,"Kingwood,"
SCWK 1303,Ethics for Social Service Professionals,"(3, 3)",Social Work,,"Houston North, Montgomery, Tomball,"
SCWK 1321,Orientation to Social Services,"(3, 3)",Social Work,,"Houston North, Montgomery, Tomball,"
SCWK 2301,Assessment and Case Management,"(3, 3)",Social Work,,"Houston North, Montgomery, Tomball,"
SCWK 2331,Abnormal Behavior,"(3, 3)",Social Work,,"Houston North, Montgomery, Tomball,"
SCWK 2386,Internship - Social Work,"(3, 3)",Social Work,,"Montgomery, Tomball, Houston North,"
SGNL 1401,Begin American Sign Language I,"(4, 4)",American Sign Language,,"CyFair, Kingwood, Montgomery, North Harris, Tomball, Houston North, Online, University Park,"
SGNL 1402,Begin American Sign Language II,"(4, 4)",American Sign Language,,"CyFair, Kingwood, Montgomery, North Harris, Tomball, Houston North, Online, University Park,"
SGNL 2301,Interm American Sign Language I,"(3, 3)",American Sign Language,,"CyFair, Kingwood, Montgomery, North Harris, Tomball, Houston North, Online, University Park,"
SGNL 2302,Interm American Sign Language II,"(3, 3)",American Sign Language,,"CyFair, Kingwood, Montgomery, North Harris, Tomball, Houston North, Online, University Park,"
SLNG 1207,Intra-lingual Skills Development for Interpreters,"(2, 2)",Sign Language Interpreter,,"CyFair, North Harris,"
SLNG 1211,Fingerspelling and Numbers,"(2, 2)",Sign Language Interpreter,,"CyFair, Kingwood, Montgomery, North Harris, Tomball,"
SLNG 1215,Visual/Gestural Communication,"(2, 2)",Sign Language Interpreter,,"CyFair, Kingwood, Montgomery, North Harris, Tomball,"
SLNG 1246,Working with Deaf-Blind Persons,"(2, 2)",Sign Language Interpreter,,"CyFair, North Harris,"
SLNG 1317,Introduction to Deaf Community,"(3, 3)",Sign Language Interpreter,,"CyFair, Kingwood, Montgomery, North Harris, Tomball,"
SLNG 1321,Introduction to the Interpreting Profession,"(3, 3)",Sign Language Interpreter,,"CyFair, Kingwood, Montgomery, North Harris, Tomball,"
SLNG 1391,Special Topics - Interpreting in Specialized Settings,"(3, 3)",Sign Language Interpreter,,"CyFair, North Harris,"
SLNG 2186,Internship - Sign Language Interpretation and Translation,"(1, 1)",Sign Language Interpreter,,"CyFair, North Harris,"
SLNG 2266,Practicum (or Field Experience) Sign Language Interpretation and Translation,"(2, 2)",Sign Language Interpreter,,"CyFair, North Harris,"
SLNG 2315,Interpreting In Educational Settings,"(3, 3)",Sign Language Interpreter,,"CyFair, Kingwood, Montgomery, North Harris, Tomball,"
SLNG 2320,Structure of American Sign Language (ASL),"(3, 3)",Sign Language Interpreter,,"CyFair, North Harris,"
SLNG 2401,Interpreting I,"(4, 4)",Sign Language Interpreter,,"CyFair, Kingwood, Montgomery, North Harris, Tomball,"
SLNG 2402,Interpreting II,"(4, 4)",Sign Language Interpreter,,"CyFair, Kingwood, Montgomery, North Harris, Tomball,"
SLNG 2431,Interpreting III,"(4, 4)",Sign Language Interpreter,,"CyFair, Kingwood, Montgomery, North Harris, Tomball,"
SLNG 2489,Internship: Sign Lang Interpreter,"(4, 4)",Sign Language Interpreter,,"CyFair, Kingwood, Montgomery, North Harris, Tomball,"
SLNG 2589,Internship - Sign Language Interpretation and Translation,"(5, 5)",Sign Language Interpreter,,"CyFair, North Harris,"
SOCI 1301,Principles of Sociology,"(3, 3)",Sociology,,"CyFair, Houston North, Kingwood, Montgomery, North Harris, Tomball, University Park, Online,"
SOCI 1306,Social Problems,"(3, 3)",Sociology,,"CyFair, Kingwood, Montgomery, North Harris, Tomball, University Park, Houston North, Online,"
SOCI 2301,Marriage and Family,"(3, 3)",Sociology,,"CyFair, Kingwood, Montgomery, North Harris, Tomball, University Park, Houston North, Online,"
SOCI 2306,Human Sexuality,"(3, 3)",Sociology,,"CyFair, Houston North, Kingwood, Montgomery, North Harris, Tomball, University Park, Online,"
SOCI 2319,Minority Studies,"(3, 3)",Sociology,,"CyFair, Kingwood, Montgomery, North Harris, Tomball, University Park, Houston North, Online,"
SOCI 2326,Social Psychology,"(3, 3)",Sociology,,"CyFair, Kingwood, Montgomery, North Harris, Tomball, University Park, Houston North, Online,"
SOCI 2336,Criminology,"(3, 3)",Sociology,,"CyFair, Kingwood, Montgomery, North Harris, Tomball, University Park, Houston North, Online,"
SOCI 2340,Drug Use & Abuse,"(3, 3)",Sociology,,"CyFair, Kingwood, Montgomery, North Harris, Tomball, University Park, Houston North, Online,"
SOCI 2389,Academic Cooperative,"(3, 3)",Sociology,,"CyFair, Kingwood, Montgomery, North Harris, Tomball, University Park, Houston North, Online,"
SOCIH 1301,Honors Principles of Sociology,"(3, 3)",Honors Sociology,,"CyFair, Kingwood, Montgomery, North Harris, Tomball, University Park, Houston North, Online,"
SOCIH 1306,Honors Social Problems,"(3, 3)",Honors Sociology,,"CyFair, Houston North, Kingwood, Montgomery, North Harris, Tomball, University Park, Online,"
SOCW 2361,Introduction to Social Work,"(3, 3)",Social Work,,"CyFair, Kingwood, Montgomery, North Harris, Tomball, University Park, Houston North, Online,"
SOCW 2362,"Social Welfare: Legislation, Programs, and Services","(3, 3)",Social Work,,"CyFair, Kingwood, Montgomery, North Harris, Tomball, University Park, Houston North, Online,"
SOCW 2389,Academic Cooperative,"(3, 3)",Social Work,,"Houston North, Montgomery,"
SPAN 1300,Spanish Conversation I,"(3, 3)",Spanish Language,,"CyFair, Kingwood, Montgomery, North Harris, Tomball, University Park, Houston North, Online,"
SPAN 1411,Beginning Spanish I,"(4, 4)",Spanish Language,,"CyFair, Houston North, Kingwood, Montgomery, North Harris, Tomball, University Park, Online,"
SPAN 1412,Beginning Spanish II,"(4, 4)",Spanish Language,,"CyFair, Kingwood, Montgomery, North Harris, Tomball, University Park, Houston North, Online,"
SPAN 2311,Intermediate Spanish I,"(3, 3)",Spanish Language,,"CyFair, Kingwood, Montgomery, North Harris, Tomball, University Park, Houston North, Online,"
SPAN 2312,Intermediate Spanish II,"(3, 3)",Spanish Language,,"CyFair, Houston North, Kingwood, Montgomery, North Harris, Tomball, University Park, Online,"
SPAN 2313,Spanish for Native/Heritage Speakers I,"(3, 3)",Spanish Language,,"CyFair, Kingwood, Montgomery, North Harris, Tomball, University Park, Houston North, Online,"
SPAN 2315,Spanish for Native/Heritage Speakers II,"(3, 3)",Spanish Language,,"CyFair, Kingwood, Montgomery, North Harris, Tomball, University Park, Houston North, Online,"
SPCH 1311,Introduction To Communication,"(3, 3)",Speech,,"CyFair, Houston North, Kingwood, Montgomery, North Harris, Tomball, University Park, Online,"
SPCH 1315,Public Speaking,"(3, 3)",Speech,,"CyFair, Houston North, Kingwood, Montgomery, North Harris, Tomball, University Park, Online,"
SPCH 1318,Interpersonal Communication,"(3, 3)",Speech,,"CyFair, Houston North, Kingwood, Montgomery, North Harris, Tomball, University Park, Online,"
SPCH 1321,Business and Professional Communication,"(3, 3)",Speech,,"CyFair, Houston North, Kingwood, Montgomery, North Harris, Tomball, University Park, Online,"
SPCH 1342,Voice and Diction,"(3, 3)",Speech,,"CyFair, Kingwood, Montgomery, North Harris, Tomball, Houston North, Online, University Park,"
SPCH 2333,Discuss Small Group Communication,"(3, 3)",Speech,,"CyFair, Kingwood, Montgomery, North Harris, Tomball, University Park, Houston North, Online,"
SPCH 2335,Argumentation & Debate,"(3, 3)",Speech,,"CyFair, Kingwood, Montgomery, North Harris, Tomball, Houston North, Online, University Park,"
SPCH 2341,Oral Interpretation,"(3, 3)",Speech,,"CyFair, Kingwood, Montgomery, North Harris, Tomball, Houston North, Online, University Park,"
SPCHH 1311,Honors Introduction to Communication,"(3, 3)",Honors Speech,,"CyFair, Houston North, Kingwood, Montgomery, North Harris, Tomball, University Park, Online,"
SPCHH 1315,Honors Public Speaking,"(3, 3)",Honors Speech,,"CyFair, Kingwood, Montgomery, North Harris, Tomball, University Park, Houston North, Online,"
SPCHH 1318,Honors Interpersonal Communication,"(3, 3)",Honors Speech,,"CyFair, Kingwood, Montgomery, North Harris, Tomball, University Park, Houston North, Online,"
SPCHH 1321,Honors Business and Professional Communication,"(3, 3)",Honors Speech,,"CyFair, Kingwood, Montgomery, North Harris, Tomball, University Park, Houston North, Online,"
SPCHH 2335,Honors Argumentation and Debate,"(3, 3)",Honors Speech,,"CyFair, Houston North, Kingwood, Montgomery, North Harris, Tomball, University Park, Online,"
SRGT 1260,Surgical/Operating Room Tech I,"(2, 2)",Surgical/Operating Room Technician,,"Tomball,"
SRGT 1360,Clinical II - Surgical Technology/Technologist,"(3, 3)",Surgical/Operating Room Technician,,"Tomball,"
SRGT 1405,Introduction to Surgical Technology,"(4, 4)",Surgical/Operating Room Technician,,"Tomball,"
SRGT 1409,Fundamentals of Perioperative Concepts and Techniques,"(4, 4)",Surgical/Operating Room Technician,,"Tomball,"
SRGT 1541,Surgical Procedures I,"(5, 5)",Surgical/Operating Room Technician,,"Tomball,"
SRGT 1542,Surgical Procedures II,"(5, 5)",Surgical/Operating Room Technician,,"Tomball,"
SRGT 2130,Professional Readiness,"(1, 1)",Surgical/Operating Room Technician,,"Tomball,"
SRGT 2462,Clinical III,"(4, 4)",Surgical/Operating Room Technician,,"Tomball,"
SRGT 2563,Clinical IV,"(5, 5)",Surgical/Operating Room Technician,,"Tomball,"
SRVY 1171,Capstone Exam Prep,"(1, 1)",Construction Surveying,,"Montgomery, Houston North,"
SRVY 1291,Special Topics in Surveying,"(2, 2)",Construction Surveying,,"Montgomery,"
SRVY 1301,Introduction to Surveying,"(3, 3)",Construction Surveying,,"Montgomery, Houston North,"
SRVY 1313,Plane Surveying,"(3, 3)",Construction Surveying,,"Montgomery,"
SRVY 1315,Surveying Calculations I,"(3, 3)",Construction Surveying,,"Montgomery, Houston North,"
SRVY 1319,Introduction to GIS,"(3, 3)",Construction Surveying,,"Montgomery, Houston North,"
SRVY 1335,Land Surveying Applications,"(3, 3)",Construction Surveying,,"Montgomery, Houston North,"
SRVY 1341,Land Surveying,"(3, 3)",Construction Surveying,,"Montgomery, Houston North,"
SRVY 1349,Surveying Calculations II,"(3, 3)",Construction Surveying,,"Montgomery, Houston North,"
SRVY 1442,Global Positioning System Techniques for Surveying and Mapping,"(4, 4)",Construction Surveying,,"Montgomery, Houston North,"
SRVY 2305,Geographic Information Systems Applications,"(3, 3)",Construction Surveying,,"Montgomery,"
SRVY 2309,Computer Aided Mapping,"(3, 3)",Construction Surveying,,"Montgomery,"
SRVY 2343,Surveying - Legal Principles I,"(3, 3)",Construction Surveying,,"Montgomery, Houston North,"
SRVY 2344,Surveying-Legal Principles II,"(3, 3)",Construction Surveying,,"Montgomery,"
SRVY 2440,Advanced Plane Surveying,"(4, 4)",Construction Surveying,,"Montgomery,"
SRVY 2455,Advanced Boundary Project,"(4, 4)",Construction Surveying,,"Montgomery,"
TECA 1303,"Families, School, and Community","(3, 3)",Early Childhood Educationl,,"CyFair, Kingwood, Montgomery, North Harris, Tomball, University Park, Houston North, Online,"
TECA 1311,Educating Young Children,"(3, 3)",Early Childhood Educationl,,"CyFair, Kingwood, Montgomery, North Harris, Tomball, University Park, Houston North, Online,"
TECA 1318,Wellness of the Young Child,"(3, 3)",Early Childhood Educationl,,"CyFair, Kingwood, Montgomery, North Harris, Tomball, University Park, Houston North, Online,"
TECA 1354,Child Growth & Development,"(3, 3)",Early Childhood Educationl,,"CyFair, Houston North, Kingwood, Montgomery, North Harris, Tomball, University Park, Online,"
TECM 1303,Technical Calculations,"(3, 3)","Applied Mathematics, General",,"CyFair, Kingwood, Montgomery, North Harris, Tomball, University Park,"
TMGT 3303,Communications and Conflict Resolution,"(3, 3)",Trades Management,,"North Harris, University Park,"
TMGT 3307,"Operations Management in Energy, Manufacturing, and Skilled Trades","(3, 3)",Trades Management,,"North Harris, University Park,"
TMGT 3311,Information Technology for Enterprise Management,"(3, 3)",Trades Management,,"North Harris, University Park,"
TMGT 3347,Ethics and Corporate Social Responsibility,"(3, 3)",Trades Management,,"North Harris, University Park,"
TMGT 3354,Leadership,"(3, 3)",Trades Management,,"North Harris, University Park,"
TMGT 3355,Mediation & Negotiation,"(3, 3)",Trades Management,,"North Harris, University Park,"
TMGT 4301,Industrial Cost Estimating and Control,"(3, 3)",Trades Management,,"North Harris, University Park,"
TMGT 4310,Human Resources Management and Labor Law,"(3, 3)",Trades Management,,"North Harris, University Park,"
TMGT 4320,Organizational Design & Management Seminar,"(3, 3)",Trades Management,,"North Harris, University Park,"
TMGT 4396,"Project Management in Energy, Manufacturing, & Skilled Trades","(3, 3)",Trades Management,,"North Harris, University Park,"
VNSG 1119,Leadership and Professional Development,"(1, 1)",Licensed Practical/Vocational Nurse Training,,"CyFair, Kingwood, Montgomery, Tomball,"
VNSG 1122,Vocational Nursing Concepts,"(1, 1)",Licensed Practical/Vocational Nurse Training,,"CyFair, Kingwood, Montgomery, North Harris, Tomball,"
VNSG 1160,Clinical - Basics,"(1, 1)",Licensed Practical/Vocational Nurse Training,,"CyFair, Kingwood, Montgomery, North Harris, Tomball,"
VNSG 1163,Pediatric Clinical,"(1, 1)",Licensed Practical/Vocational Nurse Training,,"CyFair, Kingwood, Montgomery, Tomball,"
VNSG 1216,Nutrition,"(2, 2)",Licensed Practical/Vocational Nurse Training,,"CyFair, Kingwood, Montgomery, North Harris, Tomball,"
VNSG 1226,Gerontology,"(2, 2)",Licensed Practical/Vocational Nurse Training,,"CyFair, Kingwood, Montgomery, North Harris, Tomball,"
VNSG 1238,Mental Illness,"(2, 2)",Licensed Practical/Vocational Nurse Training,,"CyFair, Kingwood, Montgomery, North Harris, Tomball,"
VNSG 1260,Clinical I,"(2, 2)",Licensed Practical/Vocational Nurse Training,,"CyFair, Kingwood, Montgomery, North Harris, Tomball,"
VNSG 1262,Clinical II,"(2, 2)",Licensed Practical/Vocational Nurse Training,,"CyFair, Kingwood, Montgomery, Tomball,"
VNSG 1304,Foundations of Nursing,"(3, 3)",Licensed Practical/Vocational Nurse Training,,"Kingwood, Tomball,"
VNSG 1323,Basic Nursing Skills,"(3, 3)",Licensed Practical/Vocational Nurse Training,,"CyFair, Kingwood, Montgomery, North Harris, Tomball,"
VNSG 1330,Maternal-Neonatal Nursing,"(3, 3)",Licensed Practical/Vocational Nurse Training,,"CyFair, Kingwood, Montgomery, Tomball,"
VNSG 1331,Pharmacology,"(3, 3)",Licensed Practical/Vocational Nurse Training,,"CyFair, Kingwood, Montgomery, North Harris, Tomball,"
VNSG 1334,Pediatrics,"(3, 3)",Licensed Practical/Vocational Nurse Training,,"CyFair, Kingwood, Montgomery, Tomball,"
VNSG 1362,Clinical II,"(3, 3)",Licensed Practical/Vocational Nurse Training,,"CyFair, Kingwood, Montgomery, Tomball,"
VNSG 1400,Nursing in Health and Illness I,"(4, 4)",Licensed Practical/Vocational Nurse Training,,"CyFair, Kingwood, Montgomery, North Harris, Tomball,"
VNSG 1409,Nursing in Health & Illness II,"(4, 4)",Licensed Practical/Vocational Nurse Training,,"CyFair, Kingwood, Montgomery, North Harris, Tomball,"
VNSG 2161,Maternal/Newborn Clinical,"(1, 1)",Licensed Practical/Vocational Nurse Training,,"CyFair, Kingwood, Montgomery, Tomball,"
VNSG 2361,Clinical - Licensed Practical/Vocational Nurse Training,"(3, 3)",Licensed Practical/Vocational Nurse Training,,"CyFair, Kingwood, Montgomery, Tomball,"
VNSG 2362,Clinical-Licensed Practical/Vocational Nurse Training,"(3, 3)",Licensed Practical/Vocational Nurse Training,,"CyFair, Kingwood, Montgomery, North Harris, Tomball,"
VNSG 2363,Clinical: Vocational Nurse II,"(3, 3)",Licensed Practical/Vocational Nurse Training,,"CyFair, Kingwood, Montgomery, North Harris, Tomball,"
VNSG 2410,Nursing in Health and Illness III,"(4, 4)",Licensed Practical/Vocational Nurse Training,,"CyFair, Kingwood, Montgomery, North Harris, Tomball,"
VNSG 2461,Clinical - Licensed Practical/Vocational Nurse Training,"(4, 4)",Licensed Practical/Vocational Nurse Training,,"CyFair, Kingwood, Montgomery, Tomball,"
VTHT 1103,Canine and Feline Care and Husbandry,"(1, 1)",Veterinarian Assistant/Animal Health Technician,,"Tomball,"
VTHT 1105,Veterinary Medical Terminology,"(1, 1)",Veterinarian Assistant/Animal Health Technician,,"Kingwood, Montgomery, North Harris, Tomball,"
VTHT 1109,Veterinary Nutrition,"(1, 1)",Veterinarian Assistant/Animal Health Technician,,"Tomball,"
VTHT 1125,Pharmacological Calculations,"(1, 1)",Veterinarian Assistant/Animal Health Technician,,"Tomball,"
VTHT 1140,Vet Jurisprudence/Ethics,"(1, 1)",Veterinarian Assistant/Animal Health Technician,,"Tomball,"
VTHT 1160,Clinical - Veterinary/Animal Health Technology/Technician and Veterinary Assistant,"(1, 1)",Veterinarian Assistant/Animal Health Technician,,"Tomball,"
VTHT 1166,Practicum Veterinary/Animal Health Technology/Technician,"(1, 1)",Veterinarian Assistant/Animal Health Technician,,"Tomball,"
VTHT 1191,Special Topics in Veterinarian Assistant/Animal Health Technician,"(1, 1)",Veterinarian Assistant/Animal Health Technician,,"Tomball,"
VTHT 1245,Veterinary Radiology,"(2, 2)",Veterinarian Assistant/Animal Health Technician,,"Tomball,"
VTHT 1249,Veterinary Pharmacology,"(2, 2)",Veterinarian Assistant/Animal Health Technician,,"Tomball,"
VTHT 1262,Clinical - Veterinary/Animal Health Technology/Technician and Veterinary Assistant,"(2, 2)",Veterinarian Assistant/Animal Health Technician,,"Tomball,"
VTHT 1301,Introduction to Veterinary Technology,"(3, 3)",Veterinarian Assistant/Animal Health Technician,,"Tomball,"
VTHT 1313,Veterinary Anatomy and Physiology,"(3, 3)",Veterinarian Assistant/Animal Health Technician,,"Tomball,"
VTHT 1413,Veterinary Anatomy and Physiology,"(4, 4)",Veterinarian Assistant/Animal Health Technician,,"Kingwood, Montgomery, North Harris, Tomball,"
VTHT 1441,Anesthesia and Surgical Assistance,"(4, 4)",Veterinarian Assistant/Animal Health Technician,,"Tomball,"
VTHT 2162,Clinical - Veterinary/Animal Health Technology/Technician and Veterinary Assistant,"(1, 1)",Veterinarian Assistant/Animal Health Technician,,"Tomball,"
VTHT 2201,Canine and Feline Clinical Mgmt,"(2, 2)",Veterinarian Assistant/Animal Health Technician,,"Tomball,"
VTHT 2205,Equine Clinical Management,"(2, 2)",Veterinarian Assistant/Animal Health Technician,,"Tomball,"
VTHT 2209,Food Animal Clinical Management,"(2, 2)",Veterinarian Assistant/Animal Health Technician,,"Tomball,"
VTHT 2213,Lab Animal Clinical Management,"(2, 2)",Veterinarian Assistant/Animal Health Technician,,"Tomball,"
VTHT 2217,Exotic Animal Clinical Management,"(2, 2)",Veterinarian Assistant/Animal Health Technician,,"Tomball,"
VTHT 2223,Veterinary Clinical Pathology I,"(2, 2)",Veterinarian Assistant/Animal Health Technician,,"Kingwood, Montgomery, North Harris, Tomball,"
VTHT 2262,Clinical - Veterinary/Animal Health Technology/Technician and Veterinary Assistant,"(2, 2)",Veterinarian Assistant/Animal Health Technician,,"Tomball,"
VTHT 2301,Canine and Feline Clinical Management,"(3, 3)",Veterinarian Assistant/Animal Health Technician,,"Tomball,"
VTHT 2321,Veterinary Parasitology,"(3, 3)",Veterinarian Assistant/Animal Health Technician,,"Tomball,"
VTHT 2323,Veterinary Clinical Pathology I,"(3, 3)",Veterinarian Assistant/Animal Health Technician,,"Tomball,"
VTHT 2331,Veterinary Clinical Pathology II,"(3, 3)",Veterinarian Assistant/Animal Health Technician,,"Tomball,"
VTHT 2360,Clinical - Veterinarian Assistant,"(3, 3)",Veterinarian Assistant/Animal Health Technician,,"Kingwood, Montgomery, North Harris, Tomball,"
VTHT 2439,Veterinary Nursing Care,"(4, 4)",Veterinarian Assistant/Animal Health Technician,,"Tomball,"
WLDG 1291,Special Topics in Welder/Welding Technologist,"(2, 2)",Welder/Welding Technologist,,"CyFair, Houston North, Kingwood, Montgomery, North Harris,"
WLDG 1337,Introduction to Welding Metallurgy,"(3, 3)",Welder/Welding Technologist,,"CyFair, Kingwood, Montgomery, North Harris, Houston North,"
WLDG 1417,Introduction to Layout and Fabrication,"(4, 4)",Welder/Welding Technologist,,"CyFair, Houston North, Montgomery, North Harris, Kingwood,"
WLDG 1421,Welding Fundamentals,"(4, 4)",Welder/Welding Technologist,,"CyFair, Houston North, Kingwood, Montgomery, North Harris,"
WLDG 1428,Introduction to Shielded Metal Arc Welding (SMAW),"(4, 4)",Welder/Welding Technologist,,"CyFair, Houston North, Kingwood, Montgomery, North Harris,"
WLDG 1430,Introduction to Gas Metal Arc Welding (GMAW),"(4, 4)",Welder/Welding Technologist,,"CyFair, Houston North, Kingwood, Montgomery, North Harris,"
WLDG 1434,Introduction to Gas Tungsten Arc (GTAW) Welding,"(4, 4)",Welder/Welding Technologist,,"CyFair, Houston North, Kingwood, Montgomery, North Harris,"
WLDG 1435,Introduction To Pipe Welding,"(4, 4)",Welder/Welding Technologist,,"CyFair, Houston North, Kingwood, Montgomery, North Harris,"
WLDG 1457,Intermediate Shielded Metal Arc Welding (SMAW),"(4, 4)",Welder/Welding Technologist,,"CyFair, Houston North, Kingwood, Montgomery, North Harris,"
WLDG 2447,Advanced Gas Metal Arc Welding (GMAW),"(4, 4)",Welder/Welding Technologist,,"CyFair, Houston North, Kingwood, Montgomery, North Harris,"
WLDG 2451,Advanced Gas Tungsten Arc Welding (GTAW),"(4, 4)",Welder/Welding Technologist,,"CyFair, Houston North, Kingwood, Montgomery, North Harris,"
WLDG 2453,Advanced Pipe Welding,"(4, 4)",Welder/Welding Technologist,,"CyFair, Houston North, Kingwood, Montgomery, North Harris,"
WLDGXXX 1,Ultrasonic Capstone Exam II,"(0, 0)",Welder/Welding Technologist,,"North Harris,"
WLDGXXXX,AWS Entry Welder Capstone Exam,"(0, 0)",Welder/Welding Technologist,,"North Harris,"
