courseId,courseName,courseCredits,courseSubject,courseLevel,courseCampus
ACTG 2110,Principles of Accounting I,,ACTG,,
ACTG 2120,Principles of Accounting II,,ACTG,,
ACTG 2125,Principles of Accounting II for Accounting Majors,,ACTG,,
ACTG 3000,Survey of Accounting for General Business,,ACTG,,
ACTG 3020,Managerial Accounting,,ACTG,,
ACTG 3110,Intermediate Accounting I,,ACTG,,
ACTG 3120,Intermediate Accounting II,,ACTG,,
ACTG 3300,Managerial Accounting with Data Analytics,,ACTG,,
ACTG 3310,Cost Accounting,,ACTG,,
ACTG 4110,Advanced Financial Accounting,,ACTG,,
ACTG 4310,Accounting for Decision Making,,ACTG,,
ACTG 4420,Accounting Internship,,ACTG,,
ACTG 4510,Accounting Systems,,ACTG,,
ACTG 4530,Individual Income Tax,,ACTG,,
ACTG 4550,Introduction to Federal Income Tax,,ACTG,,
ACTG 4610,Financial Reporting for Governmental and Not-for-Profit Entities,,ACTG,,
ACTG 4620,External Auditing I,,ACTG,,
ACTG 4640,Internal Auditing,,ACTG,,
ACTG 4650,Financial Accounting Standards,,ACTG,,
ACTG 4680,Forensic Accountancy and Fraud Auditing,,ACTG,,
ACTG 4840,Study Abroad,,ACTG,,
ACTG 4980,Independent Study in Accounting,,ACTG,,
ACSI 2100,Introduction to Actuarial Science,,ACSI,,
ACSI 4140,Mathematical Foundations of Actuarial Science,,ACSI,,
ACSI 4200,Introduction to Mathematics of Investment,,ACSI,,
ACSI 4220,Mathematics of Corporate Finance,,ACSI,,
ACSI 4230,Mathematics of Compound Interest,,ACSI,,
ACSI 4240,"Mathematics of Interest Theory, Economics and Finance",,ACSI,,
ACSI 4280,Undergraduate Research,,ACSI,,
ACSI 4330,Actuarial Mathematics I,,ACSI,,
ACSI 4340,Actuarial Mathematics II,,ACSI,,
ACSI 4430,Introduction to Loss Models and Credibility,,ACSI,,
ACSI 4440,Advanced Topics on Loss Models and Credibility,,ACSI,,
ACSI 4530,Rate Making and Loss Reserving,,ACSI,,
ACSI 4600,Problems in Actuarial Science,,ACSI,,
ACSI 4630,Mathematics of Risk Management,,ACSI,,
ACSI 4640,"Mathematics of Options, Futures, and Other Derivatives",,ACSI,,
ADV 2322,Agency Ever Blue Branding I,,ADV,,
ADV 3020,Principles of Advertising,,ADV,,
ADV 3060,Issues in Advertising: Sexuality and Gender,,ADV,,
ADV 3160,Advertising Design and Visuals,,ADV,,
ADV 3170,Advertising Copy and Creativity,,ADV,,
ADV 3322,Agency Ever Blue Branding II,,ADV,,
ADV 3480,Media Strategy and Buying,,ADV,,
ADV 3520,Special Topics in Professional Issues,,ADV,,
ADV 3530,Advanced Advertising Creative,,ADV,,
ADV 3800,Journalism and Media Topics,,ADV,,
ADV 4230,Case Studies in Strategic Communication,,ADV,,
ADV 4250,Interactive Advertising and Social Media,,ADV,,
ADV 4322,Agency Ever Blue Branding III,,ADV,,
ADV 4970,Advertising Campaigns,,ADV,,
ADPR 3080,Ethical Standards and Practices in Advertising and Public Relations,,ADPR,,
ADPR 4950,Advertising and Public Relations Campaigns,,ADPR,,
AERO 1010,Introduction to Aerospace,,AERO,,
AERO 1020,Theory of Flight,,AERO,,
AERO 1230,Aviation Laws and Regulations,,AERO,,
AERO 1340,Introduction to Aerospace Maintenance,,AERO,,
AERO 1380,Aerospace Maintenance Shop Practices,,AERO,,
AERO 1710,Introduction to Unmanned Aircraft Systems,,AERO,,
AERO 2010,Aviation Weather,,AERO,,
AERO 2201,Professional Pilot Flight Lab I,,AERO,,
AERO 2230,Professional Pilot I,,AERO,,
AERO 2331,Airframe Inspection,,AERO,,
AERO 2342,Powerplant Inspection,,AERO,,
AERO 2371,Aircraft Welding,,AERO,,
AERO 2381,"Non-Metallic Structures: Dope, Fabric, and Finishing",,AERO,,
AERO 2710,sUAS Remote Pilot Certification,,AERO,,
AERO 2715,Small Unmanned Aircraft Systems Certification,,AERO,,
AERO 3020,Aerospace Materials,,AERO,,
AERO 3030,Propulsion Fundamentals,,AERO,,
AERO 3080,Aviation Weather II,,AERO,,
AERO 3100,Aerospace in Our Lives,,AERO,,
AERO 3110,Airport Management,,AERO,,
AERO 3160,Aviation Contracts and Leases,,AERO,,
AERO 3170,Aviation Safety,,AERO,,
AERO 3190,Airline Operations Management,,AERO,,
AERO 3202,Cross-Country Flight Lab (25 Hours),,AERO,,
AERO 3203,Professional Pilot Flight Lab II,,AERO,,
AERO 3204,Professional Pilot Flight Lab III,,AERO,,
AERO 3205,Conventional Landing Gear Airplane Flight Lab,,AERO,,
AERO 3210,Professional Pilot II,,AERO,,
AERO 3212,Cross-Country Flight Lab (50 Flight Hours),,AERO,,
AERO 3215,Professional Pilot III,,AERO,,
AERO 3222,High-Altitude Aircraft Operations Flight Lab,,AERO,,
AERO 3223,High-Performance Aircraft Flight Lab,,AERO,,
AERO 3230,Crew Resource Management,,AERO,,
AERO 3240,Professional Pilot IV,,AERO,,
AERO 3241,Air Charter Flight Lab,,AERO,,
AERO 3261,Professional Pilot Flight Lab IV,,AERO,,
AERO 3301,Sheet Metal Repair,,AERO,,
AERO 3322,Aerospace Reciprocating Engine Overhaul,,AERO,,
AERO 3362,Advanced Aerospace Engine Systems Maintenance and Repair,,AERO,,
AERO 3371,Aircraft Finishing and Non-Destructive Inspection,,AERO,,
AERO 3392,Reciprocating Engine Maintenance Repair,,AERO,,
AERO 3440,Fundamentals of Aerodynamics,,AERO,,
AERO 3510,Instrument Operations in the National Airspace System,,AERO,,
AERO 3630,Introduction to Air Traffic Control,,AERO,,
AERO 3710,Unmanned Aircraft,,AERO,,
AERO 3711,Unmanned Aircraft Lab,,AERO,,
AERO 3720,Unmanned Aircraft Systems,,AERO,,
AERO 3721,Unmanned Aircraft Systems Lab,,AERO,,
AERO 3730,Unmanned Remote Sensing,,AERO,,
AERO 3731,Unmanned Remote Sensing Lab,,AERO,,
AERO 3745,Aerial Cinematography I,,AERO,,
AERO 4040,Professional Aviation Pathways,,AERO,,
AERO 4050,Aerospace Internship I,,AERO,,
AERO 4060,Aerospace Internship II,,AERO,,
AERO 4071,Problems in Aerospace,,AERO,,
AERO 4120,Airport Operations,,AERO,,
AERO 4130,Aerospace Physiology,,AERO,,
AERO 4140,Seminar in Airline Administration,,AERO,,
AERO 4150,Fixed Base Operations Management,,AERO,,
AERO 4170,Airport Capacity and Planning,,AERO,,
AERO 4201,Flight Instructor-Airplane Lab,,AERO,,
AERO 4202,Flight Instructor-Instrument Lab,,AERO,,
AERO 4203,Flight Instructor-Multi-Engine Lab,,AERO,,
AERO 4210,Flight Instructor Fundamentals,,AERO,,
AERO 4250,Professional Pilot V,,AERO,,
AERO 4301,Advanced Aerospace Vehicle Structural Repair,,AERO,,
AERO 4310,Aerospace Vehicle Systems,,AERO,,
AERO 4311,Aerospace Accessory Systems Maintenance and Repair,,AERO,,
AERO 4312,Turbine Engine System,,AERO,,
AERO 4332,Reciprocating Engine Troubleshooting,,AERO,,
AERO 4340,Maintenance Management Capstone,,AERO,,
AERO 4342,Turbine Engine Inspection and Troubleshooting,,AERO,,
AERO 4371,Advanced Aerospace Vehicle Systems Overhaul,,AERO,,
AERO 4381,Advanced Aerospace Accessory Systems Maintenance and Repair,,AERO,,
AERO 4392,Aerospace Turbine Engine Maintenance and Overhaul,,AERO,,
AERO 4400,Space,,AERO,,
AERO 4410,Aerospace Technology Research Capstone,,AERO,,
AERO 4440,Aircraft Performance,,AERO,,
AERO 4490,Aerospace Science for Teachers,,AERO,,
AERO 4580,Flight Dispatch and ATP Written Preparation,,AERO,,
AERO 4590,Flight Dispatch,,AERO,,
AERO 4700,Advanced UAS Operations and Applications,,AERO,,
AERO 4701,Advanced UAS Operations and Applications Lab,,AERO,,
AERO 4710,Unmanned Aircraft Systems Operations Capstone,,AERO,,
AERO 4719,Unmanned Aircraft System Flight Lab-Multirotor,,AERO,,
AERO 4720,Unmanned Aircraft Systems Technology Research Capstone I,,AERO,,
AERO 4721,Unmanned Aircraft Systems Technology Research Capstone II,,AERO,,
AERO 4729,Unmanned Aircraft System Flight Lab-Vertical Takeoff and Landing,,AERO,,
AERO 4730,Honors Seminar in Aviation Psychology,,AERO,,
AERO 4739,Unmanned Aircraft System Flight Lab-Fixed-Wing,,AERO,,
AERO 4745,Aerial Cinematography II,,AERO,,
AERO 4775,Unmanned Aircraft Systems in Research and Applications,,AERO,,
AERO 4789,Agroecosystem Remote Sensing using UAS,,AERO,,
AERO 4799,Small Unmanned Aircraft System Instructor,,AERO,,
AST 2100,Introduction to Africana Studies,,AST,,
AST 4600,Topics in Africana Studies,,AST,,
AST 4990,Independent Study in Africana Studies,,AST,,
AGBS 1201,Agribusiness: Fundamentals and Applications,,AGBS,,
AGBS 1210,Principles of Agribusiness,,AGBS,,
AGBS 3130,Principles of Agricultural Economics,,AGBS,,
AGBS 3140,Real Property Law for Commerce and Agriculture,,AGBS,,
AGBS 3150,Avocational Agriculture,,AGBS,,
AGBS 3160,Value Added Agriculture,,AGBS,,
AGBS 3230,Fundamentals of Agricultural Producer Risk Management,,AGBS,,
AGBS 4115,Agritourism,,AGBS,,
AGBS 4130,Agricultural Commodity Markets,,AGBS,,
AGBS 4140,Agribusiness Management,,AGBS,,
AGBS 4145,Agricultural Finance,,AGBS,,
AGBS 4150,Agricultural Policy,,AGBS,,
AGBS 4160,Agricultural Cooperatives,,AGBS,,
AGBS 4180,Internship in Agribusiness,,AGBS,,
AGBS 4190,International Agriculture,,AGBS,,
AGED 2230,Introduction to School-Based Agricultural Education,,AGED,,
AGED 4000,Foundations of Agricultural Engineering and Applied Technologies Education,,AGED,,
AGED 4220,"Methods of Teaching Agriculture, Food, and Natural Resources",,AGED,,
AGED 4230,Program Planning in School-Based Agricultural Education,,AGED,,
AGED 4240,Workshops in Agricultural Education,,AGED,,
AGED 4990,Agricultural Education Internship,,AGED,,
AGRI 1000,Orientation in Agriculture,,AGRI,,
AGRI 1001,Orientation in Agriculture and Agriscience,,AGRI,,
AGRI 1301,Introduction to Agricultural Leadership,,AGRI,,
AGRI 2010,World Food and Society,,AGRI,,
AGRI 2210,Introduction to Agricultural Engineering,,AGRI,,
AGRI 3010,Debate and Discussion in Agricultural Contexts,,AGRI,,
AGRI 3400,Fundamentals of Sustainable Agriculture,,AGRI,,
AGRI 3810,Milk Processing and Marketing,,AGRI,,
AGRI 4100,Microcomputer Applications in Agriculture,,AGRI,,
AGRI 4200,Fruit and Vegetable Marketing,,AGRI,,
AGRI 4250,Leadership in Agricultural Industries,,AGRI,,
AGRI 4700,Agriculture in Our Lives,,AGRI,,
AGRI 4710,Agricultural Statistics and Data Analysis,,AGRI,,
AGRI 4740,Research Methods,,AGRI,,
AGRI 4810,The Food Industry,,AGRI,,
AGRI 4820,Principles of Food Processing,,AGRI,,
AGRI 4830,Food Quality Control,,AGRI,,
AGRI 4850,Food Safety Issues from Production to Consumption,,AGRI,,
AGRI 4910,Problems in Agriculture,,AGRI,,
ANSC 1401,Introduction to Animal and Veterinary Sciences,,ANSC,,
ANSC 1410,Introduction to Animal Science,,ANSC,,
ANSC 1411,Introduction to Animal Science Lab,,ANSC,,
ANSC 2000,Basic Animal Management and Handling,,ANSC,,
ANSC 3000,Careers in Animal and Veterinary Science,,ANSC,,
ANSC 3200,Livestock Grazing Management,,ANSC,,
ANSC 3310,Animal Ethics and Welfare,,ANSC,,
ANSC 3420,Animal Breeding and Genetics,,ANSC,,
ANSC 3440,Livestock Management,,ANSC,,
ANSC 3450,Anatomy and Physiology of Domestic Animals,,ANSC,,
ANSC 3470,Beef Cattle Production,,ANSC,,
ANSC 3480,Swine Production,,ANSC,,
ANSC 3500,Small Ruminant Production,,ANSC,,
ANSC 3540,Dairy Production,,ANSC,,
ANSC 3550,Animal Feeds and Feeding,,ANSC,,
ANSC 3710,Rabbit Production,,ANSC,,
ANSC 3810,Milk Processing and Marketing,,ANSC,,
ANSC 4260,Behavior of Domestic Animals,,ANSC,,
ANSC 4410,Animal Nutrition,,ANSC,,
ANSC 4430,Internship in Animal Science,,ANSC,,
ANSC 4470,Advanced Beef Production,,ANSC,,
ANSC 4490,Livestock Evaluation,,ANSC,,
ANSC 4500,Reproductive Management Techniques for Livestock,,ANSC,,
ANSC 4510,Domestic Animal Reproductive Physiology,,ANSC,,
ANSC 4520,Companion Animal Management,,ANSC,,
ANSC 4800,Animal Science Senior Seminar,,ANSC,,
ANSC 4860,Meat Science and Technology,,ANSC,,
ANSC 4900,Undergraduate Research in Animal Science,,ANSC,,
ANIM 1090,Image and Video Foundations,,ANIM,,
ANIM 1350,Bodies in Motion,,ANIM,,
ANIM 2300,Introduction to 3D Animation,,ANIM,,
ANIM 2350,2D Animation I,,ANIM,,
ANIM 3000,History of Animation,,ANIM,,
ANIM 3200,Animation Candidacy,,ANIM,,
ANIM 3310,"Texturing, Lighting, and Rendering",,ANIM,,
ANIM 3330,Character Modeling and Rigging,,ANIM,,
ANIM 3340,Animation Mechanics,,ANIM,,
ANIM 3350,2D Animation II,,ANIM,,
ANIM 4310,Animation and Performance,,ANIM,,
ANIM 4320,Unreal Engine for Virtual Production,,ANIM,,
ANIM 4350,Animation Capstone Preproduction,,ANIM,,
ANIM 4400,Animation Capstone Production,,ANIM,,
ANIM 4405,Professional Practices in Animation,,ANIM,,
ANIM 4410,Animation Capstone Postproduction,,ANIM,,
ANIM 4910,Advanced Seminar - Animation,,ANIM,,
ANTH 2010,Cultural Anthropology,,ANTH,,
ANTH 2105,Introduction to Latin American Studies,,ANTH,,
ANTH 2210,Introduction to World Prehistory,,ANTH,,
ANTH 2230,Tennessee Archaeology,,ANTH,,
ANTH 2240,"Sunken Continents, Lost Tribes, and Ancient Astronauts",,ANTH,,
ANTH 2740,"Magic, Witchcraft, and Religion",,ANTH,,
ANTH 2800,Professions in Anthropology,,ANTH,,
ANTH 3000,Anthropological Theory,,ANTH,,
ANTH 3010,Ethnology,,ANTH,,
ANTH 3110,Cross-Cultural Media Studies,,ANTH,,
ANTH 3120,Popular Culture in Global Perspective,,ANTH,,
ANTH 3130,Anthropology of Music,,ANTH,,
ANTH 3210,Archaeology,,ANTH,,
ANTH 3230,Archaeology of Salt,,ANTH,,
ANTH 3240,Ancient Civilizations,,ANTH,,
ANTH 3310,Biological Anthropology,,ANTH,,
ANTH 3350,Archaeology of Death,,ANTH,,
ANTH 3410,Linguistic Anthropology,,ANTH,,
ANTH 3509,Peoples and Cultures of China and Japan,,ANTH,,
ANTH 3510,Peoples and Cultures of Southeast Asia,,ANTH,,
ANTH 3514,Peoples and Cultures of Africa,,ANTH,,
ANTH 3515,Peoples and Cultures of Native North America,,ANTH,,
ANTH 3516,Peoples and Cultures of Europe,,ANTH,,
ANTH 3517,Peoples and Cultures of Brazil,,ANTH,,
ANTH 3518,Peoples and Cultures of Latin America,,ANTH,,
ANTH 3520,North American Prehistoric Archaeology,,ANTH,,
ANTH 3521,The Archaeology of Mexico and Central America,,ANTH,,
ANTH 3530,Anthropology Research Methods,,ANTH,,
ANTH 3610,Archaeological Methods,,ANTH,,
ANTH 3630,True Crimes and War Dead: Case Studies in Forensic Anthropology,,ANTH,,
ANTH 3640,Visual Anthropology,,ANTH,,
ANTH 3650,Forensic Anthropology,,ANTH,,
ANTH 3660,Forensic Sciences,,ANTH,,
ANTH 3670,Forensic Science in Popular Culture,,ANTH,,
ANTH 3680,Forensic Science and Human Rights,,ANTH,,
ANTH 3710,Topics in Anthropology,,ANTH,,
ANTH 3720,Environmental Anthropology,,ANTH,,
ANTH 3730,Medical Anthropology,,ANTH,,
ANTH 3750,"Race, Class, and Gender",,ANTH,,
ANTH 3752,Cultural Images of Gender,,ANTH,,
ANTH 4120,Practicing Anthropology,,ANTH,,
ANTH 4130,Anthropology of Globalization,,ANTH,,
ANTH 4140,Immigrants and Globalization in the American South,,ANTH,,
ANTH 4300,Human Osteology,,ANTH,,
ANTH 4310,Bioarchaeology,,ANTH,,
ANTH 4400,Sex Trafficking,,ANTH,,
ANTH 4520,Archaeology of the Southeastern United States,,ANTH,,
ANTH 4620,Environmental Archaeology,,ANTH,,
ANTH 4730,Economic Anthropology,,ANTH,,
ANTH 4750,Anthropology of Religion,,ANTH,,
ANTH 4860,Historical Archaeology,,ANTH,,
ANTH 4910,Anthropology Undergraduate Research,,ANTH,,
ANTH 4920,Anthropology Senior Thesis,,ANTH,,
ANTH 4930,Forensic Aviation Archaeology,,ANTH,,
ANTH 4940,Ethnographic Field School,,ANTH,,
ANTH 4950,Archaeological Field School,,ANTH,,
ANTH 4960,Anthropology Internship,,ANTH,,
ARAB 1010,Elementary Arabic I,,ARAB,,
ARAB 1020,Elementary Arabic II,,ARAB,,
ARAB 1040,Intensive Elementary Arabic,,ARAB,,
ARAB 2010,Intermediate Arabic I,,ARAB,,
ARAB 2020,Intermediate Arabic II,,ARAB,,
ARAB 3010,Advanced Arabic I,,ARAB,,
ARAB 3020,Advanced Arabic II,,ARAB,,
ART 1030,Introduction to the Visual Arts,,ART,,
ART 1040,Topics in Art and Design,,ART,,
ART 1610,Two-Dimensional Design,,ART,,
ART 1620,Drawing I,,ART,,
ART 1630,Three-Dimensional Design,,ART,,
ART 1640,Drawing II,,ART,,
ART 1650,Foundations of Digital Art and Design,,ART,,
ART 2105,Introduction to Latin American Studies,,ART,,
ART 2130,Printmaking I,,ART,,
ART 2200,Introduction to Art Education,,ART,,
ART 2310,Graphic Design Technologies,,ART,,
ART 2325,Typographic Design,,ART,,
ART 2500,Art Study Abroad,,ART,,
ART 2510,Sculpture I,,ART,,
ART 2710,Painting I,,ART,,
ART 2810,Ceramics I,,ART,,
ART 3000,Professional Practices for Artists,,ART,,
ART 3001,Introduction to Art Therapy,,ART,,
ART 3002,Art Facilitation Methods and Applications,,ART,,
ART 3010,Sculptural Practices: Wood Fabrication and Mixed Media,,ART,,
ART 3011,Sculptural Practices: Metal Fabrication and Foundry Techniques,,ART,,
ART 3012,Sculptural Practices: Digital Fabrication and 3D Printing,,ART,,
ART 3015,Print Media: Silkscreen and Digital Processes,,ART,,
ART 3021,Print Media: Lithography and Monotype,,ART,,
ART 3040,Handbuilding Ceramics,,ART,,
ART 3041,Sculptural Ceramics,,ART,,
ART 3070,Still Life Painting,,ART,,
ART 3071,Figure Painting,,ART,,
ART 3072,Mixed Media Painting,,ART,,
ART 3073,Watercolor Painting,,ART,,
ART 3100,In-House Design,,ART,,
ART 3110,Senior Studio,,ART,,
ART 3140,Print Media: Etching and Relief,,ART,,
ART 3200,Art Education for Teachers,,ART,,
ART 3210,Elementary Art Education Methods,,ART,,
ART 3220,Secondary Art Education Methods,,ART,,
ART 3230,Art Education Practicum,,ART,,
ART 3330,Portfolio I,,ART,,
ART 3500,Study Abroad - Studio,,ART,,
ART 3520,Sculpture II,,ART,,
ART 3530,Sculpture III,,ART,,
ART 3550,Print Media: Book Arts,,ART,,
ART 3560,Drawing III,,ART,,
ART 3610,Introduction to Computer-Assisted Art,,ART,,
ART 3620,Intermediate Computer-Assisted Art,,ART,,
ART 3650,Figure Drawing,,ART,,
ART 3660,Color Drawing,,ART,,
ART 3720,Painting II,,ART,,
ART 3730,Painting III,,ART,,
ART 3770,Print Media: Letterpress,,ART,,
ART 3820,Wheel Throwing,,ART,,
ART 3830,Ceramics III,,ART,,
ART 4000,Workshop,,ART,,
ART 4001,Studio Workshop,,ART,,
ART 4002,Field Placement,,ART,,
ART 4003,Art Therapy Senior Capstone,,ART,,
ART 4060,Art Capstone,,ART,,
ART 4061,Studio Bachelor of Fine Arts Exhibition,,ART,,
ART 4070,Advanced Painting Practices,,ART,,
ART 4110,Topics in Book Arts,,ART,,
ART 4120,Intermediate Printmaking,,ART,,
ART 4130,Advanced Printmaking,,ART,,
ART 4140,Printmaking Thesis,,ART,,
ART 4330,Internship,,ART,,
ART 4500,Practice-Based Art Education Senior Seminar,,ART,,
ART 4510,Sculpture IV,,ART,,
ART 4520,Sculpture V,,ART,,
ART 4530,Advanced 3D Practices,,ART,,
ART 4640,Advanced Art Problems,,ART,,
ART 4710,Painting IV,,ART,,
ART 4720,Painting V,,ART,,
ART 4730,Painting VI,,ART,,
ART 4770,Topics in Letterpress,,ART,,
ART 4810,Ceramics IV,,ART,,
ART 4820,Ceramics V,,ART,,
ART 4830,Ceramics VI,,ART,,
ART 1910,Survey of Non-Western Art,,ART,,
ART 1920,Survey of Western Art I,,ART,,
ART 1930,Survey of Western Art II,,ART,,
ART 3570,Connoisseurship: Art Forgery and Fakery,,ART,,
ART 3575,Museum Studies Gallery Practicum,,ART,,
ART 3760,Romanesque and Gothic Art,,ART,,
ART 3840,Islamic Art,,ART,,
ART 3850,Early Medieval Art,,ART,,
ART 3860,Northern Renaissance,,ART,,
ART 3870,Native American Art,,ART,,
ART 3871,Mesoamerican Art,,ART,,
ART 3872,Andean Art,,ART,,
ART 3880,Latin American Art,,ART,,
ART 3910,Italian Renaissance Art History,,ART,,
ART 3940,Art History Methods,,ART,,
ART 3960,The Art History of the Book,,ART,,
ART 3990,American Art,,ART,,
ART 4870,African Art,,ART,,
ART 4880,African American Art,,ART,,
ART 4890,Design History,,ART,,
ART 4900,Nineteenth-Century Art,,ART,,
ART 4905,Survey of Women Artists: Renaissance to Modern,,ART,,
ART 4920,Contemporary Art,,ART,,
ART 4940,Special Studies in Art History,,ART,,
ART 4960,Independent Studies in Art History,,ART,,
ART 4965,Museum Studies Internship,,ART,,
ASTR 1030,Exploring the Universe,,ASTR,,
ASTR 1031,Observing the Universe,,ASTR,,
ASTR 2030,Solar System Astronomy,,ASTR,,
ASTR 2040,"Stars, Galaxies, and Cosmology",,ASTR,,
ASTR 3050,Directed Study in Astronomy,,ASTR,,
ASTR 3400,Fundamentals of Astrophysics,,ASTR,,
ASTR 3401,Experimental Astronomy,,ASTR,,
ASTR 4800,Special Topics in Astronomy,,ASTR,,
ASTR 4850,Astronomy Research,,ASTR,,
ASTR 4900,Astronomy Senior Thesis,,ASTR,,
ATHC 2710,Coaching and Officiating Fall Intramurals,,ATHC,,
ATHC 2720,Coaching and Officiating Spring Intramurals,,ATHC,,
ATHC 3600,Coaching and Officiating Football,,ATHC,,
ATHC 3610,Coaching and Officiating Basketball,,ATHC,,
ATHC 3620,Coaching and Officiating Golf,,ATHC,,
ATHC 3630,Coaching and Officiating Wrestling,,ATHC,,
ATHC 3640,Coaching and Umpiring Softball,,ATHC,,
ATHC 3650,Coaching and Officiating Tennis,,ATHC,,
ATHC 3660,Coaching and Officiating Volleyball,,ATHC,,
ATHC 3670,Coaching and Umpiring Baseball,,ATHC,,
ATHC 3810,Directing Intramurals,,ATHC,,
ATHC 3910,Athletic Coaching and Officiating,,ATHC,,
ATHC 4000,"Strength, Conditioning, and Human Performance",,ATHC,,
ATHC 4060,Sport Psychology,,ATHC,,
ATHC 4180,Coaching Speed and Strength Conditioning for Sports,,ATHC,,
ATHC 4220,Coaching and Officiating Soccer,,ATHC,,
ATHC 4600,Intermediate Coaching and Officiating Football,,ATHC,,
ATHC 4620,Intermediate Coaching and Officiating Basketball,,ATHC,,
ATHC 4640,Intermediate Coaching and Umpiring Baseball,,ATHC,,
ATHC 4650,"Coaching and Officiating Cross Country, Track and Field",,ATHC,,
ATHC 4690,Psychology of Coaching and Officiating,,ATHC,,
ATHC 4800,Administration of High School and College Athletics,,ATHC,,
ATHT 3570,Psychomotor Skills in Athletic Training,,ATHT,,
ATHT 3580,Prevention and Care of Athletic Injuries,,ATHT,,
ATHT 4430,Practicum in Athletic Training,,ATHT,,
BIOL 1000,Introduction to the Biology Major,,BIOL,,
BIOL 1030,Exploring Life,,BIOL,,
BIOL 1031,Exploring Life Lab,,BIOL,,
BIOL 1110,General Biology I,,BIOL,,
BIOL 1111,General Biology I Lab,,BIOL,,
BIOL 1120,General Biology II,,BIOL,,
BIOL 1121,General Biology II Lab,,BIOL,,
BIOL 2000,Orientation to the Medical Lab,,BIOL,,
BIOL 2001,Orientation to the Medical Lab Field Experience Lab,,BIOL,,
BIOL 2010,Human Anatomy and Physiology I,,BIOL,,
BIOL 2011,Human Anatomy and Physiology I Lab,,BIOL,,
BIOL 2020,Human Anatomy and Physiology II,,BIOL,,
BIOL 2021,Human Anatomy and Physiology II Lab,,BIOL,,
BIOL 2030,Anatomy and Physiology,,BIOL,,
BIOL 2031,Anatomy and Physiology Lab,,BIOL,,
BIOL 2100,Microbiology in Disease,,BIOL,,
BIOL 2101,Microbiology in Disease Lab,,BIOL,,
BIOL 2230,Microbiology,,BIOL,,
BIOL 2231,Microbiology Lab,,BIOL,,
BIOL 2301,Lower Division Biology Lab,,BIOL,,
BIOL 3000,Life Science for Elementary Teachers,,BIOL,,
BIOL 3010,Embryology,,BIOL,,
BIOL 3011,Embryology Lab,,BIOL,,
BIOL 3020,Comparative Anatomy of the Vertebrates,,BIOL,,
BIOL 3021,Comparative Anatomy of the Vertebrates Lab,,BIOL,,
BIOL 3040,Entomology,,BIOL,,
BIOL 3050,Parasitology,,BIOL,,
BIOL 3051,Parasitology Lab,,BIOL,,
BIOL 3060,Diversity of Eukaryotic Life,,BIOL,,
BIOL 3061,Diversity of Eukaryotic Life Lab,,BIOL,,
BIOL 3150,Radiation Biology,,BIOL,,
BIOL 3200,Internship in Biology,,BIOL,,
BIOL 3210,Environmental Microbiology,,BIOL,,
BIOL 3211,Environmental Microbiology Lab,,BIOL,,
BIOL 3250,Genetics,,BIOL,,
BIOL 3251,Genetics Lab,,BIOL,,
BIOL 3340,Human Pathophysiology,,BIOL,,
BIOL 3350,Principles of Radiation in Medicine,,BIOL,,
BIOL 3400,General Ecology,,BIOL,,
BIOL 3401,General Ecology Lab,,BIOL,,
BIOL 3500,Evolution,,BIOL,,
BIOL 3890,Biology Instruction Internship,,BIOL,,
BIOL 4065,Science Communication,,BIOL,,
BIOL 4070,Economic Botany,,BIOL,,
BIOL 4080,Mycology,,BIOL,,
BIOL 4081,Mycology Lab,,BIOL,,
BIOL 4090,Forest Ecology,,BIOL,,
BIOL 4110,General Physiology,,BIOL,,
BIOL 4111,General Physiology Lab,,BIOL,,
BIOL 4130,Histology,,BIOL,,
BIOL 4131,Histology Lab,,BIOL,,
BIOL 4140,Invertebrate Zoology,,BIOL,,
BIOL 4141,Invertebrate Zoology Lab,,BIOL,,
BIOL 4170,Endocrinology,,BIOL,,
BIOL 4180,Vertebrate Zoology,,BIOL,,
BIOL 4181,Vertebrate Zoology Lab,,BIOL,,
BIOL 4200,Senior Seminar,,BIOL,,
BIOL 4210,Cell and Molecular Biology,,BIOL,,
BIOL 4211,Cell and Molecular Biology Lab,,BIOL,,
BIOL 4220,Ichthyology,,BIOL,,
BIOL 4221,Ichthyology Lab,,BIOL,,
BIOL 4270,Transmitting Electron Microscopy,,BIOL,,
BIOL 4280,Undergraduate Research in Biology,,BIOL,,
BIOL 4290,Scanning Electron Microscopy,,BIOL,,
BIOL 4300,Immunology,,BIOL,,
BIOL 4301,Immunology Lab,,BIOL,,
BIOL 4310,Cardio-Renal Physiology,,BIOL,,
BIOL 4330,Biome Analysis,,BIOL,,
BIOL 4340,Human Skeletal Biology,,BIOL,,
BIOL 4350,Biological Statistics,,BIOL,,
BIOL 4351,Biological Statistics Lab,,BIOL,,
BIOL 4360,Energy Dispersive X-Ray Analysis,,BIOL,,
BIOL 4375,Forensic Taphonomy,,BIOL,,
BIOL 4390,Ethology (Animal Behavior),,BIOL,,
BIOL 4391,Ethology (Animal Behavior) Lab,,BIOL,,
BIOL 4420,Plant Ecology and Evolution,,BIOL,,
BIOL 4430,Diagnostic Microbiology,,BIOL,,
BIOL 4440,General Virology,,BIOL,,
BIOL 4450,Molecular Genetics,,BIOL,,
BIOL 4451,Molecular Genetics Lab,,BIOL,,
BIOL 4460,Human Genetics,,BIOL,,
BIOL 4461,Human Genetics Lab,,BIOL,,
BIOL 4500,Plant Physiology,,BIOL,,
BIOL 4510,Food and Industrial Microbiology,,BIOL,,
BIOL 4511,Food and Industrial Microbiology Lab,,BIOL,,
BIOL 4550,Biotechnology,,BIOL,,
BIOL 4560,Neurobiology,,BIOL,,
BIOL 4561,Neurobiology Lab,,BIOL,,
BIOL 4570,Principles of Toxicology,,BIOL,,
BIOL 4571,Principles of Toxicology Lab,,BIOL,,
BIOL 4580,Marine Biology,,BIOL,,
BIOL 4581,Marine Biology Lab,,BIOL,,
BIOL 4590,Principles of Environmental Toxicology,,BIOL,,
BIOL 4720,Animal Development,,BIOL,,
BIOL 4721,Animal Development Lab,,BIOL,,
BIOL 4730,Microbial Physiology and Biochemistry,,BIOL,,
BIOL 4740,Research Methods,,BIOL,,
BIOL 4750,Plant Biotechnology,,BIOL,,
BIOL 4770,Biostatistical Programming,,BIOL,,
BIOL 4780,Responsible Conduct of Research,,BIOL,,
BUS 1000,Introduction to Jones College,,BUS,,
BUS 3000,The Dale Carnegie Course,,BUS,,
BUS 4000,Senior Seminar in Commerce,,BUS,,
BUAD 4000,Building Your Professional Identity,,BUAD,,
BUAD 4950,Business Administration Applied Experience,,BUAD,,
BUAD 4980,Strategic Management,,BUAD,,
BCED 1400,Introduction to Business,,BCED,,
BCED 3510,Business Communication,,BCED,,
BCED 4660,Corporate Communication,,BCED,,
BCED 4850,Digital Communication for Business,,BCED,,
BIA 2610,Statistical Methods,,BIA,,
BIA 3010,Discrete Analytics for Cybersecurity,,BIA,,
BIA 3470,Python for Business Applications,,BIA,,
BIA 3620,Introduction to Business Analytics,,BIA,,
BIA 4010,Business Analytics and Visualization,,BIA,,
BIA 4100,Location Analytics,,BIA,,
BIA 4920,Predictive Analytics for Business,,BIA,,
BLAW 3400,Legal Environment of Business,,BLAW,,
BLAW 3430,Commercial Law,,BLAW,,
BLAW 3460,Insurance Law,,BLAW,,
BLAW 4470,Real Property Law for Commerce and Agriculture,,BLAW,,
BLAW 4490,Industrial Relations Legislation,,BLAW,,
BLAW 4500,Employment Law for Business,,BLAW,,
BLAW 4990,Independent Study,,BLAW,,
CHEM 1000,Freshman Seminar in Chemical Sciences,,CHEM,,
CHEM 1010,Introductory General Chemistry I,,CHEM,,
CHEM 1011,Intro to General Chemistry I Lab,,CHEM,,
CHEM 1020,Introductory General Chemistry II,,CHEM,,
CHEM 1021,Intro to General Chemistry II Lab,,CHEM,,
CHEM 1030,Topics in Consumer Chemistry,,CHEM,,
CHEM 1031,Topics in Consumer Chemistry Laboratory,,CHEM,,
CHEM 1110,General Chemistry I,,CHEM,,
CHEM 1111,General Chemistry I Lab,,CHEM,,
CHEM 1120,General Chemistry II,,CHEM,,
CHEM 1121,General Chemistry II Lab,,CHEM,,
CHEM 2030,Elements of Organic Chemistry,,CHEM,,
CHEM 2031,Elements of Organic Chemistry Lab,,CHEM,,
CHEM 2230,Quantitative Analysis,,CHEM,,
CHEM 2231,Quantitative Analysis Lab,,CHEM,,
CHEM 2880,Undergraduate Research I,,CHEM,,
CHEM 3000,Careers in Chemistry and Biochemistry,,CHEM,,
CHEM 3010,Organic Chemistry I,,CHEM,,
CHEM 3011,Organic Chemistry I Lab,,CHEM,,
CHEM 3020,Organic Chemistry II,,CHEM,,
CHEM 3021,Organic Chemistry II Lab,,CHEM,,
CHEM 3080,Liquid Chromatography Techniques,,CHEM,,
CHEM 3090,Techniques of Gas Chromatography,,CHEM,,
CHEM 3530,Principles of Biochemistry,,CHEM,,
CHEM 3531,Principles of Biochemistry Lab,,CHEM,,
CHEM 3570,Nutritional Biochemistry,,CHEM,,
CHEM 3850,Environmental Field and Laboratory Methods,,CHEM,,
CHEM 3880,Undergraduate Research II,,CHEM,,
CHEM 3890,Chemistry Instruction Internship,,CHEM,,
CHEM 3980,Cooperative Education,,CHEM,,
CHEM 4000,Medicinal Chemistry,,CHEM,,
CHEM 4100,Organic Spectroscopy,,CHEM,,
CHEM 4105,Advanced Organic Chemistry,,CHEM,,
CHEM 4110,Topics in Organic Chemistry,,CHEM,,
CHEM 4125,Forensic Chemistry,,CHEM,,
CHEM 4126,Forensic Chemistry Laboratory,,CHEM,,
CHEM 4150,Bioorganic Chemistry,,CHEM,,
CHEM 4190,Mass Spectrometry,,CHEM,,
CHEM 4230,Instrumental Analysis,,CHEM,,
CHEM 4231,Instrumental Analysis Lab,,CHEM,,
CHEM 4310,Modeling Organic and Biological Molecules,,CHEM,,
CHEM 4330,Physical Chemistry Fundamentals I,,CHEM,,
CHEM 4331,Physical Chemistry Fundamentals I Lab,,CHEM,,
CHEM 4340,Physical Chemistry Fundamentals II,,CHEM,,
CHEM 4341,Physical Chemistry Fundamentals II Lab,,CHEM,,
CHEM 4350,Physical Chemistry I,,CHEM,,
CHEM 4351,Physical Chemistry I Lab,,CHEM,,
CHEM 4360,In-depth Physical Chemistry,,CHEM,,
CHEM 4361,Physical Chemistry II Lab,,CHEM,,
CHEM 4380,Nuclear Magnetic Resonance Experimental Methods,,CHEM,,
CHEM 4400,Inorganic Chemistry I,,CHEM,,
CHEM 4410,Inorganic Chemistry II,,CHEM,,
CHEM 4430,Advanced Synthetic Laboratory Techniques,,CHEM,,
CHEM 4431,Advanced Synthetic Laboratory Techniques Lab,,CHEM,,
CHEM 4500,Biochemistry I,,CHEM,,
CHEM 4510,Biochemistry II,,CHEM,,
CHEM 4520,Topics in Biochemistry,,CHEM,,
CHEM 4530,Biochemical Techniques,,CHEM,,
CHEM 4540,Foundations of Enzymology,,CHEM,,
CHEM 4550,Bioanalytical Chemistry,,CHEM,,
CHEM 4551,Bioanalytical Chemistry Lab,,CHEM,,
CHEM 4560,Nucleic Acids Chemistry,,CHEM,,
CHEM 4565,Food Biochemistry,,CHEM,,
CHEM 4570,Biochemical Literature,,CHEM,,
CHEM 4580,Medical Technology Clinical Practicum,,CHEM,,
CHEM 4600,Introduction to Environmental Chemistry,,CHEM,,
CHEM 4610,Environmental Chemistry,,CHEM,,
CHEM 4700,"Polymers, an Introduction",,CHEM,,
CHEM 4730,Advanced Physical Chemistry,,CHEM,,
CHEM 4731,Advanced Physical Chemistry Lab,,CHEM,,
CHEM 4740,Research Methods,,CHEM,,
CHEM 4780,Polymer and Materials Chemistry Laboratory,,CHEM,,
CHEM 4880,Research,,CHEM,,
CHEM 4990,Chemometrics and Statistics for Analytical Chemistry,,CHEM,,
CHIN 1010,Elementary Chinese I,,CHIN,,
CHIN 1020,Elementary Chinese II,,CHIN,,
CHIN 2010,Intermediate Chinese I,,CHIN,,
CHIN 2020,Intermediate Chinese II,,CHIN,,
CHIN 3010,Advanced Chinese I,,CHIN,,
CHIN 3020,Advanced Chinese II,,CHIN,,
CHIN 3050,Introduction to Chinese Culture,,CHIN,,
CBAS 1110,Science Seminar,,CBAS,,
CLA 2000,Explorations in the Human Experience,,CLA,,
CLA 3700,Interdisciplinary Internship,,CLA,,
COMM 2100,Introduction to Human Communication,,COMM,,
COMM 2140,Introduction to Organizational Communication,,COMM,,
COMM 2200,Audience-Centered Communication,,COMM,,
COMM 2300,Interpersonal Communication,,COMM,,
COMM 2400,Introduction to Health Communication,,COMM,,
COMM 2560,Intercultural Communication,,COMM,,
COMM 2800,Topics in Communication,,COMM,,
COMM 2830,Introduction to Online Communication,,COMM,,
COMM 3050,Listening,,COMM,,
COMM 3110,Relationships in Health Communication,,COMM,,
COMM 3210,Argumentation and Debate,,COMM,,
COMM 3220,Small Group Communication,,COMM,,
COMM 3225,Gender Communication,,COMM,,
COMM 3245,"Women, Leadership, and Communication",,COMM,,
COMM 3250,Communication in Nonprofit Organizations,,COMM,,
COMM 3260,Communication in Healthcare Organizations,,COMM,,
COMM 3300,Communication Theory,,COMM,,
COMM 3340,Interviewing,,COMM,,
COMM 3350,Diversity in Communication,,COMM,,
COMM 3400,Romantic Relationship Communication,,COMM,,
COMM 3410,Patient Provider Communication,,COMM,,
COMM 3470,Health Risk Communication,,COMM,,
COMM 3500,Communication for Organizational Effectiveness,,COMM,,
COMM 3580,Political Communication,,COMM,,
COMM 3590,Organizational Crisis Communication,,COMM,,
COMM 3650,Conflict in Communication,,COMM,,
COMM 3680,Dark Side of Interpersonal Communication,,COMM,,
COMM 3730,Qualitative Communication Research and Inquiry,,COMM,,
COMM 3740,Critical Methods in Communication,,COMM,,
COMM 3750,Quantitative Research Methods in Communication,,COMM,,
COMM 3760,Health Communication Theory,,COMM,,
COMM 3810,Topics in Culture and Social Influence,,COMM,,
COMM 3820,Topics in Organizational Communication,,COMM,,
COMM 3830,Topics in Health Communication,,COMM,,
COMM 3920,Lying and Deception,,COMM,,
COMM 4100,"Rhetoric, Identity, and Difference",,COMM,,
COMM 4200,Communication in the Global Workplace,,COMM,,
COMM 4260,Independent Study,,COMM,,
COMM 4320,Persuasion,,COMM,,
COMM 4340,The Dark Side of Health Communication,,COMM,,
COMM 4350,Nonverbal Communication,,COMM,,
COMM 4360,Health Communication Technology and Social Media,,COMM,,
COMM 4400,Sexual Communication,,COMM,,
COMM 4420,"Stigma, Disability, and Communication",,COMM,,
COMM 4460,Applied Leadership Communication,,COMM,,
COMM 4500,Organizational Communication Consulting and Auditing,,COMM,,
COMM 4650,History and Theory of Rhetoric,,COMM,,
COMM 4700,Senior Seminar in Communication,,COMM,,
COMM 4750,Narrative Health and Medicine,,COMM,,
COMM 4800,Topics in Communication,,COMM,,
COMM 4900,Internship in Communication Studies,,COMM,,
COMM 4990,Instructional Communication for Human Resource Trainers,,COMM,,
CDIS 2150,Voice and Diction,,CDIS,,
CDIS 3010,Communication Disorders in Pop Culture,,CDIS,,
CDIS 3050,Introduction to Speech Language Pathology and Audiology,,CDIS,,
CDIS 3130,Hearing and Speech Science,,CDIS,,
CDIS 3150,Phonetics,,CDIS,,
CDIS 3200,Speech Sound Disorders,,CDIS,,
CDIS 3250,Speech and Language Development for the Educator,,CDIS,,
CDIS 3260,Language Acquisition and Analysis,,CDIS,,
CDIS 3270,Language and Literacy Development in School-Age Children,,CDIS,,
CDIS 3300,Clinical Methods in Speech Language Pathology,,CDIS,,
CDIS 3350,Introduction to Audiology,,CDIS,,
CDIS 3400,Anatomy and Physiology for Speech Pathology,,CDIS,,
CDIS 3450,Fluency Disorders,,CDIS,,
CDIS 3500,Multicultural Issues in Communication Disorders,,CDIS,,
CDIS 4400,Neurology in Speech Language Pathology,,CDIS,,
CDIS 4500,Aural Rehabilitation,,CDIS,,
CDIS 4550,MTSU Clinic Practicum in Speech Language Pathology A,,CDIS,,
CDIS 4560,MTSU Clinic Practicum in Speech Language Pathology B,,CDIS,,
CDIS 4570,MTSU Clinic Practicum in Speech Language Pathology C,,CDIS,,
CDIS 4580,MTSU Clinic Practicum in Speech Language Pathology D,,CDIS,,
CDIS 4600,Off-Campus Practicum in Speech Language Pathology,,CDIS,,
CDIS 4620,Independent Study,,CDIS,,
CDIS 4630,Independent Study,,CDIS,,
CDIS 4660,School Practicum in Speech Language Pathology,,CDIS,,
CDIS 4700,Practicum in Audiology,,CDIS,,
CDIS 4750,Advanced Audiology,,CDIS,,
CDIS 4800,Speech and Language Disorders in the Adult Population,,CDIS,,
CDIS 4850,Speech and Language Disorders in Childhood,,CDIS,,
CDIS 4860,Seminar in School Speech Language Pathology,,CDIS,,
CDIS 4900,Diagnostic Procedures in Speech Language Pathology,,CDIS,,
CDIS 4950,Research Methods in Speech Language Pathology and Audiology,,CDIS,,
CDIS 4960,Autism Spectrum Disorder and Speech-Language Pathology,,CDIS,,
CDIS 4970,Introduction to Augmentative and Alternative Communication (AAC),,CDIS,,
CSCI 1010,Computer Science Colloquium,,CSCI,,
CSCI 1150,Computer Orientation,,CSCI,,
CSCI 1170,Computer Science I,,CSCI,,
CSCI 2170,Computer Science II,,CSCI,,
CSCI 3033,Computer Languages: Java,,CSCI,,
CSCI 3037,Computer Languages: Visual Programming,,CSCI,,
CSCI 3038,Computer Languages: Python,,CSCI,,
CSCI 3080,Discrete Structures,,CSCI,,
CSCI 3110,Algorithms and Data Structures,,CSCI,,
CSCI 3130,Assembly and Computer Organization,,CSCI,,
CSCI 3160,Introduction to Assembly Language,,CSCI,,
CSCI 3180,Introduction to Numerical Analysis,,CSCI,,
CSCI 3200,Introduction to Analysis of Algorithms,,CSCI,,
CSCI 3210,Theory of Programming Languages,,CSCI,,
CSCI 3240,Introduction to Computer Systems,,CSCI,,
CSCI 3250,Operating Systems,,CSCI,,
CSCI 3350,Machine Learning,,CSCI,,
CSCI 4160,Compiler Design and Software Development,,CSCI,,
CSCI 4250,Computer Graphics,,CSCI,,
CSCI 4280,Undergraduate Research,,CSCI,,
CSCI 4300,Data Communication and Networks,,CSCI,,
CSCI 4330,Parallel Processing Concepts,,CSCI,,
CSCI 4350,Introduction to Artificial Intelligence,,CSCI,,
CSCI 4360,Intelligent Robot System,,CSCI,,
CSCI 4400,Network Security,,CSCI,,
CSCI 4410,Web Technologies,,CSCI,,
CSCI 4450,Blockchain and Smart Contracts,,CSCI,,
CSCI 4460,Cryptography and Applications,,CSCI,,
CSCI 4560,Database Management Systems,,CSCI,,
CSCI 4600,Independent Study in Computer Science,,CSCI,,
CSCI 4700,Software Engineering,,CSCI,,
CSCI 4710,Secure Software Systems,,CSCI,,
CSCI 4800,Software Testing,,CSCI,,
CSCI 4820,Natural Language Processing,,CSCI,,
CSCI 4850,Neural Networks,,CSCI,,
CSCI 4860,Computer Vision,,CSCI,,
CSCI 4900,Selected Topics in Computer Science,,CSCI,,
CSCI 4910,Computer Science Internship,,CSCI,,
CCM 1010,Introduction to the Concrete and Construction Industry,,CCM,,
CCM 1500,Land Surveying,,CCM,,
CCM 1501,Land Surveying Lab,,CCM,,
CCM 2050,Plan Reading,,CCM,,
CCM 2060,Construction Plan Reading,,CCM,,
CCM 2200,Project Estimating,,CCM,,
CCM 2550,Engineering Mechanics for Construction,,CCM,,
CCM 3300,School of Concrete and Construction Management Internship,,CCM,,
CCM 3500,Land Surveying,,CCM,,
CCM 4010,Concrete and Construction Law,,CCM,,
CMT 2100,Construction Means and Methods,,CMT,,
CMT 3800,Soil Mechanics for Construction,,CMT,,
CIM 1050,Blueprint Reading,,CIM,,
CIM 1500,Basic Road Construction Safety,,CIM,,
CIM 2500,Road Construction Problem Solving and Decision Making,,CIM,,
CIM 2510,Fundamentals of Road Construction,,CIM,,
CIM 2520,Advanced Road Construction,,CIM,,
CIM 3000,Fundamentals of Concrete: Properties and Testing,,CIM,,
CIM 3010,Fundamentals of Concrete: Properties and Testing,,CIM,,
CIM 3011,Fundamentals of Concrete Laboratory: Properties and Testing,,CIM,,
CIM 3050,Concrete Construction Methods,,CIM,,
CIM 3060,Understanding the Concrete Construction System,,CIM,,
CIM 3070,"Site Planning, Layout, and Preparation",,CIM,,
CIM 3080,Formwork Design and Computerized Drafting,,CIM,,
CIM 3090,Computer Applications in Concrete and Construction Industries,,CIM,,
CIM 3100,Applications of Concrete Construction,,CIM,,
CIM 3300,Concrete Industry Internship,,CIM,,
CIM 3310,Road Construction Internship I,,CIM,,
CIM 3320,Road Construction Internship II,,CIM,,
CIM 3600,Advanced Concrete Project Management,,CIM,,
CIM 4010,Design and Construction Issues,,CIM,,
CIM 4030,Issues in the Concrete and Construction Industry: A Legal and Ethical Perspective,,CIM,,
CIM 4050,Management of Concrete Products: Ordering and Delivering,,CIM,,
CIM 4060,Management of Concrete Products: Production Facilities,,CIM,,
CIM 4070,Concrete Contracting Personnel Management,,CIM,,
CIM 4100,Field Management and Supervision,,CIM,,
CIM 4150,"Concrete Problems: Diagnosis, Prevention, and Dispute Resolution",,CIM,,
CIM 4200,Senior Concrete Lab,,CIM,,
CIM 4300,Concrete Mixture Design,,CIM,,
CIM 4350,Design and Proportioning Concrete Mixtures,,CIM,,
CIM 4400,Decorative Concrete,,CIM,,
CIM 4500,Masonry,,CIM,,
CIM 4600,"Design, Production, and Manufacture of Precast Concrete",,CIM,,
CIM 4700,Global Concrete Production and Construction Technologies,,CIM,,
CIM 4800,Special Problems in Concrete Industry Management,,CIM,,
CIM 4910,Capstone,,CIM,,
CIM 4920,Capstone: Concrete Contracting,,CIM,,
CMT 2320,Architectural Computer-Aided Drafting and Design,,CMT,,
CMT 3000,Commercial Construction and Materials,,CMT,,
CMT 3100,Mechanical and Electrical Systems,,CMT,,
CMT 3150,Light Construction Structures,,CMT,,
CMT 3151,Light Construction Structures Lab,,CMT,,
CMT 3180,Light Construction Elements,,CMT,,
CMT 3181,Light Construction Elements Lab,,CMT,,
CMT 3190,Construction Land Development Operations,,CMT,,
CMT 3191,Land Development Operations Lab,,CMT,,
CMT 3195,Sustainable Construction,,CMT,,
CMT 3210,Construction Codes and Regulation,,CMT,,
CMT 3300,Construction Management Internship,,CMT,,
CMT 3801,Soil Mechanics for Construction Lab,,CMT,,
CMT 4000,"Soils, Foundations and Earth Moving Equipment",,CMT,,
CMT 4110,Cost Estimating II,,CMT,,
CMT 4120,Scheduling,,CMT,,
CMT 4130,Construction Administration,,CMT,,
CMT 4140,Construction Management Principles,,CMT,,
CMT 4160,Construction Safety and Health Management,,CMT,,
CMT 4170,Capstone-LDRB Construction Management,,CMT,,
CMT 4200,Commercial Cost Estimating and Bidding,,CMT,,
CMT 4280,Commercial Construction Capstone,,CMT,,
CMT 4320,Software Applications for Virtual Design and Construction,,CMT,,
CMT 4350,Cost Estimating for Disaster Restoration and Reconstruction Projects,,CMT,,
CMT 4360,Emerging Technologies in Construction,,CMT,,
CMT 4800,Construction Management Special Problems,,CMT,,
COED 2930,Cooperative Education,,COED,,
COED 2940,Cooperative Education,,COED,,
COED 3970,Cooperative Education,,COED,,
COED 3980,Cooperative Education,,COED,,
CJA 1100,Introduction to Criminal Justice Administration,,CJA,,
CJA 2100,Criminal Theory,,CJA,,
CJA 2200,Prevention and Control of Crime,,CJA,,
CJA 2400,Judicial Process,,CJA,,
CJA 2600,Corrections,,CJA,,
CJA 2800,Introduction to Emergency and Disaster Management,,CJA,,
CJA 2900,Practicum in Law Enforcement,,CJA,,
CJA 2910,Practicum: Patrol Operations I,,CJA,,
CJA 2920,Practicum: Patrol Operations II,,CJA,,
CJA 2930,Practicum: Police Interpersonal Communication and Human Relations,,CJA,,
CJA 3130,Victimology,,CJA,,
CJA 3190,Disasters and Criminal Justice,,CJA,,
CJA 3200,Research Methods with Computer Technology,,CJA,,
CJA 3220,Ethics in Criminal Justice,,CJA,,
CJA 3230,Police Organization and Administration,,CJA,,
CJA 3250,Criminal Law,,CJA,,
CJA 3400,Constitutional Issues and Criminal Justice,,CJA,,
CJA 3411,Intelligence Analysis,,CJA,,
CJA 3500,"Criminal Courts: Structure, Personnel, and Processes",,CJA,,
CJA 3630,Probation and Parole,,CJA,,
CJA 3650,Correctional Management,,CJA,,
CJA 3700,"Women, Crime, and Justice Administration",,CJA,,
CJA 3750,Terrorism and Criminal Justice,,CJA,,
CJA 3810,Phases of Emergency Management,,CJA,,
CJA 3820,Analysis of the National Preparedness Program,,CJA,,
CJA 3900,Organized Crime,,CJA,,
CJA 3911,Introduction to Homeland Security,,CJA,,
CJA 4220,Community Relations and Critical Issues,,CJA,,
CJA 4260,Special Issues in Criminal Justice,,CJA,,
CJA 4300,Criminal Justice Internship,,CJA,,
CJA 4330,Criminal Investigations,,CJA,,
CJA 4340,Crime Scene Investigation,,CJA,,
CJA 4350,Homicide Investigations,,CJA,,
CJA 4360,Crime Scene Photography and Documentation,,CJA,,
CJA 4500,The Juvenile Justice System,,CJA,,
CJA 4530,Criminal Evidence and Procedures,,CJA,,
CJA 4750,Seminar in Corrections,,CJA,,
CJA 4800,Crime in America: An Assessment,,CJA,,
CJA 4850,Private and Industrial Security,,CJA,,
CJA 4860,Security Administration,,CJA,,
CJA 4870,Security Law,,CJA,,
CJA 4900,Readings in Criminal Justice Administration,,CJA,,
CJA 4930,International Criminal Justice,,CJA,,
CYBM 1300,Cybersecurity for the Digital Citizen,,CYBM,,
CYBM 3300,Cybersecurity Management Fundamentals,,CYBM,,
CYBM 3350,Cybersecurity Environment Management,,CYBM,,
CYBM 4300,Security Assurance for Information Systems Audit,,CYBM,,
CYBM 4301,Penetration Testing and Ethical Hacking,,CYBM,,
CYBM 4302,Analytics for Cybersecurity Professionals,,CYBM,,
CYBM 4310,Incident Response and Digital Forensics,,CYBM,,
CYBM 4350,Cloud Infrastructure and Security,,CYBM,,
CYBM 4420,Cybersecurity Management Internship,,CYBM,,
CYBM 4840,Study Abroad,,CYBM,,
CYBM 4900,"Defensive Networking: Tools, Threats, and Tactics",,CYBM,,
CYBM 4970,Cybersecurity Management Topics,,CYBM,,
CYBM 4985,Strategic Cybersecurity Management,,CYBM,,
CYBM 4995,Cybersecurity Leadership Seminar,,CYBM,,
DANC 1000,Introduction to Dance,,DANC,,
DANC 1010,Modern Dance Techniques I,,DANC,,
DANC 1020,Jazz Dance Techniques I,,DANC,,
DANC 1030,Tap Dance Techniques I,,DANC,,
DANC 1040,Ballet Techniques I,,DANC,,
DANC 1050,Dance Performance Workshop for Governor’s School for the Arts,,DANC,,
DANC 1090,Dance Conditioning,,DANC,,
DANC 2000,First Year Seminar in Dance,,DANC,,
DANC 2010,Modern Dance Techniques II,,DANC,,
DANC 2020,Jazz Dance Techniques II,,DANC,,
DANC 2030,Tap Dance Techniques II,,DANC,,
DANC 2040,Ballet Techniques II,,DANC,,
DANC 3010,Modern Dance Techniques III,,DANC,,
DANC 3020,Jazz Dance Techniques III,,DANC,,
DANC 3030,Tap Dance Techniques III,,DANC,,
DANC 3040,Ballet Techniques III,,DANC,,
DANC 3045,Pointe/Variations,,DANC,,
DANC 3200,Dance Improvisation,,DANC,,
DANC 3600,Teaching Creative Movement for Children,,DANC,,
DANC 4000,Dance Performance I,,DANC,,
DANC 4010,Dance Performance II,,DANC,,
DANC 4040,Ballet Techniques IV,,DANC,,
DANC 4050,Advanced Contemporary Techniques,,DANC,,
DANC 4100,Choreography I,,DANC,,
DANC 4110,Choreography II,,DANC,,
DANC 4130,Dance for Theatre,,DANC,,
DANC 4140,Internship in Dance,,DANC,,
DANC 4200,Women in Twentieth and Twenty-First Century Dance,,DANC,,
DANC 4290,Special Topics in Dance,,DANC,,
DANC 4570,The Body Intelligent: Somatics for Dance,,DANC,,
DANC 4600,Dance Kinesiology,,DANC,,
DANC 4610,Theory and Practice of Teaching Dance,,DANC,,
DANC 4800,History of Dance,,DANC,,
DANC 4950,Directed Studies,,DANC,,
DANC 4990,Senior Seminar in Dance,,DANC,,
DATA 1010,Artificial Intelligence in Action,,DATA,,
DATA 1500,Introduction to Data Science,,DATA,,
DATA 2025,Communicating with Data,,DATA,,
DATA 3500,Data Cleansing and Feature Engineering,,DATA,,
DATA 3550,Applied Predictive Modeling,,DATA,,
DATA 4500,Internship in Data Science,,DATA,,
DATA 4840,Study Abroad,,DATA,,
DATA 4900,Selected Topics in Data Science,,DATA,,
DATA 4950,Data Science Capstone,,DATA,,
DSGN 3325,Word and Image,,DSGN,,
DSGN 3340,Professional Practices for Designers,,DSGN,,
DSGN 3350,Package Design,,DSGN,,
DSGN 4000,Topics in Graphic Design,,DSGN,,
DSGN 4310,Integrated Brand Design,,DSGN,,
DSGN 4320,Senior Project,,DSGN,,
DSGN 4330,Graphic Design Internship,,DSGN,,
DSGN 4340,Graphic Design Agency,,DSGN,,
ECE 3310,Human Development (Birth - Middle Childhood),,ECE,,
ECE 3320,Individual Differences in Development of Young Children,,ECE,,
ECE 3330,Supporting Families of Young Children,,ECE,,
ECE 4000,Seminar in ECE Residency I,,ECE,,
ECE 4050,Field Experiences in ECE Residency I,,ECE,,
ECE 4075,ECE Residency I Field Experiences,,ECE,,
ECE 4100,Residency I: Early Childhood Education,,ECE,,
ECE 4110,Residency II: Grades Prek-3,,ECE,,
ECE 4210,Integrating the Creative Arts into the Early Childhood Curriculum,,ECE,,
ECE 4220,Supporting the Social Emotional Learning of Young Children,,ECE,,
ECE 4230,Culturally Relevant Teaching in Early Childhood,,ECE,,
ECE 4240,Intervention Strategies for Supporting Young Children,,ECE,,
ECE 4241,Intervention Strategies for Supporting Young Children Lab,,ECE,,
ECE 4300,Preschool Practicum,,ECE,,
ECE 4301,Preschool Practicum Lab,,ECE,,
ECE 4320,Assessing Young Children,,ECE,,
ECE 4360,Administering Early Childhood Programs,,ECE,,
ECE 4370,Effective Instruction (Birth-8),,ECE,,
ECE 4375,Literacy in Early Childhood,,ECE,,
ECE 4376,Literacy in Early Childhood Lab,,ECE,,
ECE 4377,Literacy in Early Childhood II,,ECE,,
ECE 4378,Literacy in Early Childhood II Lab,,ECE,,
ECE 4380,Infant and Toddler Practicum,,ECE,,
ECE 4381,Infant and Toddler Practicum Lab,,ECE,,
ECE 4400,Integrated Early Childhood Non-licensure Residency,,ECE,,
ECON 2110,Personal Financial Planning,,ECON,,
ECON 2410,"Principles of Economics, Macroeconomics",,ECON,,
ECON 2420,"Principles of Economics, Microeconomics",,ECON,,
ECON 3099,Special Topics in Economics,,ECON,,
ECON 3210,The Financial System and the Economy,,ECON,,
ECON 3430,Public Finance,,ECON,,
ECON 3510,Intermediate Macroeconomic Theory,,ECON,,
ECON 3520,Intermediate Microeconomic Theory,,ECON,,
ECON 4100,Law and Economics,,ECON,,
ECON 4260,Financial Markets and Institutions,,ECON,,
ECON 4310,Problems in Government Finance,,ECON,,
ECON 4400,Economics of Antitrust and Regulation,,ECON,,
ECON 4420,Labor and Human Resource Economics,,ECON,,
ECON 4440,International Economics,,ECON,,
ECON 4470,Economic Development of the Third World,,ECON,,
ECON 4480,State and Local Economies,,ECON,,
ECON 4490,Industrial Relations Legislation,,ECON,,
ECON 4500,Urban and Regional Economics,,ECON,,
ECON 4510,Unions and Collective Bargaining,,ECON,,
ECON 4570,Managerial Economics,,ECON,,
ECON 4600,Environmental and Natural Resource Economics,,ECON,,
ECON 4620,Econometrics and Forecasting,,ECON,,
ECON 4650,Comparative Economic Systems,,ECON,,
ECON 4660,History of Economic Thought,,ECON,,
ECON 4680,Health Economics,,ECON,,
ECON 4700,Sports Economics,,ECON,,
ECON 4720,Economic Issues in the Music Industry,,ECON,,
ECON 4780,Behavioral Economics and Finance,,ECON,,
ECON 4840,Study Abroad,,ECON,,
ECON 4890,Internship in Economics,,ECON,,
ECON 4950,Economics Competition and Challenge,,ECON,,
ECON 4990,Independent Study in Economics,,ECON,,
EMC 1010,Orientation to Media Arts,,EMC,,
EMC 1020,Introduction to Media and Entertainment,,EMC,,
EMC 2120,"Sight, Sound, and Motion",,EMC,,
EMC 3001,Success in Media Arts,,EMC,,
EMC 3010,Media Production Seminar,,EMC,,
EMC 3030,Electronic Media Advertising,,EMC,,
EMC 3090,Media Technology Seminar,,EMC,,
EMC 3110,Radio Station Operations,,EMC,,
EMC 3155,Streaming Audio Media Platforms,,EMC,,
EMC 3580,Media Practicum,,EMC,,
EMC 3650,"Free Expression, Media, and the American Public",,EMC,,
EMC 3750,Producing for Cinema and Television,,EMC,,
EMC 4000,Media Internship,,EMC,,
EMC 4001,Professional Practices in Media Arts,,EMC,,
EMC 4010,Media Sales,,EMC,,
EMC 4140,Business of Television,,EMC,,
EMC 4250,Media Law,,EMC,,
EMC 4430,Management in Cinema and Television,,EMC,,
EMC 4800,Seminar in Media Issues,,EMC,,
EMC 4820,"Race, Gender, and Class in Media",,EMC,,
EMC 4850,Ethics and Mass Communication,,EMC,,
EMC 4900,Independent Study in Media Arts,,EMC,,
EMC 4930,Advanced Seminar-Media Management,,EMC,,
EMC 4960,Capstone Course for Media Management,,EMC,,
ELED 3150,Mathematics Methodology,,ELED,,
ELED 3300,Digital Applications for Teaching and Learning,,ELED,,
ELED 3500,Teaching Social Studies via the Lens of Language Arts and Literacy,,ELED,,
ELED 3600,Science Teaching Methods for the Inclusive Classroom,,ELED,,
ELED 4110,"Directed Teaching, Grades K-5",,ELED,,
ELED 4200,Assessing the Elementary Level Learner,,ELED,,
ELED 4260,Problems in Elementary Education,,ELED,,
ELED 4340,Managing Learning Environments,,ELED,,
ELED 4420,The Professional Teacher,,ELED,,
ELED 4500,Theory into Practice,,ELED,,
EESE 2010,Introduction to Education,,EESE,,
EESE 2011,Introduction to Education Practicum,,EESE,,
EESE 3000,"Racial, Ethnic, and Linguistic Diversity in U.S. Classrooms",,EESE,,
EESE 3100,Practicum in Teaching English Language Learners,,EESE,,
EESE 4000,Job-Embedded Clinical Experiences and the Reflective Educator,,EESE,,
EESE 4900,Methods for Teaching English Language Development,,EESE,,
ENGR 1100,Engineering Fundamentals,,ENGR,,
ENGR 2100,Introduction to Engineering Design,,ENGR,,
ENGR 2110,Statics,,ENGR,,
ENGR 2120,Dynamics,,ENGR,,
ENGR 2130,Electrical Circuit Analysis I,,ENGR,,
ENGR 2210,Introduction to Materials Science and Engineering,,ENGR,,
ENGR 3510,Electrical Circuit Analysis II,,ENGR,,
ENGR 3520,Digital Circuits Fundamentals,,ENGR,,
ENGR 3530,Electronics and Instrumentation,,ENGR,,
ENGR 3540,Introduction to Feedback Control,,ENGR,,
ENGR 3550,Fluid Mechanics,,ENGR,,
ENGR 3560,Mechanics of Materials,,ENGR,,
ENGR 3570,Machine Design,,ENGR,,
ENGR 3590,Kinematics and Dynamics of Machinery,,ENGR,,
ENGR 3915,Technical Project Management and Soft Skills,,ENGR,,
ENGR 3920,Engineering Safety,,ENGR,,
ENGR 3930,Systems Engineering,,ENGR,,
ENGR 3970,Engineering Economy,,ENGR,,
ENGR 4500,FE Exam Preparation,,ENGR,,
ENGR 4501,Topics in Mechatronics Engineering,,ENGR,,
ENGR 4510,Programmable Logic Controllers and Networks,,ENGR,,
ENGR 4520,Electrical Power and Machinery,,ENGR,,
ENGR 4530,Controls and Optimization,,ENGR,,
ENGR 4540,Thermodynamics for Engineers,,ENGR,,
ENGR 4550,Introduction to Robotics,,ENGR,,
ENGR 4560,Advanced Embedded Systems Programming,,ENGR,,
ENGR 4580,Mechatronic System Design,,ENGR,,
ENGR 4590,Automation System Design,,ENGR,,
ET 2310,Computer-Assisted Drafting and Design I,,ET,,
ET 2920,Industrial Orientation Internship,,ET,,
ET 2930,Cooperative Education Experience I,,ET,,
ET 2940,Cooperative Education Experience II,,ET,,
ET 3210,Machine Tool Technology,,ET,,
ET 3260,Manufacturing Processes and Materials,,ET,,
ET 3360,Computer-Assisted Drafting and Design II,,ET,,
ET 3601,Electrical Circuit Analysis I,,ET,,
ET 3602,Electrical Circuit Analysis II,,ET,,
ET 3610,Introduction to Electricity and Electronics,,ET,,
ET 3615,Principles of Electricity,,ET,,
ET 3620,Digital Circuits Fundamentals,,ET,,
ET 3630,Electronics,,ET,,
ET 3640,Digital Circuits Design,,ET,,
ET 3650,Introduction to Microprocessors,,ET,,
ET 3660,Communication Electronics,,ET,,
ET 3670,Computer-Assisted Printed Circuit Board Design,,ET,,
ET 3810,Engineering Thermodynamics,,ET,,
ET 3860,Strength of Materials,,ET,,
ET 3910,Introduction to Operations Management,,ET,,
ET 3920,Industrial Internship I,,ET,,
ET 3930,Industrial Internship II,,ET,,
ET 3950,Metrology,,ET,,
ET 3960,Industrial Quality Technology,,ET,,
ET 3970,Cooperative Education Experience III,,ET,,
ET 3980,Cooperative Education Experience IV,,ET,,
ET 4230,Advanced Machine Tool Technology,,ET,,
ET 4280,Computer-Aided Manufacturing: Numerical Control (NC),,ET,,
ET 4330,Advanced Computer-Aided Drafting,,ET,,
ET 4340,Design of Machine Elements,,ET,,
ET 4440,Fire Safety,,ET,,
ET 4450,Industrial Hygiene,,ET,,
ET 4490,Topics in Industrial Technology,,ET,,
ET 4590,Manufacturing Automation Systems,,ET,,
ET 4600,Programmable Logic Controllers,,ET,,
ET 4610,Instrumentation and Controls,,ET,,
ET 4630,Local Area Networks,,ET,,
ET 4640,Industrial Electricity,,ET,,
ET 4660,Microprocessor Interfacing,,ET,,
ET 4670,Microprocessor Design,,ET,,
ET 4701,Industrial Topics,,ET,,
ET 4790,Advanced Problems in Technology,,ET,,
ET 4801,Computer Engineering Technology,,ET,,
ET 4802,Electromechanical Engineering Technology,,ET,,
ET 4803,Mechanical Engineering Technology,,ET,,
ET 4815,"Heating, Ventilation, and Air Conditioning",,ET,,
ET 4830,Vibration,,ET,,
ET 4850,Fluid Power,,ET,,
ET 4860,Robotics,,ET,,
ET 4900,Productivity Strategies,,ET,,
ET 4920,Plant Layout and Materials Handling,,ET,,
ET 4990,Industrial Engineering Systems,,ET,,
ENGL 1008,Writing for English as Second Language (ESL) Students,,ENGL,,
ENGL 1009,Introduction to University Writing,,ENGL,,
ENGL 1010,Expository Writing,,ENGL,,
ENGL 1020,Research and Argumentative Writing,,ENGL,,
ENGL 1050,Introduction to Technical and Professional Writing,,ENGL,,
ENGL 2020,Themes in Literature and Culture,,ENGL,,
ENGL 2030,The Experience of Literature,,ENGL,,
ENGL 2500,Introduction to Creative Writing,,ENGL,,
ENGL 3000,Introduction to Literary Studies,,ENGL,,
ENGL 3007,Writing and the Literary Imagination,,ENGL,,
ENGL 3010,British Literature I: Beginnings to 1700,,ENGL,,
ENGL 3020,British Literature II: 1700-1918,,ENGL,,
ENGL 3030,American Literature: Colonial Era to the Present,,ENGL,,
ENGL 3110,English Literature: The Medieval Period,,ENGL,,
ENGL 3120,English Literature: The Sixteenth Century,,ENGL,,
ENGL 3130,English Literature: The Seventeenth Century,,ENGL,,
ENGL 3135,Introduction to Shakespeare,,ENGL,,
ENGL 3160,English Drama: 1475-1642 (excluding Shakespeare),,ENGL,,
ENGL 3210,English Literature: Restoration and Eighteenth Century,,ENGL,,
ENGL 3220,English Literature: 1790-1850,,ENGL,,
ENGL 3230,English Literature: The Victorian Period,,ENGL,,
ENGL 3300,Native American Literature,,ENGL,,
ENGL 3305,Early American Literature,,ENGL,,
ENGL 3310,Nineteenth-Century American Literature,,ENGL,,
ENGL 3320,Twentieth-Century American Literature,,ENGL,,
ENGL 3330,Southern Literature,,ENGL,,
ENGL 3335,Special Topics in Southern Literature and Culture,,ENGL,,
ENGL 3340,African American Literature,,ENGL,,
ENGL 3350,American Short Story in Context,,ENGL,,
ENGL 3360,Multiethnic Literatures in the Americas,,ENGL,,
ENGL 3365,Latino/a Literature,,ENGL,,
ENGL 3370,Modern American Poetry,,ENGL,,
ENGL 3400,European Literature to 1400,,ENGL,,
ENGL 3410,Classical Mythology,,ENGL,,
ENGL 3420,European Literature: 1400-1800,,ENGL,,
ENGL 3430,Modern European Literature,,ENGL,,
ENGL 3440,The Bible as Literature,,ENGL,,
ENGL 3450,Studies in Narrative,,ENGL,,
ENGL 3505,Interactive Approaches to Teaching Writing at the Secondary Level,,ENGL,,
ENGL 3506,Interactive Approaches to Teaching Literature at the Secondary Level,,ENGL,,
ENGL 3510,English Grammar and Usage for Educators,,ENGL,,
ENGL 3555,Tutoring Writing: Theories and Methods,,ENGL,,
ENGL 3570,Introduction to Linguistics,,ENGL,,
ENGL 3575,The Sound Patterns of English,,ENGL,,
ENGL 3580,Teaching Internship,,ENGL,,
ENGL 3595,Sociolinguistics,,ENGL,,
ENGL 3605,Applied Writing,,ENGL,,
ENGL 3620,Professional Writing,,ENGL,,
ENGL 3625,In Process Workshop,,ENGL,,
ENGL 3630,Creative Nonfiction Workshop,,ENGL,,
ENGL 3635,Creative Writing Event Series,,ENGL,,
ENGL 3645,Fiction Writing,,ENGL,,
ENGL 3655,Poetry Writing,,ENGL,,
ENGL 3665,Playwriting,,ENGL,,
ENGL 3675,Multi-genre Creative Writing,,ENGL,,
ENGL 3685,Beyond Flash Fiction,,ENGL,,
ENGL 3690,Individualized Writing Project,,ENGL,,
ENGL 3691,Independent Literary Event Attendance Series,,ENGL,,
ENGL 3725,Nineteenth-Century Women Writers,,ENGL,,
ENGL 3730,Twentieth-Century Women Writers,,ENGL,,
ENGL 3735,Black Women as Writers,,ENGL,,
ENGL 3740,Children’s Literature,,ENGL,,
ENGL 3745,Literature for Adolescents,,ENGL,,
ENGL 3755,"Folk/Fairy Tales, Legends, Myths, Ancient Stories",,ENGL,,
ENGL 3760,Introduction to Folklore,,ENGL,,
ENGL 3770,LGBTQIA+ Literature and Culture,,ENGL,,
ENGL 3810,British Popular Culture,,ENGL,,
ENGL 3815,Survey of Popular Culture,,ENGL,,
ENGL 3840,Science Fiction,,ENGL,,
ENGL 3850,Literature and Film,,ENGL,,
ENGL 3860,Film Genre,,ENGL,,
ENGL 3870,Film History,,ENGL,,
ENGL 3885,Topics in Gender and Film,,ENGL,,
ENGL 4110,Chaucer: Canterbury Tales,,ENGL,,
ENGL 4130,Shakespeare: The Sixteenth-Century Plays,,ENGL,,
ENGL 4140,Shakespeare: The Seventeenth-Century Plays,,ENGL,,
ENGL 4180,Milton,,ENGL,,
ENGL 4230,Selected British Writers after the Restoration,,ENGL,,
ENGL 4240,Modern British Literature,,ENGL,,
ENGL 4270,Contemporary British and Commonwealth Literature,,ENGL,,
ENGL 4310,The American Renaissance,,ENGL,,
ENGL 4320,Selected American Writers,,ENGL,,
ENGL 4350,American Popular Literature of the 19th Century,,ENGL,,
ENGL 4410,Literary Criticism,,ENGL,,
ENGL 4425,Backgrounds of Modern Literature,,ENGL,,
ENGL 4435,Global English Literatures,,ENGL,,
ENGL 4470,Modern Drama,,ENGL,,
ENGL 4500,Methods of Teaching Secondary English,,ENGL,,
ENGL 4510,Modern English Grammar and Usage,,ENGL,,
ENGL 4520,The Structure of English,,ENGL,,
ENGL 4530,History of the English Language,,ENGL,,
ENGL 4540,Second Language Writing,,ENGL,,
ENGL 4570,Special Topics in Linguistics,,ENGL,,
ENGL 4590,Directed Undergraduate Research in Linguistics,,ENGL,,
ENGL 4600,Writing Internship,,ENGL,,
ENGL 4605,Advanced Composition,,ENGL,,
ENGL 4640,Advanced Topics in Technical Writing and Communication,,ENGL,,
ENGL 4645,Advanced Fiction Writing,,ENGL,,
ENGL 4670,Special Topics in Writing,,ENGL,,
ENGL 4685,Special Topics in Creative Writing,,ENGL,,
ENGL 4750,Special Topics in Children’s Literature,,ENGL,,
ENGL 4760,Special Topics in Folklore,,ENGL,,
ENGL 4780,Topics in War and Culture,,ENGL,,
ENGL 4785,Law and Literature,,ENGL,,
ENGL 4855,Film Theory and Criticism,,ENGL,,
ENGL 4860,Special Topics in Film Studies,,ENGL,,
ENGL 4900,Selected Topics in Literature and Language,,ENGL,,
ENGL 4910,Studies in Poetry,,ENGL,,
ENGL 4920,Studies in Drama,,ENGL,,
ENGL 4930,Studies in the Novel,,ENGL,,
ENGL 4950,Selected Topics in Contemporary Literature,,ENGL,,
ENGL 4980,English Studies Abroad,,ENGL,,
ENGL 4999,Senior Portfolio,,ENGL,,
ENTR 2900,Entrepreneurship,,ENTR,,
ENTR 3040,Entrepreneurial Financial Management,,ENTR,,
ENTR 3300,Fundamentals of Franchising,,ENTR,,
ENTR 3600,Innovation Acceleration,,ENTR,,
ENTR 3650,New Venture Creation,,ENTR,,
ENTR 4100,Family Business,,ENTR,,
ENTR 4255,Social Entrepreneurship,,ENTR,,
ENTR 4620,Business Plan Development,,ENTR,,
ENTR 4920,Small Business Management,,ENTR,,
ENTR 4950,Entrepreneurship Applied Experience,,ENTR,,
ENVS 2810,Introduction to Environmental Science,,ENVS,,
ENVS 2811,Introduction to Environmental Science Laboratory,,ENVS,,
ENVS 4500,Applications of Environmental Science,,ENVS,,
EST 4760,Seminar in Environmental Science and Technology,,EST,,
EST 4770,Pollution Control Technology,,EST,,
EST 4780,"Air, Solids, and Noise Pollution Technology",,EST,,
EST 4810,Energy and the Environment,,EST,,
EST 4820,Solar Building Design,,EST,,
EST 4840,Energy Auditing,,EST,,
EST 4980,Environmental Public Health,,EST,,
EXSC 1000,Evaluation and Performance of Resistance Training,,EXSC,,
EXSC 2000,Resources for Professional Practice in Exercise Science,,EXSC,,
EXSC 3500,Exercise Techniques and Leadership,,EXSC,,
EXSC 3830,Physiology of Exercise,,EXSC,,
EXSC 3831,Physiology of Exercise Lab,,EXSC,,
EXSC 3900,Functional Anatomy and Movement,,EXSC,,
EXSC 4000,Research Seminar in Exercise Science,,EXSC,,
EXSC 4010,Applied Research in Exercise Science,,EXSC,,
EXSC 4100,"Strength, Conditioning, and Human Performance",,EXSC,,
EXSC 4105,Strength and Conditioning I,,EXSC,,
EXSC 4110,Strength and Conditioning II,,EXSC,,
EXSC 4200,Research Methods in Exercise Science,,EXSC,,
EXSC 4230,Exercise Prescription and Program Planning,,EXSC,,
EXSC 4240,Principles of Exercise Assessment for Healthy Populations,,EXSC,,
EXSC 4250,Internship,,EXSC,,
EXSC 4260,Exercise Assessment and Prescription for Special Populations,,EXSC,,
EXSC 4920,Independent Study,,EXSC,,
EXL 2010,Service Learning Practicum,,EXL,,
EXL 2020,Leadership Studies Practicum,,EXL,,
EXL 2030,Civic Engagement Practicum,,EXL,,
EXL 3010,Service Learning Practicum,,EXL,,
EXL 3020,Leadership Studies Practicum,,EXL,,
EXL 3030,Civic Engagement Practicum,,EXL,,
EXL 4000,Experiential Learning Seminar,,EXL,,
FCSE 1400,Personal Finance,,FCSE,,
FCSE 2510,Family and Consumer Sciences Education Curriculum,,FCSE,,
FCSE 4500,Occupational Field Experience,,FCSE,,
FCSE 4502,Food Production and Management,,FCSE,,
FCSE 4540,Teaching Family and Consumer Sciences Education,,FCSE,,
FCSE 4550,Curriculum Development,,FCSE,,
FCSE 4570,Fundamentals of Culinary Arts,,FCSE,,
FASH 1010,Career Orientation,,FASH,,
FASH 1110,Apparel Foundations Applications,,FASH,,
FASH 1170,Introduction to the Fashion Industry,,FASH,,
FASH 2110,Fashion Forecasting,,FASH,,
FASH 2180,Textiles,,FASH,,
FASH 2181,Textiles Laboratory,,FASH,,
FASH 2200,History of Fashion,,FASH,,
FASH 3120,Advanced Topics in Textile Production and Trade,,FASH,,
FASH 3150,Apparel Selection and Evaluation,,FASH,,
FASH 3170,Fashion Branding,,FASH,,
FASH 3200,Apparel Construction I,,FASH,,
FASH 3300,Apparel Construction II,,FASH,,
FASH 3370,Fashion Illustration,,FASH,,
FASH 3450,Retail Math,,FASH,,
FASH 4000,Senior Professional Development Seminar,,FASH,,
FASH 4043,Seminar in Fashion Studies,,FASH,,
FASH 4053,Advanced Problems in Fashion Studies,,FASH,,
FASH 4100,Fashion Promotion and Digital Communication Strategies,,FASH,,
FASH 4103,"Internship: Textiles, Merchandising, and Design",,FASH,,
FASH 4140,Global Apparel Manufacturing and Sustainability,,FASH,,
FASH 4150,Fashion Buying,,FASH,,
FASH 4170,Cultural and Social Aspects of Dress,,FASH,,
FASH 4200,Patternmaking I,,FASH,,
FASH 4220,Computer-Aided Apparel Design I,,FASH,,
FASH 4240,Fashion Show Production,,FASH,,
FASH 4300,Patternmaking II,,FASH,,
FASH 4303,International Experience: Fashion and Culture Study Abroad,,FASH,,
FASH 4320,Computer Aided Apparel Design II,,FASH,,
FASH 4340,Fashion Technologies,,FASH,,
FASH 4400,Fashion Product Development,,FASH,,
FERM 1000,Introduction to Fermentation Science,,FERM,,
FERM 2500,Wine Appreciation,,FERM,,
FERM 2900,Legal Issues - Fermentation,,FERM,,
FERM 3200,International Wine Industry,,FERM,,
FERM 3700,Consumer Motivation and Sensory Evaluation of Fermented Foods,,FERM,,
FERM 3710,"Brewing, Distilling, and Fermentation Safety and Sanitation",,FERM,,
FERM 3750,Facility Design and Operation,,FERM,,
FERM 3850,Wine Science and Industry,,FERM,,
FERM 3860,"Wine, Beer, and Spirits Industry",,FERM,,
FERM 3900,Sensory Analysis of Beer,,FERM,,
FERM 4550,"Brewing, Distilling, and Fermentation Science and Analysis",,FERM,,
FERM 4560,Applied Fermentation: Biomass and Biofuels,,FERM,,
FERM 4570,"Applied Fermentation: Milk, Meat, and Grain",,FERM,,
FERM 4580,Applied Fermentation: Fruits and Vegetables,,FERM,,
FERM 4600,"Probiotics, Prebiotics, and Bioprocessing",,FERM,,
FERM 4610,Fermentation and Nutraceutical Production,,FERM,,
FERM 4800,International Fermented Foods,,FERM,,
FERM 4910,Fermentation Science Internship,,FERM,,
FERM 4920,Fermentation Science Research,,FERM,,
FIN 2010,Personal Financial Planning,,FIN,,
FIN 3000,Survey of Finance,,FIN,,
FIN 3010,Principles of Corporate Finance,,FIN,,
FIN 3030,Principles of Real Estate,,FIN,,
FIN 3040,Entrepreneurial Financial Management,,FIN,,
FIN 3050,Principles of Risk Management and Insurance,,FIN,,
FIN 3090,Financial Planning,,FIN,,
FIN 3099,Special Topics in Finance,,FIN,,
FIN 3110,Financial Modeling,,FIN,,
FIN 3120,Financial Data Analysis,,FIN,,
FIN 3210,The Financial System and the Economy,,FIN,,
FIN 3430,Public Finance,,FIN,,
FIN 3660,Life Insurance and Health Insurance,,FIN,,
FIN 3750,Commercial Insurance,,FIN,,
FIN 3810,Investments,,FIN,,
FIN 3950,Corporate Finance,,FIN,,
FIN 4015,Financial Statement Analysis,,FIN,,
FIN 4100,Advanced Financial Data Analysis and Applications,,FIN,,
FIN 4110,Cases in Finance,,FIN,,
FIN 4260,Financial Markets and Institutions,,FIN,,
FIN 4310,Problems in Government Finance,,FIN,,
FIN 4390,Employee Benefits,,FIN,,
FIN 4430,Real Property Valuation,,FIN,,
FIN 4440,Real Estate Finance,,FIN,,
FIN 4470,Real Property Law for Commerce and Agriculture,,FIN,,
FIN 4510,Real Estate Brokerage and Management,,FIN,,
FIN 4550,Real Estate Investment Analysis,,FIN,,
FIN 4590,Independent Study in Real Estate,,FIN,,
FIN 4710,Estate Planning,,FIN,,
FIN 4730,Insurance Company Operations,,FIN,,
FIN 4750,Enterprise Risk Management,,FIN,,
FIN 4780,Behavioral Economics and Finance,,FIN,,
FIN 4790,Independent Study in Insurance,,FIN,,
FIN 4810,Portfolio Theory and Management,,FIN,,
FIN 4840,Study Abroad,,FIN,,
FIN 4850,International Insurance Markets,,FIN,,
FIN 4860,International Financial Management,,FIN,,
FIN 4880,Internship in Risk Management or Insurance,,FIN,,
FIN 4890,Internship in Finance,,FIN,,
FIN 4900,TVA Investment Challenge,,FIN,,
FIN 4910,"Options, Futures, and Other Derivatives",,FIN,,
FIN 4950,Finance Competition and Challenge,,FIN,,
FIN 4990,Independent Study in Finance,,FIN,,
FL 1000,Intersections of Language and Culture,,FL,,
FL 1010,Special Topics in Foreign Languages,,FL,,
FL 3000,Career and Professional Development for World Language Majors,,FL,,
FL 3100,Methods and Issues in Translation,,FL,,
FL 4220,International Tourism,,FL,,
FL 4500,Introduction to Teaching World Language,,FL,,
FRSC 1010,Introduction to the Forensic Science Major,,FRSC,,
FRSC 4010,Forensics Senior Seminar,,FRSC,,
FRSC 4020,Forensics Internship,,FRSC,,
FRSC 4030,Forensic Latent Fingerprint Analysis,,FRSC,,
FRSC 4040,Firearm and Toolmark Analysis,,FRSC,,
FSBI 3250,Genetics,,FSBI,,
FSBI 3251,Genetics Lab,,FSBI,,
FSBI 4300,Immunology,,FSBI,,
FSBI 4301,Immunology Lab,,FSBI,,
FSBI 4550,Biotechnology,,FSBI,,
FSCH 3530,Principles of Biochemistry,,FSCH,,
FSCH 3531,Principles of Biochemistry Lab,,FSCH,,
FSCH 4230,Instrumental Analysis in Forensic Science,,FSCH,,
FSCH 4231,Instrumental Analysis in Forensic Science Lab,,FSCH,,
FSCJ 2400,Judicial Process,,FSCJ,,
FSCJ 4330,Criminal Investigations,,FSCJ,,
FSCJ 4340,Crime Scene Investigation,,FSCJ,,
FSCJ 4360,Crime Scene Photography and Documentation,,FSCJ,,
FSCJ 4530,Criminal Evidence and Procedures,,FSCJ,,
FOED 2000,How People Learn,,FOED,,
FREN 1010,Bon Voyage! Exploring French I,,FREN,,
FREN 1020,Bon Voyage! Exploring French II,,FREN,,
FREN 2010,Intermediate French I,,FREN,,
FREN 2020,Intermediate French II,,FREN,,
FREN 2900,Directed Study in French Grammar and Composition,,FREN,,
FREN 2910,Study Abroad,,FREN,,
FREN 3010,Advanced Composition,,FREN,,
FREN 3030,Business French,,FREN,,
FREN 3040,Intensive Conversational French,,FREN,,
FREN 3070,Topics in French and Francophone Film,,FREN,,
FREN 3080,Topics in French Studies,,FREN,,
FREN 3110,French and Francophone Culture,,FREN,,
FREN 3140,Introductory French-English Translation,,FREN,,
FREN 3200,French for the Tourism Industry,,FREN,,
FREN 3910,Study Abroad,,FREN,,
FREN 3970,Cooperative Education,,FREN,,
FREN 3980,Cooperative Education,,FREN,,
FREN 4000,Senior Workshop,,FREN,,
FREN 4010,Contemporary Issues in the French-Speaking World,,FREN,,
FREN 4020,Topics in French Film,,FREN,,
FREN 4110,French Press and Politics,,FREN,,
FREN 4120,La Cuisine francaise: le gout et la gourmandise,,FREN,,
FREN 4130,Special Topics in Professional French,,FREN,,
FREN 4150,"Money, Murder, and Madness",,FREN,,
FREN 4160,Social Change in the Francophone World,,FREN,,
FREN 4170,The French Graphic Novel,,FREN,,
FREN 4180,Comparative Stylistics of French and English,,FREN,,
FREN 4900,Directed Study in French Literature and Culture,,FREN,,
GEOG 2000,Introduction to Regional Geography,,GEOG,,
GEOG 2105,Introduction to Latin American Studies,,GEOG,,
GEOG 3120,Geography of Tennessee and the South,,GEOG,,
GEOG 3402,Cultural Geography Field Course,,GEOG,,
GEOG 3410,Cultures and Landscapes of the United States and Canada,,GEOG,,
GEOG 3420,"Latin America in the 21st Century: Challenges, New Opportunities",,GEOG,,
GEOG 3430,Geographical Approach to Contemporary Europe,,GEOG,,
GEOG 3440,Geography of Asia and Pacific Rim,,GEOG,,
GEOG 3470,Geography of Sub-Saharan Africa,,GEOG,,
GEOG 3999,Independent Study in Geography,,GEOG,,
GEOG 4270,Special Topics in Geography,,GEOG,,
GEOG 4290,Urban and Regional Planning,,GEOG,,
GEOG 4300,Military and Conflict Geography,,GEOG,,
GEOG 4325,Global Geo-Political Economics,,GEOG,,
GEOG 4340,Historical Geography,,GEOG,,
GEOG 4360,Cultural Geography,,GEOG,,
GEOG 4370,"Urban Geographies: Key Trends, Problems, and Solutions",,GEOG,,
GEOG 4460,The Cultural Landscape,,GEOG,,
GEOG 4500,Geography of the Middle East and North Africa,,GEOG,,
GEOG 4540,Geography of Indigenous Peoples,,GEOG,,
GEOG 4550,Global Issues,,GEOG,,
GEOG 4572,Geography Internship,,GEOG,,
GEOG 4600,Field Experience in Geography,,GEOG,,
GEOL 1030,Introduction to Earth Science,,GEOL,,
GEOL 1031,Introduction to Earth Science Lab,,GEOL,,
GEOL 1040,Physical Geology,,GEOL,,
GEOL 1041,Physical Geology Lab,,GEOL,,
GEOL 1050,Historical Geology,,GEOL,,
GEOL 3000,Mineralogy,,GEOL,,
GEOL 3010,Oceanography,,GEOL,,
GEOL 3030,Geoscience of Energy Resources,,GEOL,,
GEOL 3040,Geoscience of Caves,,GEOL,,
GEOL 3050,Field Methods in Geology,,GEOL,,
GEOL 3060,Computer Methods in Geology,,GEOL,,
GEOL 3070,Geochemistry of Earth Systems,,GEOL,,
GEOL 3160,Geologic Literature and Report Writing,,GEOL,,
GEOL 3401,Field Course,,GEOL,,
GEOL 3402,Field Course,,GEOL,,
GEOL 4000,Petrology and Petrography,,GEOL,,
GEOL 4020,Geomorphology,,GEOL,,
GEOL 4030,Invertebrate Paleontology,,GEOL,,
GEOL 4040,Engineering Geology,,GEOL,,
GEOL 4050,Meteorology,,GEOL,,
GEOL 4070,Sedimentation and Stratigraphy,,GEOL,,
GEOL 4080,Structural Geology,,GEOL,,
GEOL 4090,Problems in Geology,,GEOL,,
GEOL 4100,Geophysical Prospecting,,GEOL,,
GEOL 4120,Environmental Geology,,GEOL,,
GEOL 4130,Hydrogeology,,GEOL,,
GEOL 4140,Inorganic Geochemistry,,GEOL,,
GEOL 4150,Environmental Applications of Hydrogeology,,GEOL,,
GEOL 4571,Internship in Geology,,GEOL,,
GEOL 4572,Internship in Geology,,GEOL,,
GEOL 4573,Internship in Geoscience,,GEOL,,
GEOL 4580,Seminar in Geology,,GEOL,,
GEOL 4740,Research Methods,,GEOL,,
GERM 1010,Elementary German I,,GERM,,
GERM 1020,Elementary German II,,GERM,,
GERM 1040,Intensive Elementary German,,GERM,,
GERM 2010,Intermediate German I,,GERM,,
GERM 2020,Intermediate German II,,GERM,,
GERM 3000,Group Conversational German,,GERM,,
GERM 3010,Advanced Composition and Conversation,,GERM,,
GERM 3020,Advanced Composition and Conversation,,GERM,,
GERM 3025,German Literature for Children and Young Adults,,GERM,,
GERM 3030,Business German,,GERM,,
GERM 3040,Intensive Conversational German,,GERM,,
GERM 3050,Survey of German Culture,,GERM,,
GERM 3060,Survey of German Culture,,GERM,,
GERM 3070,Applied German,,GERM,,
GERM 3080,Introduction to German Literary Studies,,GERM,,
GERM 3910,Study Abroad,,GERM,,
GERM 3970,Cooperative Education,,GERM,,
GERM 3980,Cooperative Education,,GERM,,
GERM 4000,Senior Workshop,,GERM,,
GERM 4010,Topics in German Literature and Culture,,GERM,,
GERM 4020,German Literature: 1725-1880,,GERM,,
GERM 4030,German Literature: 1880 to Present,,GERM,,
GERM 4900,Directed Study in German Literature and Culture,,GERM,,
GERM 4990,German for Reading Knowledge,,GERM,,
GERO 2600,Introduction to Gerontology,,GERO,,
GERO 4030,Topics in Gerontology,,GERO,,
GERO 4800,Special Projects,,GERO,,
GERO 4900,Practicum,,GERO,,
GS 2010,Introduction to Cross-Cultural Experiences,,GS,,
GS 3000,Globalization,,GS,,
GS 3010,Education Abroad: Reflection and Application,,GS,,
GS 3040,"Contemporary Migration: Global Trends, Local Implications",,GS,,
GS 3050,Globalization Through Film,,GS,,
GS 3300,Global Studies Internship,,GS,,
GS 3999,Independent Study in Global Studies,,GS,,
GS 4010,Global Warfare and Culture,,GS,,
GS 4150,"Ecotourism, Geotourism, and Sustainable Development",,GS,,
GS 4270,Special Topics in Global Studies,,GS,,
HLTH 1150,Health Literacy,,HLTH,,
HLTH 1530,Health and Wellness,,HLTH,,
HLTH 1531,Health and Wellness Lab,,HLTH,,
HLTH 2600,Introduction to Health Professions,,HLTH,,
HLTH 3020,Medical Terminology in Health Professions,,HLTH,,
HLTH 3240,Introduction to Community and Public Health,,HLTH,,
HLTH 3260,Environmental Health,,HLTH,,
HLTH 3300,First Aid and Safety Education,,HLTH,,
HLTH 3320,Assessment in Community and Public Health,,HLTH,,
HLTH 3350,Survey of Human Disease,,HLTH,,
HLTH 3590,Workshops and Instructional Methods in Health Education,,HLTH,,
HLTH 3760,Teaching Water Safety,,HLTH,,
HLTH 4020,Biostatistics for Public Health,,HLTH,,
HLTH 4080,Alternative Therapy in Athletic Training,,HLTH,,
HLTH 4250,Internship,,HLTH,,
HLTH 4260,Curriculum and Teaching Methods in Health Education,,HLTH,,
HLTH 4270,Bioethical Issues in Public Health,,HLTH,,
HLTH 4280,Instructor’s Course in First Aid and CPR,,HLTH,,
HLTH 4300,The School Health Program,,HLTH,,
HLTH 4340,Fitness Education for the Adult,,HLTH,,
HLTH 4360,Human Sexuality,,HLTH,,
HLTH 4390,Women’s Health,,HLTH,,
HLTH 4400,Drugs and Violence in Public Health,,HLTH,,
HLTH 4430,Program Planning in Health Education,,HLTH,,
HLTH 4450,Technology Applications,,HLTH,,
HLTH 4451,Technology Applications Lab,,HLTH,,
HLTH 4460,Introduction to Epidemiology,,HLTH,,
HLTH 4700,Coordinated School Health,,HLTH,,
HLTH 4810,Measurement and Evaluation,,HLTH,,
HLTH 4870,Methods of Communication and Marketing in Public Health,,HLTH,,
HLTH 4900,Certified Health Education Specialist (CHES) Review,,HLTH,,
HLTH 4910,Service Learning in Health Promotion,,HLTH,,
HLTH 4920,Independent Study,,HLTH,,
HLTH 4960,Advanced Teaching in Health Education,,HLTH,,
HLTH 4990,Health Internship,,HLTH,,
HETH 3100,Community Healthcare: Issues and Services,,HETH,,
HETH 3110,Healthcare Research,,HETH,,
HETH 3120,International Health: Problems and Issues,,HETH,,
HETH 4100,Healthcare Leadership and Management,,HETH,,
HETH 4110,Trends and Issues in Healthcare,,HETH,,
HIST 1010,Survey Western Civilization I,,HIST,,
HIST 1015,Themes in Western Civilization,,HIST,,
HIST 1020,Survey Western Civilization II,,HIST,,
HIST 1110,Survey World Civilization I,,HIST,,
HIST 1115,Themes in World Civilization,,HIST,,
HIST 1120,Survey World Civilization II,,HIST,,
HIST 2010,Survey of United States History I,,HIST,,
HIST 2020,Survey of United States History II,,HIST,,
HIST 2030,Tennessee History,,HIST,,
HIST 2040,Survey African American History I,,HIST,,
HIST 2050,Survey African American History II,,HIST,,
HIST 2015,Themes in Early United States History,,HIST,,
HIST 2025,Themes in Modern United States History,,HIST,,
HIST 2035,Themes in Tennessee History,,HIST,,
HIST 2045,Themes in African American History,,HIST,,
HIST 3020,Topics in American History,,HIST,,
HIST 3030,Topics in African American History,,HIST,,
HIST 3040,Topics in American Cultural History,,HIST,,
HIST 3050,Topics in Southern Studies,,HIST,,
HIST 3110,Explorations in Public History,,HIST,,
HIST 3240,Religion and Politics in US History,,HIST,,
HIST 3870,Digital Public History,,HIST,,
HIST 4010,Colonial America,,HIST,,
HIST 4020,The American Revolution,,HIST,,
HIST 4030,"Jacksonian America, 1815-1850",,HIST,,
HIST 4040,Civil War and Reconstruction,,HIST,,
HIST 4045,The Great Depression,,HIST,,
HIST 4050,"Modern America, 1877-1914",,HIST,,
HIST 4070,Cold War America,,HIST,,
HIST 4160,Black Religious History,,HIST,,
HIST 4175,Nineteenth-Century America in Film,,HIST,,
HIST 4620,American Medical History,,HIST,,
HIST 4640,Environmental History,,HIST,,
HIST 4650,Religious Experience in America,,HIST,,
HIST 4690,Native American and Indigenous History,,HIST,,
HIST 4720,Boone’s and Crockett’s America,,HIST,,
HIST 4730,Everyday Life in America,,HIST,,
HIST 4740,American Cultural and Intellectual History,,HIST,,
HIST 4750,African American Social and Intellectual History,,HIST,,
HIST 4755,Race and Place: The Struggle for Fair Housing Since 1900,,HIST,,
HIST 4775,U.S. Women’s History,,HIST,,
HIST 4860,Historical Archaeology,,HIST,,
HIST 3090,Topics in European History,,HIST,,
HIST 3125,First World War,,HIST,,
HIST 3190,The History of the Holocaust,,HIST,,
HIST 4185,Twentieth Century Europe,,HIST,,
HIST 4210,Middle Ages,,HIST,,
HIST 4214,"Science, Religion, and Magic in Early Modern Europe",,HIST,,
HIST 4220,Renaissance Europe,,HIST,,
HIST 4230,Reformation Europe,,HIST,,
HIST 4250,French Revolution,,HIST,,
HIST 4260,Modern France and its Empire,,HIST,,
HIST 4330,The Russian Empire,,HIST,,
HIST 4340,The Soviet Experiment,,HIST,,
HIST 4360,Britain in the Nineteenth Century,,HIST,,
HIST 4370,Britain in the Twentieth Century,,HIST,,
HIST 4380,History of Ireland,,HIST,,
HIST 4420,The Medieval Mediterranean World,,HIST,,
HIST 4790,Women and Gender in Modern Europe,,HIST,,
HIST 4840,World War II,,HIST,,
HIST 3070,Topics in World History,,HIST,,
HIST 3130,The Vietnam War,,HIST,,
HIST 3150,Twentieth Century Global History,,HIST,,
HIST 4410,Classical History,,HIST,,
HIST 4425,Nationalism and Decolonization in Africa,,HIST,,
HIST 4430,Sub-Saharan Africa,,HIST,,
HIST 4435,African Slave Trade,,HIST,,
HIST 4440,The Middle East,,HIST,,
HIST 4445,The History of the Arab-Israeli Conflict,,HIST,,
HIST 4450,Japan,,HIST,,
HIST 4460,China,,HIST,,
HIST 4480,South America,,HIST,,
HIST 4490,Mexico and the Caribbean,,HIST,,
HIST 4510,"Aztecs, Incas, and the Spanish Conquest",,HIST,,
HIST 4520,"Latin America: Development, Diaspora, and Drugs",,HIST,,
HIST 4545,Nineteenth-Century Global Guerrilla War,,HIST,,
HIST 4550,Women and Politics in Modern Africa,,HIST,,
HIST 4560,Ancient Egypt,,HIST,,
HIST 4850,Material Culture Resources in World History,,HIST,,
HIST 2065,Themes in Global History,,HIST,,
HIST 3010,The Historian’s Craft,,HIST,,
HIST 3011,Teaching Historical Thinking,,HIST,,
HIST 3075,History Abroad,,HIST,,
HIST 3730,Research Methods in Historical Archaeology,,HIST,,
HIST 4950,Public History Internship,,HIST,,
HIST 4965,History Internship,,HIST,,
HIST 4970,Senior Independent Research,,HIST,,
HIST 4985,Senior Seminar,,HIST,,
HORS 1110,Introduction to Horse Care and Use,,HORS,,
HORS 2110,Basic Horsemanship,,HORS,,
HORS 2400,Fundamentals of Horsemanship,,HORS,,
HORS 2480,Equine Evaluation and Selection,,HORS,,
HORS 3040,Stable Management,,HORS,,
HORS 3300,Equine Health,,HORS,,
HORS 3400,Horsemanship-Equitation,,HORS,,
HORS 3410,Horse Breeds and Genetics,,HORS,,
HORS 3430,Horse Production,,HORS,,
HORS 3900,Horses and Horsemanship,,HORS,,
HORS 4040,Equine Event and Facility Management,,HORS,,
HORS 4090,Equine Reproduction and Breeding,,HORS,,
HORS 4170,Equine Industry,,HORS,,
HORS 4400,Advanced Horsemanship-Equitation,,HORS,,
HORS 4440,Equine Nutrition and Feeding,,HORS,,
HORS 4450,Techniques of Teaching Horsemanship,,HORS,,
HORS 4460,Behavior and Training of Horses,,HORS,,
HORS 4470,Advanced Western Competition,,HORS,,
HORS 4540,Equine Assisted Therapy,,HORS,,
HORS 4545,Equine Assisted Activities and Therapies II,,HORS,,
HORS 4550,Equine Exercise Physiology,,HORS,,
HORS 4580,Advanced Judging of Horses,,HORS,,
HDFS 2100,"Dating and Mating: The Science of Love, Sex, and Relationships",,HDFS,,
HDFS 3300,Caring Across Generations,,HDFS,,
HDFS 3320,Family Relations,,HDFS,,
HDFS 3340,Life Span Human Development,,HDFS,,
HDFS 3390,Child Development and Family Studies Professional Seminar,,HDFS,,
HDFS 4041,Seminar in Human Development and Family Science,,HDFS,,
HDFS 4051,Advanced Problems in Human Development and Family Science,,HDFS,,
HDFS 4101,Internship in Human Development and Family Science,,HDFS,,
HDFS 4140,Violence in the Family,,HDFS,,
HDFS 4310,Human Development III,,HDFS,,
HDFS 4340,The Contemporary Family,,HDFS,,
HDFS 4350,Parenting,,HDFS,,
HDFS 4390,Families in Later Life,,HDFS,,
HDFS 4391,Aging Health and Development,,HDFS,,
HDFS 4400,Children in Healthcare Settings,,HDFS,,
HDFS 4710,Economic and Social Contexts of Individuals and Families,,HDFS,,
HDFS 4740,Advocacy and Public Policy for Individuals and Families Across the Lifespan,,HDFS,,
HDFS 4790,Family Life Program Development and Evaluation,,HDFS,,
HSC 1010,Career Orientation,,HSC,,
HSC 3020,Presentation Techniques,,HSC,,
HSC 3430,Housing,,HSC,,
HSC 4000,Senior Seminar,,HSC,,
HSC 4040,Seminar in Human Sciences,,HSC,,
HSC 4042,Seminar in Human Sciences: Nutrition and Food Science,,HSC,,
HSC 4044,Seminar in Human Sciences: Interior Design,,HSC,,
HSC 4050,Advanced Problems in Human Sciences,,HSC,,
HSC 4052,Advanced Problems in Human Sciences: Nutrition and Food Science,,HSC,,
HSC 4054,Advanced Problems in Human Sciences: Interior Design,,HSC,,
HSC 4100,Internship,,HSC,,
HSC 4102,Internship: Nutrition and Food Science,,HSC,,
HSC 4104,Internship: Interior Design,,HSC,,
HSC 4410,Consumer Economics,,HSC,,
HSC 4420,Personal and Family Management,,HSC,,
HSC 4450,Professionalism in Consumer Services,,HSC,,
HSC 4460,Global Topics in Human Sciences,,HSC,,
HUM 2130,Medical Vocabulary,,HUM,,
HUM 2610,Topics in World Literatures,,HUM,,
HUM 3000,Topics in World Language Linguistics,,HUM,,
HUM 3050,Introduction to Russian Culture,,HUM,,
HUM 3060,Popular Culture of Japan,,HUM,,
HUM 3065,Topics in Italian Culture,,HUM,,
HUM 3070,Brazilian Popular Culture,,HUM,,
HUM 3080,Cultures of Switzerland,,HUM,,
HUM 3086,Women’s Voices in Latin American Literatures,,HUM,,
HUM 3110,"Cityscapes: Paris, Scandal, and Revolution",,HUM,,
HUM 3365,Hispanic Writers in American Literature,,HUM,,
HUM 3400,Contemporary African Literature and Film,,HUM,,
HUM 3440,Monsters around the World,,HUM,,
HUM 3500,Latino Images in U.S. Film,,HUM,,
HUM 3550,Graphic Novels about the Middle East,,HUM,,
HUM 3600,Israeli Cinema,,HUM,,
HUM 3950,Women in the Middle Ages,,HUM,,
HUM 4000,Women of the Middle East: Representations and Perceptions,,HUM,,
HUM 4550,The Grail Legend in Film and Literature,,HUM,,
HUM 4610,Comparative Literature,,HUM,,
ILLU 3290,Introduction to Illustration,,ILLU,,
ILLU 4250,Editorial and Advertising Illustration,,ILLU,,
ILLU 4260,Illustration in Motion,,ILLU,,
ILLU 4270,Self Promotion for the Illustrator,,ILLU,,
ILLU 4280,Digital Illustration,,ILLU,,
ILLU 4300,Advanced Illustration,,ILLU,,
ILLU 4340,Stylizing the Figure for Illustration,,ILLU,,
ILLU 4350,Children’s Book Illustration and Design,,ILLU,,
ILLU 4360,Comic Book Illustration,,ILLU,,
ILLU 4370,Concept Art for Visual Storytelling,,ILLU,,
ILLU 4500,Illustration Lab,,ILLU,,
INFS 1000,Introduction to Computers and Related Topics,,INFS,,
INFS 1010,Social Networking and Collaborative Technologies,,INFS,,
INFS 2200,Introduction to Microcomputing,,INFS,,
INFS 2400,Web Development,,INFS,,
INFS 2600,Introduction to Software Development and Programming,,INFS,,
INFS 3100,Principles of Management Information Systems,,INFS,,
INFS 3110,Designing Digital Services,,INFS,,
INFS 3200,Business Application Development,,INFS,,
INFS 3400,Object Oriented Programming with C#.NET,,INFS,,
INFS 3450,Web Application Development,,INFS,,
INFS 3470,Python for Business Applications,,INFS,,
INFS 3700,Systems Analysis and Design,,INFS,,
INFS 3800,Information Systems Analysis and Design,,INFS,,
INFS 3900,Business Data Communications,,INFS,,
INFS 3990,Independent Study in Information Systems,,INFS,,
INFS 4100,Location Analytics,,INFS,,
INFS 4420,Information Systems Internship,,INFS,,
INFS 4740,Information Technology Management,,INFS,,
INFS 4790,Database Design and Development,,INFS,,
INFS 4840,Study Abroad,,INFS,,
INFS 4950,Advanced Web-Enabled Application Development,,INFS,,
INFS 4990,Independent Study in Information Systems,,INFS,,
IXD 3400,Interface Design,,IXD,,
IXD 3930,Introduction to Interaction Design,,IXD,,
IXD 4390,Digital Product Design,,IXD,,
IXD 4400,Emerging Methods in Interaction Design,,IXD,,
IXD 4410,Typography in Motion,,IXD,,
IAM 1010,Introduction to Interactive Media,,IAM,,
IAM 2500,Survey of Interactive Media,,IAM,,
IAM 3060,Writing for Interactive Experiences,,IAM,,
IAM 3065,Audiences and Messaging,,IAM,,
IAM 3210,Interactive Media Applications,,IAM,,
IAM 3610,Fundamentals of Game Theory and Design,,IAM,,
IAM 3670,Digital Media Law and Policy,,IAM,,
IAM 3850,Online Strategy and Search Engine Optimization,,IAM,,
IAM 3950,Content Strategy and Management,,IAM,,
IAM 4001,Professional Practices in Interactive Media,,IAM,,
IAM 4100,Professional Practice in Interactive Media,,IAM,,
IAM 4350,User Experience Fundamentals,,IAM,,
IAM 4450,Understanding Digital Analytics,,IAM,,
IAM 4460,Interactive Media Capstone,,IAM,,
IAM 4800,Seminar in Media Issues,,IAM,,
IAM 4950,Advanced Seminar-Interactive Media,,IAM,,
IMIC 4820,Practical Training in Microanalysis Techniques,,IMIC,,
IDES 1010,Interior Design Career Orientation,,IDES,,
IDES 1100,Design Thinking for Innovation,,IDES,,
IDES 2100,Interior Design Elements and Principles,,IDES,,
IDES 2110,Interior Design Communications,,IDES,,
IDES 2120,History of Interiors I,,IDES,,
IDES 2930,Cooperative Education,,IDES,,
IDES 2940,Cooperative Education,,IDES,,
IDES 3100,Design Process,,IDES,,
IDES 3110,Interior Detailing I,,IDES,,
IDES 3120,History of Interiors II,,IDES,,
IDES 3130,House Design,,IDES,,
IDES 3140,Interior Materials and Finishes,,IDES,,
IDES 3141,Sustainable Materials,,IDES,,
IDES 3200,Interior Perspective Sketching and Rendering,,IDES,,
IDES 3201,Design Representation and Analysis,,IDES,,
IDES 3210,Interior Design Computer Applications II,,IDES,,
IDES 3220,Studio I,,IDES,,
IDES 3240,Codes for Interiors,,IDES,,
IDES 3300,Interior Architecture Business Practices,,IDES,,
IDES 3310,Interior Design Computer Applications III,,IDES,,
IDES 3320,Studio II,,IDES,,
IDES 3330,"Lighting, Mechanical, and Environmental Systems",,IDES,,
IDES 3340,Studio III,,IDES,,
IDES 3341,Parametric Design,,IDES,,
IDES 3970,Cooperative Education,,IDES,,
IDES 3980,Cooperative Education,,IDES,,
IDES 4100,Interior Detailing II,,IDES,,
IDES 4109,Capstone I,,IDES,,
IDES 4110,Capstone II,,IDES,,
IDES 4120,Interior Design Portfolio,,IDES,,
IDES 4121,Portfolio Design,,IDES,,
IDES 4200,Studio IV,,IDES,,
IDES 4210,Studio V,,IDES,,
IDES 4410,Practicum,,IDES,,
IDES 4620,House Furnishings,,IDES,,
ITAL 1010,Elementary Italian I,,ITAL,,
ITAL 1020,Elementary Italian II,,ITAL,,
ITAL 2010,Intermediate Italian I,,ITAL,,
ITAL 2020,Intermediate Italian II,,ITAL,,
ITAL 3010,Advanced Italian I,,ITAL,,
ITAL 3020,Advanced Italian II,,ITAL,,
ITAL 3990,Study Abroad,,ITAL,,
JAPN 1000,Introduction to Japanese Culture and Language,,JAPN,,
JAPN 1010,Elementary Japanese I,,JAPN,,
JAPN 1020,Elementary Japanese II,,JAPN,,
JAPN 1040,Intensive Elementary Japanese,,JAPN,,
JAPN 2010,Intermediate Japanese I,,JAPN,,
JAPN 2020,Intermediate Japanese II,,JAPN,,
JAPN 3010,Advanced Japanese,,JAPN,,
JAPN 3015,Professional Japanese I,,JAPN,,
JAPN 3020,Advanced Japanese,,JAPN,,
JAPN 3030,Advanced Japanese III,,JAPN,,
JAPN 3035,Professional Japanese II,,JAPN,,
JAPN 3570,Introduction to Japanese Linguistics,,JAPN,,
JAPN 3900,Japan Study Abroad,,JAPN,,
JAPN 4000,Senior Workshop,,JAPN,,
JAPN 4010,Topics in Japanese Language and Culture,,JAPN,,
JAPN 4015,Special Topics in Advanced Japanese Language and Culture,,JAPN,,
JAPN 4020,Modern Japanese Literature,,JAPN,,
JAPN 4030,Form and Void: A Study of Japanese Poetics,,JAPN,,
JAPN 4040,Advanced Japanese in Cultural Context I,,JAPN,,
JAPN 4050,Advanced Japanese in Cultural Context II,,JAPN,,
JAPN 4570,Topics in Japanese Linguistics,,JAPN,,
JAPN 4600,Internship,,JAPN,,
JAPN 4900,Directed Study in Japanese,,JAPN,,
JHS 2010,Jewish Culture and Civilization,,JHS,,
JHS 3020,The Holocaust,,JHS,,
JHS 4500,Current Trends in Jewish and Holocaust Studies,,JHS,,
JHS 4970,Independent Research in Jewish and Holocaust Studies,,JHS,,
JOUR 1020,Introduction to Media and Entertainment,,JOUR,,
JOUR 2020,Introduction to Environmental Journalism and Communication,,JOUR,,
JOUR 2100,Media Training,,JOUR,,
JOUR 2132,Video Journalism Practices,,JOUR,,
JOUR 2200,Introduction to News Literacy,,JOUR,,
JOUR 2560,Podcasting,,JOUR,,
JOUR 2710,Media Writing,,JOUR,,
JOUR 2720,Digital Media Practices,,JOUR,,
JOUR 2800,Journalism and Media Topics,,JOUR,,
JOUR 2880,Careers in Journalism and Media,,JOUR,,
JOUR 3000,Journalism and Media in the Movies,,JOUR,,
JOUR 3020,Community Engagement Journalism,,JOUR,,
JOUR 3050,Principles of Health Communication,,JOUR,,
JOUR 3070,Introduction to Social Media Practice,,JOUR,,
JOUR 3090,Reporting,,JOUR,,
JOUR 3170,Digital Analytics and Certifications,,JOUR,,
JOUR 3240,Mobile Storytelling,,JOUR,,
JOUR 3332,Video Storytelling,,JOUR,,
JOUR 3333,Video Storytelling Lab,,JOUR,,
JOUR 3430,Audio Reporting,,JOUR,,
JOUR 3450,Editing,,JOUR,,
JOUR 3500,Video Reporting and Editing,,JOUR,,
JOUR 3520,Special Topics in Professional Issues,,JOUR,,
JOUR 3530,Feature Writing,,JOUR,,
JOUR 3560,Advanced Podcasting,,JOUR,,
JOUR 3570,Broadcast Announcing and Performance,,JOUR,,
JOUR 3580,MC Practicum,,JOUR,,
JOUR 3590,Magazine Writing and Editing,,JOUR,,
JOUR 3600,Digital and Media Literacy,,JOUR,,
JOUR 3640,Entertainment and Lifestyle Storytelling,,JOUR,,
JOUR 3650,"Free Expression, Media, and the American Public",,JOUR,,
JOUR 3660,Strategic Communication Research,,JOUR,,
JOUR 3720,News and Sports Producing,,JOUR,,
JOUR 3740,Advanced Electronic Media News Reporting and Producing,,JOUR,,
JOUR 3800,Journalism and Media Topics,,JOUR,,
JOUR 3841,Data Skills for Media Professionals,,JOUR,,
JOUR 3850,"Crime, Gender, and Media",,JOUR,,
JOUR 3880,Media Experiences,,JOUR,,
JOUR 4000,MC Internship,,JOUR,,
JOUR 4210,Media and Society,,JOUR,,
JOUR 4220,"Media, Environment, and Climate Change",,JOUR,,
JOUR 4240,"Television, Culture, and History",,JOUR,,
JOUR 4250,Media Law,,JOUR,,
JOUR 4300,Arts and Entertainment Reporting,,JOUR,,
JOUR 4350,Children and Media,,JOUR,,
JOUR 4400,Social Media and Society,,JOUR,,
JOUR 4440,Advanced Reporting,,JOUR,,
JOUR 4510,Media and Social Change,,JOUR,,
JOUR 4660,Scientific Approaches to Media,,JOUR,,
JOUR 4670,Cultural Approaches to Media,,JOUR,,
JOUR 4700,Mass Media and National Security,,JOUR,,
JOUR 4780,Media and Markets,,JOUR,,
JOUR 4790,Global News and World Media Cultures,,JOUR,,
JOUR 4800,Seminar in Media Issues,,JOUR,,
JOUR 4810,Global Comparative Media Systems,,JOUR,,
JOUR 4820,"Race, Gender, and Class in Media",,JOUR,,
JOUR 4850,Media Ethics,,JOUR,,
JOUR 4880,Professional Development,,JOUR,,
JOUR 4900,Independent Study of Media Issues,,JOUR,,
JOUR 4910,Research in Media Issues,,JOUR,,
LATN 1010,Elementary Latin I,,LATN,,
LATN 1020,Elementary Latin II,,LATN,,
LATN 2010,Intermediate Latin I,,LATN,,
LATN 2020,Intermediate Latin II,,LATN,,
LEAD 2000,Introduction to Leadership Studies,,LEAD,,
LEAD 3000,Leadership Tools and Self-Assessment,,LEAD,,
LEAD 3010,Leadership Skills and Development,,LEAD,,
LEAD 4001,Seminar in Leadership Studies,,LEAD,,
LEAD 4125,Leadership Development for Women,,LEAD,,
LSTS 2000,Leisure in Your Life,,LSTS,,
LSTS 3010,"Introduction to Leisure, Sport, and Tourism Studies",,LSTS,,
LSTS 3150,Foundations of Sport Industry and Esports,,LSTS,,
LSTS 3360,Camp Administration and Camp Counseling,,LSTS,,
LSTS 3370,Principles of Outdoor Recreation,,LSTS,,
LSTS 3371,Principles of Interpretation and Resource Education,,LSTS,,
LSTS 3380,"Disabilities and Diversity in Leisure, Sport, and Tourism",,LSTS,,
LSTS 3520,"Leadership and Group Processes in Leisure, Sport, and Tourism",,LSTS,,
LSTS 3530,"Program and Facility Planning in Leisure, Sport, and Tourism Studies",,LSTS,,
LSTS 3540,"Facility Operations in Leisure, Sport, and Tourism",,LSTS,,
LSTS 3560,"Field Studies in Leisure, Sport, and Tourism",,LSTS,,
LSTS 3570,Outdoor Pursuits Education,,LSTS,,
LSTS 4110,Youth Sport Programming and Administration,,LSTS,,
LSTS 4120,"Community Development through Leisure, Sport, and Tourism",,LSTS,,
LSTS 4250,Legal Issues in Sport and Leisure,,LSTS,,
LSTS 4470,Leisure and Aging,,LSTS,,
LSTS 4490,Campus Recreation,,LSTS,,
LSTS 4540,"Finance and Administration of Leisure, Sport, and Tourism Studies",,LSTS,,
LSTS 4570,Outdoor Recreation Workshop,,LSTS,,
LSTS 4580,Seminar in Recreation and Tourism Impacts,,LSTS,,
LSTS 4660,"Research and Evaluation of Leisure, Sport, and Tourism",,LSTS,,
LSTS 4700,Challenge Course Facilitation,,LSTS,,
LSTS 4790,Sport and Society,,LSTS,,
LSTS 4850,Cross-Cultural Perspectives in Leisure and Tourism,,LSTS,,
LSTS 4890,"Senior Seminar in Leisure, Sport, and Tourism",,LSTS,,
LSTS 4901,Internship in Outdoor Recreation,,LSTS,,
LSTS 4902,Internship in Recreation Administration,,LSTS,,
LSTS 4903,Internship in Sport Management,,LSTS,,
LSTS 4920,"Independent Study in Leisure, Sport, and Tourism Studies",,LSTS,,
REC 3980,Cooperative Education,,REC,,
LIBS 4150,"Books, Media, and Literacy for Children",,LIBS,,
LIBS 4160,"Books, Media, and Literacy for Young People and Adults",,LIBS,,
MGMT 3600,Innovation Acceleration,,MGMT,,
MGMT 3610,Principles of Management,,MGMT,,
MGMT 3620,Supply Chain Operations,,MGMT,,
MGMT 3640,Dashboarding Key Performance Indicators,,MGMT,,
MGMT 3705,Continuous Improvement/Problem Solving,,MGMT,,
MGMT 3715,International Sourcing,,MGMT,,
MGMT 3720,Supply Chain Distribution,,MGMT,,
MGMT 3725,Lean Project Management Principles,,MGMT,,
MGMT 3730,Management of Innovation,,MGMT,,
MGMT 3750,International Supply Chain Management,,MGMT,,
MGMT 3800,Managing Change and Conflict in Organizations,,MGMT,,
MGMT 3810,Human Resource Management,,MGMT,,
MGMT 3850,Building and Leading High Impact Teams,,MGMT,,
MGMT 3890,Decision Making for Managers and Leaders,,MGMT,,
MGMT 3940,Ethical Leadership in Business,,MGMT,,
MGMT 4000,Not-for-Profit Management,,MGMT,,
MGMT 4030,Not-for-Profit Strategic Decision Making and Program Evaluation,,MGMT,,
MGMT 4125,Leadership Development for Women,,MGMT,,
MGMT 4200,Leadership in Organizations,,MGMT,,
MGMT 4250,Diversity and Inclusion in Leadership,,MGMT,,
MGMT 4490,Industrial Relations Legislation,,MGMT,,
MGMT 4500,Employment Law for Business,,MGMT,,
MGMT 4510,Unions and Collective Bargaining,,MGMT,,
MGMT 4600,Strategies for Collaboration in Diverse Organizations,,MGMT,,
MGMT 4620,International Human Resource Management,,MGMT,,
MGMT 4640,Talent Acquisition and Management,,MGMT,,
MGMT 4650,Training and Development,,MGMT,,
MGMT 4660,Compensation Management,,MGMT,,
MGMT 4680,Behavior in Organizations,,MGMT,,
MGMT 4690,Strategic Innovations in Human Resource Management,,MGMT,,
MGMT 4700,Applications in Supply Chain Management,,MGMT,,
MGMT 4710,International Business,,MGMT,,
MGMT 4730,Global Comparative Management,,MGMT,,
MGMT 4810,Integrated Logistics Management,,MGMT,,
MGMT 4830,Performance Appraisal,,MGMT,,
MGMT 4860,Study Abroad,,MGMT,,
MGMT 4920,Small Business Management,,MGMT,,
MGMT 4950,Management Applied Experience,,MGMT,,
MGMT 4990,Independent Study,,MGMT,,
MKT 3010,Personal Branding,,MKT,,
MKT 3200,Marketing for Entrepreneurs,,MKT,,
MKT 3250,Artificial Intelligence in Marketing,,MKT,,
MKT 3820,Principles of Marketing,,MKT,,
MKT 3825,Marketing Analytics,,MKT,,
MKT 3830,Retailing and E-Commerce,,MKT,,
MKT 3840,Professional Selling,,MKT,,
MKT 3850,Digital Marketing and Promotion,,MKT,,
MKT 3855,Product Management,,MKT,,
MKT 3865,Sports Marketing,,MKT,,
MKT 3900,Social Media Marketing,,MKT,,
MKT 3910,Consumer Behavior,,MKT,,
MKT 3920,Entertainment Marketing,,MKT,,
MKT 3930,Marketing Research,,MKT,,
MKT 3950,Business-to-Business Marketing,,MKT,,
MKT 4170,Advanced Digital Marketing,,MKT,,
MKT 4200,Neuromarketing,,MKT,,
MKT 4510,Global Marketing,,MKT,,
MKT 4640,Entertainment Branding,,MKT,,
MKT 4800,Sales Management,,MKT,,
MKT 4840,Study Abroad,,MKT,,
MKT 4850,Advanced Selling,,MKT,,
MKT 4870,Services Marketing,,MKT,,
MKT 4890,Marketing Management,,MKT,,
MKT 4950,Marketing Internship,,MKT,,
MKT 4990,Independent Study,,MKT,,
MSE 1010,Step 1: Inquiry Approaches to Teaching,,MSE,,
MSE 2010,Step 2: Inquiry Lesson Design,,MSE,,
MSE 2500,Step 1/Step 2 Combination,,MSE,,
MSE 3330,Teaching Science in Secondary Grades,,MSE,,
MATH 1000,Essentials of Mathematics,,MATH,,
MATH 1010,Mathematics for General Studies,,MATH,,
MATH 1020,Mathematics Colloquium,,MATH,,
MATH 1410,Concepts and Structure of Elementary School Mathematics,,MATH,,
MATH 1420,Informal Geometry,,MATH,,
MATH 1530,Applied Statistics,,MATH,,
MATH 1630,"College Mathematics for Managerial, Social, and Life Sciences",,MATH,,
MATH 1710,College Algebra,,MATH,,
MATH 1720,Plane Trigonometry,,MATH,,
MATH 1730,Pre-Calculus,,MATH,,
MATH 1810,Applied Calculus I,,MATH,,
MATH 1910,Calculus I,,MATH,,
MATH 1920,Calculus II,,MATH,,
MATH 2010,Elements of Linear Algebra,,MATH,,
MATH 2050,Probability and Statistics,,MATH,,
MATH 2110,Data Analysis,,MATH,,
MATH 2530,Applied Statistics II,,MATH,,
MATH 2930,Cooperative Education,,MATH,,
MATH 2940,Cooperative Education,,MATH,,
MATH 3070,College Geometry,,MATH,,
MATH 3080,Discrete Structures,,MATH,,
MATH 3110,Calculus III,,MATH,,
MATH 3120,Differential Equations I,,MATH,,
MATH 3180,Introduction to Numerical Analysis,,MATH,,
MATH 3260,Differential Equations II,,MATH,,
MATH 3300,Discrete Mathematics for Middle Grades Teachers,,MATH,,
MATH 3310,Functions: Connecting Algebra and Geometry for Middle Grades Teachers,,MATH,,
MATH 3320,Teaching Mathematics in the Middle Grades,,MATH,,
MATH 3330,Teaching Mathematics in the Secondary Grades,,MATH,,
MATH 3340,Statistics and Probability for Teaching,,MATH,,
MATH 3460,Foundation of Higher Mathematics,,MATH,,
MATH 3970,Cooperative Education,,MATH,,
MATH 3980,Cooperative Education,,MATH,,
MATH 4010,Selected Topics in Elementary Mathematics,,MATH,,
MATH 4200,Introduction to Mathematics of Investment,,MATH,,
MATH 4230,Vector Analysis,,MATH,,
MATH 4250,Introduction to Analysis I,,MATH,,
MATH 4251,Introduction to Analysis II,,MATH,,
MATH 4270,Introduction to Topology,,MATH,,
MATH 4280,Undergraduate Research,,MATH,,
MATH 4310,Numerical Analysis I,,MATH,,
MATH 4320,Numerical Analysis II,,MATH,,
MATH 4420,Number Theory,,MATH,,
MATH 4470,Introduction to Modern Algebra,,MATH,,
MATH 4510,Abstract Algebra I,,MATH,,
MATH 4530,Abstract Algebra II,,MATH,,
MATH 4540,Topics in Secondary School Mathematics,,MATH,,
MATH 4600,Problems in Contemporary Mathematics,,MATH,,
MATH 4601,Problems in Contemporary Mathematics Complex Variables,,MATH,,
MATH 4602,Problems in Mathematics,,MATH,,
MATH 4620,History and Philosophy of Mathematics,,MATH,,
MATH 4700,Combinatorics and Graph Theory,,MATH,,
MATH 4740,Research Methods,,MATH,,
MATH 4800,Seminar in Mathematics with Technology,,MATH,,
MATH 4990,Seminar in Mathematics,,MATH,,
MES 2030,Literature of the Middle East,,MES,,
MES 2100,Introduction to Middle East Studies,,MES,,
MES 3100,Special Topics in Middle East Studies,,MES,,
MLED 2000,Characteristics of the Middle Level Learner,,MLED,,
MLED 3100,Experiencing Middle Level Education I,,MLED,,
MLED 3110,Field Experience in Middle Level Education,,MLED,,
MLED 3300,Instructional Technology in Middle Level Education,,MLED,,
MLED 4000,Methods of Teaching Middle Level Learners,,MLED,,
MLED 4200,Assessing the Middle Level Learner,,MLED,,
MLED 4340,Managing Middle Level Learning Environments,,MLED,,
MLED 4350,Theory to Practice in Middle Level Education,,MLED,,
MLED 4995,Directed Teaching in Middle Level Education,,MLED,,
MS 1000,Military Science Practicum (Elective),,MS,,
MS 1010,Introduction to the Army,,MS,,
MS 1011,Introduction to the Army Lab,,MS,,
MS 1020,Foundations of Leadership,,MS,,
MS 1021,Foundations of Leadership Lab,,MS,,
MS 2010,Leadership and Ethics,,MS,,
MS 2011,Leadership and Ethics Lab,,MS,,
MS 2020,Army Doctrine and Decision Making,,MS,,
MS 2021,Army Doctrine and Decision-Making Lab,,MS,,
MS 3000,Basic Military Science,,MS,,
MS 3080,U.S. Army History,,MS,,
MS 3110,Training Management and the Warfighting Function,,MS,,
MS 3111,Training Management and the Warfighting Function Lab,,MS,,
MS 3120,Applied Leadership in Small Unit Operations,,MS,,
MS 3121,Applied Leadership in Small Unit Operations Lab,,MS,,
MS 3130,Military Science Field Methods,,MS,,
MS 3140,Military Leadership and Management,,MS,,
MS 4110,The Army Officer,,MS,,
MS 4111,The Army Officer Lab,,MS,,
MS 4120,Company Grade Leadership,,MS,,
MS 4121,Company Grade Leadership Lab,,MS,,
MS 4520,Leading and Developing Teams,,MS,,
MODE 3040,Motion Graphics I,,MODE,,
MODE 3045,Live Production Graphics,,MODE,,
MODE 3320,Visual Effects,,MODE,,
MODE 3610,Theory and History of Motion Design,,MODE,,
MODE 4040,Motion Graphics II,,MODE,,
MODE 4985,Motion Design Capstone,,MODE,,
MUS 1010,Recital Attendance,,MUS,,
MUS 1030,Introduction to Music,,MUS,,
MUS 1500,Introduction to Piano,,MUS,,
MUS 1510,Class Voice I,,MUS,,
MUS 1530,Class Piano I,,MUS,,
MUS 1540,Class Piano II,,MUS,,
MUS 1550,Class Guitar I,,MUS,,
MUS 2530,Class Piano III,,MUS,,
MUS 2540,Class Piano IV,,MUS,,
MUS 2550,Keyboard Skills for Pianists I,,MUS,,
MUS 2560,Keyboard Skills for Pianists II,,MUS,,
MUS 2680,Music Industry Seminar,,MUS,,
MUS 2690,Foundations in Music Industry,,MUS,,
MUS 3130,Conducting in the Industry,,MUS,,
MUS 3140,Basic Conducting,,MUS,,
MUS 3150,Advanced Instrumental Conducting,,MUS,,
MUS 3160,Advanced Choral Conducting,,MUS,,
MUS 3170,Guitar Skills I,,MUS,,
MUS 4000,Special Topics in Music,,MUS,,
MUS 4100,Independent Study in Music,,MUS,,
MUS 4270,Music Internship,,MUS,,
MUS 4360,The Music Industry Professional,,MUS,,
MUS 4460,Bachelors of Arts in Music Capstone,,MUS,,
MUAP 2342,Private Instruction-Composition,,MUAP,,
MUAP 2351,Private Instruction-Piano,,MUAP,,
MUAP 2352,Private Instruction-Piano,,MUAP,,
MUAP 2354,Private Instruction-Piano,,MUAP,,
MUAP 2361,Private Instruction-Organ,,MUAP,,
MUAP 2362,Private Instruction-Organ,,MUAP,,
MUAP 2364,Private Instruction-Organ,,MUAP,,
MUAP 2371,Private Instruction-Voice,,MUAP,,
MUAP 2372,Private Instruction-Voice,,MUAP,,
MUAP 2374,Private Instruction-Voice,,MUAP,,
MUAP 2381,Private Instruction-Violin,,MUAP,,
MUAP 2382,Private Instruction-Violin,,MUAP,,
MUAP 2384,Private Instruction-Violin,,MUAP,,
MUAP 2391,Private Instruction-Violoncello,,MUAP,,
MUAP 2392,Private Instruction-Violoncello,,MUAP,,
MUAP 2394,Private Instruction-Violoncello,,MUAP,,
MUAP 2401,Private Instruction-String Bass,,MUAP,,
MUAP 2402,Private Instruction-String Bass,,MUAP,,
MUAP 2404,Private Instruction-String Bass,,MUAP,,
MUAP 2411,Private Instruction-Guitar,,MUAP,,
MUAP 2412,Private Instruction-Guitar,,MUAP,,
MUAP 2414,Private Instruction-Guitar,,MUAP,,
MUAP 2421,Private Instruction-Flute and Piccolo,,MUAP,,
MUAP 2422,Private Instruction-Flute and Piccolo,,MUAP,,
MUAP 2424,Private Instruction-Flute/Piccolo,,MUAP,,
MUAP 2431,Private Instruction-Oboe and English Horn,,MUAP,,
MUAP 2432,Private Instruction-Oboe and English Horn,,MUAP,,
MUAP 2434,Private Instruction-Oboe and English Horn,,MUAP,,
MUAP 2441,Private Instruction-Clarinet,,MUAP,,
MUAP 2442,Private Instruction-Clarinet,,MUAP,,
MUAP 2444,Private Instruction-Clarinet,,MUAP,,
MUAP 2451,Private Instruction-Bassoon,,MUAP,,
MUAP 2452,Private Instruction-Bassoon,,MUAP,,
MUAP 2454,Private Instruction-Bassoon,,MUAP,,
MUAP 2461,Private Instruction-Saxophone,,MUAP,,
MUAP 2462,Private Instruction-Saxophone,,MUAP,,
MUAP 2464,Private Instruction-Saxophone,,MUAP,,
MUAP 2471,Private Instruction-Trumpet,,MUAP,,
MUAP 2472,Private Instruction-Trumpet,,MUAP,,
MUAP 2474,Private Instruction-Trumpet,,MUAP,,
MUAP 2481,Private Instruction-French Horn,,MUAP,,
MUAP 2482,Private Instruction-French Horn,,MUAP,,
MUAP 2484,Private Instruction-French Horn,,MUAP,,
MUAP 2491,Private Instruction-Trombone,,MUAP,,
MUAP 2492,Private Instruction-Trombone,,MUAP,,
MUAP 2494,Private Instruction-Trombone,,MUAP,,
MUAP 2501,Private Instruction-Baritone and Euphonium,,MUAP,,
MUAP 2502,Private Instruction-Baritone and Euphonium,,MUAP,,
MUAP 2504,Private Instruction-Baritone and Euphonium,,MUAP,,
MUAP 2511,Private Instruction-Tuba,,MUAP,,
MUAP 2512,Private Instruction-Tuba,,MUAP,,
MUAP 2514,Private Instruction-Tuba,,MUAP,,
MUAP 2521,Private Instruction-Snare Drum and Keyboard Percussion,,MUAP,,
MUAP 2524,Private Instruction-Percussion,,MUAP,,
MUAP 2531,Private Instruction-Drum Set and Latin Percussion,,MUAP,,
MUAP 2541,Private Instruction-Timpani and Keyboard Percussion,,MUAP,,
MUAP 2554,Private Instruction-Harpsichord/Continuo,,MUAP,,
MUAP 2561,Private Instruction-Viola,,MUAP,,
MUAP 2562,Private Instruction-Viola,,MUAP,,
MUAP 2564,Private Instruction-Viola,,MUAP,,
MUAP 2571,Private Instruction-Harp,,MUAP,,
MUAP 2572,Private Instruction-Harp,,MUAP,,
MUAP 2574,Private Instruction-Harp,,MUAP,,
MUAP 2581,Private Instruction - Jazz Percussion,,MUAP,,
MUAP 2582,Private Instruction - Jazz Percussion,,MUAP,,
MUAP 2584,Private Instruction - Jazz Percussion,,MUAP,,
MUAP 2591,Private Instruction - Jazz Bass,,MUAP,,
MUAP 2592,Private Instruction - Jazz Bass,,MUAP,,
MUAP 2594,Private Instruction - Jazz Bass,,MUAP,,
MUAP 2601,Private Instruction - Jazz Guitar,,MUAP,,
MUAP 2602,Private Instruction - Jazz Guitar,,MUAP,,
MUAP 2604,Private Instruction - Jazz Guitar,,MUAP,,
MUAP 2611,Private Instruction - Jazz Piano,,MUAP,,
MUAP 2612,Private Instruction - Jazz Piano,,MUAP,,
MUAP 2614,Private Instruction - Jazz Piano,,MUAP,,
MUAP 2621,Private Instruction - Jazz Trombone,,MUAP,,
MUAP 2622,Private Instruction - Jazz Trombone,,MUAP,,
MUAP 2624,Private Instruction - Jazz Trombone,,MUAP,,
MUAP 2631,Private Instruction - Jazz Saxophone,,MUAP,,
MUAP 2632,Private Instruction - Jazz Saxophone,,MUAP,,
MUAP 2634,Private Instruction - Jazz Saxophone,,MUAP,,
MUAP 2641,Private Instruction - Jazz Trumpet,,MUAP,,
MUAP 2642,Private Instruction - Jazz Trumpet,,MUAP,,
MUAP 2644,Private Instruction - Jazz Trumpet,,MUAP,,
MUAP 2651,Private Instruction - Jazz Voice,,MUAP,,
MUAP 2652,Private Instruction - Jazz Voice,,MUAP,,
MUAP 2654,Private Instruction - Jazz Voice,,MUAP,,
MUAP 3800,Junior Recital,,MUAP,,
MUAP 4342,Private Instruction-Composition,,MUAP,,
MUAP 4343,"Jazz Arranging, Applied Study",,MUAP,,
MUAP 4351,Private Instruction-Piano,,MUAP,,
MUAP 4352,Private Instruction-Piano,,MUAP,,
MUAP 4353,Private Instruction-Piano,,MUAP,,
MUAP 4354,Private Instruction-Piano,,MUAP,,
MUAP 4364,Private Instruction-Organ,,MUAP,,
MUAP 4371,Private Instruction-Voice,,MUAP,,
MUAP 4372,Private Instruction-Voice,,MUAP,,
MUAP 4373,Private Instruction-Voice,,MUAP,,
MUAP 4374,Private Instruction-Voice,,MUAP,,
MUAP 4381,Private Instruction-Violin,,MUAP,,
MUAP 4382,Private Instruction-Violin,,MUAP,,
MUAP 4383,Private Instruction-Violin,,MUAP,,
MUAP 4384,Private Instruction-Violin,,MUAP,,
MUAP 4391,Private Instruction-Violoncello,,MUAP,,
MUAP 4392,Private Instruction-Violoncello,,MUAP,,
MUAP 4393,Private Instruction-Violoncello,,MUAP,,
MUAP 4394,Private Instruction-Violoncello,,MUAP,,
MUAP 4401,Private Instruction-String Bass,,MUAP,,
MUAP 4402,Private Instruction-String Bass,,MUAP,,
MUAP 4403,Private Instruction-String Bass,,MUAP,,
MUAP 4404,Private Instruction-String Bass,,MUAP,,
MUAP 4411,Private Instruction-Guitar,,MUAP,,
MUAP 4412,Private Instruction-Guitar,,MUAP,,
MUAP 4413,Private Instruction-Guitar,,MUAP,,
MUAP 4414,Private Instruction-Guitar,,MUAP,,
MUAP 4421,Private Instruction-Flute and Piccolo,,MUAP,,
MUAP 4422,Private Instruction-Flute and Piccolo,,MUAP,,
MUAP 4423,"Private Instruction-Flute, Piccolo",,MUAP,,
MUAP 4424,Private Instruction-Flute/Piccolo,,MUAP,,
MUAP 4431,Private Instruction-Oboe and English Horn,,MUAP,,
MUAP 4432,Private Instruction-Oboe and English Horn,,MUAP,,
MUAP 4433,Private Instruction-Oboe and English Horn,,MUAP,,
MUAP 4434,Private Instruction-Oboe and English Horn,,MUAP,,
MUAP 4441,Private Instruction-Clarinet,,MUAP,,
MUAP 4442,Private Instruction-Clarinet,,MUAP,,
MUAP 4443,Private Instruction-Clarinet,,MUAP,,
MUAP 4444,Private Instruction-Clarinet,,MUAP,,
MUAP 4451,Private Instruction-Bassoon,,MUAP,,
MUAP 4452,Private Instruction-Bassoon,,MUAP,,
MUAP 4453,Private Instruction-Bassoon,,MUAP,,
MUAP 4454,Private Instruction-Bassoon,,MUAP,,
MUAP 4461,Private Instruction-Saxophone,,MUAP,,
MUAP 4462,Private Instruction-Saxophone,,MUAP,,
MUAP 4463,Private Instruction-Saxophone,,MUAP,,
MUAP 4464,Private Instruction-Saxophone,,MUAP,,
MUAP 4471,Private Instruction-Trumpet,,MUAP,,
MUAP 4472,Private Instruction-Trumpet,,MUAP,,
MUAP 4473,Private Instruction-Trumpet,,MUAP,,
MUAP 4474,Private Instruction-Trumpet,,MUAP,,
MUAP 4481,Private Instruction-French Horn,,MUAP,,
MUAP 4482,Private Instruction-French Horn,,MUAP,,
MUAP 4483,Private Instruction-French Horn,,MUAP,,
MUAP 4484,Private Instruction-French Horn,,MUAP,,
MUAP 4491,Private Instruction-Trombone,,MUAP,,
MUAP 4492,Private Instruction-Trombone,,MUAP,,
MUAP 4493,Private Instruction-Trombone,,MUAP,,
MUAP 4494,Private Instruction-Trombone,,MUAP,,
MUAP 4501,Private Instruction-Baritone and Euphonium,,MUAP,,
MUAP 4502,Private Instruction-Baritone and Euphonium,,MUAP,,
MUAP 4503,Private Instruction-Baritone and Euphonium,,MUAP,,
MUAP 4504,Private Instruction-Baritone and Euphonium,,MUAP,,
MUAP 4511,Private Instruction-Tuba,,MUAP,,
MUAP 4512,Private Instruction-Tuba,,MUAP,,
MUAP 4513,Private Instruction-Tuba,,MUAP,,
MUAP 4514,Private Instruction-Tuba,,MUAP,,
MUAP 4521,Private Instruction-Snare Drum and Keyboard Percussion,,MUAP,,
MUAP 4523,Private Instruction-Percussion,,MUAP,,
MUAP 4524,Private Instruction-Percussion,,MUAP,,
MUAP 4531,Private Instruction-Drum Set and Latin Percussion,,MUAP,,
MUAP 4541,Private Instruction-Timpani and Keyboard Percussion,,MUAP,,
MUAP 4554,Private Instruction-Harpsichord/Continuo,,MUAP,,
MUAP 4561,Private Instruction-Viola,,MUAP,,
MUAP 4562,Private Instruction-Viola,,MUAP,,
MUAP 4563,Private Instruction-Viola,,MUAP,,
MUAP 4564,Private Instruction-Viola,,MUAP,,
MUAP 4571,Private Instruction-Harp,,MUAP,,
MUAP 4572,Private Instruction-Harp,,MUAP,,
MUAP 4573,Private Instruction-Harp,,MUAP,,
MUAP 4574,Private Instruction-Harp,,MUAP,,
MUAP 4581,Private Instruction - Jazz Percussion,,MUAP,,
MUAP 4582,Private Instruction - Jazz Percussion,,MUAP,,
MUAP 4583,Private Instruction - Jazz Percussion,,MUAP,,
MUAP 4584,Private Instruction - Jazz Percussion,,MUAP,,
MUAP 4591,Private Instruction - Jazz Bass,,MUAP,,
MUAP 4592,Private Instruction - Jazz Bass,,MUAP,,
MUAP 4593,Private Instruction - Jazz Bass,,MUAP,,
MUAP 4594,Private Instruction - Jazz Bass,,MUAP,,
MUAP 4601,Private Instruction - Jazz Guitar,,MUAP,,
MUAP 4602,Private Instruction - Jazz Guitar,,MUAP,,
MUAP 4603,Private Instruction - Jazz Guitar,,MUAP,,
MUAP 4604,Private Instruction - Jazz Guitar,,MUAP,,
MUAP 4611,Private Instruction - Jazz Piano,,MUAP,,
MUAP 4612,Private Instruction - Jazz Piano,,MUAP,,
MUAP 4613,Private Instruction - Jazz Piano,,MUAP,,
MUAP 4614,Private Instruction - Jazz Piano,,MUAP,,
MUAP 4621,Private Instruction - Jazz Trombone,,MUAP,,
MUAP 4622,Private Instruction - Jazz Trombone,,MUAP,,
MUAP 4623,Private Instruction - Jazz Trombone,,MUAP,,
MUAP 4624,Private Instruction - Jazz Trombone,,MUAP,,
MUAP 4631,Private Instruction - Jazz Saxophone,,MUAP,,
MUAP 4632,Private Instruction - Jazz Saxophone,,MUAP,,
MUAP 4633,Private Instruction - Jazz Saxophone,,MUAP,,
MUAP 4634,Private instruction - Jazz Saxophone,,MUAP,,
MUAP 4641,Private Instruction - Jazz Trumpet,,MUAP,,
MUAP 4642,Private Instruction - Jazz Trumpet,,MUAP,,
MUAP 4643,Private Instruction - Jazz Trumpet,,MUAP,,
MUAP 4644,Private Instruction - Jazz Trumpet,,MUAP,,
MUAP 4651,Private Instruction - Jazz Voice,,MUAP,,
MUAP 4652,Private Instruction - Jazz Voice,,MUAP,,
MUAP 4653,Private Instruction - Jazz Voice,,MUAP,,
MUAP 4654,Private Instruction - Jazz Voice,,MUAP,,
MUAP 4800,Partial Senior Recital,,MUAP,,
MUAP 4900,Senior Recital,,MUAP,,
MUED 1310,Woodwind Techniques I,,MUED,,
MUED 1320,Percussion Techniques,,MUED,,
MUED 1330,Brass Techniques,,MUED,,
MUED 1410,String Techniques,,MUED,,
MUED 1500,Beginning Band Methods,,MUED,,
MUED 2000,Philosophy and Introduction to Music Education,,MUED,,
MUED 2210,Instrumental Techniques for Music Classroom,,MUED,,
MUED 2310,Choral Music Lab,,MUED,,
MUED 2320,Instrumental Music Lab,,MUED,,
MUED 3190,General Music in the Middle and Senior High School,,MUED,,
MUED 3200,Music in the Elementary Grades for Music Majors,,MUED,,
MUED 3210,Music in the Elementary Grades for Non-Music Majors,,MUED,,
MUED 3220,Choral Music in the Middle and Senior High School,,MUED,,
MUED 3230,Instrumental Materials,,MUED,,
MUED 3250,Band Organization and Marching Band Techniques,,MUED,,
MUED 3260,Orchestra Organization and Techniques,,MUED,,
MUED 3310,Woodwind Techniques II,,MUED,,
MUED 4210,General Music Program K-6,,MUED,,
MUED 4670,Music for the Young Child,,MUED,,
MUED 4680,Music Education Seminar,,MUED,,
MUEN 3000,Accompanying,,MUEN,,
MUEN 3100,The Band of Blue Marching Band,,MUEN,,
MUEN 3110,Symphonic Band,,MUEN,,
MUEN 3120,Wind Ensemble,,MUEN,,
MUEN 3140,Concert Band,,MUEN,,
MUEN 3150,Choral Music Lab,,MUEN,,
MUEN 3200,Concert Chorale,,MUEN,,
MUEN 3210,Tenor Bass Chorale,,MUEN,,
MUEN 3220,Soprano Alto Chorale,,MUEN,,
MUEN 3230,Schola Cantorum,,MUEN,,
MUEN 3240,MTSU Singers,,MUEN,,
MUEN 3250,Opera Theater,,MUEN,,
MUEN 3260,University Chorus,,MUEN,,
MUEN 3270,Musical Theatre Production,,MUEN,,
MUEN 3300,Symphony Orchestra,,MUEN,,
MUEN 3360,Concert Orchestra,,MUEN,,
MUEN 3400,Jazz Ensemble,,MUEN,,
MUEN 3410,Salsa Band,,MUEN,,
MUEN 3420,Commercial Music Ensemble,,MUEN,,
MUEN 3430,Jazz Combo,,MUEN,,
MUEN 3431,Jazz Improvisation Lab,,MUEN,,
MUEN 3500,Percussion Ensemble,,MUEN,,
MUEN 3510,Steel Band,,MUEN,,
MUEN 3700,Mixed Chamber Ensemble,,MUEN,,
MUEN 3710,Brass Chamber Ensembles,,MUEN,,
MUEN 3720,Guitar Chamber Ensembles,,MUEN,,
MUEN 3730,Piano Chamber Ensembles,,MUEN,,
MUEN 3740,String Chamber Ensemble,,MUEN,,
MUEN 3750,Woodwind Chamber Ensemble,,MUEN,,
MUEN 3760,Chinese Music Ensemble,,MUEN,,
MUEN 3770,MTSU Chamber Orchestra,,MUEN,,
MUHL 1610,The World of Music,,MUHL,,
MUHL 1615,Nashville and Its Music,,MUHL,,
MUHL 3010,History of Western Art Music I,,MUHL,,
MUHL 3020,History of Western Art Music II,,MUHL,,
MUHL 3120,Masterworks of Classical Music,,MUHL,,
MUHL 3140,History of Rock ‘n’ Roll,,MUHL,,
MUHL 3150,Musics of the South,,MUHL,,
MUHL 3670,Studies in North American Popular Music,,MUHL,,
MUHL 3680,Studies in Latin American Music,,MUHL,,
MUHL 3910,Styles and Analysis of Jazz,,MUHL,,
MUHL 4060,Survey of Guitar Literature,,MUHL,,
MUHL 4130,Survey of World Music,,MUHL,,
MUHL 4530,History of Jazz,,MUHL,,
MUHL 4540,History of Black Gospel Music,,MUHL,,
MUHL 4550,Hip-Hop Music and Culture,,MUHL,,
MUHL 4630,Seventeenth- and Eighteenth-Century Music,,MUHL,,
MUHL 4640,Nineteenth-Century Music,,MUHL,,
MUHL 4650,Twentieth-Century Music,,MUHL,,
MUHL 4660,American Music,,MUHL,,
MUHL 4710,Vocal Literature,,MUHL,,
MUHL 4730,Brass Literature,,MUHL,,
MUHL 4740,Percussion Literature,,MUHL,,
MUHL 4750,String Literature,,MUHL,,
MUHL 4760,Woodwind Literature,,MUHL,,
MUHL 4790,Orchestral and Wind Ensemble Literature,,MUHL,,
MUHL 4800,Art Music and African Americans,,MUHL,,
MUHL 4810,Women In Music,,MUHL,,
MUHL 4840,Musical Theatre History,,MUHL,,
MUHL 4850,Piano Literature I,,MUHL,,
MUHL 4860,Piano Literature II,,MUHL,,
MUHL 4870,Harp Literature,,MUHL,,
MUPD 2180,Diction for Singers I (English and Latin),,MUPD,,
MUPD 2190,Diction for Singers II (Italian),,MUPD,,
MUPD 2200,Diction for Singers III (German),,MUPD,,
MUPD 2210,Diction for Singers IV (French),,MUPD,,
MUPD 3050,Jazz Pedagogy,,MUPD,,
MUPD 4110,Advanced Brass Pedagogy,,MUPD,,
MUPD 4120,Advanced Percussion Pedagogy,,MUPD,,
MUPD 4130,Advanced String Pedagogy,,MUPD,,
MUPD 4140,Advanced Woodwind Pedagogy,,MUPD,,
MUPD 4150,Advanced Harp Pedagogy,,MUPD,,
MUPD 4310,Vocal Pedagogy,,MUPD,,
MUPD 4350,Guitar Pedagogy,,MUPD,,
MUPD 4360,Piano Pedagogy I,,MUPD,,
MUPD 4370,Piano Pedagogy II,,MUPD,,
MUPD 4380,Group Piano Pedagogy,,MUPD,,
MUTH 1000,Elements of Music,,MUTH,,
MUTH 1110,Theory and Aural Skills I,,MUTH,,
MUTH 1120,Theory and Aural Skills II,,MUTH,,
MUTH 2110,Theory and Aural Skills III,,MUTH,,
MUTH 2120,Theory and Aural Skills IV,,MUTH,,
MUTH 3110,Counterpoint,,MUTH,,
MUTH 3160,Jazz Theory,,MUTH,,
MUTH 4110,Form and Analysis,,MUTH,,
MUTH 4130,Orchestration and Arranging,,MUTH,,
MUTH 4180,Improvisation,,MUTH,,
MUTH 4190,Principles and Practices of Electronic Music,,MUTH,,
MUTH 4270,Choral Arranging,,MUTH,,
MUTH 4290,MIDI Sequencing and Virtual Instruments,,MUTH,,
NURS 3000,Professionalism in Nursing,,NURS,,
NURS 3010,Pathophysiology,,NURS,,
NURS 3030,Health Assessment,,NURS,,
NURS 3040,Health Assessment Laboratory,,NURS,,
NURS 3041,Clinical Skills Lab,,NURS,,
NURS 3042,Basic Dosage Calculation,,NURS,,
NURS 3045,Basic Assessment and Introductory Skills Clinical,,NURS,,
NURS 3170,Clinical Pharmacology in Nursing,,NURS,,
NURS 3350,Introduction to Nursing Practice,,NURS,,
NURS 3360,Introduction to Nursing Practice-Clinical,,NURS,,
NURS 3380,Caring for Clients with Mental Health Alterations,,NURS,,
NURS 3390,Mental Health Clinical,,NURS,,
NURS 3530,Caring for Adult Clients I,,NURS,,
NURS 3540,Caring for Adult Clients I-Clinical,,NURS,,
NURS 3550,Caring for the Childbearing Family,,NURS,,
NURS 3560,Caring for the Childbearing Family-Clinical,,NURS,,
NURS 3580,Health and Gerontology,,NURS,,
NURS 4005,Independent Health Care Study,,NURS,,
NURS 4330,Caring for Adult Clients II,,NURS,,
NURS 4340,Caring for Adult Clients II-Clinical,,NURS,,
NURS 4370,Caring for the Community as Client,,NURS,,
NURS 4380,Community Clinical,,NURS,,
NURS 4390,Health Care Research,,NURS,,
NURS 4570,Professional Practice and Leadership,,NURS,,
NURS 4585,Caring for Children and Teen Clients,,NURS,,
NURS 4586,Caring for Children and Teen Clients-Clinical,,NURS,,
NURS 4590,Capstone Clinical,,NURS,,
NFS 1000,Careers in Nutrition and Food Science,,NFS,,
NFS 1010,Career Orientation in Dietetics,,NFS,,
NFS 1030,Food and Nutrition Literacy,,NFS,,
NFS 1240,Introduction to Nutrition and Wellness,,NFS,,
NFS 2100,Cultural Food Studies,,NFS,,
NFS 2220,Nutrition for the Health Sciences,,NFS,,
NFS 3000,Nutrition Principles for Physical Activity and Health,,NFS,,
NFS 3200,Food Science,,NFS,,
NFS 3201,Food Science Lab,,NFS,,
NFS 3210,The Art and Science of Meal Prepping,,NFS,,
NFS 3260,Community Nutrition,,NFS,,
NFS 3280,Sports Nutrition,,NFS,,
NFS 3330,Nutrition for the Nursing Profession,,NFS,,
NFS 3400,Food Safety and Sanitation,,NFS,,
NFS 4000,Senior Seminar in Nutrition and Food Science,,NFS,,
NFS 4010,Professional Issues in Dietetics,,NFS,,
NFS 4020,Senior Seminar in Dietetics,,NFS,,
NFS 4090,Field Experience in Foods and Nutrition,,NFS,,
NFS 4100,Food Service Management for Culinary Arts,,NFS,,
NFS 4102,Internship in Nutrition and Food Science,,NFS,,
NFS 4210,Nutrition in Aging,,NFS,,
NFS 4240,Experimental Food Study,,NFS,,
NFS 4241,Experimental Food Study Lab,,NFS,,
NFS 4250,Life Cycle Nutrition,,NFS,,
NFS 4251,Nutrition for the Young Child,,NFS,,
NFS 4260,Food Safety Issues from Production to Consumption,,NFS,,
NFS 4270,Advanced Nutrition I,,NFS,,
NFS 4271,Advanced Nutrition II,,NFS,,
NFS 4275,Applied Nutrition Across the Lifespan,,NFS,,
NFS 4285,Successful Approaches in Dietetics Research,,NFS,,
NFS 4300,Medical Nutrition Therapy I,,NFS,,
NFS 4305,Nutrition Coaching and Counseling Skills,,NFS,,
NFS 4310,Medical Nutrition Therapy II,,NFS,,
NFS 4320,Food Systems Management,,NFS,,
NFS 4322,Dietetics Management,,NFS,,
NFS 4500,Nutrition Education,,NFS,,
NFS 4550,Nutrition and Weight Management,,NFS,,
NFS 4555,Food Laws and Regulations,,NFS,,
NFS 4570,Fundamentals of Culinary Arts,,NFS,,
NFS 4810,The Food Industry,,NFS,,
PLEG 3010,Litigation,,PLEG,,
PLEG 3410,Family Law,,PLEG,,
PLEG 3420,Torts,,PLEG,,
PLEG 4010,Internship,,PLEG,,
PHIL 1030,Introduction to Philosophy,,PHIL,,
PHIL 2110,Elementary Logic and Critical Thinking,,PHIL,,
PHIL 3120,Perspectives on Science and Math,,PHIL,,
PHIL 3150,Ethics,,PHIL,,
PHIL 3160,Philosophy of Happiness,,PHIL,,
PHIL 3170,Ethics and Computing Technology,,PHIL,,
PHIL 3200,Asian Thought,,PHIL,,
PHIL 3300,Philosophy of Religion,,PHIL,,
PHIL 3310,Atheism and Philosophy,,PHIL,,
PHIL 3340,Environmental Ethics,,PHIL,,
PHIL 3345,Bioethics,,PHIL,,
PHIL 3350,"American Philosophy, British Roots: A Walk Across the Pond",,PHIL,,
PHIL 3500,"Philosophy, Race, and Society",,PHIL,,
PHIL 3600,Philosophy and Film,,PHIL,,
PHIL 3690,Social Philosophy,,PHIL,,
PHIL 4010,History of Ancient and Medieval Philosophy,,PHIL,,
PHIL 4020,History of Modern Philosophy,,PHIL,,
PHIL 4050,Nineteenth-Century Philosophy,,PHIL,,
PHIL 4100,Aesthetics,,PHIL,,
PHIL 4130,Philosophy and Literature,,PHIL,,
PHIL 4150,Formal Logic,,PHIL,,
PHIL 4200,Existentialism,,PHIL,,
PHIL 4240,Recent Continental Philosophy,,PHIL,,
PHIL 4250,Philosophy of Gender,,PHIL,,
PHIL 4300,American Philosophy,,PHIL,,
PHIL 4350,Philosophy of Language,,PHIL,,
PHIL 4400,Analytic Philosophy,,PHIL,,
PHIL 4450,Marx and Marxism,,PHIL,,
PHIL 4500,Philosophy of Science,,PHIL,,
PHIL 4550,Philosophy of Mind,,PHIL,,
PHIL 4560,Philosophy of Music,,PHIL,,
PHIL 4600,Philosophy of History,,PHIL,,
PHIL 4800,Readings in Philosophy,,PHIL,,
PHOT 1050,Basic Digital Photography,,PHOT,,
PHOT 1800,Narrative Strategies in Photography,,PHOT,,
PHOT 2000,History of Photography,,PHOT,,
PHOT 2500,Photographic Lighting I,,PHOT,,
PHOT 3100,Contemporary Issues in Photography,,PHOT,,
PHOT 3200,Intermediate Digital Photography,,PHOT,,
PHOT 3300,Picturing People,,PHOT,,
PHOT 3510,Documentary Practices in Photography,,PHOT,,
PHOT 3520,Alternative Processes in Photography,,PHOT,,
PHOT 3530,Archiving Photography,,PHOT,,
PHOT 3540,Exploring Camera Formats,,PHOT,,
PHOT 3550,Photographic Lighting II,,PHOT,,
PHOT 3560,Advanced Digital Printing,,PHOT,,
PHOT 3580,Photography Practicum,,PHOT,,
PHOT 3900,Photography Seminar,,PHOT,,
PHOT 4000,Photography Internship,,PHOT,,
PHOT 4001,Professional Practices in Photography,,PHOT,,
PHOT 4040,Color Photo Communication II,,PHOT,,
PHOT 4270,Photo Illustration,,PHOT,,
PHOT 4500,Special Topics in Photography,,PHOT,,
PHOT 4510,Photobooks,,PHOT,,
PHOT 4900,Photography Capstone I,,PHOT,,
PHOT 4910,Photography Capstone II,,PHOT,,
PHED 1020,Beginning Social Dance,,PHED,,
PHED 1040,Beginning Tennis,,PHED,,
PHED 1080,Beginning Bowling,,PHED,,
PHED 1110,Casting and Fishing Techniques,,PHED,,
PHED 1120,Backpacking and Hiking,,PHED,,
PHED 1150,Beginning Badminton,,PHED,,
PHED 1160,Beginning Archery,,PHED,,
PHED 1180,Aerobic Walking,,PHED,,
PHED 1182,Introduction to Lifetime Activities,,PHED,,
PHED 1183,Beginning Pickleball,,PHED,,
PHED 1190,Body Conditioning,,PHED,,
PHED 1200,Beginning Weight Training,,PHED,,
PHED 1210,Beginning Basketball,,PHED,,
PHED 1220,Beginning Soccer,,PHED,,
PHED 1250,Self Defense,,PHED,,
PHED 1270,Yoga,,PHED,,
PHED 1271,Intermediate Yoga,,PHED,,
PHED 1272,Advanced Yoga,,PHED,,
PHED 1280,Beginning Pilates,,PHED,,
PHED 1281,Intermediate Pilates,,PHED,,
PHED 1300,Personal Conditioning,,PHED,,
PHED 2020,Beginning Golf,,PHED,,
PHED 2270,Beginning Volleyball,,PHED,,
PHED 2320,Advanced Weight Training,,PHED,,
PHED 2800,Introduction to Physical Education,,PHED,,
PHED 3200,Holistic and Integrative Movement Techniques I,,PHED,,
PHED 3250,Workshops and Instructional Methods in Health Education,,PHED,,
PHED 3300,First Aid and Safety Education,,PHED,,
PHED 3430,"Skill Themes: Games, Gymnastics, and Rhythms",,PHED,,
PHED 3500,Physical Education for Early Childhood,,PHED,,
PHED 3720,Fitness Education K-12,,PHED,,
PHED 3760,Teaching Water Safety,,PHED,,
PHED 3810,Directing Intramurals,,PHED,,
PHED 3850,Foundations of Physical Education,,PHED,,
PHED 3900,Adapted Physical Education,,PHED,,
PHED 3910,Officiating,,PHED,,
PHED 3930,Concepts and Tactics of Teaching Games,,PHED,,
PHED 4000,Pedagogy of Physical Education,,PHED,,
PHED 4001,Pedagogy of Physical Education Practicum,,PHED,,
PHED 4250,Internship,,PHED,,
PHED 4340,Fitness Education for the Adult,,PHED,,
PHED 4400,Motor Behavior,,PHED,,
PHED 4470,Educational Rhythms for Teachers,,PHED,,
PHED 4710,Authentic Assessment in Teaching Physical Education,,PHED,,
PHED 4780,Curriculum in Physical Education,,PHED,,
PHED 4800,Elementary Physical Education Teaching Methods,,PHED,,
PHED 4801,Elementary Physical Education Residency Field Experience,,PHED,,
PHED 4900,Secondary Physical Education Teaching Methods,,PHED,,
PHED 4901,Secondary Physical Education Residency Field Experience,,PHED,,
PHED 4910,Applied Kinesiology and Biomechanics,,PHED,,
PHED 4920,Independent Study,,PHED,,
PHED 4930,Teaching Territory Games,,PHED,,
PHED 4940,Teaching Net and Wall Games,,PHED,,
PHED 4960,Advanced Teaching in Physical Education,,PHED,,
PHED 4990,Seminar in Teaching Physical Education,,PHED,,
PGEO 1000,Geoscience Orientation,,PGEO,,
PGEO 1030,Physical Geography,,PGEO,,
PGEO 3200,"Environment, Society, and Hazards",,PGEO,,
PGEO 3401,Field Studies in Physical Geography,,PGEO,,
PGEO 4000,Climatology and Climate Change,,PGEO,,
PGEO 4010,Biogeography,,PGEO,,
PGEO 4020,"Environmental Issues, Impacts, and Sustainability",,PGEO,,
PGEO 4280,Special Topics and Problems in Physical Geography,,PGEO,,
PGEO 4380,Cartography,,PGEO,,
PGEO 4490,Remote Sensing,,PGEO,,
PGEO 4510,Laboratory Problems in Remote Sensing,,PGEO,,
PGEO 4511,Advanced Remote Sensing,,PGEO,,
PGEO 4520,Image Interpretation,,PGEO,,
PGEO 4530,Geographic Information Systems,,PGEO,,
PGEO 4560,Intermediate Geographic Information Systems,,PGEO,,
PGEO 4570,Advanced Geographic Information Systems,,PGEO,,
PGEO 4571,Internship in Physical Geography,,PGEO,,
PSCI 1030,Topics in Physical Science,,PSCI,,
PSCI 1031,Topics in Physical Science Lab,,PSCI,,
PSCI 1130,Contemporary Issues in Science,,PSCI,,
PSCI 1131,Activities for Contemporary Issues in Science,,PSCI,,
PSCI 3890,Physical Science Instruction Internship,,PSCI,,
PSCI 4030,Experimental Physical Science,,PSCI,,
PSCI 4080,Problems in Physical Science,,PSCI,,
PHYS 1010,Physics Colloquium,,PHYS,,
PHYS 1110,Discovering Physics,,PHYS,,
PHYS 1600,Physics of Music,,PHYS,,
PHYS 2010,Non-Calculus-Based Physics I,,PHYS,,
PHYS 2011,Physics Problems Laboratory I,,PHYS,,
PHYS 2020,Non-Calculus-Based Physics II,,PHYS,,
PHYS 2021,Physics Problems Laboratory II,,PHYS,,
PHYS 2110,Calculus-Based Physics I,,PHYS,,
PHYS 2111,Calculus-Based Physics Laboratory I,,PHYS,,
PHYS 2120,Calculus-Based Physics II,,PHYS,,
PHYS 2121,Calculus-Based Physics Laboratory II,,PHYS,,
PHYS 2270,Introduction to Quantum Computing,,PHYS,,
PHYS 3050,Directed Study in Physics,,PHYS,,
PHYS 3100,Modern Physics I,,PHYS,,
PHYS 3110,Modern Physics II,,PHYS,,
PHYS 3111,Modern Physics Laboratory,,PHYS,,
PHYS 3150,Topics and Methods of Theoretical Physics I,,PHYS,,
PHYS 3160,Topics and Methods of Theoretical Physics II,,PHYS,,
PHYS 3200,Scientific Modeling and Problem Solving,,PHYS,,
PHYS 3300,Classical Mechanics,,PHYS,,
PHYS 3330,Health Physics and Radiation Protection,,PHYS,,
PHYS 3350,Concepts and Applications of Analog Electronics,,PHYS,,
PHYS 3370,Quantum Computing Applications,,PHYS,,
PHYS 3400,Intermediate Physics,,PHYS,,
PHYS 3520,Optics and Photonics,,PHYS,,
PHYS 3610,Thermodynamics,,PHYS,,
PHYS 3800,Physics Seminar,,PHYS,,
PHYS 3900,Physics Practicum,,PHYS,,
PHYS 3910,Advanced Physics Laboratory,,PHYS,,
PHYS 3920,Advanced Physics Laboratory,,PHYS,,
PHYS 3930,The Teaching of Physics,,PHYS,,
PHYS 3950,Reasoning in Physics I: Mechanics,,PHYS,,
PHYS 3960,Reasoning in Physics II: Electricity and Magnetism,,PHYS,,
PHYS 4310,Electricity and Magnetism,,PHYS,,
PHYS 4330,Electricity and Magnetism II,,PHYS,,
PHYS 4380,Quantum Mechanics,,PHYS,,
PHYS 4390,Advanced Quantum Mechanics,,PHYS,,
PHYS 4630,Principles of the Solid State,,PHYS,,
PHYS 4740,Research Methods,,PHYS,,
PHYS 4800,"Special Topics in Physics, Special Topics A",,PHYS,,
PHYS 4810,"Special Topics in Physics, Special Topics B",,PHYS,,
PHYS 4850,Physics Research,,PHYS,,
PHYS 4860,Physics Research,,PHYS,,
PHYS 4900,Physics Senior Thesis,,PHYS,,
PLSO 1101,Introduction to Ornamental Horticulture,,PLSO,,
PLSO 1610,Elements of Plant Science,,PLSO,,
PLSO 3330,Field Crop Production,,PLSO,,
PLSO 3340,Fundamentals of Soil Science,,PLSO,,
PLSO 3350,Soil Fertility and Fertilizer,,PLSO,,
PLSO 3360,Irrigation and Drainage,,PLSO,,
PLSO 3370,Soil Analysis,,PLSO,,
PLSO 3600,Horticulture in Our Lives,,PLSO,,
PLSO 3630,Agroforestry,,PLSO,,
PLSO 3640,Woody Landscape Plants,,PLSO,,
PLSO 3660,Vegetable Gardening,,PLSO,,
PLSO 3670,Fruit Production,,PLSO,,
PLSO 3700,Fundamentals of Precision Agriculture,,PLSO,,
PLSO 3850,Wine Science and Industry,,PLSO,,
PLSO 4000,Agroecosystems Remote Sensing Using UAS,,PLSO,,
PLSO 4200,Fruit and Vegetable Marketing,,PLSO,,
PLSO 4300,Plant Protection,,PLSO,,
PLSO 4310,Forage Crops,,PLSO,,
PLSO 4320,Plant Physiology,,PLSO,,
PLSO 4330,Turf Management,,PLSO,,
PLSO 4340,Genesis of Soil Landscapes,,PLSO,,
PLSO 4350,Soil Survey and Land Use,,PLSO,,
PLSO 4370,Soil and Water Conservation,,PLSO,,
PLSO 4380,Interior Landscaping,,PLSO,,
PLSO 4390,Urban and Sports Turf Soils,,PLSO,,
PLSO 4500,Agroecology,,PLSO,,
PLSO 4610,Arboriculture,,PLSO,,
PLSO 4620,Greenhouse Management,,PLSO,,
PLSO 4630,Floriculture,,PLSO,,
PLSO 4640,Landscaping,,PLSO,,
PLSO 4660,Nursery Management,,PLSO,,
PLSO 4670,Plant Propagation,,PLSO,,
PLSO 4680,Internship in Plant and Soil Science,,PLSO,,
PLSO 4690,Crop Ecophysiology,,PLSO,,
PLSO 4730,Soil Physical Properties,,PLSO,,
PLSO 4750,Agricultural Biotechnology,,PLSO,,
PLSO 4760,"Herbs, Spices, and Medicinal Plants in Our Lives",,PLSO,,
PGA 2000,Professional Development in Political and Global Affairs,,PGA,,
PGA 2100,Understanding Data and Research in Political and Global Affairs,,PGA,,
PGA 4030,Human Rights,,PGA,,
PGA 4150,Global Issues in Human Trafficking,,PGA,,
PGA 4275,NGOs and Non-Profits,,PGA,,
PGA 4800,Senior Seminar,,PGA,,
PS 1005,Introduction to American Politics,,PS,,
PS 1010,Introduction to Global Politics,,PS,,
PS 1015,Introduction to Political Theory,,PS,,
PS 1040,"Dystopias, Dictators, and Democracies",,PS,,
PS 2000,Political Science and International Relations as a Profession,,PS,,
PS 2020,State and Local Government,,PS,,
PS 2100,Legal Courtroom Procedure,,PS,,
PS 2105,Introduction to Latin American Studies,,PS,,
PS 2110,Moot Court,,PS,,
PS 2120,Mediation Procedure,,PS,,
PS 2130,Model United Nations and Crisis Simulation,,PS,,
PS 2440,Law and the Legal System,,PS,,
PS 3001,Research Methods in Political Science,,PS,,
PS 3010,Women’s Rights in American Law,,PS,,
PS 3050,The U.S. Presidency,,PS,,
PS 3060,The U.S. Congress,,PS,,
PS 3100,Politics and Film,,PS,,
PS 3110,Politics and Literature,,PS,,
PS 3150,Humanitarian Aid and Crisis,,PS,,
PS 3160,American Public Policy,,PS,,
PS 3170,Civil Rights Policy and Politics,,PS,,
PS 3210,International Relations,,PS,,
PS 3220,Comparative Politics,,PS,,
PS 3250,Public Management,,PS,,
PS 3318,Liberalism and Conservatism,,PS,,
PS 3320,Public Opinion,,PS,,
PS 3330,Political Parties,,PS,,
PS 3335,International Development,,PS,,
PS 3340,"Political Campaign Communication, Media, and Management",,PS,,
PS 3350,Interest Groups and Social Change,,PS,,
PS 3360,Law and Policy,,PS,,
PS 3370,American Constitutional Law I: Government Powers,,PS,,
PS 3380,American Constitutional Law II: Civil Liberties and Civil Rights,,PS,,
PS 3400,Municipal Policy and Politics,,PS,,
PS 3420,African American Politics,,PS,,
PS 3425,African American Political Thought,,PS,,
PS 3430,Comparative Public Policy,,PS,,
PS 3440,Public Budgeting,,PS,,
PS 3450,The Politics of Social Welfare Policy,,PS,,
PS 3490,Alternative Dispute Resolution,,PS,,
PS 3500,International Law,,PS,,
PS 3530,Legal Writing and Research,,PS,,
PS 3550,Democratic Participation and Civic Advocacy,,PS,,
PS 3600,U.S. Environmental Policy,,PS,,
PS 3610,Environmental Justice,,PS,,
PS 3780,Study Abroad,,PS,,
PS 3910,International Organization,,PS,,
PS 4015,Topics in Law and Courts,,PS,,
PS 4040,Pre-Law Internship,,PS,,
PS 4070,Political Violence and Terrorism,,PS,,
PS 4120,Tennessee Government,,PS,,
PS 4180,Contemporary African Politics,,PS,,
PS 4190,Contemporary Middle East Politics,,PS,,
PS 4200,Directed Studies,,PS,,
PS 4210,"International Conflict: Causes, Consequences, and Responses",,PS,,
PS 4230,Classical Political Theory,,PS,,
PS 4240,American Foreign Policy,,PS,,
PS 4260,Women and Public Policy,,PS,,
PS 4270,Non-profit and NGO Internship,,PS,,
PS 4271,Political Campaigns and Politics Internships,,PS,,
PS 4280,The Washington Experience,,PS,,
PS 4290,Public Service Internship,,PS,,
PS 4300,Policymaking in the European Union,,PS,,
PS 4310,Comparative Asian Government,,PS,,
PS 4325,Chinese Politics,,PS,,
PS 4360,Legislative Internship,,PS,,
PS 4390,Special Topics in Political Science,,PS,,
PS 4510,International Political Economy,,PS,,
PS 4550,Climate Change Policy and Politics,,PS,,
PS 4560,Identity and the Law,,PS,,
PS 4590,Administrative Law,,PS,,
PS 4600,Environmental Law,,PS,,
PS 4630,Public Human Resources Management,,PS,,
PS 4650,Totalitarianism,,PS,,
PS 4660,Constitutional Interpretation,,PS,,
PS 4690,International Relations of the Middle East,,PS,,
PS 4700,American Political Thought,,PS,,
PS 4770,Russian Politics,,PS,,
PS 4801,Senior Seminar in International Relations,,PS,,
PS 4820,Topics in American Politics,,PS,,
PS 4830,Topics in Public Policy and Management,,PS,,
PS 4850,Topics in Comparative Politics,,PS,,
PS 4860,Topics in International Relations,,PS,,
PS 4870,Topics in Political Theory,,PS,,
PS 4900,Latin American Politics,,PS,,
PS 4920,Modern Political Theory,,PS,,
PS 4930,Introduction to Contemporary Political Philosophy,,PS,,
PS 4950,Community-Based Research Practicum,,PS,,
PS 4970,Undergraduate Research,,PS,,
PORT 1010,Elementary Portuguese I,,PORT,,
PORT 1020,Elementary Portuguese II,,PORT,,
PORT 1040,Intensive Elementary Portuguese,,PORT,,
PORT 2010,Intermediate Portuguese I,,PORT,,
PORT 2020,Intermediate Portuguese II,,PORT,,
PORT 2040,Intensive Intermediate Portuguese,,PORT,,
PORT 3010,Advanced Portuguese I,,PORT,,
PORT 3020,Advanced Portuguese II,,PORT,,
PORT 3990,Study Abroad,,PORT,,
POUL 1000,Introduction to Poultry Science,,POUL,,
POUL 3000,Backyard and Small Poultry Flock Production,,POUL,,
POUL 3490,Commercial Poultry Production,,POUL,,
POUL 3600,Poultry Evaluation,,POUL,,
POUL 3650,Poultry Processing,,POUL,,
POUL 3700,Poultry Nutrition and Feeding,,POUL,,
POUL 4000,Poultry Reproduction and Breeder Management,,POUL,,
POUL 4900,Undergraduate Research in Poultry Science,,POUL,,
PRST 2000,Introduction to Interdisciplinary Studies,,PRST,,
PRST 3010,Prior Learning Assessment,,PRST,,
PRST 3030,Senior Career Development Seminar,,PRST,,
PRST 3500,Integrated Studies Career Development Seminar,,PRST,,
PRST 3995,Interdisciplinary Research and Problem Solving,,PRST,,
PRST 4000,Public Safety Capstone,,PRST,,
PRST 4110,Internship for Professional Studies and Integrated Studies Majors,,PRST,,
PRST 4410,Evaluation of Learning,,PRST,,
PRST 4470,Facilitation of Learning,,PRST,,
PRST 4510,Using Teams to Facilitate Organizational Development,,PRST,,
PRST 4520,Leading and Developing Teams,,PRST,,
PRST 4600,Statistics for Professionals,,PRST,,
PRST 4995,Senior Capstone,,PRST,,
PRST 4997,Practicum for Integrated and Professional Studies,,PRST,,
PRST 4999,Applied Leadership Capstone,,PRST,,
PSY 1410,General Psychology,,PSY,,
PSY 1420,Psychology of Adjustment,,PSY,,
PSY 2000,Seminar on Careers in Psychology,,PSY,,
PSY 2180,Intelligence and Creativity,,PSY,,
PSY 2190,Introduction to Biopsychology,,PSY,,
PSY 2210,Psychology of Social Behavior,,PSY,,
PSY 2300,Developmental Psychology,,PSY,,
PSY 3020,Basic Statistics for Behavioral Science,,PSY,,
PSY 3070,Research Methods,,PSY,,
PSY 3071,Research Methods Lab,,PSY,,
PSY 3230,Psychological Disorders,,PSY,,
PSY 3240,Psychological Disorders in Childhood,,PSY,,
PSY 3250,Perspectives on Black Psychology,,PSY,,
PSY 3320,Workplace Psychology,,PSY,,
PSY 3590,Personality,,PSY,,
PSY 3750,Introduction to Clinical Psychology,,PSY,,
PSY 3990,Research in Psychology,,PSY,,
PSY 4010,Laboratory in Psychology: Honors,,PSY,,
PSY 4030,Psychology of Sensation and Perception,,PSY,,
PSY 4040,Introduction to Cognitive Psychology,,PSY,,
PSY 4050,Applied Psychopharmacology,,PSY,,
PSY 4060,Sport Psychology,,PSY,,
PSY 4070,Advanced Statistics for the Behavioral Sciences,,PSY,,
PSY 4080,Advanced Research Methods,,PSY,,
PSY 4110,Issues and Ethics in Mental Health Services,,PSY,,
PSY 4120,Psychology of Criminal Behavior,,PSY,,
PSY 4130,Laboratory in Psychology,,PSY,,
PSY 4140,Laboratory in Psychology,,PSY,,
PSY 4190,Child Development,,PSY,,
PSY 4210,Adolescent Development,,PSY,,
PSY 4220,Correctional Psychology,,PSY,,
PSY 4240,Behavioral Neuroscience,,PSY,,
PSY 4260,Introduction to Psychological Testing,,PSY,,
PSY 4270,Personnel Selection and Placement,,PSY,,
PSY 4290,Compensation System Design and Administration,,PSY,,
PSY 4330,Industrial and Organizational Training and Development,,PSY,,
PSY 4340,Human Factors Psychology,,PSY,,
PSY 4360,Organizational Psychology,,PSY,,
PSY 4365,People Analytics,,PSY,,
PSY 4370,Motivation and Work Attitudes,,PSY,,
PSY 4380,Group Dynamics,,PSY,,
PSY 4390,Persuasion,,PSY,,
PSY 4400,Introduction to Applied Behavior Analysis,,PSY,,
PSY 4430,Ethical Conduct in Behavior Analysis,,PSY,,
PSY 4440,Social Psychology of Close Relationships,,PSY,,
PSY 4460,Psychology of Happiness and Well-Being,,PSY,,
PSY 4470,Theories of Counseling,,PSY,,
PSY 4480,Learning Theories,,PSY,,
PSY 4490,Operant Conditioning,,PSY,,
PSY 4600,Psychosexual Adjustment,,PSY,,
PSY 4610,Adult Development and Aging,,PSY,,
PSY 4620,Psychology of Women,,PSY,,
PSY 4630,Death and Dying,,PSY,,
PSY 4650,Health Psychology,,PSY,,
PSY 4660,Psychology Seminar Special Topics,,PSY,,
PSY 4680,Psychology Seminar General-Experimental,,PSY,,
PSY 4700,History and Systems of Psychology,,PSY,,
PSY 4720,Cross-Cultural Psychology,,PSY,,
PSY 4730,Internship: Industrial/Organizational,,PSY,,
PSY 4740,Apprenticeship-Developmental,,PSY,,
PSY 4750,Apprenticeship-Pre-Clinical,,PSY,,
PSY 4780,Human Neuropsychology,,PSY,,
PSY 4810,Teams in Organizations,,PSY,,
PSY 4820,Psychology of Language,,PSY,,
PSY 4830,Occupational Health Psychology,,PSY,,
PR 2040,Public Relations Principles,,PR,,
PR 3060,Strategic Planning for Public Relations,,PR,,
PR 3360,Strategic Communication Writing for Public Relations,,PR,,
PR 3380,Public Relations Publications,,PR,,
PR 3400,Case Studies in Public Relations,,PR,,
PR 3520,Special Topics in Professional Issues,,PR,,
PR 3530,Advanced Writing for Public Relations,,PR,,
PR 3800,Journalism and Media Topics,,PR,,
PR 4251,Media Relations,,PR,,
PR 4720,Crisis Communication in Public Relations,,PR,,
PR 4740,Public Relations Campaigns,,PR,,
PWR 3000,Public Writing and Rhetoric,,PWR,,
PWR 3010,Community Writing,,PWR,,
PWR 3020,Digital Writing,,PWR,,
PWR 3030,Cultural Rhetorics,,PWR,,
PWR 3610,Professional Editing,,PWR,,
PWR 4000,Experimental Writing,,PWR,,
PWR 4210,Narrative Design for Games,,PWR,,
PWR 4500,Special Topics in Public Writing and Rhetoric,,PWR,,
PWR 4999,Writing Your Future,,PWR,,
READ 1000,Reading Skills Enrichment,,READ,,
READ 1010,Reading Lab,,READ,,
READ 3010,"Literacy I, K-5",,READ,,
READ 4010,"Literacy II, K-5",,READ,,
READ 4035,Language and Literacy in the Middle Grades,,READ,,
READ 4300,Disciplinary Literacy in the Middle Grades,,READ,,
RIM 1020,Introduction to Media and Entertainment,,RIM,,
RIM 1230,Commercial Musicianship,,RIM,,
RIM 3000,History of the Recording Industry,,RIM,,
RIM 3010,Audio Fundamentals,,RIM,,
RIM 3011,Survey of Audio Technology,,RIM,,
RIM 3020,Commercial Songwriting,,RIM,,
RIM 3100,Introduction to Popular Music Studies,,RIM,,
RIM 3115,Songwriting Instrumentation: Guitar,,RIM,,
RIM 3116,Songwriting Instrumentation: Piano,,RIM,,
RIM 3117,Commercial Guitar II,,RIM,,
RIM 3118,Commercial Piano II,,RIM,,
RIM 3200,History of Country Music,,RIM,,
RIM 3250,Living in James Brown’s America: From Doo Wop to Hip Hop,,RIM,,
RIM 3300,Digital Audio Technology,,RIM,,
RIM 3400,Live Event Technologies,,RIM,,
RIM 3450,Advanced Commercial Musicianship,,RIM,,
RIM 3500,Lecture Series,,RIM,,
RIM 3550,Amp and Lens: The Music Industry Through Documentaries,,RIM,,
RIM 3580,RIM Practicum,,RIM,,
RIM 3600,Survey of the Recording Industry,,RIM,,
RIM 3650,"Free Expression, Media, and the American Public",,RIM,,
RIM 3690,International Entertainment Transactions,,RIM,,
RIM 3700,Entertainment Intellectual Property I,,RIM,,
RIM 3720,Artist Management,,RIM,,
RIM 3770,Publicity in the Recording Industry,,RIM,,
RIM 3780,Entertainment Reporting and Writing,,RIM,,
RIM 3808,Sampling the Past: Hip Hop History and Culture,,RIM,,
RIM 3890,International Recording Industry,,RIM,,
RIM 3900,Music Publishing,,RIM,,
RIM 3950,Live Concert Planning,,RIM,,
RIM 4000,Recording Industry Internship: Business,,RIM,,
RIM 4005,Recording Industry Internship: Songwriting,,RIM,,
RIM 4010,Audio Internship,,RIM,,
RIM 4020,Advanced Commercial Songwriting,,RIM,,
RIM 4025,Songwriting Practicum,,RIM,,
RIM 4030,Performance Skills for Artists and Songwriters,,RIM,,
RIM 4035,Songwriting for Film and TV,,RIM,,
RIM 4040,Commercial Voice I,,RIM,,
RIM 4045,Commercial Voice II,,RIM,,
RIM 4100,Audio Signals and Systems,,RIM,,
RIM 4101,Pro Tools 101+110 Certification,,RIM,,
RIM 4190,Introduction to MIDI and Sound Synthesis,,RIM,,
RIM 4201,ProTools 201+210 Certification,,RIM,,
RIM 4210,Logic Pro for Songwriting,,RIM,,
RIM 4250,Live Event Talent Booking,,RIM,,
RIM 4290,MIDI Based Music Production,,RIM,,
RIM 4300,Advanced Pro Tools Techniques,,RIM,,
RIM 4320,Concert Promotion and Touring,,RIM,,
RIM 4321,Advanced Concert Promotion,,RIM,,
RIM 4330,Sound Reinforcement,,RIM,,
RIM 4333,Sound System Design and Optimization,,RIM,,
RIM 4335,Advanced Sound Reinforcement,,RIM,,
RIM 4337,Live Event Production,,RIM,,
RIM 4390,Electronic Music and Controllerism,,RIM,,
RIM 4400,Recording Studio Techniques,,RIM,,
RIM 4410,Venue Management,,RIM,,
RIM 4420,Talent Agency Fundamentals,,RIM,,
RIM 4430,Bob Dylan and the Spirit of Creativity,,RIM,,
RIM 4431,Recording Industry Professionalism,,RIM,,
RIM 4440,Critical Listening,,RIM,,
RIM 4480,Mastering,,RIM,,
RIM 4490,Broadcast Audio Technology and Methods,,RIM,,
RIM 4510,Study Abroad,,RIM,,
RIM 4567,Practices for the DIY Recording Artist,,RIM,,
RIM 4570,Film Sound Theory and Analysis,,RIM,,
RIM 4575,Sound Effects Design for Picture,,RIM,,
RIM 4580,Sound for Picture,,RIM,,
RIM 4585,Advanced Sound for Picture,,RIM,,
RIM 4590,MIDI Based Scoring for Visual Media,,RIM,,
RIM 4600,Mixing Techniques and Technologies,,RIM,,
RIM 4615,Introduction to Immersive Audio,,RIM,,
RIM 4620,Marketing of Recordings,,RIM,,
RIM 4630,Recording Industry Research,,RIM,,
RIM 4635,Marketing of Live Events,,RIM,,
RIM 4640,Entertainment Branding,,RIM,,
RIM 4650,Multitrack Music Recording,,RIM,,
RIM 4660,Advanced Music Engineering,,RIM,,
RIM 4670,Studio Production,,RIM,,
RIM 4690,Digital Strategies for the Music Business,,RIM,,
RIM 4700,Entertainment Intellectual Property II,,RIM,,
RIM 4714,Immersive Mixing for Music and Picture,,RIM,,
RIM 4720,Record Retail Operation,,RIM,,
RIM 4730,The A&R Function,,RIM,,
RIM 4740,Independent Contracting: Pro Audio Freelance,,RIM,,
RIM 4800,Understanding the Nashville Music Business-Past and Future,,RIM,,
RIM 4810,Topics in Recording Industry,,RIM,,
RIM 4820,Record Label Operations,,RIM,,
RIM 4830,Recording Studio Maintenance,,RIM,,
RIM 4840,Music Publishing Administration,,RIM,,
RIM 4900,Independent Study,,RIM,,
RIM 4910,Topics in Audio Production,,RIM,,
RS 1030,Introduction to World Religions,,RS,,
RS 2030,Religion and Society,,RS,,
RS 2100,Introduction to Religion in the Middle East,,RS,,
RS 2500,Religion and Sports,,RS,,
RS 3010,The Bible: Its Origin and Content,,RS,,
RS 3020,Comparative Religion,,RS,,
RS 3030,Mapping Religious Diversity,,RS,,
RS 3040,The History of Christianity,,RS,,
RS 3050,Rites of Passage,,RS,,
RS 3060,Pilgrimage and Sacred Journeys,,RS,,
RS 3070,Supernatural Encounters,,RS,,
RS 3080,Mystical Traditions,,RS,,
RS 3090,Native American Religion and Spirituality,,RS,,
RS 3500,Race and Religion,,RS,,
RS 3600,Religion and Film,,RS,,
RS 4010,Global Christianity,,RS,,
RS 4020,Jesus of Nazareth,,RS,,
RS 4030,Contemporary Issues in Indigenous Religions,,RS,,
RS 4040,"Hinduism, Buddhism, and Asian Religions",,RS,,
RS 4050,"Judaism, Christianity, and Islam",,RS,,
RS 4060,Buddhism in Asian Cultures,,RS,,
RS 4080,Islamic Traditions,,RS,,
RS 4120,Cults and New Religious Movements,,RS,,
RS 4130,Religion and Law,,RS,,
RS 4140,Religions of Tibet,,RS,,
RS 4150,Religion and Nationalism,,RS,,
RS 4160,Religious Biographies,,RS,,
RS 4170,Qur’an and Culture,,RS,,
RS 4201,Women and Religion,,RS,,
RS 4600,Religion and Public Life Internship,,RS,,
RS 4700,Special Topics in Religious Studies,,RS,,
RS 4800,Readings in Religious Studies,,RS,,
RS 4900,Seminar in Religious Studies,,RS,,
RUSS 1010,Elementary Russian I,,RUSS,,
RUSS 1020,Elementary Russian II,,RUSS,,
RUSS 2010,Intermediate Russian I,,RUSS,,
RUSS 2020,Intermediate Russian II,,RUSS,,
RUSS 3010,Advanced Russian I,,RUSS,,
SAFE 4320,Principles of Accident Control,,SAFE,,
SAFE 4850,Driver and Traffic Safety Fundamentals,,SAFE,,
SAFE 4870,Advanced Driver and Traffic Safety,,SAFE,,
SPSE 3220,Technology in Teaching,,SPSE,,
SPSE 4260,Problems in Education,,SPSE,,
SW 2000,"Social, Economic, and Environmental Justice",,SW,,
SW 2010,Professional Writing for Social Work Practice,,SW,,
SW 2570,Introduction to Social Work,,SW,,
SW 2630,Interviewing Skills for Social Work Practice,,SW,,
SW 2750,Introduction to Substance Abuse,,SW,,
SW 3000,Social Policy,,SW,,
SW 3010,Technology in Social Work,,SW,,
SW 3040,Financial Literacy for Service Professions,,SW,,
SW 3050,Poverty and Society,,SW,,
SW 3060,Case Management,,SW,,
SW 3110,Research Methods for Social Work Practice,,SW,,
SW 3120,Data Analysis for Social Work Practice,,SW,,
SW 3160,Human Behavior and the Social Environment I: Conception to Adolescence,,SW,,
SW 3161,Human Behavior and the Social Environment II: Young Adulthood to Death/Dying,,SW,,
SW 3170,Family Caregiving Across the Life Span,,SW,,
SW 3200,Understanding People and Communities,,SW,,
SW 4010,Juvenile Justice,,SW,,
SW 4020,Social Work with Older Adults,,SW,,
SW 4030,Child Welfare Services I,,SW,,
SW 4031,Child Welfare Services II,,SW,,
SW 4050,Introduction to Substance Use and Misuse,,SW,,
SW 4070,Social Work with the Military and Veterans,,SW,,
SW 4100,International Social Work,,SW,,
SW 4110,"At Risk Youth: Policies, Programs, and Interventions",,SW,,
SW 4150,Topics in Social Work,,SW,,
SW 4210,Social Work Practice in Criminal Justice Setting,,SW,,
SW 4240,Social Work and Health,,SW,,
SW 4250,School Social Work,,SW,,
SW 4260,Introduction to Sport Social Work,,SW,,
SW 4430,"Grief, Death, and Loss in Society",,SW,,
SW 4440,Services and Supports for People Across Abilities,,SW,,
SW 4580,Social Work: Practice I,,SW,,
SW 4581,Social Work Practice II,,SW,,
SW 4582,Social Work Practice III,,SW,,
SW 4590,Field Instruction I,,SW,,
SW 4640,"Health: Organizations, Policy, and Ethics",,SW,,
SW 4650,Social Work: Practice II,,SW,,
SW 4680,Field Instruction II,,SW,,
SW 4681,Practicum Education,,SW,,
SW 4690,Integrative Seminar in Social Work,,SW,,
SW 4720,Crisis Intervention,,SW,,
SW 4800,Special Projects,,SW,,
SOC 1010,Introductory Sociology,,SOC,,
SOC 2010,Social Problems,,SOC,,
SOC 2105,Introduction to Latin American Studies,,SOC,,
SOC 2150,Topics in Sociology,,SOC,,
SOC 2500,Marriage and Family,,SOC,,
SOC 2600,Introduction to Gerontology,,SOC,,
SOC 2980,Sociology as a Profession,,SOC,,
SOC 3040,Research Methods,,SOC,,
SOC 3050,Data Analysis,,SOC,,
SOC 3060,Sociological Theory,,SOC,,
SOC 3152,Sociology of Sex/ualities,,SOC,,
SOC 3210,Drugs in Society,,SOC,,
SOC 3250,Social Deviance,,SOC,,
SOC 3300,Diversity in the Workplace,,SOC,,
SOC 3400,Gender and Society,,SOC,,
SOC 3511,Social Justice,,SOC,,
SOC 3950,Social Organizations and Institutions,,SOC,,
SOC 4011,Social Inequality,,SOC,,
SOC 4020,Sociology of Aging,,SOC,,
SOC 4040,Health Care Delivery Issues,,SOC,,
SOC 4050,Sociology of Families,,SOC,,
SOC 4100,Work in the 21st Century,,SOC,,
SOC 4140,Violence in the Family,,SOC,,
SOC 4150,Topics in Sociology,,SOC,,
SOC 4151,Topics in Social Justice,,SOC,,
SOC 4152,Topics in Criminology,,SOC,,
SOC 4153,Topics in Work and Family,,SOC,,
SOC 4160,Sociology of Gangs,,SOC,,
SOC 4210,"Social Media: The Good, the Bad, and the Ugly",,SOC,,
SOC 4240,Race and Ethnic Relations,,SOC,,
SOC 4300,Criminology,,SOC,,
SOC 4360,Medical Sociology,,SOC,,
SOC 4361,Contemporary Issues in Women’s Health,,SOC,,
SOC 4400,Sex Trafficking,,SOC,,
SOC 4450,"Emotions in Society: Context, Structure and Identity",,SOC,,
SOC 4500,Social Interaction and Identities,,SOC,,
SOC 4511,Social Movements and Social Change,,SOC,,
SOC 4520,Population and Society,,SOC,,
SOC 4540,Juvenile Delinquency,,SOC,,
SOC 4550,Sociology of Religion,,SOC,,
SOC 4600,Strategies for Collaboration in Diverse Organizations,,SOC,,
SOC 4640,"Health: Organizations, Policy, and Ethics",,SOC,,
SOC 4650,Sociology of Law,,SOC,,
SOC 4660,Urban and Community Studies,,SOC,,
SOC 4725,Environmental Sociology,,SOC,,
SOC 4775,Animals and Society,,SOC,,
SOC 4790,Sport and Society,,SOC,,
SOC 4800,Special Projects,,SOC,,
SOC 4900,Sociology Internship,,SOC,,
SOC 4980,Senior Seminar in Sociology,,SOC,,
SPAN 1010,Elementary Spanish I,,SPAN,,
SPAN 1015,Spanish for Concrete and Construction Management,,SPAN,,
SPAN 1020,Elementary Spanish II,,SPAN,,
SPAN 1035,Introduction to Medical Spanish,,SPAN,,
SPAN 1040,Intensive Elementary Spanish,,SPAN,,
SPAN 2010,Intermediate Spanish I,,SPAN,,
SPAN 2020,Intermediate Spanish II,,SPAN,,
SPAN 2105,Introduction to Latin American Studies,,SPAN,,
SPAN 3000,Group Conversational Spanish,,SPAN,,
SPAN 3010,Advanced Spanish,,SPAN,,
SPAN 3015,Contemporary Cuba,,SPAN,,
SPAN 3020,Advanced Spanish,,SPAN,,
SPAN 3030,Business Spanish,,SPAN,,
SPAN 3035,Spanish for Medical Professions,,SPAN,,
SPAN 3040,Intensive Conversational Spanish,,SPAN,,
SPAN 3050,Introduction to Hispanic Studies,,SPAN,,
SPAN 3060,Introduction to Hispanic Culture,,SPAN,,
SPAN 3070,Introduction to Latin American Civilizations and Cultures,,SPAN,,
SPAN 3075,Introduction to Mexican Cultures,,SPAN,,
SPAN 3080,Introduction to Hispanic Literature,,SPAN,,
SPAN 3085,Daughters of the Diaspora: Black Women’s Narrative in Hispanic Caribbean Literature,,SPAN,,
SPAN 3090,Spanish and Power,,SPAN,,
SPAN 3120,Spanish Phonetics and Pronunciation,,SPAN,,
SPAN 3130,Grammar and Composition,,SPAN,,
SPAN 3140,Introductory Spanish-English Translation,,SPAN,,
SPAN 3200,Spanish for the Tourism Industry,,SPAN,,
SPAN 3990,Study Abroad,,SPAN,,
SPAN 4000,Senior Workshop,,SPAN,,
SPAN 4010,History of the Spanish Language,,SPAN,,
SPAN 4015,Advanced Spanish Grammar,,SPAN,,
SPAN 4020,Spanish Literature I,,SPAN,,
SPAN 4030,Spanish Literature II,,SPAN,,
SPAN 4040,Latin American Literature I,,SPAN,,
SPAN 4045,Topics in Hispanic Cinema,,SPAN,,
SPAN 4050,Latin American Literature II,,SPAN,,
SPAN 4055,Cervantes’ Don Quixote,,SPAN,,
SPAN 4060,Special Topics in Hispanic Studies,,SPAN,,
SPAN 4065,Studies in Hispanic Popular Culture,,SPAN,,
SPAN 4070,Special Topics in Spanish Literature or Culture,,SPAN,,
SPAN 4080,Theory and Practice of Spanish Drama,,SPAN,,
SPAN 4090,Special Topics in Latin American Literature or Culture,,SPAN,,
SPAN 4140,Advanced Spanish-English Translation,,SPAN,,
SPAN 4150,Special Topics in Spanish/English Translation and Interpreting,,SPAN,,
SPAN 4600,Internship,,SPAN,,
SPAN 4900,Directed Readings in Spanish Literature and Culture,,SPAN,,
SPAN 4910,Directed Readings in Latin American Literature and Culture,,SPAN,,
SPAN 4920,Spanish for Reading Knowledge,,SPAN,,
SPED 3010,Characteristics and Teaching of Learners with Exceptionalities,,SPED,,
SPED 3020,Characteristics of High Incidence and Multiple/Severe Disabilities,,SPED,,
SPED 3030,Applied Adolescent Developmental Variation and Assessment of Individuals with High Incidence Disabilities,,SPED,,
SPED 3040,Digital Tools and Methods in Flexible Learning Environments,,SPED,,
SPED 3130,Diversity in Language and Communication,,SPED,,
SPED 3440,Characteristics of Low Incidence Populations (Comprehensive),,SPED,,
SPED 4000,"Teaching Diverse Learners in K-8 Classrooms, (Comprehensive)",,SPED,,
SPED 4010,Explicit Reading Strategies for Learners with Exceptionalities,,SPED,,
SPED 4080,Pre-Residency Comprehensive Integrated Clinical Experience,,SPED,,
SPED 4100,Advanced Reading Strategies for Learners with Exceptionalities,,SPED,,
SPED 4120,Functional Skills Instruction,,SPED,,
SPED 4135,Literacy and Mathematics Strategies in Special Education,,SPED,,
SPED 4140,Techniques and Strategies for Instruction in Special Education,,SPED,,
SPED 4150,"Techniques, Methods, and Materials in Special Education (Modified)",,SPED,,
SPED 4165,Curriculum-Based Measurement and Progress Monitoring,,SPED,,
SPED 4170,Strategic Teaching and Learning in Secondary Education (Modified),,SPED,,
SPED 4180,Pre-residency Special Education,,SPED,,
SPED 4210,"Residency I, Interventionist Integrated Clinical Experience",,SPED,,
SPED 4220,"Residency I, Special Education",,SPED,,
SPED 4240,Methods and Techniques of Behavior Management,,SPED,,
SPED 4260,Problems in Special Education,,SPED,,
SPED 4280,Assistive Technology in Special Education,,SPED,,
SPED 4300,Advanced Applied Behavioral Interventions and Supports,,SPED,,
SPED 4320,"Residency II, Special Education",,SPED,,
SPED 4350,"Residency II, Interventionist Integrated Clinical Experience",,SPED,,
SPED 4370,Transition Services and Education of Adolescents with Disabilities,,SPED,,
SPED 4380,Co-teaching in Inclusive Classrooms,,SPED,,
SPED 4550,Data Literacy: Implementing Evidence-Based Prescriptive and Diagnostic Interventions for Struggling Learners,,SPED,,
SPED 4600,Math Interventions for Learners with Exceptionalities,,SPED,,
SPED 4720,Promoting Family-Professional Partnerships in Special Education,,SPED,,
SPED 4910,Developmental Assessment,,SPED,,
SPM 2100,Media and Sports,,SPM,,
SPM 3100,Diversity in Sports Media,,SPM,,
SPM 3200,Sports Media Relations,,SPM,,
SPM 3550,Sports Announcing,,SPM,,
SPM 3600,Sports Media Design,,SPM,,
SPM 3750,Sports and Social Media,,SPM,,
SPM 3800,Journalism and Media Topics,,SPM,,
SPM 4450,Advanced Sports Reporting,,SPM,,
SPM 4800,Sports Media Topics,,SPM,,
STAT 3150,Mathematical Statistics I,,STAT,,
STAT 3550,Applied Predictive Modeling,,STAT,,
STAT 4190,Mathematical Statistics II,,STAT,,
STAT 4200,Statistical Methods for Forecasting,,STAT,,
STAT 4280,Undergraduate Research,,STAT,,
STAT 4320,Probability and Stochastic Processes,,STAT,,
STAT 4360,Regression Analysis,,STAT,,
STAT 4370,Nonparametric Statistics,,STAT,,
STAT 4380,Experimental Design,,STAT,,
STAT 4600,Problems in Statistics,,STAT,,
STAT 4700,Analysis of Large-Scale Data Sets,,STAT,,
THEA 1005,Acting for Non-Majors,,THEA,,
THEA 1015,Acting I,,THEA,,
THEA 1025,Stage Craft I,,THEA,,
THEA 1030,Introduction to Theatre,,THEA,,
THEA 1820,Discovering Drama: A Play Script Study,,THEA,,
THEA 2000,First Year Seminar in Theatre,,THEA,,
THEA 2100,Introduction to Production Practices,,THEA,,
THEA 2900,Production Practices Lab,,THEA,,
THEA 3000,Sound Design for Arts and Entertainment,,THEA,,
THEA 3050,Theatrical Design Concepts,,THEA,,
THEA 3060,Rendering for Arts and Entertainment,,THEA,,
THEA 3100,Stage Make-Up,,THEA,,
THEA 3200,Introduction to Costume for Arts and Entertainment,,THEA,,
THEA 3270,Musical Theatre Production,,THEA,,
THEA 3300,Scene Design,,THEA,,
THEA 3310,Theatrical Drafting: Theory and Technique,,THEA,,
THEA 3400,Lighting for Arts and Entertainment I,,THEA,,
THEA 3500,Stage Movement,,THEA,,
THEA 3510,Acting II,,THEA,,
THEA 3520,Voice for the Actor I,,THEA,,
THEA 3540,Musical Theatre Performance,,THEA,,
THEA 3550,Musical Theatre Performance II,,THEA,,
THEA 3560,Accents and Dialects,,THEA,,
THEA 3570,Acting Shakespeare,,THEA,,
THEA 3580,Stage Combat,,THEA,,
THEA 3600,Methods for Using Drama in the Classroom,,THEA,,
THEA 3620,Methods and Assessment of Theatre in Secondary Education,,THEA,,
THEA 3700,Fundamentals of Play Directing,,THEA,,
THEA 3800,Introduction to Arts Management,,THEA,,
THEA 3810,Stage Management,,THEA,,
THEA 3820,Script Analysis,,THEA,,
THEA 3910,Internship in Theatre,,THEA,,
THEA 4110,Make-Up Design and Creation,,THEA,,
THEA 4190,Topics in Make-up for Arts and Entertainment,,THEA,,
THEA 4220,Costume Design for Arts and Entertainment,,THEA,,
THEA 4280,Topics in Costume for Arts and Entertainment,,THEA,,
THEA 4290,Problems in Theatre,,THEA,,
THEA 4380,Rigging for Arts and Entertainment,,THEA,,
THEA 4390,Topics in Scenography,,THEA,,
THEA 4400,Lighting for Arts and Entertainment II,,THEA,,
THEA 4480,Automated Lighting for Arts and Entertainment,,THEA,,
THEA 4490,Advanced Topics in Lighting for Arts and Entertainment,,THEA,,
THEA 4510,Meisner Technique,,THEA,,
THEA 4520,Acting for the Camera,,THEA,,
THEA 4540,Musical Theatre Performance III,,THEA,,
THEA 4560,Acting III,,THEA,,
THEA 4590,Topics in Acting,,THEA,,
THEA 4600,Storytelling,,THEA,,
THEA 4610,Theatre in Education,,THEA,,
THEA 4620,Theatre Education Practicum,,THEA,,
THEA 4690,International Studies in Theatre,,THEA,,
THEA 4700,Advanced Play Directing,,THEA,,
THEA 4710,Director and Designer Collaboration,,THEA,,
THEA 4800,Theatre History I: Greek Period to Restoration,,THEA,,
THEA 4810,Theatre History II: Restoration to Present,,THEA,,
THEA 4815,Advanced Stage Management,,THEA,,
THEA 4840,Musical Theatre History,,THEA,,
THEA 4860,Period Styles for Theatre Design I,,THEA,,
THEA 4865,Period Styles for Theatre Design II,,THEA,,
THEA 4890,Topics in Playwrights and Dramatic Theory,,THEA,,
THEA 4900,Production Practicum,,THEA,,
THEA 4950,Directed Studies,,THEA,,
THEA 4990,Senior Seminar in Theatre,,THEA,,
THM 3100,Introduction to the Tourism and Hospitality Industry,,THM,,
THM 3110,Tourism Planning and Development,,THM,,
THM 3200,Principles of Lodging,,THM,,
THM 3210,Service Design and Delivery in Tourism and Hospitality Management,,THM,,
THM 3250,Destination Management,,THM,,
THM 3300,Food and Beverage Operations,,THM,,
THM 3350,Event Planning,,THM,,
THM 3360,Weddings and Special Events,,THM,,
THM 3600,Professional Development,,THM,,
THM 4130,Sport Tourism,,THM,,
THM 4140,Food and Beverage Tourism,,THM,,
THM 4160,Event Risk Management,,THM,,
THM 4167,Hospitality Revenue Management,,THM,,
THM 4220,International Tourism,,THM,,
THM 4267,Hospitality Technology,,THM,,
THM 4300,Issues and Trends in Tourism and Hospitality Management,,THM,,
THM 4400,Capstone in Tourism and Hospitality Management,,THM,,
THM 4500,Hospitality and Tourism Finance,,THM,,
THM 4600,Leadership and Professionalism Seminar in Tourism and Hospitality Management,,THM,,
THM 4904,Internship in Tourism Management,,THM,,
THM 4905,Internship in Hospitality Management,,THM,,
THM 4906,Internship in Event Planning,,THM,,
THM 4907,Work Experience I,,THM,,
THM 4908,Work Experience II,,THM,,
THM 4909,Internship in Tourism and Hospitality Management,,THM,,
UH 3000,University Honors Lecture Series,,UH,,
UH 3001,Honors Service Learning Practicum,,UH,,
UH 3200,Visiting Artist’s Seminar,,UH,,
UH 3500,Honors Interdisciplinary Seminar,,UH,,
UH 3900,Honors Research Seminar,,UH,,
UH 4010,MTSU Institute of Leadership Excellence,,UH,,
UH 4900,Honors Thesis Tutorial,,UH,,
UH 4950,Honors Independent Research,,UH,,
UNIV 1000,English Language Seminar,,UNIV,,
UNIV 1005,Foundations of Personal Development Practicum,,UNIV,,
UNIV 1010,University Seminar,,UNIV,,
UNIV 2020,Successful Transitions,,UNIV,,
UNIV 4010,MTSU Institute of Leadership Excellence,,UNIV,,
VET 3100,Small Animal Health and Nutrition,,VET,,
VET 4100,Animal Health,,VET,,
VET 4800,Veterinary Science Seminar,,VET,,
VFP 1000,Film Appreciation,,VFP,,
VFP 1060,Basic Video Production,,VFP,,
VFP 1080,Post-Production I,,VFP,,
VFP 2020,Scripts for Media,,VFP,,
VFP 2121,Media Aesthetics in Film and TV,,VFP,,
VFP 2130,Single Cam I,,VFP,,
VFP 2131,Multi Cam I,,VFP,,
VFP 2410,History of American Television,,VFP,,
VFP 2510,History of American Cinema,,VFP,,
VFP 2990,Film and TV Sound,,VFP,,
VFP 3020,Screenwriting I,,VFP,,
VFP 3060,Television Program Genres,,VFP,,
VFP 3080,Post Production II,,VFP,,
VFP 3091,"XR, Live Event, and LED Virtual Production I",,VFP,,
VFP 3092,"XR, Live Event, and LED Virtual Production II",,VFP,,
VFP 3140,Multi Cam II,,VFP,,
VFP 3150,Single Cam II,,VFP,,
VFP 3410,Voices in Cinema and TV,,VFP,,
VFP 3555,Cinematography,,VFP,,
VFP 3570,Broadcast Announcing and Performance,,VFP,,
VFP 3690,Casting and Directing for the Screen,,VFP,,
VFP 3745,Aerial Cinematography I,,VFP,,
VFP 4000,Topics in Video and Film Production,,VFP,,
VFP 4020,Screenwriting II,,VFP,,
VFP 4100,Advanced Multi-Camera Systems,,VFP,,
VFP 4100 CREDIT HOURS,Advanced Multi-Camera Systems,,VFP,,
VFP 4150,Advanced Multi-camera Production - Studio,,VFP,,
VFP 4500,International Cinema,,VFP,,
VFP 4525,Analog Filmmaking,,VFP,,
VFP 4745,Aerial Cinematography II,,VFP,,
VFP 4825,Streaming and Content Creation for Esports and Gaming,,VFP,,
VFP 4940,Advanced Seminar-Filmmaking,,VFP,,
VFP 4941,Advanced Multi-camera Video Production,,VFP,,
VFP 4942,Web Series Production,,VFP,,
VFP 4943,Video and Film Production: Study Abroad,,VFP,,
VFP 4944,Reel World: Client-Based Production,,VFP,,
VFP 4945,Moviemaking,,VFP,,
VFP 4947,Documentary Filmmaking,,VFP,,
VFP 4949,Producing the Narrative Film,,VFP,,
VFP 4950,Virtual Filmmaking and Production Design,,VFP,,
VFP 4990,Filmmaking Capstone,,VFP,,
VFP 4995,Live Production Capstone,,VFP,,
VCOM 2010,Principles of Media Design and Visual Communication,,VCOM,,
VCOM 2950,Media Design Tools,,VCOM,,
VCOM 3520,Special Topics in Professional Issues,,VCOM,,
VCOM 3800,Journalism and Media Topics,,VCOM,,
VCOM 3810,History of Visual Communication,,VCOM,,
VCOM 3920,Media Design Web Foundations,,VCOM,,
VCOM 3930,Media Design Visual Strategies,,VCOM,,
VCOM 3950,Digital Experiences for Media Design,,VCOM,,
VCOM 4010,Brand Storytelling for Media Design,,VCOM,,
VCOM 4180,Media Design Portfolio,,VCOM,,
WGST 2020,WGST Issues,,WGST,,
WGST 2100,Introduction to Women’s Studies,,WGST,,
WGST 2500,Women and Leadership,,WGST,,
WGST 3010,Sexuality Studies,,WGST,,
WGST 3020,WGST Topics,,WGST,,
WGST 3030,Topics in Sexuality,,WGST,,
WGST 3400,Multicultural Women’s Voices,,WGST,,
WGST 3500,Women in the Media,,WGST,,
WGST 3900,Women and Globalism,,WGST,,
WGST 4020,WGST Symposium,,WGST,,
WGST 4201,Symposium in Women’s Studies: Women and Religion,,WGST,,
WGST 4206,Symposium in Women’s Studies: Women and the Holocaust,,WGST,,
WGST 4500,Feminist Theory,,WGST,,
WGST 4900,Independent Study,,WGST,,
YOED 2500,Planning and Assessment,,YOED,,
YOED 3000,Classroom Management,,YOED,,
YOED 3300,Problem-Based Instructional Strategies,,YOED,,
YOED 3500,Instructional Design for Critical Thinking,,YOED,,
YOED 3520,Knowing and Learning in Science and Mathematics,,YOED,,
YOED 3550,Classroom Interactions in Mathematics and Science,,YOED,,
YOED 4000,Managing the Classroom for Instruction,,YOED,,
YOED 4020,Residency I: Grades K-12,,YOED,,
YOED 4030,Residency I: Grades 7-12,,YOED,,
YOED 4040,Residency I: MTeach,,YOED,,
YOED 4050,Project-Based Instruction in Mathematics and Science,,YOED,,
YOED 4400,Residency II,,YOED,,
YOED 4510,"The Teaching Internship, Grades 7-12",,YOED,,
