courseId,courseName,courseCredits,courseSubject,courseLevel,courseCampus
COMSC 77109,0-3:At Risk Infant &Toddler,"(3, 3)",,Graduate,
PHYS 853U0,.056 Class Guage Fld,"(3, 3)",,Graduate,
IMA 78326,16mm Alternative Processing,"(1, 1)",,Graduate,
FREN 79102,17th Cent French Literature,"(3, 3)",,Graduate,
ENGL 77551,17th Century Women's Lit,"(3, 3)",,Graduate,
HIST 77469,18 & 19 C Am Soc Hist,"(3, 3)",,Graduate,
MUS 74256,1826-8:Yrs of Genius,"(3, 3)",,Graduate,
FREN 79600,18th Cen Art Pr:Mont-Cham,"(3, 3)",,Graduate,
ENGL 70290,18th Cent Women Writers,"(3, 3)",,Graduate,
ARTH 78003,18th Century Architecture,"(3, 3)",,Graduate,
ARTH 7803V,18th Century Art,"(3, 3)",,Graduate,
ARTH 78001,18th Century French Art,"(3, 3)",,Graduate,
ARTH 78046,18th Century Genre Painting,"(3, 3)",,Graduate,
FREN 74500,18th Century Novel & Theatre,"(3, 3)",,Graduate,
FREN 79523,18th-Century French Literature,"(3, 3)",,Graduate,
HIST 77421,19 C US Social Hist,"(3, 3)",,Graduate,
HIST 77424,19 Century East Asia,"(3, 3)",,Graduate,
ARTH 78096,1930s: Art in America,"(3, 3)",,Graduate,
RAS 74101,19th C Russ Lit:Russ,"(3, 3)",,Graduate,
ENGL 77683,19th Cen Afro Amer Literature,"(3, 3)",,Graduate,
ENGL 75150,19th Cen Afro American Lit,"(3, 3)",,Graduate,
ENGL 77596,19th Cen Amer Woman Writers,"(3, 3)",,Graduate,
FREN 79101,19th Cen French Lit 1850-1900,"(3, 3)",,Graduate,
ENGL 77571,19th Cent British Literature and Culture,"(3, 3)",,Graduate,
ENGL 74951,19th Cent Prose of US,"(3, 3)",,Graduate,
ENGL 77157,19th Century African American Narratives,"(3, 3)",,Graduate,
ARTH 78026,19th Century American Sculpture,"(3, 3)",,Graduate,
ARTH 63200,19th Century Art,"(3, 3)",,Graduate,
ENGL 77597,19th Century British & American Poets,"(3, 3)",,Graduate,
ENGL 75251,19th Century British Novel,"(3, 3)",,Graduate,
FREN 79104,19th Century French Literature 1800-1850,"(3, 3)",,Graduate,
FREN 75600,19th Century French Theatre,"(3, 3)",,Graduate,
MUS 76072,19th Century Italian Opera,"(3, 3)",,Graduate,
ARTH 7803B,19th Century Theories of Art,"(3, 3)",,Graduate,
HIST 77449,19th Century U.S.,"(3, 3)",,Graduate,
THC 72557,20 C Ensemble Theatre:American,"(3, 3)",,Graduate,
HIST 70500,20 C Europe,"(3, 3)",,Graduate,
HIST 77415,20 Cent East Asia,"(3, 3)",,Graduate,
ITAL 79379,20th & 21st Century Narratives of Early Modern Italy,"(3, 3)",,Graduate,
ENGL 75410,20th and 21st Century British and Irish Fiction,"(3, 3)",,Graduate,
THC 72584,20th C Acting Traing,"(3, 3)",,Graduate,
RAS 74200,20th C Russ Lit,"(3, 3)",,Graduate,
ENGL 77550,20th Cen Amer Women Poets,"(3, 3)",,Graduate,
ENGL 75154,20th Cen American Fiction,"(3, 3)",,Graduate,
THC 72551,20th Cen German Thea,"(3, 3)",,Graduate,
ENGL 75700,20th Cen Poetry US,"(3, 3)",,Graduate,
ENGL 70266,20th Century Amer Women Poets,"(3, 3)",,Graduate,
ENGL 78250,20th Century American Poetry by Women,"(3, 3)",,Graduate,
ENGL 75754,20th Century And 21st Century American Poetry,"(3, 3)",,Graduate,
ARTH 78092,20th Century Architecture,"(3, 3)",,Graduate,
ARTH 78027,20th Century Art,"(3, 3)",,Graduate,
ENGL 77598,20th Century British and Postcolonial Literature,"(3, 3)",,Graduate,
FREN 79103,20th Century French Literature (1900-1950),"(3, 3)",,Graduate,
ENGL 77653,20th Century Global Poets: English,"(3, 3)",,Graduate,
MUS 76080,20th Century Music and Technique,"(3, 3)",,Graduate,
ITAL 79301,20th Century Perspectives on the Renaissance,"(3, 3)",,Graduate,
HIST 77215,20th Century US - War and Society,"(3, 3)",,Graduate,
THC 76063,20th CTheatrcl Desgn,"(3, 3)",,Graduate,
HIST 76601,20th-Century Latin American Revolutions,"(3, 3)",,Graduate,
ENGL 75600,20th-century Prose of the United States,"(3, 3)",,Graduate,
ENGL 76152,21st Century Literature & Theory,"(3, 3)",,Graduate,
MUS 74268,2D Viennese School,"(3, 3)",,Graduate,
IMA 78046,3-D Animation,"(3, 3)",,Graduate,
ARTCR 75173,3-D Painting Seminar,"(3, 3)",,Graduate,
PHYS 852U0,.33 Quantum Optics,"(4, 4)",,Graduate,
IMA 76400,3D Animation and Modeling,"(3, 3)",,Graduate,
IMA 78082,3D Character Animation,"(3, 3)",,Graduate,
IMA 78045,3D Modeling&Composit,"(3, 3)",,Graduate,
IMA 78049,3D Virtual Environ,"(3, 3)",,Graduate,
THC 72582,40 Years of Experiment,"(3, 3)",,Graduate,
PHYS 852U1,45 Mod Optics Sem,"(2, 2)",,Graduate,
PHYS 852U2,.49 Quantum Electronics,"(4, 4)",,Graduate,
PHYS 856U1,.53 Non-Linear/Chaos,"(4, 4)",,Graduate,
PHYS 856U0,54 Gp Th:Quantum Mechanics,"(4, 4)",,Graduate,
PHYS 854U0,54 Non Equi Stat Mec,"(4, 4)",,Graduate,
ARTH 7802V,60's Global,"(3, 3)",,Graduate,
SSW 73300,-613 Social Group Work 3 (For Oyr Students),"(3, 3)",,Graduate,
MUS 76077,A Century of Russian Music: 1835-1935,"(3, 3)",,Graduate,
ENGL 75351,A Hemispherc Am Poet,"(3, 3)",,Graduate,
CLA 70400,A Survey of Classical Literature in Translation,"(3, 3)",,Graduate,
CLA 70300,A Survey of Classical Literature in Translation,"(3, 3)",,Graduate,
EDUC 79200,A-V Inst-Clsrm Tchr,"(3, 3)",,Graduate,
EDABA 79700,A.B.A. Res Mthd/Ethics,"(3, 3)",,Graduate,
URBG 78742,AA Hist: Labor & Pol,"(3, 3)",,Graduate,
SPED 79908,Aba App to Learning,"(3, 3)",,Graduate,
EDABA 79800,ABA App to Learning,"(3, 3)",,Graduate,
EDABA 79900,ABA Autism Intervent,"(3, 3)",,Graduate,
SPED 79909,Aba Autism Intervent,"(3, 3)",,Graduate,
SPED 79907,Aba Res Mthd/Ethics,"(3, 3)",,Graduate,
ENGL 75953,Abc's of Modernism,"(3, 3)",,Graduate,
ENGL 75463,Abc's of Modernism,"(3, 3)",,Graduate,
PSYCH 60500,Abnormal Psychology: Advanced Course (A),"(3, 3)",,Graduate,
ARTH 78030,Absct Exprss:Art 40s,"(3, 3)",,Graduate,
ARTH 78033,Abstract Painting,"(3, 3)",,Graduate,
ACC 78000,Academic Accounting Research Methodology and Project,"(3, 3)",,Graduate,
NURS 69968,Access Child Bearing Women,"(3, 3)",,Graduate,
IMA 78073,"Access Interference: Documentary, Performance & Virtual Classroom","(3, 3)",,Graduate,
IMA 78378,Accident That Pricks: Family & Photography,"(1, 1)",,Graduate,
ACC 77200,Accounting Information Systems,"(3, 3)",,Graduate,
ECO 77200,Accounting Information Systems,"(3, 3)",,Graduate,
COMSC 70500,"Acoustics, Physiologic and Auditory Phonetics","(3, 3)",,Graduate,
THC 76070,Acting: Period Drama,"(3, 3)",,Graduate,
THC 76068,Acting:Non-Realism,"(3, 3)",,Graduate,
EDUC 80800,Action Research,"(3, 3)",,Doctoral,
EDLIT 76000,Action Research and Leadership for Equity-based Literacies (KC),"(3, 3)",,Graduate,
DAN 74662,Activating Dance in Culture,"(3, 3)",,Graduate,
NURS 87000,Acute Care DNP Practice,"(6, 6)",,Doctoral,
NURS 75900,Ad Pr Pri Cre:Old Ad,"(5, 5)",,Graduate,
IMA 78078,Adaptation,"(3, 3)",,Graduate,
SPEDE 77400,Adaptations for Individual Learners Across the K-2 Curriculum (KC),"(3, 3)",,Graduate,
THC 72579,Adaption:Thea & Film,"(3, 3)",,Graduate,
PSYCH 75073,"Addict, Depend & Abse","(3, 3)",,Graduate,
PSYCH 75090,Addiction Behavioral Biology,"(3, 3)",,Graduate,
COMHE 71300,Addictions and Dependencies,"(3, 3)",,Graduate,
HED 62000,Admin Of Sch Hlth Ed,"(3, 3)",,Graduate,
ADSUP 72400,Admin Sup Spec Ed,"(3, 3)",,Graduate,
SSW 79179,Administration,"(2, 2)",,Graduate,
SEDF 71400,Adol Dev & Lrng,"(3, 3)",,Graduate,
SEDC 74100,Adolescent Fieldwork (KC),"(1, 1)",,Graduate,
COMHE 77083,Adolescent Health,"(3, 3)",,Graduate,
COMHE 77083,Adolescent Health,"(3, 3)",,Graduate,
SEDC 72000,Adolescent Health and Safety,"(1, 1)",,Graduate,
SEDC 72050,Adolescent Health and Safety and DASA,"(None, None)",,Graduate,
PH 77034,"Adolescent Health, Development and Interventions","(3, 3)",,Graduate,
SPED 79902,Adolescents With Asd,"(3, 3)",,Graduate,
SPED 75600,"(Adsup 756, Cedc 756, Cedf 756) Professional Discourse and Leadership In Gifted Education","(3, 3)",,Graduate,
EDESL 78968,Adult Assessment,"(3, 3)",,Graduate,
EDESL 78960,Adult Based Literacy,"(3, 3)",,Graduate,
EDESL 77000,Adult ESL Curr Mtrls,"(4, 4)",,Graduate,
EDESL 70215,Adult ESL Literacy & Beginning Students,"(2, 2)",,Graduate,
NURS 76700,Adult-Gerontology Clinical Nurse Specialist 2,"(5, 5)",,Graduate,
NURS 76600,Adult-Gerontology Clinical Nurse Specialist I,"(5, 5)",,Graduate,
SSW 79753,Adv Admin,"(3, 3)",,Graduate,
NURS 75800,Adv Beh Pat O Ad:Nu3,"(3, 3)",,Graduate,
BIOCH 71000,Adv Biochemistry Lec,"(3, 3)",,Graduate,
EDFDN 71900,Adv Child Developmnt,"(3, 3)",,Graduate,
COMSC 75400,Adv Clin Prac Audiol,"(2, 2)",,Graduate,
COMSC 73501,Adv Clin Prac in Slp,"(2, 2)",,Graduate,
PHYS 851U1,Adv Condensed Matter,"(4, 4)",,Graduate,
MUS 72600,Adv Counterpnt & Fugue,"(3, 3)",,Graduate,
SEDC 72500,"Adv Curriculum Development in World History & Global Education for Urban Contexts, Grades 7-12 (KC)","(3, 3)",,Graduate,
COMSC 74600,Adv Diag Meth Audiol,"(4, 4)",,Graduate,
EDFDN 76000,Adv Ed Psych Bi-Ling,"(3, 3)",,Graduate,
EDFDN 71000,Adv Educ Psychology,"(3, 3)",,Graduate,
EDUC 73100,Adv Elem Reading,"(3, 3)",,Graduate,
PSYCH 70106,Adv Exp Psych,"(6, 6)",,Graduate,
PSYCH 701U4,Adv Exper Psych 1,"(4, 4)",,Graduate,
PSYCH 702U0,Adv Exper Psych 2,"(6, 6)",,Graduate,
PSYCH 70204,Adv Exper Psychology,"(4, 4)",,Graduate,
SPED 70151,Adv Ld: Assessment,"(3, 3)",,Graduate,
SPED 78451,Adv Ld: Clin Tch #2 (KC),"(2, 2)",,Graduate,
SPED 78351,Adv Ld: Math Methods,"(3, 3)",,Graduate,
SPED 70751,Adv Ld: Research Sem,"(3, 3)",,Graduate,
EDUC 72400,Adv Math,"(2, 2)",,Graduate,
NURS 78800,Adv Palliative Care Practice 2,"(4, 4)",,Graduate,
NURS 71500,Adv Phar:Inf/Ch/Adol,"(3, 3)",,Graduate,
NURS 69985,Adv Pharmacology,"(3, 3)",,Graduate,
PSYCH 78500,Adv Physiolog Psy,"(3, 3)",,Graduate,
NURS 73300,Adv Pr Nsg Mat-Child,"(5, 5)",,Graduate,
NURS 72800,Adv Prac Cb Fam&Chdn,"(3, 3)",,Graduate,
EDUC 73500,Adv Prac Corr Rdg D1,"(3, 3)",,Graduate,
NURS 73200,Adv Prac Mat/Child,"(5, 5)",,Graduate,
NURS 76000,Adv Prac:Pri Care Ad,"(5, 5)",,Graduate,
NURS 72500,Adv Pract:Chldrn/Fam,"(5, 5)",,Graduate,
STAT 78000,Adv Programming Tech,"(3, 3)",,Graduate,
EDUC 73000,Adv Rdg & Lng Arts,"(3, 3)",,Graduate,
EDUC 73050,Adv Rdg Lng Arts Bil,"(3, 3)",,Graduate,
EDUC 72600,Adv Science,"(2, 2)",,Graduate,
ENGL 70289,Adv Sem Lit Theory,"(3, 3)",,Graduate,
SSW 79050,Adv Sem/Arts & Helping,"(3, 3)",,Graduate,
EDFDN 75300,Adv Soc Fdtns B-Ling,"(3, 3)",,Graduate,
EDFDN 70300,Adv Social Foundations,"(3, 3)",,Graduate,
EDUC 72500,Adv Social Studies,"(2, 2)",,Graduate,
EDUC 74500,Adv Stud Intern K-6,"(2, 2)",,Graduate,
EDUC 76000,Adv Stud Intern: Sec,"(2, 2)",,Graduate,
EDO 725,Adv Stud Tch Soc Stud,"(2, 2)",,Graduate,
IMA 79573,Adv Studio: Channels,"(3, 3)",,Graduate,
IMA 79572,Adv Studio: Channels,"(3, 3)",,Graduate,
IMA 79564,Adv Studio: Visions,"(3, 3)",,Graduate,
IMA 79563,Adv Studio: Visions,"(3, 3)",,Graduate,
IMA 79554,Adv Studio: Words,"(3, 3)",,Graduate,
IMA 79553,Adv Studio: Words,"(3, 3)",,Graduate,
IMA 79552,Adv Studio: Words,"(3, 3)",,Graduate,
IMA 79574,Adv Studio:Channels,"(3, 3)",,Graduate,
SSW 79755,Adv SW Prac & Pol Proc,"(2, 2)",,Graduate,
BIOL 79095,Adv Top:Immunology,"(3, 3)",,Graduate,
GTECH 72200,Adv Topics in GeoVisualization,"(3, 3)",,Graduate,
ADSUP 72650,Adv Wksp Cur: Sp Ed,"(3, 3)",,Graduate,
MUS 74059,Adv. Cont. Harm.Tec1,"(3, 3)",,Graduate,
NURS 72400,Adv. Pract Cb Family,"(3, 3)",,Graduate,
COMHE 77094,Advance Topic-AIDS Education,"(3, 3)",,Graduate,
PSYCH 701U0,Advanced Experimental 1,"(3, 3)",,Graduate,
THC 76028,Advanced Acting Workshop,"(3, 3)",,Graduate,
SSW 78600,Advanced Administration for Non-Majors,"(2, 2)",,Graduate,
COMSC 74100,Advanced Audiology,"(3, 3)",,Graduate,
ACC 77500,Advanced Auditing,"(3, 3)",,Graduate,
ECO 77500,Advanced Auditing,"(3, 3)",,Graduate,
BIOCH 710U1,Advanced Biochem 1,"(3, 3)",,Graduate,
BIOCH 710U2,Advanced Biochem 2,"(3, 3)",,Graduate,
ARTCR 63552,Advanced Ceramics 1,"(3, 3)",,Graduate,
ARTCR 63552,Advanced Ceramics 1,"(3, 3)",,Graduate,
ARTCR 63553,Advanced Ceramics 1,"(3, 3)",,Graduate,
ARTCR 63652,Advanced Ceramics 2,"(3, 3)",,Graduate,
ARTCR 63600,Advanced Ceramics 2,"(3, 3)",,Graduate,
ARTCR 63700,Advanced Ceramics 3,"(3, 3)",,Graduate,
ARTCR 63752,Advanced Ceramics 3,"(3, 3)",,Graduate,
ARTCR 63551,Advanced Ceramics Tutorial 1,"(3, 3)",,Graduate,
ARTCR 63651,Advanced Ceramics Tutorial 2,"(3, 3)",,Graduate,
ARTCR 63751,Advanced Ceramics Tutorial 3,"(3, 3)",,Graduate,
NURS 77800,Advanced Child/Adolescent Psychiatric Mental Health Assessment and Intervention,"(2, 2)",,Graduate,
COMSC 75401,Advanced Clinical Practicum Audiology,"(2, 2)",,Graduate,
TRNR 75200,Advanced Comparative Russian-English Grammar and Stylistics for Translators,"(3, 3)",,Graduate,
STAT 76100,Advanced Concepts in Financial Markets,"(3, 3)",,Graduate,
ECO 76100,Advanced Concepts in Financial Markets,"(3, 3)",,Graduate,
NURS 75200,Advanced Concepts in Nursing Education,"(3, 3)",,Graduate,
COUNR 71900,Advanced Counseling Skills and Contemporary Issues,"(3, 3)",,Graduate,
COUNM 71900,Advanced Counseling Skills and Contemporary Issues,"(3, 3)",,Graduate,
COUNS 71900,Advanced Counseling Skills and Contemporary Issues,"(3, 3)",,Graduate,
SEDC 71500,"Advanced Curriculum Development in U.S. History and Civics for Urban Contexts, Grades 7–12","(3, 3)",,Graduate,
THC 79100,Advanced Directing and Rehearsal,"(3, 3)",,Graduate,
MATH 78000,Advanced Discrete Structures,"(3, 3)",,Graduate,
NURS 81100,Advanced DNP Procedures,"(3, 3)",,Doctoral,
ARTCR 64000,Advanced Drawing 1,"(3, 3)",,Graduate,
ARTCR 64100,Advanced Drawing II,"(3, 3)",,Graduate,
ARTCR 64200,Advanced Drawing III,"(3, 3)",,Graduate,
CEDC 71400,Advanced Educational Technology for Elementary School Teachers,"(3, 3)",,Graduate,
CEDC 70200,Advanced Elementary Literacy Methods,"(3, 3)",,Graduate,
PSYCH 70100,Advanced Experimental Psychology I,"(3, 3)",,Graduate,
PSYCH 702U4,Advanced Experimental Psychology II,"(4, 4)",,Graduate,
PSYCH 702U1,Advanced Experiments in Psychology I,"(6, 6)",,Graduate,
ECO 77300,Advanced Federal Income Taxation,"(3, 3)",,Graduate,
ACC 77300,Advanced Federal Income Taxation,"(3, 3)",,Graduate,
ECO 77100,Advanced Financial Accounting Theory,"(3, 3)",,Graduate,
ACC 77100,Advanced Financial Accounting Theory,"(3, 3)",,Graduate,
GTECH 73200,Advanced Geoinformatics,"(3, 3)",,Graduate,
URBP 7872A,Advanced Geospatial Data Analysis for Urban & Environmental Planning,"(3, 3)",,Graduate,
EDESL 70301,Advanced Grammar,"(3, 3)",,Graduate,
EDESL 78966,Advanced Grammar,"(3, 3)",,Graduate,
EDESL 70402,Advanced Grammar,"(4, 4)",,Graduate,
ARTCR 62500,Advanced Graphic Arts 1,"(3, 3)",,Graduate,
ARTCR 62600,Advanced Graphic Arts 2,"(3, 3)",,Graduate,
ARTCR 62700,Advanced Graphic Arts 3,"(3, 3)",,Graduate,
ARTCR 62751,Advanced Graphic Arts 3,"(3, 3)",,Graduate,
ARTCR 62752,Advanced Graphic Arts 3,"(3, 3)",,Graduate,
URBP 7872G,Advanced Graphic Communications,"(3, 3)",,Graduate,
ARTCR 62753,Advanced Graphic Tutor 3,"(3, 3)",,Graduate,
ARTCR 62652,Advanced Graphic Tutorial 2,"(3, 3)",,Graduate,
ARTCR 62653,Advanced Graphic Tutorial 2,"(3, 3)",,Graduate,
ARTCR 62651,Advanced Graphic Tutorial 2,"(3, 3)",,Graduate,
ARTCR 62553,Advanced Graphics Tutor 1,"(3, 3)",,Graduate,
ARTCR 62552,Advanced Graphics Tutorial 1,"(3, 3)",,Graduate,
ARTCR 62551,Advanced Graphics Tutorial 1,"(3, 3)",,Graduate,
NURS 75100,Advanced Health Assessment,"(3, 3)",,Graduate,
PH 77049,Advanced Health Economics,"(3, 3)",,Graduate,
IMA 76300,Advanced Interactive Expression,"(3, 3)",,Graduate,
URBG 78716,Advanced Investigative Video Reporting-Child Welfare,"(3, 3)",,Graduate,
IMA 78058,Advanced Investigative Video Reporting-Child Welfare,"(3, 3)",,Graduate,
MUS 74300,Advanced Jazz Harmony and Arranging,"(3, 3)",,Graduate,
BIOCH 71203,Advanced Laboratory Techniques for Research in Biochemistry,"(3, 3)",,Graduate,
BIOCH 71204,Advanced Laboratory Techniques for Research in Biochemistry,"(4, 4)",,Graduate,
BIOCH 71203,Advanced Laboratory Techniques for Research in Biochemistry,"(3, 3)",,Graduate,
BIOCH 71201,Advanced Laboratory Techniques for Research in Biochemistry,"(1, 1)",,Graduate,
STAT 74200,Advanced Machine Learning,"(3, 3)",,Graduate,
STAT 72556,"Advanced Machine Learning, Deep Learning, NLP & Graphical Models","(3, 3)",,Graduate,
ECO 77400,Advanced Managerial Accounting,"(3, 3)",,Graduate,
ACC 77400,Advanced Managerial Accounting,"(3, 3)",,Graduate,
EDESL 74900,Advanced Methods and Assessment in TESOL,"(3, 3)",,Graduate,
PH 77040,Advanced Methods Epidemiology,"(3, 3)",,Graduate,
CEDC 73900,"Advanced Methods in Elementary School: Mathematics, Science and Social Studies","(3, 3)",,Graduate,
CEDC 71200,Advanced Methods of Teaching Math in Elementary Schools,"(3, 3)",,Graduate,
NURS 74700,Advanced Neuroanatomy and Neurophysiology of Brain and Psychiatric Mental Health And Illness.,"(1, 1)",,Graduate,
MATH 78700,"Advanced Numerical Analysis, Finite Elements","(3, 3)",,Graduate,
MATH 79556,Advanced Numerical Methods Ii,"(3, 3)",,Graduate,
MATH 78500,Advanced Numerical Methods: Finite Differences and Collocation,"(3, 3)",,Graduate,
NURS 70200,Advanced Nursing Research,"(3, 3)",,Graduate,
NUTR 74700,Advanced Nutrition and Assessment Laboratory,"(1, 1)",,Graduate,
NUTR 73100,Advanced Nutrition I,"(3, 3)",,Graduate,
NUTR 73200,Advanced Nutrition II,"(3, 3)",,Graduate,
SPED 76600,Advanced Orientation and Mobility,"(3, 3)",,Graduate,
SPED 76900,Advanced Orientation and Mobility Lab and Seminar,"(3, 3)",,Graduate,
ANTH 79104,Advanced Osteology,"(3, 3)",,Graduate,
ARTCR 61259,Advanced Painting II,"(3, 3)",,Graduate,
ARTCR 61163,Advanced Painting 1,"(3, 3)",,Graduate,
ARTCR 61100,Advanced Painting 1,"(3, 3)",,Graduate,
ARTCR 61159,Advanced Painting 1,"(3, 3)",,Graduate,
ARTCR 61175,Advanced Painting 1,"(3, 3)",,Graduate,
ARTCR 61151,Advanced Painting 1,"(3, 3)",,Graduate,
ARTCR 61255,Advanced Painting 2,"(3, 3)",,Graduate,
ARTCR 61254,Advanced Painting 2,"(3, 3)",,Graduate,
ARTCR 61251,Advanced Painting 2,"(3, 3)",,Graduate,
ARTCR 61200,Advanced Painting 2,"(3, 3)",,Graduate,
ARTCR 61263,Advanced Painting 2,"(3, 3)",,Graduate,
ARTCR 61363,Advanced Painting 3,"(3, 3)",,Graduate,
ARTCR 61354,Advanced Painting 3,"(3, 3)",,Graduate,
ARTCR 61373,Advanced Painting 3,"(3, 3)",,Graduate,
ARTCR 61378,Advanced Painting 3,"(3, 3)",,Graduate,
ARTCR 61375,Advanced Painting 3,"(3, 3)",,Graduate,
ARTCR 61355,Advanced Painting 3,"(3, 3)",,Graduate,
ARTCR 61359,Advanced Painting 3,"(3, 3)",,Graduate,
ARTCR 61154,Advanced Painting I,"(3, 3)",,Graduate,
ARTCR 61155,Advanced Painting I,"(3, 3)",,Graduate,
ARTCR 61154,Advanced Painting I,"(3, 3)",,Graduate,
ARTCR 61275,Advanced Painting II,"(3, 3)",,Graduate,
ARTCR 61278,Advanced Painting II,"(3, 3)",,Graduate,
ARTCR 61351,Advanced Painting III,"(3, 3)",,Graduate,
ARTCR 61300,Advanced Painting III,"(3, 3)",,Graduate,
ARTCR 61167,Advanced Painting Tutorial 1,"(3, 3)",,Graduate,
ARTCR 61161,Advanced Painting Tutorial 1,"(3, 3)",,Graduate,
ARTCR 61165,Advanced Painting Tutorial 1,"(3, 3)",,Graduate,
ARTCR 61172,Advanced Painting Tutorial 1,"(3, 3)",,Graduate,
ARTCR 61160,Advanced Painting Tutorial 1,"(3, 3)",,Graduate,
ARTCR 61158,Advanced Painting Tutorial 1,"(3, 3)",,Graduate,
ARTCR 61156,Advanced Painting Tutorial 1,"(3, 3)",,Graduate,
ARTCR 61170,Advanced Painting Tutorial 1,"(3, 3)",,Graduate,
ARTCR 61153,Advanced Painting Tutorial 1,"(3, 3)",,Graduate,
ARTCR 61164,Advanced Painting Tutorial 1,"(3, 3)",,Graduate,
ARTCR 61162,Advanced Painting Tutorial 1,"(3, 3)",,Graduate,
ARTCR 61157,Advanced Painting Tutorial 1,"(3, 3)",,Graduate,
ARTCR 61173,Advanced Painting Tutorial 1,"(3, 3)",,Graduate,
ARTCR 61152,Advanced Painting Tutorial 1,"(3, 3)",,Graduate,
ARTCR 61269,Advanced Painting Tutorial 2,"(3, 3)",,Graduate,
ARTCR 61256,Advanced Painting Tutorial 2,"(3, 3)",,Graduate,
ARTCR 61261,Advanced Painting Tutorial 2,"(3, 3)",,Graduate,
ARTCR 61252,Advanced Painting Tutorial 2,"(3, 3)",,Graduate,
ARTCR 61258,Advanced Painting Tutorial 2,"(3, 3)",,Graduate,
ARTCR 61262,Advanced Painting Tutorial 2,"(3, 3)",,Graduate,
ARTCR 61268,Advanced Painting Tutorial 2,"(3, 3)",,Graduate,
ARTCR 61264,Advanced Painting Tutorial 2,"(3, 3)",,Graduate,
ARTCR 61257,Advanced Painting Tutorial 2,"(3, 3)",,Graduate,
ARTCR 61270,Advanced Painting Tutorial 2,"(3, 3)",,Graduate,
ARTCR 61273,Advanced Painting Tutorial 2,"(3, 3)",,Graduate,
ARTCR 61253,Advanced Painting Tutorial 2,"(3, 3)",,Graduate,
ARTCR 61267,Advanced Painting Tutorial 2,"(3, 3)",,Graduate,
ARTCR 61265,Advanced Painting Tutorial 2,"(3, 3)",,Graduate,
ARTCR 61272,Advanced Painting Tutorial 2,"(3, 3)",,Graduate,
ARTCR 61369,Advanced Painting Tutorial 3,"(3, 3)",,Graduate,
ARTCR 61370,Advanced Painting Tutorial 3,"(3, 3)",,Graduate,
ARTCR 61362,Advanced Painting Tutorial 3,"(3, 3)",,Graduate,
ARTCR 61360,Advanced Painting Tutorial 3,"(3, 3)",,Graduate,
ARTCR 61358,Advanced Painting Tutorial 3,"(3, 3)",,Graduate,
ARTCR 61356,Advanced Painting Tutorial 3,"(3, 3)",,Graduate,
ARTCR 61369,Advanced Painting Tutorial 3,"(3, 3)",,Graduate,
ARTCR 61362,Advanced Painting Tutorial 3,"(3, 3)",,Graduate,
ARTCR 61361,Advanced Painting Tutorial 3,"(3, 3)",,Graduate,
ARTCR 61358,Advanced Painting Tutorial 3,"(3, 3)",,Graduate,
ARTCR 61370,Advanced Painting Tutorial 3,"(3, 3)",,Graduate,
ARTCR 61368,Advanced Painting Tutorial 3,"(3, 3)",,Graduate,
ARTCR 61353,Advanced Painting Tutorial 3,"(3, 3)",,Graduate,
ARTCR 61169,Advanced Painting Tutorial I,"(3, 3)",,Graduate,
ARTCR 61168,Advanced Painting Tutorial I,"(3, 3)",,Graduate,
ARTCR 61260,Advanced Painting Tutorial II,"(3, 3)",,Graduate,
ARTCR 61365,Advanced Painting Tutorial III,"(3, 3)",,Graduate,
ARTCR 61364,Advanced Painting Tutorial III,"(3, 3)",,Graduate,
NURS 78700,Advanced Palliative Care Practice 1,"(4, 4)",,Graduate,
NURS 71700,Advanced Pathophysiology for Nursing Practice,"(3, 3)",,Graduate,
MUS 78959,Advanced Performance Technique I,"(3, 3)",,Graduate,
PH 77001,Advanced Ph Research,"(3, 3)",,Graduate,
NURS 70250,Advanced Pharmacology for Nurse Anesthesia and Acute Care,"(3, 3)",,Doctoral,
NURS 75000,Advanced Pharmacotherapeutics,"(3, 3)",,Graduate,
ARTCR 63200,Advanced Photography 2,"(3, 3)",,Graduate,
ARTCR 63100,Advanced Photography 1,"(3, 3)",,Graduate,
ARTCR 63153,Advanced Photography 1,"(3, 3)",,Graduate,
ARTCR 63300,Advanced Photography 3,"(3, 3)",,Graduate,
ARTCR 63374,Advanced Photography 3,"(3, 3)",,Graduate,
ARTCR 63151,Advanced Photography Tutorial,"(3, 3)",,Graduate,
ARTCR 63174,Advanced Photography Tutorial 1,"(3, 3)",,Graduate,
ARTCR 63152,Advanced Photography Tutorial 1,"(3, 3)",,Graduate,
ARTCR 63268,Advanced Photography Tutorial 2,"(3, 3)",,Graduate,
ARTCR 63274,Advanced Photography Tutorial 2,"(3, 3)",,Graduate,
ARTCR 63270,Advanced Photography Tutorial 2,"(3, 3)",,Graduate,
ARTCR 63253,Advanced Photography Tutorial 2,"(3, 3)",,Graduate,
ARTCR 63251,Advanced Photography Tutorial 2,"(3, 3)",,Graduate,
ARTCR 63252,Advanced Photography Tutorial 2,"(3, 3)",,Graduate,
ARTCR 63352,Advanced Photography Tutorial 3,"(3, 3)",,Graduate,
ARTCR 63353,Advanced Photography Tutorial 3,"(3, 3)",,Graduate,
ARTCR 63351,Advanced Photography Tutorial 3,"(3, 3)",,Graduate,
ARTCR 63168,Advanced Photography Tutorial I,"(3, 3)",,Graduate,
ARTCR 63170,Advanced Photography Tutorial I,"(3, 3)",,Graduate,
ARTCR 63368,Advanced Photography Tutorial II,"(3, 3)",,Graduate,
ARTCR 63370,Advanced Photography Tutorial III,"(3, 3)",,Graduate,
NURS 85100,Advanced Physical Assessment Practicum,"(1, 1)",,Doctoral,
PSYCH 71000,Advanced Physiological Psychology I (Neuroscience I) (B),"(3, 3)",,Graduate,
PSYCH 71100,Advanced Physiological Psychology II (Neuroscience II) (B),"(3, 3)",,Graduate,
NURS 74300,Advanced Practice Psychiatric-Mental Health Nursing 2,"(5, 5)",,Graduate,
NURS 74200,Advanced Practice Psychiatric-Mental Health Nursing I,"(5, 5)",,Graduate,
NURS 74400,Advanced Practice Psychiatric-Mental Health Nursing III An Exploration Of Contemporary Mental Health,"(5, 5)",,Graduate,
NURS 87100,Advanced Practice Public Health Nursing 1,"(1, 1)",,Doctoral,
SSW 79730,Advanced Practice with Groups,"(3, 3)",,Graduate,
NURS 80300,Advanced Principles of Nurse Anesthesia 1,"(4, 4)",,Doctoral,
NURS 80500,Advanced Principles of Nurse Anesthesia 2,"(6, 6)",,Doctoral,
STAT 70100,Advanced Probability Theory I,"(3, 3)",,Graduate,
STAT 70200,Advanced Probability Theory II,"(3, 3)",,Graduate,
ARTCR 60100,Advanced Problems in Design,"(3, 3)",,Graduate,
CSCI 79521,Advanced Programming Languages,"(3, 3)",,Graduate,
NURS 77700,Advanced Psychiatric Mental Health Assessment and Intervention: General,"(3, 3)",,Graduate,
ARTCR 62156,Advanced Sculpture 1,"(3, 3)",,Graduate,
ARTCR 62100,Advanced Sculpture 1,"(3, 3)",,Graduate,
ARTCR 62159,Advanced Sculpture 1,"(3, 3)",,Graduate,
ARTCR 62157,Advanced Sculpture 1,"(3, 3)",,Graduate,
ARTCR 62178,Advanced Sculpture 1,"(3, 3)",,Graduate,
ARTCR 62157,Advanced Sculpture 1,"(3, 3)",,Graduate,
ARTCR 62256,Advanced Sculpture 2,"(3, 3)",,Graduate,
ARTCR 62255,Advanced Sculpture 2,"(3, 3)",,Graduate,
ARTCR 62259,Advanced Sculpture 2,"(3, 3)",,Graduate,
ARTCR 62251,Advanced Sculpture 2,"(3, 3)",,Graduate,
ARTCR 62257,Advanced Sculpture 2,"(3, 3)",,Graduate,
ARTCR 62300,Advanced Sculpture 3,"(3, 3)",,Graduate,
ARTCR 62355,Advanced Sculpture 3,"(3, 3)",,Graduate,
ARTCR 62357,Advanced Sculpture 3,"(3, 3)",,Graduate,
ARTCR 62356,Advanced Sculpture 3,"(3, 3)",,Graduate,
ARTCR 62351,Advanced Sculpture 3,"(3, 3)",,Graduate,
ARTCR 62155,Advanced Sculpture I,"(3, 3)",,Graduate,
ARTCR 62200,Advanced Sculpture II,"(3, 3)",,Graduate,
ARTCR 62359,Advanced Sculpture III,"(3, 3)",,Graduate,
ARTCR 62150,Advanced Sculpture Tutor 1,"(3, 3)",,Graduate,
ARTCR 62160,Advanced Sculpture Tutor 1,"(3, 3)",,Graduate,
ARTCR 62162,Advanced Sculpture Tutor 1,"(3, 3)",,Graduate,
ARTCR 62153,Advanced Sculpture Tutor 1,"(3, 3)",,Graduate,
ARTCR 62158,Advanced Sculpture Tutor 1,"(3, 3)",,Graduate,
ARTCR 62170,Advanced Sculpture Tutor 1,"(3, 3)",,Graduate,
ARTCR 62169,Advanced Sculpture Tutor 1,"(3, 3)",,Graduate,
ARTCR 62167,Advanced Sculpture Tutor 1,"(3, 3)",,Graduate,
ARTCR 62171,Advanced Sculpture Tutor 1,"(3, 3)",,Graduate,
ARTCR 62258,Advanced Sculpture Tutor 2,"(3, 3)",,Graduate,
ARTCR 62271,Advanced Sculpture Tutor 2,"(3, 3)",,Graduate,
ARTCR 62262,Advanced Sculpture Tutor 2,"(3, 3)",,Graduate,
ARTCR 62269,Advanced Sculpture Tutor 2,"(3, 3)",,Graduate,
ARTCR 62253,Advanced Sculpture Tutor 2,"(3, 3)",,Graduate,
ARTCR 62270,Advanced Sculpture Tutor 2,"(3, 3)",,Graduate,
ARTCR 62278,Advanced Sculpture Tutor 2,"(3, 3)",,Graduate,
ARTCR 62252,Advanced Sculpture Tutor 2,"(3, 3)",,Graduate,
ARTCR 62254,Advanced Sculpture Tutor 2,"(3, 3)",,Graduate,
ARTCR 62260,Advanced Sculpture Tutor 2,"(3, 3)",,Graduate,
ARTCR 62261,Advanced Sculpture Tutor 2,"(3, 3)",,Graduate,
ARTCR 62371,Advanced Sculpture Tutor 3,"(3, 3)",,Graduate,
ARTCR 62350,Advanced Sculpture Tutor 3,"(3, 3)",,Graduate,
ARTCR 62369,Advanced Sculpture Tutor 3,"(3, 3)",,Graduate,
ARTCR 62354,Advanced Sculpture Tutor 3,"(3, 3)",,Graduate,
ARTCR 62362,Advanced Sculpture Tutor 3,"(3, 3)",,Graduate,
ARTCR 62367,Advanced Sculpture Tutor 3,"(3, 3)",,Graduate,
ARTCR 62360,Advanced Sculpture Tutor 3,"(3, 3)",,Graduate,
ARTCR 62378,Advanced Sculpture Tutor 3,"(3, 3)",,Graduate,
ARTCR 62352,Advanced Sculpture Tutor 3,"(3, 3)",,Graduate,
ARTCR 62353,Advanced Sculpture Tutor 3,"(3, 3)",,Graduate,
ARTCR 62363,Advanced Sculpture Tutor 3,"(3, 3)",,Graduate,
ARTCR 62370,Advanced Sculpture Tutor 3,"(3, 3)",,Graduate,
ARTCR 62361,Advanced Sculpture Tutor 3,"(3, 3)",,Graduate,
ARTCR 62250,Advanced Sculpture Tutor II,"(3, 3)",,Graduate,
ARTCR 62267,Advanced Sculpture Tutor II,"(3, 3)",,Graduate,
ARTCR 62161,Advanced Sculpture Tutorial,"(3, 3)",,Graduate,
ARTCR 62152,Advanced Sculpture Tutorial 1,"(3, 3)",,Graduate,
ARTCR 62163,Advanced Sculpture Tutorial 1,"(3, 3)",,Graduate,
ARTCR 62154,Advanced Sculpture Tutorial I,"(3, 3)",,Graduate,
ARTCR 62263,Advanced Sculpture Tutorial II,"(3, 3)",,Graduate,
ARTCR 62358,Advanced Sculpture Tutorial III,"(3, 3)",,Graduate,
SSW 75400,Advanced Social Work Research,"(3, 3)",,Graduate,
MUS 72400,Advanced Studies In Music Theory 1,"(3, 3)",,Graduate,
MUS 72500,Advanced Studies in Music Theory II,"(3, 3)",,Graduate,
MUS 75100,Advanced Studies in Musicology 1,"(3, 3)",,Graduate,
MUS 75200,Advanced Studies in Musicology 2,"(3, 3)",,Graduate,
ARTH 7802T,Advanced Studies: Print Matters,"(3, 3)",,Graduate,
IMA 75500,Advanced Studio: Documentary,"(3, 3)",,Graduate,
IMA 75400,Advanced Studio: Emerging Media,"(3, 3)",,Graduate,
IMA 79562,Advanced Studio: Visions,"(3, 3)",,Graduate,
SEDC 721FW,Advanced Study of Teaching English Methods to a Diverse Population in Grades 7-12,"(3, 3)",,Graduate,
SEDC 71100,Advanced Study of Young Adult Literature in our Diverse Society,"(3, 3)",,Graduate,
NURS 60N02,Advanced Synthesis of Psychiatric Mental Health Nurse Practitioner Knowledge & Practice,"(2, 2)",,Graduate,
ENGL 70294,Advanced Theory Coll,"(3, 3)",,Graduate,
SPAN 60100,Advanced to Superior Spanish Grammar and Writing,"(3, 3)",,Graduate,
CSCI 79551,Advanced Topics,"(3, 3)",,Graduate,
MATH 69000,Advanced Topics in Mathematics for Teachers,"(3, 3)",,Graduate,
BIOL 79047,Advanced Topics in Microbial Pathogenesis,"(3, 3)",,Graduate,
URBP 7871A,Advanced Transportation Seminar,"(3, 3)",,Graduate,
CSCI 79530,Advanced Visualization Tools,"(3, 3)",,Graduate,
BIOL 77101,Advances in Experimental Molecular Biology,"(3, 3)",,Graduate,
COMSC 79007,Advnce Research Meth,"(3, 3)",,Graduate,
COMHE 77078,Advoc for Urban Prof,"(3, 3)",,Graduate,
URBG 78712,Advocacy,"(3, 3)",,Graduate,
DAN 74000,Aesthetics,"(3, 3)",,Graduate,
ARTH 76102,Aesthetics of the Margins,"(3, 3)",,Graduate,
ARTH 7802Y,Aesthetics of the Margins,"(3, 3)",,Graduate,
ANTH 79161,"Af Prmtes:Bio,Ev&Beh","(3, 3)",,Graduate,
EDFDN 71700,Aff & Cog Dev:0 To 3,"(3, 3)",,Graduate,
EDFDN 71800,Aff & Cog Dev:3 To 6,"(3, 3)",,Graduate,
HED 62200,Aff Teach&Hlth Behav,"(2, 2)",,Graduate,
HIST 76810,Africa in the Cold War,"(3, 3)",,Graduate,
ENGL 77660,African American Narratives,"(3, 3)",,Graduate,
ENGL 77150,African Amer Theatre,"(3, 3)",,Graduate,
ENGL 75851,African American Literary Traditions in 20th Century,"(3, 3)",,Graduate,
ENGL 77685,African American Theatre,"(3, 3)",,Graduate,
GEOG 70510,African Environment and Development,"(3, 3)",,Graduate,
ANTH 70292,African Influence Cuban Culture,"(3, 3)",,Graduate,
MUS 77750,African Music,"(3, 3)",,Graduate,
MUS 77802,African Music,"(3, 3)",,Graduate,
ANTH 75163,African Music,"(3, 3)",,Graduate,
ARTH 7805E,African-American Artists & the Graphic Arts 1870-1980,"(3, 3)",,Graduate,
THC 76065,African-American Theatre,"(3, 3)",,Graduate,
ENGL 77675,Afro Amer Lit Trad,"(3, 3)",,Graduate,
ANTH 70258,Afro-AmerIcan Culture in US,"(3, 3)",,Graduate,
ENGL 75750,After High Modernism: Political Poetry And Popular Culture,"(3, 3)",,Graduate,
ARTCR 75132,After the Monument,"(3, 3)",,Graduate,
ARTH 7805U,"Against Reason: Tony Smith, Sculpture and Other Modernisms","(3, 3)",,Graduate,
ENGL 73200,Age of Johnson,"(3, 3)",,Graduate,
HIST 71351,Age of Rev in Eur,"(3, 3)",,Graduate,
ENGL 71750,Age:Donne & Jonson,"(3, 3)",,Graduate,
COMHE 60600,Aging & Law,"(3, 3)",,Graduate,
ENGL 77572,Aging in Literature & Theory,"(3, 3)",,Graduate,
COMHE 72000,Alcoholism,"(3, 3)",,Graduate,
SSW 77000,Alcoholism and Substance Abuse,"(3, 3)",,Graduate,
MATH 75200,Algebraic Topology,"(3, 3)",,Graduate,
MATH 79552,Algebraic Topology,"(3, 3)",,Graduate,
IMA 78327,Algorithmic Disobedience,"(1, 1)",,Graduate,
CSCI 70500,Algorithms,"(3, 3)",,Graduate,
ANTH 70261,All American Women,"(3, 3)",,Graduate,
SPED 70N01,Alt Cert Practicum Adolescent Special Education,"(2, 2)",,Graduate,
SPED 79100,"Alternate Asmnt Learners w/Low Incidence Disab: Visual Impairmnt, Deafblindness & Severe Dis (KC)","(3, 3)",,Graduate,
PSYCH 75080,Alternate Human Res,"(3, 3)",,Graduate,
IMA 78331,Alternative Darkroom Processes for Film,"(1, 1)",,Graduate,
IMA 71000,Alternative Media: Examples and Experiences,"(3, 3)",,Graduate,
THC 72581,Alternative Perfrmce,"(3, 3)",,Graduate,
IMA 78310,Alternative Video Image Processing,"(1, 1)",,Graduate,
PSYCH 75063,Altrntve Psychothrps,"(3, 3)",,Graduate,
ANTH 73300,Amazon: Social & Culture,"(3, 3)",,Graduate,
HIST 77204,Amer & World 20th C,"(3, 3)",,Graduate,
ENGL 75458,Amer Anti War Literature,"(3, 3)",,Graduate,
HIST 77476,Amer Biographies,"(3, 3)",,Graduate,
THC 76067,Amer Realism 1900-50,"(3, 3)",,Graduate,
ARTH 78051,Amercan Impressionism,"(3, 3)",,Graduate,
HIST 77468,America & World-20C,"(3, 3)",,Graduate,
HIST 77208,America and the World in the 20th Century,"(3, 3)",,Graduate,
HIST 7741M,America and World in 20th Century,"(3, 3)",,Graduate,
HIST 77418,America in the 20C,"(3, 3)",,Graduate,
ARTH 78050,American Art: 1950's,"(3, 3)",,Graduate,
ENGL 74953,American Bodies: Corporeal Representation in the U.S. 1860 - 1910,"(3, 3)",,Graduate,
HIST 77216,American Colonies to 1821,"(3, 3)",,Graduate,
ENGL 75161,American Dreaming,"(3, 3)",,Graduate,
HIST 77425,American Econ Hist,"(3, 3)",,Graduate,
ECO 73100,American Economic History,"(3, 3)",,Graduate,
HIST 77443,American Founders,"(3, 3)",,Graduate,
HIST 74800,American Jewish History,"(3, 3)",,Graduate,
ENGL 74800,American Literature: Colonial and Federal Periods,"(3, 3)",,Graduate,
ENGL 75155,American Modernism,"(3, 3)",,Graduate,
ENGL 75152,American Modernisms,"(3, 3)",,Graduate,
MUS 74259,American Music,"(3, 3)",,Graduate,
ENGL 75300,American Poets Of The 20th Century,"(3, 3)",,Graduate,
ENGL 75000,"American Prose, 1860-1914","(3, 3)",,Graduate,
ENGL 75100,"American Prose, 1914 to the Present","(3, 3)",,Graduate,
ENGL 75464,American Renaissance,"(3, 3)",,Graduate,
SPED 72100,American Sign Language 2,"(3, 3)",,Graduate,
SPED 72000,American Sign Language I,"(3, 3)",,Graduate,
ENGL 74851,Amerlit Colonial & Fed,"(3, 3)",,Graduate,
COMSC 76900,Amplification 2,"(3, 3)",,Graduate,
COMSC 76800,Amplification I,"(3, 3)",,Graduate,
EDF 74800,An Ed&/Ss of Divrsty,"(3, 3)",,Graduate,
STAT 61300,An Introduction to Statistics,"(3, 3)",,Graduate,
BIOL 79015,An Investigation into Nobel Prize-Winning Research,"(3, 3)",,Graduate,
COMSC 76200,An&Phys Aud&Vest Mec,"(3, 3)",,Graduate,
IMA 78339,Analog Experiments in Time Based Media,"(1, 1)",,Graduate,
LING 70300,Analysis and Structure of English 1,"(3, 3)",,Graduate,
LING 70400,Analysis and Structure of English 2,"(3, 3)",,Graduate,
MUS 78952,Analysis in Performance,"(3, 3)",,Graduate,
STAT 75300,Analysis Longit Data,"(3, 3)",,Graduate,
BIOL 771LB,Analysis Mammal Cells-Lab,"(4, 4)",,Graduate,
BIOL 79008,Analysis of Biological Data,"(3, 3)",,Graduate,
STAT 75200,Analysis of Categorical Data,"(3, 3)",,Graduate,
BIOS 75200,Analysis of Category Data,"(3, 3)",,Graduate,
BIOS 75300,Analysis of Longitudinal Data,"(3, 3)",,Graduate,
EDF 80400,Analysis of Major Issues in Contemporary Education Reform,"(3, 3)",,Doctoral,
MATH 79501,Analysis of Partial Differential Equations,"(3, 3)",,Graduate,
MUS 74062,Analysis of Popular Music,"(3, 3)",,Graduate,
ADSUP 72200,Analysis of Problems and Issues in Contemporary Education,"(3, 3)",,Graduate,
MUS 74002,Analysis of Song Cycles,"(3, 3)",,Graduate,
STAT 71800,Analysis of Variance,"(3, 3)",,Graduate,
BIOS 75800,Analysis of Variance,"(3, 3)",,Graduate,
EDABA 75000,Analysis of Verbal Behavior,"(3, 3)",,Graduate,
MATH 74200,Analytic Functions,"(3, 3)",,Graduate,
NURS 80200,Analytic Methods for Evidence-Based Practice,"(3, 3)",,Doctoral,
PHYS 71200,Analytical Dynamics,"(4, 4)",,Graduate,
PHYS 71100,Analytical Dynamics,"(4, 4)",,Graduate,
PHYS 61100,Analytical Mechanics,"(3, 3)",,Graduate,
IMA 78099,Analytical Seminar,"(3, 3)",,Graduate,
MUS 74072,Analyzing Multimedia,"(3, 3)",,Graduate,
COMSC 61000,Anat & Phys of Sp Prod,"(3, 3)",,Graduate,
COMSC 60800,"Anat, Phys Spch Prod","(4, 4)",,Graduate,
COMSC 70800,Anatomy & Physiology of the Speech and Voice Mechanisms,"(3, 3)",,Graduate,
ARTCR 75151,Anatomy of Vision,"(3, 3)",,Graduate,
ARTH 7804F,Ancient Egyptian Iconoclasm: Public Art,"(3, 3)",,Graduate,
THC 76069,Ancient Greek Drama,"(3, 3)",,Graduate,
ENGL 78652,Ancient Rhetoric and Contemporary Interpretation,"(3, 3)",,Graduate,
THC 72552,Ancient Theatre,"(3, 3)",,Graduate,
PSYCH 71700,Animal Behavior & Conservation in Captivity and the Wild (B),"(3, 3)",,Graduate,
PSYCH 71200,Animal Behavior & Conservation Internship,"(3, 3)",,Graduate,
PSYCH 71800,Animal Behavior 2; Behavioral Ecology (B),"(3, 3)",,Graduate,
PSYCH 717U0,Animal Behavior and Captivity,"(3, 3)",,Graduate,
PSYCH 71600,Animal Behavior I: Mechanisms of Behavior (B),"(3, 3)",,Graduate,
PSYCH 75076,Animal Communication,"(3, 3)",,Graduate,
PSYCH 80151,Animal Orientation,"(3, 3)",,Graduate,
PSYCH 75700,Animal Thinking & Communication,"(3, 3)",,Graduate,
ARTH 7805N,Animal: Menageries Taxonomies & Maternity in the 18th Century,"(3, 3)",,Graduate,
IMA 78007,Animation Studio,"(3, 3)",,Graduate,
LING 70200,Anlys & Struc of Eng,"(4, 4)",,Graduate,
ARTH 7803H,Another Gothic: Avignon and the Mediterranean 1200-1400,"(3, 3)",,Graduate,
ANTH 70260,Anth & Contemp Educ,"(3, 3)",,Graduate,
ANTH 80053,Anth Remote Sensing,"(3, 3)",,Graduate,
ANTH 80052,Anth Remote Sensing,"(2, 2)",,Graduate,
ANTH 70269,Anthro & Africa Today,"(3, 3)",,Graduate,
ANTH 70263,Anthro Demography,"(3, 3)",,Graduate,
ANTH 70206,"Anthro Methods Studying Health, from Society to Cells","(3, 3)",,Graduate,
ANTH 70266,Anthro of Israel,"(3, 3)",,Graduate,
EDF 79010,Anthropology & Educ,"(3, 3)",,Graduate,
ANTH 71850,Anthropology & Education,"(3, 3)",,Graduate,
ANTH 70351,Anthropology & History,"(3, 3)",,Graduate,
ANTH 70256,Anthropology and Energy,"(3, 3)",,Graduate,
ANTH 71752,Anthropology Contempory Wars,"(3, 3)",,Graduate,
EDFDN 70400,Anthropology in American Education,"(3, 3)",,Graduate,
ANTH 72100,Anthropology of Art,"(3, 3)",,Graduate,
ANTH 72550,Anthropology of Ethnicity,"(3, 3)",,Graduate,
ANTH 70262,Anthropology of Food,"(3, 3)",,Graduate,
ANTH 70241,Anthropology of Media,"(3, 3)",,Graduate,
ANTH 72150,Anthropology of Music & Art,"(3, 3)",,Graduate,
ANTH 72551,Anthropology of Race,"(3, 3)",,Graduate,
ANTH 77162,Anthropology of Science,"(3, 3)",,Graduate,
ANTH 70267,Anthropology of Time Use,"(3, 3)",,Graduate,
SPED 79905,Ap Behavior Analysis I,"(3, 3)",,Graduate,
SPED 79906,Ap Behavior Analysis 2,"(3, 3)",,Graduate,
COMSC 72600,Aphasia and Associated Communication Disorders,"(3, 3)",,Graduate,
EPI 77107,Appl Nutr Epi Pt 2,"(2, 2)",,Graduate,
PSYCH 75081,Applied Animal Behav,"(3, 3)",,Graduate,
PSYCH 75400,Applied Animal Welfare & Behavior,"(3, 3)",,Graduate,
ANTH 71800,Applied Anthropology,"(3, 3)",,Graduate,
EDABA 79600,Applied Behavior Analysis 2 (KC),"(3, 3)",,Graduate,
EDABA 79500,Applied Behavior Analysis I (KC),"(3, 3)",,Graduate,
EDABA 79300,Applied Behavior Analytic Autism Intervention for Adults,"(3, 3)",,Graduate,
BIOS 77001,Applied Bio-statistics III,"(3, 3)",,Graduate,
STAT 75000,Applied Biostat 1,"(3, 3)",,Graduate,
BIOS 75000,Applied Biostatistics 1,"(3, 3)",,Graduate,
STAT 75100,Applied Biostatistics 2,"(3, 3)",,Graduate,
BIOS 75100,Applied Biostatistics II,"(3, 3)",,Graduate,
STAT 77000,Applied Biostatistics III,"(3, 3)",,Graduate,
PSYCH 68062,Applied Developmental Psychology,"(3, 3)",,Graduate,
SSW 79752,Applied Ethics,"(3, 3)",,Graduate,
MUS 77803,Applied Ethnomusicology,"(3, 3)",,Graduate,
URBP 7871M,Applied GIS for Urban Environmental Analysis,"(3, 3)",,Graduate,
EDPS 71400,Applied Motivation Theory in Education,"(3, 3)",,Graduate,
GSR 71900,Applied Research Seminar,"(3, 3)",,Graduate,
EPI 75200,Applied Research: Data Management and Analysis,"(3, 3)",,Graduate,
NURS 91500,Applied Statistics 1,"(3, 3)",,Doctoral,
NURS 91600,Applied Statistics 2,"(3, 3)",,Doctoral,
BIOL 79016,Applying Molecular Biology to Decipher Biological Principles,"(3, 3)",,Graduate,
ARTCR 75156,Apprenticeship,"(3, 3)",,Graduate,
SPAN 79129,"Aqui cuentan las mujeres: Las escritores de America Latina, Siglo XX-XX1","(3, 3)",,Graduate,
SPAN 79649,Aqui Cuentan Mujeres,"(3, 3)",,Graduate,
TRNA 75300,Arabic-English Translation,"(3, 3)",,Graduate,
ARTH 76000,Arch and the City,"(3, 3)",,Graduate,
ANTH 75161,Arch of Mesoamer,"(3, 3)",,Graduate,
ANTH 75652,Archaeology : Colonialism,"(3, 3)",,Graduate,
ANTH 76000,Archaeology of Africa,"(3, 3)",,Graduate,
ANTH 75900,Archaeology of Europe,"(3, 3)",,Graduate,
ANTH 76100,Archaeology of Near East,"(3, 3)",,Graduate,
ANTH 75147,Archaeology of New York City,"(3, 3)",,Graduate,
ANTH 75400,Archaeology of North America,"(3, 3)",,Graduate,
ANTH 70210,Archaeology of Past Pandemics: Public Health in Archaeological Perspective,"(3, 3)",,Graduate,
ANTH 76050,Archaeology of South Africa,"(3, 3)",,Graduate,
ANTH 75000,Archaeology(Core Course),"(3, 3)",,Graduate,
ANTH 75500,Archeo:Selected Area,"(3, 3)",,Graduate,
ANTH 75149,Archeology of Mexico and Central America,"(3, 3)",,Graduate,
ARTH 7803T,Architecture of the Modern Contemporary Middle East,"(3, 3)",,Graduate,
IMA 78050,Archival Media and Participatory Aesthetics,"(3, 3)",,Graduate,
IMA 78381,Archivist,"(1, 1)",,Graduate,
ITAL 72100,Ariosto,"(3, 3)",,Graduate,
ARTH 78036,Art & Pol Revol & Napoleon,"(3, 3)",,Graduate,
ARTCR 75167,Art & Politics,"(3, 3)",,Graduate,
ARTCR 75107,Art & Social Conscience,"(3, 3)",,Graduate,
ARTH 7804Y,Art and Enlightenment,"(3, 3)",,Graduate,
ARTCR 75160,Art and Magic,"(3, 3)",,Graduate,
ANTH 70282,Art and Revolution in the Middle East and North Africa: Anthropological Perspectives,"(3, 3)",,Graduate,
ARTH 7804U,Art and Urbanism in African Cities,"(3, 3)",,Graduate,
ARTH 78059,Art China & Islamic World,"(3, 3)",,Graduate,
ARTH 78010,Art Ex Islam World & China,"(3, 3)",,Graduate,
ARTH 7803G,Art for and Against the State: Post-1951 Art in Latin America,"(3, 3)",,Graduate,
EDUC 72800,Art for Elem Tchrs,"(3, 3)",,Graduate,
ARTH 78072,Art in America: 1908-68,"(3, 3)",,Graduate,
ARTH 60N01,Art of Africa,"(3, 3)",,Graduate,
ARTH 78054,Art of Appropriation,"(3, 3)",,Graduate,
ITAL 75200,Art of Hum of Manzni,"(3, 3)",,Graduate,
ARTH 78022,Art of Performance,"(3, 3)",,Graduate,
EDUC 70000,Art of Tch:Ms Entry,"(3, 3)",,Graduate,
ARTH 78093,Art of the Americas,"(3, 3)",,Graduate,
ARTH 78069,Art of Victorian Era,"(3, 3)",,Graduate,
ARTH 78062,Art of Winslow Homer,"(3, 3)",,Graduate,
MUS 71804,Art Song,"(1, 1)",,Graduate,
ARTCR 75192,Art World Confidential,"(3, 3)",,Graduate,
ARTH 7801X,"Art, Empire and the Global","(3, 3)",,Graduate,
ARTH 7803D,"Art, Empire and the Global 18th Century","(3, 3)",,Graduate,
ARTCR 75155,Art-Specific Sites,"(3, 3)",,Graduate,
ARTCR 75162,Art: Public Context,"(3, 3)",,Graduate,
CSCI 76100,Artificial Intelligence,"(3, 3)",,Graduate,
ARTCR 75177,Artist Books,"(3, 3)",,Graduate,
ARTCR 7511M,Artist Publishing,"(3, 3)",,Graduate,
ARTCR 75125,Artist's Books,"(3, 3)",,Graduate,
ARTCR 75183,Artists Coop,"(3, 3)",,Graduate,
ENGL 77677,Asian Amer Literature Theory,"(3, 3)",,Graduate,
ENGL 71051,Asian Amercan & Language,"(3, 3)",,Graduate,
ENGL 77251,Asian American & Asian Diasporic Literature,"(3, 3)",,Graduate,
ENGL 77252,Asian American Lit & Militarism,"(3, 3)",,Graduate,
THC 72593,Asian American Theatre,"(3, 3)",,Graduate,
ARTH 7801P,Asian Art,"(3, 3)",,Graduate,
EDFDN 70056,Asian Immigration and the American Education System,"(3, 3)",,Graduate,
THC 75800,Asian Performance,"(3, 3)",,Graduate,
THC 76054,Asian Theatre,"(3, 3)",,Graduate,
HIST 76550,Asp 20C Amer Thought,"(3, 3)",,Graduate,
EDUC 71900,Asp of Fr Cult-Elem,"(3, 3)",,Graduate,
HIST 77437,Asp World Hist-1500,"(3, 3)",,Graduate,
FREN 76000,Aspects of 20th-Century French Fiction,"(3, 3)",,Graduate,
FREN 76500,Aspects of Modern French Theatre,"(3, 3)",,Graduate,
HIST 77416,Aspects of Wrld Hist,"(3, 3)",,Graduate,
CEDC 75500,Ass't&Inst'n G/T Lab,"(3, 3)",,Graduate,
EDF 71680,Assess of Teaching & Learning,"(3, 3)",,Graduate,
COMSC 71900,Assessment & Management of Dysphagia Across the Lifespan,"(4, 4)",,Graduate,
COMSC 73100,"Assessment and Management of Speech, Voice, and Swallowing Following Surgical Intervention For Head","(3, 3)",,Graduate,
NURS 82700,Assessment and Primary Care of Children and Adolescents,"(3, 3)",,Doctoral,
NURS 82600,Assessment and Primary Care of the Newborn-Age 5 Years,"(3, 3)",,Doctoral,
ECF 70200,Assessment in Early Childhood Education: Birth through Grade 2,"(3, 3)",,Graduate,
EDPS 72500,Assessment in Schools,"(3, 3)",,Graduate,
SPED 70100,Assessment of Students and Collaboration with Families and Communities,"(3, 3)",,Graduate,
CEDF 71600,Assessment of Teaching and Learning,"(3, 3)",,Graduate,
SEDF 70600,Assessment of Teaching and Learning in Adolescent Education,"(2, 2)",,Graduate,
NURS 70100,"Assessment, Measurement, and Evaluation in Nursing Education","(3, 3)",,Graduate,
SPED 74400,Assistive Technology for Learners with Visual Impairments,"(3, 3)",,Graduate,
SPED 74450,Assistive Technology for Learners with Visual Impairments,"(1, 1)",,Graduate,
COMHE 77039,Asthma Control Program,"(3, 3)",,Graduate,
PHYS 75700,Astrophysics,"(4, 4)",,Graduate,
SSW 79777,"Attachment, Resilience & Spirituality: Contexts for Recovery from Addictive Disease","(3, 3)",,Graduate,
PSYCH 68053,Attitudes & Persuasion,"(3, 3)",,Graduate,
PSYCH 75300,Attitudes and Attitude Change (S),"(3, 3)",,Graduate,
COMSC 76500,Aud. Electrophys. 2,"(3, 3)",,Graduate,
COMSC 60600,Audio & Speech Mechanism,"(3, 3)",,Graduate,
COMSC 75000,Audio Intern Pract,"(2, 2)",,Graduate,
IMA 78013,Audio Narratives,"(3, 3)",,Graduate,
COMSC 75900,Audiology Extshp Sem,"(1, 1)",,Graduate,
COMSC 75200,Audiology for Speech-Language Pathologists,"(3, 3)",,Graduate,
COMSC 76400,Auditory Electrophysiology 1,"(3, 3)",,Graduate,
COMSC 77058,Augmentative Comm,"(3, 3)",,Graduate,
COMSC 79008,Augmentatv&Alt Commu,"(3, 3)",,Graduate,
IMA 78039,Augmented Reality,"(3, 3)",,Graduate,
ENGL 73100,Augustan Age,"(3, 3)",,Graduate,
COMSC 74000,Aural Habil & Rehabilitation,"(3, 3)",,Graduate,
COMSC 76600,Aural Habilitation,"(3, 3)",,Graduate,
SPED 73600,Aural Rehabilitation of Students Who are Deaf and Hard-of-Hearing,"(3, 3)",,Graduate,
ENGL 75158,Aut & OAut & Own 20th Cen Amer Fiction,"(3, 3)",,Graduate,
ENGL 75650,Authorship & Ownership in 20th Century American Fiction and Non-Fiction,"(3, 3)",,Graduate,
SPEDE 77151,Autism Spectrum Disorder: Characteristics and Implications for Intervention,"(3, 3)",,Graduate,
SPEDE 77100,Autism Spectrum Disorder: Characteristics and Implications for Intervention,"(3, 3)",,Graduate,
MATH 63300,Axiomatic Geometry,"(3, 3)",,Graduate,
BIOL 79065,Bacterial Stress Res,"(3, 3)",,Graduate,
ENGL 75852,Baldwin and Ellison,"(3, 3)",,Graduate,
FREN 75300,Balzac and Stendhal,"(3, 3)",,Graduate,
ECO 71100,Banking and Financial Markets,"(3, 3)",,Graduate,
ARTH 62500,Baroque Art,"(3, 3)",,Graduate,
MUS 78955,Baroque Performance Practce,"(3, 3)",,Graduate,
GERMN 60000,Bas Ger for Grad Stu,"(None, None)",,Graduate,
EDUC 70500,Bas Math&Sci Inst El,"(3, 3)",,Graduate,
FREN 60000,Basic Course in French for Graduate Students,"(3, 3)",,Graduate,
BIOCH 71100,Basic Laboratory,"(4, 4)",,Graduate,
PSYCH 75103,"Basic Psychological Processes 1: Perception, Learning & Comparative Cognition (S, B)","(3, 3)",,Graduate,
PSYCH 75104,"Basic Psychological Processes 2: Development, Cognition & Language (S)","(3, 3)",,Graduate,
EDFDN 51000,Basic Statistics,"(3, 3)",,Graduate,
EDFDN 52000,Basic Statistics,"(3, 3)",,Graduate,
HIST 77467,Batls/Sldrs-Civl War,"(3, 3)",,Graduate,
STAT 73900,Bayesian Stat:In Sci,"(3, 3)",,Graduate,
URBP 78735,Bdgtng & Finance:Nonpr,"(3, 3)",,Graduate,
PGEOG 70503,Beaches and Coasts,"(3, 3)",,Graduate,
THC 76074,Beckett & His Heritage,"(3, 3)",,Graduate,
ENGL 78053,Beckett and His Heritage,"(3, 3)",,Graduate,
MUS 78966,Beethoven & Beyond,"(3, 3)",,Graduate,
MUS 78958,Beethoven Performance Practice,"(3, 3)",,Graduate,
MUS 74266,Beethoven Piano Sonatas,"(3, 3)",,Graduate,
MUS 78961,Beethoven Studies,"(3, 3)",,Graduate,
MUS 74263,Beethoven Symphonies,"(3, 3)",,Graduate,
CEDC 70100,Beginning Elementary Literacy Methods,"(3, 3)",,Graduate,
PSYCH 75060,Beh & Cons in Captivty,"(3, 3)",,Graduate,
NURS 75600,Beh Pat Old Ad:Nurs2,"(3, 3)",,Graduate,
COUNS 72051,Behavior Appls Counseling,"(3, 3)",,Graduate,
PSYCH 75048,Behavioral Ecology: Applications to Wildlife Conservation in our Changing World,"(3, 3)",,Graduate,
ECO 72900,Behavioral Economics,"(3, 3)",,Graduate,
PSYCH 75087,Behaviorl Endocrinol,"(3, 3)",,Graduate,
ARTCR 75121,Bent Stranger in the Wilderness: An Intersectional Exorcising of Queer,"(3, 3)",,Graduate,
ENGL 70400,Beowulf & Early Txts,"(3, 3)",,Graduate,
HIST 7741O,Berlin: Capital 20th Century,"(3, 3)",,Graduate,
ENGL 70257,Bertolt Brecht,"(3, 3)",,Graduate,
ENGL 77583,Bible & Literature,"(3, 3)",,Graduate,
EDF 71650,Bil Eval & Assessment Children,"(3, 3)",,Graduate,
EDESL 78963,Biling/Bicult Adult,"(3, 3)",,Graduate,
BILED 75500,"Bilingual Development, Assessment, and Instruction","(3, 3)",,Graduate,
BILED 71100,Bilingual Literacies - Spanish (KC),"(3, 3)",,Graduate,
BILED 71300,Bilingual Literacy - Chinese (KC),"(3, 3)",,Graduate,
BILED 71200,Bilingual Literacy - French (KC),"(3, 3)",,Graduate,
BILED 78000,Bilingual Research Seminar (KC),"(3, 3)",,Graduate,
BILED 78080,Bilingual Research Seminar (KC),"(2, 2)",,Graduate,
HIST 77494,Bio & Autobio Md Ag/Rn,"(3, 3)",,Graduate,
HIST 77453,Bio & Autobio-US Hst,"(3, 3)",,Graduate,
EDUC 77600,Bio Curr in Elem Sch,"(3, 3)",,Graduate,
NURS 69956,Bio Psych of Aging,"(3, 3)",,Graduate,
HIST 76351,Bio&Autobo Lt Vic En,"(3, 3)",,Graduate,
NURS 71000,Bio-Beh Pat Ad:Nsg 1,"(3, 3)",,Graduate,
NURS 71100,Bio-Beh Pat Ad:Nsg 2,"(3, 3)",,Graduate,
NURS 71200,Bio-Beh Pat Ad:Nsg 3,"(3, 3)",,Graduate,
CHEM 64000,Biochemistry 1,"(3, 3)",,Graduate,
CHEM 64100,Biochemistry 2,"(3, 3)",,Graduate,
BIOL 64000,Biodiversity and Evolution,"(2, 2)",,Graduate,
PGEOG 70160,Biogeography,"(3, 3)",,Graduate,
BIOL 79098,Bioinform: Small RNA,"(3, 3)",,Graduate,
BIOL 79086,Bioinformatics Workshop,"(3, 3)",,Graduate,
BIOL 79081,Bioinfrmtics/Disease,"(3, 3)",,Graduate,
ANTH 79000,Biological Anthropology (Core Course),"(3, 3)",,Graduate,
BIOL 60500,Biology Education 2,"(3, 3)",,Graduate,
BIOL 60400,Biology Education I,"(3, 3)",,Graduate,
BIOL 79030,Biology of Cancer Progression,"(3, 3)",,Graduate,
PSYCH 68061,Biology of Decision-Making,"(3, 3)",,Graduate,
BIOL 79060,Biology/Immunology: AIDS,"(3, 3)",,Graduate,
BIOL 79058,Biomed Inf: Dis Prev,"(3, 3)",,Graduate,
BIOL 79087,Biomed Inf: Tran Gen,"(3, 3)",,Graduate,
BIOL 79020,Biomedical Genomics II,"(3, 3)",,Graduate,
BIOCH 750U0,Bioorganic Chemistry,"(3, 3)",,Graduate,
CHEM 65000,Biophysical Chemistry,"(4, 4)",,Graduate,
NURS 92400,"Biopsychosocial Theories of Health, Community Engagement and Disease Prevention","(3, 3)",,Doctoral,
STAT 72450,Biostatistics,"(3, 3)",,Graduate,
COMHE 60000,Biostatistics,"(3, 3)",,Graduate,
STAT 63855,Biostatistics,"(2, 2)",,Graduate,
PH 70001,Biostatistics Rec,"(3, 3)",,Graduate,
PH 70002,Biostatistics Rec,"(3, 3)",,Graduate,
EPI 70N03,Birth and Cesarean Section Trends: Epidemiology and Public Health Implications,"(2, 2)",,Graduate,
SSW 70550,Black Community & SW,"(3, 3)",,Graduate,
ENGL 75854,Black Post-Modernism,"(3, 3)",,Graduate,
URBG 78778,Black Space: Planning and Black Communities in New York City,"(3, 3)",,Graduate,
HIST 77221,Black Thought: New Perspectives in Black Intellectual History,"(3, 3)",,Graduate,
ENGL 78251,Black Women Writers,"(3, 3)",,Graduate,
ENGL 77669,Black Women Writers,"(3, 3)",,Graduate,
ENGL 77599,Blake & Milton Allegor,"(3, 3)",,Graduate,
IMA 78041,Blank Screen,"(3, 3)",,Graduate,
URBP 78769,Blueprint for Transit Development,"(3, 3)",,Graduate,
ITAL 71600,Boccaccios Decameron,"(3, 3)",,Graduate,
IMA 78383,Body in Video,"(1, 1)",,Graduate,
FREN 79563,"Body, Medicine, and Technology in the Francophone Novel","(3, 3)",,Graduate,
ANTH 70360,"Borders, Badlands and Transnational Organized Crime","(3, 3)",,Graduate,
SPAN 79102,Borges and the Theories of Literature,"(3, 3)",,Graduate,
SPAN 79656,Borgesylaterrialiter,"(3, 3)",,Graduate,
ARTH 63900,Boticelli,"(3, 3)",,Graduate,
SPED 74300,Braille Literacy and Communication Skills for Learners with Visual Impairments (KC),"(3, 3)",,Graduate,
MUS 64500,Brass,"(1, 1)",,Graduate,
THC 73058,Brecht & Artaud,"(3, 3)",,Graduate,
THC 72592,Brit Thea Sem WW2,"(3, 3)",,Graduate,
HIST 77303,Britain's Long 18C,"(3, 3)",,Graduate,
ENGL 75258,British and American Prose Poetry Across the Long 19th Century,"(3, 3)",,Graduate,
ENGL 75250,Brontes/Thomas Hardy,"(3, 3)",,Graduate,
ARTH 7805T,Buddhism & the Material World,"(3, 3)",,Graduate,
ARTH 63000,Buddhist Art,"(3, 3)",,Graduate,
URBG 78768,Budgeting and Financial Management,"(3, 3)",,Graduate,
SPED 70900,"Building Positive Classroom Culture in an Inclusive Setting, Grades 7 - 12","(3, 3)",,Graduate,
SEDC 71000,Building the Foundations of Literacy in Adolescent Education,"(3, 3)",,Graduate,
ACC 77000,"Business Ethics, Communications, and Professional Accounting Research","(3, 3)",,Graduate,
ECO 78000,"Business Ethics, Communications, and Research Project","(3, 3)",,Graduate,
ECO 68500,Business Law 1,"(3, 3)",,Graduate,
THC 72561,C.D. Leadership Tech,"(3, 3)",,Graduate,
EDUC 72052,C.M.D. Ss Thru Art,"(3, 3)",,Graduate,
LAT 70500,Caesar,"(3, 3)",,Graduate,
LAT 71002,Caesar in Gaul,"(3, 3)",,Graduate,
ARTH 78005,Cages Impact Contempory Art,"(3, 3)",,Graduate,
MATH 75000,Calculus on Manifold,"(3, 3)",,Graduate,
ANTH 75551,Callapse of Complex So,"(3, 3)",,Graduate,
BIOL 79011,Cancer Genomics,"(3, 3)",,Graduate,
BIOL 79091,Cancer Genomics:D & S,"(3, 3)",,Graduate,
NURS 69916,Cancer Survivorship Management Primary Care Providers,"(3, 3)",,Doctoral,
NUTR 78005,Capstone,"(5, 5)",,Graduate,
NUTR 78006,Capstone,"(6, 6)",,Graduate,
NUTR 78004,Capstone,"(4, 4)",,Graduate,
NUTR 78003,Capstone,"(3, 3)",,Graduate,
NURS 69906,Capstone Internship,"(3, 3)",,Doctoral,
PH 73800,Capstone Project,"(3, 3)",,Graduate,
ENGL 77594,Carbi Anglophone Literature,"(3, 3)",,Graduate,
PT 81100,Cardiac Examination & Intervention,"(2, 2)",,Doctoral,
PT 69100,Cardiac Rehab,"(2, 2)",,Graduate,
ITAL 75400,Carduci/Danunz/Pasco,"(3, 3)",,Graduate,
SSW 79762,Care Coordination,"(3, 3)",,Graduate,
COCO 71300,Career Counseling and College Readiness,"(4, 4)",,Graduate,
COCO 71200,"Career Counseling, Assessment and Placement","(4, 4)",,Graduate,
COCO 70400,Career Development,"(3, 3)",,Graduate,
ENGL 77662,Caribbean Literature,"(3, 3)",,Graduate,
COMHE 77046,Case Management,"(3, 3)",,Graduate,
STAT 79000,Case Seminar,"(3, 3)",,Graduate,
STAT 79900,Case Seminar,"(3, 3)",,Graduate,
STAT 72452,Case Stud Appld Math,"(3, 3)",,Graduate,
EDUC 80900,"Case Studies in Education: Institutions, Schools, Programs, Classrooms and Individuals","(3, 3)",,Doctoral,
URBG 78752,Cases in N.Y.C. Plng,"(3, 3)",,Graduate,
ANTH 78810,Casual Explanation for Social Scientists,"(1, 1)",,Graduate,
SPED 75400,(Cedc 754) Differentiating Curriculum for Gifted and Talented Learners,"(3, 3)",,Graduate,
SPED 75500,(Cedc 755) Assessment and Instruction for Diversely Gifted Learners,"(3, 3)",,Graduate,
BIOL 65000,Cell and Tissue Culture,"(3, 3)",,Graduate,
BIOL 71401,Cell Biology,"(4, 4)",,Graduate,
BIOL 71400,Cell Biology,"(4, 4)",,Graduate,
BIOL 79085,Cell Biology Myelination,"(3, 3)",,Graduate,
BIOL 79061,Cell Biology: Nervous System,"(3, 3)",,Graduate,
BIOL 770LB,Cell Fine Struct-Lab,"(4, 4)",,Graduate,
BIOL 79089,Cell Lineage,"(3, 3)",,Graduate,
BIOL 79013,Cellular Mechanotransduction,"(3, 3)",,Graduate,
ARTCR 7511B,Ceramics,"(3, 3)",,Graduate,
ARTCR 7511F,Ceramics in the Expanded Field,"(3, 3)",,Graduate,
SPAN 72200,Cervantes-Don Quixote,"(3, 3)",,Graduate,
MATH 65500,Challeng Concept In Math: Using Research To Identify Common Misconceptions & Assess Student Learn,"(3, 3)",,Graduate,
ARTH 76114,Challenged: American Museums NOW,"(3, 3)",,Graduate,
BIOL 66000,Challenging Concepts in Biology Sciences,"(4, 4)",,Graduate,
CHEM 66000,Challenging Concepts in Chemistry 4,"(4, 4)",,Graduate,
PGEOG 66000,Challenging Concepts in Earth Science 4,"(4, 4)",,Graduate,
PHYS 66000,Challenging Concepts in Physics: Using Research to Identify Student Misconceptions And Assess Studen,"(4, 4)",,Graduate,
ENGL 79558,Challenging Concepts:Mathematics:Research to Identify Common Misconceptions&Assess Student Learning,"(3, 3)",,Graduate,
MUS 76071,Chamber Music,"(3, 3)",,Graduate,
MUS 71300,Chamber Music,"(1, 1)",,Graduate,
SSW 79195,Change Theory and Practice with Youth at Multiple Levels of Analysis,"(3, 3)",,Graduate,
ENGL 70500,Chaucer's Early Works,"(3, 3)",,Graduate,
ENGL 70600,"Chaucer, The Canterbury Tales and Later Works","(3, 3)",,Graduate,
COCO 71000,Chemical Dependency: Issues In Counseling,"(3, 3)",,Graduate,
CEDF 71200,Child & Adolescence Development,"(4, 4)",,Graduate,
CEDF 71300,Child and Adolescence Development Alt Certificate,"(3, 3)",,Graduate,
EDF 70900,Child Development,"(3, 3)",,Graduate,
EDF 709FW,Child Development,"(3, 3)",,Graduate,
CEDF 70900,Child Development 1-6,"(3, 3)",,Graduate,
ECF 70000,Child Development: Birth to Age Eight,"(3, 3)",,Graduate,
PSYCH 75070,Child Psychopatholog,"(3, 3)",,Graduate,
SSW 79191,Child Welf: NYC & Pr,"(2, 2)",,Graduate,
SSW 70230,Child Welfare and Family Court Advocacy in Social Work,"(3, 3)",,Graduate,
SSW 79194,Child Welfare in the Law,"(3, 3)",,Graduate,
SSW 79190,Child Welfare Issues,"(2, 2)",,Graduate,
SPAN 79662,Childhood and History in Contemporary Latin American Narrative and Film: Memories and Affects,"(3, 3)",,Graduate,
CEDC 71350,Childhood Education - Health and Safety and DASA,"(None, None)",,Graduate,
PH 77021,Children Environmental Health Policy,"(3, 3)",,Graduate,
PH 77020,Children Ph &The Env,"(3, 3)",,Graduate,
EDF 72900,Children Study Aff/Cog De,"(3, 3)",,Graduate,
ECC 70800,Children with Special Needs: Birth through Grade 2,"(3, 3)",,Graduate,
EDUC 72900,Children's Art,"(3, 3)",,Graduate,
URBG 78748,Children's Environment Health Policy,"(3, 3)",,Graduate,
EDLIT 73200,Children's Literature,"(3, 3)",,Graduate,
ENGL 77564,Children's Literature,"(3, 3)",,Graduate,
HIST 76805,China Since 1800,"(3, 3)",,Graduate,
ARTH 63600,Chinese & Japanese Art,"(3, 3)",,Graduate,
CHIN 70300,Chinese Orthography,"(3, 3)",,Graduate,
CHIN 70100,Chinese Phonology,"(3, 3)",,Graduate,
THC 76083,"Chinese Theatre: History, Literature and Performance","(3, 3)",,Graduate,
TRNC 75400,Chinese-English Editing and Revising in Translation,"(3, 3)",,Graduate,
TRNC 76500,Chinese-English Medical Interpreting,"(3, 3)",,Graduate,
TRNC 76100,Chinese-English Sight Translation & Consecutive Interpreting,"(3, 3)",,Graduate,
TRNC 76200,Chinese-English Simultaneous Interpreting,"(3, 3)",,Graduate,
SSW 79659,Chld in Fam:Clncl Th,"(2, 2)",,Graduate,
URBP 78773,Chng Cntxt Urb Plng,"(3, 3)",,Graduate,
DAN 74663,Choreographic Form and Analysis,"(3, 3)",,Graduate,
IMA 78319,Choreographing Camera and Sound,"(1, 1)",,Graduate,
HIST 77471,Chrch-High Mid Ages,"(3, 3)",,Graduate,
PH 72300,Chronic Disease Management,"(3, 3)",,Graduate,
RAS 78974,Church & State,"(3, 3)",,Graduate,
LAT 70600,Cicero,"(3, 3)",,Graduate,
IMA 78333,Cinematographic Storytelling,"(1, 1)",,Graduate,
IMA 78088,Cinematography,"(3, 3)",,Graduate,
PGEOG 70501,Cities & Clim Change,"(3, 3)",,Graduate,
URBG 76000,Cities and Health,"(3, 3)",,Graduate,
URBG 78767,Cities and Health,"(3, 3)",,Graduate,
URBG 78772,Cities in Dev Countr,"(3, 3)",,Graduate,
PH 72000,Cities Society & Health,"(3, 3)",,Graduate,
URBG 78726,Cities:Devping World,"(3, 3)",,Graduate,
URBG 75600,Citizen Participation in Planning and Development,"(3, 3)",,Graduate,
RAS 78973,Civ Soc in E. Europe,"(3, 3)",,Graduate,
EDFDN 70058,Civil Rights Movement United States and Education,"(3, 3)",,Graduate,
HIST 77217,"Civil Rights, Hip Hop, and Racial Justice","(3, 3)",,Graduate,
COMSC 79100,Cl Prac Sp. Lang&Aud,"(1, 1)",,Graduate,
THC 73055,Cl Sem Wagner & Brecht,"(3, 3)",,Graduate,
ENGL 70296,Cla & Bibl Themes Eng,"(3, 3)",,Graduate,
ENGL 70292,Cla Bib Thm In Eng,"(3, 3)",,Graduate,
ENGL 70260,Class Gender Race 18th Century,"(3, 3)",,Graduate,
THC 76100,"Classic Play Dramaturgy: Methods, Strategies, Case Studies","(3, 3)",,Graduate,
RAS 77959,Classic Russ Poetry,"(3, 3)",,Graduate,
MUS 74254,Classical Guitar Workshop,"(3, 3)",,Graduate,
CLA 70700,Classical Literature Translation,"(3, 3)",,Graduate,
THC 76073,Classics: Production,"(3, 3)",,Graduate,
EDESL 70405,Classroom Conversation Analysis,"(4, 4)",,Graduate,
EDESL 70303,Classroom Discourse,"(3, 3)",,Graduate,
EDESL 70401,Classroom Discourse in Adult ESL,"(4, 4)",,Graduate,
SPED 70250,Classroom Management In Special Education And Inclusive Settings,"(3, 3)",,Graduate,
ARTH 7804N,"Clay Bodies: Porcelain Materiality, Collecting","(3, 3)",,Graduate,
COMSC 73000,Cleft Palate And Craniofacial Disorders Of Speech,"(3, 3)",,Graduate,
SSW 79172,Client Rights: Legal System,"(2, 2)",,Graduate,
SSW 70220,"Clients - Rights, The Legal System and Social Policy","(3, 3)",,Graduate,
BIOL 79004,Climate and Health,"(3, 3)",,Graduate,
GEOG 70520,Climate Change and Cities,"(3, 3)",,Graduate,
PGEOG 70534,Climate Science in Context - What we can learn and what we can do,"(3, 3)",,Graduate,
SSW 79656,Clin Iss in SW Pract,"(2, 2)",,Graduate,
COMSC 77060,Clin Meas:Spch&Voice,"(3, 3)",,Graduate,
NURS 69979,Clin Nurs/Nurs Mangr,"(3, 3)",,Graduate,
COMSC 74901,Clin Prac Audiology,"(1, 1)",,Graduate,
COMSC 74900,Clin Prac Audiology,"(1, 1)",,Graduate,
COMSC 72901,Clin Prac Sp-La Path,"(1, 1)",,Graduate,
COMSC 72902,Clin Prac Sp-La Path,"(1, 1)",,Graduate,
SPED 78251,Clin Tch:Adv Ld Pt 1 (KC),"(2, 2)",,Graduate,
SSW 75250,Clin Use of Research,"(3, 3)",,Graduate,
EPI 75300,Clincl Trials&Exp Ds,"(3, 3)",,Graduate,
COMSC 64200,Clinical Observation Communication,"(2, 2)",,Graduate,
PT 63500,Clinical Affil. I,"(2, 2)",,Graduate,
PT 70100,Clinical Anatomy,"(4, 4)",,Doctoral,
COMHE 77055,Clinical Aspect Sexuality,"(3, 3)",,Graduate,
EDABA 78500,Clinical Capstone 1 (KC),"(2, 2)",,Graduate,
EDABA 78600,Clinical Capstone 2 (KC),"(2, 2)",,Graduate,
EDABA 78700,Clinical Capstone 3 (KC),"(2, 2)",,Graduate,
PT 88700,Clinical Decision Making,"(1, 1)",,Doctoral,
PT 68000,Clinical Ed II,"(1, 1)",,Graduate,
PT 60000,Clinical Education 1,"(2, 2)",,Graduate,
PT 70000,Clinical Education 3,"(1, 1)",,Doctoral,
PT 88900,Clinical Experience 3,"(5, 5)",,Doctoral,
PT 89000,Clinical Experience 4,"(5, 5)",,Doctoral,
PT 80600,Clinical Experience I,"(3, 3)",,Doctoral,
PT 88600,Clinical Experience II,"(5, 5)",,Doctoral,
CEDC 70800,Clinical Experiences 1 (1-6) (KC),"(None, None)",,Graduate,
SEDC 70800,Clinical Experiences 1 (7-12) (KC),"(None, None)",,Graduate,
ECC 72100,Clinical Experiences 1 (Birth-PreK) (KC),"(None, None)",,Graduate,
BILED 70800,Clinical Experiences 1 (KC),"(None, None)",,Graduate,
EDUC 70800,Clinical Experiences 1 (PK-12) (KC),"(None, None)",,Graduate,
CEDC 70900,Clinical Experiences 2 (1-6) (KC),"(None, None)",,Graduate,
SEDC 70900,Clinical Experiences 2 (7-12) (KC),"(None, None)",,Graduate,
ECC 72200,Clinical Experiences 2 (Kindergarten to 2nd Grade) (KC),"(None, None)",,Graduate,
EDUC 70900,Clinical Experiences 2 (PK-12) (KC),"(None, None)",,Graduate,
NURS 81000,Clinical Genetics,"(3, 3)",,Doctoral,
SSW 79715,Clinical Knowledge Social Work Managers,"(3, 3)",,Graduate,
NURS 76100,Clinical Leadership in Nursing Adults 1,"(5, 5)",,Graduate,
PT 66300,Clinical Medicine,"(3, 3)",,Graduate,
PT 79600,Clinical Medicine for Neurologic Physical Therapy,"(2, 2)",,Doctoral,
PT 78000,Clinical Medicine for Physical Therapy,"(3, 3)",,Doctoral,
COMSC 73700,Clinical Methods in Speech Language Pathology: Developmental Disabilities and AAC,"(4, 4)",,Graduate,
COMSC 72000,Clinical Methods in Speech Language Pathology: Fundamentals of Therapeutic Intervention,"(3, 3)",,Graduate,
COMSC 73300,Clinical Methods in Speech-Language Pathology: Diagnosis and Assessment,"(2, 2)",,Graduate,
NUTR 73500,Clinical Nutrition 2,"(3, 3)",,Graduate,
NUTR 73400,Clinical Nutrition I,"(3, 3)",,Graduate,
COMSC 64201,Clinical Observation,"(1, 1)",,Graduate,
PT 66000,Clinical Orthopedic 2,"(1, 1)",,Graduate,
COMSC 74902,Clinical Practice in Audiology,"(1, 1)",,Graduate,
SSW 79653,Clinical Practice in Child Welfare,"(3, 3)",,Graduate,
COMSC 72903,Clinical Practice Sp-La Path,"(1, 1)",,Graduate,
SSW 72150,"Clinical Practice with Individuals Families, and Small Groups I","(3, 3)",,Graduate,
SSW 72155,"Clinical Practice with Individuals Families, and Small Groups I","(3, 3)",,Graduate,
SSW 72151,"Clinical Practice with Individuals Families, and Small Groups I","(3, 3)",,Graduate,
SSW 72152,"Clinical Practice with Individuals Families, and Small Groups I","(3, 3)",,Graduate,
SSW 72156,"Clinical Practice with Individuals Families, and Small Groups I","(3, 3)",,Graduate,
SSW 72153,"Clinical Practice with Individuals Families, and Small Groups I","(3, 3)",,Graduate,
SSW 72154,"Clinical Practice with Individuals Families, and Small Groups I","(3, 3)",,Graduate,
SSW 72251,"Clinical Practice with Individuals Families, and Small Groups II","(3, 3)",,Graduate,
SSW 72255,"Clinical Practice with Individuals Families, and Small Groups II","(3, 3)",,Graduate,
SSW 72253,"Clinical Practice with Individuals Families, and Small Groups II","(3, 3)",,Graduate,
SSW 72254,"Clinical Practice with Individuals Families, and Small Groups II","(3, 3)",,Graduate,
SSW 72200,"Clinical Practice with Individuals Families, and Small Groups II","(3, 3)",,Graduate,
SSW 72256,"Clinical Practice with Individuals Families, and Small Groups II","(3, 3)",,Graduate,
SSW 72252,"Clinical Practice with Individuals Families, and Small Groups II","(3, 3)",,Graduate,
SSW 72250,"Clinical Practice with Individuals Families, and Small Groups II","(3, 3)",,Graduate,
SSW 72350,"Clinical Practice with Individuals Families, and Small Groups III","(3, 3)",,Graduate,
SSW 72300,"Clinical Practice with Individuals Families, and Small Groups III","(3, 3)",,Graduate,
SSW 72400,"Clinical Practice with Individuals Families, and Small Groups IV","(3, 3)",,Graduate,
MLS 61000,Clinical Practicum I,"(6, 6)",,Graduate,
MLS 62000,Clinical Practicum II,"(6, 6)",,Graduate,
COMSC 72800,Clinical Practicum in Speech- Language Pathology,"(1, 1)",,Graduate,
COMSC 72900,Clinical Practicum in Speech-Language Pathology 1,"(1, 1)",,Graduate,
COMSC 73900,Clinical Practicum in Speech-Language Pathology 2,"(1, 1)",,Graduate,
COMSC 73600,Clinical Seminar in Speech- Language Pathology I,"(2, 2)",,Graduate,
SSW 79710,Clinical Social Work Prac Health,"(2, 2)",,Graduate,
SSW 79701,Clinical Social Work Practice in Health Settings,"(3, 3)",,Graduate,
BIOL 79017,Clinical Trials,"(3, 3)",,Graduate,
COMSC 75100,Cln Iss Adv Aud Asse,"(1, 1)",,Graduate,
CSCI 71100,Cloud Database Security and Integrity,"(3, 3)",,Graduate,
THC 73056,Clrmn Sem Grp Thea,"(3, 3)",,Graduate,
THC 73053,Clrmn Sem Pird & Beck,"(3, 3)",,Graduate,
THC 73051,Clrmn Sem:Crit on Cr,"(3, 3)",,Graduate,
EDUC 72075,Clssrm Mgmnt Sec Sc,"(3, 3)",,Graduate,
EDF 74100,Clt&Socfact Dev Lng,"(3, 3)",,Graduate,
MUS 73055,Clu Sem:Music Drama,"(3, 3)",,Graduate,
THC 72560,Clur Sem:Critics,"(3, 3)",,Graduate,
EDUC 72061,Cmd-Gifted & Talented,"(3, 3)",,Graduate,
EDUC 72080,Cmd: Erth Sci Mthdsc,"(3, 3)",,Graduate,
EDUC 72074,Cmd: Sec Mus Mthds,"(3, 3)",,Graduate,
EDUC 72077,Cmd:Biled Eng-Span,"(1, 1)",,Graduate,
EDUC 72078,Cmd:Lit & El Sc Chld,"(3, 3)",,Graduate,
EDUC 72073,Cmd:Readng in Biled,"(1, 1)",,Graduate,
EDUC 72076,Cmd:Taft/2 Party Gov,"(3, 3)",,Graduate,
BIOL 79099,Cmptn Gen:Linus/Perl,"(3, 3)",,Graduate,
COMHE 77077,Cmptrs: Public Health Res,"(3, 3)",,Graduate,
NURS 76200,Cncl Ldshp: Nursg 2,"(10, 10)",,Graduate,
HIST 77499,Cntrl Am. in 20 Cen.,"(3, 3)",,Graduate,
EDESL 70316,"Coaching, Mentoring and Teachers of English Learners","(3, 3)",,Graduate,
ENGL 70261,Coetzee & Beckett,"(3, 3)",,Graduate,
SSW 79110,Cog/Beh Approaches to Social Welfare Practice,"(3, 3)",,Graduate,
CSCI 79509,Cognition & Computation,"(3, 3)",,Graduate,
EDPS 71300,Cognition and Educational Technology,"(3, 3)",,Graduate,
ANTH 77600,Cognitive Anthropology,"(3, 3)",,Graduate,
PSYCH 73700,Cognitive Development (S),"(3, 3)",,Graduate,
ANTH 77663,Cognitive Linguistic,"(3, 3)",,Graduate,
PSYCH 73800,Cognitive Psychology (S) A Theoretical And Experimental Overview of Cognitive Psychology.,"(3, 3)",,Graduate,
ARTH 78045,Col Photo/Postcl Dis,"(3, 3)",,Graduate,
ENGL 70283,Coleridge and Shelley,"(3, 3)",,Graduate,
ENGL 74050,Coleridge in Context,"(3, 3)",,Graduate,
ECO 74900,Coll Barg&Arbitratn,"(3, 3)",,Graduate,
ARTCR 75170,Collaborations,"(3, 3)",,Graduate,
IMA 7801A,Collaborative Documentary,"(3, 3)",,Graduate,
IMA 78100,Collaborative Media Project/Creative Residency,"(3, 3)",,Graduate,
MUS 71703,Collaborative Piano,"(1, 1)",,Graduate,
ARTCR 75174,Collage & Assemblage,"(3, 3)",,Graduate,
ARTCR 75128,Collage Logic,"(3, 3)",,Graduate,
ARTH 76107,Collections & Exhibitions: The Museum as Social Justice Space,"(3, 3)",,Graduate,
IMA 74300,Collective Documentary,"(3, 3)",,Graduate,
MUS 71400,Collegium Musicum,"(1, 1)",,Graduate,
RAS 77100,Colloq in Russ Hist,"(3, 3)",,Graduate,
HIST 76900,Colloquium in African History,"(3, 3)",,Graduate,
HIST 76500,Colloquium in American History,"(3, 3)",,Graduate,
HIST 76000,Colloquium in Ancient History,"(3, 3)",,Graduate,
PSYCH 78400,Colloquium in Animal Behavior and Biopsychology,"(1, 1)",,Graduate,
HIST 76200,Colloquium in British History,"(3, 3)",,Graduate,
HIST 76300,Colloquium in European History,"(3, 3)",,Graduate,
HIST 76600,Colloquium in Latin American History,"(3, 3)",,Graduate,
HIST 76100,Colloquium in Medieval History,"(3, 3)",,Graduate,
HIST 77432,Colon Amer 1600-1700,"(3, 3)",,Graduate,
SPAN 79634,Colonial,"(3, 3)",,Graduate,
HIST 74150,Colonial America,"(3, 3)",,Graduate,
HIST 77411,Colonial Latin Amer,"(3, 3)",,Graduate,
IMA 78094,"Color Aesthetics, Theory and Practice","(3, 3)",,Graduate,
IMA 78366,Color Correction with DaVinci Resolve,"(1, 1)",,Graduate,
ARTCR 75105,Color Imaging,"(3, 3)",,Graduate,
ARTCR 75103,Color Photography,"(3, 3)",,Graduate,
ARTCR 75158,Color Seminar,"(3, 3)",,Graduate,
ARTH 78086,Color Seminar,"(3, 3)",,Graduate,
SSW 79663,Com Orgn & Pln: Non-Major II,"(2, 2)",,Graduate,
ARTCR 62959,Comb Media Tutorial,"(3, 3)",,Graduate,
GSR 79027,Combatting the Far Right,"(3, 3)",,Graduate,
GSR 79025,Combatting the Far Right Online & in the Streets Research Intensive,"(3, 3)",,Graduate,
CSCI 75000,Combinatorial Comp,"(3, 3)",,Graduate,
MATH 79555,Combinatorial Group Theory,"(3, 3)",,Graduate,
MATH 79559,Combinatorics,"(3, 3)",,Graduate,
ARTCR 62956,Combined Media,"(3, 3)",,Graduate,
ARTCR 62955,Combined Media,"(3, 3)",,Graduate,
ARTCR 62952,Combined Media,"(3, 3)",,Graduate,
ARTCR 62956,Combined Media,"(3, 3)",,Graduate,
ARTCR 63000,Combined Media 2,"(3, 3)",,Graduate,
ARTCR 66100,Combined Media Seminar,"(3, 3)",,Graduate,
ARTCR 62960,Combined Media Tutorial,"(3, 3)",,Graduate,
ARTCR 62958,Combined Media Tutorial,"(3, 3)",,Graduate,
ARTCR 62969,Combined Media Tutorial,"(3, 3)",,Graduate,
ARTCR 62951,Combined Media Tutorial,"(3, 3)",,Graduate,
ARTCR 62961,Combined Media Tutorial,"(3, 3)",,Graduate,
ARTCR 62970,Combined Media Tutorial,"(3, 3)",,Graduate,
ARTCR 62976,Combined Media Tutorial,"(3, 3)",,Graduate,
ARTCR 62973,Combined Media Tutorial,"(3, 3)",,Graduate,
ARTCR 62967,Combined Media Tutorial,"(3, 3)",,Graduate,
ARTCR 62980,Combined Media Tutorial,"(3, 3)",,Graduate,
ARTCR 62975,Combined Media Tutorial,"(3, 3)",,Graduate,
ARTCR 62971,Combined Media Tutorial,"(3, 3)",,Graduate,
ARTCR 62968,Combined Media Tutorial,"(3, 3)",,Graduate,
ARTCR 62978,Combined Media Tutorial,"(3, 3)",,Graduate,
ARTCR 62954,Combined Media Tutorial,"(3, 3)",,Graduate,
ARTCR 62950,Combined Media Tutorial,"(3, 3)",,Graduate,
ARTCR 62953,Combined Media Tutorial,"(3, 3)",,Graduate,
ARTCR 62958,Combined Media Tutorial,"(3, 3)",,Graduate,
ARTCR 62968,Combined Media Tutorial,"(3, 3)",,Graduate,
ARTCR 62900,(Combined Media),"(3, 3)",,Graduate,
THC 71053,Comedy,"(3, 3)",,Graduate,
ENGL 77850,Comic Alternative,"(3, 3)",,Graduate,
MUS 74250,Comic Romantic Opera,"(3, 3)",,Graduate,
URBG 78738,Comm & Soc Advocacy,"(3, 3)",,Graduate,
URBG 78704,Comm Bldg & N'Hoods,"(3, 3)",,Graduate,
URBP 75500,Comm Dev & Implement,"(3, 3)",,Graduate,
COMSC 79006,Comm Dis Biling Spkr,"(3, 3)",,Graduate,
URBP 78792,Comm Legis Initiatives,"(3, 3)",,Graduate,
MUS 74056,Commercial Arranging,"(3, 3)",,Graduate,
HIST 77406,Commsm & End Cold War,"(3, 3)",,Graduate,
PH 77045,Communicating Public Health: From Posters and Pamphlets to Holographs And Hash Tags,"(3, 3)",,Graduate,
COMSC 73800,Communication and Developmental Disabilities,"(3, 3)",,Graduate,
ANTH 77155,Communication and Social Interaction,"(3, 3)",,Graduate,
SSW 74400,Communication Organizing and Planning IV,"(2, 2)",,Graduate,
COMSC 71500,Communication Processes Related to Aging,"(3, 3)",,Graduate,
COMSC 76700,Communication Skills for Hearing Impaired,"(3, 3)",,Graduate,
IMA 70400,Communications and the City,"(3, 3)",,Graduate,
URBP 7871P,Communications for Planners,"(3, 3)",,Graduate,
URBG 78747,Community & Soc Advocy,"(3, 3)",,Graduate,
RAS 77159,Community and Culture - Soviet Society,"(3, 3)",,Graduate,
URBG 78722,Community Dev Financ,"(3, 3)",,Graduate,
NURS 77500,Community Health Assessment,"(3, 3)",,Graduate,
COMHE 75000,Community Health Assessment,"(3, 3)",,Graduate,
COMHE 75100,Community Health Interventions,"(3, 3)",,Graduate,
COMHE 77009,Community Health Workers,"(3, 3)",,Graduate,
SSW 79193,Community Mental Health,"(3, 3)",,Graduate,
COMHE 71100,Community Mental Health Pro,"(2, 2)",,Graduate,
NUTR 73600,Community Nutrition,"(3, 3)",,Graduate,
NUTR 72000,Community Nutrition Education,"(3, 3)",,Graduate,
SSW 74200,Community Organization and Planning 2,"(3, 3)",,Graduate,
SSW 74300,Community Organization and Planning 3,"(3, 3)",,Graduate,
COMHE 75200,Community Organizing for Health,"(3, 3)",,Graduate,
SSW 74700,"Community Organizing, Planning and Development for Non-Majors","(3, 3)",,Graduate,
SSW 74100,"Community Organizing, Planning and Development I","(3, 3)",,Graduate,
URBG 78740,Community Planning in NYC,"(3, 3)",,Graduate,
URBP 78755,Community Planning: From Problem to Project,"(3, 3)",,Graduate,
URBG 78721,Community Politics and Law,"(3, 3)",,Graduate,
EDUC 75900,Comp Analysis-Engl&Fren,"(3, 3)",,Graduate,
BILED 77700,Comp Analysis-English & Span,"(3, 3)",,Graduate,
NUTR 73900,Comp Applic Diet & Nut,"(3, 3)",,Graduate,
RAS 72151,Comp Eco Systems,"(3, 3)",,Graduate,
MUS 74055,Comp for B'Way Stage,"(3, 3)",,Graduate,
URBP 70400,Comp Int'l Planning,"(3, 3)",,Graduate,
URBP 76300,Comp Planning,"(6, 6)",,Graduate,
URBP 78711,Comp Plng Workshop 2,"(3, 3)",,Graduate,
PSYCH 68058,Companion Anim Socty,"(3, 3)",,Graduate,
HPM 75200,Comparative Analyses of Urban Health Care Systems,"(3, 3)",,Graduate,
PSYCH 75003,Comparative Cognition and Learning,"(3, 3)",,Graduate,
ECO 75000,Comparative Economic Systems,"(3, 3)",,Graduate,
EDFDN 70800,Comparative Educ,"(2, 2)",,Graduate,
TRNS 75200,Comparative English-Spanish Grammar & Stylistics,"(3, 3)",,Graduate,
BIOL 79076,Comparative Genomics,"(3, 3)",,Graduate,
URBG 70400,Comparative International Planning,"(3, 3)",,Graduate,
URBG 78792,"Comparative International Policy Transfer: Europe, China and Africa","(3, 3)",,Graduate,
URBP 76200,Comparative Planning Workshop,"(3, 3)",,Graduate,
PSYCH 64100,Comparative Psychology (B),"(3, 3)",,Graduate,
TRNR 75100,Comparative Russian-English Grammar in Context,"(3, 3)",,Graduate,
SSW 71600,Comparative Theory: Personality,"(2, 2)",,Graduate,
ENGL 71550,Competition & Cuckoldry,"(3, 3)",,Graduate,
SSW 79705,Complex Trauma in Children & Adolescents,"(3, 3)",,Graduate,
MUS 74007,Composing for Film,"(3, 3)",,Graduate,
MUS 73156,Composition,"(3, 3)",,Graduate,
MUS 73151,Composition,"(3, 3)",,Graduate,
MUS 73152,Composition,"(3, 3)",,Graduate,
MUS 73153,Composition,"(3, 3)",,Graduate,
MUS 73155,Composition,"(3, 3)",,Graduate,
MUS 73154,Composition,"(3, 3)",,Graduate,
MUS 73157,Composition,"(3, 3)",,Graduate,
MUS 73100,Composition 1,"(3, 3)",,Graduate,
MUS 74068,Composition for Performers,"(3, 3)",,Graduate,
MUS 73200,Composition II,"(3, 3)",,Graduate,
URBG 78786,Comprtve Urb Germany,"(3, 3)",,Graduate,
EDUC 72072,Compu Appl in A & S,"(3, 3)",,Graduate,
URBG 71600,Compu Appl Pln & U A,"(3, 3)",,Graduate,
URBP 78795,Compu Appl Wkshop,"(3, 3)",,Graduate,
NURS 69961,Comput Appl Nursing Mgmt,"(3, 3)",,Graduate,
BIOL 79049,Comput Molecular Biology,"(3, 3)",,Graduate,
CHEM 63300,Computational Drug Discovery,"(3, 3)",,Graduate,
ECO 79582,Computational Finance,"(3, 3)",,Graduate,
CSCI 76000,Computational Linguistics,"(3, 3)",,Graduate,
CSCI 72400,Computational Theory,"(3, 3)",,Graduate,
ECO 79552,Computer Application Economic,"(3, 3)",,Graduate,
NURS 69962,Computer Application Nursing Education,"(3, 3)",,Graduate,
URBG 71400,Computer Applications in Planning and Urban Affairs,"(3, 3)",,Graduate,
URBP 78752,Computer Applicatns,"(3, 3)",,Graduate,
CSCI 74000,Computer Modeling and Simulation,"(3, 3)",,Graduate,
MUS 73600,Computer Music,"(3, 3)",,Graduate,
MUS 74063,Computer Music,"(3, 3)",,Graduate,
CSCI 73000,Computer Systems,"(3, 3)",,Graduate,
CSCI 79520,Computer Vision,"(3, 3)",,Graduate,
TRN 75900,Computer-Assisted Translation,"(3, 3)",,Graduate,
RAS 77984,Comtem Russ Lit:Russ,"(3, 3)",,Graduate,
HIST 77455,Con Res-Afr & Lat Amer,"(3, 3)",,Graduate,
GTECH 71000,Concepts & Theories in GeoInformatics,"(3, 3)",,Graduate,
NURS 92000,Concepts and Frameworks,"(3, 3)",,Doctoral,
HIST 77429,Concepts in Jew Hist,"(3, 3)",,Graduate,
MLS 70000,Concepts of Disease: Diagnostic Strategies,"(3, 3)",,Graduate,
ARTH 7803N,Conceptual Art,"(3, 3)",,Graduate,
MUS 78964,Conducting,"(3, 3)",,Graduate,
MUS 65100,Conducting,"(1, 1)",,Graduate,
EDFDN 73000,Conpctns Gft/Tal,"(3, 3)",,Graduate,
PSYCH 68068,Conservation and Human-Animal Relationships,"(3, 3)",,Graduate,
PSYCH 75800,Conservation Biology Psychology,"(3, 3)",,Graduate,
HIST 72050,Const Hist Medvl Eng,"(3, 3)",,Graduate,
COUNS 72200,"Consultation and Collaboration with School, Family, and Community","(3, 3)",,Graduate,
GSR 72200,Consumer Behavior,"(3, 3)",,Graduate,
SPED 78700,Cont Lit Middle Schl,"(3, 3)",,Graduate,
ENGL 77650,Cont Multicul Am Nvl,"(3, 3)",,Graduate,
URBP 78790,Cont Urb Crisis-Hist,"(3, 3)",,Graduate,
ENGL 77560,Contem Amer Science Fiction,"(3, 3)",,Graduate,
FREN 79120,Contem French Lit 1950-Present,"(3, 3)",,Graduate,
SPAN 79663,Contem Lat Am Poetry,"(3, 3)",,Graduate,
ENGL 77588,Contemp Amer Poetry,"(3, 3)",,Graduate,
MUS 72952,Contemp Comp Techn,"(3, 3)",,Graduate,
MUS 72953,Contemp Comp Technqs,"(3, 3)",,Graduate,
ANTH 70264,Contemp Cuban Cultur,"(3, 3)",,Graduate,
GSR 79057,Contemp Stds: Wealth & Poverty,"(3, 3)",,Graduate,
ENGL 77557,Contemp. Detect Fict,"(3, 3)",,Graduate,
ARTH 76104,Contemporary African Art,"(3, 3)",,Graduate,
ARTH 7802D,Contemporary Art - Classical Tradition,"(3, 3)",,Graduate,
THC 71056,Contemporary Br Drma,"(3, 3)",,Graduate,
ENGL 78051,Contemporary British Drama,"(3, 3)",,Graduate,
MUS 72951,Contemporary Computer Technology,"(3, 3)",,Graduate,
SPAN 79618,Contemporary Crime Fiction from Latin American,"(3, 3)",,Graduate,
HIST 75400,Contemporary Europe,"(3, 3)",,Graduate,
ENGL 77591,Contemporary Fiction,"(3, 3)",,Graduate,
CEDC 74000,Contemporary Mathematics in the Elementary School,"(3, 3)",,Graduate,
ENGL 70295,Contemporary Memoir,"(3, 3)",,Graduate,
FREN 76001,Contemporary Novel,"(3, 3)",,Graduate,
ARTH 78021,Contemporary Photo,"(3, 3)",,Graduate,
ENGL 77563,Contemporary Poetry,"(3, 3)",,Graduate,
ENGL 77587,Contemporary Poetry in English,"(3, 3)",,Graduate,
ENGL 75753,Contemporary Poetry of the United States,"(3, 3)",,Graduate,
PSYCH 74200,Contemporary Psychoanalytic Theories (A),"(3, 3)",,Graduate,
SSW 79658,Contemporary Psychosocial Approaches in the Treatment of Chronic Mental 3,"(3, 3)",,Graduate,
THC 72540,Contemporary Queer and Feminist Plays,"(3, 3)",,Graduate,
GSR 70200,Contemporary Sociological Theory,"(3, 3)",,Graduate,
SPAN 61500,Contemporary Spanish Literature,"(3, 3)",,Graduate,
SPAN 75000,Contemporary Spanish Poetry,"(3, 3)",,Graduate,
THC 75400,Contemporary Styles of Production,"(3, 3)",,Graduate,
CSCI 71000,Contempory D Base Technique,"(3, 3)",,Graduate,
ECO 60000,Contempory Eco:Analysis and Policy,"(3, 3)",,Graduate,
ECO 60400,Contempory Economic Policy,"(3, 3)",,Graduate,
FREN 79802,Contempory French Culture,"(3, 3)",,Graduate,
ARTH 78089,Contempory Japanese Art,"(3, 3)",,Graduate,
CSCI 77200,Contempory Office Techniques,"(3, 3)",,Graduate,
ENGL 77552,Contempory: British Novel,"(3, 3)",,Graduate,
CLASS 71000,Continuous Improvement 1: Moving Students (KC),"(4, 4)",,Graduate,
CLASS 72000,Continuous Improvement 2: Moving Adults,"(4, 4)",,Graduate,
CLASS 73000,Continuous Improvement 3: Moving Systems,"(4, 4)",,Graduate,
CLASS 74000,Continuous Improvement 4: Ensuring Sustainability,"(4, 4)",,Graduate,
ENGL 76050,Contmp British Novel,"(3, 3)",,Graduate,
IMA 78323,Conversational Interfaces to Augment Storytelling,"(1, 1)",,Graduate,
SSW 79667,Core Concepts for Child Trauma,"(3, 3)",,Graduate,
ECO 76200,Corporate Governance,"(3, 3)",,Graduate,
ECO 79569,Corporation Finance,"(3, 3)",,Graduate,
EDESL 70315,Corpus Linguistics for Language Teachers,"(3, 3)",,Graduate,
COMHE 72200,Couns:Sexalty&Fam Pl,"(3, 3)",,Graduate,
COMSC 70100,Counsel Communication Hand,"(2, 2)",,Graduate,
COMHE 77056,Counsel Family Planning,"(3, 3)",,Graduate,
COCO 70100,Counseling Skills and Interviewing Techniques (KC),"(3, 3)",,Graduate,
COUNR 73000,Counseling with the Aging,"(3, 3)",,Graduate,
ANTH 70295,Country & City:Comp Persp,"(3, 3)",,Graduate,
BILED 70900,Course Title Clinical Experiences 2 (KC),"(None, None)",,Graduate,
ARTH 7805M,Craft & Anti-Developmentalist Tendencies in Latin American Art,"(3, 3)",,Graduate,
ENGL 79201,Craft Sem in Fiction,"(3, 3)",,Graduate,
ENGL 79404,Craft Sem in Poetry,"(3, 3)",,Graduate,
ENGL 79401,Craft Sem in Poetry,"(3, 3)",,Graduate,
ENGL 79603,Craft Seminar in Creative Nonfiction,"(3, 3)",,Graduate,
ENGL 79602,Craft Seminar in Creative Nonfiction,"(3, 3)",,Graduate,
ENGL 79601,Craft Seminar in Creative Nonfiction,"(3, 3)",,Graduate,
ENGL 79604,Craft Seminar in Creative Nonfiction,"(3, 3)",,Graduate,
ENGL 79204,Craft Seminar in Fiction,"(3, 3)",,Graduate,
ENGL 79403,Craft Seminar in Poetry,"(3, 3)",,Graduate,
ENGL 79202,Craft Seminar: Fiction,"(3, 3)",,Graduate,
ENGL 79402,Craft Seminar: Poetry,"(3, 3)",,Graduate,
ARTH 7803O,Crafting Nature: Cosmology in the Middle Ages,"(3, 3)",,Graduate,
ENGL 79203,Crafts Seminar:Fiction,"(3, 3)",,Graduate,
THC 72555,Crea Dram Lead Sp Gr,"(3, 3)",,Graduate,
ARTH 7804A,"Create, Curate, Critique","(3, 3)",,Graduate,
IMA 78329,Creating Audio Walks with Detour,"(1, 1)",,Graduate,
SPED 70200,Creating Classroom and School Culture in Special Education and Inclusive Settings,"(3, 3)",,Graduate,
IMA 78009,Creating Non-Fiction Virtual Reality,"(3, 3)",,Graduate,
MUS 71803,Creating Opera: A Workshop for Singers,"(1, 1)",,Graduate,
URBG 78702,Creating the Cultural City,"(3, 3)",,Graduate,
EDESL 78964,Creative Dramatics,"(3, 3)",,Graduate,
THC 77600,Creative Dramatics,"(3, 3)",,Graduate,
EDESL 70314,Creative Explorations in TESOL,"(3, 3)",,Graduate,
ENGL 79501,Creative Nonfiction Workshop,"(3, 3)",,Graduate,
ENGL 79504,Creative Nonfiction Writing,"(3, 3)",,Graduate,
ENGL 79503,Creative Nonfiction Writing,"(3, 3)",,Graduate,
ENGL 79502,Creative Nonfiction Writing,"(3, 3)",,Graduate,
EDFDN 70050,Creativity,"(3, 3)",,Graduate,
HED 72754,Creatv Cnflct Resolu,"(3, 3)",,Graduate,
ENGL 77052,Creole Poetics,"(3, 3)",,Graduate,
URBP 72900,Crime Violence & Public Safety,"(3, 3)",,Graduate,
SSW 70227,Criminal Justice and Social Welfare Policy,"(3, 3)",,Graduate,
URBG 7871R,Criminal Legal Systems in Policy and Practice,"(3, 3)",,Graduate,
GSR 79045,Criminal Policy and Practice,"(3, 3)",,Graduate,
NUTR 77017,Crisis Leadership in Public Health & Healthcare,"(3, 3)",,Graduate,
GSR 75300,Crit Analysis Hi Ed,"(3, 3)",,Graduate,
NURS 69978,Crit Care Nursing,"(3, 3)",,Graduate,
HED 61100,Crit Iss In Hlth Ed,"(3, 3)",,Graduate,
URBG 78710,Crit Iss Urb Policy,"(3, 3)",,Graduate,
SEDC 72100,Critical Approaches to Teaching Reading and the Study of Literature (KC),"(3, 3)",,Graduate,
ARTH 78044,Critical Curatorial,"(3, 3)",,Graduate,
ARTCR 75176,Critical Events Seminar,"(3, 3)",,Graduate,
PSYCH 75067,Critical Iss:Hum Inq,"(3, 3)",,Graduate,
SSW 79702,Critical Social Work: Bridging the Micro-Macro Divide,"(3, 3)",,Graduate,
THC 72570,Critical Writing,"(3, 3)",,Graduate,
IMA 78365,Critical Writing Skills for Artists,"(1, 1)",,Graduate,
THC 72556,Critics on Criticism,"(3, 3)",,Graduate,
ITAL 76500,Croce & His Contemporaries,"(3, 3)",,Graduate,
ANTH 71400,Cross Cultural Methods,"(3, 3)",,Graduate,
PH 77042,Cross-Cultural Health Communication in Urban Settings,"(3, 3)",,Graduate,
CSCI 75100,Cryptography,"(3, 3)",,Graduate,
ARTH 78053,Cubism and Futurism,"(3, 3)",,Graduate,
COUNS 72000,Culminating Seminar in School Counseling,"(3, 3)",,Graduate,
PH 77031,Cult Comp Ph Org Pgm,"(3, 3)",,Graduate,
COMSC 73400,Cult Div Iss Cl Proc,"(1, 1)",,Graduate,
PSYCH 75096,Cultural Conflicts in Conservation: Can Human & Wild Animals Get Along?,"(3, 3)",,Graduate,
ANTH 71500,Cultural Ecology,"(3, 3)",,Graduate,
URBG 7871Y,Cultural Policy and the City,"(3, 3)",,Graduate,
EDLIT 73950,Culturally Responsive and Sustaining Literacies for Students with Diverse Needs,"(3, 3)",,Graduate,
EDLIT 75500,"Culturally Responsive and Sustaining Literacies for Students with Diverse Needs, Grades 5-12","(3, 3)",,Graduate,
EDLIT 73900,"Culturally Responsive and Sustaining Literacies for Students with Diverse Needs, Pre-K-6","(3, 3)",,Graduate,
GSR 79064,Culture and Cognition,"(3, 3)",,Graduate,
HIST 7741G,Culture and Gender:U.S. Religious History,"(3, 3)",,Graduate,
HIST 77213,Culture and Power in Cold War America,"(3, 3)",,Graduate,
IMA 78048,Culture Jamming,"(3, 3)",,Graduate,
ENGL 77169,CUNY and Slavery,"(3, 3)",,Graduate,
ENRT 11111,CUNY Enroute Masters,"(None, None)",,Graduate,
EDUC 77200,Cur Dv Gft/Tl Chl 1,"(3, 3)",,Graduate,
EDUC 72057,Cur Mat Dev:Sec Prog,"(3, 3)",,Graduate,
EDUC 72068,Cur Mat:Adult Bas Ed,"(3, 3)",,Graduate,
EDF 72000,Cur Thy&Pract:Ece,"(3, 3)",,Graduate,
ARTH 78099,Curator Assistantshp,"(3, 3)",,Graduate,
ARTH 76400,Curatorial Methods,"(3, 3)",,Graduate,
ARTH 76200,Curatorial Practicum,"(3, 3)",,Graduate,
ARTH 76110,"Curatorial Seminar: Picasso in NY, a modern master reexamined","(3, 3)",,Graduate,
ARTH 7803L,Curatorial Seminar: Stephen Mueller's Postmodern Color Field,"(3, 3)",,Graduate,
ARTH 76111,Curatorial Seminar: World Fairs and Expositions,"(3, 3)",,Graduate,
EDESL 781FW,Curr & Mat Tesol,"(3, 3)",,Graduate,
EDUC 77300,Curr Dv Gft/Tl Chl 2,"(3, 3)",,Graduate,
EDUC 72053,Curr Mat Dev Health,"(3, 3)",,Graduate,
EDUC 72021,Curr Mat Dev Ind St1,"(1, 1)",,Graduate,
EDUC 72121,Curr Mat Dev Ind St1,"(1, 1)",,Graduate,
EDUC 72022,Curr Mat Dev Ind St2,"(2, 2)",,Graduate,
EDUC 72122,Curr Mat Dev Ind St2,"(2, 2)",,Graduate,
EDUC 72023,Curr Mat Dev Ind St3,"(3, 3)",,Graduate,
EDUC 72123,Curr Mat Dev Ind St3,"(3, 3)",,Graduate,
EDUC 72055,Curr Mat Dev Phys Ed,"(1, 1)",,Graduate,
EDUC 72056,Curr Mat Dev Soc Sci,"(2, 2)",,Graduate,
EDUC 72063,Curr Mat Dev Thy/Prc,"(3, 3)",,Graduate,
EDUC 72060,Curr Mat Dev: Art,"(2, 2)",,Graduate,
EDUC 72013,Curr Mat Dev:Gftd-Tc,"(3, 3)",,Graduate,
EDUC 72012,Curr Mat Dev:Gftd-Tc,"(2, 2)",,Graduate,
EDUC 72013,Curr Mat Dev:Gftd-Tc,"(3, 3)",,Graduate,
EDUC 72062,Curr Mat Dev:Math&Science,"(3, 3)",,Graduate,
ARTCR 75141,Current Affairs,"(3, 3)",,Graduate,
URBG 78745,Current Iss Non-Prof,"(3, 3)",,Graduate,
SPED 79910,Current Issues in Education,"(3, 3)",,Graduate,
PSYCH 71900,Current Research in,"(3, 3)",,Graduate,
SPED 75900,Curriculum & Instruction P-12:Writing to Learn Across Content Areas for Students w Diverse Abilities,"(3, 3)",,Graduate,
SPED 74200,Curriculum and Instructional Strategies for Learners with Visual Impairments,"(3, 3)",,Graduate,
EDESL 78100,Curriculum and Materials in TESOL (KC),"(3, 3)",,Graduate,
SEDC 73600,Curriculum Design for Computer Science,"(3, 3)",,Graduate,
ENGL 70255,Cyber Culture,"(3, 3)",,Graduate,
MLS 65200,Cytology Laboratory Management and Operations,"(1, 1)",,Graduate,
MLS 64700,Cytopreparatory Techniques 1,"(1, 1)",,Graduate,
MLS 64800,Cytopreparatory Techniques 2,"(1, 1)",,Graduate,
MLS 64900,Cytopreparatory Techniques III,"(1, 1)",,Graduate,
ARTH 7805L,Dada Season,"(3, 3)",,Graduate,
BIOL 79057,Damaged Genes,"(3, 3)",,Graduate,
SSW 76050,Dan Thpy/SW Fld Inst,"(3, 3)",,Graduate,
SSW 76150,Dan Thpy/SW Fld Inst,"(3, 3)",,Graduate,
DAN 74652,Dance Community and Change,"(3, 3)",,Graduate,
DANED 76000,Dance Methods 1: Curriculum Design And Pedagogy For Productive Teaching And Learning,"(3, 3)",,Graduate,
DANED 76200,Dance Methods 2: Advanced Curriculum Design And Pedagogy For Productive Teaching And Learning,"(3, 3)",,Graduate,
MUS 74265,Dance Music Baroque,"(3, 3)",,Graduate,
ARTH 78006,Dangerous Liaisons:,"(3, 3)",,Graduate,
ITAL 71200,Dante Vit Nuo&Infrno,"(3, 3)",,Graduate,
ITAL 71300,Dante's Purgatorio,"(3, 3)",,Graduate,
ITAL 79350,Dante's Purgatorio and an Introduction to the Paradiso,"(3, 3)",,Graduate,
ITAL 71000,Dantes Inferno,"(3, 3)",,Graduate,
EDUC 72000,"DASA, Health & Safety in Birth through 21","(None, None)",,Graduate,
ECC 70200,"DASA, Health & Safety in Birth through Grade 2","(None, None)",,Graduate,
BIOS 75600,Data Analysis,"(3, 3)",,Graduate,
ECO 79579,Data Analysis,"(3, 3)",,Graduate,
STAT 71452,Data Analysis,"(3, 3)",,Graduate,
GTECH 78520,Data Analysis and Visualization with R,"(3, 3)",,Graduate,
STAT 61400,Data Analysis Using Statistical Software,"(3, 3)",,Graduate,
STAT 71600,Data Analysis with Python,"(3, 3)",,Graduate,
GSR 79007,Data Analytics,"(3, 3)",,Graduate,
ECO 72700,Data Analytics and Research Methods,"(3, 3)",,Graduate,
ECO 79527,Data Analytics and Research Methods,"(3, 3)",,Graduate,
ECO 79584,Data Analytics for Accounting and Finance,"(3, 3)",,Graduate,
IMA 78372,Data Bodies: Procedural Aesthetics,"(1, 1)",,Graduate,
CSCI 77300,Data Communication and Networks,"(3, 3)",,Graduate,
STAT 73500,Data Management for Data Science,"(3, 3)",,Graduate,
GSR 73800,Data Mining,"(3, 3)",,Graduate,
CSCI 79523,Data Networking,"(3, 3)",,Graduate,
CSCI 70300,Data Structures in a High-Level Language,"(3, 3)",,Graduate,
EPI 77109,Data Visualization,"(2, 2)",,Graduate,
ADSUP 73100,Data/Tech & Curr,"(4, 4)",,Graduate,
CSCI 79510,Database Management,"(3, 3)",,Graduate,
IMA 78332,Day Residue: A Hybrid Media and Performance Workshop,"(1, 1)",,Graduate,
SPED 73101,Deaf Learners: Clinical Experiences 1 (KC),"(1, 1)",,Graduate,
SPED 73301,Deaf Learners: Clinical Experiences 2 (KC),"(1, 1)",,Graduate,
SPED 73302,Deaf Learners: Clinical Experiences 2 (KC),"(2, 2)",,Graduate,
SPED 73102,Deaf Learners: Clinical Experiences I (KC),"(2, 2)",,Graduate,
SPED 73300,"Deaf Learners: Content Curriculum, Instruction, & Assessment","(3, 3)",,Graduate,
SPED 73000,Deaf Learners: Culture & Education Foundations,"(3, 3)",,Graduate,
SPED 73100,"Deaf Learners: Literacy, Curriculum, Instruction & Assessment","(3, 3)",,Graduate,
SPED 73700,Deaf Learners: Student Teaching Preschool–Grade 12 (KC),"(4, 4)",,Graduate,
SSW 79717,"Death, Dying, Grief and Loss","(3, 3)",,Graduate,
HIST 76302,"Death, Sex and Memory: Genocide, Trauma, and Culture in the 20th Century Europe","(3, 3)",,Graduate,
MUS 78967,"Debussy, Ravel and The French School","(3, 3)",,Graduate,
HIST 77202,"Decl, Const & Legacy","(3, 3)",,Graduate,
URBG 7871U,"Decommodified Housing: Theory, Methods, Practice","(3, 3)",,Graduate,
CSCI 79522,Deep Learning,"(3, 3)",,Graduate,
HIST 77413,Dem Devlp-Afr & Lat Am,"(3, 3)",,Graduate,
GSR 79052,Demgrphy Of Soc Pol,"(3, 3)",,Graduate,
ENGL 78653,Democratic Rhetoric,"(3, 3)",,Graduate,
URBG 70300,Demographic Issues in Planning and Development,"(3, 3)",,Graduate,
CHEM 65500,"Demonstrations, Models and Technology 3","(3, 3)",,Graduate,
FREN 73100,Descartes and Pascal,"(3, 3)",,Graduate,
STAT 75400,Desg/Alys Cmplx Surv,"(3, 3)",,Graduate,
BIOS 75400,Desg/Alys Cmplx Surv,"(3, 3)",,Graduate,
IMA 78080,Design Direction,"(3, 3)",,Graduate,
PSYCH 70300,Design of Psychological Research,"(3, 3)",,Graduate,
URBP 7872K,Designing Inclusive Public Spaces,"(3, 3)",,Graduate,
URBP 7871N,Designing Resilient Cities,"(3, 3)",,Graduate,
URBP 78776,Dev Cent Bsns Dist,"(3, 3)",,Graduate,
COMHE 77087,Dev Effectiveness AIDS Education,"(3, 3)",,Graduate,
EDUC 74100,Dev Math Concepts Ch,"(3, 3)",,Graduate,
MUS 76060,Dev Mod Kbd Concerto,"(3, 3)",,Graduate,
PSYCH 75083,Dev of Chlcrn Autism,"(3, 3)",,Graduate,
PSYCH 68057,Dev of Chldrn Autism,"(3, 3)",,Graduate,
ECO 79558,Dev:Transnational Corps,"(3, 3)",,Graduate,
HED 72100,Devel The Hlth Curr,"(3, 3)",,Graduate,
ECO 70500,Develop :Economical Thought,"(3, 3)",,Graduate,
IMA 72400,Developing and Producing Non-Fiction Media,"(3, 3)",,Graduate,
IMA 78059,Developing and Producing Non-Fiction Media,"(3, 3)",,Graduate,
SSW 79721,Developing Socially Innovative Clinical and Community Interventions,"(3, 3)",,Graduate,
CEDC 74400,Development of Mathematical/Scientific Concepts in Children (KC),"(3, 3)",,Graduate,
THC 70400,Development of Dramatic Structure 2,"(3, 3)",,Graduate,
THC 70300,Development of Dramatic Structure I,"(3, 3)",,Graduate,
SEDC 73000,Development of Mathematical Thinking: Implications for Teaching & Learning Mathematics In Grades 7,"(3, 3)",,Graduate,
GSR 76100,Development Theories and Practices,"(3, 3)",,Graduate,
COMSC 72400,Developmental and Acquired Motor Speech Disorders,"(4, 4)",,Graduate,
BIOL 75003,Developmental Biology,"(4, 4)",,Graduate,
BIOL 75051,Developmental Biology,"(3, 3)",,Graduate,
PSYCH 80103,Developmental Biopsy,"(3, 3)",,Graduate,
COMSC 72500,Developmental Motor Speech & Swallowing Disorders,"(3, 3)",,Graduate,
PSYCH 72100,Developmental Psychology 2,"(3, 3)",,Graduate,
PSYCH 72000,"Developmental Psychology I (S) Topics in Development, Including Pre- and Perinatal Influences On Dev","(3, 3)",,Graduate,
PSYCH 68055,Developmental Psychopathology,"(3, 3)",,Graduate,
IMA 78336,Devised Performance,"(1, 1)",,Graduate,
THC 72501,Devised Theatre,"(3, 3)",,Graduate,
THC 76017,Devising Sex: Inventing Lulu,"(3, 3)",,Graduate,
SPED 79901,Devl Rdng Gr 1 - 9,"(3, 3)",,Graduate,
PH 77012,Diabetes Prvt & Mgmt,"(3, 3)",,Graduate,
EDUC 73300,Diag Reading Diff,"(3, 3)",,Graduate,
COMSC 79003,Diag&Mgmt:Dysphagia,"(3, 3)",,Graduate,
ENGL 70253,Diasporic Voice Literature,"(3, 3)",,Graduate,
HIST 77306,Dictatorships - Modern Europe History,"(3, 3)",,Graduate,
FREN 74100,Diderot,"(3, 3)",,Graduate,
FREN 79130,Diderot,"(3, 3)",,Graduate,
NUTR 65300,Dietetics I & 2,"(3, 3)",,Graduate,
NUTR 70400,Dietetics in Fieldwork IV,"(3, 3)",,Graduate,
SPED 71652,Diff Curr-Gftd&Tlntd,"(3, 3)",,Graduate,
CEDC 75400,Diff'g G/T Curric,"(3, 3)",,Graduate,
PT 84000,Differential Diagnosis and Intervention in Clinical Neurology,"(3, 3)",,Doctoral,
PT 80800,Differential Diagnosis in Neurological Evaluation,"(1, 1)",,Doctoral,
GSR 79047,Digital Content Creation,"(3, 3)",,Graduate,
GSR 79069,Digital Identities and the Politics of Online Branding,"(3, 3)",,Graduate,
GTECH 71300,Digital Image Processing and LiDAR Remote Sensing,"(3, 3)",,Graduate,
GSR 74000,"Digital Privacy, Security, & Disinformation","(3, 3)",,Graduate,
GSR 79043,Digital Public Health,"(3, 3)",,Graduate,
IMA 78087,Digital Resistance,"(3, 3)",,Graduate,
PT 80900,Directed Research 2,"(1, 1)",,Doctoral,
PT 88800,Directed Research III: Presentation Tactics,"(1, 1)",,Doctoral,
PT 89500,Directed Research IV. Manuscript Preparation,"(1, 1)",,Doctoral,
THC 76018,Directing 1,"(3, 3)",,Graduate,
IMA 78011,Directing Practice from Script to Screen,"(3, 3)",,Graduate,
ANTH 77152,Discourse Pragmatics,"(3, 3)",,Graduate,
STAT 61200,Discrete Probability,"(3, 3)",,Graduate,
IMA 78029,Disease & Disaster,"(3, 3)",,Graduate,
BIOL 79067,Disease Models,"(3, 3)",,Graduate,
EDF 83103,Dissertation Advisement,"(3, 3)",,Doctoral,
EDF 83102,Dissertation Advisement,"(2, 2)",,Doctoral,
EDF 83000,Dissertation Proposal Seminar,"(2, 2)",,Doctoral,
NURS 93400,Dissertation Seminar 1,"(2, 2)",,Doctoral,
NURS 93500,Dissertation Seminar 2,"(2, 2)",,Doctoral,
NURS 93900,Dissertation Supervision,"(3, 3)",,Doctoral,
PSYCH 90000,Dissertation Supervn,"(1, 1)",,Graduate,
ADSUP 70800,District Region and School-Based Field Experience Seminar in Administration and Supervision,"(3, 3)",,Graduate,
ADSUP 70700,District/Region Field Experience Seminar in Administration and Supervision,"(3, 3)",,Graduate,
GSR 79003,Diverse Children & Public Policy,"(3, 3)",,Graduate,
GSR 79004,Diverse Children and Current National Policy Debates,"(3, 3)",,Graduate,
EDF 71500,Diversity American Education,"(3, 3)",,Graduate,
URBG 78730,"Diversity and the City: Deconstructing Race, Gender and Sexuality","(3, 3)",,Graduate,
SEDF 70400,Diversity in Adolescent Development,"(3, 3)",,Graduate,
HIST 77210,Diversity in American History,"(3, 3)",,Graduate,
CEDF 71500,Diversity in the American School,"(3, 3)",,Graduate,
SSW 79707,"Diversity, Equity and Inclusion-The impact of COVID-19","(3, 3)",,Graduate,
EDF 71580,Diversity/American School,"(3, 3)",,Graduate,
EDF 75000,Diversity: Special Topics,"(3, 3)",,Graduate,
IMA 78308,DIY Augmented Reality,"(1, 1)",,Graduate,
NURS 90000,DNP Capstone 1,"(3, 3)",,Doctoral,
NURS 90100,DNP Capstone 2,"(5, 5)",,Doctoral,
NURS 69917,DNP Capstone Advisement 1,"(1, 1)",,Doctoral,
NURS 69918,DNP Capstone Advisement 2,"(2, 2)",,Doctoral,
NURS 69919,DNP Capstone Advisement 3,"(3, 3)",,Doctoral,
NURS 91400,DNP Capstone Evaluation & Dissemination,"(3, 3)",,Doctoral,
NURS 90002,DNP Capstone II: Capstone Proposal Development,"(3, 3)",,Doctoral,
NURS 90003,DNP Capstone Implementation,"(3, 3)",,Doctoral,
NURS 90001,DNP Capstone Internship,"(3, 3)",,Doctoral,
NURS 90004,DNP Capstone IV: Evaluation and Dissemination,"(3, 3)",,Doctoral,
NURS 91200,DNP Capstone Proposal Development,"(3, 3)",,Doctoral,
NURS 87300,DNP in Public Health Nursing 3,"(1, 1)",,Doctoral,
NURS 87400,DNP in Public Health Nursing 4,"(6, 6)",,Doctoral,
NURS 87200,DNP in Public Health Nursing II,"(1, 1)",,Doctoral,
NURS 84200,DNP PMHNP Practice 1,"(1, 1)",,Doctoral,
NURS 84300,DNP PMHNP Practice 2,"(1, 1)",,Doctoral,
NURS 84400,DNP PMHNP Practice 3,"(1, 1)",,Doctoral,
NURS 84500,DNP PMHNP Practice 4,"(6, 6)",,Doctoral,
NURS 85500,DNP Practice With Adults/Older Adults 1,"(1, 1)",,Doctoral,
NURS 86900,DNP Practice With Older Adults,"(3, 3)",,Doctoral,
NURS 89100,DNP Practicum,"(1, 1)",,Doctoral,
NURS 89300,DNP Practicum,"(3, 3)",,Doctoral,
NURS 89000,DNP Practicum,"(1, 1)",,Doctoral,
NURS 89200,DNP Practicum,"(2, 2)",,Doctoral,
ITAL 71400,Dntes Para& Maj Prs,"(3, 3)",,Graduate,
EDDIL 82002,Doctoral Directed Readings,"(2, 2)",,Doctoral,
EDDIL 82003,Doctoral Directed Readings,"(3, 3)",,Doctoral,
EDDIL 82002,Doctoral Directed Readings,"(2, 2)",,Doctoral,
PSYCH 80300,Doctoral Dissertation Seminar,"(3, 3)",,Graduate,
IMA 75100,Documentary 1,"(3, 3)",,Graduate,
IMA 78084,Documentary as Pedagogy,"(3, 3)",,Graduate,
IMA 74700,Documentary Editing,"(3, 3)",,Graduate,
IMA 75300,Documentary II,"(3, 3)",,Graduate,
ENGL 75755,Documentary Poetics From The Great Depression To The Great Recession,"(3, 3)",,Graduate,
THC 72578,Documentary Theatre,"(3, 3)",,Graduate,
IMA 78204,"Documenting Histories - Asia, Asian America","(3, 3)",,Graduate,
SSW 70228,Domestic Violence and Social Welfare Policy,"(3, 3)",,Graduate,
THC 78000,Drama for Therapeutic Uses,"(3, 3)",,Graduate,
MUS 76069,Drama in Music to 1750,"(3, 3)",,Graduate,
ENGL 72551,Drama Restore & 18th Century,"(3, 3)",,Graduate,
MUS 74271,Drama:Wagner and Brecht,"(3, 3)",,Graduate,
THC 76500,Dramaturgy Practicum,"(3, 3)",,Graduate,
THC 72589,Dramuturgical Impulse:The Questioning Spirit,"(3, 3)",,Graduate,
NUTR 74300,Drug-Nutr-Interact,"(3, 3)",,Graduate,
BIOL 79068,Drugs:Changing Brain,"(3, 3)",,Graduate,
COMSC 77054,"Dsordr Voice,Fluency","(3, 3)",,Graduate,
ARTH 7803E,Duchamp's Telegram,"(3, 3)",,Graduate,
PSYCH 75064,Dvlpmntl Psychopatho,"(3, 3)",,Graduate,
MATH 65400,Dynamical Systems and Chaos,"(3, 3)",,Graduate,
ANTH 70289,Dynamics of Cultural Change,"(3, 3)",,Graduate,
COMSC 79001,"Dysphagia, Tracheostomy, and Ventilator Dependency","(3, 3)",,Graduate,
ENGL 72100,Earlier 17th Century Literature,"(3, 3)",,Graduate,
ENGL 72400,Earlier 17th-Century Literature:,"(3, 3)",,Graduate,
HIST 77201,Early American History,"(3, 3)",,Graduate,
ENGL 73400,Early American Literature,"(3, 3)",,Graduate,
ECC 71850,Early Childhood Bilingual Student Teaching (KC),"(2, 2)",,Graduate,
ECC 70300,Early Childhood Curriculum: Birth through Grade 2,"(3, 3)",,Graduate,
ECC 71000,Early Childhood Mathematics: Birth through Grade 2,"(3, 3)",,Graduate,
ECC 71800,Early Childhood Student Teaching (KC),"(1, 1)",,Graduate,
HIST 70600,Early Middle Ages,"(3, 3)",,Graduate,
ENGL 71851,Early Modern English Literature,"(3, 3)",,Graduate,
HIST 77305,Early Modern Spain,"(3, 3)",,Graduate,
ENGL 71850,Early Modern Women's Literature,"(3, 3)",,Graduate,
ARTH 7805I,Early Modern Wonder,"(3, 3)",,Graduate,
ENGL 77686,Early National Amer Afro Lit,"(3, 3)",,Graduate,
ENGL 77401,Early Native American Literature,"(3, 3)",,Graduate,
ARTH 73100,Early Netherlandish Painting,"(3, 3)",,Graduate,
ARTCR 75104,Early Video Seminar,"(3, 3)",,Graduate,
PGEOG 70163,Earth Science Today III,"(3, 3)",,Graduate,
HIST 76802,East Asia 1600 to Present,"(3, 3)",,Graduate,
SSW 79711,Eating Disorders,"(3, 3)",,Graduate,
HIST 71051,Ec-Soc His Eurib-20C,"(3, 3)",,Graduate,
ECO 65200,Eco Aspcts Env Cntrl,"(3, 3)",,Graduate,
URBP 78788,Eco Dvlpmnt Wkshop,"(3, 3)",,Graduate,
ECO 79581,Eco:Resources & Environmental,"(3, 3)",,Graduate,
ANTH 70251,Ecological Land Use and Settlement,"(3, 3)",,Graduate,
ARTH 7804T,Ecology & Materiality of Wood in Qing China,"(3, 3)",,Graduate,
IMA 78384,Ecology and Art,"(1, 1)",,Graduate,
PH 77076,Ecology of Disease: From Cell to Society,"(3, 3)",,Graduate,
PGEOG 70506,Ecology of Global Change,"(3, 3)",,Graduate,
RAS 72200,Econ Reltns Sov Bloc,"(3, 3)",,Graduate,
RAS 72300,Econ Tran E Ur & Fsu,"(3, 3)",,Graduate,
ECO 72800,Econometrics,"(3, 3)",,Graduate,
HIST 71050,Economic and Social History of Western Europe 1500-1750,"(3, 3)",,Graduate,
ECO 70200,Economic Analysis 2,"(3, 3)",,Graduate,
ANTH 71100,Economic Anthropology,"(3, 3)",,Graduate,
ECO 73000,Economic Development,"(3, 3)",,Graduate,
ECO 79562,Economic Development,"(3, 3)",,Graduate,
ECO 75100,Economic Development of Latin America,"(3, 3)",,Graduate,
URBG 78788,Economic Development Workshop,"(3, 3)",,Graduate,
ECO 73200,Economic Growth,"(3, 3)",,Graduate,
URBG 74300,Economic Planning and Policy,"(3, 3)",,Graduate,
URBG 7871C,Economic Reasoning for Policy Makers Planners and Non-Profit Managers,"(3, 3)",,Graduate,
ECO 73700,Economic Rel-Soviet Bloc,"(3, 3)",,Graduate,
ECO 79570,Economic Statistics,"(3, 3)",,Graduate,
ECO 72500,Economics of Consumption,"(3, 3)",,Graduate,
ECO 67600,Economics of Federal Taxation,"(3, 3)",,Graduate,
ECO 79538,Economics of Inequality,"(3, 3)",,Graduate,
URBG 74200,Economics of Real Estate Development,"(3, 3)",,Graduate,
ECO 79533,Economics of the Media,"(3, 3)",,Graduate,
ECO 79500,Economics Seminar,"(3, 3)",,Graduate,
ECO 78100,Economics Seminar,"(3, 3)",,Graduate,
ECO 72000,Economics Statistics 1,"(3, 3)",,Graduate,
URBP 78740,Ecosys Urb Env Mgmnt,"(3, 3)",,Graduate,
EDPS 70000,Ed Psych Prosem,"(None, None)",,Graduate,
EDFDN 72200,Ed'l Tests & Msrmnts,"(2, 2)",,Graduate,
SPED 79702,EdD Research Seminar,"(2, 2)",,Graduate,
SPED 79703,EDD Research Seminar,"(3, 3)",,Graduate,
SPED 79701,EdD Research Seminar,"(1, 1)",,Graduate,
ARTH 75198,Edge of Art,"(3, 3)",,Graduate,
ARTCR 75198,Edge of Art,"(3, 3)",,Graduate,
IMA 78316,Editing in Premiere,"(1, 1)",,Graduate,
IMA 78315,Editing with Pro Tools,"(1, 1)",,Graduate,
EDO T711,Educ Evaluation,"(2, 2)",,Graduate,
EDFDN 72100,Educ Evaluation,"(2, 2)",,Graduate,
EDUC 77000,Educ of the Gifted,"(3, 3)",,Graduate,
EDFDN 63200,Educ Tests & Measurements,"(2, 2)",,Graduate,
HIST 77464,Education and Health Care Reform in the United States,"(3, 3)",,Graduate,
SPED 74100,Education and Rehabilitation of Individuals with Visual Impairments (KC),"(3, 3)",,Graduate,
SSW 70232,Education and Social Welfare Policy,"(3, 3)",,Graduate,
EDPS 72300,Education Program Evaluation,"(3, 3)",,Graduate,
EDPS 70200,Education Res Methods,"(4, 4)",,Graduate,
EDESL 70390,Education Research Seminar,"(3, 3)",,Graduate,
URBG 78776,"Education, Politics & Race","(3, 3)",,Graduate,
SPED 74600,Educational Implications of Learners Who are Deaf blind,"(3, 3)",,Graduate,
URBG 75100,Educational Planning and Policies,"(3, 3)",,Graduate,
EDF 71000,Educational Psychology,"(3, 3)",,Graduate,
EDF 71000,Educational Psychology,"(3, 3)",,Graduate,
EDPS 79000,Educational Psychology Seminar 1,"(2, 2)",,Graduate,
EDPS 79100,Educational Psychology Seminar 2,"(2, 2)",,Graduate,
EDPS 79500,Educational Psychology Thesis Research 1,"(3, 3)",,Graduate,
EDPS 79600,Educational Psychology Thesis Research 2,"(3, 3)",,Graduate,
SEDF 70500,Educational Psychology: Applications To Adolescent Education (KC),"(2, 2)",,Graduate,
SEDF 72000,Educational Psychology: Learning and Motivation,"(3, 3)",,Graduate,
CEDF 72000,Educational Psychology: Learning and Motivation,"(3, 3)",,Graduate,
ECC 71500,Educational Technology in Early Childhood,"(1, 1)",,Graduate,
CEDC 71600,Educational Technology in Mathematics and Science Teaching/Learning (KC),"(3, 3)",,Graduate,
EDUC 80600,Effective Professional Development of Teachers,"(3, 3)",,Doctoral,
ARTH 78088,Egyptian Art,"(3, 3)",,Graduate,
NURS 77000,Elderly With Psychotic Behavior,"(3, 3)",,Graduate,
ARTCR 75184,Elective Seminar,"(3, 3)",,Graduate,
ARTCR 7511N,Elective: Audio/Sculpture,"(3, 3)",,Graduate,
ARTCR 7511G,Elective: Color,"(3, 3)",,Graduate,
ARTCR 75113,Elective: Combined Media,"(3, 3)",,Graduate,
ARTCR 75182,Elective: Drawing,"(3, 3)",,Graduate,
ARTCR 7511H,Elective: Moving Image,"(3, 3)",,Graduate,
ARTCR 7511P,Elective: Photography,"(3, 3)",,Graduate,
ARTCR 7511Q,Elective: Printmaking / Artist Book,"(3, 3)",,Graduate,
ARTCR 75147,Elective: Sculpture,"(3, 3)",,Graduate,
PT 88500,Electrodiagnosis,"(1, 1)",,Doctoral,
PHYS 71500,Electromagnetic Theory,"(4, 4)",,Graduate,
PHYS 61500,Electromagnetic Theory,"(3, 3)",,Graduate,
GSR 73400,Electronic Media In Developing Countries,"(3, 3)",,Graduate,
IMA 78338,Electronic Music & Visuals Performance Techniques,"(1, 1)",,Graduate,
LAT 70851,Elegiac Poets,"(3, 3)",,Graduate,
EDO 726,Elem School Science,"(2, 2)",,Graduate,
THC 76061,Elizthn & Jacob Acting,"(3, 3)",,Graduate,
MUS 78963,Ellington:Lrg Ensmbl,"(3, 3)",,Graduate,
ENGL 77672,Ellison & African American Lit,"(3, 3)",,Graduate,
THC 76019,Embodying Shakespeare,"(3, 3)",,Graduate,
MLS 70100,Emerging Lab Technol,"(3, 3)",,Graduate,
IMA 78004,Emerging Media 1,"(3, 3)",,Graduate,
IMA 75000,Emerging Media 1,"(3, 3)",,Graduate,
IMA 75200,Emerging Media II,"(3, 3)",,Graduate,
URBP 78781,Emerging Planning Issues,"(3, 3)",,Graduate,
PSYCH 68064,Emotion and Psychopathology,"(3, 3)",,Graduate,
ENGL 75260,Empire in Crisis,"(3, 3)",,Graduate,
URBG 74100,Employment Planning and Policies,"(3, 3)",,Graduate,
BIOL 72200,Endocrinology,"(3, 3)",,Graduate,
URBP 73600,Energy Planning and Policy Seminar,"(3, 3)",,Graduate,
URBG 73600,Energy Planning and Policy Seminar,"(3, 3)",,Graduate,
GEOG 70525,Energy Policy,"(3, 3)",,Graduate,
HIST 72051,Eng Const-Mod Tmes,"(3, 3)",,Graduate,
THC 72566,Eng Lan Ply Snc WW2,"(3, 3)",,Graduate,
HIST 77351,Eng-Age of Am & Fr Rev,"(3, 3)",,Graduate,
SEDC 78100,"Engl Pract:Gr7-9,YL (KC)","(1, 1)",,Graduate,
ARTH 7804Z,England and an Expanding Vision of Empire,"(3, 3)",,Graduate,
HIST 72451,England from Pitt to Gladstone,"(3, 3)",,Graduate,
TRNS 75500,English - Spanish Revising & Editing for Translators,"(3, 3)",,Graduate,
ENGL 70275,English American Comp Lit,"(3, 3)",,Graduate,
EDESL 70403,English as a Second Language for Business,"(4, 4)",,Graduate,
SEDC 71400,English Education Methods 1,"(3, 3)",,Graduate,
THC 71054,English Language Plays 20th Century,"(3, 3)",,Graduate,
ENGL 60700,English Linguistics,"(3, 3)",,Graduate,
ARTH 78081,English Painting,"(3, 3)",,Graduate,
TRNR 75400,English to Russian Translation,"(3, 3)",,Graduate,
TRNS 75400,English to Spanish Translation,"(3, 3)",,Graduate,
SPED 80200,Enhancing Achievement through Family & Community Relationships,"(3, 3)",,Doctoral,
URBP 78708,Env Impact Review,"(3, 3)",,Graduate,
COMHE 77019,Env Just & Comm Health,"(3, 3)",,Graduate,
HED 50300,Envir Hzrds&Eff Hlth,"(3, 3)",,Graduate,
NURS 69980,Envir Influ Fetus,"(3, 3)",,Graduate,
NURS 70900,Envir Influ Fetus,"(3, 3)",,Graduate,
EDUC 72054,Environ Sci for Tchr,"(3, 3)",,Graduate,
URBP 78789,Environment and Community in New York City,"(3, 3)",,Graduate,
URBP 7871J,"Environment, Climate Change and Cities","(3, 3)",,Graduate,
EPI 75900,Environmental & Occupational Epidemiology,"(3, 3)",,Graduate,
ANTH 75144,Environmental Archeology,"(3, 3)",,Graduate,
SSW 70242,Environmental Change and Social Welfare,"(3, 3)",,Graduate,
GTECH 78518,Environmental Data Science,"(3, 3)",,Graduate,
ECO 79503,Environmental Economics,"(3, 3)",,Graduate,
ANTH 70272,Environmental Global & Culture,"(3, 3)",,Graduate,
PGEOG 70554,Environmental Hazards,"(3, 3)",,Graduate,
GEOG 70386,Environmental Justice,"(3, 3)",,Graduate,
URBG 78771,Environmental Justice,"(3, 3)",,Graduate,
URBP 78727,Environmental Justice,"(3, 3)",,Graduate,
URBP 73400,Environmental Planning,"(3, 3)",,Graduate,
URBP 78764,Environmental Theory: People and Place,"(3, 3)",,Graduate,
URBG 78756,Environmntl Plnning,"(3, 3)",,Graduate,
NURS 70500,Epid Biostat--Aging,"(2, 2)",,Graduate,
EPI 75500,Epidem Chronic Disease,"(3, 3)",,Graduate,
EPI 75000,Epidem Methods1:Research,"(3, 3)",,Graduate,
EPI 75100,Epidem Methods2:Srvy,"(3, 3)",,Graduate,
COMHE 77071,Epidem of Infections,"(3, 3)",,Graduate,
EPI 77005,Epidemiological Methods IV,"(3, 3)",,Graduate,
EPI 75600,Epidemiology Infectious Dis,"(3, 3)",,Graduate,
EPI 76400,Epidemiology Methods III,"(3, 3)",,Graduate,
NURS 74600,Epidemiology of Behavioral Health and Community Mental Health,"(1, 1)",,Graduate,
FREN 79105,Epistolary Novel,"(3, 3)",,Graduate,
CEDF 75001,Equity & Diversity in Higher Education,"(3, 3)",,Graduate,
HIST 74151,Era of American Revolution,"(3, 3)",,Graduate,
FREN 75000,Era of Chateaubriand,"(3, 3)",,Graduate,
ENGL 77565,Erotic & Divine,"(3, 3)",,Graduate,
ENGL 77555,Erotic and Divine,"(3, 3)",,Graduate,
CSCI 79506,Error Correcting Cds,"(3, 3)",,Graduate,
EDESL 70216,ESL Program Administration,"(2, 2)",,Graduate,
EDESL 70204,ESL thru Literature,"(2, 2)",,Graduate,
FREN 79417,Esthétique du Cinéma,"(3, 3)",,Graduate,
HED 72751,Eth Iss Hlth&Mtl Hlt,"(3, 3)",,Graduate,
PSYCH 77100,Eth&Leg Iss:Psychgst,"(2, 2)",,Graduate,
SSW 79654,Ethic Sen Child Welfare,"(2, 2)",,Graduate,
PT 70400,Ethical and Psychosocial Dimensions of Pt Practice,"(3, 3)",,Doctoral,
SCI 70000,Ethical Conduct,"(2, 2)",,Graduate,
CSCI 77800,Ethics and Computer Science,"(3, 3)",,Graduate,
EDABA 79100,Ethics and Professionalism for Applied Behavior Analysts,"(3, 3)",,Graduate,
PH 72400,Ethics in Public Health,"(3, 3)",,Graduate,
PH 77024,Ethics Public Health,"(3, 3)",,Graduate,
PSYCH 75065,Ethn & Cult Ident Thry,"(3, 3)",,Graduate,
RAS 78976,Ethn&Nat in Pst Ussr,"(3, 3)",,Graduate,
ENGL 77681,Ethnic Literature Social Movements,"(3, 3)",,Graduate,
RAS 78957,Ethnic.& Communism,"(3, 3)",,Graduate,
COMHE 77096,Ethnicity & Disease,"(3, 3)",,Graduate,
ANTH 70353,Ethnicity & Nationalism,"(3, 3)",,Graduate,
ENGL 76651,Ethnicity & Race in Literature,"(3, 3)",,Graduate,
ANTH 70288,"Ethnicity, Gender & Disease","(3, 3)",,Graduate,
ANTH 75160,Ethnoarchaeology,"(3, 3)",,Graduate,
ENGL 78554,Ethnographies of Language,"(3, 3)",,Graduate,
ANTH 70283,Ethnol Mediterr Basn,"(3, 3)",,Graduate,
ANTH 72600,Ethnology of Africa,"(3, 3)",,Graduate,
ANTH 70297,Ethnology of Brazil,"(3, 3)",,Graduate,
ANTH 73100,Ethnology of Caribbean,"(3, 3)",,Graduate,
ANTH 72700,Ethnology of Europe,"(3, 3)",,Graduate,
ANTH 73200,Ethnology of Latin America,"(3, 3)",,Graduate,
ANTH 72800,Ethnology of Near East,"(3, 3)",,Graduate,
ANTH 73500,Ethnology of North American Indians,"(3, 3)",,Graduate,
ANTH 73400,Ethnology of South America,"(3, 3)",,Graduate,
ANTH 72900,Ethnology of Southeast Asia,"(3, 3)",,Graduate,
ANTH 70299,Ethnology of the USA,"(3, 3)",,Graduate,
BIOL 79088,Eucaryotic Promoters,"(3, 3)",,Graduate,
EDFDN 70700,Eur Bckgrd Amer Educ,"(3, 3)",,Graduate,
HIST 71450,Eur Dip Hi 1815-1914,"(3, 3)",,Graduate,
HIST 71451,Eur Dip Hi 1914-1945,"(3, 3)",,Graduate,
HIST 70300,Eur:Midages-Con Vna,"(3, 3)",,Graduate,
THC 72591,Euripides,"(3, 3)",,Graduate,
HIST 77442,Europe International History : 1500-1650,"(3, 3)",,Graduate,
ECO 73400,European Economic History,"(3, 3)",,Graduate,
HIST 70400,European History from Congress of Vienna to World War I,"(3, 3)",,Graduate,
ANTH 70298,European Race Reltns,"(3, 3)",,Graduate,
RAS 78980,European Security,"(3, 3)",,Graduate,
ADSUP 72500,Eval Educ Programs,"(3, 3)",,Graduate,
HED 73000,Eval The Health Prog,"(3, 3)",,Graduate,
EDF 71600,Evaluation & Assessment Children,"(3, 3)",,Graduate,
COMHE 75400,Evaluation and Research for Community Health Promotion and Disease Prevention,"(3, 3)",,Graduate,
EDF 71603,Evaluation Assesment,"(3, 3)",,Graduate,
HED 63000,Evaluation In Health Education,"(3, 3)",,Graduate,
SPEDE 76900,"Evaluation, Assessment, & Program Planning for Infants & Young Children w/ Special Needs (KC)","(3, 3)",,Graduate,
ADSUP 72300,Evaluation: Education Programs,"(3, 3)",,Graduate,
EPI 77101,Evidence Synthesis & Meta-Analysis,"(2, 2)",,Graduate,
PT 77000,Evidence-Based Practice in Physical Therapy,"(1, 1)",,Doctoral,
SSW 79761,Evidence-Based Practices in the Criminal Justice System,"(3, 3)",,Graduate,
BIOL 79063,Evol of Infectious Disease,"(3, 3)",,Graduate,
ANTH 79351,Evolution and System Theory,"(3, 3)",,Graduate,
PSYCH 75084,Evolution of Animal Play,"(3, 3)",,Graduate,
ANTH 79155,Evolution of Human Nature,"(3, 3)",,Graduate,
PSYCH 74100,Evolution of Psychoanalytic Theory,"(3, 3)",,Graduate,
PSYCH 75097,Evolution of Social Behavior,"(3, 3)",,Graduate,
ANTH 79107,Evolutionary Medicine,"(3, 3)",,Graduate,
MLS 64000,Exfoliative Cytopathology 1,"(2, 2)",,Graduate,
MLS 64100,Exfoliative Cytopathology 2,"(2, 2)",,Graduate,
ARTH 76106,Exhibiting Chinese Painting,"(3, 3)",,Graduate,
ARTCR 75111,Exhibition Display,"(3, 3)",,Graduate,
IMA 78379,Exhibition Strategies and Opportunities for New Media,"(1, 1)",,Graduate,
ARTH 76115,Exhibitionist Collecting: Global Artists Network & Association,"(3, 3)",,Graduate,
ARTH 76108,Exhibitions and Collecting: Artists’ Networks & Assoc.,"(3, 3)",,Graduate,
FREN 79200,"Exile,Nomadism & Immigration","(3, 3)",,Graduate,
FREN 79700,Existentialist Literature,"(3, 3)",,Graduate,
MUS 76076,Exotic Local & National,"(3, 3)",,Graduate,
PHYS 851U2,Exp/Meth Cond/Mat Ph,"(4, 4)",,Graduate,
IMA 78077,Experimental Darkroom for Film & Media,"(3, 3)",,Graduate,
STAT 71350,Experimental Design,"(3, 3)",,Graduate,
STAT 72551,Experimental Design,"(3, 3)",,Graduate,
ECO 79583,Experimental Economics,"(3, 3)",,Graduate,
PSYCH 79000,Experimental Psychopharmacology,"(3, 3)",,Graduate,
PSYCH 74700,Experimental Social Psychology,"(3, 3)",,Graduate,
ARTCR 7511D,Experimental Writing,"(3, 3)",,Graduate,
IMA 78347,Experiments in Sound Design,"(1, 1)",,Graduate,
THC 72564,Expermental US Theatre,"(3, 3)",,Graduate,
FREN 61100,Explication De Texte,"(3, 3)",,Graduate,
ENGL 75959,Exploding Modernisms: The Nobel Prize in/and Literature,"(3, 3)",,Graduate,
PH 77043,Exploring Evidence in Health Policy and Services,"(3, 3)",,Graduate,
ARTCR 75101,Exprmnt:Photo & Graphc,"(3, 3)",,Graduate,
HIST 77454,Fam & Hsehld in Anthp,"(3, 3)",,Graduate,
HED 72753,Fam Liv Incl S.E.Sch,"(3, 3)",,Graduate,
NURS 77900,Family & Group Theories & Therapeutic Modalities,"(2, 2)",,Graduate,
ANTH 70751,Family & Household in Anthop,"(3, 3)",,Graduate,
PSYCH 68051,Family & Marital Sys,"(3, 3)",,Graduate,
COMHE 77000,Family & Personal Development,"(3, 3)",,Graduate,
COMHE 72400,Family & Sexual Violence,"(3, 3)",,Graduate,
NURS 61900,Family and Communication Pat-Wellness,"(3, 3)",,Graduate,
PSYCH 65151,Family and Couples System (A),"(3, 3)",,Graduate,
COMHE 72100,Family Planning,"(3, 3)",,Graduate,
GSR 79053,Family Policy Analysis,"(3, 3)",,Graduate,
SSW 79182,Family Preservation,"(2, 2)",,Graduate,
COCO 71500,Family Systems And Counseling Issues,"(3, 3)",,Graduate,
ENGL 76951,Fanonist Echoes in African Diasporic Literature,"(3, 3)",,Graduate,
PSYCH 68067,"Farm Animal Well-Being: Cognition, Behavior, and Emotion","(3, 3)",,Graduate,
ANTH 75153,Faunal Analysis,"(3, 3)",,Graduate,
THC 76057,"Faust: Text, Bkgd, Trad","(3, 3)",,Graduate,
COUNM 71600,Fdn Mental Health Counseling,"(3, 3)",,Graduate,
ANTH 79158,Fdns of Evol Morphol,"(3, 3)",,Graduate,
COUNS 75150,Fdtns2:Personality Theory,"(3, 3)",,Graduate,
SSW 79153,Features:SW Planning,"(2, 2)",,Graduate,
ENGL 75350,Fem Theory 20th Cen Amer Poet,"(3, 3)",,Graduate,
ENGL 71553,Female Bonds,"(3, 3)",,Graduate,
ENGL 77561,Feminine Strain,"(3, 3)",,Graduate,
ARTH 78043,Feminism in Art & Arth,"(3, 3)",,Graduate,
ENGL 71501,Feminist Ethics in Shakespeare,"(3, 3)",,Graduate,
ENGL 78253,Feminist Historical Context,"(3, 3)",,Graduate,
ENGL 75353,Feminist Theory of 20th Century American Poetry,"(3, 3)",,Graduate,
ENGL 75151,Fiction and Media,"(3, 3)",,Graduate,
ENGL 79004,Fiction Workshop,"(3, 3)",,Graduate,
ENGL 79002,Fiction Workshop,"(3, 3)",,Graduate,
ENGL 70101,Fiction Writing,"(3, 3)",,Graduate,
ENGL 79001,Fiction Writing,"(3, 3)",,Graduate,
ENGL 79003,Fiction Writing,"(3, 3)",,Graduate,
ENGL 75857,Fictions Of Urban Black Life,"(3, 3)",,Graduate,
EPI 77004,Field Data Collection,"(3, 3)",,Graduate,
SPEDE 77651,Field Experiences in Early Childhood and/or Childhood Special Education with an Annotation in Severe,"(2, 2)",,Graduate,
SPEDE 76700,Field Experiences in Early Childhood Special Education with an Annotation in Severe Disabilities,"(1, 1)",,Graduate,
SSW 76100,Field Instruction 1,"(3, 3)",,Graduate,
SSW 76800,Field Instruction 2,"(6, 6)",,Graduate,
SSW 76200,Field Instruction 2,"(3, 3)",,Graduate,
SSW 76300,Field Instruction 3,"(3, 3)",,Graduate,
SSW 76400,Field Instruction 4,"(3, 3)",,Graduate,
SSW 76700,Field Instruction I,"(6, 6)",,Graduate,
ANTH 79102,Field Methods in Primatology,"(3, 3)",,Graduate,
ANTH 80002,Field Research,"(2, 2)",,Graduate,
ANTH 80001,Field Research,"(1, 1)",,Graduate,
ANTH 70400,Field Research,"(3, 3)",,Graduate,
ANTH 80003,Field Research,"(3, 3)",,Graduate,
PSYCH 71651,Field Studies Animal Behavior,"(3, 3)",,Graduate,
PSYCH 71650,Field Studies in Animal,"(3, 3)",,Graduate,
PSYCH 71751,Field Study in Animal Behavior and Conservation (B),"(3, 3)",,Graduate,
ANTH 70252,Field Technolgy & Methods,"(3, 3)",,Graduate,
COMHE 73800,Field Work 1,"(6, 6)",,Graduate,
IMA 7801B,Field Work: Analyzing Installation Art,"(3, 3)",,Graduate,
COMHE 73701,Fieldwork,"(3, 3)",,Graduate,
CEDC 77400,Fieldwork and Teaching Seminar 3 (KC),"(2, 2)",,Graduate,
CEDC 77500,Fieldwork and Teaching Seminar 4 (KC),"(3, 3)",,Graduate,
CEDC 77300,Fieldwork and Teaching Seminar 2 (KC),"(2, 2)",,Graduate,
CEDC 77200,Fieldwork and Teaching Seminar I (KC),"(2, 2)",,Graduate,
BILED 71150,Fieldwork in Bilingual Literacy (KC),"(1, 1)",,Graduate,
PGEOG 70502,Fieldwork in Biogeog,"(3, 3)",,Graduate,
CEDC 72950,Fieldwork in General Childhood Education for Bilingual Educators (KC),"(1, 1)",,Graduate,
CEDC 72900,Fieldwork in General Education for Special Educators (KC),"(1, 1)",,Graduate,
EDESL 78400,Fieldwork in TESOL with Adults,"(3, 3)",,Graduate,
CEDC 715FW,Fieldwork: Read & SS (KC),"(1, 1)",,Graduate,
SPED 78800,Fieldwrk Chldhd Sped,"(1, 1)",,Graduate,
HIST 76151,Fifteenth Century,"(3, 3)",,Graduate,
ARTCR 75131,Figuration,"(3, 3)",,Graduate,
MUS 76085,Film Music: Aesthetics and History,"(3, 3)",,Graduate,
THC 79600,Film Writing,"(3, 3)",,Graduate,
SPEDE 77920,Final Practicum in Early Childhood Special Education (KC),"(3, 3)",,Graduate,
SPEDE 77820,Final Student Teaching in Early Childhood Special Education (KC),"(3, 3)",,Graduate,
NURS 80400,Finance and Management of Advanced Practice Nursing,"(3, 3)",,Doctoral,
ECO 79571,Financial Economics,"(3, 3)",,Graduate,
ECO 76000,Financial Economics,"(3, 3)",,Graduate,
ECO 79561,Financial Institutions,"(3, 3)",,Graduate,
MLS 65000,Fine Needle Aspiration Cytology I,"(2, 2)",,Graduate,
MLS 65100,Fine Needle Aspiration Cytology II,"(2, 2)",,Graduate,
BIOL 77006,Fine Structure of Cells,"(5, 5)",,Graduate,
NURS 69955,Fiscal Management,"(3, 3)",,Graduate,
FREN 75400,"Flaubert, Zola, and Maupassant","(3, 3)",,Graduate,
EDUC 78000,Fld Exp in Elem Sci,"(2, 2)",,Graduate,
EDUC 77500,Fld Exp Tch Gifted,"(3, 3)",,Graduate,
SPEDE 77650,Fld Exp: Ecse - Aut,"(2, 2)",,Graduate,
EDESL 78350,Fld Exp:W/O Pr Cert,"(1, 1)",,Graduate,
PSYCH 7161U,Fld St Animal Behavr,"(3, 3)",,Graduate,
PSYCH 716U5,Fld Stdy Anim Behav,"(3, 3)",,Graduate,
PH 77083,"Flood, Pest and Plague: Communicating Complex Emergencies","(3, 3)",,Graduate,
BIOL 79084,Flourescence & Microsp,"(3, 3)",,Graduate,
COMSC 72200,Fluency Disorders,"(2, 2)",,Graduate,
PSYCH 68065,Fndtions Health Psyc,"(3, 3)",,Graduate,
ASTRO 60100,Fndtns of Astronomy,"(3, 3)",,Graduate,
GSR 75200,Focus Group Research,"(3, 3)",,Graduate,
MUS 77755,Folk Music - Latin America,"(3, 3)",,Graduate,
MUS 77752,Folk Music of Europe,"(3, 3)",,Graduate,
MUS 77751,Folk Music of U S A,"(3, 3)",,Graduate,
ANTH 70900,Folklore & Mythology,"(3, 3)",,Graduate,
IMA 78044,Food Media,"(3, 3)",,Graduate,
NUTR 77003,Food Policy,"(3, 3)",,Graduate,
PH 72200,Food Politics and Policy,"(3, 3)",,Graduate,
COMHE 77038,Food Safety Policy & Science,"(3, 3)",,Graduate,
NUTR 77038,Food Safety Policy and Science,"(3, 3)",,Graduate,
NUTR 75600,Food Science and the Environment,"(3, 3)",,Graduate,
NUTR 75700,Food Science and the Environment Laboratory,"(1, 1)",,Graduate,
NUTR 71500,Food Service and Management,"(3, 3)",,Graduate,
URBP 78760,Food Systems in Cuba,"(3, 3)",,Graduate,
URBP 78748,Food Systems:Global and Local,"(3, 3)",,Graduate,
MUS 71901,For Lang Dict: Singer,"(1, 1)",,Graduate,
ANTH 72051,Forced Migration,"(3, 3)",,Graduate,
MUS 74275,Form and Fantasy,"(3, 3)",,Graduate,
CSCI 79516,Form Lang&Autom Theo,"(3, 3)",,Graduate,
CSCI 72200,Form Meth Programming Language,"(3, 3)",,Graduate,
ENGL 77656,Forthcoming,"(3, 3)",,Graduate,
ITAL 75300,Foscolo and Leopardi,"(3, 3)",,Graduate,
SPEDE 76800,"Fostering Dev in Young Children w/ Diverse Abilities: Historical, Political, & Inclusive Pers","(3, 3)",,Graduate,
EDF 706FW,Foundation of Educ-DC,"(3, 3)",,Graduate,
EDF 70680,Foundation of Education,"(3, 3)",,Graduate,
ENGL 70256,Foundation of Modern,"(3, 3)",,Graduate,
ENGL 75950,Foundation of Modern,"(3, 3)",,Graduate,
COUNS 75050,Foundations 1: Fields of Counseling,"(3, 3)",,Graduate,
SPED 79000,Foundations and Educational Implications of Severe/Multiple Disabilities (KC),"(3, 3)",,Graduate,
ANTH 70100,Foundations of Anthropology,"(3, 3)",,Graduate,
BILED 70100,Foundations of Bilingual Education,"(3, 3)",,Graduate,
BILED 701FW,Foundations of Bilingual Education,"(3, 3)",,Graduate,
NURS 60N08,Foundations of Biostatistics for Nursing Research & Evidence-Based Practice,"(3, 3)",,Graduate,
CSCI 79532,Foundations of Game Theory for CS,"(3, 3)",,Graduate,
PT 70300,Foundations of Physical Therapy Care,"(2, 2)",,Doctoral,
EDDIL 80000,"Foundations of Research, Leadership, and Equity in Education","(3, 3)",,Doctoral,
COUNS 71700,Foundations of School Counseling,"(3, 3)",,Graduate,
SSW 71900,Foundations of Social Work Practice,"(2, 2)",,Graduate,
SSW 79725,Foundations of Social Work Practice with Groups and Families,"(3, 3)",,Graduate,
IMA 78369,Frames & Stanzas - Poetry & Film Workshop,"(1, 1)",,Graduate,
HIST 76552,Framing of the Const,"(3, 3)",,Graduate,
HIST 77307,France During the Revolution and Napoleonic Eras,"(3, 3)",,Graduate,
ENGL 75858,Frederick Douglass,"(3, 3)",,Graduate,
GTECH 78517,Free And Open Source GIS,"(3, 3)",,Graduate,
HIST 77211,Free Speech in the U.S,"(3, 3)",,Graduate,
URBP 78705,Freight Trans/Metro,"(3, 3)",,Graduate,
ENGL 78750,Freire Pedagogy of the Oppressed & Theory,"(3, 3)",,Graduate,
FREN 79405,French Cinema,"(3, 3)",,Graduate,
FREN 79112,French Cross Current Literature,"(3, 3)",,Graduate,
FREN 75500,French Fiction from Romanticism to the Decadence,"(3, 3)",,Graduate,
FREN 79403,French Literature:French Writers Perception of America,"(3, 3)",,Graduate,
FREN 73400,French Moralists of Classical Period,"(3, 3)",,Graduate,
FREN 75200,French Poetry from Baudelaire to Symbolism,"(3, 3)",,Graduate,
FREN 72100,French Poetry of 16th Century Classical and Italian Influences,"(3, 3)",,Graduate,
FREN 73200,French Tragedy of 17th Century,"(3, 3)",,Graduate,
ARTCR 75194,Fresco Painting,"(3, 3)",,Graduate,
ENGL 75652,From Ralph Waldo Emerson to Ralph Waldo Elliott: Pragmatism and American Literature,"(3, 3)",,Graduate,
MUS 76079,From Revolution to Revolution: Music in 19th Century France,"(3, 3)",,Graduate,
FREN 79125,From Samuel de Champlain to Zack Attacks - French America,"(3, 3)",,Graduate,
EPI 70N05,From Surveillance to Outbreak Detection & Management: A Timeless Path,"(2, 2)",,Graduate,
ARTH 7804G,From Tenochtitlán to CDMX,"(3, 3)",,Graduate,
MATH 74100,Functional Analysis,"(3, 3)",,Graduate,
EDABA 75500,Functional Behavior Assessment,"(3, 3)",,Graduate,
SPED 79400,Functional Language and Culture of Learners with Low Incidence Disabilities,"(1, 1)",,Graduate,
BIOL 79096,Fund of Dev'l Neurob,"(3, 3)",,Graduate,
MLS 60000,Fundamental Concepts and Techniques in the Medical Laboratory,"(3, 3)",,Graduate,
MATH 67100,Fundamental Concepts of Modern Mathematics,"(3, 3)",,Graduate,
PH 75000,Fundamentals of Biostatistics,"(3, 3)",,Graduate,
PH 75400,Fundamentals of Environmental Health,"(3, 3)",,Graduate,
PH 75200,Fundamentals of Epidemiology,"(3, 3)",,Graduate,
PH 75600,Fundamentals of Health Policy and Management,"(3, 3)",,Graduate,
COMSC 60900,Fundamentals of Hearing Science and Vestibular Mechanisms,"(3, 3)",,Graduate,
PH 75500,Fundamentals of Social and Behavioral Health,"(3, 3)",,Graduate,
IMA 78334,Fundraising for Film: Taking a Strategic Approach & Mastering the Art of Grant Writing,"(1, 1)",,Graduate,
MATH 62200,Further Topics in Advanced Abstract Algebra,"(3, 3)",,Graduate,
ECO 76500,Games and Information,"(3, 3)",,Graduate,
ANTH 70460,Gangs and Criminal Community,"(3, 3)",,Graduate,
URBP 7872J,Garbage Politics: Cities Justice & Gov Material Flows,"(3, 3)",,Graduate,
ANTH 70274,Gender & Development,"(3, 3)",,Graduate,
ENGL 71552,Gender & Power,"(3, 3)",,Graduate,
HIST 77409,Gender & Sexuality-20 Century U.S,"(3, 3)",,Graduate,
GSR 79089,Gender and Development,"(3, 3)",,Graduate,
PSYCH 68054,Gender and Health,"(3, 3)",,Graduate,
PSYCH 68054,Gender and Health,"(3, 3)",,Graduate,
ENGL 75958,Gender and the Historical Avant-Garde,"(3, 3)",,Graduate,
ENGL 73352,Gender and Writing,"(3, 3)",,Graduate,
PSYCH 75059,Gender Equity,"(3, 3)",,Graduate,
ANTH 75146,Gender in Archaeology,"(3, 3)",,Graduate,
URBG 78706,Gender Power & Comm,"(3, 3)",,Graduate,
ENGL 70287,Gendered Writing,"(3, 3)",,Graduate,
BIOL 79074,Gene Express Synapse,"(3, 3)",,Graduate,
STAT 72455,Gene Expression Analysis,"(3, 3)",,Graduate,
BIOL 79026,Gene Expression: Techniques and Models,"(3, 3)",,Graduate,
BIOL 79052,Gene Regulation,"(3, 3)",,Graduate,
STAT 70600,General Linear Models I,"(3, 3)",,Graduate,
STAT 70700,General Linear Models II,"(3, 3)",,Graduate,
NURS 70350,General Principles of Nurse Anesthesia,"(3, 3)",,Doctoral,
PHYS 735U0,General Relativity,"(4, 4)",,Graduate,
MATH 75100,General Topology,"(3, 3)",,Graduate,
BIOL 70050,Genetics,"(4, 4)",,Graduate,
BIOL 70000,Genetics,"(4, 4)",,Graduate,
NURS 69967,Genetics/Embryology,"(3, 3)",,Graduate,
BIOL 79056,Genome Integrity,"(3, 3)",,Graduate,
BIOL 79066,Genomics & Human Race,"(3, 3)",,Graduate,
BIOL 79009,"Genomics, Outbreaks, and Global Health","(3, 3)",,Graduate,
BIOL 79069,Genomics: Proteomics,"(3, 3)",,Graduate,
FREN 62300,Genre Studies 3: The French Novel,"(3, 3)",,Graduate,
FREN 62100,Genre Studies I: French Poetry,"(3, 3)",,Graduate,
THC 71050,Genre: Melodrama,"(3, 3)",,Graduate,
THC 71051,Genre:Tragedy,"(3, 3)",,Graduate,
URBG 78799,Gentrification: Chinatown Case Studies,"(3, 3)",,Graduate,
URBP 7871K,Gentrification: Roots to Remedies,"(3, 3)",,Graduate,
PSYCH 75091,Geo Mosaic Beh Inter,"(3, 3)",,Graduate,
PSYCH 68059,Geo Mosaic Beh Inter,"(3, 3)",,Graduate,
GTECH 73100,GeoComputation 1,"(3, 3)",,Graduate,
GTECH 73300,GeoComputation 2,"(3, 3)",,Graduate,
CEDC 74600,Geog Persp Elem Edu,"(3, 3)",,Graduate,
PH 77044,Geographic Concepts in Environmental Health,"(3, 3)",,Graduate,
GTECH 78514,Geographic Information Systems Project Management,"(3, 3)",,Graduate,
GEOG 70100,Geographic Thought and Theory,"(3, 3)",,Graduate,
GEOG 70514,Geography of Energy,"(3, 3)",,Graduate,
GEOG 70900,Geography of Selected World Regions,"(3, 3)",,Graduate,
GEOG 70957,Geography of the New York Metropolitan Area,"(3, 3)",,Graduate,
RAS 73100,Geogrphy of the USSR,"(3, 3)",,Graduate,
GTECH 78801,GeoInformatics Internship,"(1, 1)",,Graduate,
GTECH 78803,GeoInformatics Internship,"(3, 3)",,Graduate,
GTECH 78802,GeoInformatics Internship,"(2, 2)",,Graduate,
MATH 63400,Geometries I,"(3, 3)",,Graduate,
CEDC 74800,Geometry and Measurement in the Elementary School Mathematics Curriculum,"(3, 3)",,Graduate,
GTECH 78519,Geospatial Databases,"(3, 3)",,Graduate,
GTECH 73400,GeoWeb Services,"(3, 3)",,Graduate,
COMHE 73100,Geriatric Community Health Care Systems,"(3, 3)",,Graduate,
ARTH 7801L,German Paintings Wols to Present,"(3, 3)",,Graduate,
HIST 7741K,Germany - 1919 - 1945,"(3, 3)",,Graduate,
HIST 76350,Germany and Europe,"(3, 3)",,Graduate,
NURS 76900,Gerontological Nurse Practitioner Practicum,"(3, 3)",,Graduate,
ENGL 78457,Gertrude Stein,"(3, 3)",,Graduate,
ENGL 70258,Gertrude Stein,"(3, 3)",,Graduate,
ITAL 72500,Gerusalemme Liberata,"(3, 3)",,Graduate,
ARTH 63300,Getting their Due:Women Artists from Renaissance & Baroque Age,"(3, 3)",,Graduate,
EDFDN 70055,Gftd Wksp 1,"(3, 3)",,Graduate,
EDFDN 70054,Gftd Wksp 2,"(3, 3)",,Graduate,
SPAN 79165,Ghosts of Latin America - Haunting in Literature and Film,"(3, 3)",,Graduate,
FREN 76100,Gide and Proust,"(3, 3)",,Graduate,
NUTR 77040,GIS & Public Health,"(3, 3)",,Graduate,
COMHE 77040,GIS & Public Health,"(3, 3)",,Graduate,
URBP 78739,GIS - Urban Apps,"(3, 3)",,Graduate,
URBP 78713,GIS Applic: Comm Dev,"(3, 3)",,Graduate,
GTECH 78502,GIS Applications in Social Geography,"(3, 3)",,Graduate,
URBP 78718,GIS in Public Health,"(3, 3)",,Graduate,
PH 77007,GIS in Public Health,"(3, 3)",,Graduate,
ARTH 7804H,Global 19th Century,"(3, 3)",,Graduate,
URBG 7871D,"Global Cities: Policy, Planning & Governance","(3, 3)",,Graduate,
PGEOG 73200,Global Climatic Change,"(3, 3)",,Graduate,
IMA 70800,Global Communication,"(3, 3)",,Graduate,
ARTH 7802A,Global Conceptualism,"(3, 3)",,Graduate,
PH 77025,Global Environment & Development,"(3, 3)",,Graduate,
PH 71700,Global Health,"(3, 3)",,Graduate,
PH 77051,Global Maternal and Child Health,"(3, 3)",,Graduate,
NURS 69901,Global Nursing,"(3, 3)",,Graduate,
NURS 70N01,Global Population Health,"(3, 3)",,Graduate,
ENGL 71570,Global Shakespeare,"(3, 3)",,Graduate,
ANTH 70247,Globalization and Culture,"(3, 3)",,Graduate,
PSYCH 75050,Gndr & Achievement,"(3, 3)",,Graduate,
GERMN 64300,Goethe's Faust,"(3, 3)",,Graduate,
SPAN 79164,Golden Age Poetry,"(3, 3)",,Graduate,
SPAN 79101,Golden Age Prose,"(3, 3)",,Graduate,
SPAN 79159,Golden Age Prose,"(3, 3)",,Graduate,
URBG 75800,Governing the City,"(3, 3)",,Graduate,
RAS 78979,Government and Politics Eastern Europe,"(3, 3)",,Graduate,
ECO 77600,Governmental Accounting,"(3, 3)",,Graduate,
ACC 77600,Governmental Accounting,"(3, 3)",,Graduate,
ARTCR 75187,Governor's Island Printmaking and Publishing Intensive,"(3, 3)",,Graduate,
ARTH 76116,Goya in New York Museums,"(3, 3)",,Graduate,
DAN 74200,Grad Dance History,"(3, 3)",,Graduate,
ARTCR 75144,Graduate Audio/Sound Elective,"(3, 3)",,Graduate,
DAN 70100,Graduate Dance Technique,"(2, 2)",,Graduate,
ARTCR 75148,Graduate Elective in Painting,"(3, 3)",,Graduate,
ARTCR 75134,Graduate Elective: Performance Art,"(3, 3)",,Graduate,
MLS 77000,Graduate Independent Study,"(3, 3)",,Graduate,
ARTCR 75110,Graduate Painting Intensive,"(3, 3)",,Graduate,
DAN 74660,Graduate Repertory,"(3, 3)",,Graduate,
ARTH 7802B,Graduate Seminar,"(3, 3)",,Graduate,
ARTCR 67100,Graduate Seminar 1,"(3, 3)",,Graduate,
ARTCR 66500,Graduate Seminar 4,"(3, 3)",,Graduate,
ARTCR 67200,Graduate Seminar II,"(3, 3)",,Graduate,
ARTCR 67300,Graduate Seminar III,"(3, 3)",,Graduate,
ARTH 7801R,Graduate Seminar in Japanese,"(3, 3)",,Graduate,
ARTCR 67400,Graduate Seminar IV,"(3, 3)",,Graduate,
DAN 74667,Graduate Study Abroad,"(3, 3)",,Graduate,
ARTH 78077,Graduates Special Topics,"(3, 3)",,Graduate,
ANTH 77300,Grammatical Analysis and Theory,"(3, 3)",,Graduate,
URBG 79100,Grant Writing and Fundraising Practicum,"(3, 3)",,Graduate,
SSW 74800,Grantsmanship and Proposal Writing,"(3, 3)",,Graduate,
IMA 78344,Grantwriting for Nonfiction Media,"(1, 1)",,Graduate,
MATH 79566,Graph Theory,"(3, 3)",,Graduate,
CSCI 75200,Graph Theory 1,"(3, 3)",,Graduate,
CSCI 75300,Graph Theory 2,"(3, 3)",,Graduate,
ARTCR 62669,Graphic Art 2,"(3, 3)",,Graduate,
ARTCR 62667,Graphic Art 2,"(3, 3)",,Graduate,
ARTCR 62767,Graphic Art 3,"(3, 3)",,Graduate,
ARTCR 62769,Graphic Art 3,"(3, 3)",,Graduate,
ARTCR 62567,Graphic Art I,"(3, 3)",,Graduate,
ARTCR 62569,Graphic Art I,"(3, 3)",,Graduate,
URBP 7871U,Graphic Communications,"(3, 3)",,Graduate,
IMA 78376,Graphic Notation for Interdisciplinary Arts,"(1, 1)",,Graduate,
IMA 78035,Graphic Novel,"(3, 3)",,Graduate,
URBG 70700,Graphical Communication for Urban Planners,"(3, 3)",,Graduate,
STAT 63856,Graphing Methods and Data Analysis,"(2, 2)",,Graduate,
ANTH 70231,Grassroots Movements and Social Change,"(3, 3)",,Graduate,
THC 76059,Great Musicals,"(3, 3)",,Graduate,
RAS 78961,Great Powers in Asia,"(3, 3)",,Graduate,
HIST 77447,Greek & Roman Women,"(3, 3)",,Graduate,
ARTH 61900,Greek Art,"(3, 3)",,Graduate,
ARTH 78056,Greek Vase Painting,"(3, 3)",,Graduate,
URBP 78749,Green Infrastructure,"(3, 3)",,Graduate,
URBP 7871R,Green Infrastructure and the Waterfront,"(3, 3)",,Graduate,
URBP 7872N,Green Retrofit and Urban Design,"(3, 3)",,Graduate,
RAS 77952,Grotesque Tra-Ru Lit,"(3, 3)",,Graduate,
COCO 70600,Group Counseling (KC),"(3, 3)",,Graduate,
SSW 73400,Group Work IV: The Purposeful Use of Activity in Social Group Work Practice,"(3, 3)",,Graduate,
PT 60800,Growth & Development,"(2, 2)",,Graduate,
HIST 75500,Growth of the American City,"(3, 3)",,Graduate,
EDFDN 71400,Grp Process-Ed Stngs,"(3, 3)",,Graduate,
RAS 78960,Grt Pwrs in 1980's,"(3, 3)",,Graduate,
BIOL 79003,Gut Microbiome and Editing,"(3, 3)",,Graduate,
MLS 63200,Gynecologic Cytopathology,"(4, 4)",,Graduate,
COMHE 77063,H.R. Management Health Science Admin,"(3, 3)",,Graduate,
THC 76078,"Hamlet:Txt,Crit & Perf","(3, 3)",,Graduate,
TRN 70N01,Hands on with Video Game Localization,"(3, 3)",,Graduate,
ENGL 77566,"Hardy, Lawrence","(3, 3)",,Graduate,
THC 73000,Harold Clurman Seminar in Theatre,"(3, 3)",,Graduate,
ENGL 77578,Hawthorne & James,"(3, 3)",,Graduate,
ENGL 75454,Hawthorne and Melville,"(3, 3)",,Graduate,
SSW 79740,HBSE from a COP&D Perspective,"(3, 3)",,Graduate,
HED 71480,He For Clssrm Tchr,"(3, 3)",,Graduate,
URBP 78777,Hea Sys Wkshp/Implem,"(3, 3)",,Graduate,
NUTR 77076,Health & Immigration,"(3, 3)",,Graduate,
PH 77016,Health & Mental Hlth Pl,"(3, 3)",,Graduate,
COMHE 70300,Health Advisement in Community,"(3, 3)",,Graduate,
SSW 70214,Health and Mental Health Systems,"(3, 3)",,Graduate,
SSW 70224,Health Care and Social Welfare Policy,"(3, 3)",,Graduate,
NURS 69957,Health Care Ethics,"(3, 3)",,Graduate,
NURS 78000,Health Care Ethics in the Life Span,"(3, 3)",,Doctoral,
PH 77027,Health Care Finance,"(3, 3)",,Graduate,
URBG 78795,Health Care Policy,"(3, 3)",,Graduate,
PH 77032,Health Care Quality and Performance,"(3, 3)",,Graduate,
COMHE 77008,Health Care: Global Eco,"(3, 3)",,Graduate,
HED 71300,Health Counseling,"(3, 3)",,Graduate,
HED 61300,Health Counseling,"(3, 3)",,Graduate,
ECO 74800,Health Economics,"(3, 3)",,Graduate,
HPM 75500,Health Economics,"(3, 3)",,Graduate,
HEA 601,Health Ed for Tchrs,"(3, 3)",,Graduate,
HED 71500,Health Education for Special Educators,"(1, 1)",,Graduate,
EDESL 79500,Health Education for Teachers of ESL: Pre-K-12,"(1, 1)",,Graduate,
CEDC 71300,Health Education for the Classroom Teacher,"(3, 3)",,Graduate,
HED 71400,Health Education For The Classroom Teacher,"(3, 3)",,Graduate,
COMHE 72600,Health Education in the Workplace,"(3, 3)",,Graduate,
URBP 78771,Health Finance,"(3, 3)",,Graduate,
PH 77018,Health Information Technology,"(3, 3)",,Graduate,
PSYCH 75095,Health Intervention,"(3, 3)",,Graduate,
PH 77081,Health Literacy,"(3, 3)",,Graduate,
URBP 76000,Health Planning and Policy Issues,"(3, 3)",,Graduate,
URBP 76500,Health Planning Workshop,"(3, 3)",,Graduate,
GSR 79056,Health Policy,"(3, 3)",,Graduate,
PH 77046,Health Policy Analysis&Evaluation of Services for Vulnerable Populations:Era of Health Care Reform,"(3, 3)",,Graduate,
NURS 85000,Health Policy and Population-Focused DNP Practice,"(3, 3)",,Doctoral,
COMHE 77054,Health Program Funding,"(3, 3)",,Graduate,
COMHE 75300,Health Program Planning and Funding,"(3, 3)",,Graduate,
PT 87000,Health Promotion Through the Lifespan,"(2, 2)",,Doctoral,
NURS 74900,Health Promotion/Disease Prevention in Diverse Populations,"(3, 3)",,Graduate,
URBG 76200,Health Regulation,"(3, 3)",,Graduate,
URBP 75800,Health Services and Facilities Seminar,"(3, 3)",,Graduate,
HED 62300,Health Teach Resources,"(3, 3)",,Graduate,
ECC 71400,"Health, Safety and Nutrition in Early Childhood","(3, 3)",,Graduate,
NURS 70400,Healthcare Systems and Policy,"(3, 3)",,Graduate,
PH 77022,Healthy Urban Aging,"(3, 3)",,Graduate,
COMSC 74800,Hearing & Bal Disord,"(3, 3)",,Graduate,
COMSC 74200,Hearing Aids,"(4, 4)",,Graduate,
COMSC 74300,Hearing Conservation,"(3, 3)",,Graduate,
COMSC 76100,Hearing Disor Adults,"(1, 1)",,Graduate,
ENGL 77554,Heavenly Muse,"(3, 3)",,Graduate,
ENGL 78752,"Hegel, Marx Literary Theory","(3, 3)",,Graduate,
ENGL 76954,"Hegel, Marx, and Black Narrative","(3, 3)",,Graduate,
ENGL 78456,Herman Melville,"(3, 3)",,Graduate,
ENGL 72000,High Renaissance in England,"(3, 3)",,Graduate,
SPEDE 76552,Higher Functioning Children,"(1, 1)",,Graduate,
SPEDE 78200,Higher Functioning Children with Autism Spectrum Disorders,"(1, 1)",,Graduate,
ENGL 77151,Hip Hop as Narrative,"(3, 3)",,Graduate,
FREN 79133,Hip Hop Littéraure et Sociéte,"(3, 3)",,Graduate,
RAS 77162,His 20C East Cen Eur,"(3, 3)",,Graduate,
SPAN 79667,Hispanophone Literature of the Caribbean and Transatlantic Spanish System,"(3, 3)",,Graduate,
MUS 79862,Hist & Porf. Pract.,"(3, 3)",,Graduate,
HIST 77473,Hist Chrstnty in U.S,"(3, 3)",,Graduate,
EDUC 75200,Hist Dev Sec Sch Cur,"(3, 3)",,Graduate,
HIST 77463,Hist Dissent in US,"(3, 3)",,Graduate,
HIST 77483,Hist Family in U.S.,"(3, 3)",,Graduate,
HIST 77478,Hist of Americ Women,"(3, 3)",,Graduate,
HIST 77445,Hist of Central Amer,"(3, 3)",,Graduate,
EDFDN 70600,Hist of the Amer School,"(3, 3)",,Graduate,
THC 72572,Hist of the Avantgrd,"(3, 3)",,Graduate,
THC 76055,Hist of the Director,"(3, 3)",,Graduate,
HIST 76803,Hist Std Sem: Gandhi,"(3, 3)",,Graduate,
HED 61000,Hist&Phil Of Hlth Ed,"(3, 3)",,Graduate,
HIST 77481,Hist-Work in America,"(3, 3)",,Graduate,
THC 77200,Hist:Theory & Criticsm,"(3, 3)",,Graduate,
ANTH 75157,Historical Archaeo,"(3, 3)",,Graduate,
ANTH 75651,Historical Ecology,"(3, 3)",,Graduate,
HIST 77000,Historical Methods,"(3, 3)",,Graduate,
SPEDE 76850,"Historical, Political & Inclusive Perspectives/Programming for Young Children with Diverse Abilities","(3, 3)",,Graduate,
ENGL 70293,Histories of Rhetoric,"(3, 3)",,Graduate,
HIST 77417,History & Memory,"(3, 3)",,Graduate,
ARTH 78070,History Aesthetic & Theory,"(3, 3)",,Graduate,
SPEDE 71400,History and Context of Early Intervention and Early Childhood Special Education,"(1, 1)",,Graduate,
ARTH 78012,History and Theory of Aesthetic,"(3, 3)",,Graduate,
IMA 70200,History and Theory of Emerging Media,"(3, 3)",,Graduate,
IMA 70900,History and Theory of the Documentary,"(3, 3)",,Graduate,
URBP 70100,History and Theory of Urban Planning,"(3, 3)",,Graduate,
HIST 78000,History Colloquium for First-Year Ma Students,"(3, 3)",,Graduate,
IMA 78370,History from the Bottom Up: Oral History & Deep Listening,"(1, 1)",,Graduate,
HIST 72651,History of Africa: Africa in 19th and 20th Centuries,"(3, 3)",,Graduate,
HIST 72650,History of Africa: Early History of Africa to 1800,"(3, 3)",,Graduate,
HIST 72700,History of African Americans in the United States,"(3, 3)",,Graduate,
THC 75300,History of American Theatre,"(3, 3)",,Graduate,
ANTH 70300,History of Anthropological Theory,"(3, 3)",,Graduate,
HIST 72251,History of China: Problems in History of 20th-Century China,"(3, 3)",,Graduate,
HIST 72250,History of China: Problems in History of Imperial China,"(3, 3)",,Graduate,
HIST 74300,History of Civil War and Reconstruction Era in United States,"(3, 3)",,Graduate,
ARTH 76103,History of Collecting and the Art Market,"(3, 3)",,Graduate,
HIST 77420,History of Cuba,"(3, 3)",,Graduate,
THC 76200,History of Directing,"(3, 3)",,Graduate,
HIST 70100,History of Greece,"(3, 3)",,Graduate,
ITAL 79102,History of Italian Theater,"(3, 3)",,Graduate,
ITAL 79100,History of Italian Theatre,"(3, 3)",,Graduate,
HIST 75950,History of Japan to 180,"(3, 3)",,Graduate,
MATH 66100,History of Mathematics,"(3, 3)",,Graduate,
HIST 70951,History of Middle East: History of Ottoman Empire,"(3, 3)",,Graduate,
HIST 70950,History of Middle East: Rise of Islam,"(3, 3)",,Graduate,
HIST 72800,History of Modern West Africa,"(3, 3)",,Graduate,
IMA 78020,History of New Media,"(3, 3)",,Graduate,
THC 76077,History of Opera,"(3, 3)",,Graduate,
MUS 76075,History of Opera,"(3, 3)",,Graduate,
ARTH 78058,History of Photography,"(3, 3)",,Graduate,
RAS 78953,History of Poland,"(3, 3)",,Graduate,
PSYCH 700U,History of Psychology,"(3, 3)",,Graduate,
PSYCH 70000,History of Psychology,"(3, 3)",,Graduate,
HIST 75700,History of Religion in United States,"(3, 3)",,Graduate,
HIST 70200,History of Rome,"(3, 3)",,Graduate,
SSW 79173,History of Social Wk,"(2, 2)",,Graduate,
HIST 75000,History of the American Labor Movement,"(3, 3)",,Graduate,
FREN 70100,History of the French Language,"(3, 3)",,Graduate,
ITAL 70100,History of the Italian Language,"(3, 3)",,Graduate,
HIST 76801,History of the Middle East: 1500-Present,"(3, 3)",,Graduate,
HIST 70952,History of the Middle East: Middle East in Modern Times,"(3, 3)",,Graduate,
SPAN 70100,History of the Spanish Language,"(3, 3)",,Graduate,
THC 75100,History of Theatre I,"(3, 3)",,Graduate,
THC 75200,History of Theatre II,"(3, 3)",,Graduate,
THC 70200,History of Theatrical Theory and Criticism,"(3, 3)",,Graduate,
HIST 76602,History of United States and Latin American Relations,"(3, 3)",,Graduate,
RAS 74500,History Russian Literature Language,"(3, 3)",,Graduate,
ENGL 70274,History: British Novel,"(3, 3)",,Graduate,
ENGL 77586,Histrory:English Language,"(3, 3)",,Graduate,
HIST 77450,Hitlr & Nat So 1919-45,"(3, 3)",,Graduate,
NURS 60600,HIV Infection/Aids,"(3, 3)",,Graduate,
PH 77078,"HIV-AIDS in Global, Scientific and Cultural Contexts","(3, 3)",,Graduate,
NURS 69981,Hlth Appr X Life Spn,"(3, 3)",,Graduate,
NURS 61700,Hlth Apprsl of Adult,"(3, 3)",,Graduate,
NURS 69971,Hlth Care Older Wom,"(3, 3)",,Graduate,
HED 71600,Hlth Ed:Chldhood Edu,"(1, 1)",,Graduate,
URBP 78775,Hlth Iss in Eco Pers,"(3, 3)",,Graduate,
HED 62600,Hlth Main&Fit In Ind,"(3, 3)",,Graduate,
HED 72600,Hlth Main&Fit In Ind,"(3, 3)",,Graduate,
PH 71900,Hlth Urb Age:Eco&Pol,"(3, 3)",,Graduate,
EDUC 72050,Holocaust Studies,"(3, 3)",,Graduate,
URBG 78711,Homeless Policy,"(3, 3)",,Graduate,
URBP 7872V,"Homelessness, Mental Illness, and Public Policy","(3, 3)",,Graduate,
CLA 74100,Homeric Archaeology,"(3, 3)",,Graduate,
ANTH 79157,Hominid Sites/East Africa,"(3, 3)",,Graduate,
LAT 72600,Horace and Catullus,"(3, 3)",,Graduate,
NURS 78500,Hospice and Palliative Symptom Management,"(3, 3)",,Graduate,
BIOL 79093,Hot Topics:Neuro Biology,"(3, 3)",,Graduate,
URBG 78701,Housing & Global City,"(3, 3)",,Graduate,
URBG 72800,Housing and Community Development Seminar,"(3, 3)",,Graduate,
COMHE 77047,Housing and Health,"(3, 3)",,Graduate,
URBP 78762,Housing and Urban Development Workshop,"(3, 3)",,Graduate,
THC 76030,How Actors Read Plays,"(3, 3)",,Graduate,
ITAL 79370,How to Read & Interpret Italian Literature: From Torquato Tasso to Umberto Eco,"(3, 3)",,Graduate,
URBG 78733,Hsg/Comm Dev NY Reg,"(3, 3)",,Graduate,
ARTH 78024,Hudson River School,"(3, 3)",,Graduate,
GSR 72400,Hum Ecol Of Wrld Pov,"(3, 3)",,Graduate,
HIST 77422,Hum Rt & Dev Afr Lt Am,"(3, 3)",,Graduate,
PSYCH 75061,Hum-Anim Behav & Cons,"(3, 3)",,Graduate,
PT 60600,Human Anatomy,"(4, 4)",,Graduate,
PT 70800,Human and Exercise Physiology,"(4, 4)",,Doctoral,
SSW 71150,Human Behavior 1,"(3, 3)",,Graduate,
SSW 71250,Human Behavior 2,"(3, 3)",,Graduate,
SSW 71300,Human Behavior and the Social Environment 3,"(3, 3)",,Graduate,
SSW 71100,Human Behavior and the Social Environment I,"(3, 3)",,Graduate,
SSW 71200,Human Behavior and the Social Environment II,"(3, 3)",,Graduate,
SSW 71350,Human Behavior III,"(3, 3)",,Graduate,
SSW 71252,Human Behavior: Ed,"(2, 2)",,Graduate,
SSW 71255,Human Behavior: WW,"(2, 2)",,Graduate,
SSW 71352,Human Behavior:Ed,"(3, 3)",,Graduate,
SSW 71151,Human Behavior:FYA,"(3, 3)",,Graduate,
SSW 71251,Human Behavior:FYA,"(3, 3)",,Graduate,
SSW 71351,Human Behavior:Fya,"(3, 3)",,Graduate,
SSW 71154,Human Behavior:PSJ,"(3, 3)",,Graduate,
SSW 71254,Human Behavior:Psj,"(2, 2)",,Graduate,
SSW 71354,Human Behavior:Psj,"(3, 3)",,Graduate,
SSW 71253,Human Behavior:Sh,"(2, 2)",,Graduate,
SSW 71153,Human Behavior:Sh,"(3, 3)",,Graduate,
SSW 71353,Human Behavior:Sh,"(3, 3)",,Graduate,
SSW 71355,Human Behavior:WW,"(3, 3)",,Graduate,
SSW 71155,Human Behavior:WW,"(3, 3)",,Graduate,
PSYCH 75088,Human Dim Conservatn,"(3, 3)",,Graduate,
ANTH 79200,Human Ecology and Population Dynamics,"(3, 3)",,Graduate,
ANTH 79165,Human Evolutionary Adaptations,"(3, 3)",,Graduate,
ANTH 79300,Human Evolutionary Genetics,"(3, 3)",,Graduate,
ANTH 79900,Human Fossil Record,"(3, 3)",,Graduate,
ANTH 79101,Human Osteology,"(3, 3)",,Graduate,
PT 64500,Human Phys & Ex Phys,"(4, 4)",,Graduate,
ANTH 71700,Human Population Dynamics,"(3, 3)",,Graduate,
ADSUP 70000,Human Relations for Equity & Social Justice,"(3, 3)",,Graduate,
COMHE 77072,Human Resources Management,"(3, 3)",,Graduate,
PH 71400,Human Rights and Public Health,"(3, 3)",,Graduate,
SSW 70229,Human Rights and Social Policy in the United States,"(3, 3)",,Graduate,
HIST 77436,Human Rights and the Nonwestern World,"(3, 3)",,Graduate,
ANTH 72050,Human Rights of Indigns,"(3, 3)",,Graduate,
PSYCH 68056,Human Sexual Behav,"(3, 3)",,Graduate,
SSW 79158,Human Sexuality,"(3, 3)",,Graduate,
COMHE 71400,Human Sexuality,"(3, 3)",,Graduate,
ANTH 79162,Human Skeletal Biology,"(3, 3)",,Graduate,
URBG 78746,Human Svcs. Delivery,"(3, 3)",,Graduate,
ANTH 79350,Human Variation,"(3, 3)",,Graduate,
HIST 77472,Humn Rts & Non-West,"(3, 3)",,Graduate,
GSR 79058,Hunger in America : Problems and Policy,"(3, 3)",,Graduate,
ENGL 75960,Hungry Listening: Orality & Aurality in African Amer Narr from Frederick Douglass to Toni Morrison,"(3, 3)",,Graduate,
GSR 79044,Hunter Polls Nyc,"(3, 3)",,Graduate,
ANTH 71200,Hunters and Gatherers,"(3, 3)",,Graduate,
IMA 78093,Hybrid Documentary,"(3, 3)",,Graduate,
PGEOG 70152,Hydrology,"(3, 3)",,Graduate,
MATH 79551,Hyperbolic Geometry,"(3, 3)",,Graduate,
IMA 78023,Hypermedia Cities,"(3, 3)",,Graduate,
IMA 78311,Hypertexts and Cross-Media Narratives in Multi-Platform Storytelling,"(1, 1)",,Graduate,
ARTH 7804V,Iconoclasm in Ancient Egyptian Art,"(3, 3)",,Graduate,
THC 72562,Identity in Crisis,"(3, 3)",,Graduate,
ARTH 78039,Illusionism,"(3, 3)",,Graduate,
BIOL 70N03,Image Analysis Biological Structures,"(5, 5)",,Graduate,
RAS 77157,Images of Society,"(3, 3)",,Graduate,
SPAN 79692,Imaginaries of Labor in Latin American Arts in Literature,"(3, 3)",,Graduate,
FREN 79402,Imaginary Libraries,"(3, 3)",,Graduate,
SSW 79164,Imig Hst & Ethncty SW,"(2, 2)",,Graduate,
URBP 78716,Imm & Pop Chng in NYC,"(3, 3)",,Graduate,
IMA 78345,Immediate Site: Homeworks,"(1, 1)",,Graduate,
IMA 78346,Immediate Site: Requiem,"(1, 1)",,Graduate,
IMA 78325,Immersive and Participatory Live Performance,"(1, 1)",,Graduate,
IMA 78074,Immersive Worlds: AR & VR Production,"(3, 3)",,Graduate,
HIST 77457,Immigra & Ethnicity,"(3, 3)",,Graduate,
ANTH 70273,Immigrant Employment NY,"(3, 3)",,Graduate,
COMHE 77074,Immigrant Health & Law,"(3, 3)",,Graduate,
ENGL 77673,Immigrant Literature,"(3, 3)",,Graduate,
URBG 7871W,Immigrant Neighborhoods from Planning & Policy Perspectives,"(3, 3)",,Graduate,
SSW 79758,Immigration & Aging,"(3, 3)",,Graduate,
PH 77009,Immigration & Aging,"(3, 3)",,Graduate,
COMHE 77076,Immigration & Health,"(3, 3)",,Graduate,
PH 71300,Immigration and Health,"(3, 3)",,Graduate,
URBP 78715,Immigration and Race,"(3, 3)",,Graduate,
SSW 70219,"Immigration and Refugee, Policies and Issues","(3, 3)",,Graduate,
URBG 78796,Immigration Policy,"(3, 3)",,Graduate,
IMA 78360,Impact Producing,"(1, 1)",,Graduate,
IMA 78070,Impact Producing,"(3, 3)",,Graduate,
RAS 77967,Imperial Russ Cultr,"(3, 3)",,Graduate,
URBG 78705,Implement Social Politics,"(3, 3)",,Graduate,
IMA 78335,Improv Audiovisuals: Non-Restrictive App to Making Live Visuals & Sounds in Collaborative Perf,"(1, 1)",,Graduate,
MUS 71701,Improvisation & Composition for Classical Pianists,"(1, 1)",,Graduate,
SPEDE 78100,Incidental Teaching and other Naturalistic Behavioral Strategies,"(1, 1)",,Graduate,
SPEDE 76554,Inclsn & Chldrn W Aut,"(1, 1)",,Graduate,
SPEDE 78300,Inclusion of Children with Autism Spectrum Disorders,"(1, 1)",,Graduate,
EDLIT 73250,Inclusive and Diverse Children’s and Young Adult Literature,"(3, 3)",,Graduate,
SPED 70300,Inclusive Instruction in General Education Classrooms for Students With Learning And Behavior Disord,"(3, 3)",,Graduate,
ECO 74700,Income Distribution and Public Policy,"(3, 3)",,Graduate,
SPEDE 77000,Ind Planning Implementn & Progress Monitoring Early Childhd (B-PreK) Environments & Curricula (KC),"(3, 3)",,Graduate,
EDF 71800,Ind Research Education Found,"(2, 2)",,Graduate,
EDF 71700,Ind Research Education Found,"(1, 1)",,Graduate,
EDF 71900,Ind Research Education Found,"(3, 3)",,Graduate,
COUNS 76300,Ind Study Research,"(3, 3)",,Graduate,
COUNS 76200,Ind Study-Research,"(2, 2)",,Graduate,
COUNS 76100,Ind Study-Research,"(1, 1)",,Graduate,
HED 73301,Ind Study/Field Work,"(1, 1)",,Graduate,
HED 73302,Ind Study/Fieldwork,"(2, 2)",,Graduate,
HED 73303,Ind Study/Fieldwork,"(3, 3)",,Graduate,
EDFDN 77100,Indep Research,"(1, 1)",,Graduate,
THC 72020,Indep Research,"(2, 2)",,Graduate,
THC 72010,Indep Research,"(1, 1)",,Graduate,
EDFDN 77200,Indep Research,"(2, 2)",,Graduate,
GSR 79102,Indep Research,"(3, 3)",,Graduate,
GSR 79100,Indep Research,"(3, 3)",,Graduate,
ADSUP 77900,Indep St Admin/Supvn,"(3, 3)",,Graduate,
PHYS 77103,Indep Studies,"(3, 3)",,Graduate,
PHYS 77204,Indep Studies,"(4, 4)",,Graduate,
PHYS 77304,Indep Studies,"(4, 4)",,Graduate,
PHYS 77101,Indep Studies,"(1, 1)",,Graduate,
PHYS 77102,Indep Studies,"(2, 2)",,Graduate,
PHYS 77101,Indep Studies,"(1, 1)",,Graduate,
RAS 77956,Indep Study,"(3, 3)",,Graduate,
RAS 77958,Indep Study,"(3, 3)",,Graduate,
RAS 77918,Indep Study,"(3, 3)",,Graduate,
SOC 79101,Indep Study,"(3, 3)",,Graduate,
PH 78401,Indep Study: Public Health,"(1, 1)",,Graduate,
PH 78301,Indep Study:Pub Health,"(1, 1)",,Graduate,
PH 78303,Indep Study:Pub Hlth,"(3, 3)",,Graduate,
PH 78302,Indep Study:Public Health,"(2, 2)",,Graduate,
BIOL 89907,Independant Doctoral Research,"(7, 7)",,Graduate,
BIOL 89909,Independant Doctoral Research,"(9, 9)",,Graduate,
BIOL 89906,Independant Doctoral Research,"(6, 6)",,Graduate,
BIOL 89908,Independant Doctoral Research,"(8, 8)",,Graduate,
BIOL 89910,Independant Doctoral Research,"(10, 10)",,Graduate,
BIOL 89903,Independant Doctoral Research,"(3, 3)",,Graduate,
BIOL 89901,Independant Doctoral Research,"(1, 1)",,Graduate,
BIOL 89902,Independant Doctoral Research,"(2, 2)",,Graduate,
BIOL 89905,Independant Doctoral Research,"(5, 5)",,Graduate,
ECO 77800,Independant Study,"(3, 3)",,Graduate,
PH 78402,Independant Study:Public Health,"(2, 2)",,Graduate,
BIOL 89904,Independent Doctoral Research,"(4, 4)",,Graduate,
PSYCH 80200,Independent Psychological,"(3, 3)",,Graduate,
PSYCH 804U2,Independent Readings,"(2, 2)",,Graduate,
PSYCH 804U0,Independent Readings,"(1, 1)",,Graduate,
GSR 79200,Independent Research,"(3, 3)",,Graduate,
EDFDN 77300,Independent Research,"(3, 3)",,Graduate,
THC 72003,Independent Research,"(3, 3)",,Graduate,
THC 72001,Independent Research,"(1, 1)",,Graduate,
ITAL 76000,Independent Research,"(3, 3)",,Graduate,
URBP 78100,Independent Research,"(3, 3)",,Graduate,
THC 72002,Independent Research,"(2, 2)",,Graduate,
GEOG 79100,Independent Research in Geography,"(1, 1)",,Graduate,
GEOG 79200,Independent Research in Geography,"(2, 2)",,Graduate,
GEOG 79300,Independent Research in Geography,"(3, 3)",,Graduate,
PGEOG 79100,Independent Research in Physical Geography,"(1, 1)",,Graduate,
PGEOG 79300,Independent Research in Physical Geography,"(3, 3)",,Graduate,
PGEOG 79200,Independent Research in Physical Research,"(2, 2)",,Graduate,
PSYCH 69100,Independent Research in Psychology; 1 Credit,"(1, 1)",,Graduate,
PSYCH 69200,Independent Research in Psychology; 2 Credits,"(2, 2)",,Graduate,
PSYCH 69000,Independent Research in Psychology; 3 Credits,"(3, 3)",,Graduate,
URBP 78000,Independent Research Supervised Study of Topics of Special Interest to Advanced Students.,"(3, 3)",,Graduate,
URBP 78300,Independent Research Supervised Study of Topics of Special Interest to Advanced Students. Students M,"(3, 3)",,Graduate,
URBP 78200,Independent Research Supervised Study of Topics of Special Interest to Advanced Students. Students M,"(3, 3)",,Graduate,
ADSUP 77800,Independent St Admin/Supvn,"(2, 2)",,Graduate,
ADSUP 77700,Independent Student Administrative Supervision,"(1, 1)",,Graduate,
PHYS 77404,Independent Studies,"(4, 4)",,Graduate,
URBG 78500,Independent Study,"(2, 2)",,Graduate,
URBG 78000,Independent Study,"(3, 3)",,Graduate,
MUS 79158,Independent Study,"(1, 1)",,Graduate,
ARTCR 75002,Independent Study,"(2, 2)",,Graduate,
MUS 79357,Independent Study,"(3, 3)",,Graduate,
ECO 79100,Independent Study,"(1, 1)",,Graduate,
COMSC 78300,Independent Study,"(3, 3)",,Graduate,
MUS 79255,Independent Study,"(2, 2)",,Graduate,
URBP 78500,Independent Study,"(2, 2)",,Graduate,
URBG 78300,Independent Study,"(3, 3)",,Graduate,
MUS 79456,Independent Study,"(4, 4)",,Graduate,
MUS 79253,Independent Study,"(2, 2)",,Graduate,
ECO 79001,Independent Study,"(1, 1)",,Graduate,
MUS 79252,Independent Study,"(2, 2)",,Graduate,
MATH 77400,Independent Study,"(1, 1)",,Graduate,
MATH 77700,Independent Study,"(3, 3)",,Graduate,
MUS 79454,Independent Study,"(4, 4)",,Graduate,
MUS 79255,Independent Study,"(2, 2)",,Graduate,
ARTCR 75003,Independent Study,"(3, 3)",,Graduate,
NUTR 78200,Independent Study,"(2, 2)",,Graduate,
URBP 78400,Independent Study,"(1, 1)",,Graduate,
ARTCR 75002,Independent Study,"(2, 2)",,Graduate,
MUS 79100,Independent Study,"(1, 1)",,Graduate,
COCO 74300,Independent Study,"(3, 3)",,Graduate,
MUS 79300,Independent Study,"(3, 3)",,Graduate,
RAS 77968,Independent Study,"(3, 3)",,Graduate,
GTECH 79200,Independent Study,"(2, 2)",,Graduate,
URBG 78000,Independent Study,"(3, 3)",,Graduate,
MATH 77600,Independent Study,"(2, 2)",,Graduate,
MUS 79455,Independent Study,"(4, 4)",,Graduate,
PT 77501,Independent Study,"(1, 1)",,Doctoral,
ECO 79100,Independent Study,"(1, 1)",,Graduate,
PT 77502,Independent Study,"(2, 2)",,Doctoral,
MUS 79200,Independent Study,"(2, 2)",,Graduate,
STAT 79300,Independent Study,"(3, 3)",,Graduate,
MUS 79200,Independent Study,"(2, 2)",,Graduate,
IMA 79000,Independent Study,"(1, 1)",,Graduate,
URBG 78100,Independent Study,"(3, 3)",,Graduate,
CHIN 70901,Independent Study,"(1, 1)",,Graduate,
MUS 79351,Independent Study,"(3, 3)",,Graduate,
RAS 77917,Independent Study,"(3, 3)",,Graduate,
MUS 79355,Independent Study,"(3, 3)",,Graduate,
MATH 77500,Independent Study,"(2, 2)",,Graduate,
COCO 74300,Independent Study,"(3, 3)",,Graduate,
GTECH 79200,Independent Study,"(2, 2)",,Graduate,
MUS 79452,Independent Study,"(4, 4)",,Graduate,
MUS 79451,Independent Study,"(4, 4)",,Graduate,
ARTH 75502,Independent Study,"(2, 2)",,Graduate,
MATH 77600,Independent Study,"(2, 2)",,Graduate,
RAS 77974,Independent Study,"(3, 3)",,Graduate,
MUS 79256,Independent Study,"(2, 2)",,Graduate,
MATH 77300,Independent Study,"(1, 1)",,Graduate,
ARTH 75501,Independent Study,"(1, 1)",,Graduate,
COMSC 78200,Independent Study,"(2, 2)",,Graduate,
MUS 79356,Independent Study,"(3, 3)",,Graduate,
MUS 79354,Independent Study,"(3, 3)",,Graduate,
NUTR 78300,Independent Study,"(3, 3)",,Graduate,
MUS 79152,Independent Study,"(1, 1)",,Graduate,
MUS 79457,Independent Study,"(4, 4)",,Graduate,
ARTCR 75003,Independent Study,"(3, 3)",,Graduate,
RAS 77966,Independent Study,"(3, 3)",,Graduate,
CHIN 70902,Independent Study,"(2, 2)",,Graduate,
CHIN 70903,Independent Study,"(3, 3)",,Graduate,
MATH 77400,Independent Study,"(1, 1)",,Graduate,
COCO 74200,Independent Study,"(2, 2)",,Graduate,
IMA 78900,Independent Study,"(3, 3)",,Graduate,
MUS 79453,Independent Study,"(4, 4)",,Graduate,
MUS 79157,Independent Study,"(1, 1)",,Graduate,
MUS 79153,Independent Study,"(1, 1)",,Graduate,
MUS 79300,Independent Study,"(3, 3)",,Graduate,
URBG 78200,Independent Study,"(3, 3)",,Graduate,
MUS 79156,Independent Study,"(1, 1)",,Graduate,
URBG 78400,Independent Study,"(1, 1)",,Graduate,
MUS 79454,Independent Study,"(4, 4)",,Graduate,
MATH 77700,Independent Study,"(3, 3)",,Graduate,
GTECH 79100,Independent Study,"(1, 1)",,Graduate,
STAT 79200,Independent Study,"(2, 2)",,Graduate,
MUS 79100,Independent Study,"(1, 1)",,Graduate,
MUS 79400,Independent Study,"(4, 4)",,Graduate,
MUS 79154,Independent Study,"(1, 1)",,Graduate,
GTECH 79300,Independent Study,"(3, 3)",,Graduate,
ARTCR 75001,Independent Study,"(1, 1)",,Graduate,
ARTH 75503,Independent Study,"(3, 3)",,Graduate,
STAT 79100,Independent Study,"(1, 1)",,Graduate,
PT 77501,Independent Study,"(1, 1)",,Doctoral,
MUS 79455,Independent Study,"(4, 4)",,Graduate,
MUS 79254,Independent Study,"(2, 2)",,Graduate,
ECO 79000,Independent Study,"(3, 3)",,Graduate,
COMHE 78100,Independent Study 1,"(2, 2)",,Graduate,
COMHE 78200,Independent Study 2,"(2, 2)",,Graduate,
SPED 71251,Independent Study in Blindness and Visual Impairment,"(1, 1)",,Graduate,
SPED 71253,Independent Study in Blindness and Visual Impairment,"(3, 3)",,Graduate,
SPED 71252,Independent Study in Blindness and Visual Impairment,"(2, 2)",,Graduate,
CSCI 79300,Independent Study in Computer Science,"(3, 3)",,Graduate,
CEDC 71700,Independent Study in Curriculum and Teaching,"(1, 1)",,Graduate,
CEDC 71900,Independent Study in Curriculum and Teaching,"(3, 3)",,Graduate,
CEDC 71800,Independent Study in Curriculum and Teaching,"(2, 2)",,Graduate,
DAN 76002,Independent Study in Dance,"(2, 2)",,Graduate,
DAN 76001,Independent Study in Dance,"(1, 1)",,Graduate,
DAN 76003,Independent Study in Dance,"(3, 3)",,Graduate,
SPED 71153,Independent Study in Deaf and Hard-of-Hearing,"(3, 3)",,Graduate,
SPED 71151,Independent Study in Deaf and Hard-of-Hearing Studies,"(1, 1)",,Graduate,
SPED 71152,Independent Study in Deafand Hard-of-Hearing,"(2, 2)",,Graduate,
CEDF 71900,Independent Study in Educational Foundations,"(3, 3)",,Graduate,
CEDF 71800,Independent Study in Educational Foundations,"(2, 2)",,Graduate,
CEDF 71700,Independent Study in Educational Foundations,"(1, 1)",,Graduate,
EDPS 74901,Independent Study in Educational Psychology,"(1, 1)",,Graduate,
EDPS 74700,"Independent Study In Educational Psychology, 1 Credit","(1, 1)",,Graduate,
EDPS 74800,"Independent Study In Educational Psychology, 2 Credits","(2, 2)",,Graduate,
FREN 79903,Independent Study in French Literature,"(3, 3)",,Graduate,
EDFDN 77400,Independent Study in Gifted Education,"(2, 2)",,Graduate,
NURS 79300,Independent Study in Nursing,"(3, 3)",,Graduate,
NURS 79200,Independent Study in Nursing,"(2, 2)",,Graduate,
NURS 79100,Independent Study in Nursing,"(1, 1)",,Graduate,
PH 78403,Independent Study in Public Health,"(3, 3)",,Graduate,
SPED 71053,Independent Study in Special Education,"(3, 3)",,Graduate,
SPED 71051,Independent Study in Special Education,"(1, 1)",,Graduate,
SPED 71052,Independent Study in Special Education,"(2, 2)",,Graduate,
ANTH 78600,Independent Study or Research in Anthropology,"(3, 3)",,Graduate,
ANTH 78500,Independent Study or Research in Anthropology,"(3, 3)",,Graduate,
IMA 79002,Independent Study: Cinematography,"(1, 1)",,Graduate,
IMA 79001,Independent Study: Lighting,"(1, 1)",,Graduate,
TRN 79000,"Independent Study: Research Topics in Translation, Localization, and Interpreting","(3, 3)",,Graduate,
IMA 79003,Independent Study: Sound Recording,"(1, 1)",,Graduate,
SPEDE 77051,"Indiv Planning, Implem & Prog Monitoring in Early Childhd (B-PreK) Environments and Curricula (KC)","(3, 3)",,Graduate,
COCO 71900,Individual Supervision (KC),"(3, 3)",,Graduate,
HIST 77800,Individual Tutorial Research,"(3, 3)",,Graduate,
ECO 75500,Industrial Organization,"(3, 3)",,Graduate,
EOHS 77088,Industrial Processes,"(3, 3)",,Graduate,
PSYCH 75093,Infancy and Autism,"(3, 3)",,Graduate,
BIOL 79044,Infectious Diseases,"(3, 3)",,Graduate,
PH 77082,Influence of Mass Media on Public Health & Policy,"(3, 3)",,Graduate,
GSR 79062,"Informal,Illicit Eco","(3, 3)",,Graduate,
NURS 71600,Informatics for Evidence-based Practice,"(3, 3)",,Doctoral,
PH 77002,Information Research in Ph,"(3, 3)",,Graduate,
URBG 78757,Infrastrctr & St Pl,"(3, 3)",,Graduate,
URBP 78719,Infrastructure and Environment,"(3, 3)",,Graduate,
URBG 72500,Infrastructure and Site Planning,"(3, 3)",,Graduate,
URBP 72500,Infrastructure and Site Planning,"(3, 3)",,Graduate,
SPEDE 77910,Initial Practicum in Early Childhood Special Education (KC),"(3, 3)",,Graduate,
SPEDE 77810,Initial Student Teaching in Early Childhood Special Education (KC),"(3, 3)",,Graduate,
ARTCR 75142,Inside - Outside,"(3, 3)",,Graduate,
ARTCR 7511C,Installation,"(3, 3)",,Graduate,
ARTH 7801Q,Institutional Critique,"(3, 3)",,Graduate,
COMHE 77069,Institutional Research,"(3, 3)",,Graduate,
BILED 778FW,Instn Native Language,"(3, 3)",,Graduate,
LING 77300,Instructed Second Language Acquisition (KC),"(3, 3)",,Graduate,
BILED 77800,Instruction through the Native Language,"(3, 3)",,Graduate,
BILED 76900,Instruction through the Native Language - Chinese,"(3, 3)",,Graduate,
BILED 76800,Instruction through the Native Language - French,"(3, 3)",,Graduate,
NURS 73000,Instructional Design in Nursing Education,"(3, 3)",,Graduate,
NURS 79600,Instructional Strategies and Technology,"(3, 3)",,Graduate,
CHEM 64900,Instrumental Analysis,"(5, 5)",,Graduate,
PSYCH 70400,Instrumentation in Experimental Psychology,"(4, 4)",,Graduate,
HIST 71151,Int His Eur 14th-16th Century,"(3, 3)",,Graduate,
HIST 71251,Int His Eur 17-19C,"(3, 3)",,Graduate,
RAS 78962,Int Reltns-E. Asia,"(3, 3)",,Graduate,
LING 75600,Int: Indoeur Comp Gra,"(3, 3)",,Graduate,
LING 75500,Int: Indoeur Comp Gra,"(3, 3)",,Graduate,
EDF 79200,Integ Sem Ed Fnd,"(3, 3)",,Graduate,
NURS 69986,Integrative Modalities in Health,"(3, 3)",,Graduate,
ECC 72000,Integrative Seminar in Early Childhood Education (KC),"(3, 3)",,Graduate,
CEDF 77150,Integrative Seminar: Data Collection and Student Outcomes in Childhood Education.,"(3, 3)",,Graduate,
CEDF 77151,"Integrative Seminar: Date Collection and Student Outcomes in Childhood Education, Part 1","(2, 2)",,Graduate,
CEDF 77152,"Integrative Seminar: Date Collection and Student Outcomes in Childhood Education, Part 2","(2, 2)",,Graduate,
CEDF 79200,Integrative Seminar: Research in Childhood Education,"(3, 3)",,Graduate,
PT 87900,Integumentary Examination & Intervention,"(1, 1)",,Doctoral,
SSW 79708,Intellectual and Developmental Disabilities,"(3, 3)",,Graduate,
SSW 79735,Intellectual Disabilities in Social Work Practice,"(3, 3)",,Graduate,
HIST 71150,Intellectual History of Europe in Middle Ages,"(3, 3)",,Graduate,
HIST 71252,Intellectual History of Modern Europe in 19th and 20th Centuries,"(3, 3)",,Graduate,
HIST 77304,Intellectuals and Politics in Late Modern Europe,"(3, 3)",,Graduate,
FREN 79300,Intelt Trnds in 19C,"(3, 3)",,Graduate,
IMA 78303,Intensive Tools and Technology Workshop: HD Cinematography,"(1, 1)",,Graduate,
IMA 78302,Intensive Tools and Technology Workshop: Lighting,"(1, 1)",,Graduate,
IMA 78301,Intensive Tools and Technology Workshop: Sound,"(1, 1)",,Graduate,
IMA 76200,Interactive Expression,"(3, 3)",,Graduate,
IMA 76500,Interactive Installation,"(3, 3)",,Graduate,
IMA 78018,Interactive Video,"(3, 3)",,Graduate,
IMA 78053,Interactve Media Pro,"(3, 3)",,Graduate,
THC 76079,Intercultural Performance: Theory and Practice.,"(3, 3)",,Graduate,
NURS 69998,Interd Diabetes Prev,"(3, 3)",,Graduate,
PH 77014,Interd Diabetes Prev,"(3, 3)",,Graduate,
COMHE 77041,Interdis Res in Ph,"(3, 3)",,Graduate,
NURS 77600,Interdisciplinary Approaches to Diabetes Management,"(3, 3)",,Graduate,
PH 77013,Interdisciplinary Approaches to Diabetes Management,"(3, 3)",,Graduate,
SPED 79904,Interdisciplinary Autism,"(3, 3)",,Graduate,
SSW 79759,Interdisciplinary Autism,"(3, 3)",,Graduate,
NURS 78600,Interdisciplinary Palliative and Hospice Care,"(3, 3)",,Graduate,
PH 77077,"Interdisciplinary Perspectives on Corporations, Health and Democracy 1900-Present","(3, 3)",,Graduate,
PH 77071,"Interdisciplinary Perspectives on Globalization, Health and Social Justice","(3, 3)",,Graduate,
IMA 79200,Interdisciplinary Research,"(3, 3)",,Graduate,
PSYCH 75086,Interdiscipline Autism,"(3, 3)",,Graduate,
COCO 72702,Interdiscipln Autism,"(3, 3)",,Graduate,
URBP 7872H,Intergovernmental Relations for Planning Policy,"(3, 3)",,Graduate,
SPED 76500,Intermediate Orientation and Mobility (KC),"(3, 3)",,Graduate,
SPED 76800,Intermediate Orientation and Mobility: Lab & Seminar,"(3, 3)",,Graduate,
GSR 71400,Intermediate Statistics,"(3, 3)",,Graduate,
HED 75000,Intern-Sch Hlth Mngt,"(3, 3)",,Graduate,
ENGL 77654,Internal Woman Writers,"(3, 3)",,Graduate,
GSR 76300,International Development Practicum,"(3, 3)",,Graduate,
ECO 74100,International Finance,"(3, 3)",,Graduate,
ECO 79566,International Finance,"(3, 3)",,Graduate,
COMHE 71200,International Health,"(3, 3)",,Graduate,
COMHE 77043,International Health Agency,"(3, 3)",,Graduate,
HIST 71250,International History of Europe in 16th and 17th Centuries,"(3, 3)",,Graduate,
ANTH 70287,International Human Rights,"(3, 3)",,Graduate,
URBG 72900,International Human Settlements,"(3, 3)",,Graduate,
ANTH 70286,International Migration,"(3, 3)",,Graduate,
GEOG 74200,International Migration and Ethnicity,"(3, 3)",,Graduate,
ENGL 75961,International Modernisms,"(3, 3)",,Graduate,
URBG 78793,International Policy Transfer,"(3, 3)",,Graduate,
GEOG 71500,International Pollution Issues,"(3, 3)",,Graduate,
SSW 70222,International Social Welfare Policy and Services,"(3, 3)",,Graduate,
ECO 79563,International Trade,"(3, 3)",,Graduate,
ECO 74000,International Trade: Theory and Policy,"(3, 3)",,Graduate,
HIST 7741C,Internationalism,"(3, 3)",,Graduate,
BIOL 62000,Internship,"(4, 4)",,Graduate,
URBG 77600,Internship,"(3, 3)",,Graduate,
URBG 77800,Internship,"(3, 3)",,Graduate,
URBG 77700,Internship,"(3, 3)",,Graduate,
HIST 79800,Internship,"(3, 3)",,Graduate,
ECO 78500,Internship,"(3, 3)",,Graduate,
URBG 77500,Internship,"(3, 3)",,Graduate,
SPED 76300,Internship 1: Rehabilitation Teaching for Individuals with Visual Impairments (KC),"(2, 2)",,Graduate,
SPED 76400,Internship 2: Rehabilitation Teaching for Individuals with Visual Impairments (KC),"(2, 2)",,Graduate,
COUNR 72500,Internship Counseling I (KC),"(4, 4)",,Graduate,
COUNR 72600,Internship in Counseling 2 (KC),"(4, 4)",,Graduate,
COUNS 72500,Internship in Counseling I (KC),"(4, 4)",,Graduate,
COUNS 72600,Internship in Counseling II (KC),"(4, 4)",,Graduate,
COUNM 72500,Internship in Mental Health Counseling 1 (KC),"(4, 4)",,Graduate,
COUNM 72600,Internship in Mental Health Counseling 2 (KC),"(4, 4)",,Graduate,
TRN 79900,Internship in Translation and Interpreting,"(3, 3)",,Graduate,
HIST 76553,Interp of Indust Rev,"(3, 3)",,Graduate,
GSR 76700,Interpersonal Process In Organizations,"(3, 3)",,Graduate,
ENGL 75157,Interrace Modernities,"(3, 3)",,Graduate,
NURS 60700,Interviewing and Communication Skills for Advanced Nursing Practice,"(3, 3)",,Graduate,
COUNS 72100,Intev. Children/Adolescence,"(3, 3)",,Graduate,
GSR 79001,Intl Migration,"(3, 3)",,Graduate,
BIOL 79054,Intr Bioinfo:Genomic,"(3, 3)",,Graduate,
MUS 79151,Intr Notation Softwr,"(1, 1)",,Graduate,
PT 64000,Intr to Func Tr & Pa,"(2, 2)",,Graduate,
NURS 69997,Intrdsp Diabetes Mgmt,"(3, 3)",,Graduate,
URBP 78772,Intro Geog Info Sys,"(3, 3)",,Graduate,
COMHE 76000,Intro Health Serv Management,"(3, 3)",,Graduate,
COMHE 77068,Intro Health Serv Mgt,"(3, 3)",,Graduate,
NUTR 73700,Intro Nutrition Res,"(3, 3)",,Graduate,
PH 77006,Intro Ph Economics,"(3, 3)",,Graduate,
URBP 78703,Intro Pres Plng,"(3, 3)",,Graduate,
PSYCH 62000,Intro Progm Eval,"(3, 3)",,Graduate,
COMSC 60500,Intro Spch Hear Sci,"(3, 3)",,Graduate,
SSW 79181,Intro SW-Hlth Care,"(2, 2)",,Graduate,
CSCI 79529,Intro to Computer Security,"(3, 3)",,Graduate,
SSW 79765,Intro to Global SW & Practice W/Immigrants & Refugees,"(3, 3)",,Graduate,
HIST 77419,Intro to Legal Hist,"(3, 3)",,Graduate,
LING 77900,Intro to Ling Res,"(3, 3)",,Graduate,
SPAN 70300,Intro to Methods Res,"(3, 3)",,Graduate,
PHYS 60100,Intro to Modern Phys,"(3, 3)",,Graduate,
CSCI 79526,Intro to Reactive Programming,"(3, 3)",,Graduate,
EDFDN 70100,Intro to Urban Educ,"(2, 2)",,Graduate,
URBP 78704,Intro Urban Planning,"(3, 3)",,Graduate,
BIOS 77002,Intro: Bayesian Statistics,"(3, 3)",,Graduate,
SSW 72000,Intro: Soc Casework,"(3, 3)",,Graduate,
COMSC 71000,"Intro:Psych,Phy Actc","(3, 3)",,Graduate,
MUS 74069,Introduction to Ableton Live,"(3, 3)",,Graduate,
MATH 62100,Introduction to Abstract Algebra,"(3, 3)",,Graduate,
COMSC 64000,Introduction to Audiology,"(3, 3)",,Graduate,
BIOL 79019,Introduction to Biomedical Genomics 1,"(3, 3)",,Graduate,
GTECH 72100,Introduction to Cartographic Design and Geovisualization,"(3, 3)",,Graduate,
PT 75500,Introduction to Clinical Education,"(1, 1)",,Doctoral,
MLS 63000,Introduction to Cytopathology,"(1, 1)",,Graduate,
MUS 71902,Introduction to Dalcroze,"(3, 3)",,Graduate,
STAT 72401,Introduction to Data Science & Machine Learning,"(3, 3)",,Graduate,
SPED 80000,Introduction to Doctoral Studies: Theory and Research in Curriculum and Teaching,"(3, 3)",,Doctoral,
GEOG 70528,Introduction to Environmental Ethics,"(3, 3)",,Graduate,
LING 70100,Introduction to General Linguistics,"(3, 3)",,Graduate,
URBP 7871L,Introduction to Geographic Information Systems,"(3, 3)",,Graduate,
GTECH 70900,Introduction to Geographic Information Systems,"(3, 3)",,Graduate,
URBP 7872C,Introduction to Geographic Information Systems (GIS),"(3, 3)",,Graduate,
COMHE 60100,Introduction to Gerontology,"(3, 3)",,Graduate,
COMHE 73000,Introduction to Gerontology,"(3, 3)",,Graduate,
URBP 70200,Introduction to GIS for Urban Policy and Planning,"(3, 3)",,Graduate,
EPI 70N01,Introduction to Health Care Data Analytics,"(2, 2)",,Graduate,
URBG 72700,Introduction to Housing,"(3, 3)",,Graduate,
PH 77089,Introduction to Information Graphics,"(3, 3)",,Graduate,
COMSC 60400,Introduction to Language Science,"(3, 3)",,Graduate,
ENGL 70100,Introduction to Literary Studies,"(3, 3)",,Graduate,
ENGL 78200,Introduction to Literary Studies,"(3, 3)",,Graduate,
ENGL 70200,Introduction to Literary Theory and Criticism,"(3, 3)",,Graduate,
ANTH 70249,Introduction to Museum Curation,"(3, 3)",,Graduate,
CHEM 67000,Introduction to Nanotechnology,"(3, 3)",,Graduate,
PHYS 73800,Introduction to Non-Equilibrium Statistical Mechanics,"(4, 4)",,Graduate,
URBG 70100,Introduction to Organization and Management for the Public and Non-Profit Sectors,"(3, 3)",,Graduate,
MUS 74008,Introduction to Persian Classical Music,"(3, 3)",,Graduate,
URBP 70000,Introduction to Planning,"(3, 3)",,Graduate,
URBG 70600,Introduction to Policy Analysis,"(3, 3)",,Graduate,
COMHE 77093,Introduction to Public Health,"(3, 3)",,Graduate,
URBG 71300,Introduction to Qualitative Research Methods,"(3, 3)",,Graduate,
PHYS 62500,Introduction to Quantum Mechanics,"(3, 3)",,Graduate,
CHEM 69200,Introduction to Radiochemistry,"(3, 3)",,Graduate,
COMSC 70000,Introduction to Research Methods,"(3, 3)",,Graduate,
RLNG 70200,Introduction to Romance Linguistics 2,"(3, 3)",,Graduate,
RLNG 70100,Introduction to Romance Linguistics I,"(3, 3)",,Graduate,
MUS 74100,Introduction to Songwriting,"(3, 3)",,Graduate,
COMSC 62000,Introduction to Speech- Language Pathology,"(3, 3)",,Graduate,
STAT 74100,Introduction to Statistical Data Science and Machine Learning,"(3, 3)",,Graduate,
PT 71000,Introduction to the Movement System,"(1, 1)",,Doctoral,
URBP 70500,Introduction to the Planning Process,"(3, 3)",,Graduate,
NURS 70150,Introduction to the Science and Technology of Nurse Anesthesia,"(3, 3)",,Doctoral,
MATH 64200,Introduction to Theory of Functions of a Complex Variable,"(3, 3)",,Graduate,
MATH 73400,Introduction to Topological Data Analysis,"(3, 3)",,Graduate,
URBP 73200,Introduction to Transportation Planning,"(3, 3)",,Graduate,
URBP 72300,Introduction to Urban Design,"(3, 3)",,Graduate,
URBG 70000,Introduction to Urban Policy Processes,"(3, 3)",,Graduate,
EPI 70N02,Introduction: Molecular and Genetic Epidemiology,"(2, 2)",,Graduate,
SPEDE 77600,Introductory Field Experience in Early Childhood Special Education (KC),"(2, 2)",,Graduate,
EPI 70N06,Introductory R,"(2, 2)",,Graduate,
EDF 79280,Intsem:Chldhdedrsrch,"(3, 3)",,Graduate,
MATH 69002,Investigate Common Core Standards in Discrete Math,"(3, 3)",,Graduate,
URBG 78750,Investigative Journalism on Public Housing,"(3, 3)",,Graduate,
IMA 78057,Investigative Journalism on Public Housing,"(3, 3)",,Graduate,
ARTH 7801N,Islam Artist Notebook,"(3, 3)",,Graduate,
ARTH 64100,Islamic Art,"(3, 3)",,Graduate,
ARTH 78063,Islamic Object,"(3, 3)",,Graduate,
THC 72594,Israeli and Palestinian Theatre Performance,"(3, 3)",,Graduate,
ARTH 78084,Iss:15 Cent Flrntn Ptg,"(3, 3)",,Graduate,
ARTH 76112,Issues & Challenges in/of/for Today's American Art Museum,"(3, 3)",,Graduate,
SPED 70000,Issues and Practices in Educating Students with Disabilities,"(3, 3)",,Graduate,
COMHE 73200,"Issues in Aging, Women and Ethnic Populations","(3, 3)",,Graduate,
SSW 70452,Issues in Soc Wlfare,"(2, 2)",,Graduate,
SPED 70400,Issues In Teaching English Second Language Learners With Special Education Needs,"(1, 1)",,Graduate,
URBG 78715,Issues in Urb Policy,"(3, 3)",,Graduate,
COMHE 77060,Issues Sexuality & Rep Women,"(3, 3)",,Graduate,
ARTH 7803Q,Istanbul,"(3, 3)",,Graduate,
ARTH 7804Q,Istanbul and Cairo: Understanding Ottoman Urbanism and Architecture,"(3, 3)",,Graduate,
ARTCR 7511J,It's Giving Performance,"(3, 3)",,Graduate,
ITAL 71100,Ital Lit:Orig-13 C,"(3, 3)",,Graduate,
ITAL 76200,Ital Nov & Th Since 1900,"(3, 3)",,Graduate,
MUS 74273,Ital Opera F Mon/Han,"(3, 3)",,Graduate,
ARTH 78065,Italian Lecture,"(3, 3)",,Graduate,
ITAL 76100,Italian Philosophy and Literature Cr 187,"(3, 3)",,Graduate,
ITAL 79360,Italian Renaissance Comedy,"(3, 3)",,Graduate,
ITAL 72600,Italian Theatre 1,"(3, 3)",,Graduate,
ITAL 72700,Italian Theatre II – From Manzoni to Contemporaries,"(3, 3)",,Graduate,
ITAL 70300,"Italian Translation: Translating Language, Translating Culture","(3, 3)",,Graduate,
HIST 72500,Italy - Risorgimento to Fascism,"(3, 3)",,Graduate,
ENGL 75460,James and Wharton,"(3, 3)",,Graduate,
ENGL 78458,James Baldwin: The Substance of the Things Hoped For,"(3, 3)",,Graduate,
ENGL 70282,James Joyce,"(3, 3)",,Graduate,
ENGL 78451,James Joyce,"(3, 3)",,Graduate,
MUS 72100,Jazz and Popular Music Combos,"(1, 1)",,Graduate,
MUS 71500,Jazz Ensemble,"(1, 1)",,Graduate,
MUS 73800,Jazz Harmony and Arranging,"(3, 3)",,Graduate,
MUS 73900,Jazz Improvisation,"(3, 3)",,Graduate,
MUS 74065,Jazz Improvisation,"(3, 3)",,Graduate,
MUS 74064,Jazz Theory,"(3, 3)",,Graduate,
MUS 71600,Jazz Vocal Workshop Ensemble,"(1, 1)",,Graduate,
HIST 76806,Jerusalem in the 20th Century,"(3, 3)",,Graduate,
HIST 7741F,Jerusalem in the 20th Century,"(3, 3)",,Graduate,
ANTH 70240,Jewish Diaspora Europe,"(3, 3)",,Graduate,
RAS 77981,Jewish Thm Pol Cul,"(3, 3)",,Graduate,
PT 62000,Joint Exam I,"(2, 2)",,Graduate,
URBG 78735,Journalism and Public Policy,"(3, 3)",,Graduate,
ENGL 77579,Joyce & Beckett,"(3, 3)",,Graduate,
CLASS 71500,Justice Equity Diversity & Inclusion Leadership 1: Individual Efficacy (KC),"(4, 4)",,Graduate,
CLASS 72500,Justice Equity Diversity & Inclusion Leadership 2: Collective Efficacy,"(4, 4)",,Graduate,
CLASS 73500,Justice Equity Diversity & Inclusion Leadership 3: Families & Communities,"(4, 4)",,Graduate,
CLASS 74500,Justice Equity Diversity & Inclusion Leadership 4: Coalitions for Change (KC),"(4, 4)",,Graduate,
EDESL 77100,K-12 Cur Mat Cont Ar,"(4, 4)",,Graduate,
EDESL 78700,K-12 ESL Curriculum and Materials across the Content Areas (KC),"(3, 3)",,Graduate,
EDESL 79700,K12 ESL thru Content,"(3, 3)",,Graduate,
ARTH 7803S,Kant's Critique of Judgment,"(3, 3)",,Graduate,
IMA 78038,Keeping Time,"(3, 3)",,Graduate,
HIST 77212,Key Turning Points in African American History,"(3, 3)",,Graduate,
MUSTH 69300,Keyboard Accompaniment,"(3, 3)",,Graduate,
PT 70600,Kinesiology,"(3, 3)",,Doctoral,
PT 60700,Kinesiology 1,"(2, 2)",,Graduate,
PT 66200,Kinesiology 2,"(3, 3)",,Graduate,
PHYS 74100,Kinetic Theory and Statistical Mechanics,"(4, 4)",,Graduate,
ENGL 70280,King Arthur & His Courage,"(3, 3)",,Graduate,
ENGL 70752,King Arthur and His Court,"(3, 3)",,Graduate,
ANTH 70700,Kinship and Social Structure,"(3, 3)",,Graduate,
URBP 7871H,L Train Workshop: Transportation and Economic Development,"(3, 3)",,Graduate,
EDESL 77200,"L1,L2 & Tech Literacy","(4, 4)",,Graduate,
ARTH 7805C,La Frontera: Visual Culture & the Mexico-US Borderlands,"(3, 3)",,Graduate,
SPAN 79657,La Iden Hisam Ensayo,"(3, 3)",,Graduate,
BIOL 77007,Lab: in Cell Ultrastructure,"(4, 4)",,Graduate,
ENGL 74051,Labor and Class,"(3, 3)",,Graduate,
HIST 77219,Labor and Migration U.S. History,"(3, 3)",,Graduate,
ECO 74500,Labor Economics,"(3, 3)",,Graduate,
BIOL 77008,Laboratory in Cell Structure-Biological Electron Microscopy,"(4, 4)",,Graduate,
BIOL 61055,Laboratory Workshop in Biology Education 4 Grad Course in Bio. or Perm. of Instructor,"(4, 4)",,Graduate,
URBP 72200,- Land use Planning Workshop,"(3, 3)",,Graduate,
URBG 78774,Land Use Policy and Regulation,"(3, 3)",,Graduate,
URBP 71900,"Land use, People and the Environment","(3, 3)",,Graduate,
ENGL 70286,Landscape & Nature,"(3, 3)",,Graduate,
ARTH 78066,Landscape Painting,"(3, 3)",,Graduate,
URBP 78745,Landscape Preservation Workshop,"(3, 3)",,Graduate,
GEOG 70513,Landscapes of The Other,"(3, 3)",,Graduate,
ENGL 74053,"Landscapes, Aesthetics and Romantic Writers","(3, 3)",,Graduate,
SPED 79251,Lang Dev/Alt Com:Sd,"(3, 3)",,Graduate,
EDUC 78500,Lang in Educ 1,"(3, 3)",,Graduate,
EDUC 78600,Lang in Educ 2,"(3, 3)",,Graduate,
COMSC 77108,Lang Inter&The Curr,"(3, 3)",,Graduate,
ADSUP 72859,Lang Use/Biled Admin,"(3, 3)",,Graduate,
ANTH 77700,Language & Culture 3,"(3, 3)",,Graduate,
ANTH 77160,Language & Nationalism,"(3, 3)",,Graduate,
ANTH 77153,Language & Power,"(3, 3)",,Graduate,
EDESL 77600,Language Aasessment Adult ESL,"(4, 4)",,Graduate,
PSYCH 68050,Language Acquisition,"(3, 3)",,Graduate,
ANTH 77161,Language and Body,"(3, 3)",,Graduate,
COMSC 71800,Language and Literacy Disorders in School-Age Children,"(3, 3)",,Graduate,
ECC 704FW,Language and Literacy: Birth through Grade 2,"(3, 3)",,Graduate,
ECC 70500,Language and Literacy: Birth through Kindergarten,"(3, 3)",,Graduate,
ECC 70700,Language and Literacy: English Language Learners,"(1, 1)",,Graduate,
ECC 70600,Language and Literacy: K through Grade 2,"(3, 3)",,Graduate,
ECC 70400,Language and Literacy:Birth through Grade 2,"(3, 3)",,Graduate,
ENGL 78551,Language and Post Coloniality,"(3, 3)",,Graduate,
PSYCH 752U0,Language and Thought,"(3, 3)",,Graduate,
PSYCH 75200,Language and Thought,"(3, 3)",,Graduate,
EDESL 76100,Language Assessment and Diagnosis of Special Needs in TESOL,"(4, 4)",,Graduate,
EDESL 74300,Language Assessment for Adult ESL Classrooms,"(3, 3)",,Graduate,
BILED 71700,Language Assessment for English Language Learners,"(3, 3)",,Graduate,
EDESL 79100,Language Assessment in TESOL,"(3, 3)",,Graduate,
SPED 79200,Language Development and Alternative Communication Systems for Learners With Low Incidence Disabilit,"(3, 3)",,Graduate,
COMSC 71300,Language Development-Preschool Years,"(3, 3)",,Graduate,
COMSC 71700,Language Disorders in Children,"(3, 3)",,Graduate,
SPEDE 76553,Language Teaching Approaches,"(1, 1)",,Graduate,
SPEDE 78000,Language Teaching Approaches and Strategies for Young Children With Autism Spectrum Disorders,"(1, 1)",,Graduate,
IMA 78065,Language to be Looked At,"(3, 3)",,Graduate,
ANTH 77163,"Language, Health & Medicine","(3, 3)",,Graduate,
ENGL 78553,"Language, Identity and Education","(3, 3)",,Graduate,
EDLIT 73000,"Languages, Literacies, and Cultures","(3, 3)",,Graduate,
PHYS 852U3,Laser Theory,"(4, 4)",,Graduate,
HIST 77403,Lat Am-Precolum/Coln,"(3, 3)",,Graduate,
HIST 77405,Lat Am: 19 & 20 C.,"(3, 3)",,Graduate,
HIST 77484,Lat Amer in 20 Cent,"(3, 3)",,Graduate,
SPAN 79660,Lat Amr Wmn Auth-Fic,"(3, 3)",,Graduate,
HIST 77438,Late Imperial China,"(3, 3)",,Graduate,
ENGL 72553,Later 17th-Century Literature,"(3, 3)",,Graduate,
HIST 70700,Later Middle Ages,"(3, 3)",,Graduate,
HIST 77480,Latin Amer in 19th C,"(3, 3)",,Graduate,
ARTH 78073,Latin American Art,"(3, 3)",,Graduate,
SPAN 79664,Latin American Essay,"(3, 3)",,Graduate,
MUS 71909,Latin American Music: Performance and Repertoire,"(1, 1)",,Graduate,
ARTH 7802E,Latin American Photography,"(3, 3)",,Graduate,
THC 76076,Latin American Thea,"(3, 3)",,Graduate,
LAT 70900,Latin Composition,"(3, 3)",,Graduate,
THC 72590,Law & American Drama,"(3, 3)",,Graduate,
THC 72586,Law & American Drama,"(3, 3)",,Graduate,
ECO 79580,Law & Economics,"(3, 3)",,Graduate,
ANTH 70230,Law and Anthropology,"(3, 3)",,Graduate,
ECO 75600,Law and Economics,"(3, 3)",,Graduate,
URBP 78736,Law and Education,"(3, 3)",,Graduate,
URBP 73500,Law of Environmental Planning,"(3, 3)",,Graduate,
URBG 73000,Law of Housing and Urban Development,"(3, 3)",,Graduate,
URBP 78724,Law of Land use Reg2,"(3, 3)",,Graduate,
URBP 72100,Law of Land use Regulation 2,"(3, 3)",,Graduate,
URBP 72000,Law of Land use Regulation I,"(3, 3)",,Graduate,
URBP 78714,Law&Plan in Dev Proc,"(3, 3)",,Graduate,
ENGL 75850,Lawrence & Woolf,"(3, 3)",,Graduate,
ENGL 70259,Lawrence & Woolf,"(3, 3)",,Graduate,
ENGL 75951,Lawrence and Woolf,"(3, 3)",,Graduate,
ADSUP 70400,Lead/Human Resources,"(4, 4)",,Graduate,
EDDIL 81000,Leader Scholar Community Research Seminar,"(1, 1)",,Doctoral,
ADSUP 71600,Leadership & Reform,"(4, 4)",,Graduate,
NURS 74000,Leadership and Management in Health Care 2,"(5, 5)",,Graduate,
NURS 73500,Leadership and Management in Health Care I,"(5, 5)",,Graduate,
NURS 74500,Leadership and Management in Health Care III,"(5, 5)",,Graduate,
EDDIL 80100,Leadership for Change,"(3, 3)",,Doctoral,
NURS 80100,Leadership for Quality Improvement,"(3, 3)",,Doctoral,
NURS 79400,Leadership for Quality Improvement,"(3, 3)",,Graduate,
CEDC 74900,Leadership in Elementary School Mathematics,"(3, 3)",,Graduate,
ADSUP 71400,"Leadership, Changen and School Reform","(3, 3)",,Graduate,
EDDIL 80200,"Leading for Justice, Equity, Diversity, and Inclusion","(3, 3)",,Doctoral,
NURS 80000,Leading Systems and Organizations,"(3, 3)",,Doctoral,
PSYCH 75030,Learning & Memory,"(3, 3)",,Graduate,
EDPS 70300,Learning and Behavior Theories,"(4, 4)",,Graduate,
TRN 75600,Legal and Business Translation,"(3, 3)",,Graduate,
NURS 60N03,Legal and Ethical Aspects of Nursing Standards and Practice,"(1, 1)",,Graduate,
NURS 69964,Legal Asp Nsg Mgmt,"(3, 3)",,Graduate,
URBG 78791,Legal Frmwrk:Urb Dsg,"(3, 3)",,Graduate,
SSW 70600,Legal Iss Fld Aging,"(2, 2)",,Graduate,
SSW 79713,Legal Issues for Managers,"(3, 3)",,Graduate,
ADSUP 70900,Legal Issues in Education,"(3, 3)",,Graduate,
NURS 69977,Legal Issues in Nurs,"(3, 3)",,Graduate,
NURS 66400,Legal Issues in Nursing,"(3, 3)",,Graduate,
NURS 69958,Legislat Issue Aging,"(3, 3)",,Graduate,
NURS 69959,Legislat Issue Aging,"(1, 1)",,Graduate,
ARTH 7805R,Leonardo da Venci,"(3, 3)",,Graduate,
ITAL 75500,Leopardi,"(3, 3)",,Graduate,
PSYCH 75066,Lexical Development,"(3, 3)",,Graduate,
PH 77035,Lg&Lgl Aspt Food Pol,"(3, 3)",,Graduate,
PSYCH 68063,Lgbt Soc Sci Policy,"(3, 3)",,Graduate,
GSR 79065,LGBT Social Movements Project,"(3, 3)",,Graduate,
EDPS 77101,Library Based Research And Writing In Educational Psychology,"(1, 1)",,Graduate,
EPI 76200,Life Course Epidemiology,"(3, 3)",,Graduate,
CEDC 77800,Life Sciences,"(3, 3)",,Graduate,
ARTCR 75166,Life Size Drawing,"(3, 3)",,Graduate,
COCO 70000,Life Stage Development,"(3, 3)",,Graduate,
MATH 72500,Linear Algebra,"(3, 3)",,Graduate,
ECO 72100,Linear Econometric Analysis,"(3, 3)",,Graduate,
ANTH 77500,Linguistic Field Techniques and Methods,"(3, 3)",,Graduate,
SPAN 79155,Linguistic Minoritie,"(3, 3)",,Graduate,
ANTH 77000,Linguistics (Core Course),"(3, 3)",,Graduate,
RAS 77957,Lit & Revolution,"(3, 3)",,Graduate,
HIST 77206,Lit Am His:Explr Div,"(3, 3)",,Graduate,
EDUC 73700,Lit In Elem School,"(3, 3)",,Graduate,
LAT 71200,Lit: Augustan Age,"(3, 3)",,Graduate,
ENGL 70251,Lit: Great War Gd&Sx,"(3, 3)",,Graduate,
EDLIT 73450,Literacies within the Disciplines,"(3, 3)",,Graduate,
EDLIT 75400,Literacies within the Disciplines,"(3, 3)",,Graduate,
EDLIT 73400,Literacies within the Disciplines: K-Grade 6,"(3, 3)",,Graduate,
SPED 74500,Literacy and Nemeth Code for Learners with Visual Impairments,"(1, 1)",,Graduate,
EDLIT 73100,Literacy Assessment: Birth-Grade (KC),"(3, 3)",,Graduate,
EDLIT 75600,Literacy Assessment:Grades 5-12 (KC),"(3, 3)",,Graduate,
EDLIT 74150,Literacy Assessments (KC),"(3, 3)",,Graduate,
EDLIT 73800,Literacy Programs: Organization and Resources,"(3, 3)",,Graduate,
EDLIT 74500,Literacy Research for Change,"(3, 3)",,Graduate,
ENGL 79300,Literary Criticism,"(3, 3)",,Graduate,
IMA 72200,Literary Journalism,"(3, 3)",,Graduate,
ENGL 75956,Literary Traditions,"(3, 3)",,Graduate,
ENGL 76550,Literature & Decolonization,"(3, 3)",,Graduate,
ENGL 70252,Literature & Globalization,"(3, 3)",,Graduate,
ENGL 70297,Literature and Art:18th Century,"(3, 3)",,Graduate,
SPAN 79177,Literature and Film of the Spanish Civil War,"(3, 3)",,Graduate,
ENGL 73350,Literature and Rights in the 18th Century,"(3, 3)",,Graduate,
ENGL 72552,Literature and Rights in the 18th Century,"(3, 3)",,Graduate,
LAT 70300,Literature of the Early Empire,"(3, 3)",,Graduate,
LAT 70200,Literature of the Early Republic,"(3, 3)",,Graduate,
LAT 70100,Literature of the Early Republic,"(3, 3)",,Graduate,
LAT 71300,Literature of the Empire,"(3, 3)",,Graduate,
ENGL 76553,"Literature of the Great War: Modernism, Memory, Poetics of History","(3, 3)",,Graduate,
LAT 70400,Literature of the Late Empire,"(3, 3)",,Graduate,
LAT 71100,Literature:Republic,"(3, 3)",,Graduate,
MUS 76056,Liturgical Drama,"(3, 3)",,Graduate,
ARTCR 75172,Live Art in Visual Environment,"(3, 3)",,Graduate,
IMA 78071,Live Art in Visual Environment,"(3, 3)",,Graduate,
IMA 78373,Live Coding,"(1, 1)",,Graduate,
TRN 76600,Localization and Terminology Management,"(3, 3)",,Graduate,
GTECH 73500,Location Based Services,"(3, 3)",,Graduate,
HIST 77301,Long 19C-Compar Hist,"(3, 3)",,Graduate,
SPAN 79158,Lope De Veg Contexto,"(3, 3)",,Graduate,
ITAL 72400,Lorenzo De Medici,"(3, 3)",,Graduate,
ENGL 78450,Louise Erdrich,"(3, 3)",,Graduate,
ENGL 70262,Louise Erdrich,"(3, 3)",,Graduate,
ARTH 7802W,Love & Death in Italian Art,"(3, 3)",,Graduate,
ITAL 79322,Love and Sex in the Baroque,"(3, 3)",,Graduate,
IMA 78380,"Love, Crush, Anger, Institution: In/Direct Address and Affect","(1, 1)",,Graduate,
ARTH 7805P,"Love, Joy, Devotion: Towards an Affirmative Art History","(3, 3)",,Graduate,
MUS 76050,Lrge Inst Works Bach,"(3, 3)",,Graduate,
EDUC 72300,Lrng of Values in Sc,"(3, 3)",,Graduate,
FREN 74000,Lumieres Et Progres,"(3, 3)",,Graduate,
SPAN 70500,Lyric Poetry from Garcilaso to Gongora,"(3, 3)",,Graduate,
EDUC 74400,M-Comp:Math Ed(K-Vi),"(3, 3)",,Graduate,
ARTH 7801Y,Ma Curatorial Practicum,"(3, 3)",,Graduate,
EDESL 76000,"Ma Essay Research Sem,YL","(2, 2)",,Graduate,
ARTH 7804D,MA Project,"(3, 3)",,Graduate,
ARTH 7803R,MA Seminar,"(3, 3)",,Graduate,
ARTCR 79000,Ma Thesis Project,"(3, 3)",,Graduate,
ITAL 72200,Machiavelli,"(3, 3)",,Graduate,
CSCI 79511,Machine Language:Induction,"(3, 3)",,Graduate,
BIOL 79006,Machine Learning Bioinformatic,"(3, 3)",,Graduate,
PGEOG 70508,Macro-Hydrology,"(3, 3)",,Graduate,
ECO 70300,Macroeconomic Theory,"(3, 3)",,Graduate,
ANTH 79167,"Madagascar Biodiversity, Culture, and Conservation","(3, 3)",,Graduate,
ARTH 78037,Mag Photo 1950's,"(3, 3)",,Graduate,
FREN 72500,Main Currents of French Renaissance,"(3, 3)",,Graduate,
DAN 70500,Main:Dancers Instrument,"(3, 3)",,Graduate,
MAM 20000,Maintenance Of Matriculation For Doctoral Students,"(None, None)",,Doctoral,
HIST 77430,Maj Iss 20-21C Afric,"(3, 3)",,Graduate,
HIST 77498,Maj Wrk&Thms-Eur His,"(3, 3)",,Graduate,
SPAN 61200,Major Authors of Spanish Baroque,"(3, 3)",,Graduate,
FREN 76300,Major Currents of Modern French Poetry,"(3, 3)",,Graduate,
HIST 7741Q,Major Works and Themes in the US History Since 1865,"(3, 3)",,Graduate,
HIST 77497,Major Works and Themes in US History,"(3, 3)",,Graduate,
HIST 7741R,Major Works and Themes in US History to 1865,"(3, 3)",,Graduate,
URBG 78773,"Making a Difference: Understanding Culture, Identities & Social Change","(3, 3)",,Graduate,
IMA 78006,Making Generative Media,"(3, 3)",,Graduate,
MUS 74066,Making Opera an Interdisciplinary Project,"(3, 3)",,Graduate,
ARTH 7803P,Making Space,"(3, 3)",,Graduate,
HIST 77302,Making the Nation in 19th Century Europe,"(3, 3)",,Graduate,
URBG 74800,Management Control of Nonprofit Organizations,"(3, 3)",,Graduate,
ECO 79557,Management Financial Instruction,"(3, 3)",,Graduate,
MLS 71000,Management Practicum,"(3, 3)",,Graduate,
ECO 66000,Managerial Economics for Accountants,"(3, 3)",,Graduate,
ACC 66000,Managerial Economics for Accountants,"(3, 3)",,Graduate,
EDABA 72000,Managing Behavior Analytic Records,"(2, 2)",,Graduate,
ARTH 7804P,Manet's Testament,"(3, 3)",,Graduate,
HED 72000,Mang Sch Hlth Prgrms,"(3, 3)",,Graduate,
ENGL 78751,Manifesto to Critique: Marx & Cultural Studies,"(3, 3)",,Graduate,
GSR 79088,Mapping Social Science Data,"(3, 3)",,Graduate,
TRNC 75100,Market Strategies & Critical Perspectives for Chinese-English Translators,"(3, 3)",,Graduate,
ECO 79578,"Market,Laws & Global Growth","(3, 3)",,Graduate,
LAT 71008,Martial,"(3, 3)",,Graduate,
ENGL 70250,Marxist Literature Theory,"(3, 3)",,Graduate,
ENGL 76753,"Masculinity, Cultural Encounter, & Transnationalism","(3, 3)",,Graduate,
EDUC 79000,Mass Media in Educ,"(3, 3)",,Graduate,
IMA 78800,Master of Fine Arts Thesis Project,"(3, 3)",,Graduate,
THC 79900,Master's Essay,"(3, 3)",,Graduate,
ENGL 78900,Master's Thesis,"(3, 3)",,Graduate,
ANTH 70600,Master's Thesis Seminar,"(3, 3)",,Graduate,
ENGL 70000,Master'sEssay,"(3, 3)",,Graduate,
RAS 77965,Masterpiece Polish Literature,"(3, 3)",,Graduate,
EDUC 70700,"Mat&Mthd:La,Ss& Arts","(10, 10)",,Graduate,
EDUC 77900,Mat&Res Elem Sci Pgm,"(3, 3)",,Graduate,
NURS 64100,Mat-Child Hlth Nrsg,"(3, 3)",,Graduate,
FREN 79703,Materialism: 18th Century,"(3, 3)",,Graduate,
COMHE 77025,Maternal & Children Health,"(3, 3)",,Graduate,
PH 72600,"Maternal, Child, Sexual and Reproductive Health: A Life Course Perspective","(3, 3)",,Graduate,
PH 72500,"Maternal, Reproductive, and Child Health: Socio-Historical Contexts","(3, 3)",,Graduate,
STAT 63852,Math Ed Nys Rgnt Cur,"(2, 2)",,Graduate,
EDUC 74000,Math for Children,"(3, 3)",,Graduate,
SPED 72350,Math for Students with Disabilities (Non-LD Specialization),"(2, 2)",,Graduate,
SPED 72300,Math for Students with Learning Disabilities (KC),"(2, 2)",,Graduate,
SPED 74550,Math Literacy and Nemeth Code for Teachers of Learners with Visual Impairments,"(3, 3)",,Graduate,
SPED 77300,Math Methods and Assessment for Adolescents with Disabilities (KC),"(3, 3)",,Graduate,
EDUC 72051,Math Rem Tech Sec Sc,"(3, 3)",,Graduate,
SPED 78300,"Math, Organizational and Social Strategies for Students with Learning Disabilities: Methods 2","(3, 3)",,Graduate,
SPED 78350,"Math, Organizatnl & Social Strategies for Stds w/Learning Disab (For those not in LD specialzn) (KC)","(3, 3)",,Graduate,
SEDC 71600,Math:Curriculum & Methods - Grades 7-12,"(3, 3)",,Graduate,
MATH 64500,Mathematical Analysis 2,"(3, 3)",,Graduate,
MATH 64100,Mathematical Analysis I,"(3, 3)",,Graduate,
ECC 70900,Mathematical and Scientific Thinking in Early Childhood,"(3, 3)",,Graduate,
MATH 67200,Mathematical Logic,"(3, 3)",,Graduate,
MATH 60100,Mathematical Methods for the Physical Sciences,"(3, 3)",,Graduate,
PSYCH 78300,Mathematical Models in Psychology,"(3, 3)",,Graduate,
PHYS 70200,Mathematical Physics,"(4, 4)",,Graduate,
PHYS 70100,Mathematical Physics,"(4, 4)",,Graduate,
PHYS 60500,Mathematical Physics,"(3, 3)",,Graduate,
STAT 70300,Mathematical Statistics,"(3, 3)",,Graduate,
CEDC 77150,Mathematics Curriculum & Methods (Teacher U) Part 1,"(2, 2)",,Graduate,
CEDC 77151,Mathematics Curriculum & Methods (Teacher U) Part 2,"(2, 2)",,Graduate,
CEDC 70500,Mathematics Curriculum and Methods,"(3, 3)",,Graduate,
CEDC 70550,Mathematics Curriculum and Methods,"(3, 3)",,Graduate,
SPEDE 77500,"Mathematics for Students with Special Education Needs, Grades K-2","(1, 1)",,Graduate,
MATH 61000,Mathematics for the Elementary School from An Advanced Standpoint,"(3, 3)",,Graduate,
ARTH 7805J,Matisse/Picasso/Picabia: A Reconfiguration,"(3, 3)",,Graduate,
RAS 77951,Maxim Gorky,"(3, 3)",,Graduate,
MATH 79561,"May Cover Hyperbolic Geometry,Dynamical Systems,Theory Of Riemann Surfaces&Complex Function Theory","(3, 3)",,Graduate,
HIST 77440,Md Eu His-Fact/Fict,"(3, 3)",,Graduate,
ARTH 78004,Mds:Aesthits & Soc Con,"(3, 3)",,Graduate,
PSYCH 61000,Meas of Intelligence,"(3, 3)",,Graduate,
EPI 77108,Measurement,"(2, 2)",,Graduate,
COCO 70800,Measurement and Appraisal,"(3, 3)",,Graduate,
PSYCH 76100,Measurement of Abilities,"(3, 3)",,Graduate,
NURS 69904,Measuring and Managing Nurse Sensitive Outcomes,"(3, 3)",,Graduate,
BIOL 79059,Mechs Immun Disorder,"(3, 3)",,Graduate,
HIST 77446,Med & Disease in US,"(3, 3)",,Graduate,
IMA 78001,Media Activism,"(3, 3)",,Graduate,
IMA 78030,Media and Law,"(3, 3)",,Graduate,
IMA 78026,Media and Policy in the Digital Age,"(3, 3)",,Graduate,
IMA 70300,Media and the Public Sphere,"(3, 3)",,Graduate,
IMA 78025,Media&Public Sphere,"(3, 3)",,Graduate,
IMA 77100,"Media, Community Advocacy & The Urban Environment","(3, 3)",,Graduate,
URBG 78770,"Media,Community Adv.","(3, 3)",,Graduate,
PH 77088,Media: Impact and Advocacy for Public Health,"(3, 3)",,Graduate,
DAN 74653,Mediated Practice in the Global Landscape,"(3, 3)",,Graduate,
ANTH 71600,Medical Anthropology,"(3, 3)",,Graduate,
ANTH 71900,Medical Anthropology: Politics of Humanitarian Aid,"(3, 3)",,Graduate,
SPED 74000,Medical Aspects and Educational Implications of Visual Impairments (KC),"(3, 3)",,Graduate,
COUNR 72000,Medical Aspects of Disability,"(3, 3)",,Graduate,
MUS 77805,Medical Ethnomusicology,"(3, 3)",,Graduate,
ANTH 70205,Medical Ethnomusicology,"(3, 3)",,Graduate,
PT 70200,Medical Terminology,"(1, 1)",,Doctoral,
TRN 75500,Medical Translation,"(3, 3)",,Graduate,
ARTH 7801V,Medici,"(3, 3)",,Graduate,
HIST 75300,"Medicine, Science and Society: Greek Antiquity to 17th Century","(3, 3)",,Graduate,
ARTH 78009,Medieval and Modernism,"(3, 3)",,Graduate,
ARTH 63700,Medieval Art 1,"(3, 3)",,Graduate,
ARTH 63800,Medieval Art 2,"(3, 3)",,Graduate,
ARTH 7802U,Medieval Art and Thing Theory,"(3, 3)",,Graduate,
ENGL 70753,Medieval Death,"(3, 3)",,Graduate,
ENGL 70267,Medieval Drama,"(3, 3)",,Graduate,
FREN 71100,Medieval French Literature,"(3, 3)",,Graduate,
FREN 71200,Medieval French Literature 2,"(3, 3)",,Graduate,
ENGL 70291,Medieval Literature and Law,"(3, 3)",,Graduate,
ENGL 70800,Medieval Literature in England from 13th to 15th Century,"(3, 3)",,Graduate,
ENGL 70750,Medieval Women,"(3, 3)",,Graduate,
CLA 70651,Mediterranean in Bronze Age,"(3, 3)",,Graduate,
URBP 7872S,Mega Projects,"(3, 3)",,Graduate,
ENGL 75459,Melville,"(3, 3)",,Graduate,
EPI 77105,Mendelian Randomization & Instrumental Variables,"(2, 2)",,Graduate,
COUNS 70100,Mental Health,"(3, 3)",,Graduate,
SSW 70225,Mental Health and Social Welfare Policy,"(3, 3)",,Graduate,
NURS 73700,Mental Health Policy and Advocacy: The Role of the Psychiatric Mental Health Nurse Practitioner,"(1, 1)",,Graduate,
CEDC 75000,Mentoring Internship 1,"(3, 3)",,Graduate,
CEDC 75100,Mentoring Internship II,"(3, 3)",,Graduate,
EDPS 71100,Metacognitive and Cognitive Processes in Education,"(4, 4)",,Graduate,
URBP 78720,Meth Demog Analysis,"(3, 3)",,Graduate,
EDUC 77800,Meth Tch Env Sci Elm,"(3, 3)",,Graduate,
SPED 75151,Meth/Mat:Behav Dis,"(3, 3)",,Graduate,
EDLIT 75300,Method Teaching Writing:5-12,"(3, 3)",,Graduate,
EDESL 78310,Methodology of Teaching English to Speakers of other 3 50 Hours Languages,"(3, 3)",,Graduate,
EDESL 79610,Methodology of Teaching English to Speakers of Other Languages - Prog 1,"(4, 4)",,Graduate,
EDESL 79630,"Methodology of Teaching English to Speakers of other Languages, Adult Program 3","(4, 4)",,Graduate,
EDESL 79620,"Methodology of Teaching English to Speakers of other Languages, K-12 for Program 2","(4, 4)",,Graduate,
CHND 71200,Methods 1 Chinese,"(3, 3)",,Graduate,
SEDC 71300,Methods 1: Advanced Study of Secondary Learning Environments for Teaching Mathematics and Science,"(3, 3)",,Graduate,
LATED 71200,"Methods 1: Classroom Organization, Management, and Assessment of Instruction in Latin, Grades 7-12","(3, 3)",,Graduate,
SEDC 71200,"Methods 1: Intensive Study of Classroom Organization, Management, and Assessment of Instruction in L","(3, 3)",,Graduate,
SEDC 72200,"Methods 2: Intensive Study of Teaching Diverse Learners in Languages othr than English, Gr 7-12 (KC)","(3, 3)",,Graduate,
SEDC 724FW,"Methods 2: Intensive Study of Teaching Diverse Learners in Science, Grades 7-12","(3, 3)",,Graduate,
SEDC 72400,"Methods 2: Intensive Study of Teaching Diverse Learners in Science, Grades 7-12 (KC)","(3, 3)",,Graduate,
SEDC 725FW,"Methods 2: Intensive Study of Teaching Diverse Learners in Social Studies, Grades 7-12","(3, 3)",,Graduate,
LATED 71300,Methods 2: Teaching for Diverse Learners in Latin,"(3, 3)",,Graduate,
SEDC 723FW,"Methods 2:Intensive Study of Teaching Diverse Learners in Mathematics, Grades 7-12","(3, 3)",,Graduate,
CHND 71300,Methods 2:Intensv St,"(2, 2)",,Graduate,
SPED 75100,Methods and Materials for Teaching Students with Behavior Disorders (KC),"(3, 3)",,Graduate,
ARTED 71000,Methods for Childhood Art Education - Grades PreK-6 (KC),"(3, 3)",,Graduate,
SEDC 71900,Methods for Teaching Computer Science 1 (KC),"(3, 3)",,Graduate,
SEDC 72900,Methods for Teaching Computer Science 2,"(3, 3)",,Graduate,
SPED 75800,Methods for Teaching Math and Executive Functioning in Students with Disabilities Grades P-12 (KC),"(3, 3)",,Graduate,
SPED 75700,Methods for Teaching Reading to Students with Disabilities in Grades P-12 (KC),"(3, 3)",,Graduate,
EDLIT 73350,Methods for Teaching Writing,"(3, 3)",,Graduate,
SEDC 72300,Methods II: Intensive Study of Teaching Diverse Learners in Mathematics (KC),"(3, 3)",,Graduate,
PSYCH 75068,Methods in Comparative Psychology,"(3, 3)",,Graduate,
COMSC 73500,Methods in Speech-Language Pathology: Reading and Dyslexia,"(3, 3)",,Graduate,
EDESL 78300,Methods in Teaching English as Second Language- PreK-12 (KC),"(3, 3)",,Graduate,
SEDC 70700,Methods in Teaching Writing and Digital Literacies to Adolescent Learners,"(3, 3)",,Graduate,
URBP 71200,Methods of Planning Analysis,"(3, 3)",,Graduate,
FREN 70000,Methods of Research,"(3, 3)",,Graduate,
FREN 70800,Methods of Research,"(3, 3)",,Graduate,
MUSED 67700,Methods of Teaching Instrumental Music in Grades Pre-K-12,"(3, 3)",,Graduate,
SPED 77100,Methods of Teaching Reading for Adolescents with Learning Disabilities Methods 1 (KC),"(3, 3)",,Graduate,
ARTED 71100,Methods of Teaching the Visual Arts Grades 7-12 (KC),"(3, 3)",,Graduate,
MUSED 67800,Methods of Teaching Vocal and General Music in Grades Pre-K-12,"(3, 3)",,Graduate,
EDESL 783FW,Methods of TESOL,"(3, 3)",,Graduate,
EDESL 77400,Methods of TESOL in Academic Contexts,"(3, 3)",,Graduate,
URBG 78731,Metro at Millennium,"(3, 3)",,Graduate,
ARTH 78038,Metro Museum of Art,"(3, 3)",,Graduate,
HIST 73000,Mexico Since Indepnd,"(3, 3)",,Graduate,
THC 73200,MFA Playwriting 2: The Full-Length Play,"(3, 3)",,Graduate,
THC 73300,MFA Playwriting 3: Adaptation,"(3, 3)",,Graduate,
THC 73400,MFA Playwriting 4: Final Script for Production,"(3, 3)",,Graduate,
THC 73600,MFA Production Workshop 2,"(3, 3)",,Graduate,
THC 73500,MFA Production Workshop I,"(3, 3)",,Graduate,
ENGL 79900,MFA Thesis,"(3, 3)",,Graduate,
ARTCR 79100,MFA Thesis Exhibition,"(3, 3)",,Graduate,
DAN 73700,MFA Thesis Project,"(4, 4)",,Graduate,
THC 73100,MFA-Playwriting I: The One-Act Play,"(3, 3)",,Graduate,
ARTH 78020,Michael Jackson,"(3, 3)",,Graduate,
ARTH 7801F,Michalangelo to De Kooning,"(3, 3)",,Graduate,
PSYCH 80153,Micro Comp Psych Res,"(3, 3)",,Graduate,
BIOL 79072,Micro-RNA & Development,"(3, 3)",,Graduate,
BIOL 79048,Microbial Pathogenesis,"(3, 3)",,Graduate,
BIOL 79018,Microbiome Bioinformatics,"(3, 3)",,Graduate,
BIOL 79042,Microbiomes,"(3, 3)",,Graduate,
BIOL 79043,Microbiomes & Human Pathologies,"(3, 3)",,Graduate,
EDUC 77100,Microcmp:Elem Ed K-6,"(3, 3)",,Graduate,
EDUC 72066,Microcomp in Math Ed,"(3, 3)",,Graduate,
PSYCH 75058,Microcomp Practicum,"(3, 3)",,Graduate,
IMA 74400,Microcultural Incidents: The Ethnographic Impulse in Experimental Media,"(3, 3)",,Graduate,
ECO 72400,Microeconometrics,"(3, 3)",,Graduate,
ECO 70100,Microeconomic Theory,"(3, 3)",,Graduate,
CSCI 79527,Microprocessing & Embedded Sys,"(3, 3)",,Graduate,
PSYCH 8019U,Micros in Psych Res,"(3, 3)",,Graduate,
PSYCH 80190,Micros in Psych Res,"(3, 3)",,Graduate,
PSYCH 190G,Micros in Psych Research,"(3, 3)",,Graduate,
MLS 63500,Microscopic Evaluation 1,"(2, 2)",,Graduate,
MLS 63600,Microscopic Evaluation II,"(2, 2)",,Graduate,
MLS 63700,Microscopic Evaluation III,"(2, 2)",,Graduate,
EDF 71100,Mid Childhood Growth & Develop,"(1, 1)",,Graduate,
HIST 77490,Mid East in 19th Cen,"(3, 3)",,Graduate,
HIST 76804,Middle Eastern History from the Beginning of Islam to 1800,"(3, 3)",,Graduate,
MATH 61500,Middle School Mathematics from an Advanced Perspective,"(3, 3)",,Graduate,
EDFDN 70051,Migra Grps-Met Areas,"(3, 3)",,Graduate,
ENGL 77559,Millennium Poets,"(3, 3)",,Graduate,
ENGL 71751,Milton & His Influence,"(3, 3)",,Graduate,
ENGL 72201,Milton's Early Work & Paradise Lost,"(3, 3)",,Graduate,
ENGL 72200,"Milton: Lyric and Dramatic Poems, Selected Prose","(3, 3)",,Graduate,
ENGL 72300,Milton: Paradise Lost and Paradise Regained,"(3, 3)",,Graduate,
EDF 81000,"Mind, Brain, and Education","(3, 3)",,Doctoral,
SSW 79718,Mindfulness and Mental Health,"(3, 3)",,Graduate,
RAS 78964,Minorities in Eastern Europe,"(3, 3)",,Graduate,
GSR 79028,Misogynoir in Digital Spaces,"(3, 3)",,Graduate,
BIOL 79028,Mitochondrial Role in Stem Cells,"(3, 3)",,Graduate,
NURS 69973,Mngng Organiza Behvr,"(3, 3)",,Graduate,
ENGL 76000,Mod Comp Lit Drama,"(3, 3)",,Graduate,
HIST 77435,Mod La Am Pol & Soc Hi,"(3, 3)",,Graduate,
RAS 77983,Mod Russ Poetry:Russ,"(3, 3)",,Graduate,
EPI 76000,Modeling and Making the Most of your Data in R,"(3, 3)",,Graduate,
COMSC 71100,Models of Language,"(3, 3)",,Graduate,
ENGL 76052,Modern & Contemporary Fiction,"(3, 3)",,Graduate,
MATH 72200,Modern Algebra 2,"(3, 3)",,Graduate,
MATH 72100,Modern Algebra I,"(3, 3)",,Graduate,
ARTH 62200,Modern Art 2,"(3, 3)",,Graduate,
ARTH 62600,Modern Art 3,"(3, 3)",,Graduate,
ARTH 78007,Modern Art 3,"(3, 3)",,Graduate,
ARTH 62900,Modern Art 4,"(3, 3)",,Graduate,
ARTH 62100,Modern Art I,"(3, 3)",,Graduate,
ARTH 62700,Modern Art Latin America,"(3, 3)",,Graduate,
ENGL 77593,Modern British Drama,"(3, 3)",,Graduate,
ENGL 78050,Modern British Drama: The Art Of Provocation,"(3, 3)",,Graduate,
ENGL 75500,Modern British Literature from 1890-1914,"(3, 3)",,Graduate,
HIST 76809,Modern China & the World: History of Chinese International Relations,"(3, 3)",,Graduate,
CHIN 70200,Modern Chinese Pedagogy Gr,"(3, 3)",,Graduate,
ITAL 76400,Modern Ital Poetry,"(3, 3)",,Graduate,
ITAL 79310,Modern Italian Lyric,"(3, 3)",,Graduate,
ITAL 76300,Modern Italian Novel,"(3, 3)",,Graduate,
HIST 75951,Modern Japan,"(3, 3)",,Graduate,
HIST 74000,Modern Jewish Social and Intellectual History,"(3, 3)",,Graduate,
ARTH 78083,Modern Latin American Art,"(3, 3)",,Graduate,
ARTH 7802F,Modern Mosque,"(3, 3)",,Graduate,
PHYS 674U0,Modern Physics Lab,"(1, 1)",,Graduate,
PHYS 67100,Modern Physics Laboratory,"(3, 3)",,Graduate,
CSCI 70700,Modern Topics and Concepts in Computer Science,"(3, 3)",,Graduate,
ENGL 77666,"Modern,Imprlsm & Post Colonial","(3, 3)",,Graduate,
ENGL 75955,Modernism and the Image,"(3, 3)",,Graduate,
ARTH 7804X,Modernism Revisited: Case Studies,"(3, 3)",,Graduate,
ENGL 75957,Modernism's Child,"(3, 3)",,Graduate,
ENGL 75954,Modernist Poetry and Poetics,"(3, 3)",,Graduate,
ENGL 75455,Modernity & Modamerlit,"(3, 3)",,Graduate,
DAN 74400,Modes of Inquiry,"(3, 3)",,Graduate,
ARTH 78028,Modn Trad Portraitur,"(3, 3)",,Graduate,
RAS 77964,Modrn Polsh Prose,"(3, 3)",,Graduate,
BIOL 79071,Mol Mech:Learn & Mem,"(3, 3)",,Graduate,
BIOL 60200,Molec Genetics:Science Educ,"(3, 3)",,Graduate,
BIOL 79045,Molecular Basis of Brain and Heart Disorders,"(3, 3)",,Graduate,
BIOL 60000,Molecular Biology 3,"(3, 3)",,Graduate,
BIOL 79025,Molecular Biology of Sensory Transduction,"(3, 3)",,Graduate,
BIOL 710LB,Molecular Biology-Lab,"(5, 5)",,Graduate,
BIOL 710LC,Molecular Biology-Lecture,"(5, 5)",,Graduate,
BIOL 79082,Molecular Evolution,"(3, 3)",,Graduate,
BIOL 79064,Molecular Evolution,"(3, 3)",,Graduate,
BIOL 79083,Molecular Mechanisms of Aging,"(3, 3)",,Graduate,
ECO 71000,Monetary Theory and Policy,"(3, 3)",,Graduate,
MUS 76073,Monteverdi and 2A Prat,"(3, 3)",,Graduate,
ARTCR 75126,Monument social Sculpture,"(3, 3)",,Graduate,
MUS 76067,Motet Fr Mid Age,"(3, 3)",,Graduate,
IMA 78086,Motion Graphics,"(3, 3)",,Graduate,
GSR 73200,Motion Pictures,"(3, 3)",,Graduate,
EDPS 74302,Motivation,"(4, 4)",,Graduate,
PT 72400,Motor Control and Learning,"(1, 1)",,Doctoral,
IMA 7801C,"Movement, Machines & Mixed Reality","(3, 3)",,Graduate,
FREN 79131,"Movement, Travel & Displacement","(3, 3)",,Graduate,
MUS 78957,Mozart & Haydn Performance,"(3, 3)",,Graduate,
GSR 79002,Mthd Of Eval Resrch,"(3, 3)",,Graduate,
SEDC 722FW,"Mthds 2: Intensive Study of Teaching Diverse Learners in Languages other than English, 7-12","(3, 3)",,Graduate,
EDUC 74300,Mthds:Rem Math K-V1,"(3, 3)",,Graduate,
SPAN 79650,Mujeres que Cuentan,"(3, 3)",,Graduate,
SSW 79801,Multclt Soc Wrk Prac,"(3, 3)",,Graduate,
IMA 78076,Multi-Channel Video Installation,"(3, 3)",,Graduate,
URBG 78759,Multi-Disciplinary Look at the South Bronx & Harlem,"(3, 3)",,Graduate,
CSCI 79515,Multi-Valued Logic,"(3, 3)",,Graduate,
IMA 78005,Multicamera Studio Workshop,"(3, 3)",,Graduate,
ENGL 77679,Multicultural American Literature,"(3, 3)",,Graduate,
ENGL 76652,Multicultural American Novel,"(3, 3)",,Graduate,
COMHE 77089,Multicultural App AIDS,"(3, 3)",,Graduate,
COCO 70700,Multicultural Aspects of Counseling,"(3, 3)",,Graduate,
BILED 77900,Multicultural Education,"(3, 3)",,Graduate,
BILED 779FW,Multicultural Education,"(3, 3)",,Graduate,
COMSC 70200,Multicultural Issues in Counseling and Communication,"(3, 3)",,Graduate,
EDPS 71200,Multicultural Issues in Learning and Instruction,"(3, 3)",,Graduate,
SSW 79655,Multicultural Social Work Practice,"(3, 3)",,Graduate,
SSW 79810,Multicultural Social Work Practice,"(2, 2)",,Graduate,
COMHE 77073,Multidisc:S.Bx & Har,"(3, 3)",,Graduate,
EPI 77103,Multilevel Monitoring,"(2, 2)",,Graduate,
STAT 71700,Multivariate Analysis,"(3, 3)",,Graduate,
STAT 71351,Multivariate Anlysis,"(3, 3)",,Graduate,
URBP 78726,Municipal Budgeting,"(3, 3)",,Graduate,
ENGL 77568,Muriel Rukeyser,"(3, 3)",,Graduate,
ENGL 78452,Muriel Rukeyser,"(3, 3)",,Graduate,
MUS 76068,Mus of 20th C:Revols,"(3, 3)",,Graduate,
PT 80300,Musculoskeletal Diagnosis 1,"(1, 1)",,Doctoral,
PT 82000,Musculoskeletal Diagnosis 2,"(3, 3)",,Doctoral,
PT 80500,Musculoskeletal Examination & Intervention 1,"(3, 3)",,Doctoral,
PT 85000,Musculoskeletal Examination & Intervention 2,"(3, 3)",,Doctoral,
PT 88400,Musculoskeletal Examination and Intervention III,"(3, 3)",,Doctoral,
MUS 70000,Music Bibliography and Research Techniques,"(3, 3)",,Graduate,
MUS 76083,Music in America,"(3, 3)",,Graduate,
MUS 78953,Music Interpretation,"(3, 3)",,Graduate,
MUS 77754,Music of East Asia,"(3, 3)",,Graduate,
MUS 74269,Music of JS Bach,"(3, 3)",,Graduate,
MUS 77753,Music of Middle East and India,"(3, 3)",,Graduate,
MUS 74001,Music Technology and Performance,"(3, 3)",,Graduate,
MUS 76023,"Music, Modes of Listening, & Nostalgia","(3, 3)",,Graduate,
MUS 76074,"Music, Text, & Context in Baroque Music","(3, 3)",,Graduate,
IMA 78304,Mutable Narrative and Interactive Storytelling,"(1, 1)",,Graduate,
ARTH 78085,Myth & Legend: Greek Art,"(3, 3)",,Graduate,
FREN 79556,Myth Dream Image,"(3, 3)",,Graduate,
ANTH 70276,Myth of Equal Access,"(3, 3)",,Graduate,
IMA 78377,"Myths, Rituals & Sounds","(1, 1)",,Graduate,
ARTH 7802C,Napoleon,"(3, 3)",,Graduate,
IMA 78040,Narrative Short Workshop,"(3, 3)",,Graduate,
IMA 78064,Narrative Techniques for Non-Fiction,"(3, 3)",,Graduate,
ENGL 78552,Narratives of English Language Teachers and Learners,"(3, 3)",,Graduate,
RAS 77982,Nat Amer in Pol Lit,"(3, 3)",,Graduate,
NURS 69990,Nat of Health & Heal,"(3, 3)",,Graduate,
SPAN 79633,Nation and Narration,"(3, 3)",,Graduate,
HIST 77492,Nationalism Modern Europe,"(3, 3)",,Graduate,
HIST 7741L,Nations and Nationalism in Global Context,"(3, 3)",,Graduate,
HIST 77441,Native Amer Hist-US,"(3, 3)",,Graduate,
ENGL 73450,Native American Literature,"(3, 3)",,Graduate,
RAS 71200,Natnalities&Hist Dev,"(3, 3)",,Graduate,
ENGL 77655,Natnlts&Sexualities,"(3, 3)",,Graduate,
LAT 71005,Natural Disasters in Roman Literature,"(3, 3)",,Graduate,
URBG 7871E,"Natural Disasters, Recovery & Resilience Pol & Plan","(3, 3)",,Graduate,
ENGL 78550,Nature of Written Lanuage,"(3, 3)",,Graduate,
URBG 78714,Neighborhood Develop,"(3, 3)",,Graduate,
IMA 78043,Neighborhood News,"(3, 3)",,Graduate,
URBP 73100,Neighborhood Planning Workshop,"(3, 3)",,Graduate,
URBG 78760,Neighbrhd Pln Wkshp,"(3, 3)",,Graduate,
ITAL 75600,Neo-Classic Tradition,"(3, 3)",,Graduate,
PSYCH 8014U,Neural & Behav Dev,"(3, 3)",,Graduate,
PSYCH 80140,Neural & Behav Dev,"(3, 3)",,Graduate,
BIOL 79079,Neural Damage:Amphet,"(3, 3)",,Graduate,
COMSC 71200,Neuroanatomy Processes of Communication,"(3, 3)",,Graduate,
BIOL 79038,Neurobiology of Learning and Memory,"(3, 3)",,Graduate,
PT 88000,Neurological Diagnosis & Interventions 2,"(2, 2)",,Doctoral,
PT 80400,Neurological Examination & Intervention I,"(2, 2)",,Doctoral,
PT 81000,Neurological Interventions I,"(3, 3)",,Doctoral,
BIOL 79094,Neuropeptides,"(3, 3)",,Graduate,
BIOL 79070,Neuroscience 2,"(3, 3)",,Graduate,
PT 75100,Neuroscience for Physical Therapy,"(3, 3)",,Doctoral,
IMA 78341,Neverending Story,"(1, 1)",,Graduate,
IMA 78201,New Currents in Documentary,"(3, 3)",,Graduate,
IMA 78032,New Directions in Documentary,"(3, 3)",,Graduate,
HIST 77495,New Eur: Brkp/Cm Tghr,"(3, 3)",,Graduate,
ARTCR 75188,New Genres Elective,"(3, 3)",,Graduate,
ARTCR 75140,"New Genres: Performance, Video, Sound","(3, 3)",,Graduate,
COMHE 77095,New Issues Int'l Health,"(3, 3)",,Graduate,
IMA 78066,New Media Art for Social Justice,"(3, 3)",,Graduate,
IMA 78337,New Media Storytelling and Mapping Strategies for Community Collaboration,"(1, 1)",,Graduate,
URBP 78707,New Relationships,"(3, 3)",,Graduate,
URBG 78790,New York City Futures,"(3, 3)",,Graduate,
ARTH 7802X,New York School,"(3, 3)",,Graduate,
THC 72527,New York Theatre Now,"(3, 3)",,Graduate,
HIST 74700,Nineteenth-Century American Reform Movements,"(3, 3)",,Graduate,
HIST 74250,Nineteenth-Century United States: Early Republic,"(3, 3)",,Graduate,
ARTCR 75112,No One Thing: On the Fullness of Absence and Other Negative Spaces,"(3, 3)",,Graduate,
PH 77019,Non Profit Management in Public Health,"(3, 3)",,Graduate,
PSYCH 68052,Non Verbal Behavior,"(3, 3)",,Graduate,
ARTH 7803C,Non-Academic Criticism,"(3, 3)",,Graduate,
IMA 78342,Non-Fiction Storytelling for Digital Platforms,"(1, 1)",,Graduate,
ECO 72200,Non-Linear Econometric Analysis,"(3, 3)",,Graduate,
PHYS 852U4,Non-Linear Optics,"(4, 4)",,Graduate,
ARTH 7805S,Non-Normative and the Canon,"(3, 3)",,Graduate,
IMA 78312,Non-Representational Spatial Sound Composition,"(1, 1)",,Graduate,
CSCI 79531,Non-Standard Computers,"(3, 3)",,Graduate,
SPAN 72600,Nonfictional Prose of Golden Age,"(3, 3)",,Graduate,
IMA 76800,Nonlinear Storytelling,"(3, 3)",,Graduate,
MATH 79557,Nonparametric Statistics,"(3, 3)",,Graduate,
GSR 72300,Nonprofit and Social Marketing,"(3, 3)",,Graduate,
URBG 78717,"Nonproft,Cvl Soc,Pol","(3, 3)",,Graduate,
ARTH 78041,Northern Renaissance,"(3, 3)",,Graduate,
ARTH 78029,Northrn Ren Painting,"(3, 3)",,Graduate,
ENGL 70298,Novel & The Net,"(3, 3)",,Graduate,
ENGL 70277,Novel into Film,"(3, 3)",,Graduate,
NURS 69974,Nsg Mgt Chron Men 2,"(3, 3)",,Graduate,
BIOL 79078,Nuclear Functions,"(3, 3)",,Graduate,
BIOL 79092,Nuclear Transport,"(3, 3)",,Graduate,
MATH 62800,Number Systems,"(3, 3)",,Graduate,
CEDC 74700,Number Theory and Algebra in the Elementary Curriculum,"(3, 3)",,Graduate,
MATH 79554,Numerical Analysis,"(3, 3)",,Graduate,
MATH 68500,Numerical Methods 1,"(3, 3)",,Graduate,
PHYS 68500,Numerical Methods for Classical Physics,"(3, 3)",,Graduate,
PHYS 69500,Numerical Methods for Modern Physics,"(3, 3)",,Graduate,
NURS 69966,Nurs & Hiv Clients,"(3, 3)",,Graduate,
NURS 69972,Nurs Diag & Pathphys,"(3, 3)",,Graduate,
NURS 69969,Nursing Informatics,"(3, 3)",,Graduate,
NURS 67400,Nursing Management Chronic Illness,"(3, 3)",,Graduate,
NURS 70800,Nursing of Persons with AIDS,"(3, 3)",,Graduate,
NURS 70700,Nursing of Persons With HIV Infection,"(3, 3)",,Graduate,
NUTR 77081,Nutr & Chronic Disease,"(3, 3)",,Graduate,
NUTR 74200,Nutr: Geriatric Pop,"(3, 3)",,Graduate,
COMHE 77081,Nutrition & Chronic Disease,"(3, 3)",,Graduate,
NUTR 70500,Nutrition and Biochemistry,"(3, 3)",,Graduate,
NUTR 74600,Nutrition and Disease,"(3, 3)",,Graduate,
NUTR 73300,Nutrition and Human Development,"(3, 3)",,Graduate,
NUTR 74100,Nutrition Assessment,"(3, 3)",,Graduate,
NUTR 74800,Nutrition Assessment & Counseling,"(3, 3)",,Graduate,
NUTR 74000,Nutrition Education,"(3, 3)",,Graduate,
EPI 75800,Nutrition Epidemiology,"(3, 3)",,Graduate,
NUTR 77013,Nutrition for Exercise and Sport,"(3, 3)",,Graduate,
NURS 60400,Nutrition in Aging,"(3, 3)",,Graduate,
NUTR 72500,Nutrition Research,"(3, 3)",,Graduate,
NUTR 73000,Nutritional Assessment of Urban Communities and Populations at Risk,"(3, 3)",,Graduate,
EPI 77106,Nutritional Epidemiology Part 1: Critical Review of Epidemiological Literature,"(2, 2)",,Graduate,
HIST 77428,NY & Neighborhoods,"(3, 3)",,Graduate,
URBG 78734,NY Chng Hisp Comm,"(3, 3)",,Graduate,
THC 76060,NY Thea Architecture,"(3, 3)",,Graduate,
THC 72565,NY Theatre Experience,"(3, 3)",,Graduate,
THC 72553,NY Theatre from 1945,"(3, 3)",,Graduate,
URBG 78779,NY Transport Policy & Planning,"(3, 3)",,Graduate,
NUTR 77006,"Obesity: Etiology, Prevention, Treatment","(3, 3)",,Graduate,
EDESL 70211,"Observation, Supervision, and Coaching for English Learner Classroom Contexts","(2, 2)",,Graduate,
ARTH 78067,Occidentalism:Islam,"(3, 3)",,Graduate,
NURS 69902,Occupational Health Nursing,"(3, 3)",,Graduate,
ARTH 76109,Okwui Enwezor,"(3, 3)",,Graduate,
LING 74100,Old French,"(3, 3)",,Graduate,
ARTH 78019,On Road:American Museums,"(3, 3)",,Graduate,
IMA 78055,On-Line Journalism,"(3, 3)",,Graduate,
NURS 69975,Oncological Nursing,"(3, 3)",,Graduate,
NURS 69920,Oncology Nursing Theory,"(3, 3)",,Graduate,
IMA 72100,Online Journalism,"(3, 3)",,Graduate,
MUS 71905,Opera Characterizatn,"(2, 2)",,Graduate,
MUS 71807,Opera Music Theater Workshop,"(1, 1)",,Graduate,
MUS 72000,Opera Performance,"(3, 3)",,Graduate,
MUS 78965,Opera Production,"(3, 3)",,Graduate,
MUS 71801,Opera Scenes,"(1, 1)",,Graduate,
MUS 71904,Opera Workship,"(1, 1)",,Graduate,
MUS 74264,Operas of Puccini,"(3, 3)",,Graduate,
CSCI 70100,Operating Systems,"(3, 3)",,Graduate,
ARTH 76101,Oppositional Biennials,"(3, 3)",,Graduate,
EDESL 78962,Oral ES LArts,"(3, 3)",,Graduate,
MUS 71805,Oratorio: Arias and Ensembles,"(1, 1)",,Graduate,
MUS 73500,Orchestration,"(3, 3)",,Graduate,
MATH 74300,Ordin Differ Eqs,"(3, 3)",,Graduate,
MUS 74258,Orfeo-Figaro-Fidelio,"(3, 3)",,Graduate,
ADSUP 70100,Organization and Administration of Public School Systems,"(3, 3)",,Graduate,
GSR 74600,Organizational Dynamics,"(3, 3)",,Graduate,
SSW 78000,Organizational Management and Leadership,"(3, 3)",,Graduate,
SSW 78100,Organizational Management and Leadership 1,"(3, 3)",,Graduate,
SSW 78200,Organizational Management and Leadership 2,"(3, 3)",,Graduate,
SSW 78300,Organizational Management and Leadership III,"(3, 3)",,Graduate,
SPED 74900,Orientation and Mobility for Students with Visual Impairments and Additional Disabilities,"(3, 3)",,Graduate,
SPED 76700,Orientation and Mobility: Internship/Seminar (KC),"(2, 2)",,Graduate,
SSW 79723,Orientation to Psychosocial Oncology,"(3, 3)",,Graduate,
ANTH 75162,Origins of Agriculture,"(3, 3)",,Graduate,
ARTH 78049,Origs of Abstraction,"(3, 3)",,Graduate,
PT 83000,Orthotics and Prosthetics,"(2, 2)",,Doctoral,
ENGL 78453,Oscar Wilde,"(3, 3)",,Graduate,
ARTH 7804S,Ottoman Art,"(3, 3)",,Graduate,
ARTCR 75143,Outside - Inside,"(3, 3)",,Graduate,
LAT 72500,Ovid,"(3, 3)",,Graduate,
ARTCR 75122,Painting Boot Camp,"(3, 3)",,Graduate,
ARTCR 75171,Painting Languages,"(3, 3)",,Graduate,
ARTCR 7511A,Painting Technologies,"(3, 3)",,Graduate,
ARTCR 61166,Painting Tutorial 1,"(3, 3)",,Graduate,
ARTCR 61266,Painting Tutorial 2,"(3, 3)",,Graduate,
ARTCR 61366,Painting Tutorial 3,"(3, 3)",,Graduate,
ARTCR 75199,Paintng & Dgital Tools,"(3, 3)",,Graduate,
SSW 79709,Pandemics and Public Health,"(3, 3)",,Graduate,
NUTR 77004,Pandemics and Public Health,"(3, 3)",,Graduate,
CSCI 79524,Parallel Computing,"(3, 3)",,Graduate,
NUTR 74500,Parent and Enter Nutrition,"(3, 3)",,Graduate,
MUS 76070,Paris: 1870-1930,"(3, 3)",,Graduate,
MATH 74400,Partial Differ Eqs,"(3, 3)",,Graduate,
THC 77900,Participation Theatre for Child,"(3, 3)",,Graduate,
URBP 78734,Participatory GIS,"(3, 3)",,Graduate,
URBP 71600,Participatory Planning Using GIS and the Internet,"(3, 3)",,Graduate,
ENGL 77661,Passages through India,"(3, 3)",,Graduate,
COMHE 72500,Patient Education,"(3, 3)",,Graduate,
ANTH 71300,Peasant Societies,"(3, 3)",,Graduate,
COMSC 74500,Pediatric Audiology,"(3, 3)",,Graduate,
PT 88200,Pediatric Development and Assessment,"(2, 2)",,Doctoral,
URBP 78747,People of New York: Race and Space,"(3, 3)",,Graduate,
MUS 64700,Percussion,"(1, 1)",,Graduate,
MUS 71903,Percussion Methods: Teacher Education Program,"(1, 1)",,Graduate,
THC 72587,Perf Beyond the Humn,"(3, 3)",,Graduate,
THC 76075,Perf the Indiv&Comm,"(3, 3)",,Graduate,
ENGL 70276,"Perf,Idnty&Subversn","(3, 3)",,Graduate,
DAN 73500,Performance and Presentation,"(1, 1)",,Graduate,
MUS 78956,Performance Problems - Bach,"(3, 3)",,Graduate,
MUS 78954,Performance Problems of Mozart,"(3, 3)",,Graduate,
IMA 78349,Performative Art and Film,"(1, 1)",,Graduate,
IMA 78089,Performing Sound and Visuals,"(3, 3)",,Graduate,
THC 76004,Performing Spaces,"(3, 3)",,Graduate,
IMA 78328,Performing the Internet,"(1, 1)",,Graduate,
SSW 79184,Pers. on SW Practice,"(3, 3)",,Graduate,
HIST 77491,Persis Old Reg Md Eu,"(3, 3)",,Graduate,
NURS 69953,Personal Management in Nursing Services,"(3, 3)",,Graduate,
PSYCH 74000,Personality,"(3, 3)",,Graduate,
PSYCH 76400,Personality Measurement,"(3, 3)",,Graduate,
PSYCH 76500,Personality Measurement II,"(3, 3)",,Graduate,
CEDC 73000,Perspectives on Literacy Across the Content Areas,"(2, 2)",,Graduate,
SSW 79189,Perspectives on the Aging Process: Implications for Social Work Practice,"(3, 3)",,Graduate,
ITAL 71500,Petrarch’s Poetry in Motion,"(3, 3)",,Graduate,
HPM 75100,Ph & Health Care Law,"(3, 3)",,Graduate,
HPM 75400,Ph Advocacy: Theo&Pra,"(3, 3)",,Graduate,
NURS 61600,Pharm. Infant/Child,"(3, 3)",,Graduate,
PT 88300,Pharmacology,"(3, 3)",,Doctoral,
PHYS 73500,Phenom Nuclear Phys,"(4, 4)",,Graduate,
URBG 78764,Philanthropy and Grantsmanship,"(3, 3)",,Graduate,
URBG 78725,Philanthropy Public Policy,"(3, 3)",,Graduate,
ARTH 78047,Philosophical Aesth.,"(3, 3)",,Graduate,
ENGL 70299,Philosophical Novel,"(3, 3)",,Graduate,
MUS 76093,Philosophies of Identity in Western Art Music,"(3, 3)",,Graduate,
EDABA 74000,Philosophy of Behaviorism,"(3, 3)",,Graduate,
EDFDN 70500,Philosophy of Educ,"(3, 3)",,Graduate,
NURS 91700,Philosophy of Science,"(3, 3)",,Doctoral,
HED 71000,Phl Bas-Hlth & Hed,"(3, 3)",,Graduate,
EDESL 78600,Phonetics of American English,"(3, 3)",,Graduate,
COMSC 60700,Phonetics of American English,"(3, 3)",,Graduate,
EDUC 72069,Phonetics: Amer Engl,"(3, 3)",,Graduate,
ANTH 77200,Phonological Analysis and Theory,"(3, 3)",,Graduate,
COMSC 71600,Phonological Development and Disorders,"(3, 3)",,Graduate,
ARTH 7801Z,Photo Seminar,"(3, 3)",,Graduate,
ARTCR 75175,Photo:Combined Media,"(3, 3)",,Graduate,
ARTH 78098,Photo:Rev in Seeing,"(3, 3)",,Graduate,
ARTH 74000,Photographer in 19th Century,"(3, 3)",,Graduate,
ARTCR 7511R,Photographic Evidence and Material Traces,"(3, 3)",,Graduate,
ARTH 78052,Photography & Archive,"(3, 3)",,Graduate,
ARTH 75000,Photography 20th Century,"(3, 3)",,Graduate,
ARTH 7804R,Photography and Time,"(3, 3)",,Graduate,
ARTH 78097,Photography in the 19th Century,"(3, 3)",,Graduate,
ARTH 78040,Photography of the 20th Century,"(3, 3)",,Graduate,
ARTCR 75153,Photography Project,"(3, 3)",,Graduate,
ARTH 75197,"Photography, Arch & the City","(3, 3)",,Graduate,
EDUC 77700,Phy Sc Curr Elem Sch,"(3, 3)",,Graduate,
NURS 61500,Phys Assess Inf/Chld,"(3, 3)",,Graduate,
PHYS 69900,Phys Ma Research 1,"(4, 4)",,Graduate,
PHYS 70000,Phys Ma Research 2,"(4, 4)",,Graduate,
PHYS 71000,Phys Ma Research I,"(4, 4)",,Graduate,
URBG 78753,Phys Pln Waterfront,"(3, 3)",,Graduate,
NURS 69965,Physc Assess Child,"(3, 3)",,Graduate,
NURS 71400,Physical Assess Inf/Chld,"(3, 3)",,Graduate,
THC 76056,Physical Character,"(3, 3)",,Graduate,
IMA 76700,Physical Computing,"(3, 3)",,Graduate,
PT 70900,Physical Modalities: Clinical Decision Making and Application,"(3, 3)",,Doctoral,
CEDC 77700,Physical Science for Elementary Teachers,"(3, 3)",,Graduate,
PT 75200,Physical Therapy Examination,"(2, 2)",,Doctoral,
PT 81500,Physical Therapy in Acute Care,"(1, 1)",,Doctoral,
PT 83500,Physical Therapy in Geriatrics,"(1, 1)",,Doctoral,
PHYS 74800,Physics of Medical Imaging,"(3, 3)",,Graduate,
PHYS 75300,Physics of Radiation Oncology,"(3, 3)",,Graduate,
PSYCH 64600,Physiological Psych,"(3, 3)",,Graduate,
BIOL 75004,Physiology-Nervous System,"(4, 4)",,Graduate,
MUS 78901,Piano Literature 1,"(3, 3)",,Graduate,
MUS 78902,Piano Literature 2,"(3, 3)",,Graduate,
MUS 76064,Piano Music:Schmn-Scbn,"(3, 3)",,Graduate,
MUS 71700,Piano Performance Class,"(1, 1)",,Graduate,
MUS 64900,Piano Skls Mus Tchrs,"(1, 1)",,Graduate,
MUS 78951,Piano Solo Chamber Music,"(3, 3)",,Graduate,
SPAN 79157,Picaresque Novel,"(3, 3)",,Graduate,
ARTH 7804K,Picturing Buddhist Biographies,"(3, 3)",,Graduate,
THC 73057,Pirandello & Brecht,"(3, 3)",,Graduate,
URBP 7872B,Place Making: Introduction to Design and Management,"(3, 3)",,Graduate,
URBP 7872T,Place Making: Introduction to Public Space Design and Management,"(3, 3)",,Graduate,
URBP 78731,Plan Emgy & Crisis,"(3, 3)",,Graduate,
CEDC 77600,Planet Earth: Earth and Space Sciences for Elementary School Teachers,"(3, 3)",,Graduate,
URBP 78785,Planing Newcomers NY,"(3, 3)",,Graduate,
URBP 7872U,Planning and Design for Development,"(3, 3)",,Graduate,
URBP 7872P,Planning and Policy in New York City - Field Study,"(3, 3)",,Graduate,
URBP 74600,Planning and Public Finance,"(3, 3)",,Graduate,
URBP 78717,Planning for a Sustainable Environment: Issues and Challenges,"(3, 3)",,Graduate,
URBG 75500,Planning for Community Development and Implementation,"(3, 3)",,Graduate,
URBG 74000,Planning for Economic Development,"(3, 3)",,Graduate,
URBG 75200,Planning for Public Safety,"(3, 3)",,Graduate,
URBP 7871E,Planning for Risk: Security & National Disasters,"(3, 3)",,Graduate,
URBG 78713,Planning in NYC,"(3, 3)",,Graduate,
URBP 74700,Planning in the Budget Process,"(3, 3)",,Graduate,
URBP 71100,Planning Information,"(3, 3)",,Graduate,
URBP 71300,Planning Methods for Optimization and Decision-Making,"(3, 3)",,Graduate,
ECO 79556,Planning Methods I,"(3, 3)",,Graduate,
URBP 73700,Planning Studio,"(6, 6)",,Graduate,
URBG 73700,Planning Studio,"(6, 6)",,Graduate,
URBP 73900,Planning Studio 2,"(3, 3)",,Graduate,
URBP 73800,Planning Studio I,"(3, 3)",,Graduate,
COMHE 77050,Planning:Community Health,"(3, 3)",,Graduate,
URBG 78749,"Plans, Policies, and Politics","(3, 3)",,Graduate,
BIOL 73000,Plant Physiology,"(3, 3)",,Graduate,
PHYS 62400,Plasma Physics,"(3, 3)",,Graduate,
PHYS 75000,Plasma Physics,"(4, 4)",,Graduate,
PHYS 75100,Plasma Physics,"(4, 4)",,Graduate,
SSW 79772,Platform Course: Aging Field of Practice,"(3, 3)",,Graduate,
SSW 79770,Platform Course: Child Welfare Field of Practice,"(3, 3)",,Graduate,
SSW 79773,Platform Course: Global Field of Practice,"(3, 3)",,Graduate,
SSW 79771,Platform Course: Health/Mental Health Field of Practice,"(3, 3)",,Graduate,
SSW 79774,Platform Course: World of Work Field of Practice,"(3, 3)",,Graduate,
THC 79000,Play Analysis,"(3, 3)",,Graduate,
IMA 78019,Play Culture,"(3, 3)",,Graduate,
THC 76071,Playmaking Workshop,"(3, 3)",,Graduate,
THC 79400,Playwriting 2,"(3, 3)",,Graduate,
THC 79300,Playwriting I,"(3, 3)",,Graduate,
URBG 78758,Plg Comm Food Access,"(3, 3)",,Graduate,
URBP 78701,Plg Sustainable Cit,"(3, 3)",,Graduate,
URBG 75300,Pln Svc/New Fam Comp,"(3, 3)",,Graduate,
ADSUP 71000,Pln/Imp Tech: K - 12,"(3, 3)",,Graduate,
URBP 78766,Plng for Elderly,"(3, 3)",,Graduate,
URBP 78759,Plng Iss/Intgov Rel,"(3, 3)",,Graduate,
URBG 78751,Plng NY in Year 2000,"(3, 3)",,Graduate,
URBG 78739,Plng Policy&Politics,"(3, 3)",,Graduate,
URBP 78709,Plng Sustnabl Comms,"(3, 3)",,Graduate,
ENGL 77678,Poetry and Place,"(3, 3)",,Graduate,
ENGL 77684,Poetry of Americas,"(3, 3)",,Graduate,
ENGL 76750,Poetry of Americas,"(3, 3)",,Graduate,
ENGL 79701,Poetry Thesis One,"(3, 3)",,Graduate,
ENGL 79702,Poetry Thesis Two,"(3, 3)",,Graduate,
ENGL 79102,Poetry Workshop,"(3, 3)",,Graduate,
ENGL 79104,Poetry Workshop,"(3, 3)",,Graduate,
ENGL 79103,Poetry Writing,"(3, 3)",,Graduate,
ENGL 79101,Poetry Writing,"(3, 3)",,Graduate,
RAS 78978,Pol Eco-Eastrn Euro,"(3, 3)",,Graduate,
SSW 79151,Pol Econ of Soc Welf,"(2, 2)",,Graduate,
RAS 78969,Pol Poltcl Romtcsm,"(3, 3)",,Graduate,
RAS 78959,Pol-Church/State Rel,"(3, 3)",,Graduate,
RAS 78956,Poland/Society in Crisis,"(3, 3)",,Graduate,
ECO 72600,Policy & Program Evaluation,"(3, 3)",,Graduate,
HPM 75300,Policy Analysis Ph,"(3, 3)",,Graduate,
SSW 70215,Policy and Practice in Child Welfare,"(3, 3)",,Graduate,
ANTH 70291,Polish Eco Eastern Europe,"(3, 3)",,Graduate,
RAS 77155,Polit Dissent/Russia,"(3, 3)",,Graduate,
ANTH 71550,Polit Ecol & Environment Movet,"(3, 3)",,Graduate,
ANTH 72000,Political Anthropology,"(3, 3)",,Graduate,
URBG 7871T,Political Communications for Policy and Planning,"(3, 3)",,Graduate,
SSW 70211,Political Economy of Social Welfare,"(3, 3)",,Graduate,
HIST 77470,Political History 20th Century United States,"(3, 3)",,Graduate,
PH 77074,Political Ideology and Public Health,"(3, 3)",,Graduate,
NURS 69960,Politics & Health Policy,"(3, 3)",,Graduate,
SSW 79154,Politics and Practice Child Welfare,"(2, 2)",,Graduate,
URBG 7871X,Politics and Race in American Schools,"(3, 3)",,Graduate,
ENGL 76650,Politics of Color,"(3, 3)",,Graduate,
ENGL 77668,Politics of Color,"(3, 3)",,Graduate,
URBG 75700,Politics of Education,"(3, 3)",,Graduate,
URBP 78758,Politics of Health,"(3, 3)",,Graduate,
ANTH 75165,Politics of Reproduction,"(3, 3)",,Graduate,
ARTH 7805G,Politics of the Senses,"(3, 3)",,Graduate,
EDFDN 70053,Politics of Urb Educ,"(3, 3)",,Graduate,
URBG 78718,Poltcl Econmy Cities,"(3, 3)",,Graduate,
HIST 77486,Pop Rel in Med Europ,"(3, 3)",,Graduate,
THC 72554,Popular Entertainmnt,"(3, 3)",,Graduate,
MUS 71906,Popular Music Combo,"(1, 1)",,Graduate,
MUS 71906,Popular Music Combo,"(1, 1)",,Graduate,
NURS 77200,Population and Public Health Nursing 2,"(5, 5)",,Graduate,
NURS 77300,Population and Public Health Nursing 3,"(5, 5)",,Graduate,
NURS 77100,Population and Public Health Nursing I,"(5, 5)",,Graduate,
GSR 75100,Population Dynamics,"(3, 3)",,Graduate,
GEOG 70557,Population Geog,"(3, 3)",,Graduate,
GEOG 74100,Population Geography,"(3, 3)",,Graduate,
SPEDE 77200,Positive Behavior Support (PBS) and Its Application to Young Children with Special Needs,"(3, 3)",,Graduate,
SPEDE 77251,Positive Behavior Support (PBS) and Its Application to Young Children with Special Needs,"(3, 3)",,Graduate,
ARTH 7802N,Post 45 Latin American Art,"(3, 3)",,Graduate,
ENGL 77676,Post Col Afro Narrative,"(3, 3)",,Graduate,
ENGL 76953,Post Colonial African Narrative,"(3, 3)",,Graduate,
SPAN 79661,Post Colonial Literature of the Hispanophone Island,"(3, 3)",,Graduate,
ENGL 77652,Post Colonial Narr,"(3, 3)",,Graduate,
ENGL 76751,"Post Colonial Texts: Literature, History, Ethics","(3, 3)",,Graduate,
ENGL 77665,Post colonialism,"(3, 3)",,Graduate,
ARTH 78080,Post Impressionism,"(3, 3)",,Graduate,
ENGL 77155,Post Modern African American Literature,"(3, 3)",,Graduate,
ENGL 77682,Post Modern Afro Amer Lit,"(3, 3)",,Graduate,
ENGL 77152,Post Soul Afican Amer Narritiv,"(3, 3)",,Graduate,
ENGL 77671,Post Soul: Narrative and Theory,"(3, 3)",,Graduate,
ARTH 7801U,Post War California,"(3, 3)",,Graduate,
ARTH 78034,Post War Europe,"(3, 3)",,Graduate,
ARTH 7801E,Post War Italian Art,"(3, 3)",,Graduate,
ENGL 75352,Post WW2 American Poetry,"(3, 3)",,Graduate,
SPAN 79143,Post-Civil War Spanish Literature,"(3, 3)",,Graduate,
RAS 70300,Post-Soviet Politics,"(3, 3)",,Graduate,
ARTH 7804E,Postwar Italy,"(3, 3)",,Graduate,
SSW 70551,Pr Community & S W,"(3, 3)",,Graduate,
NURS 72300,Pra Psy-Beh Pat:Nsg3,"(3, 3)",,Graduate,
EDUC 73400,Prac Corr Rdng Diff,"(3, 3)",,Graduate,
CHND 74120,"Pract in Chinese, Grds 10-12","(2, 2)",,Graduate,
NURS 72903,Pract Pnp,"(4, 4)",,Graduate,
NURS 72900,Pract Pnp-Cns,"(3, 3)",,Graduate,
NURS 77400,Pract-Cmmnty health Nurse,"(3, 3)",,Graduate,
BILED 78700,"Pract:1-3,YL (KC)","(1, 1)",,Graduate,
BILED 78800,"Pract:4-6,YL (KC)","(1, 1)",,Graduate,
PSYCH 7995U,Pract:Teaching of Psychology II,"(3, 3)",,Graduate,
NURS 71300,Practical Biological Behavior III,"(3, 3)",,Graduate,
SSW 79741,Practice in Groupwork,"(3, 3)",,Graduate,
ANTH 70253,Practice Museum Work,"(3, 3)",,Graduate,
EDESL 75100,"Practice:7-12,YL","(1, 1)",,Graduate,
EDESL 75000,"Practice:Pre K-6, YL","(1, 1)",,Graduate,
GSR 79054,Practices And Theories In Social Change Organizations,"(3, 3)",,Graduate,
NUTR 76000,Practicum,"(3, 3)",,Graduate,
CEDC 79300,Practicum 1-6:Year 1 (KC),"(1, 1)",,Graduate,
EDLIT 75850,Practicum 3 in Literacy Assessment & Intervention: Grades 5-12 (KC),"(3, 3)",,Graduate,
EDLIT 74250,Practicum I for Equity-based Literacy Inquiries (KC),"(1, 1)",,Graduate,
EDLIT 75750,Practicum II in Literacy Assessment & Intervention: Birth-4 (KC),"(3, 3)",,Graduate,
SPED 78900,Practicum in Adolescent Special Education (KC),"(1, 1)",,Graduate,
EDABA 77000,Practicum in Applied Behavior Analysis I (KC),"(3, 3)",,Graduate,
EDABA 77100,Practicum in Applied Behavior Analysis II (KC),"(3, 3)",,Graduate,
SEDC 77421,"Practicum in Biology, Grades 10-12 (KC)","(2, 2)",,Graduate,
SEDC 77411,"Practicum in Biology, Grades 7-9 (KC)","(2, 2)",,Graduate,
SEDC 77422,"Practicum in Chemistry, Grades 10-12 (KC)","(2, 2)",,Graduate,
SEDC 77412,"Practicum in Chemistry, Grades 7-9 (KC)","(2, 2)",,Graduate,
CHND 74110,Practicum in Chinese Grades 7-9 (KC),"(2, 2)",,Graduate,
COUNR 71800,Practicum In Counseling (KC),"(3, 3)",,Graduate,
COUNS 71800,Practicum in Counseling (KC),"(3, 3)",,Graduate,
SPEDE 77951,Practicum in Early Child Special Education (KC),"(3, 3)",,Graduate,
SPEDE 77900,Practicum in Early Childhood Special Education (KC),"(2, 2)",,Graduate,
SPEDE 79553,"Practicum in Early Childhood Special Education w/Annotation Severe/Multiple Disabilities, K-2 (KC)","(2, 2)",,Graduate,
SPEDE 79552,"Practicum in Early Childhood Special Education w/Annotation Severe/Multiple Disabilities, Pre-K (KC)","(2, 2)",,Graduate,
SPEDE 77950,Practicum in Early Childhood Special Education with an Annotation in Severe Disabilities,"(2, 2)",,Graduate,
SEDC 77424,"Practicum in Earth Science, Grades 10-12 (KC)","(2, 2)",,Graduate,
SEDC 77414,"Practicum in Earth Science, Grades 7-9 (KC)","(2, 2)",,Graduate,
ECO 79700,Practicum in Empirical Analysis,"(3, 3)",,Graduate,
SEDC 77120,"Practicum in English, Grades 10-12 (KC)","(2, 2)",,Graduate,
SEDC 77110,"Practicum in English, Grades 7-9 (KC)","(2, 2)",,Graduate,
SEDC 77221,"Practicum in French, Grades 10-12 (KC)","(2, 2)",,Graduate,
SEDC 77211,"Practicum in French, Grades 7-9 (KC)","(2, 2)",,Graduate,
CEDC 72700,Practicum in Grades 1-3 (KC),"(2, 2)",,Graduate,
BILED 78300,Practicum in Grades 1-3 (KC),"(2, 2)",,Graduate,
CEDC 79400,Practicum in Grades 1-6 for Transitional B Certificate (KC),"(1, 1)",,Graduate,
CEDC 72800,Practicum in Grades 4-6 (KC),"(2, 2)",,Graduate,
BILED 78400,Practicum in Grades 4-6 (KC),"(2, 2)",,Graduate,
SEDC 77222,"Practicum in Italian, Grades 10-12 (KC)","(2, 2)",,Graduate,
SEDC 77212,"Practicum in Italian, Grades 7-9 (KC)","(2, 2)",,Graduate,
LATED 74120,"Practicum in Latin, Grades 10-12","(2, 2)",,Graduate,
LATED 74110,"Practicum in Latin, Grades 7-9 (KC)","(2, 2)",,Graduate,
EDLIT 74200,Practicum in Literacy (KC),"(1, 1)",,Graduate,
EDLIT 75200,Practicum in Literacy (KC),"(1, 1)",,Graduate,
EDLIT 73600,Practicum in Literacy Assessment (KC),"(3, 3)",,Graduate,
EDLIT 75700,Practicum in Literacy Assessment and Intervention: Grades 5-12 (KC),"(3, 3)",,Graduate,
EDLIT 73700,Practicum in Literacy Intervention (KC),"(3, 3)",,Graduate,
SEDC 77320,"Practicum in Mathematics, Grades 10-12 (KC)","(2, 2)",,Graduate,
SEDC 77310,"Practicum in Mathematics, Grades 7-9 (KC)","(2, 2)",,Graduate,
COUNM 71800,Practicum in Mental Health Counseling (KC),"(3, 3)",,Graduate,
SEDC 77620,"Practicum in Music, Grades 7-12 (KC)","(2, 2)",,Graduate,
SEDC 77610,"Practicum in Music, Grades Pre-K-6 (KC)","(2, 2)",,Graduate,
NURS 73100,Practicum in Nursing Education,"(4, 4)",,Graduate,
SEDC 77423,"Practicum in Physics, Grades 10-12 (KC)","(2, 2)",,Graduate,
SEDC 77413,"Practicum in Physics, Grades 7-9 (KC)","(2, 2)",,Graduate,
SEDC 77520,"Practicum in Social Studies, Grades 10-12 (KC)","(2, 2)",,Graduate,
SEDC 77510,"Practicum in Social Studies, Grades 7-9 (KC)","(2, 2)",,Graduate,
SEDC 77223,"Practicum in Spanish, Grades 10 (KC)","(2, 2)",,Graduate,
SEDC 77213,"Practicum in Spanish, Grades 7-9 (KC)","(2, 2)",,Graduate,
SPED 79600,Practicum in Special Education in Grades P-12 (Alt. Cert.) (KC),"(1, 1)",,Graduate,
THCED 78100,Practicum in Theatre,"(2, 2)",,Graduate,
EDESL 79900,Practicum/Adult ESL (KC),"(2, 2)",,Graduate,
SPED 73753,"Practicum: Deaf and Hard-of-Hearing, Grade 7-12","(2, 2)",,Graduate,
SPED 73752,"Practicum: Deaf and Hard-of-Hearing, Preschool-Grade 6","(2, 2)",,Graduate,
EDESL 70305,Pragmatics in ESL,"(3, 3)",,Graduate,
SSW 79600,Prc:Slct Ags/Fam Gps,"(2, 2)",,Graduate,
ITAL 75100,Pre Resorgimento Per,"(3, 3)",,Graduate,
NUTR 70100,Pre-Professional Practice in Dietetics: Clinical,"(3, 3)",,Graduate,
NUTR 70300,Pre-Professional Practice in Dietetics: Community,"(3, 3)",,Graduate,
NUTR 70200,Pre-Professional Practice in Dietetics: Food Service,"(3, 3)",,Graduate,
ECC 71200,Pre-Student Teaching Field Placements in Early Childhood (KC),"(1, 1)",,Graduate,
ARTH 76051,Precol Struct West,"(3, 3)",,Graduate,
ANTH 75600,Prehistoric Human Ecology,"(3, 3)",,Graduate,
ANTH 75155,Prehistoric Human Ecology,"(3, 3)",,Graduate,
IMA 78313,Premiere Editing,"(1, 1)",,Graduate,
URBP 78710,Preservation Planning Workshop: Study Abroad Spain,"(3, 3)",,Graduate,
URBP 7871T,Preserving NYC Neighborhoods,"(3, 3)",,Graduate,
URBP 78783,Preserving the City,"(3, 3)",,Graduate,
RAS 77980,Presnt Day Russ Lit,"(3, 3)",,Graduate,
THC 72585,"Prfrm Art Kerala,Ind","(3, 3)",,Graduate,
NURS 75500,Primary Care Nursing 1,"(6, 6)",,Graduate,
NURS 75700,Primary Care Nursing II,"(6, 6)",,Graduate,
NURS 76800,Primary Care Nursing III,"(6, 6)",,Graduate,
NURS 69911,Primary Care Nursng,"(1, 1)",,Graduate,
ANTH 79153,Primate Conservation,"(3, 3)",,Graduate,
ANTH 79154,Primate Ecology,"(3, 3)",,Graduate,
ANTH 79400,Primate Ecology and Behavior,"(3, 3)",,Graduate,
ANTH 79166,Primate Ecosystems,"(3, 3)",,Graduate,
ANTH 79500,Primate Paleontology,"(3, 3)",,Graduate,
ANTH 79160,Primate Reproduction Ecology,"(3, 3)",,Graduate,
ANTH 79159,Primate Social Behav,"(3, 3)",,Graduate,
ANTH 79164,Primates Evolut Genet & Behav,"(3, 3)",,Graduate,
COMHE 77082,Prin Public Health Nutrition,"(3, 3)",,Graduate,
SPED 74700,Principles and Practices in Orientation and Mobility for Teachers of Learners With Visual Impairment,"(3, 3)",,Graduate,
ECO 67200,Principles of Accounting 2,"(3, 3)",,Graduate,
ECO 67100,Principles of Accounting I,"(3, 3)",,Graduate,
NURS 70450,Principles of Adult Gerontology Acute Care 1,"(6, 6)",,Doctoral,
NURS 70550,Principles of Adult Gerontology Acute Care 2,"(5, 5)",,Doctoral,
PH 75100,Principles of Biostatistics,"(3, 3)",,Graduate,
PH 75300,Principles of Epidemiology,"(3, 3)",,Graduate,
TRN 76900,Principles of Interpreting Practice,"(3, 3)",,Graduate,
NUTR 71000,Principles of Public Health Nutrition,"(3, 3)",,Graduate,
SPED 76200,Principles of Vocational Rehabilitation and Independent Living Rehabilitation For Adults With Visual,"(3, 3)",,Graduate,
ARTCR 75149,Printed Matter,"(3, 3)",,Graduate,
ARTCR 75191,Printmaking,"(3, 3)",,Graduate,
MUS 68100,Private Instruction in Instrument or Voice,"(1, 1)",,Graduate,
MUS 68400,Private Instruction in Instrument or Voice,"(1, 1)",,Graduate,
MUS 68300,Private Instruction in Instrument or Voice,"(1, 1)",,Graduate,
MUS 68200,Private Instruction in Instrument or Voice,"(1, 1)",,Graduate,
MUS 78500,Private Lessons in Composition 1,"(3, 3)",,Graduate,
MUS 78600,Private Lessons in Composition 2,"(3, 3)",,Graduate,
MUS 78700,Private Lessons in Composition 3,"(3, 3)",,Graduate,
MUS 78400,Private Study in Instrument or Voice,"(3, 3)",,Graduate,
MUS 78100,Private Study in Instrument or Voice 1,"(3, 3)",,Graduate,
MUS 78200,Private Study in Instrument or Voice 2,"(3, 3)",,Graduate,
MUS 78300,Private Study in Instrument or Voice 3,"(3, 3)",,Graduate,
HIST 77427,Prob & Prot-Urb Env Hi,"(3, 3)",,Graduate,
HIST 75800,Prob Hist of India,"(3, 3)",,Graduate,
MUS 76054,Prob in 16C Inst Mus,"(3, 3)",,Graduate,
HIST 77485,Prob Mod Eur Hist,"(3, 3)",,Graduate,
EDUC 75700,Prob Tch Music Sec,"(3, 3)",,Graduate,
STAT 62100,Probability,"(3, 3)",,Graduate,
NUTR 76100,Problem Seminar,"(3, 3)",,Graduate,
MATH 63500,Problem Solving Explorations in Mathematics,"(3, 3)",,Graduate,
HIST 77452,Problems in Environmental History,"(3, 3)",,Graduate,
RAS 77153,Problems in Russian Cultural History,"(3, 3)",,Graduate,
IMA 70600,Problems of American Journalism,"(3, 3)",,Graduate,
EDO 722,Problems with Elementary Education,"(2, 2)",,Graduate,
EDUC 75100,Probs Inter & Jr. HS,"(2, 2)",,Graduate,
DAN 73300,Process and Projects,"(3, 3)",,Graduate,
PH 77026,Prod a Public Health Doc,"(3, 3)",,Graduate,
ANTH 70255,Prod Exchange & Soc,"(3, 3)",,Graduate,
CEDF 75600,Prof Disc & Lead'p G/T,"(3, 3)",,Graduate,
ADSUP 75600,Prof Disc & Leadership G/T,"(3, 3)",,Graduate,
CEDC 75600,Prof Disc&Lead'p G/T,"(3, 3)",,Graduate,
EDUC 80700,Professional Communications for Educational Settings,"(3, 3)",,Doctoral,
IMA 78348,Professional Development and Emerging Media,"(1, 1)",,Graduate,
COMSC 70300,Professional Practice in Educational Settings,"(3, 3)",,Graduate,
COMSC 77103,Professional Practice in Law and Regulation,"(3, 3)",,Graduate,
GSR 79026,Professional Presentation Skills,"(3, 3)",,Graduate,
SSW 79000,Professional Seminar,"(3, 3)",,Graduate,
TRN 75200,Professional Translators Workshop,"(3, 3)",,Graduate,
EDESL 79600,Prog & Meth in TESOL,"(4, 4)",,Graduate,
COUNM 72000,Prog Development & Evaluation,"(3, 3)",,Graduate,
COMHE 77021,Prog Management: Public Health,"(3, 3)",,Graduate,
NUTR 77021,Prog Mgmt: Pub Hlth,"(3, 3)",,Graduate,
SSW 75251,Program Evaluation,"(3, 3)",,Graduate,
URBG 78769,Program Evaluation,"(3, 3)",,Graduate,
SSW 75300,Program Evaluation,"(2, 2)",,Graduate,
PSYCH 75094,Programming and Data Analysis,"(3, 3)",,Graduate,
CSCI 70900,Programming in a High-Level Language,"(3, 3)",,Graduate,
BIOL 79005,Programming in Python for Bioinformatics,"(3, 3)",,Graduate,
HIST 77496,Progrsvsm & New Deal,"(3, 3)",,Graduate,
COUNS 75650,Proj Sem 1: Couns Ev,"(3, 3)",,Graduate,
COUNS 75750,Proj Sem 2: Research,"(3, 3)",,Graduate,
ARTCR 75152,Project in Clay & Casting,"(3, 3)",,Graduate,
CSCI 79800,Project in Computer Science,"(3, 3)",,Graduate,
URBP 7871D,Project Management,"(3, 3)",,Graduate,
ARTCR 75168,Projection Drawing,"(3, 3)",,Graduate,
IMA 78097,Projection Mapping,"(3, 3)",,Graduate,
IMA 78397,Projection Mapping,"(1, 1)",,Graduate,
ARTCR 75159,Projects in 2-D & 3-D,"(3, 3)",,Graduate,
ARTCR 75146,Projects in 2D,"(3, 3)",,Graduate,
ARTCR 75165,Projects in 3-D,"(3, 3)",,Graduate,
ARTCR 75150,Projects in 3-D,"(3, 3)",,Graduate,
ARTCR 75157,Projects in Graphics,"(3, 3)",,Graduate,
ARTCR 75197,Projects in Video,"(3, 3)",,Graduate,
ARTCR 75164,Projects-Computer Graphics,"(3, 3)",,Graduate,
NURS 93600,Proposal Development 1,"(2, 2)",,Doctoral,
NURS 93700,Proposal Development 2,"(3, 3)",,Doctoral,
NURS 93800,Proposal Development 3,"(3, 3)",,Doctoral,
PT 80700,Proprioceptive Neuromuscular Facilitation,"(1, 1)",,Doctoral,
ENGL 75156,Prose & Pol American Welfare,"(3, 3)",,Graduate,
ITAL 72000,Prose Works of Dante,"(3, 3)",,Graduate,
PSYCH 70900,Proseminar 2,"(3, 3)",,Graduate,
PSYCH 70800,Proseminar I (Biological),"(3, 3)",,Graduate,
EDDIL 79900,Proseminar in Instructional Leadership,"(1, 1)",,Graduate,
PSYCH 70200,Proseminar in Psychology,"(3, 3)",,Graduate,
ENGL 76145,Proust Kafka Joyce,"(3, 3)",,Graduate,
FREN 79550,Proust: Rem of Th Ps1,"(3, 3)",,Graduate,
NURS 69954,Psy Asp Act&Lng Ill,"(3, 3)",,Graduate,
NURS 72000,Psy-Beh Pat Ad Nsg 1,"(3, 3)",,Graduate,
NURS 72100,Psy-Beh Pat Ad:Nsg 2,"(3, 3)",,Graduate,
NURS 72200,Psy-Beh Pat Ad:Nsg 3,"(3, 3)",,Graduate,
BILED 771FW,Psych Lang Learning & Teaching,"(2, 2)",,Graduate,
PSY 531,Psych Of The Handicapped,"(3, 3)",,Graduate,
EPI 76100,Psychiatric and Mental Health Epidemiology,"(3, 3)",,Graduate,
NURS 78300,Psychiatric Mental Health Nurse Practitioner/Clinical Practicum 2,"(5, 5)",,Graduate,
NURS 78200,Psychiatric Mental Health Nurse Practitioner/Clinical Practicum I,"(5, 5)",,Graduate,
COCO 70300,"Psycho Social, Cultural, and Political Aspects of Disability: Rehabilitation and Special Education","(3, 3)",,Graduate,
NURS 64200,Psycho-Bio Asp-Aging,"(3, 3)",,Graduate,
PSYCH 80154,Psychoanalysis Today,"(3, 3)",,Graduate,
IMA 78024,Psychogeography,"(3, 3)",,Graduate,
COMSC 70400,Psycholgcl Acoustics,"(3, 3)",,Graduate,
COMSC 76300,Psychological Acous.,"(3, 3)",,Graduate,
ANTH 71000,Psychological Anthropology,"(3, 3)",,Graduate,
PSYCH 74800,Psychological Theories of Ethnic and Cultural Identity (S) (S),"(3, 3)",,Graduate,
PSYCH 75049,Psychology of Emotion,"(3, 3)",,Graduate,
BILED 77100,Psychology of Language Learning and Teaching,"(3, 3)",,Graduate,
PSYCH 73000,"Psychology of Learning (B, S)","(3, 3)",,Graduate,
PSYCH 73500,Psychology of Perception,"(3, 3)",,Graduate,
PSYCH 67600,Psychology of Personality (A),"(3, 3)",,Graduate,
PSYCH 65100,Psychology of Small Groups (A),"(3, 3)",,Graduate,
PSYCH 76000,Psychometric Methods,"(3, 3)",,Graduate,
NURS 92500,Psychometric Methods,"(2, 2)",,Doctoral,
NURS 69970,Psychopath:Later Yrs,"(3, 3)",,Graduate,
PSYCH 75500,Psychopathology I (A),"(3, 3)",,Graduate,
PSYCH 75600,Psychopathology II,"(3, 3)",,Graduate,
COUNM 71700,Psychopathology: Diagnosis And Treatment,"(3, 3)",,Graduate,
NURS 69988,Psychopharmacology,"(3, 3)",,Graduate,
NURS 71900,Psychopharmacology,"(3, 3)",,Graduate,
PSYCH 76300,Psychophysical Methods,"(3, 3)",,Graduate,
PT 69500,Psychosocial Aspects,"(2, 2)",,Graduate,
PT 57500,Psychosocial Aspects,"(2, 2)",,Graduate,
NURS 75400,Psychosocial Behavioral Patterns of Older Adults,"(3, 3)",,Graduate,
PT 73500,Pt Health Promotion,"(2, 2)",,Doctoral,
PT 69600,Pt Prevntn& Interven,"(4, 4)",,Graduate,
SSW 79706,PTSD in the Aftermath of COVID-19,"(3, 3)",,Graduate,
SSW 79754,Pub Pol & Prg:Agng Fld,"(3, 3)",,Graduate,
EDFDN 70900,Pub Policy-Pub Educ,"(3, 3)",,Graduate,
ARTH 7801B,Public Architecture in France,"(3, 3)",,Graduate,
URBG 78755,Public Finance,"(3, 3)",,Graduate,
ECO 71500,Public Finance,"(3, 3)",,Graduate,
URBG 78755,Public Finance,"(3, 3)",,Graduate,
IMA 78034,Public Health & Documentary,"(3, 3)",,Graduate,
COMHE 77026,Public Health & Media,"(3, 3)",,Graduate,
COMHE 77084,Public Health Adv:Thy & Prc,"(3, 3)",,Graduate,
PH 77039,Public Health Informatics,"(3, 3)",,Graduate,
COMHE 77088,Public Health Law,"(3, 3)",,Graduate,
HPM 75000,Public Health Management,"(3, 3)",,Graduate,
NUTR 73701,Public Health Nutrition Fieldwork I,"(3, 3)",,Graduate,
NUTR 73800,Public Health Nutrition Seminar,"(3, 3)",,Graduate,
PH 71800,Public Health Perspectives on Mental Health Policy & Practice,"(3, 3)",,Graduate,
COMHE 77007,Public Health Research,"(3, 3)",,Graduate,
EPI 76300,Public Health Surveillance,"(3, 3)",,Graduate,
IMA 78318,Public Humanities for Digital Media Artists,"(1, 1)",,Graduate,
URBP 7872R,Public Infrastructure,"(3, 3)",,Graduate,
IMA 74500,Public Issue Graphics,"(3, 3)",,Graduate,
URBP 78741,Public Participation and GIS Seminar,"(3, 3)",,Graduate,
GSR 74200,Public Policy Analysis,"(3, 3)",,Graduate,
ARTCR 75180,Public Practice / Private Practice,"(3, 3)",,Graduate,
IMA 76100,Public Relations,"(3, 3)",,Graduate,
ARTCR 75179,Public School,"(3, 3)",,Graduate,
URBP 7872D,Public Space and Community Participation,"(3, 3)",,Graduate,
URBP 78738,Public Transit Planning,"(3, 3)",,Graduate,
IMA 78096,Publicity and Society,"(3, 3)",,Graduate,
PT 68100,Pul Eval. & Interven,"(1, 1)",,Graduate,
PT 79000,Pulmonary Examination & Intervention,"(2, 2)",,Doctoral,
THC 76072,Puppets and Performing Objects,"(3, 3)",,Graduate,
PH 77086,QA in Management,"(3, 3)",,Graduate,
COMHE 77085,Qual Methods in Public Health,"(3, 3)",,Graduate,
GSR 71000,Qualitative Digital Research Methods,"(3, 3)",,Graduate,
EDF 80100,Qualitative Methods in Educational Research,"(3, 3)",,Doctoral,
ANTH 77104,Qualitative Methods in Linguistics,"(3, 3)",,Graduate,
NURS 92300,Qualitative Research Methods,"(3, 3)",,Doctoral,
EDPS 74200,Qualitative Research Methods in Education,"(3, 3)",,Graduate,
URBG 78727,Qualitatvie Methods,"(3, 3)",,Graduate,
ANTH 77101,Quantitative Data Linguistic Analysis,"(3, 3)",,Graduate,
GSR 71100,Quantitative Digital Research Methods,"(3, 3)",,Graduate,
ANTH 77102,Quantitative Linguistics,"(3, 3)",,Graduate,
ANTH 70500,Quantitative Measures,"(3, 3)",,Graduate,
EDF 80200,Quantitative Methods and Measurement,"(3, 3)",,Doctoral,
GTECH 70200,Quantitative Methods in Geography,"(3, 3)",,Graduate,
PSYCH 78000,Quantitative Methods in Psychology,"(3, 3)",,Graduate,
NURS 92200,Quantitative Research Methods,"(3, 3)",,Doctoral,
PHYS 826U0,Quantum Field Theory,"(4, 4)",,Graduate,
PHYS 825U0,Quantum Field Theory,"(4, 4)",,Graduate,
PHYS 82640,Quantum Field Theory,"(4, 4)",,Graduate,
PHYS 72500,Quantum Mechanics,"(4, 4)",,Graduate,
PHYS 72600,Quantum Mechanics 2,"(4, 4)",,Graduate,
EPI 70N04,Quasi-Experimental Studies: Design & Analytic Approaches,"(2, 2)",,Graduate,
IMA 78092,Queer Audience,"(3, 3)",,Graduate,
HIST 77352,Queer Europe,"(3, 3)",,Graduate,
FREN 79111,Question De Culture,"(3, 3)",,Graduate,
ENGL 77667,Question of the Orient,"(3, 3)",,Graduate,
ENGL 77350,Questions of Citizenship in Latina/o Literature,"(3, 3)",,Graduate,
FREN 72200,Rabelais and Montaigne,"(3, 3)",,Graduate,
URBG 78732,Race & Ethnic Pol NY,"(3, 3)",,Graduate,
ANTH 70265,Race and Ethnicity,"(3, 3)",,Graduate,
ENGL 76053,Race and Migration,"(3, 3)",,Graduate,
ENGL 76649,Race and Modernity,"(3, 3)",,Graduate,
HIST 77207,Race and Racism in United States History,"(3, 3)",,Graduate,
URBG 78737,Race Class Pubic Policy,"(3, 3)",,Graduate,
ANTH 75653,Race Colonialism & Language,"(3, 3)",,Graduate,
ENGL 77250,Race Culture Modern,"(3, 3)",,Graduate,
ENGL 77680,Race Culture Modern,"(3, 3)",,Graduate,
EDFDN 70052,"Race, Gender & Cult","(3, 3)",,Graduate,
SSW 70451,Rad Pol & Prac in SW,"(3, 3)",,Graduate,
CEDF 75002,Radical Care: Teaching and Leading for Justice in Schools,"(3, 3)",,Graduate,
IMA 78305,Radicalizing the Local,"(1, 1)",,Graduate,
MEDIA 79000,Radio & TV in Society,"(3, 3)",,Graduate,
PHYS 65000,Radiological Physics and Dosimetry,"(3, 3)",,Graduate,
MUS 74070,Rap Music In HipHop Culture,"(3, 3)",,Graduate,
ARTH 7803Z,Rausch,"(3, 3)",,Graduate,
HIST 77401,"Rce,Gndr,Ethncty-US","(3, 3)",,Graduate,
EDUC 79500,Rdg/Wrtg Workshop,"(3, 3)",,Graduate,
EDUC 75600,Rdng Mat for Adolesc,"(3, 3)",,Graduate,
IMA 78037,Re-Enactment in Documentary,"(3, 3)",,Graduate,
ENGL 75457,Re-National:Am 45-50,"(3, 3)",,Graduate,
ARTCR 7511E,Re-Storying Ecosystems,"(3, 3)",,Graduate,
ENGL 68102,Reading,"(2, 2)",,Graduate,
ENGL 68103,Reading,"(3, 3)",,Graduate,
ENGL 68101,Reading,"(1, 1)",,Graduate,
EDUC 72067,Reading & Writing Thru Drama,"(3, 3)",,Graduate,
ARTH 7804B,Reading Clement Greenberg,"(3, 3)",,Graduate,
ENGL 78100,Reading Credit,"(3, 3)",,Graduate,
ENGL 78800,Reading Credit,"(3, 3)",,Graduate,
THC 72595,Reading Drama for Craft,"(3, 3)",,Graduate,
SPED 78150,Reading for Students with Disabilities: Methods,"(3, 3)",,Graduate,
SPED 78100,Reading for Students with Learning Disabilities Grades 1-6: Methods 1 (KC),"(3, 3)",,Graduate,
SPED 78151,Reading Writing: Advanced Ld Method I (KC),"(3, 3)",,Graduate,
CSCI 77400,Real Time Systems 1,"(3, 3)",,Graduate,
CSCI 77500,Real Time Systems 2,"(3, 3)",,Graduate,
ARTH 78018,Realism & Abstraction,"(3, 3)",,Graduate,
ENGL 70278,Realism & It's Discont,"(3, 3)",,Graduate,
SPAN 74200,Realism and Naturalism in the Spanish Novel of 19th Century,"(3, 3)",,Graduate,
THC 76080,Realism in 20th Century American Drama and Theatre,"(3, 3)",,Graduate,
FREN 79502,Realist Trd:French Cinema,"(3, 3)",,Graduate,
MUS 74060,Realizing Sound Syn,"(3, 3)",,Graduate,
HIST 7741N,Reconsidering American History: The Global Context,"(3, 3)",,Graduate,
COMHE 77005,Reducing Disparities,"(3, 3)",,Graduate,
NUTR 77005,Reducing Disparities,"(3, 3)",,Graduate,
CEDC 70600,Reflective Practice in Elementary School Social Studies Curriculum Development,"(3, 3)",,Graduate,
HIST 77434,Reform & Wars of Rel,"(3, 3)",,Graduate,
HIST 75200,Reformation and Counter - Reformation,"(3, 3)",,Graduate,
SSW 79161,Reformng welfare St,"(2, 2)",,Graduate,
ARTH 7805Q,Reframing the Photographic Archive,"(3, 3)",,Graduate,
HIST 77433,Refrm Mvt-Mod Islam,"(3, 3)",,Graduate,
HIST 7741J,Refugees and the Making of the Modern World,"(3, 3)",,Graduate,
BIOL 79898,Reg:Gene Exp Prokary,"(3, 3)",,Graduate,
ANTH 72400,Regional Analysis,"(3, 3)",,Graduate,
ANTH 75156,Regional Analysis,"(3, 3)",,Graduate,
URBG 73900,Regional Planning,"(3, 3)",,Graduate,
STAT 72451,Regression Analysis,"(3, 3)",,Graduate,
STAT 71451,Regression and Anova,"(3, 3)",,Graduate,
URBP 78712,Regulation of the Urban Form,"(3, 3)",,Graduate,
NURS 70600,Rehab For A.D.L.,"(3, 3)",,Graduate,
IMA 78324,Reimagining the Family Album,"(1, 1)",,Graduate,
ENGL 76150,Reinventing What Remains: The Postmodern Historical Novel,"(3, 3)",,Graduate,
HIST 77466,Rel & Pol in Lat Amer,"(3, 3)",,Graduate,
ARTH 78087,Rel American & European Paintg,"(3, 3)",,Graduate,
PSYCH 75069,Relational Analysis,"(3, 3)",,Graduate,
ANTH 70800,Religion & Ideology,"(3, 3)",,Graduate,
ENGL 70751,Religion And Violence in Medieval Literature,"(3, 3)",,Graduate,
RAS 77152,Religion in Rus Hist,"(3, 3)",,Graduate,
ANTH 70209,Religious Words & Worlds,"(3, 3)",,Graduate,
IMA 78075,Remix Culture: Theory and Practice,"(3, 3)",,Graduate,
ANTH 73600,Remote Sensing Lab,"(3, 3)",,Graduate,
GTECH 71200,Remote Sensing of Environment,"(3, 3)",,Graduate,
HIST 77489,Ren Intellectual His,"(3, 3)",,Graduate,
ARTH 7805K,Renaissance,"(3, 3)",,Graduate,
ARTH 78079,Renaissance Architecture,"(3, 3)",,Graduate,
ARTH 62400,Renaissance Art 2,"(3, 3)",,Graduate,
ARTH 62300,Renaissance Art I,"(3, 3)",,Graduate,
ENGL 71651,Renaissance Drama and Material Culture,"(3, 3)",,Graduate,
ENGL 71600,Renaissance Drama Exclusive Of Shakespeare,"(3, 3)",,Graduate,
MUS 70600,Renaissance Notation,"(3, 3)",,Graduate,
ENGL 70285,Renaissance Pastoral,"(3, 3)",,Graduate,
ITAL 79315,Renaissance Tragedy,"(3, 3)",,Graduate,
URBG 78785,Reporting: Local Policy & Investigative,"(3, 3)",,Graduate,
HIST 74900,Representative Americans,"(3, 3)",,Graduate,
EPI 77006,Repro Health Epidemiology,"(3, 3)",,Graduate,
EPI 75700,Reproduction & Perinatl Epidemiology,"(3, 3)",,Graduate,
COMHE 77075,Reproductive Health,"(3, 3)",,Graduate,
PH 77038,"Reproductive, Sexual Health Policy","(3, 3)",,Graduate,
MUS 78962,Requiem History & Performance,"(3, 3)",,Graduate,
PSYCH 63200,Res in Social Psych,"(3, 3)",,Graduate,
ARTH 60200,Res Mthd of Art Hist,"(3, 3)",,Graduate,
NUTR 77022,Res Mthds: Comm Hlth,"(3, 3)",,Graduate,
GSR 79035,Res On Nyc Food Syst,"(3, 3)",,Graduate,
URBG 78707,Res on NYC Food Syst,"(3, 3)",,Graduate,
SSW 75500,Res SW Proc & Outcm 2,"(3, 3)",,Graduate,
EDF 74900,Resch Sem: Multicult Education,"(3, 3)",,Graduate,
SSW 75150,Research,"(3, 3)",,Graduate,
SSW 75151,Research 1 Fya,"(3, 3)",,Graduate,
SSW 75154,Research 1: PSJ,"(3, 3)",,Graduate,
SSW 75153,Research 1: Sh,"(3, 3)",,Graduate,
SSW 75152,Research 1:Ed,"(3, 3)",,Graduate,
SSW 75155,Research 1:WW,"(3, 3)",,Graduate,
SSW 75900,Research 2,"(3, 3)",,Graduate,
PH 77079,Research Action Workshop on Food Policy in East Harlem,"(3, 3)",,Graduate,
ECC 80100,Research and Practice in Early Childhood Education,"(3, 3)",,Doctoral,
GSR 72500,Research Design,"(3, 3)",,Graduate,
PT 63000,Research Design,"(2, 2)",,Graduate,
PT 70700,Research Design and Methods,"(3, 3)",,Doctoral,
GEOG 70154,Research Design Geog,"(3, 3)",,Graduate,
ANTH 72200,Research Design in Anthropology,"(3, 3)",,Graduate,
CHEM 81001,Research for the Doctoral Dissertation,"(1, 1)",,Graduate,
CHEM 81004,Research for the Doctoral Dissertation,"(4, 4)",,Graduate,
GSR 71800,Research Internship,"(3, 3)",,Graduate,
PSYCH 8018U,Research Methods,"(3, 3)",,Graduate,
NUTR 77007,Research Methods,"(3, 3)",,Graduate,
PSYCH 80180,Research Methods,"(3, 3)",,Graduate,
MLS 64400,Research Methods 1,"(1, 1)",,Graduate,
MLS 64500,Research Methods 2,"(1, 1)",,Graduate,
MLS 64600,Research Methods 3,"(1, 1)",,Graduate,
HIST 79000,Research Methods Class for First-Year Ma Students,"(3, 3)",,Graduate,
PSYCH 73900,"Research Methods in Animal Behavior (A, B)","(3, 3)",,Graduate,
COCO 70900,Research Methods in Counseling,"(3, 3)",,Graduate,
EDUC 80500,Research on Effective Practice and Curriculum (REPAC) in Literacy,"(3, 3)",,Doctoral,
EDUC 80100,Research on Effective Practice and Curriculum for Multilingual Learner,"(3, 3)",,Doctoral,
SPED 80100,Research on Effective Practice and Curriculum for Students withDisabilities,"(3, 3)",,Doctoral,
EDUC 80400,Research on Effective Practice and Curriculum in Arts and Humanities,"(3, 3)",,Doctoral,
EDUC 80300,Research on Effective Practice and Curriculum in Math,"(3, 3)",,Doctoral,
URBG 78762,Research on Inequality and Poverty,"(3, 3)",,Graduate,
ENGL 77501,Research on Writing and the Teaching of Writing,"(3, 3)",,Graduate,
PHYS 77300,Research or Independent Study,"(2, 2)",,Graduate,
PHYS 77100,Research or Independent Study,"(2, 2)",,Graduate,
PHYS 77200,Research or Independent Study,"(2, 2)",,Graduate,
GSR 79005,Research Practicum: Advanced Statistical Analysis,"(3, 3)",,Graduate,
GSR 79046,Research Practicum: New Media,"(3, 3)",,Graduate,
NURS 92800,Research Residency,"(1, 1)",,Doctoral,
ADSUP 71700,Research Sem-Sup&Adm,"(4, 4)",,Graduate,
HED 63100,Research Seminar,"(3, 3)",,Graduate,
PT 68500,Research Seminar I,"(1, 1)",,Graduate,
SEDC 73200,"Research Seminar in Mathematics Education, Grades 7-12","(3, 3)",,Graduate,
CEDC 74300,Research Seminar in Mathematics/Science Education,"(3, 3)",,Graduate,
ADSUP 70500,Research Seminar in Supervision and Administration,"(3, 3)",,Graduate,
PH 77037,Research Seminar on the Health of Cuny Students,"(3, 3)",,Graduate,
SPEDE 70700,Research Seminar: Issues in Early Intervention and Early Childhood Special Education,"(1, 1)",,Graduate,
SPED 70700,Research Seminar: Issues in Special Education (KC),"(3, 3)",,Graduate,
ECO 77000,Research Techniques in Accounting,"(3, 3)",,Graduate,
GEOG 70200,Research Topics in Geography,"(1, 1)",,Graduate,
CHEM 81003,Research-Doctoral Dissertation,"(3, 3)",,Graduate,
CHEM 81002,Research-Doctoral Dissertation,"(2, 2)",,Graduate,
URBP 7872L,Resiliency & Infrastructure Planning in NYC,"(3, 3)",,Graduate,
URBP 7872W,Resilient Waterfronts,"(3, 3)",,Graduate,
COUNR 71600,Resources and Foundations of Rehabilitation,"(3, 3)",,Graduate,
ARTH 7803Y,Rethinking 20th Century American Realism,"(3, 3)",,Graduate,
GSR 76200,Rethinking Development In The Global Era,"(3, 3)",,Graduate,
GSR 79060,Rethinking Devlopmnt,"(3, 3)",,Graduate,
BIOL 79090,Retinal Neurophysiol,"(3, 3)",,Graduate,
URBP 7871F,Return to the City,"(3, 3)",,Graduate,
HIST 77414,Rev Englnd:1603-1714,"(3, 3)",,Graduate,
ENGL 77154,Revisions of Blackness,"(3, 3)",,Graduate,
URBP 78786,Revitalizing the City,"(3, 3)",,Graduate,
RAS 78952,Revolution Mass Movements,"(3, 3)",,Graduate,
ARTH 78031,Revolutionary Aesthe,"(3, 3)",,Graduate,
ENGL 61500,Rhetoric and Composition,"(3, 3)",,Graduate,
ENGL 78656,"Rhetoric, Sex, and Freedom","(3, 3)",,Graduate,
IMA 78054,Rights And Re-Visions,"(3, 3)",,Graduate,
IMA 78095,Rights and Revisions,"(3, 3)",,Graduate,
HIST 77461,Rise & Fall Chin Comm,"(3, 3)",,Graduate,
ANTH 75800,Rise of Civilization,"(3, 3)",,Graduate,
MLS 72000,Risk Management for the Biomedical Laboratory,"(3, 3)",,Graduate,
BIOL 79075,RNA Interference,"(3, 3)",,Graduate,
CEDC 77900,Robotics and Engineering (KC),"(3, 3)",,Graduate,
ARTH 78071,Roman Architecture,"(3, 3)",,Graduate,
ARTH 62000,Roman Art,"(3, 3)",,Graduate,
ARTH 78074,Roman Art,"(3, 3)",,Graduate,
LAT 71006,Roman Religion in Latin Literature,"(3, 3)",,Graduate,
MUS 76062,Romantic Opera,"(3, 3)",,Graduate,
ENGL 74000,Romantic Poetry,"(3, 3)",,Graduate,
SPAN 75100,Romantic Poetry from Rivas to Bécquer Distinctive Features of Romantic Movement In Spain As Manifest,"(3, 3)",,Graduate,
ENGL 74052,Romantic Prose Writers,"(3, 3)",,Graduate,
FREN 75100,Romanticism and the Parnasse,"(3, 3)",,Graduate,
ARTH 7801D,Rome After Empire 300-1000,"(3, 3)",,Graduate,
ARTH 7803M,Rome After Empire C 300-1100 AD,"(3, 3)",,Graduate,
ARTH 7805D,Rome: an urban history from antiquity to the Present,"(3, 3)",,Graduate,
IMA 78015,Rptg:Lcl Pol&Invstgv,"(3, 3)",,Graduate,
ARTCR 75185,Rules of Games,"(3, 3)",,Graduate,
GEOG 71300,Rural Water Supply in Developing Regions,"(3, 3)",,Graduate,
RAS 70100,Rus Before Grt Refrm,"(3, 3)",,Graduate,
RAS 77916,Rus Cine:Cul Pol Doc,"(3, 3)",,Graduate,
RAS 74600,Rus Flklr Myths-Trad,"(3, 3)",,Graduate,
RAS 70200,Rus Fr Grt Ref-Pres,"(3, 3)",,Graduate,
RAS 70600,Rus Intell Cur19&20C,"(3, 3)",,Graduate,
RAS 77960,Rus Theater in Rus,"(3, 3)",,Graduate,
RAS 77151,Rus&Sov Th-Herz/Trot,"(3, 3)",,Graduate,
RAS 77156,Russ Intelligentsia,"(3, 3)",,Graduate,
RAS 78955,Russ Polit Dissent,"(3, 3)",,Graduate,
HIST 77404,Russ-Eur Diplomacy,"(3, 3)",,Graduate,
HIST 7741E,Russia & East Europe,"(3, 3)",,Graduate,
HIST 7741I,Russia and Soviet Union in 20th Century,"(3, 3)",,Graduate,
RAS 78950,Russia Nat Interest,"(3, 3)",,Graduate,
HIST 77465,Russia to 20 Cent,"(3, 3)",,Graduate,
HIST 77402,Russia: Grt Reform,"(3, 3)",,Graduate,
RAS 74000,Russian Literature from 11th Century to the 18th Century,"(3, 3)",,Graduate,
MUS 74276,Russian Opera,"(3, 3)",,Graduate,
RAS 74300,Russian Poetry,"(3, 3)",,Graduate,
RAS 78972,Russian Science Fic,"(3, 3)",,Graduate,
RAS 77961,Russian Theater,"(3, 3)",,Graduate,
TRNR 75300,Russian to English Translation,"(3, 3)",,Graduate,
RAS 74700,Russian&Soviet Drama,"(3, 3)",,Graduate,
TRNR 76300,Russian-English Literary Translation,"(3, 3)",,Graduate,
TRNR 76100,Russian-English Sight Translation and Consecutive Interpreting,"(3, 3)",,Graduate,
TRNR 76200,Russian-English Simultaneous Interpreting,"(3, 3)",,Graduate,
RAS 77158,Russo-European Diplo,"(3, 3)",,Graduate,
HED 71200,Safety Education,"(3, 3)",,Graduate,
HED 61200,Safety Education,"(3, 3)",,Graduate,
ARTH 78017,Saints and Pilgrims,"(3, 3)",,Graduate,
ARTCR 7511S,Sampling Politics and Culture,"(3, 3)",,Graduate,
STAT 72553,Sampling Theory,"(3, 3)",,Graduate,
EPI 70N07,SAS Data Management,"(1, 1)",,Graduate,
FREN 79180,Savoir et anxiete a la Renaissance,"(3, 3)",,Graduate,
SSW 79178,Sbstnc Abs in Wrk Pl,"(2, 2)",,Graduate,
COMSC 71400,Sch Age Lng Dev Dis,"(3, 3)",,Graduate,
ADSUP 75100,Sch/Region Field Exp (KC),"(4, 4)",,Graduate,
ADSUP 74100,Schl District Lead,"(4, 4)",,Graduate,
ADSUP 71300,Schl Finance/Budget,"(3, 3)",,Graduate,
ADSUP 72100,Schl Law & Finance,"(4, 4)",,Graduate,
MUS 74261,"Schoenb, Strav and Adorno","(3, 3)",,Graduate,
EDFDN 70200,School and Community,"(2, 2)",,Graduate,
ADSUP 70200,School Building Leadership,"(3, 3)",,Graduate,
ADSUP 71100,"School Finance, Facilities & Operations","(3, 3)",,Graduate,
HED 62400,School Health Services and Environment,"(3, 3)",,Graduate,
ADSUP 71200,School Improvement through Technology and Data-Driven Decision-Making,"(3, 3)",,Graduate,
ADSUP 70600,School-Based Field Experience Seminar in Administration and Supervision,"(3, 3)",,Graduate,
CHEM 63000,Science and Society,"(3, 3)",,Graduate,
PHYS 63000,Science and Society,"(3, 3)",,Graduate,
PGEOG 63000,Science and Society,"(3, 3)",,Graduate,
BIOL 63000,Science and Society 3 Biol 610.55 or Perm of Instructor,"(3, 3)",,Graduate,
ECC 71100,Science in Early Childhood Education: Birth through Grade 2,"(3, 3)",,Graduate,
SEDC 71800,Science: Curriculum and Methods - Grades 7-12,"(3, 3)",,Graduate,
NURS 92100,Scientific Literature Synthesis,"(2, 2)",,Doctoral,
NURS 91900,Scientific Writing,"(1, 1)",,Doctoral,
MUS 74054,Scoring Music for Film,"(3, 3)",,Graduate,
DAN 74664,Screendance,"(3, 3)",,Graduate,
SSW 79745,Screening & Treatment of Maternal Mental Health,"(3, 3)",,Graduate,
ARTCR 75123,Screens or Futurisms,"(3, 3)",,Graduate,
ARTCR 75119,Sculpture Methods,"(3, 3)",,Graduate,
ARTH 78061,Sculpture Since 1965,"(3, 3)",,Graduate,
ARTCR 75190,Sculptures Elective,"(3, 3)",,Graduate,
BILED 77000,Second Language Learning & Teaching,"(2, 2)",,Graduate,
EDESL 73200,Second Language Literacy and Language,"(3, 3)",,Graduate,
EDESL 79200,Second Language Literacy and Technology,"(3, 3)",,Graduate,
ANTH 70750,Secrecy & Culture in East Eur,"(3, 3)",,Graduate,
URBP 78743,Security Planning,"(3, 3)",,Graduate,
ITAL 79388,See Naples and Die: Representations of Naples From Serao to Ferrante,"(3, 3)",,Graduate,
ARTCR 75117,Seeing Space Art Geography,"(3, 3)",,Graduate,
ENGL 77556,Sel St:20c E&A Ptry,"(3, 3)",,Graduate,
ENGL 77592,Sel St:Engl&Amer Lit,"(3, 3)",,Graduate,
ENGL 77574,Sel Std Englsh & Amer Lit,"(3, 3)",,Graduate,
ENGL 77581,Sel Std Englsh & Amer Lit,"(3, 3)",,Graduate,
ENGL 77577,Sel Std in Englsh & Amer Lit,"(3, 3)",,Graduate,
ENGL 77582,Sel Stu in English & Amer,"(3, 3)",,Graduate,
ENGL 77664,Sel Stu in Multiculture,"(3, 3)",,Graduate,
ENGL 75452,Sel Stu in Wk of Maj,"(3, 3)",,Graduate,
RAS 78900,Sel Top Comp Politcs,"(3, 3)",,Graduate,
EDESL 70100,Sel Topics: Tesol,"(1, 1)",,Graduate,
ADSUP 72863,Sel Tpc:School Refrm,"(3, 3)",,Graduate,
ADSUP 72862,Sel Tpcs:Ref Mdls,"(3, 3)",,Graduate,
ADSUP 72861,Sel Tpcs:Schl Law,"(3, 3)",,Graduate,
RAS 78967,Sel Tpcs:Total& Dict,"(3, 3)",,Graduate,
ENGL 77576,Select Studies in English and American Literature,"(3, 3)",,Graduate,
ENGL 77500,Selected Studies In British And American Literature,"(3, 3)",,Graduate,
ENGL 75400,Selected Studies in Work of Major American Writers,"(3, 3)",,Graduate,
ENGL 77051,Selected Studies: Contemporary Poets,"(3, 3)",,Graduate,
ENGL 77575,Selected Studies: English,"(3, 3)",,Graduate,
ENGL 75450,Selected Studies: Faulkner,"(3, 3)",,Graduate,
ADSUP 72800,Selected Topics,"(3, 3)",,Graduate,
ENGL 77584,Selected Topics,"(3, 3)",,Graduate,
EDLIT 74100,Selected Topics,"(3, 3)",,Graduate,
RAS 78966,Selected Topics :Cold War,"(3, 3)",,Graduate,
EDESL 78900,Selected Topics in TESOL,"(3, 3)",,Graduate,
EDESL 70150,Selected Topics in Tesol: Teaching Vocabulary,"(1, 1)",,Graduate,
URBP 78700,Selected Topics in Urban Planning and Urban Affairs,"(3, 3)",,Graduate,
ARTH 7801A,Self Portraiture,"(3, 3)",,Graduate,
EDPS 74301,Self-regulation of Learning and Performance,"(4, 4)",,Graduate,
COUNS 75751,Sem Couns 8:Ldrshp J,"(3, 3)",,Graduate,
COMHE 72800,Sem Current Health Problems 1,"(3, 3)",,Graduate,
COMHE 72900,Sem Current Health Problems 2,"(2, 2)",,Graduate,
URBP 78722,Sem Dev Pln Hhh St 2,"(3, 3)",,Graduate,
URBP 78799,Sem Dev Plng Hhh Stu,"(3, 3)",,Graduate,
ECO 79568,Sem Environmental Economics,"(3, 3)",,Graduate,
CSCI 79512,"Sem Fuzzy Sets,System","(3, 3)",,Graduate,
SSW 70400,Sem in Social Wlfare,"(2, 2)",,Graduate,
ANTH 70257,Sem Nomad Past & Dev,"(3, 3)",,Graduate,
ANTH 70259,Sem Reg Persp Anthro,"(3, 3)",,Graduate,
ANTH 70271,Sem S Eur Fam Soc,"(3, 3)",,Graduate,
EDFDN 73200,Sem Stdy Gft/Tal Chl,"(3, 3)",,Graduate,
EDUC 70100,Sem Tch Chld Urb Are,"(3, 3)",,Graduate,
COUNS 75551,"Sem-Couns 6: Org,Adm","(3, 3)",,Graduate,
COUNS 75651,Sem-Couns 7:Cnslng I,"(3, 3)",,Graduate,
FREN 79800,Sem. in French Lit History,"(3, 3)",,Graduate,
COUNS 75151,Sem2:Grp Cslng Techs,"(3, 3)",,Graduate,
COUNS 75252,Sem3:Career Development,"(3, 3)",,Graduate,
COUNS 75351,Sem4:Voc Applicatins,"(3, 3)",,Graduate,
COUNS 75451,Sem5:Cslng Practicum,"(3, 3)",,Graduate,
CSCI 79513,Sem: Adv Discr Stru,"(3, 3)",,Graduate,
PSYCH 8016U,Sem: Animal Communic,"(3, 3)",,Graduate,
PSYCH 80160,Sem: Animal Communic,"(3, 3)",,Graduate,
ANTH 75152,Sem: Archaeology,"(3, 3)",,Graduate,
ARTH 78064,Sem: Botticelli,"(3, 3)",,Graduate,
MEDIA 79659,Sem: Comm & Cybernetics,"(3, 3)",,Graduate,
MEDIA 79668,Sem: Comm&Conflct Res,"(3, 3)",,Graduate,
ANTH 77150,Sem: Creole Lang,"(3, 3)",,Graduate,
EDUC 71100,Sem: Early Childhood,"(3, 3)",,Graduate,
EDFDN 72500,Sem: Educ Research,"(3, 3)",,Graduate,
ANTH 75159,Sem: Lithic Analysis,"(3, 3)",,Graduate,
MUS 74051,Sem: Music Theory,"(3, 3)",,Graduate,
ANTH 79156,Sem: Rainforest Ecology,"(3, 3)",,Graduate,
MEDIA 79651,Sem: Rhetoric of Pol,"(3, 3)",,Graduate,
PSYCH 8015U,Sem: Sociobiology,"(3, 3)",,Graduate,
ANTH 79152,Sem: Sov Apprch-Anth,"(3, 3)",,Graduate,
ANTH 70254,Sem: Urban Anthropology,"(3, 3)",,Graduate,
RAS 78958,Sem: US Sov Relation,"(3, 3)",,Graduate,
EDUC 71300,Sem:Ad&Sup:Erly Chld,"(3, 3)",,Graduate,
CSCI 79504,Sem:Adv Cmp Graf Tec,"(3, 3)",,Graduate,
PGEOG 70569,Sem:Advoceadw/Matlab,"(3, 3)",,Graduate,
ANTH 75154,Sem:Analytical Mthd-Archeo,"(3, 3)",,Graduate,
ANTH 75150,Sem:Archeo Fld Mthds,"(3, 3)",,Graduate,
MEDIA 79665,Sem:Broadcasting Eco,"(3, 3)",,Graduate,
MEDIA 79652,Sem:Com&Social Order,"(3, 3)",,Graduate,
CSCI 79518,Sem:Comp Linguistics,"(3, 3)",,Graduate,
CSCI 79507,Sem:Computational Geometry,"(3, 3)",,Graduate,
MEDIA 79650,Sem:Crit of Brdcstg,"(3, 3)",,Graduate,
ANTH 70285,Sem:Ethnomusicol 2,"(3, 3)",,Graduate,
ANTH 79150,Sem:Exper Phys Anth,"(3, 3)",,Graduate,
MEDIA 79655,Sem:For Broadcasting,"(3, 3)",,Graduate,
CSCI 79501,Sem:Gen. Algorithms,"(3, 3)",,Graduate,
ANTH 70284,Sem:Gendr & Develop,"(3, 3)",,Graduate,
MEDIA 79654,Sem:Language&Style,"(3, 3)",,Graduate,
CSCI 79502,Sem:Machine Learning,"(3, 3)",,Graduate,
CSCI 79519,Sem:Machine Lrning 2,"(3, 3)",,Graduate,
MEDIA 79658,Sem:Media Control,"(3, 3)",,Graduate,
MUS 74053,Sem:Music Theory & Analysis,"(3, 3)",,Graduate,
MUS 74058,Sem:Music Theory & Analysis,"(3, 3)",,Graduate,
MEDIA 79657,Sem:Nonverbal Comm,"(3, 3)",,Graduate,
MEDIA 79670,Sem:Phil of Rhetoric,"(3, 3)",,Graduate,
ANTH 75151,Sem:Prehist Cul Ecol,"(3, 3)",,Graduate,
MEDIA 79667,Sem:Prob-Amer Journ,"(3, 3)",,Graduate,
MEDIA 79660,Sem:Probs-Cont Journ,"(3, 3)",,Graduate,
RAS 77900,Sem:Sel Top Russ Lit,"(3, 3)",,Graduate,
SSW 70450,Sem:Social Welfare,"(2, 2)",,Graduate,
MEDIA 79656,Sem:Symbol&Motivatn,"(3, 3)",,Graduate,
ANTH 77151,Semantic Research,"(3, 3)",,Graduate,
CHEM 64300,Seminar,"(1, 1)",,Graduate,
MATH 77200,Seminar,"(3, 3)",,Graduate,
ARTCR 66200,Seminar 1,"(3, 3)",,Graduate,
COUNS 75051,Seminar 1: Interviewing,"(3, 3)",,Graduate,
ARTCR 66300,Seminar 2,"(3, 3)",,Graduate,
ARTCR 66400,Seminar 3,"(3, 3)",,Graduate,
HED 73100,Seminar : Health Enhance Program,"(3, 3)",,Graduate,
PSYCH 79900,Seminar and Practicum on the,"(3, 3)",,Graduate,
ARTH 78023,Seminar Art Plur.Era,"(3, 3)",,Graduate,
ARTCR 75178,Seminar Comb Med Elec,"(3, 3)",,Graduate,
ARTH 73000,Seminar in American Art 2,"(3, 3)",,Graduate,
ARTH 72900,Seminar in American Art I,"(3, 3)",,Graduate,
HIST 77600,Seminar in Ancient History,"(3, 3)",,Graduate,
GSR 71700,Seminar in Applied And Evaluation Research,"(3, 3)",,Graduate,
PSYCH 83200,Seminar in Behavior Theory,"(3, 3)",,Graduate,
ANTH 79100,Seminar in Biological Anthropology,"(3, 3)",,Graduate,
PSYCH 81900,Seminar in Biopsychology,"(3, 3)",,Graduate,
COCO 73500,Seminar in Chemical Dependency,"(3, 3)",,Graduate,
PSYCH 81600,Seminar in Comparative,"(3, 3)",,Graduate,
ANTH 75158,Seminar in Complex Societies,"(3, 3)",,Graduate,
ARTH 72200,Seminar in Contemporary Art,"(3, 3)",,Graduate,
PSYCH 80000,Seminar in Current Psychological Research,"(1, 1)",,Graduate,
NUTR 70000,Seminar in Dietetics Practice,"(3, 3)",,Graduate,
ANTH 70250,Seminar in Economics,"(3, 3)",,Graduate,
MEDIA 79661,Seminar in Editorial Writing,"(3, 3)",,Graduate,
PSYCH 80170,Seminar in Emotion,"(3, 3)",,Graduate,
ANTH 70200,Seminar in Ethnology,"(3, 3)",,Graduate,
MUS 77500,Seminar In Ethnomusicology 1,"(3, 3)",,Graduate,
MUS 77600,Seminar in Ethnomusicology 2,"(3, 3)",,Graduate,
GTECH 70800,Seminar in GeoInformatics,"(1, 1)",,Graduate,
ARTH 78016,Seminar in Islamic,"(3, 3)",,Graduate,
CSCI 79508,Seminar in Knowledge Rep,"(3, 3)",,Graduate,
ANTH 77100,Seminar in Linguistics,"(3, 3)",,Graduate,
SEDC 73100,"Seminar in Mathematics Curriculum, Grades 7-12","(3, 3)",,Graduate,
MUS 76053,Seminar in Music History,"(3, 3)",,Graduate,
MUS 76051,Seminar in Music History,"(3, 3)",,Graduate,
MUS 76052,Seminar in Music History,"(3, 3)",,Graduate,
MUS 76065,Seminar in Music History,"(3, 3)",,Graduate,
MUS 78900,Seminar in Music Performance,"(3, 3)",,Graduate,
MUS 76000,Seminar in Musicology,"(3, 3)",,Graduate,
MUS 76087,Seminar in Musicology: Empires and their Music,"(3, 3)",,Graduate,
MUS 76022,Seminar in Musicology: Music and Money,"(3, 3)",,Graduate,
MUS 76021,Seminar in Musicology: Rethinking Opera: 19th & 20th C,"(3, 3)",,Graduate,
EPI 77012,Seminar in Nutritional Epidemiology,"(3, 3)",,Graduate,
PT 88100,Seminar in Organization and Management,"(3, 3)",,Doctoral,
MUS 78960,Seminar in Performance,"(3, 3)",,Graduate,
ARTH 7803J,Seminar in Photo,"(3, 3)",,Graduate,
THC 79500,Seminar in Playwriting and Directing,"(3, 3)",,Graduate,
ANTH 79151,Seminar in Primate Evolution,"(3, 3)",,Graduate,
SSW 71500,Seminar in Psychodynamics,"(3, 3)",,Graduate,
PSYCH 82300,Seminar in Psychopharmacology,"(3, 3)",,Graduate,
ARTH 72400,Seminar in Renaissance Art,"(3, 3)",,Graduate,
PSYCH 82100,Seminar in Reproduction: Behavior and Physiology,"(3, 3)",,Graduate,
SSW 70218,Seminar in Social Welfare,"(3, 3)",,Graduate,
SSW 79152,Seminar in Social Work Issues,"(2, 2)",,Graduate,
ANTH 77800,Seminar in Sociolinguistics,"(3, 3)",,Graduate,
PSYCH 80100,Seminar in Special Topics,"(3, 3)",,Graduate,
MUS 74251,Seminar in Style Criticism,"(3, 3)",,Graduate,
MUS 74255,Seminar in Style Criticism,"(3, 3)",,Graduate,
MUS 74252,Seminar in Style Criticism,"(3, 3)",,Graduate,
MUS 74200,Seminar in Style Criticism,"(3, 3)",,Graduate,
MUS 74270,Seminar in Style Criticism,"(3, 3)",,Graduate,
MUS 74272,Seminar in Style Criticism,"(3, 3)",,Graduate,
ARTCR 65500,Seminar in Three-Dimensional Art 1,"(3, 3)",,Graduate,
ARTCR 65600,Seminar in Three-Dimensional Art 2,"(3, 3)",,Graduate,
ARTCR 65700,Seminar in Three-Dimensional Art 3,"(3, 3)",,Graduate,
ARTCR 65100,Seminar in Two-Dimensional Art 1,"(3, 3)",,Graduate,
ARTCR 65200,Seminar in Two-Dimensional Art 2,"(3, 3)",,Graduate,
ARTCR 65300,Seminar in Two-Dimensional Art 3,"(3, 3)",,Graduate,
MUS 77700,Seminar in Urban Ethnomusicology,"(3, 3)",,Graduate,
BIOL 79051,"Seminar may be Offered in any of the following Areas: Cell Biology, Genetics, Biochemistry, Molecule","(3, 3)",,Graduate,
CSCI 79525,Seminar: Big Data,"(3, 3)",,Graduate,
CSCI 79500,Seminar: Comp Linguistics,"(3, 3)",,Graduate,
BIOL 79201,Seminar: Current Biological Research,"(1, 1)",,Graduate,
PSYCH 8017U,Seminar: Emotion,"(3, 3)",,Graduate,
ARTH 78057,Seminar: Giulio Romano,"(3, 3)",,Graduate,
HIST 77350,Seminar: International Relations in the 20th Century,"(3, 3)",,Graduate,
ARTH 78078,Seminar: Le Corbusier,"(3, 3)",,Graduate,
DAN 74651,Seminar: Live Art in Visual Environment,"(3, 3)",,Graduate,
ARTH 78090,Seminar: Mannerism,"(3, 3)",,Graduate,
ARTCR 75161,Seminar: Performance Art,"(3, 3)",,Graduate,
MEDIA 79653,Seminar: Poetry and Language-Emotions,"(3, 3)",,Graduate,
ARTH 78032,Seminar: Pollack & Krasner,"(3, 3)",,Graduate,
MEDIA 79663,Seminar: Public Broadcasting,"(3, 3)",,Graduate,
ARTH 72500,Seminar: Rel Iconography,"(3, 3)",,Graduate,
PSYCH 80150,Seminar: Sociobiology,"(3, 3)",,Graduate,
ARTH 78068,Seminar: Survey of Islamic Art,"(3, 3)",,Graduate,
HIST 77500,Seminar: Teaching History on College Level,"(3, 3)",,Graduate,
PSYCH 801U3,Seminar:Emotion,"(3, 3)",,Graduate,
ARTH 7801J,Seminar:Far Eastern Art,"(3, 3)",,Graduate,
MUS 74052,Seminar:Music Theory Analysis,"(3, 3)",,Graduate,
ARTH 7801W,Seminar:Six/Sixties,"(3, 3)",,Graduate,
URBP 78784,Seminar:Water Research & Planning,"(3, 3)",,Graduate,
BIOCH 71554,Seminars in Biochemistry,"(1, 1)",,Graduate,
BIOCH 71551,Seminars in Biochemistry,"(1, 1)",,Graduate,
BIOCH 71554,Seminars in Biochemistry,"(1, 1)",,Graduate,
BIOCH 71551,Seminars in Biochemistry,"(1, 1)",,Graduate,
HIST 77300,"Seminars: European History - Medieval, British, European","(3, 3)",,Graduate,
CSCI 79505,Semnr Clnt Serv Arch,"(3, 3)",,Graduate,
CSCI 79503,Semnr:4 Color Problem,"(3, 3)",,Graduate,
PSYCH 73600,Sensory Psychology,"(3, 3)",,Graduate,
ENGL 74952,Sentimental Tradition in the United States,"(3, 3)",,Graduate,
ENGL 75451,Sentmntl Trad: U.S.,"(3, 3)",,Graduate,
MATH 63000,Sequential Mathematics from an Advanced Standpoint 2,"(3, 3)",,Graduate,
MATH 62000,Sequential Mathematics from An Advanced Standpoint I,"(3, 3)",,Graduate,
ARTH 78042,Series & Rep Mod Contemporary,"(3, 3)",,Graduate,
SSW 79500,Servc to Adolescents,"(2, 2)",,Graduate,
ARTH 7801S,Seventeenth Century French Art and Architecture,"(3, 3)",,Graduate,
THC 76058,Sex & Ident Mod Thea,"(3, 3)",,Graduate,
ANTH 72500,Sex and Gender in Anthropological Perspective,"(3, 3)",,Graduate,
ENGL 78150,Sex Gender Religion,"(3, 3)",,Graduate,
BIOL 79053,"Sex,Drugs,Gender,Pol","(3, 3)",,Graduate,
PH 77029,Sexual Health Promotion,"(3, 3)",,Graduate,
BIOL 79022,Sexual Selection: Current Evolutionary Approaches,"(3, 3)",,Graduate,
SSW 70223,Sexuality in Social Work,"(3, 3)",,Graduate,
COMHE 72300,Sexuality through the Life Cycle: Educational tnd Clinical Aspects,"(3, 3)",,Graduate,
ENGL 71568,Shakespeare & His Worlds,"(3, 3)",,Graduate,
ENGL 71556,Shakespeare & Race,"(3, 3)",,Graduate,
ENGL 71502,Shakespeare and Ecology,"(3, 3)",,Graduate,
ENGL 71567,Shakespeare and Material Culture,"(3, 3)",,Graduate,
ENGL 71566,Shakespeare Comedies,"(3, 3)",,Graduate,
ENGL 71554,Shakespeare History & Romances,"(3, 3)",,Graduate,
THC 76082,Shakespeare in America,"(3, 3)",,Graduate,
ENGL 71558,Shakespeare New World,"(3, 3)",,Graduate,
ENGL 71563,Shakespeare On & In Love,"(3, 3)",,Graduate,
ENGL 71564,Shakespeare Politician,"(3, 3)",,Graduate,
ENGL 71557,Shakespeare Sonnets,"(3, 3)",,Graduate,
ENGL 71565,Shakespeare Tragedy,"(3, 3)",,Graduate,
THC 72558,Shakespeare Trg Mode,"(3, 3)",,Graduate,
ENGL 71560,Shakespeare Tyranny,"(3, 3)",,Graduate,
ENGL 71555,Shakespeare Woman War,"(3, 3)",,Graduate,
THC 76003,Shakespeare Workshop,"(3, 3)",,Graduate,
ENGL 71559,Shakespeare's Cities,"(3, 3)",,Graduate,
THC 71001,Shakespeare's Comedy,"(3, 3)",,Graduate,
ENGL 71562,Shakespeare's English,"(3, 3)",,Graduate,
ENGL 71561,Shakespeare's Queer Women,"(3, 3)",,Graduate,
ENGL 70281,Shakespeare's Women,"(3, 3)",,Graduate,
ENGL 71300,Shakespeare: Comedy,"(3, 3)",,Graduate,
ENGL 71400,Shakespeare: Tragedy,"(3, 3)",,Graduate,
ENGL 71551,Shakespeare:The Text,"(3, 3)",,Graduate,
URBG 78724,Shape of the City,"(3, 3)",,Graduate,
THC 72574,Shaw and his Era,"(3, 3)",,Graduate,
ENGL 77595,Shkp&Dynm:Gndr&Power,"(3, 3)",,Graduate,
ITAL 79363,Sicily in Contemporary Imagination,"(3, 3)",,Graduate,
EDESL 70203,Sife & Low Literacy,"(2, 2)",,Graduate,
HIST 71800,Significant Aspects of English History,"(3, 3)",,Graduate,
RAS 77954,Silver Age or Russia,"(3, 3)",,Graduate,
STAT 63853,Simul-Stat Modeling,"(2, 2)",,Graduate,
EDABA 79000,Single Subject Research Design,"(3, 3)",,Graduate,
URBP 72600,Site Planning Workshop,"(3, 3)",,Graduate,
IMA 78069,"Site, Sound, Process, Place","(3, 3)",,Graduate,
IMA 78309,Site-Responsive Narrative Media,"(1, 1)",,Graduate,
IMA 78374,Sketching With the Lens,"(1, 1)",,Graduate,
SPED 76000,Skills and Techniques for Rehabilitation Teaching I,"(3, 3)",,Graduate,
SPED 76100,Skills and Techniques for Rehabilitation Teaching II,"(3, 3)",,Graduate,
ENGL 76653,Slave Narratives 1750-2011,"(3, 3)",,Graduate,
THC 72502,Slavery & Performance,"(3, 3)",,Graduate,
ENGL 73351,Slavery and 18th Century British Literature,"(3, 3)",,Graduate,
ENGL 72550,Slavery and 18th Century Literature,"(3, 3)",,Graduate,
ENGL 77570,Slavery in 18th Century Literature,"(3, 3)",,Graduate,
ENGL 77589,Sltd Studies: Engl & Amer Lit,"(3, 3)",,Graduate,
ARTH 78000,Sm:Hist & Theory Modern Arch,"(3, 3)",,Graduate,
PSYCH 75100,Small Group Proc,"(3, 3)",,Graduate,
URBP 7872M,Smart Cities: Hands on Measurement,"(3, 3)",,Graduate,
SSW 70156,So Welf Pol & Serv 1,"(3, 3)",,Graduate,
SSW 70150,So Welf Pol & Serv I,"(3, 3)",,Graduate,
HIST 77479,Soc & Eco Hi-19C Eur,"(3, 3)",,Graduate,
SSW 79187,Soc Actn & Soc Wk Prat,"(2, 2)",,Graduate,
SSW 71400,Soc Complx Hlth/Ilns,"(2, 2)",,Graduate,
RAS 78951,Soc Eng & Eth Pol USSR,"(3, 3)",,Graduate,
CEDCF 70900,Soc Fd Biled Alt Crt,"(3, 3)",,Graduate,
CEDCF 71000,Soc Fdns of Biled,"(4, 4)",,Graduate,
EDF 70800,Soc Foundation/Ed-Biling,"(2, 2)",,Graduate,
EDF 70650,Soc Foundations-Dc,"(3, 3)",,Graduate,
IMA 78027,Soc Inequality &Med,"(3, 3)",,Graduate,
RAS 78963,Soc Int'l System,"(3, 3)",,Graduate,
SSW 79160,Soc Pol Issues in Ed,"(2, 2)",,Graduate,
SSW 79163,Soc Pol:Hlth/M.H.Sys,"(2, 2)",,Graduate,
IMA 78042,Soc Practice Art & Communication Engagement,"(3, 3)",,Graduate,
COUNS 75450,Soc Sys1:Urban Cslng,"(3, 3)",,Graduate,
COUNS 75550,Soc Systms2:Spec Gps,"(3, 3)",,Graduate,
SSW 70151,Soc Welf Pol & Serv 1,"(3, 3)",,Graduate,
SSW 70152,Soc Welf Pol & Serv I,"(3, 3)",,Graduate,
SSW 70153,Soc Welf Pol & Serv I,"(3, 3)",,Graduate,
SSW 75252,Soc Welf Res Elec,"(3, 3)",,Graduate,
SSW 79150,Soc Wk Supervision,"(2, 2)",,Graduate,
SSW 79802,Soc Work & Lat Comm,"(3, 3)",,Graduate,
RAS 78971,Soc&Cult in E Europe,"(3, 3)",,Graduate,
EDF 70600,"Soc,History,Phil,Fdn","(3, 3)",,Graduate,
EDESL 78951,Soc-Cult Aspcts/Lang,"(3, 3)",,Graduate,
COMHE 77011,Soc/Beh Dimens Health,"(3, 3)",,Graduate,
RAS 78954,Soc/Econ Soviet Bloc,"(3, 3)",,Graduate,
EDFDN 73100,Soc/Emot Dev:Gft/Tal,"(3, 3)",,Graduate,
ECF 70100,Social and Historical Contexts of Early Childhood Education Examination and Analysis of the Social A,"(3, 3)",,Graduate,
IMA 70100,Social and Historical Roots of Art and Culture,"(3, 3)",,Graduate,
SSW 72600,Social Casework 2 for Non-Majors,"(2, 2)",,Graduate,
SSW 72500,Social Casework for Non-Majors,"(2, 2)",,Graduate,
IMA 70500,"Social Class, Racism and the Media","(4, 4)",,Graduate,
PSYCH 75071,Social Cognit: Gendr,"(3, 3)",,Graduate,
SPEDE 79200,Social Communication of Young Diverse Learners,"(3, 3)",,Graduate,
URBG 78763,Social Contexts of Education,"(3, 3)",,Graduate,
SSW 79712,"Social Entrepreneurship, Innovation and Enterprise in Social Services","(3, 3)",,Graduate,
EPI 75400,Social Epidemiology,"(3, 3)",,Graduate,
ARTCR 75181,Social Fabric of Painting,"(3, 3)",,Graduate,
SEDF 70300,Social Foundations of Adolescent Education,"(3, 3)",,Graduate,
SSW 73600,Social Group Work 2 For Non-Majors,"(2, 2)",,Graduate,
SSW 73100,Social Group Work I,"(3, 3)",,Graduate,
SSW 73200,Social Group Work II,"(3, 3)",,Graduate,
HIST 71900,Social History of England in 20th Century,"(3, 3)",,Graduate,
IMA 71300,Social Inequality and Media,"(3, 3)",,Graduate,
URBG 7871V,Social Infrastructure & Civic Engagement: A Seminar with SUNY Board Chair Merryl Tisch,"(3, 3)",,Graduate,
NURS 70N02,"Social Justice, Health Equity, and Health Systems","(3, 3)",,Graduate,
PH 77048,Social Marketing,"(3, 3)",,Graduate,
PH 77054,"Social Media, Big Data and Health","(3, 3)",,Graduate,
HIST 7741D,Social Movements Latin American History,"(3, 3)",,Graduate,
URBG 75000,Social Planning and Policy,"(3, 3)",,Graduate,
GSR 74100,Social Policy,"(3, 3)",,Graduate,
SSW 79174,Social Policy & Disability,"(2, 2)",,Graduate,
IMA 78382,Social Practice Art,"(1, 1)",,Graduate,
IMA 78031,Social Problems in Media and Culture,"(3, 3)",,Graduate,
PSYCH 74600,Social Psychology (S),"(3, 3)",,Graduate,
PSYCH 75079,Social Sc Methodlgy,"(3, 3)",,Graduate,
SSW 70553,Social Service to Workers,"(3, 3)",,Graduate,
SSW 70800,Social Services to Workers,"(2, 2)",,Graduate,
GSR 75500,Social Stratifcation,"(3, 3)",,Graduate,
CEDC 72201,Social Studies and Ell,"(3, 3)",,Graduate,
CEDC 72250,"Social Studies Curriculum and Instruction: Integrating Literature, The Arts, and Technology","(2, 2)",,Graduate,
CEDC 72200,"Social Studies Curriculum and Instruction: Integrating Literature, the Arts, and Technology","(2, 2)",,Graduate,
SSW 70221,Social Welfare and Disabilities,"(3, 3)",,Graduate,
SSW 70226,Social Welfare Policy Analysis,"(3, 3)",,Graduate,
SSW 70154,Social Welfare Policy and Services I,"(3, 3)",,Graduate,
SSW 70217,Social Welfare Policy in the Field of Aging,"(3, 3)",,Graduate,
SSW 70216,Social Welfare Policy with the Homeless,"(3, 3)",,Graduate,
SSW 70155,Social Welfare Politics and Service I,"(3, 3)",,Graduate,
SSW 79175,Social Work and Aids,"(2, 2)",,Graduate,
SSW 79668,Social Work and Community Health Practice,"(3, 3)",,Graduate,
SSW 79186,Social Work and the Arts,"(3, 3)",,Graduate,
SSW 79168,Social Work and the Arts,"(2, 2)",,Graduate,
SSW 79140,Social Work and the Criminal Justice Systems,"(3, 3)",,Graduate,
SSW 79166,Social Work Ethics,"(2, 2)",,Graduate,
SSW 77300,Social Work Ethics and Values,"(2, 2)",,Graduate,
SSW 70552,Social Work in Field of Aging,"(3, 3)",,Graduate,
SSW 79185,Social Work Method and Theory,"(2, 2)",,Graduate,
SSW 79661,Social Work Practice in School Settings,"(3, 3)",,Graduate,
SSW 71800,Social Work Practice Lab 2,"(3, 3)",,Graduate,
SSW 79662,Social Work Practice with AIDS and Chronic Illness,"(3, 3)",,Graduate,
SSW 79200,Social Work Practice with Children and Adolescents,"(3, 3)",,Graduate,
SSW 73500,Social Work Practice with Groups I for Non-Majors,"(3, 3)",,Graduate,
SSW 79171,Social Work Practice with Immigrants and Refugees,"(3, 3)",,Graduate,
SSW 79400,Social Work Practice: Family Treatment,"(3, 3)",,Graduate,
SSW 79664,Social Work Practice:Living with Dying,"(2, 2)",,Graduate,
SSW 75200,Social Work Research 2,"(3, 3)",,Graduate,
SSW 75100,Social Work Research I,"(3, 3)",,Graduate,
SSW 72700,Social Work with Clients In Authoritarian Settings: Working with Mandated and Involuntary Clients,"(3, 3)",,Graduate,
SSW 79157,Social Work with Victims of Violence Against Women,"(3, 3)",,Graduate,
SSW 79652,Social Work with Workers and their Families,"(2, 2)",,Graduate,
SSW 79722,"Social Work, Social Justice, and the Law","(3, 3)",,Graduate,
SSW 79719,"Social Work, Social Policy & Bodily Autonomy","(3, 3)",,Graduate,
SPED 70050,"Social, Historical, and Philosophical Foundations of General and Special Education","(3, 3)",,Graduate,
CEDF 70650,"Social, Historical, Philosophical Foundations of Education: The American School","(3, 3)",,Graduate,
CEDF 70800,"Social, Historical, Philosophical Foundations of Education: The American School","(2, 2)",,Graduate,
CEDF 70600,"Social, Historical, Philosophical Foundations of Education: The American School","(3, 3)",,Graduate,
IMA 78063,Socially Engaged Gaming,"(3, 3)",,Graduate,
URBP 78733,Societal History Evolution: NYC Neighborhood,"(3, 3)",,Graduate,
ENGL 77670,Society Language Literature,"(3, 3)",,Graduate,
ENGL 71050,"Society,Lang & Literature","(3, 3)",,Graduate,
EDESL 77700,Socio-Cult Asp Language,"(4, 4)",,Graduate,
EDESL 77500,Socio-Cultural Aspects of Language,"(3, 3)",,Graduate,
EDESL 78961,Socio-Culture/Language,"(3, 3)",,Graduate,
THC 77800,Sociodrama,"(3, 3)",,Graduate,
THC 78800,Sociodrama/ Creative Dramatics 3,"(3, 3)",,Graduate,
ANTH 79163,Socioecology :Great Apes,"(3, 3)",,Graduate,
ANTH 70290,Sociolgy Human Rights,"(3, 3)",,Graduate,
GSR 79066,Sociology of Reproduction,"(3, 3)",,Graduate,
GSR 73900,Sociology of the Gig Economy,"(3, 3)",,Graduate,
GSR 79075,"Socl Dev,Asesmt&Eval","(3, 3)",,Graduate,
SEDC 71700,Socst:Curr & Meth 7-12,"(3, 3)",,Graduate,
CSCI 77100,Software Engineering,"(3, 3)",,Graduate,
CSCI 776U0,Software Metrics,"(3, 3)",,Graduate,
CSCI 77600,Software Metrics,"(3, 3)",,Graduate,
CSCI 79517,Software Verificatio,"(3, 3)",,Graduate,
PHYS 74600,Solid State Physics,"(4, 4)",,Graduate,
PHYS 74500,Solid State Physics,"(4, 4)",,Graduate,
PHYS 64500,Solid State Physics,"(3, 3)",,Graduate,
RAS 78968,Solidarity & Beyond,"(3, 3)",,Graduate,
ARTCR 75145,Somatic Turf,"(3, 3)",,Graduate,
MUS 74267,Sonata Forms,"(3, 3)",,Graduate,
IMA 78330,Sonic Ephemera and Aesthetic of Malfunction,"(1, 1)",,Graduate,
IMA 78375,Sonic Virtualities,"(1, 1)",,Graduate,
IMA 78067,Sound Design,"(3, 3)",,Graduate,
IMA 78079,Sound Design for Film,"(3, 3)",,Graduate,
IMA 78368,Sound Design for Filmmakers,"(1, 1)",,Graduate,
MUS 77804,Sound Ecologies,"(3, 3)",,Graduate,
IMA 78314,Sound Editing,"(1, 1)",,Graduate,
IMA 78081,Sound Environments,"(3, 3)",,Graduate,
IMA 78072,Sound Fields,"(3, 3)",,Graduate,
IMA 78343,Sound Postproduction,"(1, 1)",,Graduate,
ARTCR 75109,Sound Studies,"(3, 3)",,Graduate,
IMA 78367,Sounds of a Revolution,"(1, 1)",,Graduate,
ANTH 75552,Source:Ancient Egypt,"(3, 3)",,Graduate,
ENGL 77674,South African Lit,"(3, 3)",,Graduate,
HIST 75100,South America in Modern World,"(3, 3)",,Graduate,
ENGL 76900,South Asia Writ Glbe Con,"(3, 3)",,Graduate,
ENGL 76850,South Asia Writ Glbe Con,"(3, 3)",,Graduate,
THC 75810,South Asian Performance Traditions,"(3, 3)",,Graduate,
ENGL 75651,South Writers Race,"(3, 3)",,Graduate,
RAS 77953,Sov Dissident Mvmnts,"(3, 3)",,Graduate,
RAS 77154,Sov Foreign Policy,"(3, 3)",,Graduate,
RAS 74400,Sov Nov:Art&Ideology,"(3, 3)",,Graduate,
RAS 77160,Sov Policy 3rd Wrld,"(3, 3)",,Graduate,
RAS 70900,Soviet Admin & Law,"(3, 3)",,Graduate,
ECO 79555,Soviet Economy,"(3, 3)",,Graduate,
ECO 73600,Soviet Economy,"(3, 3)",,Graduate,
RAS 72100,Soviet Economy,"(3, 3)",,Graduate,
HIST 72900,Soviet Foreign Relations in a Changing World,"(3, 3)",,Graduate,
RAS 70700,Soviet Forgn Policy,"(3, 3)",,Graduate,
HIST 77410,Soviet Frn Policy,"(3, 3)",,Graduate,
ANTH 70451,Sp Prj: Remote Snsin,"(3, 3)",,Graduate,
COMSC 74400,Sp Prod & Perc Hi,"(3, 3)",,Graduate,
ENGL 70268,Sp St in Eng:Amer & Comp,"(3, 3)",,Graduate,
ENGL 70264,Sp Std in Literature,"(3, 3)",,Graduate,
ENGL 70263,Sp Std:Amrcn&Complit,"(3, 3)",,Graduate,
SPAN 79152,Sp Stds in Spanish,"(3, 3)",,Graduate,
SPAN 79151,Sp Stds. Span Poetry,"(3, 3)",,Graduate,
SPAN 79150,Sp Stds: Galdos,"(3, 3)",,Graduate,
SPAN 79655,Sp Stdy Spn-Amer Lit,"(3, 3)",,Graduate,
ENGL 70270,Sp Stu Engl & C Lit,"(3, 3)",,Graduate,
ENGL 70269,Sp Stu In Engl & Lit,"(3, 3)",,Graduate,
SPAN 79651,Sp Stu in Spa Am Lit,"(3, 3)",,Graduate,
PSYCH 75056,Sp Top:Lang Acquistn,"(3, 3)",,Graduate,
PSYCH 80152,Sp Top:Sex Diffrntn,"(3, 3)",,Graduate,
ITAL 79320,Sp Top:The Baroque,"(3, 3)",,Graduate,
ANTH 79103,Sp Tp Primate Disease Ecology,"(3, 3)",,Graduate,
PSYCH 75085,Sp Tp: Ab Conserv Bio,"(3, 3)",,Graduate,
PSYCH 75062,Sp Tp: Winnicott,"(3, 3)",,Graduate,
FREN 79801,Sp Tp:Dramatic Trans,"(3, 3)",,Graduate,
FREN 79401,Sp Tp:Enlghtmnt Thgh,"(3, 3)",,Graduate,
PSYCH 75089,Sp Tp:Neurobio Memor,"(3, 3)",,Graduate,
SPAN 79654,Sp Tp:Stylistcs Lit,"(3, 3)",,Graduate,
PSYCH 75051,Sp Tp:Womn & Achvmnt,"(3, 3)",,Graduate,
PSYCH 75054,Sp Tpc: Human Motiva,"(3, 3)",,Graduate,
ITAL 79330,Sp Tpc:Novella Genre,"(3, 3)",,Graduate,
CHEM 69800,Sp Tpcs:Chemistry Ed,"(4, 4)",,Graduate,
COMSC 75300,Sp-Lg Path for Aud,"(3, 3)",,Graduate,
ITAL 79300,Sp:Topics Ital. Lit.,"(3, 3)",,Graduate,
ANTH 71751,Space & Place: Anthropology,"(3, 3)",,Graduate,
ANTH 70296,Space & Time Ethnol Afr,"(3, 3)",,Graduate,
ANTH 70293,Space & Time Ethnology,"(3, 3)",,Graduate,
ANTH 71750,"Space, Politics & Culture NYC","(3, 3)",,Graduate,
IMA 78014,Spaces Speak: Harlem Surveillance,"(3, 3)",,Graduate,
SPAN 76700,Span American Essay,"(3, 3)",,Graduate,
SPAN 79153,Span Post Mod Poetry,"(3, 3)",,Graduate,
THC 76066,Span Thea in Perfrmn,"(3, 3)",,Graduate,
SPAN 76450,Spanish American Fiction II,"(3, 3)",,Graduate,
SPAN 79658,Spanish American Modernism,"(3, 3)",,Graduate,
SPAN 79653,Spanish American Woman Poets,"(3, 3)",,Graduate,
ARTH 62800,Spanish Art of the Golden Age,"(3, 3)",,Graduate,
SPAN 72500,Spanish Comedia,"(3, 3)",,Graduate,
SPAN 79167,Spanish Drama of Golden Age,"(3, 3)",,Graduate,
NURS 69912,Spanish for Health Care Providers,"(3, 3)",,Graduate,
SPAN 79156,Spanish Literature Historical Topics,"(3, 3)",,Graduate,
SPAN 61400,Spanish Literature of 19th Century,"(3, 3)",,Graduate,
SPAN 73000,Spanish Neoclassic Poetry and Essay,"(3, 3)",,Graduate,
SPAN 72000,Spanish Novel of 16th and 17th Centuries,"(3, 3)",,Graduate,
SPAN 71100,Spanish Poetry of Middle Ages,"(3, 3)",,Graduate,
SPAN 70400,Spanish Theatre from the 19th Century to the Present,"(3, 3)",,Graduate,
SPAN 79163,"Spanish Then & Now: History, Evolution, and Current Trends in Linguistics","(3, 3)",,Graduate,
TRNS 75300,Spanish to English Translation,"(3, 3)",,Graduate,
SPAN 76400,Spanish-American Fiction 2: From the Novel of the Mexican Revolution to the Present,"(3, 3)",,Graduate,
SPAN 76300,Spanish-American Fiction I: From Origins through Modernista Novel,"(3, 3)",,Graduate,
SPAN 61600,Spanish-American Literature from its Origin through Romanticism and Realism,"(3, 3)",,Graduate,
SPAN 61700,Spanish-American Literature: Modernismo and Contemporary Trends,"(3, 3)",,Graduate,
SPAN 76000,Spanish-American Literature: The Colonial Period,"(3, 3)",,Graduate,
SPAN 79630,Spanish-American Modernism and Postmodernism,"(3, 3)",,Graduate,
SPAN 76600,Spanish-American Poetry 2: From Post-Modernism to the Present,"(3, 3)",,Graduate,
SPAN 76500,Spanish-American Poetry I: From Neoclassicism through Modernismo,"(3, 3)",,Graduate,
SPAN 76900,Spanish-American Theatre 1,"(3, 3)",,Graduate,
SPAN 77000,Spanish-American Theatre 2 Continuation of Span 769. Study of Main Theatrical Currents In Spanish A,"(3, 3)",,Graduate,
SPAN 77700,Spanish-American Thought 1,"(3, 3)",,Graduate,
SPAN 77800,Spanish-American Thought II,"(3, 3)",,Graduate,
TRNS 75600,Spanish-English Medical Interpreting,"(3, 3)",,Graduate,
TRNS 76100,Spanish-English Sight Translation and Consecutive Interpreting,"(3, 3)",,Graduate,
TRNS 76200,Spanish-English Simultaneous Interpreting,"(3, 3)",,Graduate,
GTECH 70500,Spatial Data Analysis,"(3, 3)",,Graduate,
IMA 78010,Spatial Narratives,"(3, 3)",,Graduate,
ARTCR 75116,Spatial Strategies,"(3, 3)",,Graduate,
COMSC 79004,Spcial Topic Slp&Aud,"(3, 3)",,Graduate,
COCO 72751,Spctp:Crisisinterven,"(3, 3)",,Graduate,
LAT 72700,Speaking & Writing Latin,"(3, 3)",,Graduate,
EDUC 73600,Spec Adapt Rdng Elem,"(3, 3)",,Graduate,
ENGL 70272,Spec Studies in English,"(3, 3)",,Graduate,
LING 77551,Spec Studies in Ling,"(3, 3)",,Graduate,
EDF 79000,Spec Top in Edfdn,"(3, 3)",,Graduate,
SSW 79100,Spec Top in Soc Wk,"(2, 2)",,Graduate,
SSW 79700,Spec Top in Soc Wk,"(3, 3)",,Graduate,
ECO 79553,Spec Topics 1,"(3, 3)",,Graduate,
COMSC 79650,Special Problems,"(3, 3)",,Graduate,
COMSC 79600,Special Problems,"(3, 3)",,Graduate,
THC 72550,Special Problems,"(3, 3)",,Graduate,
COMSC 79652,Special Problems,"(3, 3)",,Graduate,
COMSC 79651,Special Problems,"(3, 3)",,Graduate,
COMSC 79653,Special Problems,"(3, 3)",,Graduate,
MEDIA 79606,Special Problems,"(6, 6)",,Graduate,
THC 79200,Special Problems in Directing,"(3, 3)",,Graduate,
ARTCR 75196,Special Projects: Painting,"(3, 3)",,Graduate,
SPAN 79100,Special Studies in Spanish Literature,"(3, 3)",,Graduate,
SPAN 79600,Special Studies in Spanish-American Literature,"(3, 3)",,Graduate,
ARTH 78076,Special Top: Cubism,"(3, 3)",,Graduate,
ECO 79676,Special Topic: Economic Health,"(3, 3)",,Graduate,
ECO 79576,Special Topic: Economic Health,"(3, 3)",,Graduate,
EDESL 70159,Special Topic: SIFE in the Inclusion Secondary Classroom,"(1, 1)",,Graduate,
ARTH 7801K,Special Topic:Ag & Prm Lt Amer,"(3, 3)",,Graduate,
ENGL 77585,Special Topics,"(3, 3)",,Graduate,
THC 72569,Special Topics,"(3, 3)",,Graduate,
THC 72500,Special Topics,"(3, 3)",,Graduate,
CEDF 75000,Special Topics in Diversity,"(3, 3)",,Graduate,
ECO 79554,Special Topics 2,"(3, 3)",,Graduate,
ARTCR 75108,Special Topics Agency,"(3, 3)",,Graduate,
ARTCR 75136,Special Topics Future Practices,"(3, 3)",,Graduate,
STAT 63800,Special Topics in Applied Statistics,"(2, 2)",,Graduate,
ARTH 7804O,Special Topics in Art History,"(3, 3)",,Graduate,
BIOL 79035,Special Topics in Biology: Mitochondrial Impairment in Neurodegeneration,"(3, 3)",,Graduate,
COCO 72700,Special Topics in Counseling,"(3, 3)",,Graduate,
DAN 74600,Special Topics in Dance,"(3, 3)",,Graduate,
ECC 71953,Special Topics in Early Childhood Education,"(3, 3)",,Graduate,
ECC 71952,Special Topics in Early Childhood Education,"(2, 2)",,Graduate,
ECC 71951,Special Topics in Early Childhood Education,"(1, 1)",,Graduate,
SPEDE 76500,Special Topics in Early Childhood Special Education,"(1, 1)",,Graduate,
MUS 77800,Special Topics in Ethnomusicology: Issues/Regions,"(3, 3)",,Graduate,
BIOL 77100,Special Topics in Experimental Biology,"(3, 3)",,Graduate,
FREN 79100,Special Topics in French Literature,"(3, 3)",,Graduate,
IMA 78200,Special Topics in Integrated Media Arts,"(3, 3)",,Graduate,
ARTH 7801H,Special Topics in Islamic Art,"(3, 3)",,Graduate,
MUS 71900,Special Topics in Music Performance,"(1, 1)",,Graduate,
MUS 74071,Special Topics in Music Theory: Introduction to Max/MSP,"(3, 3)",,Graduate,
MUS 74005,"Special Topics in Music Theory: Music, Meaning, and Emotion","(3, 3)",,Graduate,
MUS 76086,Special Topics in Musicology: Music and Disability,"(3, 3)",,Graduate,
PSYCH 68000,Special Topics in Psychology,"(3, 3)",,Graduate,
COMSC 79000,Special Topics in Speech- Language Pathology or Audiology,"(3, 3)",,Graduate,
ARTCR 75100,Special Topics in Studio Art,"(3, 3)",,Graduate,
CEDC 76000,Special Topics in the Arts,"(3, 3)",,Graduate,
MUS 71808,Special Topics in Vocal Performance: Pocket Opera,"(1, 1)",,Graduate,
ARTCR 75135,Special Topics Performance Meditation,"(3, 3)",,Graduate,
GSR 79000,Special Topics Seminar,"(3, 3)",,Graduate,
IMA 78000,Special Topics Seminar,"(3, 3)",,Graduate,
ARTH 76100,Special Topics Seminar in Exhibitions and Collecting,"(3, 3)",,Graduate,
SPAN 79668,Special Topics: 19th Century Disparate Poetics: Guachesa and Modernismo,"(3, 3)",,Graduate,
ARTH 7802P,Special Topics: 19th Century Theory,"(3, 3)",,Graduate,
ARTH 7802H,Special Topics: American Art,"(3, 3)",,Graduate,
ARTH 78082,Special Topics: Americana,"(3, 3)",,Graduate,
MATH 79553,Special Topics: Analytic Number Theory,"(3, 3)",,Graduate,
ARTH 7802Z,"Special Topics: Approaches to Ottoman Art, Culture and Historiography","(3, 3)",,Graduate,
ARTCR 75139,Special Topics: Art and Humor,"(3, 3)",,Graduate,
ARTH 7803I,Special Topics: Art and Humor,"(3, 3)",,Graduate,
HIST 77214,"Special Topics: Art, Politics, and Society in America","(3, 3)",,Graduate,
ARTCR 75118,Special Topics: Audio,"(3, 3)",,Graduate,
ARTCR 75138,Special Topics: Audio and Sound,"(3, 3)",,Graduate,
ARTH 7801I,Special Topics: Bathtime,"(3, 3)",,Graduate,
BIOL 79000,Special Topics: Biology,"(3, 3)",,Graduate,
ENGL 77156,"Special Topics: Black Radicalism: Theory, Text, Performance.","(3, 3)",,Graduate,
EDESL 70158,Special Topics: Business English,"(1, 1)",,Graduate,
NURS 69914,Special Topics: Capstone Development,"(3, 3)",,Doctoral,
CHEM 69803,Special Topics: Chemistry Education,"(3, 3)",,Graduate,
CHEM 69802,Special Topics: Chemistry Education,"(2, 2)",,Graduate,
ARTH 78094,Special Topics: Concept,"(3, 3)",,Graduate,
DAN 74661,Special Topics: Dance Legacies,"(3, 3)",,Graduate,
ARTH 7802M,Special Topics: Devotion Buddhism,"(3, 3)",,Graduate,
MATH 79565,Special Topics: Differential Geometry of Manifolds,"(3, 3)",,Graduate,
ARTH 7802R,Special Topics: Estridentismo,"(3, 3)",,Graduate,
PGEOG 70467,Special Topics: Field Ecology of New York City,"(3, 3)",,Graduate,
IMA 78320,Special Topics: Film as a Collaborative Art,"(1, 1)",,Graduate,
ARTH 7802O,Special Topics: German Art,"(3, 3)",,Graduate,
NURS 69908,Special Topics: Global Health Nursing,"(3, 3)",,Graduate,
IMA 78300,Special Topics: Intensive Tools and Technology Workshop,"(1, 1)",,Graduate,
IMA 78321,"Special Topics: Interactive, Reactive Visuals with Max/MSP","(1, 1)",,Graduate,
ARTH 7802J,Special Topics: Internat Rococo,"(3, 3)",,Graduate,
ARTH 7802I,Special Topics: Islamic City,"(3, 3)",,Graduate,
PSYCH 75052,Special Topics: Issues in Health Psychology,"(3, 3)",,Graduate,
ARTH 7801O,Special Topics: Land Art,"(3, 3)",,Graduate,
SPAN 79659,Special Topics: Latino Identity in New York,"(3, 3)",,Graduate,
DAN 74656,Special Topics: Lighting Design for Dance,"(3, 3)",,Graduate,
ITAL 79340,Special Topics: Mapping Italy's National Consciousness,"(3, 3)",,Graduate,
THC 72576,Special Topics: Metatheatre,"(3, 3)",,Graduate,
ARTH 7802S,Special Topics: Modern Architecture of the Middle East,"(3, 3)",,Graduate,
ARTH 78002,Special Topics: Modern Art,"(3, 3)",,Graduate,
IMA 78062,Special Topics: Narrative Scriptwriting,"(3, 3)",,Graduate,
ARTH 7802K,Special Topics: Nostalgia Contemp,"(3, 3)",,Graduate,
ARTH 7802G,Special Topics: Oppositional Biennial,"(3, 3)",,Graduate,
ARTCR 75137,Special Topics: Painting Workshop,"(3, 3)",,Graduate,
ARTCR 75133,Special Topics: Performance,"(3, 3)",,Graduate,
ARTH 7802Q,Special Topics: Photography,"(3, 3)",,Graduate,
ANTH 70204,Special Topics: Postcards to Pinterest: Privacy and Accessibility in Our Online World,"(3, 3)",,Graduate,
THC 76084,Special Topics: Producing,"(3, 3)",,Graduate,
ARTH 7801G,Special Topics: Seminar in Far Eastern Art,"(3, 3)",,Graduate,
DAN 74620,Special Topics: Site Specific Dance,"(3, 3)",,Graduate,
ANTH 77105,Special Topics: Social Media Lang Tech,"(3, 3)",,Graduate,
IMA 78322,Special Topics: Social Media Storytelling,"(1, 1)",,Graduate,
IMA 78203,Special Topics: Socially Engaged Games,"(3, 3)",,Graduate,
IMA 78036,Special Topics: Studio Practice,"(3, 3)",,Graduate,
ITAL 79371,Special Topics: Tasso's Jerusalem Delievered the Pastoral and his Poetry Genius and Melancholy,"(3, 3)",,Graduate,
EDESL 70208,Special Topics: Teaching Drama in ESL,"(2, 2)",,Graduate,
EDESL 70212,Special Topics: Teaching English in Global Contexts,"(2, 2)",,Graduate,
EDESL 70213,Special Topics: Teaching English to Refugee Students,"(2, 2)",,Graduate,
EDESL 70207,Special Topics: Teaching Generation 1.5 ESL Students,"(2, 2)",,Graduate,
EDESL 70206,Special Topics: Teaching Multi-Level ESL Classes,"(2, 2)",,Graduate,
EDESL 70155,Special Topics: Technology in TESOL,"(1, 1)",,Graduate,
SPAN 79666,Special Topics: The Latin American Boom in Perspective,"(3, 3)",,Graduate,
ARTH 7802L,Special Topics: Totalitarianism,"(3, 3)",,Graduate,
ENGL 78462,Special Topics: Virginia Woolf,"(3, 3)",,Graduate,
ARTH 7801M,Special Topics:Asian & Islamic,"(3, 3)",,Graduate,
ARTCR 75102,Specific Art,"(3, 3)",,Graduate,
IMA 78068,Spectral Signals,"(3, 3)",,Graduate,
ARTCR 7511K,Spectral Signals,"(3, 3)",,Graduate,
COMSC 61500,Speech and It's Production,"(3, 3)",,Graduate,
SPED 73500,Speech Development and Remediationof Students who are Deaf and Hard-of-Hearing,"(3, 3)",,Graduate,
COMSC 79009,Speech-Language Pathology: Seminar in Reading and Dyslexia,"(3, 3)",,Graduate,
ENGL 71200,Spenser,"(3, 3)",,Graduate,
SSW 79188,Spirituality and Healing,"(3, 3)",,Graduate,
PSYCH 75074,Spirituality and Psychology,"(3, 3)",,Graduate,
LAT 71003,Spolia & Spoliation Latin Literature and Roman Culture,"(3, 3)",,Graduate,
PH 77103,Spss Analysis & Data Manipulation,"(1, 1)",,Graduate,
SPEDE 76551,Sptpc:Incid Teaching,"(1, 1)",,Graduate,
LATED 74100,Spvsd Prac Itcgh Lat,"(3, 3)",,Graduate,
FREN 79110,Srv:Francophone Lit,"(3, 3)",,Graduate,
FREN 79702,Srv:Francophone Literature,"(3, 3)",,Graduate,
URBG 78765,Sstnbl Dev Ct & Sub,"(3, 3)",,Graduate,
SSW 71700,SSW Practice Lab I,"(3, 3)",,Graduate,
PSYCH 75077,St Depression & Suicid,"(3, 3)",,Graduate,
EDESL 78500,"St Tch TESOLl K-12,YL","(1, 1)",,Graduate,
EDESL 79800,St Teaching/Acad ESL,"(2, 2)",,Graduate,
THC 72522,Staging History,"(3, 3)",,Graduate,
PSYCH 75078,Stanimal Beh Eco Con,"(3, 3)",,Graduate,
THC 72575,Stanislarky & After,"(3, 3)",,Graduate,
STAT 63857,Stat & Phil of Sci,"(2, 2)",,Graduate,
STAT 63854,Stat & The Law,"(2, 2)",,Graduate,
EDPS 72100,Stat Computing in Education 2,"(4, 4)",,Graduate,
PSYCH 75057,Stat:Tutoring in Psy,"(3, 3)",,Graduate,
ACC 77700,State and Local Taxation,"(3, 3)",,Graduate,
ECO 77700,State and Local Taxation,"(3, 3)",,Graduate,
STAT 72453,Statistical Computng,"(3, 3)",,Graduate,
STAT 72456,Statistical Learning,"(3, 3)",,Graduate,
PSYCH 70600,Statistical Methods in Psychology 2,"(3, 3)",,Graduate,
PSYCH 70500,Statistical Methods in Psychology I,"(3, 3)",,Graduate,
STAT 78700,Statistical Models for Spatial Data,"(3, 3)",,Graduate,
GSR 70900,Statistics 2,"(3, 3)",,Graduate,
EDPS 70100,Statistics Computing in Educ 1,"(4, 4)",,Graduate,
EDF 80000,Statistics for Applied Educational Research 1,"(3, 3)",,Doctoral,
EDF 80300,Statistics for Applied Educational Research 2,"(3, 3)",,Doctoral,
GSR 70800,Statistics I,"(3, 3)",,Graduate,
PH 77101,Statistics Review Workshop,"(1, 1)",,Graduate,
NURS 79800,Std:Cmplex Nsg Probs,"(3, 3)",,Graduate,
ENGL 77659,Std:Multicul/Min Lit,"(3, 3)",,Graduate,
THC 72583,Stge Direct & Limits,"(3, 3)",,Graduate,
ARTH 7803F,Still Life,"(3, 3)",,Graduate,
PHYS 854U1,Stochastic Methods,"(4, 4)",,Graduate,
STAT 76200,Stochastic Methods in Finance,"(3, 3)",,Graduate,
MATH 79562,Stochastic Optimization By Computer Simulation,"(3, 3)",,Graduate,
STAT 72550,Stochastic Simul,"(3, 3)",,Graduate,
ANTH 77154,Stories and Silences,"(3, 3)",,Graduate,
IMA 78361,Story Based Strategies,"(1, 1)",,Graduate,
IMA 78052,Story Strategies,"(3, 3)",,Graduate,
THC 72531,Storytelling and Contemporary Culture,"(3, 3)",,Graduate,
MUS 71910,Storytelling through Performance,"(1, 1)",,Graduate,
NURS 69987,Strat Adv Prac Nurse,"(3, 3)",,Graduate,
EDUC 72079,Strat for Tchng Lit,"(3, 3)",,Graduate,
URBP 78793,Strat Pln-Non Pr Crp,"(3, 3)",,Graduate,
SPED 70651,Strateg/Curr:Sev Dis,"(1, 1)",,Graduate,
URBG 74900,Strategic Planning for Nonprofit Organizations,"(3, 3)",,Graduate,
SPED 70650,Strategies and Curriculum Adaptations for Learners with Severe/Multiple Disabilities,"(3, 3)",,Graduate,
SPED 70600,Strategies and Curriculum Adaptations for Learners with Severe/Multiple Disabilities,"(3, 3)",,Graduate,
EDESL 70153,Strategies for Teaching Pronunciation in the ESL Classroom,"(1, 1)",,Graduate,
COUNS 75250,Strategies1:Learning,"(3, 3)",,Graduate,
NURS 69952,Strategy in Nursing Mgmt,"(3, 3)",,Graduate,
MUS 76055,Stravinsky Life and Time,"(3, 3)",,Graduate,
HED 72752,Stress Management,"(3, 3)",,Graduate,
PSYCH 74400,"Stress, Trauma, and Resilience","(3, 3)",,Graduate,
MUS 64100,Strings,"(1, 1)",,Graduate,
COUNS 75350,"Strt Lrn Cnsl 2:Voc,","(3, 3)",,Graduate,
BIOL 79062,Struc:Biol Macmolecu,"(3, 3)",,Graduate,
PT 66100,Struct & Funct of NS,"(3, 3)",,Graduate,
CHEM 66800,Structural Biology,"(3, 3)",,Graduate,
BIOL 79097,Structure of Biological Macromolecules,"(3, 3)",,Graduate,
ENGL 50500,Structure of English Language,"(3, 3)",,Graduate,
EDESL 70500,Structure of English: A Pedagogical View 3,"(3, 3)",,Graduate,
URBG 70200,Structure of the Urban Region,"(3, 3)",,Graduate,
ENGL 76500,Stud British & Amer Literature,"(3, 3)",,Graduate,
ENGL 76100,Stud Late 20th/Early 21th Cen,"(3, 3)",,Graduate,
ENGL 76800,Stud South Asian & Ind Lit,"(3, 3)",,Graduate,
ENGL 77300,Stud US Latina/o Literature,"(3, 3)",,Graduate,
ENGL 78400,Stud Wrk Single Writ,"(3, 3)",,Graduate,
THC 76050,Stud: Prod & Directing,"(3, 3)",,Graduate,
THC 76053,Stud:Amer Plays,"(3, 3)",,Graduate,
THC 76052,Stud:Mime & Masks,"(3, 3)",,Graduate,
THC 76051,Stud:Stanislavsky,"(3, 3)",,Graduate,
SPED 74855,"Student Teaching 2: Blindness and Visual Impairment, Grade 7-12 (KC)","(1, 1)",,Graduate,
SPED 74854,"Student Teaching 2: Blindness and Visual Impairment, Preschool-Grade 6 (KC)","(1, 1)",,Graduate,
SPEDE 79550,"Student Teaching Early Childhood Ed w/Annotation in Severe/Multiple Disabilities, 36 Days Pre-K (KC)","(2, 2)",,Graduate,
SPEDE 79551,"Student Teaching Early Chldhd Special Ed w/Annotation Severe Multiple Disabilities, 36 days K-2 (KC)","(2, 2)",,Graduate,
SEDC 75900,Student Teaching for Computer Science (KC),"(4, 4)",,Graduate,
SEDC 76411,Student Teaching in Biology In Grades 7-9,"(3, 3)",,Graduate,
SEDC 76421,"Student Teaching in Biology, Grades 10-12","(3, 3)",,Graduate,
SEDC 75401,"Student Teaching in Biology, Grades 7-12 (KC)","(4, 4)",,Graduate,
SEDC 76422,"Student Teaching in Chemistry, Grades 10-12","(3, 3)",,Graduate,
SEDC 75402,"Student Teaching In Chemistry, Grades 7-12 (KC)","(4, 4)",,Graduate,
SEDC 76412,"Student Teaching in Chemistry, Grades 7-9","(3, 3)",,Graduate,
CHND 73100,"Student Teaching In Chinese, Grades 7-12 (KC)","(4, 4)",,Graduate,
DANED 76602,Student Teaching in Dance Grades PreK-12 (KC),"(4, 4)",,Graduate,
DANED 76605,Student Teaching in Dance Grades PreK-12 (KC),"(4, 4)",,Graduate,
ECC 71650,Student Teaching in Early Childhood Bilingual Settings (KC),"(3, 3)",,Graduate,
ECC 71600,Student Teaching in Early Childhood Settings (KC),"(3, 3)",,Graduate,
SPEDE 77800,Student Teaching in Early Childhood Special Education (KC),"(1, 1)",,Graduate,
SPEDE 77850,Student Teaching in Early Childhood Special Education with an Annotation in Severe Multiple Disabili,"(2, 2)",,Graduate,
SEDC 76424,"Student Teaching in Earth Science, Grades 10-12","(3, 3)",,Graduate,
SEDC 75404,"Student Teaching in Earth Science, Grades 7-12 (KC)","(4, 4)",,Graduate,
SEDC 76414,"Student Teaching in Earth Science, Grades 7-9","(3, 3)",,Graduate,
SEDC 76120,"Student Teaching In English, Grades 10-12","(3, 3)",,Graduate,
SEDC 75100,"Student Teaching in English, Grades 7–12 (KC)","(4, 4)",,Graduate,
SEDC 76221,"Student Teaching in French, Grades 10-12","(3, 3)",,Graduate,
SEDC 75201,"Student Teaching in French, Grades 7-12 (KC)","(4, 4)",,Graduate,
SEDC 76211,"Student Teaching in French, Grades 7-9","(3, 3)",,Graduate,
CEDC 72500,Student Teaching in Grades 1-3 (KC),"(3, 3)",,Graduate,
CEDC 72400,Student Teaching in Grades 1-6 (KC),"(4, 4)",,Graduate,
CEDC 72600,Student Teaching in Grades 4-6 (KC),"(3, 3)",,Graduate,
SEDC 76222,"Student Teaching in Italian, Grades 10-12","(3, 3)",,Graduate,
SEDC 75202,"Student Teaching in Italian, Grades 7-12 (KC)","(4, 4)",,Graduate,
SEDC 76212,"Student Teaching in Italian, Grades 7-9","(3, 3)",,Graduate,
LATED 75120,"Student Teaching in Latin, Grades 10-12","(3, 3)",,Graduate,
LATED 75110,"Student Teaching in Latin, Grades 7-9","(3, 3)",,Graduate,
LATED 73100,"Student Teaching in Latin, Grades 7–12 (KC)","(4, 4)",,Graduate,
SEDC 76320,"Student Teaching in Mathematics, Grades 10-12","(3, 3)",,Graduate,
SEDC 76310,"Student Teaching In Mathematics, Grades 7-9","(3, 3)",,Graduate,
SEDC 75300,"Student Teaching in Mathematics, Grades 7–12 (KC)","(4, 4)",,Graduate,
SEDC 76620,"Student Teaching in Music, Grades 7-12","(3, 3)",,Graduate,
SEDC 76610,"Student Teaching in Music, Grades Pre-K-6","(3, 3)",,Graduate,
SEDC 75600,"Student Teaching in Music, Pre-K-12 (KC)","(4, 4)",,Graduate,
SEDC 76423,"Student Teaching in Physics, Grades 10-12","(3, 3)",,Graduate,
SEDC 75403,"Student Teaching In Physics, Grades 7-12 (KC)","(4, 4)",,Graduate,
SEDC 76413,"Student Teaching in Physics, Grades 7-9","(3, 3)",,Graduate,
SEDC 76520,"Student Teaching In Social Studies, Grades 10-12","(3, 3)",,Graduate,
SEDC 76510,"Student Teaching in Social Studies, Grades 7-9","(3, 3)",,Graduate,
SEDC 75500,"Student Teaching in Social Studies, Grades 7–12 (KC)","(4, 4)",,Graduate,
SEDC 76223,"Student Teaching in Spanish, Grades 10-12","(3, 3)",,Graduate,
SEDC 75203,"Student Teaching in Spanish, Grades 7-12 (KC)","(4, 4)",,Graduate,
SEDC 76213,"Student Teaching in Spanish, Grades 7-9","(3, 3)",,Graduate,
ARTED 71200,Student Teaching in the Visual Arts Grades Pre-K-12 (KC),"(4, 4)",,Graduate,
SPED 77552,Student Teaching of Adolescents Learning Disabilities Grades 7-12,"(2, 2)",,Graduate,
SPED 78552,"Student Teaching/Supervised Practicum: Learning Disabilities, Grades 1-3 or 4-6","(2, 2)",,Graduate,
SPED 79560,Student Teaching/Supervised Teaching in Multiple Disabilities Including Deafblindness (PreK to 12),"(4, 4)",,Graduate,
SPED 75254,Student Teaching: Behavior Disorders Grades 1-6 (Part 1) (KC),"(3, 3)",,Graduate,
SPED 75256,Student Teaching: Behavior Disorders Grades 1-6 (Part 2) (KC),"(3, 3)",,Graduate,
SPED 75250,"Student Teaching: Behavior Disorders, Grades 1-3","(2, 2)",,Graduate,
SPED 75200,"Student Teaching: Behavior Disorders, Grades 1-3 and 4-6","(4, 4)",,Graduate,
SPED 75251,"Student Teaching: Behavior Disorders, Grades 4-6 (KC)","(2, 2)",,Graduate,
SPED 74851,"Student Teaching: Blindness and Visual Impairment, Grades 7-12 (KC)","(2, 2)",,Graduate,
SPED 74800,"Student Teaching: Blindness and Visual Impairment, Preschool - Grade 12 (KC)","(4, 4)",,Graduate,
SPED 74850,"Student Teaching: Blindness and Visual Impairment, Preschool - Grade 6 (KC)","(2, 2)",,Graduate,
SPED 73751,"Student Teaching: Deaf and Hard-of-Hearing, Grades 7-12 (KC)","(2, 2)",,Graduate,
SPED 73750,"Student Teaching: Deaf and Hard-of-Hearing, Preschool - Grade 6 (KC)","(2, 2)",,Graduate,
SPEDE 77700,Student Teaching: Early Childhood Special Education,"(4, 4)",,Graduate,
SPEDE 77750,Student Teaching: Early Childhood Special Education with Annotation in Severe Disabilities,"(4, 4)",,Graduate,
SEDC 76110,Student Teaching: English 7-9,"(3, 3)",,Graduate,
SPED 72500,Student Teaching: Learning Disabilities Grades 1-6 (KC),"(3, 3)",,Graduate,
SPED 78551,"Student Teaching: Learning Disabilities, Grades 1-3 or 4-6","(2, 2)",,Graduate,
SPED 78500,"Student Teaching: Learning Disabilities, Grades 1-3 or 4-6 (KC)","(4, 4)",,Graduate,
SPED 72600,"Student Teaching: Learning Disabilities, Grades 1-6 (Part 2) (KC)","(3, 3)",,Graduate,
SPED 79550,"Student Teaching: Severe/ Multiple Disabilities Including Deafblindness, Grades 1-3 (KC)","(2, 2)",,Graduate,
SPED 79551,"Student Teaching: Severe/ Multiple Disabilities Including Deafblindness, Grades 4-6 (KC)","(2, 2)",,Graduate,
SPED 79500,"Student Teaching: Severe/Multiple Disabilities, Including Deafblindness, Grades 1-6","(4, 4)",,Graduate,
FREN 79551,Studies 18th Century French Theater,"(3, 3)",,Graduate,
ENGL 77600,Studies Digital Media,"(3, 3)",,Graduate,
COMSC 72300,Studies in Bilingualism,"(3, 3)",,Graduate,
HIST 77459,Studies in Biography,"(3, 3)",,Graduate,
ENGL 77800,Studies in Comparative Literature,"(3, 3)",,Graduate,
THC 71000,Studies in Dramatic Genre,"(3, 3)",,Graduate,
FREN 70200,Studies in French Criticism,"(3, 3)",,Graduate,
HIST 77100,Studies in Historical Writing,"(3, 3)",,Graduate,
ENGL 78300,Studies in Literary Criticism,"(3, 3)",,Graduate,
ENGL 78700,Studies in Literary Theory and Criticism,"(3, 3)",,Graduate,
ENGL 71000,Studies in Literature and Language,"(3, 3)",,Graduate,
ENGL 72500,Studies in Restoration and 18th-century Literature,"(3, 3)",,Graduate,
ENGL 78600,Studies in Rhetoric,"(3, 3)",,Graduate,
ENGL 74100,Studies in Romanticism,"(3, 3)",,Graduate,
ENGL 71500,Studies in Shakespeare,"(3, 3)",,Graduate,
ENGL 74150,Studies in the Romantic Novel,"(3, 3)",,Graduate,
THC 76000,Studies in Theatre History and Production,"(3, 3)",,Graduate,
ENGL 70700,Studies Medieval Literature,"(3, 3)",,Graduate,
ENGL 77400,Studies Native American Literature,"(3, 3)",,Graduate,
DAN 73000,Studies of Forms,"(3, 3)",,Graduate,
ADSUP 72700,Studies: Hist of Ed,"(3, 3)",,Graduate,
IMA 78091,Studio,"(3, 3)",,Graduate,
ARTCR 61400,Studio Tutorial 1,"(3, 3)",,Graduate,
ARTCR 61500,Studio Tutorial 2,"(3, 3)",,Graduate,
ARTCR 61600,Studio Tutorial 3,"(3, 3)",,Graduate,
STABD 71109,Study Abroad - 9 Credits External (new),"(None, None)",,Graduate,
SPED 75051,Study and Behavior Disorder (KC),"(3, 3)",,Graduate,
FREN 79900,"Study of Particular Writer, Trend, or Perspective in French Literature. Topics to be Announced in Ad","(3, 3)",,Graduate,
MUS 74274,Style and Idea,"(3, 3)",,Graduate,
MUS 74067,Style and Structure in 20th Century Music,"(3, 3)",,Graduate,
SSW 70231,Substance Abuse and Alcoholism and Social Welfare Policy,"(3, 3)",,Graduate,
COMHE 77045,Substance Abuse Policy,"(3, 3)",,Graduate,
PH 77033,Subt Abuse Pol & Res,"(3, 3)",,Graduate,
URBG 78723,"Suburb: Ppl,Place,Pol","(3, 3)",,Graduate,
SSW 79714,Successfully Navigating work in Social Service Organizations,"(3, 3)",,Graduate,
COMSC 70700,Summative Project 2,"(2, 2)",,Graduate,
COMSC 70600,Summative Project I,"(2, 2)",,Graduate,
COMSC 77200,Summer Clinical Practicum in Speech-Language Pathology 2,"(1, 1)",,Graduate,
COMSC 77101,Summer Clinical Practicum in Speech-Language Pathology I,"(1, 1)",,Graduate,
ADSUP 72450,Sup & Inst-Spec Educ,"(3, 3)",,Graduate,
ADSUP 72451,Sup of Instr Biling,"(3, 3)",,Graduate,
EDESL 78800,"Sup Pract TESOL, YL (KC)","(1, 1)",,Graduate,
BILED 78100,Sup Prct-Blng Tchrs,"(2, 2)",,Graduate,
BILED 782FW,"Sup Tchg, 1-3 & 4-6","(4, 4)",,Graduate,
PHYS 851U0,Super Conductivity,"(4, 4)",,Graduate,
RAS 78965,Super Powers in Decline,"(3, 3)",,Graduate,
IMA 78008,Superstation: Experimental TV Studio,"(3, 3)",,Graduate,
EDUC 71700,Supervised Clinical Experience 1,"(1, 1)",,Graduate,
EDUC 71800,Supervised Clinical Experience 2,"(2, 2)",,Graduate,
SPED 77400,Supervised Clinical Teaching and Assessment of Adolescents with Disabilities: Part 2 (KC),"(3, 3)",,Graduate,
SPED 77200,Supervised Clinical Teaching of Adolescents with Disabilities: Part 1 (KC),"(2, 2)",,Graduate,
SPED 77700,Supervised Clinical Teaching of Students with Learning Disabilities (Year-Long) (KC),"(2, 2)",,Graduate,
SPED 78200,Supervised Clinical Teaching of Students with Learning Disabilities: Part 1 (KC),"(2, 2)",,Graduate,
SPED 78400,Supervised Clinical Teaching of Students with Learning Disabilities: Part 2 (KC),"(2, 2)",,Graduate,
BIOS 73700,Supervised Fieldwork,"(3, 3)",,Graduate,
PH 73700,Supervised Fieldwork,"(3, 3)",,Graduate,
EPI 73700,Supervised Fieldwork,"(3, 3)",,Graduate,
HPM 73701,Supervised Fieldwrk1,"(3, 3)",,Graduate,
SPED 74857,"Supervised Practicum 2: Blind and Visual Impairment, Grades 7-12 (KC)","(1, 1)",,Graduate,
SPED 74856,"Supervised Practicum II: Blind and Visual Impairment, Preschool-Grade 6 (KC)","(1, 1)",,Graduate,
ECC 71700,Supervised Practicum in Early Childhood (KC),"(2, 2)",,Graduate,
ECC 71750,Supervised Practicum in Early Childhood Bilingual Setting,"(1, 1)",,Graduate,
EDESL 78810,Supervised Practicum in the Elementary School: Pre-K-6,"(1, 1)",,Graduate,
EDESL 78820,Supervised Practicum in the Secondary School: Grades 7-12,"(1, 1)",,Graduate,
SPED 75255,Supervised Practicum: Behavior Disorders Grades 1-6 (Part 1) (KC),"(3, 3)",,Graduate,
SPED 75252,"Supervised Practicum: Behavior Disorders, Grades 1-3","(2, 2)",,Graduate,
SPED 75257,"Supervised Practicum: Behavior Disorders, Grades 1-6 (Part 2) (KC)","(3, 3)",,Graduate,
SPED 75253,"Supervised Practicum: Behavior Disorders, Grades 4-6","(2, 2)",,Graduate,
SPED 74853,"Supervised Practicum: Blindness and Visual Impairment, Grades 7-12 (KC)","(2, 2)",,Graduate,
SPED 74852,"Supervised Practicum: Blindness and Visual Impairment, Preschool - Grade 6 (KC)","(2, 2)",,Graduate,
SPED 73763,"Supervised Practicum: Deaf & Hard-of-Hearing, Grades 7-12 (KC)","(2, 2)",,Graduate,
SPED 73761,"Supervised Practicum: Deaf & Hard-of-Hearing,Grades 1-6 (KC)","(2, 2)",,Graduate,
SPED 73762,"Supervised Practicum: Deaf & Hard-of-Hearing,Grades 5-9 (KC)","(2, 2)",,Graduate,
SPED 73760,"Supervised Practicum: Deaf and Hard Of Hearing, Preschool - 2nd Grade (KC)","(2, 2)",,Graduate,
SPED 77550,Supervised Practicum: Grades 7-12 (KC),"(3, 3)",,Graduate,
SPED 72550,Supervised Practicum: Learning Disabilities Grades 1-6 (KC),"(3, 3)",,Graduate,
SPED 78550,"Supervised Practicum: Learning Disabilities, Grades 1-3 or 4-6 (KC)","(2, 2)",,Graduate,
SPED 72650,"Supervised Practicum: Learning Disabilities, Grades 1-6 (Part 2) (KC)","(3, 3)",,Graduate,
SPED 79552,"Supervised Practicum: Severe/Multiple Disabilities, Including Deaf and Blindness, Grades 1-3 (KC)","(2, 2)",,Graduate,
SPED 79553,"Supervised Practicum: Severe/Multiple Disabilities, Including Deafblindness, Grades 4-6 (KC)","(2, 2)",,Graduate,
LAT 70800,Supervised Reading,"(3, 3)",,Graduate,
CLA 70600,Supervised Reading,"(3, 3)",,Graduate,
BILED 78200,Supervised Student Teaching (KC),"(4, 4)",,Graduate,
BILED 78500,Supervised Student Teaching in Grades 1-3 (KC),"(2, 2)",,Graduate,
BILED 78600,Supervised Student Teaching in Grades 4-6 (KC),"(2, 2)",,Graduate,
EDESL 78510,Supervised Student Teaching in the Elementary School: Pre-K-6,"(2, 2)",,Graduate,
EDESL 78520,Supervised Student Teaching in the Secondary School: Grades 7-12,"(2, 2)",,Graduate,
SPED 77551,Supervised Student Teaching: Grades 7-12,"(2, 2)",,Graduate,
SPED 77500,Supervised Student Teaching: Grades 7-12 (KC),"(3, 3)",,Graduate,
EDESL 75200,Supervised Teaching (KC),"(3, 3)",,Graduate,
EDESL 75300,Supervised Teaching 2 (KC),"(3, 3)",,Graduate,
SEDC 76000,Supervised Teaching for Computer Science,"(4, 4)",,Graduate,
SEDC 77451,"Supervised Teaching in Biology, Grades 7–12 (KC)","(4, 4)",,Graduate,
SEDC 77452,"Supervised Teaching in Chemistry, Grades 7–12 (KC)","(4, 4)",,Graduate,
CHND 74150,"Supervised Teaching in Chinese, Grades 7-12 (KC)","(4, 4)",,Graduate,
DANED 76400,Supervised Teaching in Dance Grades PreK-12 (KC),"(4, 4)",,Graduate,
SEDC 77454,"Supervised Teaching in Earth Science, Grades 7–12 (KC)","(4, 4)",,Graduate,
SEDC 77150,"Supervised Teaching in English, Grades 7–12 (KC)","(4, 4)",,Graduate,
SEDC 77251,"Supervised Teaching in French, Grades 7–12 (KC)","(4, 4)",,Graduate,
CEDC 72750,Supervised Teaching in Grades 1-6 (KC),"(4, 4)",,Graduate,
SEDC 77252,"Supervised Teaching in Italian, Grades 7–12 (KC)","(4, 4)",,Graduate,
LATED 74150,"Supervised Teaching in Latin, Grades 7–12 (KC)","(4, 4)",,Graduate,
SEDC 77350,"Supervised Teaching in Mathematics, Grades 7–12 (KC)","(4, 4)",,Graduate,
SEDC 77650,"Supervised Teaching in Music, Grades PK-12 (KC)","(4, 4)",,Graduate,
SEDC 77453,"Supervised Teaching in Physics, Grades 7–12 (KC)","(4, 4)",,Graduate,
SEDC 77550,"Supervised Teaching in Social Studies, Grades 7–12 (KC)","(4, 4)",,Graduate,
SEDC 77253,"Supervised Teaching in Spanish, Grades 7–12 (KC)","(4, 4)",,Graduate,
COCO 71100,Supervision and Administration in Counseling,"(3, 3)",,Graduate,
ADSUP 71500,Supervision for Inst,"(4, 4)",,Graduate,
ADSUP 70300,Supervision for the Improvement of Instruction,"(3, 3)",,Graduate,
SSW 74500,Supervision in S W,"(3, 3)",,Graduate,
SSW 78700,Supervision in Social Agencies,"(2, 2)",,Graduate,
EDUC 71500,Supporting Multilingual Learners Across the Curriculum,"(3, 3)",,Graduate,
ECC 76500,Supporting Young Multilingual Learners Across Settings,"(3, 3)",,Graduate,
ADSUP 72600,Supr Spec Ed,"(3, 3)",,Graduate,
EDUC 74600,Supv Internship,"(4, 4)",,Graduate,
ENGL 76153,Surveillance & You,"(3, 3)",,Graduate,
EDLIT 73500,Survey of Instructional Approaches In Literacy Education: Grades K -12,"(3, 3)",,Graduate,
SPAN 79188,Survey of Spanish-American Theatre,"(3, 3)",,Graduate,
COMHE 77002,Survey Research Method,"(3, 3)",,Graduate,
NUTR 77002,Survey Research Mthd,"(3, 3)",,Graduate,
STAT 75500,Survival Analysis,"(3, 3)",,Graduate,
BIOS 75500,Survival Analysis,"(3, 3)",,Graduate,
URBP 78702,Sust Watershed Mgmnt,"(3, 3)",,Graduate,
URBP 78737,"Sustain,Grn Bldg,Hlt","(3, 3)",,Graduate,
URBG 78798,Sustainability and the Built Environment,"(3, 3)",,Graduate,
GEOG 71200,Sustainable Development in Developing Countries,"(3, 3)",,Graduate,
URBG 78729,Sustainable Environment,"(3, 3)",,Graduate,
URBP 78746,Sustainable Transportaion Planning,"(3, 3)",,Graduate,
SSW 79657,SW & AIDS/Issues/Intvt,"(2, 2)",,Graduate,
SSW 79169,SW Homls Imp Pol/Prc,"(2, 2)",,Graduate,
SSW 77100,SW in Auth Settings,"(2, 2)",,Graduate,
SSW 79170,SW Intrvn W/Refugees,"(2, 2)",,Graduate,
SSW 70700,Sw Pol: Fld of Aging,"(2, 2)",,Graduate,
SSW 70157,Sw Polcy & Svcs 1,"(3, 3)",,Graduate,
SSW 70158,Sw Polcy & Svcs 1,"(3, 3)",,Graduate,
SSW 70159,Sw Polcy & Svcs 1,"(3, 3)",,Graduate,
SSW 79300,SW Pr:Aged-Multimeth,"(2, 2)",,Graduate,
SSW 79651,SW Prac Del Ser/Wkr,"(2, 2)",,Graduate,
SSW 74651,SW Prac:Aged,"(3, 3)",,Graduate,
SSW 74650,SW Prac:Child & Adoles,"(3, 3)",,Graduate,
SSW 74652,SW Prac:Family,"(3, 3)",,Graduate,
SSW 74653,SW Prac:Teenagers,"(3, 3)",,Graduate,
SSW 79183,SW Pract & Disabilities,"(2, 2)",,Graduate,
SSW 79766,SW Practice in Aging: Micro & Macro Perspectives,"(3, 3)",,Graduate,
SSW 79704,SW Practice in Early Childhood Intervention,"(3, 3)",,Graduate,
SSW 79177,SW W/Chrnc Ment 3,"(2, 2)",,Graduate,
SSW 79156,SW W/Holocaust Srvrs,"(2, 2)",,Graduate,
SSW 79666,SW: Pol Advcy(Co4),"(3, 3)",,Graduate,
SSW 79757,Sw:Pol Advcy (Co4),"(3, 3)",,Graduate,
ENGL 75303,Sylvia Plath,"(3, 3)",,Graduate,
THC 72559,Symbolism,"(3, 3)",,Graduate,
MUS 76059,Symbolism in the Renaissance,"(3, 3)",,Graduate,
MUS 76066,Symp Fr Bthvn to Mah,"(3, 3)",,Graduate,
NURS 69921,Symptom Management and Palliative Care for Oncology,"(3, 3)",,Doctoral,
MATH 79564,Synchronizing Automata,"(3, 3)",,Graduate,
ECO 70400,System of Economical Measurment,"(3, 3)",,Graduate,
ENGL 78460,T.S. Eliot,"(3, 3)",,Graduate,
IMA 78306,Taking a Documetary Detour,"(1, 1)",,Graduate,
FREN 79557,Tales & Shortstories,"(3, 3)",,Graduate,
ITAL 79372,Tasso's Melancholy in European Perspective,"(3, 3)",,Graduate,
EDUC 71200,Tch Music Early Chld,"(3, 3)",,Graduate,
EDUC 70600,Tchg Chld W/Lrn Diff,"(3, 3)",,Graduate,
EDUC 70400,Tchng Devel Reading,"(3, 3)",,Graduate,
IMA 79517,Tchng Pract/Channels,"(3, 3)",,Graduate,
IMA 79516,Tchng Pract/Visions,"(3, 3)",,Graduate,
EDUC 75500,Tchng Rdng Sec Schls,"(3, 3)",,Graduate,
EDESL 70307,Teacher Leadership for ELLS: Teacher and Student Learning in the Online Environment,"(3, 3)",,Graduate,
EDESL 70306,Teacher Leadership for English Language Learners,"(3, 3)",,Graduate,
EDFDN 70057,Teachers & The Law,"(3, 3)",,Graduate,
EDESL 77900,Teaching ESL Reading & Writing,"(4, 4)",,Graduate,
SPED 70450,Teaching Culturally and Linguistically Diverse Students,"(3, 3)",,Graduate,
CEDC 70401,Teaching Develop Read-Gr 1-9,"(3, 3)",,Graduate,
CEDC 70400,Teaching Developmental Reading,"(3, 3)",,Graduate,
CEDC 70450,Teaching Developmental Reading,"(3, 3)",,Graduate,
EDESL 70157,Teaching English Abroad,"(1, 1)",,Graduate,
EDESL 77800,Teaching ESL List & Speaking,"(4, 4)",,Graduate,
EDESL 74100,Teaching ESL Oral Skills,"(3, 3)",,Graduate,
EDESL 74200,Teaching ESL Reading and Writing,"(3, 3)",,Graduate,
EDESL 79400,Teaching ESL Students with Disabilities: Pre-K-12,"(1, 1)",,Graduate,
SPED 78652,Teaching Fellow-Learning Disabilities/ Behavior Disorders: Supervised Practicum 2 (KC),"(2, 2)",,Graduate,
SPED 78651,Teaching Fellowship - Learning Disabilities/ Behavior Disorders: Supervised Practicum 1 (KC),"(2, 2)",,Graduate,
EDESL 70151,Teaching High School and Adults with Special Needs,"(1, 1)",,Graduate,
NURS 92600,Teaching in Higher Education,"(3, 3)",,Doctoral,
CEDF 71100,Teaching Language and Child Development,"(3, 3)",,Graduate,
EDESL 70304,Teaching Literature/Adult ESL,"(3, 3)",,Graduate,
EDESL 70152,Teaching Low-Literacy Adults,"(1, 1)",,Graduate,
ENGL 70900,Teaching Multilingual Learners in ELA Classrooms,"(3, 3)",,Graduate,
EDUC 72700,Teaching Music in Elementary School,"(3, 3)",,Graduate,
EDESL 78967,Teaching of Writing,"(3, 3)",,Graduate,
IMA 79515,Teaching Pract/Words,"(3, 3)",,Graduate,
EDESL 70209,Teaching Pragmatics in ESL,"(2, 2)",,Graduate,
EDESL 70201,Teaching Pronunciation,"(2, 2)",,Graduate,
NURS 92700,Teaching Residency,"(3, 3)",,Doctoral,
CEDC 70350,Teaching Science in the Elementary School,"(3, 3)",,Graduate,
CEDC 70300,Teaching Science in the Elementary School,"(3, 3)",,Graduate,
SPED 70800,Teaching Students with Disabilities in Inclusive Settings,"(3, 3)",,Graduate,
EDESL 70302,Teaching Vocabulary,"(3, 3)",,Graduate,
EDESL 70202,Teaching Vocabulary,"(2, 2)",,Graduate,
HIST 77475,Tech & Soc Chng - US,"(3, 3)",,Graduate,
ECO 70000,Tech of Eco Analysis,"(3, 3)",,Graduate,
EDUC 79100,Tech Resource Tch&Ln,"(3, 3)",,Graduate,
EDESL 70210,Technology in TESOL,"(2, 2)",,Graduate,
EDESL 79000,Technology in TESOL: Adults,"(3, 3)",,Graduate,
EDESL 79300,Technology in TESOL: Pre-K-12,"(1, 1)",,Graduate,
THC 76002,Tectonic Theatre Project,"(3, 3)",,Graduate,
SSW 79751,Teenage Sexuality,"(3, 3)",,Graduate,
GSR 73100,Television Programming And Audiences,"(3, 3)",,Graduate,
IMA 71100,"Television, Culture and Society an Examination of the Role of Television, as Cultural Artifact and I","(3, 3)",,Graduate,
URBP 7872F,Tenant Advocacy and Engagement,"(3, 3)",,Graduate,
ARTH 7805A,"Territoriality, Diaspora, and Empire in Italian Art 1870-1945","(3, 3)",,Graduate,
EDESL 70156,TESOL - Special Topics Teaching ESL Through Video,"(1, 1)",,Graduate,
EDESL 70360,TESOL Adult Assess,"(3, 3)",,Graduate,
EDESL 787FW,Tesol Children:Prek-12,"(3, 3)",,Graduate,
EDESL 782FW,Tesol in Adult Education,"(3, 3)",,Graduate,
EDESL 78200,TESOL Methods for Adult Learners (KC),"(3, 3)",,Graduate,
EDESL 70313,TESOL Special Topics: Educational Technology in ELL Instruction,"(3, 3)",,Graduate,
EDESL 70218,TESOL Special Topics: Educational Technology in ELL Instruction,"(2, 2)",,Graduate,
EDESL 70317,TESOL Special Topics: English Program Administration,"(3, 3)",,Graduate,
EDESL 70160,TESOL Special Topics: Sociolinguistics,"(1, 1)",,Graduate,
EDESL 70214,TESOL Special Topics: Teaching Adults with Special Needs,"(2, 2)",,Graduate,
EDESL 70312,TESOL Special Topics: Teaching English in Global Contexts,"(3, 3)",,Graduate,
EDESL 70N01,TESOL Supervised Practicum,"(2, 2)",,Graduate,
EDESL 70217,TESOL: Advanced Grammar,"(2, 2)",,Graduate,
EDPS 72200,Tests and Measurement,"(3, 3)",,Graduate,
SPED 78653,"Tf-Ld & Bd: Pract 3, YL","(1, 1)",,Graduate,
SPED 79903,Tf-Ld: Practicum 2,"(3, 3)",,Graduate,
THC 76062,Th Hst & Prod Solo Per,"(3, 3)",,Graduate,
THC 72568,Thc For Con. Resolut,"(3, 3)",,Graduate,
HIST 76551,The 1920's,"(3, 3)",,Graduate,
ARTH 7804J,The African Metropolis,"(3, 3)",,Graduate,
ARTH 76113,The Afterlife of the World Exposition: 1945 - 1989,"(3, 3)",,Graduate,
ENGL 73300,The Age of Enlightenment,"(3, 3)",,Graduate,
SSW 79660,The Aging Process: Clinical Issues in Social Work Practice with the Aged,"(3, 3)",,Graduate,
ENGL 75256,The American 1850's,"(3, 3)",,Graduate,
ENGL 74950,The American 1850's,"(3, 3)",,Graduate,
ENGL 75456,The American 1850's,"(3, 3)",,Graduate,
ENGL 77553,The American Renaissance,"(3, 3)",,Graduate,
ENGL 76555,"The Animal Estate: Humans, Beasts, and Literature","(3, 3)",,Graduate,
IMA 78083,The Anti-Documentary,"(3, 3)",,Graduate,
ARTH 63100,The Architectural Avant- Garde,"(3, 3)",,Graduate,
MUS 74057,The Aria - Analysis,"(3, 3)",,Graduate,
CEDCF 70050,The Art and Science of Effective Teaching,"(3, 3)",,Graduate,
CEDCF 70000,The Art and Science of Effective Teaching,"(3, 3)",,Graduate,
MUS 71806,The Art of Cabaret,"(1, 1)",,Graduate,
CEDC 70000,The Art of Effective Teaching,"(2, 2)",,Graduate,
ARTH 78013,The Art Thomas Eukin,"(3, 3)",,Graduate,
ARTH 76300,The Artist's Institute,"(3, 3)",,Graduate,
CEDC 70700,The Arts: An Interdisciplinary Learning Experience,"(3, 3)",,Graduate,
ARTH 7803K,"The Ascent of the Interior in the 18th Century, Design, Ornament and the Self","(3, 3)",,Graduate,
ITAL 72300,The Baroque,"(3, 3)",,Graduate,
ARTH 76105,The Black Index,"(3, 3)",,Graduate,
ARTCR 75186,The Body Responds,"(3, 3)",,Graduate,
ENGL 70254,The British Lyric,"(3, 3)",,Graduate,
ENGL 75354,"The Brontes, Hardy, and Law","(3, 3)",,Graduate,
ENGL 75259,"The Brontes, Thomas Hardy, and D.H. Lawrence","(3, 3)",,Graduate,
ENGL 75355,"The Brontës, D.H. Lawrence, and Sylvia Plath","(3, 3)",,Graduate,
ARTH 7805F,The Broodthaer's Lesson,"(3, 3)",,Graduate,
ARTH 78055,The Cage Effect,"(3, 3)",,Graduate,
CHEM 62000,The Chemistry of Environmental Pollution,"(2, 2)",,Graduate,
SPAN 79160,The Civil War in Contemporary Spanish Literature,"(3, 3)",,Graduate,
MUS 76058,The Classical Quartet,"(3, 3)",,Graduate,
MUS 71100,The College Choir,"(1, 1)",,Graduate,
ENGL 77558,The Comic Alternative,"(3, 3)",,Graduate,
MUS 76082,The Concerto,"(3, 3)",,Graduate,
NUTR 74400,The Consumer & Food,"(3, 3)",,Graduate,
HIST 76301,The Consumer Revolution: 1600-1800,"(3, 3)",,Graduate,
SPAN 75600,The Contemporary Spanish Novel,"(3, 3)",,Graduate,
SSW 79716,The Critical Race Theory Debate and Public Policy,"(3, 3)",,Graduate,
ENGL 75252,The Decadent Imagination,"(3, 3)",,Graduate,
ENGL 76552,The Decadent Imagination,"(3, 3)",,Graduate,
ENGL 77562,"The Decadent Imagination, 1880-1930","(3, 3)",,Graduate,
IMA 78317,The Director's Eye-Visual Storytelling,"(1, 1)",,Graduate,
LAT 71004,The Domus in Latin Literature,"(3, 3)",,Graduate,
ENGL 71700,The Drama of the 17th and 18th Centuries,"(3, 3)",,Graduate,
URBG 78728,"The Economic Crisis: Plans, Policies, and Politics","(3, 3)",,Graduate,
MUS 76057,The End of Classicsm,"(3, 3)",,Graduate,
CEDC 73800,The English Language: Theories and Pedagogical Implications,"(3, 3)",,Graduate,
URBG 78703,The Everyday City,"(3, 3)",,Graduate,
ECC 71300,The Expressive Arts in Early Childhood,"(3, 3)",,Graduate,
ENGL 70279,The False Memoir,"(3, 3)",,Graduate,
ARTH 7804L,The Forbidden Place,"(3, 3)",,Graduate,
SPAN 79161,The Generation of 1898 and Avant Garde Movement,"(3, 3)",,Graduate,
GEOG 70800,The Geographies of Urban Space,"(3, 3)",,Graduate,
ARTH 7805H,The Global 1950's,"(3, 3)",,Graduate,
CLA 70500,The Greek and Latin Roots of English the Influence of Greek and Latin on the Development of the Engl,"(3, 3)",,Graduate,
MUS 74257,The Handel Oratorios,"(3, 3)",,Graduate,
ENGL 75853,The Harlem Renaissance,"(3, 3)",,Graduate,
ARTCR 75130,The Hidden Curriculum,"(3, 3)",,Graduate,
PH 72100,The History of Public Health,"(3, 3)",,Graduate,
MUS 71000,The Hunter Symphony,"(1, 1)",,Graduate,
ANTH 70301,The Idea of Immunity: Comparative Perspectives on Public Health,"(3, 3)",,Graduate,
ARTH 7803A,The Illuminated Manuscript in it's Cultural Context,"(3, 3)",,Graduate,
ARTH 7805B,The Islamic city from the 7th C to Today,"(3, 3)",,Graduate,
ARTH 7801C,The Islamic City from the Pre-Modern to the Era of Globalization,"(3, 3)",,Graduate,
ECO 79564,The Labor Movement,"(3, 3)",,Graduate,
IMA 72000,The Language of News,"(3, 3)",,Graduate,
CLA 70100,The Legacy of Ancient Greece,"(3, 3)",,Graduate,
CLA 70200,The Legacy of Ancient Rome,"(3, 3)",,Graduate,
SPAN 76800,The Literature of Memory in Latin America,"(3, 3)",,Graduate,
ENGL 75411,The Literature of War 1914-2019,"(3, 3)",,Graduate,
ENGL 76556,"The Literature of War: Men, Women, & the Poetics of History 1895-2019","(3, 3)",,Graduate,
ARTH 7804I,The Long Front of Pop: Modern Art and Mass Culture,"(3, 3)",,Graduate,
THC 76005,The Lulu Project,"(3, 3)",,Graduate,
MUS 76061,The Madrigal,"(3, 3)",,Graduate,
ARTH 7803W,The Medieval Body,"(3, 3)",,Graduate,
FREN 71000,The Medieval Theatre,"(3, 3)",,Graduate,
BIOL 79007,The Microbiome Gut-Brain Axis,"(3, 3)",,Graduate,
SPAN 75400,The Modern Essay in Spain,"(3, 3)",,Graduate,
ENGL 76101,The Modern Long Poem,"(3, 3)",,Graduate,
HIST 76808,The Modern Middle East: Arab-Israeli Relations,"(3, 3)",,Graduate,
HIST 76807,The Modern Middle East: Topics in Multiple Modernities,"(3, 3)",,Graduate,
URBG 78777,The Mortgage Crisis,"(3, 3)",,Graduate,
ARTH 7803U,The Museum,"(3, 3)",,Graduate,
ARTH 76117,The Museum and Its Exhibit Apparatus,"(3, 3)",,Graduate,
PH 78736,The Neighborhood Lab: Strengthening Community Capacity,"(3, 3)",,Graduate,
PH 77036,The Neighborhood Lab: Strengthening Community Capacity,"(3, 3)",,Graduate,
SSW 79760,The Neighborhood Lab: Strengthening Community Capacity,"(3, 3)",,Graduate,
URBG 78736,The Neighnhd Lab,"(3, 3)",,Graduate,
GSR 73300,The New Electronic Media And Information Markets,"(3, 3)",,Graduate,
ENGL 75756,The New York School,"(3, 3)",,Graduate,
BIOL 79050,The Nobel Lectures,"(3, 3)",,Graduate,
THC 76007,The O'Neill Project,"(3, 3)",,Graduate,
MUS 74260,The Operas of Mozart,"(3, 3)",,Graduate,
MUS 74262,The Operas of Verdi,"(3, 3)",,Graduate,
MUS 76081,The Oratorio,"(3, 3)",,Graduate,
SSW 70210,The Organization and Delivery of Social Services to Workers and their Families,"(3, 3)",,Graduate,
ITAL 79377,The Past viewed through the Binocular of Present: 20th Cent Narrative perspective early modern Italy,"(3, 3)",,Graduate,
URBG 7871B,The Political Economy of Congestion Pricing,"(3, 3)",,Graduate,
URBG 78797,The Politics of Gentrification,"(3, 3)",,Graduate,
ARTH 7804W,The Popular and the Experimental in Contemporary Latin American Art,"(3, 3)",,Graduate,
ARTH 7801T,The Reliquary Effect,"(3, 3)",,Graduate,
LAT 71001,The Roman Army,"(3, 3)",,Graduate,
ENGL 74151,The Romantic Poets,"(3, 3)",,Graduate,
RAS 77161,The Russian Mind,"(3, 3)",,Graduate,
RAS 77963,The Russian Short Story,"(3, 3)",,Graduate,
EDUC 70300,The Slow Learner,"(3, 3)",,Graduate,
GSR 79048,The Sociology of Databases,"(3, 3)",,Graduate,
SPED 72200,The Study of American Sign Language Educational Linguistics,"(2, 2)",,Graduate,
SPED 75000,The Study of Behavior Disorders,"(3, 3)",,Graduate,
SPED 78000,The Study of Learning Disabilities In Children and Adolescents,"(3, 3)",,Graduate,
MUS 76078,The Symphony,"(3, 3)",,Graduate,
STAT 72600,The Theory and Methods of Sampling,"(3, 3)",,Graduate,
URBG 7871Z,The U.S. Health Care System: Public Money Private Control,"(3, 3)",,Graduate,
ENGL 77590,The Victorian Double,"(3, 3)",,Graduate,
DAN 74665,The Wild Years of Dance on Television: A History of Dance Media Mavericks,"(3, 3)",,Graduate,
ENGL 77050,The Work of Catastrophe,"(3, 3)",,Graduate,
THC 72573,Theater and Religion,"(3, 3)",,Graduate,
THC 76006,Theater and Urban Space,"(3, 3)",,Graduate,
URBG 78775,Theater and Urban Space,"(3, 3)",,Graduate,
EDESL 70219,Theater Techniques for English Language Teaching,"(2, 2)",,Graduate,
THC 72580,Theatre & Film,"(3, 3)",,Graduate,
THC 72588,Theatre & Middle East: Israeli & Palestinian Drama & Performance,"(3, 3)",,Graduate,
THC 71055,Theatre & War,"(3, 3)",,Graduate,
THC 76081,Theatre and Social Change,"(3, 3)",,Graduate,
SPAN 72300,Theatre Before Lope De Vega,"(3, 3)",,Graduate,
THC 72571,Theatre Conflict Resolution,"(3, 3)",,Graduate,
THC 71100,Theatre Criticism,"(3, 3)",,Graduate,
THC 77700,Theatre for Youth,"(3, 3)",,Graduate,
THC 70500,Theatre in Society,"(3, 3)",,Graduate,
THC 77100,Theatre in Society,"(3, 3)",,Graduate,
FREN 73300,Theatre of Molière,"(3, 3)",,Graduate,
THC 76064,Theatre of Protest,"(3, 3)",,Graduate,
THC 72532,Theatre Project: Theatre for Young Audience Production,"(3, 3)",,Graduate,
THC 70100,Theatre Research and Bibliography,"(3, 3)",,Graduate,
EDESL 70154,Theatre Strategies for English Language Learning,"(1, 1)",,Graduate,
STAT 72554,Theo & Mthd Stoc Opti,"(3, 3)",,Graduate,
NURS 78400,Theoretical Foundations Of Advanced Psychiatric Mental Health Nursing Care And Practice,"(1, 1)",,Graduate,
NURS 70000,Theoretical Foundations of Nursing Science.,"(3, 3)",,Graduate,
PSYCH 63000,Theories and Methods of Psychotherapy (A),"(3, 3)",,Graduate,
URBP 7871X,Theories and Methods of Urban Design,"(3, 3)",,Graduate,
EDLIT 73300,Theories and Process of Teaching Writing: Pre-K-Grade 6,"(3, 3)",,Graduate,
THC 78500,Theories and Styles af Acting,"(3, 3)",,Graduate,
COCO 70200,Theories of Counseling,"(3, 3)",,Graduate,
ARTH 78091,Theories:Avant Garde,"(3, 3)",,Graduate,
PHYS 84640,Theory Solid State,"(4, 4)",,Graduate,
ARTH 73454,Theory & Criticism,"(3, 3)",,Graduate,
ARTH 73500,Theory and Criticism 2,"(3, 3)",,Graduate,
ARTH 73600,Theory and Criticism 3,"(3, 3)",,Graduate,
ARTH 73400,Theory and Criticism of Art,"(3, 3)",,Graduate,
ADSUP 72000,Theory and Principles of Curriculum Design,"(3, 3)",,Graduate,
LING 77400,Theory and Research in Second Language Acquisition and Learning,"(4, 4)",,Graduate,
MATH 74600,Theory of Functions of a Real Variable I,"(3, 3)",,Graduate,
MATH 74700,Theory of Functions of a Real Variable II,"(3, 3)",,Graduate,
STAT 72200,Theory of Games,"(3, 3)",,Graduate,
MATH 62300,Theory of Numbers,"(3, 3)",,Graduate,
PHYS 845U0,Theory Solid State,"(4, 4)",,Graduate,
PHYS 846U0,Theory Solid State Physics,"(4, 4)",,Graduate,
RAS 70800,Theory-Dem Soc&Comm,"(3, 3)",,Graduate,
NURS 69903,Therap Mod in Couns,"(3, 3)",,Graduate,
NURS 74800,Therapeutic Counseling Modalities: Advanced Nursing Perspectives and Practice,"(3, 3)",,Graduate,
PT 74000,Therapeutic Interventions & Exercises,"(3, 3)",,Doctoral,
BIOL 79027,Therapeutic Resistance,"(3, 3)",,Graduate,
NURS 69984,"Therapeutic Touch, Meditation and Imagery: Health Patterning Across the Life Span","(3, 3)",,Graduate,
EDABA 78100,Thesis 2 (KC),"(2, 2)",,Graduate,
EDABA 78200,Thesis 3 (KC),"(2, 2)",,Graduate,
IMA 79900,Thesis Extension,"(1, 1)",,Graduate,
EDABA 78000,Thesis I (KC),"(2, 2)",,Graduate,
MUS 79900,Thesis in Composition,"(3, 3)",,Graduate,
MUS 79800,"Thesis In Music History, Music Theory Or Ethnomusicology","(3, 3)",,Graduate,
ENGL 79703,Thesis One,"(3, 3)",,Graduate,
ENGL 79700,Thesis One,"(3, 3)",,Graduate,
IMA 79600,Thesis Preproduction,"(3, 3)",,Graduate,
IMA 79800,Thesis Production,"(3, 3)",,Graduate,
ARTH 79900,Thesis Research,"(3, 3)",,Graduate,
PSYCH 69900,Thesis Research,"(3, 3)",,Graduate,
PSYCH 69902,Thesis Research,"(3, 3)",,Graduate,
PSYCH 69900,Thesis Research,"(3, 3)",,Graduate,
PSYCH 69902,Thesis Research,"(3, 3)",,Graduate,
CHEM 79900,Thesis Research,"(3, 3)",,Graduate,
ECO 79800,Thesis Research,"(3, 3)",,Graduate,
BIOCH 79902,Thesis Research,"(2, 2)",,Graduate,
PSYCH 70702,Thesis Research,"(3, 3)",,Graduate,
BIOCH 79901,Thesis Research,"(1, 1)",,Graduate,
PSYCH 69950,Thesis Research,"(3, 3)",,Graduate,
PSYCH 69951,Thesis Research,"(3, 3)",,Graduate,
ENGL 77900,Thesis Research and Writing Methods,"(3, 3)",,Graduate,
GEOG 79901,Thesis Research Geog,"(1, 1)",,Graduate,
CSCI 79900,Thesis Research in Computer Science,"(3, 3)",,Graduate,
GTECH 79900,Thesis Research in GeoInformatics,"(3, 3)",,Graduate,
BIOL 79902,Thesis Research-MA,"(2, 2)",,Graduate,
BIOL 79901,Thesis Research-MA,"(1, 1)",,Graduate,
BIOL 79903,Thesis Research-MA,"(3, 3)",,Graduate,
HED 63200,Thesis Seminar,"(3, 3)",,Graduate,
PSYCH 70700,Thesis Seminar,"(3, 3)",,Graduate,
NUTR 79000,Thesis Seminar,"(3, 3)",,Graduate,
ITAL 79900,Thesis Seminar,"(3, 3)",,Graduate,
HED 63200,Thesis Seminar,"(3, 3)",,Graduate,
ITAL 79900,Thesis Seminar,"(3, 3)",,Graduate,
MEDIA 79900,Thesis Seminar,"(3, 3)",,Graduate,
NUTR 79000,Thesis Seminar,"(3, 3)",,Graduate,
RAS 79900,Thesis Seminar,"(3, 3)",,Graduate,
HIST 77900,Thesis Seminar: Independent Research,"(3, 3)",,Graduate,
ENGL 79704,Thesis Two,"(3, 3)",,Graduate,
ARTCR 79200,Thesis Writing,"(3, 3)",,Graduate,
ARTH 80000,Thesis Writing,"(3, 3)",,Graduate,
GSR 70100,Thinking Critically in a Digital Society,"(3, 3)",,Graduate,
ENGL 76554,Thinking in Henry James and T.S. Eliot,"(3, 3)",,Graduate,
IMA 78202,Third Cinema,"(3, 3)",,Graduate,
IMA 76600,Three Dimensional Virtual Environments,"(3, 3)",,Graduate,
EDF 74700,Thy/Prac Mulclt/Eth,"(3, 3)",,Graduate,
ARTCR 75120,"Time - Based Art: Performance, Video, Projects","(3, 3)",,Graduate,
ANTH 70270,Time Alloc Analysis,"(3, 3)",,Graduate,
ARTCR 75169,Time Based CUNY TV,"(3, 3)",,Graduate,
ARTCR 75127,Time Based Media,"(3, 3)",,Graduate,
ARTCR 75115,Time Based Projects,"(3, 3)",,Graduate,
ARTCR 75106,Time Based Projects,"(3, 3)",,Graduate,
EPI 77201,Time Series,"(2, 2)",,Graduate,
STAT 63851,Time Series Analysis,"(2, 2)",,Graduate,
STAT 71450,Time Series Analysis,"(3, 3)",,Graduate,
ECO 72300,Time Series Analysis,"(3, 3)",,Graduate,
STAT 71500,Time Series Analysis,"(3, 3)",,Graduate,
ARTCR 75124,"Time-Based Art Performance, Video, Projects","(3, 3)",,Graduate,
IMA 78340,"Times Square Red, Times Square Blue - Site Sound Process and Place","(1, 1)",,Graduate,
RAS 74901,Tolstoy & Dstyevsky,"(3, 3)",,Graduate,
RAS 74900,Tolstoy&Dostoyevsky,"(3, 3)",,Graduate,
ENGL 75856,Toni Morrison & the Classical Tradition,"(3, 3)",,Graduate,
ENGL 75855,Toni Morrison African American,"(3, 3)",,Graduate,
ENGL 78054,Toni Morrison's Desdemona: Tragedy and African American Literature,"(3, 3)",,Graduate,
ARTH 78060,Tony Smith Seminar,"(3, 3)",,Graduate,
HIST 77458,Top: Hist of N.Y.C,"(3, 3)",,Graduate,
ECO 79560,Top: Labor Economics,"(3, 3)",,Graduate,
STAT 72552,Top: Time Series,"(3, 3)",,Graduate,
HIST 77209,Top: United States Society & Culture,"(3, 3)",,Graduate,
HIST 76950,Top:Mod Afr Int Hist,"(3, 3)",,Graduate,
ARTH 78075,Topic American Art 1908-68,"(3, 3)",,Graduate,
HIST 77482,Topic: Afro-American History,"(3, 3)",,Graduate,
ECO 79559,Topic: Economic Analysis,"(3, 3)",,Graduate,
NURS 69982,Topic: Home Health Care,"(3, 3)",,Graduate,
SPAN 79154,Topic: Romancero,"(3, 3)",,Graduate,
COMHE 77091,Topic:Aging & Minorities,"(3, 3)",,Graduate,
COMHE 77029,Topic:Harm Reduction,"(3, 3)",,Graduate,
COMHE 77028,Topic:Hunger in America,"(3, 3)",,Graduate,
COMHE 77066,Topic:Prison Health,"(3, 3)",,Graduate,
COMHE 77006,Topic:Repro Health:Dip,"(3, 3)",,Graduate,
ECO 79574,Topics,"(3, 3)",,Graduate,
CHIN 70500,Topics Advanced Conversation,"(3, 3)",,Graduate,
HIST 77412,Topics and Themes in Non-US History: Rise of the West,"(3, 3)",,Graduate,
COMHE 77059,Topics Ch Polit System,"(3, 3)",,Graduate,
CHIN 71010,Topics Chinese Pedagogy,"(3, 3)",,Graduate,
ECO 79551,Topics History Eco Thought,"(3, 3)",,Graduate,
CHIN 70700,Topics in Advanced Reading,"(3, 3)",,Graduate,
CHIN 70600,Topics in Advanced Writing,"(3, 3)",,Graduate,
ECO 79567,Topics in Applied Finance,"(3, 3)",,Graduate,
STAT 72500,Topics In Applied Mathematics 2,"(3, 3)",,Graduate,
STAT 72400,Topics in Applied Mathematics I,"(3, 3)",,Graduate,
STAT 72555,Topics in Applied Mathematics II: Special Topics in Non-Parametric Statistics,"(3, 3)",,Graduate,
ECO 79573,Topics in Banking,"(3, 3)",,Graduate,
BIOL 79073,Topics in Biotech,"(3, 3)",,Graduate,
MATH 64000,Topics in Calculus,"(3, 3)",,Graduate,
COMHE 77092,Topics in Che: AIDS/HIV,"(3, 3)",,Graduate,
CHIN 70800,Topics in Chinese Culture and Society,"(3, 3)",,Graduate,
COMHE 77098,Topics in COMHE - TBA,"(3, 3)",,Graduate,
NURS 78100,Topics in Comprehensive Primary Mental Health Assessment and Intervention,"(1, 1)",,Graduate,
ENGL 79500,Topics in Creative Nonfiction Writing: Workshop,"(3, 3)",,Graduate,
ECO 79577,Topics in Financial Economics,"(3, 3)",,Graduate,
MATH 77250,Topics in Geometry,"(3, 3)",,Graduate,
ECO 79575,Topics in International Trade,"(3, 3)",,Graduate,
LAT 71000,Topics in Latin Lit,"(3, 3)",,Graduate,
LAT 71007,Topics in Latin Literature: Roman Slavery,"(3, 3)",,Graduate,
HIST 7741B,Topics in Natioalism and the Nation,"(3, 3)",,Graduate,
NURS 69963,Topics in Occ Hlt Ed,"(3, 3)",,Graduate,
MUS 76020,Topics in Opera Studies: African-American Composers,"(3, 3)",,Graduate,
CHIN 71003,Topics in Pedagogy,"(3, 3)",,Graduate,
PT 87200,Topics in Physical Therapy,"(1, 1)",,Doctoral,
MUS 71702,"Topics in Piano Performance, The Art of Transcription","(1, 1)",,Graduate,
ECO 79572,Topics in Public Finance,"(3, 3)",,Graduate,
PH 77000,Topics in Public Health,"(3, 3)",,Graduate,
SPED 71351,Topics in Special Ed,"(1, 1)",,Graduate,
SPED 71353,Topics in Special Education,"(3, 3)",,Graduate,
SPED 71352,Topics in Special Education,"(2, 2)",,Graduate,
SPED 71451,Topics in Special Education: Iti Practicum in Visual Impairment (KC),"(1, 1)",,Graduate,
STAT 71400,Topics in Statistical Inference,"(3, 3)",,Graduate,
DAN 75000,Topics in Teaching for College/Univeristy,"(3, 3)",,Graduate,
ENGL 79600,Topics in the Craft of Creative Nonfiction,"(3, 3)",,Graduate,
HIST 77439,Topics in US Hist,"(3, 3)",,Graduate,
ECO 79550,Topics Marxian Economics,"(3, 3)",,Graduate,
COMSC 77059,Topics: Audiology,"(3, 3)",,Graduate,
COMHE 77064,Topics: Basic Financial Management,"(3, 3)",,Graduate,
MLS 77025,Topics: Biohazards and Emergency Response,"(3, 3)",,Graduate,
COMSC 77052,Topics: Lang Impr Chl,"(3, 3)",,Graduate,
COMSC 77051,Topics: Lang Schl Age,"(3, 3)",,Graduate,
DAN 74655,Topics: Mediated Movement: Dance in a Digital Media Context,"(3, 3)",,Graduate,
ARTH 78095,Topics: Photography,"(3, 3)",,Graduate,
NURS 69910,Topics: Prim Care Child,"(2, 2)",,Graduate,
STAT 71352,Topics: Stat Infer 1,"(3, 3)",,Graduate,
COMSC 77053,Topics:Aug Sys Handi,"(3, 3)",,Graduate,
COMSC 77000,Topics:Cs,"(3, 3)",,Graduate,
COMHE 77053,Topics:Patient Education,"(3, 3)",,Graduate,
PH 77003,Topics:Public Hlth Res & Prac,"(3, 3)",,Graduate,
COMHE 77097,Topics:Urban Health,"(3, 3)",,Graduate,
COMSC 77056,Tops: Appl Instrumnt,"(3, 3)",,Graduate,
COMSC 77057,Tops:Neuroprocesses,"(3, 3)",,Graduate,
SPED 79300,Total Communication for Learners with Severe/Multiple Disabilities,"(2, 2)",,Graduate,
COMSC 79005,Tp:Autism Spec Disor,"(3, 3)",,Graduate,
NUTR 77028,Tp:Hunger in America,"(3, 3)",,Graduate,
COMHE 77080,Tp:New App Preg Prev,"(3, 3)",,Graduate,
PH 77050,Tp:Survy Dev Health Res,"(3, 3)",,Graduate,
ENGL 77573,Tpc:Mlti Clt Writing,"(3, 3)",,Graduate,
THC 72567,Tpc:Wmn in Ydsh Thea,"(3, 3)",,Graduate,
NURS 69951,Tps:Case Management,"(3, 3)",,Graduate,
URBP 78742,Traffic Calming Wksp,"(3, 3)",,Graduate,
COMHE 77090,Training in Health Profession,"(3, 3)",,Graduate,
BIOL 79029,Training the Immune System,"(3, 3)",,Graduate,
SPED 77800,Trans B Ld Practicum (Year-Long),"(1, 1)",,Graduate,
SPED 78201,Trans B-Yr Long Lab,"(3, 3)",,Graduate,
NURS 69995,Trans Death Healthcare,"(3, 3)",,Graduate,
RAS 78975,Trans from Auth Rule,"(3, 3)",,Graduate,
URBP 78729,Trans Pln:Meth & Mod,"(3, 3)",,Graduate,
ENGL 76551,Transatlantic 19th Century Literature,"(3, 3)",,Graduate,
SPAN 79103,Transatlantic ties: The Caribbean and the Canary Island,"(3, 3)",,Graduate,
MUS 75300,Transcription and Analysis in Ethnomusicology,"(3, 3)",,Graduate,
SSW 79192,Transdisciplinary Teamwork in Healthcare,"(3, 3)",,Graduate,
PH 77041,Transdisciplinary Teamwork in Healthcare,"(3, 3)",,Graduate,
NURS 69905,Transdisciplinary Teamwork in Healthcare,"(3, 3)",,Graduate,
URBP 7871S,Transit Oriented Development and Affordable Housing,"(3, 3)",,Graduate,
COCO 72300,Transition from School to Adult Living for Youth with Disabilities,"(3, 3)",,Graduate,
NURS 60N01,Translating Standards & Regulations into Practice,"(2, 2)",,Graduate,
TRNC 75600,Translation in Commercial Affairs (CHINESE-ENGLISH),"(3, 3)",,Graduate,
TRN 77600,Translation in New Media,"(3, 3)",,Graduate,
TRN 75100,Translation Theory,"(3, 3)",,Graduate,
ENGL 75253,Transnational Print Culture in the 19th Century,"(3, 3)",,Graduate,
URBP 78767,Transport Pln Wkshp,"(3, 3)",,Graduate,
URBP 73300,Transportation Planning Methods and Models,"(3, 3)",,Graduate,
URBP 78744,Transportation Planning Seminar,"(3, 3)",,Graduate,
URBP 78770,Transportation Planning Workshop,"(3, 3)",,Graduate,
URBP 7871Q,Transportation Policy & Advocacy,"(3, 3)",,Graduate,
URBP 78787,Transportation Workshop,"(3, 3)",,Graduate,
URBP 7871G,"Transportation, the Environment, and Public Health","(3, 3)",,Graduate,
URBG 7871A,Transporting New York: Sustainable Mobility in the 21st Century,"(3, 3)",,Graduate,
URBG 7871J,Transporting New York: Sustainable Mobility in the 21st Century,"(3, 3)",,Graduate,
SSW 79720,Trauma and Resilience,"(3, 3)",,Graduate,
NURS 73600,Trauma Nursing: The First 72 Hours,"(3, 3)",,Graduate,
SSW 79775,"Trends in Child Welfare: Policies, Programs & Practice","(3, 3)",,Graduate,
HIST 7741A,Tudor & Stuart Engl,"(3, 3)",,Graduate,
BIOL 79080,Tumor Immunology,"(3, 3)",,Graduate,
BIOL 79203,Tutorial,"(3, 3)",,Graduate,
SSW 75801,Tutorial,"(1, 1)",,Graduate,
BIOL 79204,Tutorial,"(4, 4)",,Graduate,
SSW 75802,Tutorial,"(2, 2)",,Graduate,
BIOL 79202,Tutorial,"(2, 2)",,Graduate,
SSW 75803,Tutorial,"(3, 3)",,Graduate,
IMA 78371,TV Studio Production,"(1, 1)",,Graduate,
HIST 74400,Twentieth-Century United States,"(3, 3)",,Graduate,
HIST 74500,Twentieth-Century United States: United States as a World Power,"(3, 3)",,Graduate,
HIST 75651,U.S Constitution History 1877-Present,"(3, 3)",,Graduate,
HIST 77220,U.S. African-American History: Black Powers,"(3, 3)",,Graduate,
ENGL 77351,U.S. Latina (o) Literature,"(3, 3)",,Graduate,
HIST 77218,U.S. LGBT History and American Nar,"(3, 3)",,Graduate,
HIST 77474,U.S.in Late 19 Cent,"(3, 3)",,Graduate,
BIOL 79055,Ubiquitin/Proteasome,"(3, 3)",,Graduate,
BIOL 79077,Ubiquitin/Proteasome,"(3, 3)",,Graduate,
CSCI 79514,Ultrahigh Speed Networks,"(3, 3)",,Graduate,
ANTH 77103,Unacceptable Risk: Language and Health,"(3, 3)",,Graduate,
CEDF 75300,Understanding & Ld'g G/T,"(3, 3)",,Graduate,
SPED 75300,Understanding and Identifying Gifted Learners: Individual and Developmental Diversity,"(3, 3)",,Graduate,
BIOL 79036,Understanding Immunotherapy,"(3, 3)",,Graduate,
MATH 69001,Understanding Task-Based Math,"(3, 3)",,Graduate,
SPED 71651,Undrstndg Gftd Lrnrs,"(3, 3)",,Graduate,
MUS 74061,Undrstndng Snd Synth,"(3, 3)",,Graduate,
HIST 77407,United States History from 1890 to 1945,"(3, 3)",,Graduate,
HIST 77203,United States: Civil War and Reconstruction,"(3, 3)",,Graduate,
GEOG 71130,Urb Dimens: Glo Cl Ch,"(3, 3)",,Graduate,
URBG 78766,Urb Internshp Semnar,"(3, 3)",,Graduate,
URBP 78765,Urb Public Budgeting,"(3, 3)",,Graduate,
COMHE 77049,Urban & Environmental Health,"(3, 3)",,Graduate,
URBG 79200,Urban Affairs Capstone,"(3, 3)",,Graduate,
PSYCH 68066,Urban Animals,"(3, 3)",,Graduate,
GTECH 78501,Urban Applications of GIS,"(3, 3)",,Graduate,
ANTH 75145,Urban Archaeology,"(3, 3)",,Graduate,
ANTH 73000,Urban China,"(3, 3)",,Graduate,
COUNS 71600,Urban Counseling,"(3, 3)",,Graduate,
URBG 71000,Urban Data Analysis,"(3, 3)",,Graduate,
URBG 71500,Urban Data Analysis Workshop,"(3, 3)",,Graduate,
URBP 7871W,Urban Design,"(3, 3)",,Graduate,
URBP 72400,Urban Design Workshop,"(3, 3)",,Graduate,
URBP 79051,Urban Devel Workshop,"(6, 6)",,Graduate,
URBG 79000,Urban Development Workshop I,"(6, 6)",,Graduate,
URBP 78798,Urban Economics,"(3, 3)",,Graduate,
ECO 73500,Urban Economics,"(3, 3)",,Graduate,
URBP 7871Z,Urban Ecosystems Policy and Planning,"(3, 3)",,Graduate,
URBP 78706,Urban Environmentlsm,"(3, 3)",,Graduate,
ANTH 77551,Urban Ethnolinguist,"(3, 3)",,Graduate,
URBG 7871S,Urban Food : Policy and Systems,"(3, 3)",,Graduate,
URBP 7871C,Urban Form and Zoning in NYC,"(3, 3)",,Graduate,
URBP 7872Q,Urban Futures: Environment and Imagination,"(3, 3)",,Graduate,
GEOG 74300,Urban Geographic Theory,"(3, 3)",,Graduate,
URBP 78791,Urban Government in the 1980's,"(3, 3)",,Graduate,
HED 62500,Urban Health,"(3, 3)",,Graduate,
NURS 91800,Urban Health Equity,"(3, 3)",,Doctoral,
IMA 78060,Urban Investigative Reporting,"(3, 3)",,Graduate,
COMHE 77079,Urban Issues and International Health,"(3, 3)",,Graduate,
URBP 78730,Urban Plg After 9-11,"(3, 3)",,Graduate,
URBG 78789,Urban Policy and Politics,"(3, 3)",,Graduate,
URBP 7872E,Urban Political Economy,"(3, 3)",,Graduate,
URBG 7871K,Urban Politics and Governance,"(3, 3)",,Graduate,
URBG 78787,Urban Poverty,"(3, 3)",,Graduate,
RAS 77962,Urban Russian Novel,"(3, 3)",,Graduate,
GSR 73000,Urban Sociology,"(3, 3)",,Graduate,
URBP 7871B,Urban Spaces and the Public Sphere,"(3, 3)",,Graduate,
URBP 78774,Urban Spatial Theory,"(3, 3)",,Graduate,
GEOG 70352,Urban Theory,"(3, 3)",,Graduate,
URBP 7871V,Urban Water: Supply and Management,"(3, 3)",,Graduate,
GEOG 70529,Urban Water: Supply and Management,"(3, 3)",,Graduate,
HIST 75650,US Const Hist 1787-1877,"(3, 3)",,Graduate,
HIST 77460,US in the 18th C,"(3, 3)",,Graduate,
HIST 77456,US Intel & Cult Hist,"(3, 3)",,Graduate,
ENGL 75752,US Latina/o Literature,"(3, 3)",,Graduate,
HIST 77205,US Mil Hist to 1877,"(3, 3)",,Graduate,
ENGL 77567,US National Rhetoric,"(3, 3)",,Graduate,
URBG 78719,US Non-Profit Sector,"(3, 3)",,Graduate,
HIST 77451,US: Civil Rights & Civil Liberties,"(3, 3)",,Graduate,
SPED 70500,Use of Instructional Technology in Special Education,"(1, 1)",,Graduate,
SPED 70550,Use of Instructional Technology in the Special Education Classroom,"(2, 2)",,Graduate,
EDESL 70205,Using Video in ESL Teaching,"(2, 2)",,Graduate,
RAS 71000,Ussr & Eastern Europ,"(3, 3)",,Graduate,
RAS 70400,Ussr&Wld Comm Mvmnt,"(3, 3)",,Graduate,
EDUC 79300,Util Mlt Clsrm Pers,"(2, 2)",,Graduate,
ENGL 76754,Utopian Fictions: Human Rights and Literature,"(3, 3)",,Graduate,
ARTH 7804C,Van Gogh's Modernity,"(3, 3)",,Graduate,
ARTH 78011,Van Gogh:Myth V.Real,"(3, 3)",,Graduate,
ARTH 78015,Velazquez,"(3, 3)",,Graduate,
ARTH 63500,Venetian Painting Carpaccio to Titian,"(3, 3)",,Graduate,
LAT 70700,Vergil,"(3, 3)",,Graduate,
ARTH 78025,Vermeer Seminar,"(3, 3)",,Graduate,
ENGL 74200,Victorian Poets,"(3, 3)",,Graduate,
ENGL 74300,"Victorian Prose, 1832-1890","(3, 3)",,Graduate,
HIST 77493,Victorns & Imprlsm,"(3, 3)",,Graduate,
ARTCR 75189,Video as Writing,"(3, 3)",,Graduate,
ARTCR 75154,Video for Artists,"(3, 3)",,Graduate,
ARTCR 75163,Videos on Art & Artists,"(3, 3)",,Graduate,
HIST 77477,Vietnamese Rev.War,"(3, 3)",,Graduate,
ENGL 70754,Vikings in Britain and Ireland,"(3, 3)",,Graduate,
ENGL 70284,Violence in America,"(3, 3)",,Graduate,
HIST 76901,Violence/Nationalism -African 19th Century,"(3, 3)",,Graduate,
IMA 70700,"Visible Evidence: Realist Strategies in Film, Video and TV","(3, 3)",,Graduate,
IMA 78012,Visiting Artist Lab: Writing the Short,"(3, 3)",,Graduate,
ANTH 70294,Visual Anthropology,"(3, 3)",,Graduate,
IMA 70000,Visual Cultural Seminar,"(3, 3)",,Graduate,
THC 75600,Visual Elements of Theatre 2,"(3, 3)",,Graduate,
THC 75500,Visual Elements of Theatre I,"(3, 3)",,Graduate,
PH 71100,"Visual Media, Technology and Health","(3, 3)",,Graduate,
STAT 78600,Visualization for Statistics and Applied Mathematics,"(3, 3)",,Graduate,
EDESL 78965,Vocabulary Teaching,"(3, 3)",,Graduate,
MUS 74253,Vocal Music of Vivaldi,"(3, 3)",,Graduate,
MUS 71802,Vocal Ornamentation for Classical Singers,"(1, 1)",,Graduate,
COCO 70500,Vocational Assessment and Placement,"(3, 3)",,Graduate,
COMSC 72700,Voice Disorders,"(2, 2)",,Graduate,
FREN 74200,Voltaire and Rousseau,"(3, 3)",,Graduate,
SSW 79167,Volunteerism & SW,"(2, 2)",,Graduate,
URBP 78725,Volunteers Urb Commu,"(3, 3)",,Graduate,
SOC 79012,Votrs Cndt Campaigns,"(3, 3)",,Graduate,
CSCI 79528,"VR, AR, Mixed Reality","(3, 3)",,Graduate,
URBP 78721,Wall Street to Main Street: Fundamentals of Public Finance,"(3, 3)",,Graduate,
ENGL 78455,Walt Whitman,"(3, 3)",,Graduate,
HIST 77426,War and Intellectual,"(3, 3)",,Graduate,
RAS 78970,War and Occupation,"(3, 3)",,Graduate,
HIST 77448,"War,Pce & Dem:Mod Afr","(3, 3)",,Graduate,
SSW 77514,Way Knowng:Early Dev,"(3, 3)",,Graduate,
SSW 77512,Way Knwg:Drugs & Alchl,"(3, 3)",,Graduate,
SSW 77511,Way Knwg:SW & The Arts,"(3, 3)",,Graduate,
SSW 77506,Ways Knowing: Criminal Justice,"(3, 3)",,Graduate,
SSW 77508,Ways Knowing:Trauma,"(3, 3)",,Graduate,
SSW 77516,Ways Knowledge: Death and Dying,"(3, 3)",,Graduate,
SSW 77504,Ways Knowng: Dom Viol,"(3, 3)",,Graduate,
SSW 77507,Ways Knowng:Auth Set,"(3, 3)",,Graduate,
SSW 77503,Ways Knowng:Health,"(3, 3)",,Graduate,
SSW 77509,Ways Knowng:Immig Ex,"(3, 3)",,Graduate,
SSW 77505,Ways Knowng:Ment Hlt,"(3, 3)",,Graduate,
SSW 77510,Ways Knwg:Trauma & Dis,"(3, 3)",,Graduate,
SSW 77515,Ways Knwng Youth Dev,"(3, 3)",,Graduate,
SSW 77502,Ways of Knowing Child,"(3, 3)",,Graduate,
SSW 77517,Ways of Knowing Human Service Organizations,"(3, 3)",,Graduate,
SSW 77518,Ways of Knowing: Groups,"(3, 3)",,Graduate,
SSW 77501,Ways of Knowng:Aging,"(3, 3)",,Graduate,
SSW 77513,Ways of Knwng:School,"(3, 3)",,Graduate,
IMA 74200,Web Documentary,"(3, 3)",,Graduate,
GTECH 78534,WebGIS,"(3, 3)",,Graduate,
ARTCR 7511L,Welcome to the After the Future: Art as/ with/ against Technologies,"(3, 3)",,Graduate,
URBP 75600,Welfare Plng Seminar,"(3, 3)",,Graduate,
HIST 71500,Western Europe Between the Two World Wars,"(3, 3)",,Graduate,
ENGL 77580,Whitman & Dickinson,"(3, 3)",,Graduate,
ENGL 75453,Whitman & Dickinson,"(3, 3)",,Graduate,
ENGL 75751,Whitman & Ginsberg,"(3, 3)",,Graduate,
ENGL 70288,Whitman & Wilde,"(3, 3)",,Graduate,
ENGL 75159,"Wilde, Shaw, & Yeats","(3, 3)",,Graduate,
ANTH 79168,"Wildlife Conservation, Ecology and Health","(3, 3)",,Graduate,
ENGL 78454,William Faulkner,"(3, 3)",,Graduate,
PSYCH 75082,Winnicott & Brit Objts,"(3, 3)",,Graduate,
HED 62750,Wks:He:Stress Mngmnt,"(3, 3)",,Graduate,
EDUC 72058,Wkshp Alcohol Educ,"(3, 3)",,Graduate,
EDUC 72150,Wkshp Curr Mat Dev,"(3, 3)",,Graduate,
EDUC 72071,Wkshp Educ of Gifted,"(3, 3)",,Graduate,
EDUC 74200,Wkshp Elem Sch Math,"(3, 3)",,Graduate,
EDUC 72200,Wkshp for Elem Tchrs,"(2, 2)",,Graduate,
HED 72755,Wkshp In Hlth Ed,"(3, 3)",,Graduate,
EDUC 75000,Wkshp Secondary Educ,"(2, 2)",,Graduate,
EDUC 72070,Wksp Cmd;Am Gvmt&Pol,"(3, 3)",,Graduate,
HED 72700,Wksp Cur Iss-Health,"(3, 3)",,Graduate,
EDUC 71000,Wksp:Early Childhood,"(3, 3)",,Graduate,
EDUC 75800,Wksp:Sec for Lng Tch,"(3, 3)",,Graduate,
FREN 79404,Wmn Autobiogph Voice,"(3, 3)",,Graduate,
HIST 77488,Wmn's Lives US Hist,"(3, 3)",,Graduate,
URBG 78741,Wom Svc/Domestic Violence,"(3, 3)",,Graduate,
HIST 77444,Women & Gender in Islam,"(3, 3)",,Graduate,
ENGL 70265,Women & Medieval Literature,"(3, 3)",,Graduate,
ARTH 78048,Women & Salons,"(3, 3)",,Graduate,
SSW 79162,Women & Soc Welfare,"(2, 2)",,Graduate,
HIST 77462,Women and Family in United States History,"(3, 3)",,Graduate,
MUS 77801,Women and Music,"(3, 3)",,Graduate,
MUS 76084,Women and Power in Mozart's Operas,"(3, 3)",,Graduate,
SSW 70213,Women and Social Welfare,"(3, 3)",,Graduate,
HIST 7741H,Women and the French Revolutions,"(3, 3)",,Graduate,
ITAL 79396,Women at War: Conflict and Gender in 20 Century Italian Literature,"(3, 3)",,Graduate,
THC 72577,Women Hist Amer Thea,"(3, 3)",,Graduate,
ENGL 78252,Women in Avant Garde,"(3, 3)",,Graduate,
EDFDN 70010,Women in Higher Educ,"(3, 3)",,Graduate,
URBP 78794,Women in Housing,"(3, 3)",,Graduate,
HIST 76250,Women in Lt Vict Soc,"(3, 3)",,Graduate,
ANTH 75164,Women in Migration,"(3, 3)",,Graduate,
HIST 77423,Women in Mod Europe,"(3, 3)",,Graduate,
ARTCR 75195,Women in the Arts,"(3, 3)",,Graduate,
ENGL 71650,Women on Trial,"(3, 3)",,Graduate,
ENGL 75153,Women Writers & Metro,"(3, 3)",,Graduate,
SPAN 79652,Women Writers and Latin America,"(3, 3)",,Graduate,
HIST 7741P,Women's Biography & International History,"(3, 3)",,Graduate,
NURS 69976,Women's Development,"(3, 3)",,Graduate,
COMHE 77099,Women's Health,"(3, 3)",,Graduate,
NURS 85700,Women's Health in Primary Care,"(1, 1)",,Doctoral,
ENGL 78651,Women's Rhetorical Theory & Practice,"(3, 3)",,Graduate,
SPAN 79187,Women's Voices in Modern Spain,"(3, 3)",,Graduate,
ENGL 71569,"Women, Gender, Sex, and Power","(3, 3)",,Graduate,
COMHE 77032,"Women, HIV & Violence","(3, 3)",,Graduate,
HIST 77487,Womn in Lat Am Hist,"(3, 3)",,Graduate,
ENGL 77569,Womn Wrtrs:Rom Perid,"(3, 3)",,Graduate,
HIST 77408,Womn-Med Eur Soc & Rel,"(3, 3)",,Graduate,
MUS 64300,Woodwinds,"(1, 1)",,Graduate,
SSW 79670,Working Veterans & Military Memorial,"(3, 3)",,Graduate,
IMA 78307,Working with Non-Pro Actors,"(1, 1)",,Graduate,
EDO 765,Workshop Early Childhood,"(3, 3)",,Graduate,
BIOL 61000,Workshop in Biotechnology,"(4, 4)",,Graduate,
HED 62702,Workshop In Hlth Ed,"(2, 2)",,Graduate,
HED 62751,Workshop In Hlth Ed,"(3, 3)",,Graduate,
HED 62703,Workshop In Hlth Ed,"(3, 3)",,Graduate,
HED 62701,Workshop In Hlth Ed,"(1, 1)",,Graduate,
URBP 78732,Workshop in Urban Sustainability,"(3, 3)",,Graduate,
GSR 71600,Workshop In Using Information Technology For Research,"(3, 3)",,Graduate,
URBG 78754,Workshop Public Affairs and Media,"(3, 3)",,Graduate,
CEDC 74200,Workshop Seminar in Elementary School Mathematics/Science,"(3, 3)",,Graduate,
GEOG 65000,World Geography for Educators,"(3, 3)",,Graduate,
ENGL 78052,World Literature Drama,"(3, 3)",,Graduate,
MUS 77900,World Music Education,"(3, 3)",,Graduate,
ANTH 75167,World of The Vikings,"(3, 3)",,Graduate,
SPAN 79639,Worlds Reimagined: Utopias & Dystopias in Latin American Fiction,"(3, 3)",,Graduate,
SPED 77600,Writing & Executive Function for Adolescents with Learning Disabilities,"(2, 2)",,Graduate,
ITAL 70200,"Writing and Reading Workshop in Italian Literature, Art, and Film","(3, 3)",,Graduate,
ARTCR 75129,Writing Elective,"(3, 3)",,Graduate,
PH 77047,Writing Ethnography for Public Health,"(3, 3)",,Graduate,
ARTCR 75114,Writing for Artists,"(3, 3)",,Graduate,
COMHE 77003,Writing for Public Health,"(3, 3)",,Graduate,
SPED 72450,"Writing for Students with Disabilities (for those not in LD Specialization), Methods 3 (KC)","(2, 2)",,Graduate,
SPED 72400,"Writing for Students With Learning Disabilities, Methods 3 (KC)","(2, 2)",,Graduate,
ENGL 79800,Writing in Conference,"(3, 3)",,Graduate,
ENGL 76752,Writing New Africa,"(3, 3)",,Graduate,
NURS 73400,"Writing, Communication, and Healing","(3, 3)",,Graduate,
MUS 67800,Wrkshop in Choral Mu,"(3, 3)",,Graduate,
EDUC 72003,Wshp Curr Mat Dev Tc,"(3, 3)",,Graduate,
EDUC 72002,Wshp Curr Mat Dev Tc,"(2, 2)",,Graduate,
EDUC 72001,Wshp Curr Mat Dev Tc,"(1, 1)",,Graduate,
RAS 74100,XIX Century Russian Literature,"(3, 3)",,Graduate,
SPEDE 79900,Y-L Title: Field Experiences in Early Childhood Special Education (KC),"(1, 1)",,Graduate,
MUS 76063,Years Genius: 1826-28,"(3, 3)",,Graduate,
SPEDE 77300,"YL: Families, Parenting, & Family Professional Partnerships: Theories, Research, & Practices (KC)","(2, 2)",,Graduate,
EDESL 78000,YL: Theory of Research: Master’s Essay,"(2, 2)",,Graduate,
URBP 78723,Young Immigrants,"(3, 3)",,Graduate,
URBG 78744,Youth Policy,"(3, 3)",,Graduate,
URBG 78743,Youth Services,"(3, 3)",,Graduate,
ENGL 76151,Zombies,"(3, 3)",,Graduate,
URBP 7872X,"Zoning, Urban Design, and New York City's Future","(3, 3)",,Graduate,
ANTH 75166,Zooarchaelogy,"(3, 3)",,Graduate,
ENGL 78459,Zora Neale Hurston,"(3, 3)",,Graduate,
ITAL 34700,16th-Century Italian Literature,"(3, 3)",,Undergraduate,
ITAL 34800,17th and18th Century Literature,"(3, 3)",,Undergraduate,
FREN 34400,17th-Century French Literature,"(3, 3)",,Undergraduate,
HIST 38355,18 &19 Cent Amer Soc Hist,"(3, 3)",,Undergraduate,
WGS 25855,18 C Women Writers,"(3, 3)",,Undergraduate,
HIST 48356,18&19 C Am Soc Hist,"(3, 3)",,Undergraduate,
ARTH 27400,18-19th Cent. African American Art,"(3, 3)",,Undergraduate,
MUSHL 26171,1826-8:Yrs of Gens,"(3, 3)",,Undergraduate,
WGSA 31969,18C Brit Wmn Writr,"(3, 3)",,Undergraduate,
ENGL 31669,18th Cen British Women Writers,"(3, 3)",,Undergraduate,
ENGL 25862,18th Cent Britan Women Writ,"(3, 3)",,Undergraduate,
ENGL 31964,18th Cent Women Writers,"(3, 3)",,Undergraduate,
ENGL 25071,18th Century British Gothic,"(3, 3)",,Undergraduate,
ENGL 31969,18th Century British Women Writers,"(3, 3)",,Undergraduate,
WGS 25862,18th Century British Women's Writers,"(3, 3)",,Undergraduate,
ENGL 38457,18th Century Idea of Freedom,"(3, 3)",,Undergraduate,
ENGL 38790,18th Century Literature from Moll Flanders to Frankenstein,"(3, 3)",,Undergraduate,
ENGL 38455,18th Century Poetry,"(3, 3)",,Undergraduate,
ENGL 25855,18th Century Women Writers,"(3, 3)",,Undergraduate,
ENGL 38452,18th Century Women Writers,"(3, 3)",,Undergraduate,
WGSA 31964,18th Century Women Writers,"(3, 3)",,Undergraduate,
FREN 34600,18th-Century French Literature,"(3, 3)",,Undergraduate,
COMPL 38085,19 & 20 Cent Ital Women Writrs,"(3, 3)",,Undergraduate,
WGS 20010,19 Cen Women Writers,"(3, 3)",,Undergraduate,
ENGL 38855,19&20 C Br Wom Novlst,"(3, 3)",,Undergraduate,
ENGL 25199,1968: Literature of American Revolution,"(3, 3)",,Undergraduate,
HIST 38301,19C Amer Civic Life,"(3, 3)",,Undergraduate,
WGSA 31959,19C Amer Wmn Wrtrs,"(3, 3)",,Undergraduate,
ENGL 32165,19th and 20th Century African American Narratives,"(3, 3)",,Undergraduate,
HIST 12200,19th and 20th Century Europe,"(3, 3)",,Undergraduate,
WGSA 30022,19th and 20th Century Italian Women Writers,"(3, 3)",,Undergraduate,
ITAL 33800,"19th and 20th-Century Italian Women Writers, in Translation","(3, 3)",,Undergraduate,
ENGL 38778,19th C Novels & Poems,"(3, 3)",,Undergraduate,
ENGL 39894,19th Cen Amer Women Fiction,"(3, 3)",,Undergraduate,
ENGL 38557,19th Cen Amer.Women Fiction,"(3, 3)",,Undergraduate,
ENGL 38550,19th Cen Topics: Monstr,"(3, 3)",,Undergraduate,
ENGL 31959,19th Cent Amer Women Writers,"(3, 3)",,Undergraduate,
ANTHC 40166,19th Cent Intl Roots Sosci,"(3, 3)",,Undergraduate,
ENGL 32161,19th Century African American Narratives,"(3, 3)",,Undergraduate,
ENGL 39841,19th Century American Novel,"(3, 3)",,Undergraduate,
WGS 30016,19th Century American Women's Fiction,"(3, 3)",,Undergraduate,
ENGL 25079,19th Century Britain Literature and Art,"(3, 3)",,Undergraduate,
ENGL 25054,19th Century British Literature,"(3, 3)",,Undergraduate,
ENGL 38673,19th Century British Literature and Art,"(3, 3)",,Undergraduate,
ENGL 49001,19th Century City and the Birth of the Flaneur,"(3, 3)",,Undergraduate,
ENGL 49447,19th Century City and the Birth of the Flaneur,"(3, 3)",,Undergraduate,
WGS 30049,19th Century French Literature,"(3, 3)",,Undergraduate,
ENGL 38677,19th Century Independant Womn,"(3, 3)",,Undergraduate,
RUSS 34000,19th Century Russian Literature,"(3, 3)",,Undergraduate,
HIST 34145,19th Century United Stated Social History,"(3, 3)",,Undergraduate,
ENGL 25069,19th Century Women Writers,"(3, 3)",,Undergraduate,
FREN 34800,19th-Century French Literature (1800-1850),"(3, 3)",,Undergraduate,
FREN 34900,19th-Century French Literature (1850-1900),"(3, 3)",,Undergraduate,
RUSS 25000,19th-Century Russian Literature in English Translation,"(3, 3)",,Undergraduate,
ARTCR 36038,2-D Studio Intensive,"(3, 3)",,Undergraduate,
ARTLA 40600,"2-D, 3-D, 4-D Capstone Seminar","(3, 3)",,Undergraduate,
ENGL 49046,20/20: The American 1920's One Hundred Years Later,"(3, 3)",,Undergraduate,
ENGL 39946,20/20: The American 1920's One Hundred Years Later,"(3, 3)",,Undergraduate,
WGS 30047,20C Amer Wmns Fict,"(3, 3)",,Undergraduate,
WGSA 31956,20C Black Wmn Lit,"(3, 3)",,Undergraduate,
HIST 34162,20C Latin Amer Rev,"(3, 3)",,Undergraduate,
WGS 30056,20C les & Gay Wtg/Rdg,"(3, 3)",,Undergraduate,
WGSA 31975,20C Poetry Amr Wom,"(3, 3)",,Undergraduate,
ENGL 39099,20cles&Gay Wtg/Rdg,"(3, 3)",,Undergraduate,
ENGL 32158,20th & 21st Century Black Aesthics,"(3, 3)",,Undergraduate,
ITAL 37079,20th & 21st Century Narratives of Early Modern Italy,"(3, 3)",,Undergraduate,
ENGL 31756,20th and 21st Century African Writers,"(3, 3)",,Undergraduate,
ENGL 37900,20th and 21st Century American Drama,"(3, 3)",,Undergraduate,
ENGL 37700,20th and 21st Century American Fiction,"(3, 3)",,Undergraduate,
ENGL 37500,20th and 21st Century American Poetry,"(3, 3)",,Undergraduate,
ENGL 37800,20th and 21st Century British and Irish Drama,"(3, 3)",,Undergraduate,
ENGL 37600,20th and 21st Century British and Irish Fiction,"(3, 3)",,Undergraduate,
ENGL 37400,20th and 21st Century British and Irish Poetry,"(3, 3)",,Undergraduate,
ENGL 39897,20th Cen Amer Women Fiction,"(3, 3)",,Undergraduate,
AFPRL 39046,20th Cen Black Women Lit,"(3, 3)",,Undergraduate,
ENGL 32976,20th Cen Poetry American,"(3, 3)",,Undergraduate,
ENGL 39079,20th Cen Prose Styl,"(3, 3)",,Undergraduate,
ENGL 39073,"20th Cen Satire, Theatre, Frm","(3, 3)",,Undergraduate,
ENGL 39856,20th Cen So.Renaissance,"(3, 3)",,Undergraduate,
ENGL 39084,20th Cen World Poet & Pol,"(3, 3)",,Undergraduate,
ENGL 31956,20th Cent Black Women Lit,"(3, 3)",,Undergraduate,
ENGL 39052,20th Cent Glbl Poets,"(3, 3)",,Undergraduate,
ENGL 31975,20th Cent Poetry Amer Women,"(3, 3)",,Undergraduate,
THEA 39709,20th Century Actor Training,"(3, 3)",,Undergraduate,
THEA 32300,20th Century Aesthetics in Theatre and Film,"(3, 3)",,Undergraduate,
ARTH 29905,20th Century African American Art,"(3, 3)",,Undergraduate,
ARTH 27500,20th Century African American Art,"(3, 3)",,Undergraduate,
ENGL 25148,20th Century African American Expatriate Literature,"(3, 3)",,Undergraduate,
ARTH 38110,20th Century African American Manuscript,"(3, 3)",,Undergraduate,
URBS 40383,20th Century Architecture,"(3, 3)",,Undergraduate,
ARTH 25500,20th Century Architecture,"(3, 3)",,Undergraduate,
HIST 34112,20th Century China,"(3, 3)",,Undergraduate,
PHILO 39483,20th Century Continental Philosophy,"(3, 3)",,Undergraduate,
THEA 39754,20th Century Ensemble Theatre in America,"(3, 3)",,Undergraduate,
HIST 38232,20th Century France and Empire,"(3, 3)",,Undergraduate,
THEA 39744,20th Century German Theatre,"(3, 3)",,Undergraduate,
COMPL 35154,20th Century Global Poets in English,"(3, 3)",,Undergraduate,
ENGL 32953,20th Century Immigration Literature,"(3, 3)",,Undergraduate,
MUSHL 26109,20th Century Music,"(3, 3)",,Undergraduate,
MUSHL 36163,20th Century Music and Technique,"(3, 3)",,Undergraduate,
MUSTH 36104,20th Century Music Theory,"(3, 3)",,Undergraduate,
ENGL 39958,20th Century Native Amer Lit,"(3, 3)",,Undergraduate,
ITAL 36101,20th Century Perspectives on the Renaissance,"(3, 3)",,Undergraduate,
PHILO 39358,20th Century Philosophy,"(3, 3)",,Undergraduate,
LACS 34326,20th Century Puerto Rican Literature,"(3, 3)",,Undergraduate,
ENGL 25155,20th Century Southern Literacy Renaissance,"(3, 3)",,Undergraduate,
HIST 3411C,20th Century U.S. Gender and Sexuality,"(3, 3)",,Undergraduate,
ENGL 31967,20th Century Women Writers,"(3, 3)",,Undergraduate,
WGSA 31967,20th Century Women Writers,"(3, 3)",,Undergraduate,
ENGL 31978,20th Century Women Writers and the Politics of Imagination,"(3, 3)",,Undergraduate,
WGSA 31978,20th Century Women Writers and the Politics of Imagination,"(3, 3)",,Undergraduate,
HIST 11300,20th Century World History,"(3, 3)",,Undergraduate,
CHIN 30600,20th-Century Chinese Literature,"(3, 3)",,Undergraduate,
FREN 35000,20th-Century French Literature to 1930,"(3, 3)",,Undergraduate,
HIST 38700,20th-Century India,"(3, 3)",,Undergraduate,
SPAN 36600,20th-Century Latin American Poetry,"(3, 3)",,Undergraduate,
MUSTH 46161,20th-Century Music Theory,"(3, 3)",,Undergraduate,
HIST 35800,20th-Century United States,"(3, 3)",,Undergraduate,
ENGL 31758,21st Century African Literature,"(3, 3)",,Undergraduate,
HONS 30140,2nd Generation,"(3, 3)",,Undergraduate,
ARTCR 36073,3-D Painting Seminar,"(3, 3)",,Undergraduate,
MEDP 36000,3D Anim & Modeling,"(3, 3)",,Undergraduate,
MEDP 36600,3D Character Animation,"(3, 3)",,Undergraduate,
MEDP 27000,"3D Graphics for Design, Film and AR","(3, 3)",,Undergraduate,
ARTCR 36034,3D Space & Morning Img,"(3, 3)",,Undergraduate,
MEDP 36500,3D Virtual Environments,"(3, 3)",,Undergraduate,
ARTCR 36075,A Comp of Painting & Sculpture Statue,"(3, 3)",,Undergraduate,
HONS 20153,A Social History of Architecture in NYC,"(3, 3)",,Undergraduate,
MUSHL 10100,A Thousand Years of Listening,"(3, 3)",,Undergraduate,
URBS 40366,AA Civil Rghts & Law,"(3, 3)",,Undergraduate,
URBS 40364,AA Hist:Labor & Poltcs,"(3, 3)",,Undergraduate,
ANTHC 32550,AA Mvmt Comm Org,"(3, 3)",,Undergraduate,
ENGL 39069,Abc's of Modernism,"(3, 3)",,Undergraduate,
ENGL 34201,Aberrations in Black: Contemporary African-American Rhetoric,"(3, 3)",,Undergraduate,
PSYCH 22300,Abnormal Psychology,"(3, 3)",,Undergraduate,
POLSC 20474,Abolition of Whiteness,"(3, 3)",,Undergraduate,
WGST 29001,Abolition of Whiteness,"(3, 3)",,Undergraduate,
REL 25300,Abrahamic Religions,"(3, 3)",,Undergraduate,
MATH 31100,Abstract Algebra I,"(3, 3)",,Undergraduate,
MATH 31200,Abstract Algebra II,"(3, 3)",,Undergraduate,
HR 22052,Accountability for HR in Palestine and Israel,"(3, 3)",,Undergraduate,
ACCP 49000,Accounting & Auditing Research,"(3, 3)",,Undergraduate,
ACC 27100,Accounting 1,"(3, 3)",,Undergraduate,
ECO 49000,Accounting and Auditing Research,"(3, 3)",,Undergraduate,
ACC 27200,Accounting II,"(3, 3)",,Undergraduate,
ACC 10100,Accounting: The Language of Business,"(3, 3)",,Undergraduate,
ILBAC 30004,Acheivement Contract,"(4, 4)",,Undergraduate,
ILBAC 40008,Achievement Contract,"(8, 8)",,Undergraduate,
ILBAC 40005,Achievement Contract,"(5, 5)",,Undergraduate,
ILBAC 40001,Achievement Contract,"(1, 1)",,Undergraduate,
ILBAC 30006,Achievement Contract,"(6, 6)",,Undergraduate,
ILBAC 30009,Achievement Contract,"(9, 9)",,Undergraduate,
ILBAC 40009,Achievement Contract,"(9, 9)",,Undergraduate,
ILBAC 40002,Achievement Contract,"(2, 2)",,Undergraduate,
ILBAC 30001,Achievement Contract,"(1, 1)",,Undergraduate,
ILBAC 40006,Achievement Contract,"(6, 6)",,Undergraduate,
ILBAC 30007,Achievement Contract,"(7, 7)",,Undergraduate,
ILBAC 30005,Achievement Contract,"(5, 5)",,Undergraduate,
ILBAC 30003,Achievement Contract,"(3, 3)",,Undergraduate,
ILBAC 40004,Achievement Contract,"(4, 4)",,Undergraduate,
ILBAC 40002,Achievement Contract,"(2, 2)",,Undergraduate,
ILBAC 40005,Achievement Contract,"(5, 5)",,Undergraduate,
ILBAC 30002,Achievement Contract,"(2, 2)",,Undergraduate,
ILBAC 30007,Achievement Contract,"(7, 7)",,Undergraduate,
PHYS 18600,Acoustics of Music,"(3, 3)",,Undergraduate,
THEA 26100,Acting 2: American Realism,"(3, 3)",,Undergraduate,
THEA 16100,Acting I:Basic Acting Techniques,"(3, 3)",,Undergraduate,
THEA 26200,Acting III: World Realism,"(3, 3)",,Undergraduate,
THEA 39732,Acting on Camera,"(3, 3)",,Undergraduate,
THEA 36100,Acting: Non-Realism,"(3, 3)",,Undergraduate,
THEA 36200,Acting: Period Drama,"(3, 3)",,Undergraduate,
PHILO 39451,Action & Free Will,"(3, 3)",,Undergraduate,
NURS 49952,Acute Care Nursing,"(3, 3)",,Undergraduate,
PSYCH 49558,Ad Sp Tp:Hm Subj Sys,"(3, 3)",,Undergraduate,
COMPL 35156,Adam Mickiewicz & His Works in the Context of Western European & Russian Romantic Movement,"(3, 3)",,Undergraduate,
THEA 39752,Adapt Non-Dramatic,"(3, 3)",,Undergraduate,
THEA 32400,Adaptation in Theatre and Film,"(3, 3)",,Undergraduate,
PH 32100,Addictions and Dependencies,"(3, 3)",,Undergraduate,
BIOL 47084,Addictive Drugs,"(2, 2)",,Undergraduate,
PSYCH 31300,Adolescence,"(3, 3)",,Undergraduate,
PSYCH 31300,Adolescence,"(3, 3)",,Undergraduate,
SEDF 20400,Adolescent Development,"(3, 3)",,Undergraduate,
SEDC 34100,Adolescent Fieldwork,"(1, 1)",,Undergraduate,
PH 40084,Adolescent Health,"(3, 3)",,Undergraduate,
SEDC 22000,Adolescent Health and Safety,"(1, 1)",,Undergraduate,
SEDC 22050,Adolescent Health and Safety and DASA,"(None, None)",,Undergraduate,
NURS 47000,Adult Acute Illness/Immersion Clinical,"(4, 4)",,Undergraduate,
PSYCH 31500,Adult Development,"(3, 3)",,Undergraduate,
EDFDN 40054,Adult Education,"(3, 3)",,Undergraduate,
NURS 22000,Adult Health And Illness,"(4, 4)",,Undergraduate,
COMPL 38150,Adultery 19th Century Fiction,"(3, 3)",,Undergraduate,
COMPL 32050,Adultery in the Novel,"(3, 3)",,Undergraduate,
PSYCH 38401,Adults with Autism,"(3, 3)",,Undergraduate,
PSYCH 39038,Adults with Autism,"(3, 3)",,Undergraduate,
PSYCH 21400,Adults with Developmental Disabilities,"(3, 3)",,Undergraduate,
HEBR 35758,Adv Biblibal Grammar,"(3, 3)",,Undergraduate,
GERMN 38200,Adv Business German,"(3, 3)",,Undergraduate,
CHIN 40154,Adv Chinese-Engl Translation,"(3, 3)",,Undergraduate,
MUSTH 46153,Adv Ctpoint & Fugue,"(3, 3)",,Undergraduate,
HEBR 35754,Adv Heb Gram & Conv,"(3, 3)",,Undergraduate,
HONS 49150,Adv Interdiscip Stud,"(6, 6)",,Undergraduate,
HONS 49151,Adv Interdisciplinary Independent Study,"(6, 6)",,Undergraduate,
PHILO 39454,Adv Moral Theory,"(3, 3)",,Undergraduate,
ARTCR 36011,Adv Painting & Tech Concept,"(3, 3)",,Undergraduate,
BIOL 499LC,Adv Physiol Lec,"(2, 2)",,Undergraduate,
CSCI 49367,Adv Sftwre Eng Tp,"(3, 3)",,Undergraduate,
GERMN 31002,Adv Std Grmn Lang 2,"(3, 3)",,Undergraduate,
POL 26060,Adv Survey Polish Language,"(3, 3)",,Undergraduate,
ASIAN 33000,Adv Topics:Asian Amer Society,"(3, 3)",,Undergraduate,
DAN 25261,Adv Trad Modern Dance Tech,"(2, 2)",,Undergraduate,
DAN 25260,Adv Trad Modern Dance Tech,"(2, 2)",,Undergraduate,
ENGL 48469,Adv Workshop in Poetry Writing,"(3, 3)",,Undergraduate,
GERMN 30150,Advance German Grammar,"(1, 1)",,Undergraduate,
ENGL 31987,Advance Topics in Women Gender U.S. Literature,"(3, 3)",,Undergraduate,
WGSA 31987,Advance Topics in Women Gender U.S. Literature,"(3, 3)",,Undergraduate,
ASIAN 32000,Advance Topics: Literature Asian,"(3, 3)",,Undergraduate,
PSYCH 33300,Advanced Social Psychology Theory and Methods,"(3, 3)",,Undergraduate,
ARTCR 36013,Advanced 2-D Studsem,"(3, 3)",,Undergraduate,
ACCP 47000,Advanced Accounting,"(4, 4)",,Undergraduate,
ECO 47200,Advanced Accounting 2,"(3, 3)",,Undergraduate,
ACCP 47100,Advanced Accounting I,"(3, 3)",,Undergraduate,
ECO 47100,Advanced Accounting I,"(3, 3)",,Undergraduate,
ACCP 47200,Advanced Accounting II,"(3, 3)",,Undergraduate,
ECO 47700,Advanced Accounting Problems,"(3, 3)",,Undergraduate,
THEA 39728,Advanced Acting Workshop,"(3, 3)",,Undergraduate,
CSCI 49900,Advanced Applications: A Capstone for Majors,"(4, 4)",,Undergraduate,
ARB 30100,Advanced Arabic I,"(3, 3)",,Undergraduate,
ARB 30200,Advanced Arabic II,"(3, 3)",,Undergraduate,
STAT 35100,Advanced Biometrics,"(3, 3)",,Undergraduate,
GERMN 38502,Advanced Business German,"(3, 3)",,Undergraduate,
ARTCR 35700,Advanced Ceramics,"(3, 3)",,Undergraduate,
URBS 40397,Advanced Comm Organizing,"(3, 3)",,Undergraduate,
SW 46000,Advanced Community Organizing Theory and Practice,"(3, 3)",,Undergraduate,
ARTCR 36057,Advanced Computer Graphic,"(3, 3)",,Undergraduate,
THEA 39761,Advanced Costuming,"(3, 3)",,Undergraduate,
MUSTH 46150,Advanced Counterpoint and Fugue,"(3, 3)",,Undergraduate,
THEA 39716,Advanced Design for the Stage,"(3, 3)",,Undergraduate,
ARTCR 38100,Advanced Design in Light and Motion,"(3, 3)",,Undergraduate,
ARTCR 36068,Advanced Digital Art,"(3, 3)",,Undergraduate,
CSCI 39562,Advanced Discrete Structures,"(3, 3)",,Undergraduate,
CSCI 39562,Advanced Discrete Structures,"(3, 3)",,Undergraduate,
MEDP 31200,Advanced Documentary Digital Editing,"(3, 3)",,Undergraduate,
CHIN 40107,Advanced Domain Studies in Chinese,"(3, 3)",,Undergraduate,
ARTCR 32200,Advanced Drawing,"(3, 3)",,Undergraduate,
ARTCR 322HS,Advanced Drawing,"(3, 3)",,Undergraduate,
ARTCR 36058,Advanced Drawing: Pastels,"(3, 3)",,Undergraduate,
ENGL 21800,Advanced Expository Writing,"(3, 3)",,Undergraduate,
ARTCR 30700,Advanced Fiber Structure,"(3, 3)",,Undergraduate,
ENGL 48485,Advanced Fiction Work,"(3, 3)",,Undergraduate,
SOC 33200,Advanced Field Placement in Social Work Agencies,"(3, 3)",,Undergraduate,
FREN 22000,Advanced French Conversation,"(3, 3)",,Undergraduate,
FREN 31100,Advanced French Grammar,"(3, 3)",,Undergraduate,
MEDIA 39922,Advanced Gender and Media,"(3, 3)",,Undergraduate,
WGS 3001N,Advanced Gender and Media,"(3, 3)",,Undergraduate,
GERMN 30100,Advanced German Comprehension and Conversation,"(3, 3)",,Undergraduate,
GERMN 30200,Advanced German Conversation and Composition,"(3, 3)",,Undergraduate,
GERMN 31000,Advanced German Language Studies,"(3, 3)",,Undergraduate,
GERMN 38504,Advanced German Language Through Translation,"(3, 3)",,Undergraduate,
GERMN 21100,Advanced German Reading,"(3, 3)",,Undergraduate,
URBS 4032C,Advanced Graphic Communications,"(3, 3)",,Undergraduate,
GTECH 32200,Advanced Image Interpretation,"(3, 3)",,Undergraduate,
ARB 42103,Advanced Independent Study,"(3, 3)",,Undergraduate,
ARB 42101,Advanced Independent Study,"(1, 1)",,Undergraduate,
ARB 42102,Advanced Independent Study,"(2, 2)",,Undergraduate,
CSCI 39563,Advanced Infomation Technology,"(3, 3)",,Undergraduate,
ITAL 31200,Advanced Italian Composition,"(3, 3)",,Undergraduate,
ITAL 31100,Advanced Italian Grammar,"(3, 3)",,Undergraduate,
JPN 30100,Advanced Japanese 1,"(3, 3)",,Undergraduate,
JPN 30200,Advanced Japanese 2,"(3, 3)",,Undergraduate,
CLA 34056,Advanced Japanese 2,"(3, 3)",,Undergraduate,
JPN 30403,Advanced Japanese 3,"(3, 3)",,Undergraduate,
JPN 35100,Advanced Japanese Conversation,"(3, 3)",,Undergraduate,
CLA 34055,Advanced Japanese I,"(3, 3)",,Undergraduate,
MUSPF 36252,Advanced Jazz Workshop,"(2, 2)",,Undergraduate,
BIOL 44000,Advanced Lab in Microbiology,"(2, 2)",,Undergraduate,
ENGL 49418,Advanced Literary Theory,"(3, 3)",,Undergraduate,
THEA 39757,Advanced Make-Up,"(3, 3)",,Undergraduate,
ECO 49550,Advanced Micro Theory,"(3, 3)",,Undergraduate,
ECO 49573,Advanced Microeconomics Theory,"(3, 3)",,Undergraduate,
ECO 49574,Advanced Microeconomics Theory,"(3, 3)",,Undergraduate,
CSCI 39596,Advanced Networks and Cloud,"(3, 3)",,Undergraduate,
ARTCR 39000,Advanced New Genres,"(3, 3)",,Undergraduate,
NFS 34100,Advanced Nutrition,"(3, 3)",,Undergraduate,
NFS 44400,Advanced Nutrition 2,"(3, 3)",,Undergraduate,
NFS 44500,Advanced Nutrition Laboratory 2,"(1, 1)",,Undergraduate,
GEOL 38000,Advanced Oceanography: Physics of the Oceans,"(3, 3)",,Undergraduate,
ANTHP 40182,Advanced Osteology,"(3, 3)",,Undergraduate,
ARTCR 33600,Advanced Painting,"(3, 3)",,Undergraduate,
ARTCR 36066,Advanced Painting Seminar,"(3, 3)",,Undergraduate,
ARTCR 36067,Advanced Photo Darkroom Process,"(3, 3)",,Undergraduate,
ARTCR 37200,Advanced Photography,"(3, 3)",,Undergraduate,
ARTCR 37000,Advanced Photography,"(3, 3)",,Undergraduate,
BIOL 49900,Advanced Physiology,"(3, 3)",,Undergraduate,
BIOL 21100,Advanced Physiology Lab,"(2, 2)",,Undergraduate,
THEA 39763,Advanced Playwriting,"(3, 3)",,Undergraduate,
POL 30100,Advanced Polish 1,"(3, 3)",,Undergraduate,
POL 30200,Advanced Polish 2,"(3, 3)",,Undergraduate,
DAN 35261,Advanced Post Modern Dance Technique,"(2, 2)",,Undergraduate,
ARTCR 32600,Advanced Printmaking,"(3, 3)",,Undergraduate,
CSCI 46000,Advanced Programming Languages,"(3, 3)",,Undergraduate,
CSCI 39538,Advanced Python Programming,"(3, 3)",,Undergraduate,
MEDP 29300,Advanced Reporting,"(3, 3)",,Undergraduate,
SOC 44100,Advanced Research Methods,"(3, 3)",,Undergraduate,
RUSS 30200,Advanced Russian 2,"(3, 3)",,Undergraduate,
RUSS 31300,Advanced Russian Conversation 2,"(3, 3)",,Undergraduate,
RUSS 31200,Advanced Russian Conversation I,"(3, 3)",,Undergraduate,
RUSS 30100,Advanced Russian I,"(3, 3)",,Undergraduate,
ARTCR 35200,Advanced Sculpture,"(3, 3)",,Undergraduate,
FILM 49900,Advanced Seminar,"(3, 3)",,Undergraduate,
HUM 35001,Advanced Seminar in Far Eastern Art,"(3, 3)",,Undergraduate,
ENGL 49200,Advanced Seminar in Linguistics and/or Rhetoric,"(3, 3)",,Undergraduate,
ENGL 49000,Advanced Seminar in Literature and Criticism,"(3, 3)",,Undergraduate,
ENGL 49458,Advanced Seminar in Literature Theory,"(3, 3)",,Undergraduate,
SPAN 20251,Advanced Span Lit,"(3, 3)",,Undergraduate,
SPAN 20800,Advanced Spanish for Native Speakers,"(3, 3)",,Undergraduate,
SPAN 31200,Advanced Spanish Writing,"(3, 3)",,Undergraduate,
JPN 40400,Advanced Special Topics in Japanese Language,"(3, 3)",,Undergraduate,
CHIN 40100,Advanced Studies in Chinese Literature,"(3, 3)",,Undergraduate,
ARTH 46000,Advanced Studies Seminar in Islamic Art,"(3, 3)",,Undergraduate,
ARTH 42001,Advanced Studies Seminar in Medieval Art - Byzantium,"(3, 3)",,Undergraduate,
ARTH 42002,"Advanced Studies Seminar In Medieval Art: Saints, Relics, Reliquaries","(3, 3)",,Undergraduate,
ARTH 45005,Advanced Studies Seminar in Modern Art,"(3, 3)",,Undergraduate,
ARTH 45021,"Advanced Studies Seminar in Modern Art, Harlem and Photography","(3, 3)",,Undergraduate,
ARTH 45009,Advanced Studies Seminar in Modern Art: PerformSelf,"(3, 3)",,Undergraduate,
ARTH 38500,Advanced Studies-Modern Art,"(3, 3)",,Undergraduate,
ARTH 45001,Advanced Studies: Collaboration & Conflict,"(3, 3)",,Undergraduate,
ARTH 45010,Advanced Studies: Duchamps,"(3, 3)",,Undergraduate,
ARTH 45011,Advanced Studies: Print Matters,"(3, 3)",,Undergraduate,
ARTH 45003,Advanced Studies:Abstract Art,"(3, 3)",,Undergraduate,
ARTH 45002,Advanced Studies:Art & Cntrvsy,"(3, 3)",,Undergraduate,
ARTCR 30100,Advanced Studio,"(3, 3)",,Undergraduate,
CSCI 37100,Advanced Symbolic Logic,"(3, 3)",,Undergraduate,
PHILO 37500,Advanced Symbolic Logic,"(3, 3)",,Undergraduate,
NURS 49200,Advanced Synthesis of Nursing,"(2, 2)",,Undergraduate,
ENGL 49465,Advanced Theory Coll,"(3, 3)",,Undergraduate,
MATH 39500,Advanced Topics in Mathematics,"(3, 3)",,Undergraduate,
MEDP 39800,Advanced Topics in Media Production,"(3, 3)",,Undergraduate,
BIOL 47194,Advanced Topics in Microbial Pathogenesis,"(3, 3)",,Undergraduate,
ENGL 31700,Advanced Topics in Non-European Literary Traditions,"(3, 3)",,Undergraduate,
ARB 30001,Advanced Topics in Teaching Arabic,"(3, 3)",,Undergraduate,
PHILO 39478,Advanced Topics in Value Theory,"(3, 3)",,Undergraduate,
RUSS 31800,Advanced Translation,"(3, 3)",,Undergraduate,
MEDP 31000,Advanced TV Studio Production,"(3, 3)",,Undergraduate,
CSCI 49382,Advanced Visualization Tools,"(3, 3)",,Undergraduate,
THEA 36300,Advanced Voice and Movement for Performers,"(2, 2)",,Undergraduate,
ARTCR 36051,Advanced Watercolor Painting,"(3, 3)",,Undergraduate,
ARTCR 36052,Advanced Watercolor Painting,"(3, 3)",,Undergraduate,
NURS 48200,Advancement of Roles and Relationships in Professional Nursing,"(3, 3)",,Undergraduate,
BIOL 37101,Advances in Experimental Molecular Biology,"(3, 3)",,Undergraduate,
POLSC 21767,Advocacy in the Courts,"(3, 3)",,Undergraduate,
CLARC 22000,Aegean Archaeology,"(3, 3)",,Undergraduate,
CLARC 32965,Aegean Painting,"(3, 3)",,Undergraduate,
GRK 30800,Aeschylus,"(3, 3)",,Undergraduate,
MUSHL 36161,Aesthetics,"(3, 3)",,Undergraduate,
PHILO 25800,Aesthetics,"(3, 3)",,Undergraduate,
ARTH 45025,Aesthetics & Power: Artunder Authoritarian Regimes,"(3, 3)",,Undergraduate,
FILM 32352,Aesthetics Camera Movement,"(3, 3)",,Undergraduate,
FILM 32351,Aesthetics Film Sound,"(3, 3)",,Undergraduate,
HONS 2011A,Aesthetics of Everyday Life,"(3, 3)",,Undergraduate,
PHILO 20078,Aesthetics of Music,"(3, 3)",,Undergraduate,
HIST 38554,Af & Lt Am Compara Std,"(3, 3)",,Undergraduate,
HED 30800,Affective Tch Strat,"(4, 4)",,Undergraduate,
AFPRL 29011,Affirmative Action Debate,"(3, 3)",,Undergraduate,
HIST 3411D,Afr Amer Exp to 1865,"(3, 3)",,Undergraduate,
WGS 20073,Afr Wmn:Devl & Polts,"(3, 3)",,Undergraduate,
AFPRL 29008,Afr Wmn:Devl & Polts,"(3, 3)",,Undergraduate,
AFPRL 42862,Afr-Cntd Pdgms & Methd,"(3, 3)",,Undergraduate,
HIST 48554,Afr-Lat Am (Honors),"(3, 3)",,Undergraduate,
POLSC 27368,Africa & U.S. Today,"(3, 3)",,Undergraduate,
POLSC 27312,Africa and the World,"(3, 3)",,Undergraduate,
AFPRL 29078,Africa and the World,"(3, 3)",,Undergraduate,
HONS 20180,Africa Fr 700-1600,"(3, 3)",,Undergraduate,
HIST 28900,Africa in the 19th and 20th Centuries,"(3, 3)",,Undergraduate,
HIST 3412S,Africa in the Cold War,"(3, 3)",,Undergraduate,
AFPRL 39098,Africa State & Soc,"(3, 3)",,Undergraduate,
ANTHC 20000,Africa: Societies and Cultures,"(3, 3)",,Undergraduate,
AFPRL 29047,Africa:Traditional Religions,"(3, 3)",,Undergraduate,
AFPRL 39056,Africa:War and Peace,"(3, 3)",,Undergraduate,
ENGL 25178,African Amer Writing 1900-1940,"(3, 3)",,Undergraduate,
AFPRL 39007,African Amercans & Africa,"(3, 3)",,Undergraduate,
ENGL 32154,African American Drama,"(3, 3)",,Undergraduate,
AFPRL 32400,African American Ethnohistory,"(3, 3)",,Undergraduate,
HIST 25010,African American History 1,"(3, 3)",,Undergraduate,
HIST 25011,African American History 2,"(3, 3)",,Undergraduate,
AFPRL 20400,African American History II,"(3, 3)",,Undergraduate,
HIST 34161,African American History in Race and Reform,"(3, 3)",,Undergraduate,
ENGL 32152,African American Literature and Culture from Reconstruction to Renaissance 1865-1914,"(3, 3)",,Undergraduate,
ENGL 4941M,African American Literature of 19th Century West,"(3, 3)",,Undergraduate,
ENGL 49057,African American Literature of 19th Century West,"(3, 3)",,Undergraduate,
ENGL 32149,African American Narrative 1900-1940,"(3, 3)",,Undergraduate,
AFPRL 29083,African American Protest Fiction,"(3, 3)",,Undergraduate,
ENGL 32163,African American Voice and Tradition,"(3, 3)",,Undergraduate,
AFPRL 39051,African Americans & Prisons,"(3, 3)",,Undergraduate,
AFPRL 42861,African Centered Education,"(3, 3)",,Undergraduate,
AFPRL 22200,African Civilization,"(3, 3)",,Undergraduate,
AFPRL 42859,African Crit Theory,"(3, 3)",,Undergraduate,
GEOG 30504,African Environment and Development,"(3, 3)",,Undergraduate,
AFPRL 20100,African History from Human Origins to 1600 Cent,"(3, 3)",,Undergraduate,
AFPRL 20200,African History Since 1600 Century,"(3, 3)",,Undergraduate,
ANTHC 32091,African Influence Cuban Culture,"(3, 3)",,Undergraduate,
AFPRL 23500,African Literature,"(3, 3)",,Undergraduate,
MUSHL 26162,African Mus-Diaspora,"(3, 3)",,Undergraduate,
MUSHL 36166,African Music,"(3, 3)",,Undergraduate,
AFPRL 29055,African Music & Diaspora,"(3, 3)",,Undergraduate,
ANTHC 32092,African Orgn Rel Caribbean,"(3, 3)",,Undergraduate,
AFPRL 20600,African Political and Social Change,"(3, 3)",,Undergraduate,
POLSC 27202,African Political and Social Change,"(3, 3)",,Undergraduate,
FILM 21462,African Politics through African Films,"(3, 3)",,Undergraduate,
POLSC 26000,African Politics through African Films,"(3, 3)",,Undergraduate,
MEDIA 29975,African Politics through African Films,"(3, 3)",,Undergraduate,
AFPRL 29019,African Politics through African Films,"(3, 3)",,Undergraduate,
ANTHP 40178,African Primate Conservation,"(3, 3)",,Undergraduate,
AFPRL 39091,African Restoration and Liberal Movement,"(3, 3)",,Undergraduate,
AFPRL 29084,African Roots in Brazil Mus,"(3, 3)",,Undergraduate,
LACS 43413,African Roots in Brazilian Music,"(3, 3)",,Undergraduate,
MUSHL 26108,African Roots in Brazilian Music,"(3, 3)",,Undergraduate,
AFPRL 22000,African Spirituality in the Diaspora,"(3, 3)",,Undergraduate,
AFPRL 39097,African Trading Healing System,"(3, 3)",,Undergraduate,
AFPRL 42851,African Trav Seminar,"(3, 3)",,Undergraduate,
POLSC 27297,African Women Development and Politics,"(3, 3)",,Undergraduate,
AFPRL 32200,African World View: Philosophy and Symbolic Thought,"(3, 3)",,Undergraduate,
ARTH 29967,African-American Art,"(3, 3)",,Undergraduate,
AFPRL 20300,African-American History I,"(3, 3)",,Undergraduate,
HIST 36900,African-American History in the United States,"(3, 3)",,Undergraduate,
AFPRL 23600,African-American Literature,"(3, 3)",,Undergraduate,
PHILO 22600,African-American Philosophy,"(3, 3)",,Undergraduate,
AFPRL 20500,African-American Politics of Social Change,"(3, 3)",,Undergraduate,
THEA 39790,African-American Theater,"(3, 3)",,Undergraduate,
AFPRL 32000,African-Caribbean Culture,"(3, 3)",,Undergraduate,
LACS 43483,African-Caribbean Culture,"(3, 3)",,Undergraduate,
AFPRL 23700,African-Caribbean Literature,"(3, 3)",,Undergraduate,
LACS 43423,African-Caribbean Literature,"(3, 3)",,Undergraduate,
LACS 43484,Africn Inf in Amer,"(3, 3)",,Undergraduate,
AFPRL 39006,Africn Inf in Amer,"(3, 3)",,Undergraduate,
ENGL 49459,Afro Amer Lit Trad,"(3, 3)",,Undergraduate,
ENGL 32344,Afro Asian (Dis)Connections in Popular Culture and Music,"(3, 3)",,Undergraduate,
ASIAN 34052,Afro Asian (Dis)Connections in Popular Culture and Music,"(3, 3)",,Undergraduate,
SOC 22517,Afro Asian/Asian -Black Relations in the U.S.,"(3, 3)",,Undergraduate,
ASIAN 23017,Afro Asian/Asian -Black Relations in the U.S.,"(3, 3)",,Undergraduate,
HIST 34170,Afro-Am Hi Snce 1865,"(3, 3)",,Undergraduate,
HIST 34153,Afro-Am Hi:Coln-Pres,"(3, 3)",,Undergraduate,
WGS 33600,Afro-Amer Wmn Writ,"(3, 3)",,Undergraduate,
ANTHC 40173,Afro-American Culture in US,"(3, 3)",,Undergraduate,
PHILO 20072,Afro-American Philosophy,"(3, 3)",,Undergraduate,
AFPRL 40200,Afro-American Political Thought,"(3, 3)",,Undergraduate,
PHILO 39352,Afro-American Social Theory,"(3, 3)",,Undergraduate,
AFPRL 33600,Afro-American Women Writers,"(3, 3)",,Undergraduate,
AFPRL 30900,Afro-Americans and Africa,"(3, 3)",,Undergraduate,
AFPRL 39042,"Afro-Asia: Futurism, Food & Feminisms","(3, 3)",,Undergraduate,
ENGL 49443,Afro-Asian Imagination,"(3, 3)",,Undergraduate,
DAN 35253,Afro-Brazilean Dance 2,"(2, 2)",,Undergraduate,
DAN 25253,Afro-Brazilian Dance I,"(2, 2)",,Undergraduate,
POLSC 20800,Afro-Carib Comp Polc,"(3, 3)",,Undergraduate,
POLSC 27272,Afro-Carib Politics I,"(3, 3)",,Undergraduate,
REL 26253,Afro-Carib Religions,"(3, 3)",,Undergraduate,
POLSC 27286,Afro-Caribbean Contemporary Politics II,"(3, 3)",,Undergraduate,
POLSC 27278,Afro-Caribbean Politics,"(3, 3)",,Undergraduate,
LACS 43430,Afro-Caribbean Politics 2,"(3, 3)",,Undergraduate,
AFPRL 20800,Afro-Caribbean Politics 2,"(3, 3)",,Undergraduate,
AFPRL 20700,Afro-Caribbean Politics I,"(3, 3)",,Undergraduate,
REL 25600,Afro-Caribbean Religions,"(3, 3)",,Undergraduate,
LACS 43491,Afro-Lat Comm In NY,"(3, 3)",,Undergraduate,
LACS 43422,Afro-Lat Cult & Hist,"(3, 3)",,Undergraduate,
AFPRL 29020,Afro-Latin Community in NY,"(3, 3)",,Undergraduate,
AFPRL 42863,Afro-Latin Culture & History,"(3, 3)",,Undergraduate,
AFPRL 39052,Afro-Latinx Women: Histories and Perspectives,"(3, 3)",,Undergraduate,
ANTHC 26300,Afro-New World Languages And Cultures,"(3, 3)",,Undergraduate,
POLSC 27292,Afro/Afroam Resistnc,"(3, 3)",,Undergraduate,
WGS 20018,"After Suffrage, before the Revolution: Women in the Roosevelt Era","(3, 3)",,Undergraduate,
POLSC 27384,After the Cold War,"(3, 3)",,Undergraduate,
ARTCR 36030,After the Monument,"(3, 3)",,Undergraduate,
ENGL 39965,After the War,"(3, 3)",,Undergraduate,
HIST 38455,Age European Explore & Discovery,"(3, 3)",,Undergraduate,
HONS 20143,Age of Alchemy,"(3, 3)",,Undergraduate,
HIST 38453,Age of American and French Revolution,"(3, 3)",,Undergraduate,
ENGL 38771,Age of Beckett,"(3, 3)",,Undergraduate,
HIST 25052,Age of Crusades,"(3, 3)",,Undergraduate,
ENGL 35100,Age of Elizabeth I,"(3, 3)",,Undergraduate,
CSCI 39549,Agile Software Development,"(3, 3)",,Undergraduate,
PUPOL 40N01,Aging Policy and Politics,"(3, 3)",,Undergraduate,
HONS 3012B,"Aging, Work, and Equity in an Intergenerational Society","(3, 3)",,Undergraduate,
PH 40090,AIDS and HIV for Health Wk,"(3, 3)",,Undergraduate,
PH 20400,Aids and Society,"(3, 3)",,Undergraduate,
HED 30056,Aids And Society,"(3, 3)",,Undergraduate,
COUNS 40053,Aids and Society,"(3, 3)",,Undergraduate,
PH 40052,Aids and Society,"(3, 3)",,Undergraduate,
HED 31100,Aids And Society,"(3, 3)",,Undergraduate,
POLSC 21786,Aids and Society,"(3, 3)",,Undergraduate,
WGS 20071,Aids and Society,"(3, 3)",,Undergraduate,
NURS 49969,AIDS/HIV Health Carework,"(3, 3)",,Undergraduate,
HONS 30177,"Aids: Power, Politics, Information","(3, 3)",,Undergraduate,
MATH 101EN,Algebra College Stud-Enhanced,"(3, 3)",,Undergraduate,
MATH 10100,Algebra for College Students,"(3, 3)",,Undergraduate,
MATH 39581,"Algebra, 1st, 2nd and 3rd term Calculus and Linear Algebra","(3, 3)",,Undergraduate,
CSCI 49355,Algorithm Design & Analysis,"(3, 3)",,Undergraduate,
CSCI 39561,Algs & Computability,"(3, 3)",,Undergraduate,
ENGL 31859,Alice Walker's Womanism,"(3, 3)",,Undergraduate,
WGST 30059,Alice Walker's Womanism,"(3, 3)",,Undergraduate,
POLSC 21763,Alienation in American Politics,"(3, 3)",,Undergraduate,
ANTHC 32077,All American Women,"(3, 3)",,Undergraduate,
ANTHC 32077,All American Women,"(3, 3)",,Undergraduate,
ITAL 36502,Allegories of Transformation in Twentieth Century Italian Literature,"(3, 3)",,Undergraduate,
NURS 39952,Alt Frms of Hlth Cre,"(3, 3)",,Undergraduate,
THEA 33300,Alternative Performance,"(3, 3)",,Undergraduate,
ARTCR 36037,Alternative Photo Processes,"(3, 3)",,Undergraduate,
ARTCR 38300,Alternative Photographic Processes,"(3, 3)",,Undergraduate,
POLSC 37313,Am & Emerging Powers,"(3, 3)",,Undergraduate,
POLSC 31777,Am Constitut Develop,"(3, 3)",,Undergraduate,
WGS 20014,Am Wm Wtrs:Late 19C,"(3, 3)",,Undergraduate,
HIST 38203,Am Wrk Cl:1870-1980,"(3, 3)",,Undergraduate,
ENGL 39899,Am Wrt: Rise Vis Cul,"(3, 3)",,Undergraduate,
ENGL 39898,Am.Begin: Cult Exprs,"(3, 3)",,Undergraduate,
LACS 43475,Amazon:People and Environment,"(3, 3)",,Undergraduate,
HIST 48358,Amer Autobiog-Hnrs,"(3, 3)",,Undergraduate,
HIST 38357,Amer Autobiography,"(3, 3)",,Undergraduate,
HIST 38363,Amer Biog & Autobiog,"(3, 3)",,Undergraduate,
ENGL 39855,Amer Doc.Writng & Film,"(3, 3)",,Undergraduate,
HIST 25064,Amer Immigrant Exper,"(3, 3)",,Undergraduate,
POLSC 48008,Amer Judiciary: Hon,"(3, 3)",,Undergraduate,
ENGL 39988,Amer Poet:End of 20th Century,"(3, 3)",,Undergraduate,
POLSC 31753,Amer Polit Develop,"(3, 3)",,Undergraduate,
THEA 39758,Amer Thea 1920-1950,"(3, 3)",,Undergraduate,
ENGL 25168,Amer Trad:Asian Amer Lit,"(3, 3)",,Undergraduate,
HIST 25077,Amer War/Vietnam War,"(3, 3)",,Undergraduate,
ENGL 25174,Amer Women Wtrs:Late 19th Cent,"(3, 3)",,Undergraduate,
HIST 34169,Amer Work Class Hist,"(3, 3)",,Undergraduate,
ENGL 39861,Amer Working Class Literature,"(3, 3)",,Undergraduate,
URBS 40350,Amer Wrking Class,"(3, 3)",,Undergraduate,
POLSC 29403,America and the Rise of Isis,"(3, 3)",,Undergraduate,
HIST 36100,America and the World in the 20th Century,"(3, 3)",,Undergraduate,
MEDIA 32600,America in American Film and Video,"(3, 3)",,Undergraduate,
FILM 32600,America in American Film and Video,"(3, 3)",,Undergraduate,
CLA 30606,America Latina and Classics,"(3, 3)",,Undergraduate,
ENGL 49423,America's Coming of Age: Literature and Culture 1900-1930,"(3, 3)",,Undergraduate,
ENGL 39993,America's Coming of Age: Literature and Culture 1900-1930,"(3, 3)",,Undergraduate,
ARTH 24200,American Architecture and Urbanism,"(3, 3)",,Undergraduate,
ARTH 24600,American Art 1760 - 1900,"(3, 3)",,Undergraduate,
ARTH 21900,American Art 1900-1950,"(3, 3)",,Undergraduate,
POLSC 30421,American Bible Politics,"(3, 3)",,Undergraduate,
HIST 34160,American Biography,"(3, 3)",,Undergraduate,
ENGL 38571,American Childhood in the 19th Century,"(3, 3)",,Undergraduate,
HONS 20178,American Cities,"(3, 3)",,Undergraduate,
COUNS 40052,American Coll:Studies Services,"(3, 3)",,Undergraduate,
HIST 38230,American Colonies to 1821,"(3, 3)",,Undergraduate,
POLSC 20464,American Conservative Politcal Thought,"(3, 3)",,Undergraduate,
HIST 36400,American Constitutional History 1783 to 1900,"(3, 3)",,Undergraduate,
HIST 36300,American Cultural History,"(3, 3)",,Undergraduate,
HIST 36500,American Economic History,"(3, 3)",,Undergraduate,
ECO 49565,American Economic History Seminar,"(3, 3)",,Undergraduate,
ENGL 25659,American Ethnic Literature,"(3, 3)",,Undergraduate,
ENGL 4941J,American Feminist Poetics,"(3, 3)",,Undergraduate,
ENGL 49022,American Feminist Poetics,"(3, 3)",,Undergraduate,
POLSC 27400,American Foreign Policy,"(3, 3)",,Undergraduate,
POLSC 11000,American Government: A Historical Introduction,"(3, 3)",,Undergraduate,
ENGL 39956,American Humor,"(3, 3)",,Undergraduate,
ENGL 39945,American Hybrids,"(3, 3)",,Undergraduate,
ENGL 25056,American Immigrant Literature,"(3, 3)",,Undergraduate,
HIST 25081,American Indian History,"(3, 3)",,Undergraduate,
HIST 35700,American Jewish History,"(3, 3)",,Undergraduate,
JS 25012,American Jewish Literature and Culture,"(3, 3)",,Undergraduate,
JS 25012,American Jewish Literature and Culture,"(3, 3)",,Undergraduate,
POLSC 31400,American Judiciary,"(3, 3)",,Undergraduate,
ENGL 39967,American Literature: Naturalism,"(3, 3)",,Undergraduate,
POLSC 27395,American Military,"(3, 3)",,Undergraduate,
ENGL 25049,American Modern Fiction,"(3, 3)",,Undergraduate,
ENGL 39854,American Modernism,"(3, 3)",,Undergraduate,
ENGL 25001,American Noir,"(3, 3)",,Undergraduate,
PHILO 22500,American Philosophy,"(3, 3)",,Undergraduate,
ENGL 39983,American Poetry 1836-1955,"(3, 3)",,Undergraduate,
ENGL 39201,American Poetry after WW2,"(3, 3)",,Undergraduate,
ENGL 31972,American Poetry by Women,"(3, 3)",,Undergraduate,
WGSA 31972,American Poetry By Women,"(3, 3)",,Undergraduate,
POLSC 33000,American Political Development,"(4, 4)",,Undergraduate,
POLSC 32100,American Political Economy,"(3, 3)",,Undergraduate,
HIST 3411L,American Political History Since 1945,"(3, 3)",,Undergraduate,
POLSC 30100,American Political Thought,"(3, 3)",,Undergraduate,
MUSHL 26118,American Pop Music 1890-2010,"(3, 3)",,Undergraduate,
POLSC 31719,American Presidency,"(3, 3)",,Undergraduate,
POLSC 31717,American Presidency,"(3, 3)",,Undergraduate,
ENGL 39600,American Prose from Reconstruction to World War 1,"(3, 3)",,Undergraduate,
ENGL 39884,American Realism,"(3, 3)",,Undergraduate,
THEA 39766,American Realism,"(3, 3)",,Undergraduate,
ENGL 39986,American Renaissance,"(3, 3)",,Undergraduate,
ENGL 25164,American Short Story,"(3, 3)",,Undergraduate,
ENGL 39978,American Short Story,"(3, 3)",,Undergraduate,
ENGL 39990,American Short Story Cyc,"(3, 3)",,Undergraduate,
SOC 21900,American Society,"(3, 3)",,Undergraduate,
ARTH 35107,American Topic,"(3, 3)",,Undergraduate,
ENGL 25037,American War Stories,"(3, 3)",,Undergraduate,
HONS 30165,American Wilderness,"(3, 3)",,Undergraduate,
POLSC 48061,American Working Class,"(3, 3)",,Undergraduate,
SPAN 37077,"Amor Carnal, Cortes y Divino en la Poesia de la Temprana Modernidad","(3, 3)",,Undergraduate,
BIOL 47182,Amphetamine-Induced,"(2, 2)",,Undergraduate,
MATH 15400,An Introduction to Symbolic Computation,"(1, 1)",,Undergraduate,
BIOL 47115,An Investigation into Nobel Prize-Winning Research,"(3, 3)",,Undergraduate,
ARTH 36103,An Object-based Approach to Islamic Art and Architecture,"(3, 3)",,Undergraduate,
PHYS 22400,Analog and Digital Electronics and Laboratory,"(4, 4)",,Undergraduate,
BIOL 20N02,Analysis of Biological Data,"(3, 3)",,Undergraduate,
BIOL 47108,Analysis of Biological Data,"(3, 3)",,Undergraduate,
ECO 36700,Analysis of Financial Statements,"(3, 3)",,Undergraduate,
ACCP 36700,Analysis of Financial Statements,"(3, 3)",,Undergraduate,
MUSTH 36105,Analysis of Popular Music,"(3, 3)",,Undergraduate,
ANTHC 34600,Analytic Methods in Archaeology,"(3, 3)",,Undergraduate,
MATH 39552,Analytic Num Theory,"(3, 3)",,Undergraduate,
PHYS 36500,Analytical Mechanics,"(3, 3)",,Undergraduate,
COMSC 30300,Anat Physiol Hearing,"(3, 3)",,Undergraduate,
ARTCR 36056,Anatomy & Drawing,"(3, 3)",,Undergraduate,
DAN 35000,Anatomy and Kinesiology for Dancers,"(3, 3)",,Undergraduate,
BIOL 12200,Anatomy and Physiology 2,"(5, 5)",,Undergraduate,
BIOL 12000,Anatomy and Physiology I,"(5, 5)",,Undergraduate,
COMSC 30200,Anatomy and Physiology Speech,"(3, 3)",,Undergraduate,
HEBR 25056,Anc Israelite Relig,"(3, 3)",,Undergraduate,
PHILO 20084,Anc-Early Mod Pol Th,"(3, 3)",,Undergraduate,
HIST 37700,Ancient and Imperial China to 1800,"(3, 3)",,Undergraduate,
HIST 31400,Ancient and Medieval Christianity,"(3, 3)",,Undergraduate,
ARTH 25200,Ancient Architecture,"(3, 3)",,Undergraduate,
HIST 20100,Ancient Civilization,"(3, 3)",,Undergraduate,
CLA 25100,Ancient Comedy Translation,"(3, 3)",,Undergraduate,
COMPL 33151,Ancient Comedy Translation,"(3, 3)",,Undergraduate,
CLA 30601,Ancient Greece,"(3, 3)",,Undergraduate,
THEA 39750,Ancient Greek Drama,"(3, 3)",,Undergraduate,
CLA 30661,Ancient Greek Poetry Trans,"(3, 3)",,Undergraduate,
GRK 21200,Ancient Greek Reading: Poetry,"(3, 3)",,Undergraduate,
GRK 21100,Ancient Greek Reading: Prose,"(3, 3)",,Undergraduate,
HEBR 28800,Ancient Hebraic Folklore,"(3, 3)",,Undergraduate,
HEBR 29500,Ancient Hebraic Law,"(3, 3)",,Undergraduate,
HIST 34119,Ancient Jewish Hist,"(3, 3)",,Undergraduate,
CLA 30667,Ancient Medicine: Classical Roots of Medical Humanities,"(3, 3)",,Undergraduate,
HEBR 28600,Ancient Near Eastern Literature and The Bible,"(3, 3)",,Undergraduate,
REL 25200,Ancient Near Eastern Religions,"(3, 3)",,Undergraduate,
CLA 30652,Ancient Novl in Transl,"(3, 3)",,Undergraduate,
CLA 30650,Ancient Numismatics,"(3, 3)",,Undergraduate,
CLA 30755,Ancient Rome,"(3, 3)",,Undergraduate,
CLA 30668,Ancient Science,"(3, 3)",,Undergraduate,
CLA 31000,Ancient Sports and Spectacles,"(3, 3)",,Undergraduate,
CLA 30754,Ancient Technology,"(3, 3)",,Undergraduate,
POLSC 20100,Ancient to Early Modern Political Thought,"(3, 3)",,Undergraduate,
HEBR 25054,Anct Israel Religion,"(3, 3)",,Undergraduate,
HIST 3412P,Andean Region Since 1800,"(3, 3)",,Undergraduate,
CSCI 39585,Android Application Development,"(3, 3)",,Undergraduate,
ENGL 32979,Anglophone Novel,"(3, 3)",,Undergraduate,
PSYCH 39565,Animal Behavior,"(3, 3)",,Undergraduate,
PSYCH 39044,Animal Behavior Field Course,"(3, 3)",,Undergraduate,
PSYCH 19559,Animal Behavior Field Studies,"(3, 3)",,Undergraduate,
PSYCH 32500,Animal Cognition,"(3, 3)",,Undergraduate,
PSYCH 32100,Animal Orientation,"(3, 3)",,Undergraduate,
PSYCH 39041,Animal Orientation,"(3, 3)",,Undergraduate,
PSYCH 39560,Animal Psychophysics,"(3, 3)",,Undergraduate,
LAT 31500,Anthology of Latin Verse,"(1, 1)",,Undergraduate,
ANTHC 40053,Anthopology Remote Sensing,"(3, 3)",,Undergraduate,
ANTHP 40105,"Anthro Methods Studying Health, from Society to Cells","(3, 3)",,Undergraduate,
ANTHC 32063,Anthro Perspec-Aging,"(3, 3)",,Undergraduate,
ANTHC 40157,Anthropol Lks at NYC,"(3, 3)",,Undergraduate,
ANTHC 31200,Anthropological Approaches to Sexuality,"(3, 3)",,Undergraduate,
ANTHC 32022,Anthropologies of the Middle East and North Africa,"(3, 3)",,Undergraduate,
ANTHC 32084,Anthropology & Africa Today,"(3, 3)",,Undergraduate,
EDFDN 40010,Anthropology & Educ,"(3, 3)",,Undergraduate,
ANTHC 31550,Anthropology & Education,"(3, 3)",,Undergraduate,
ANTHC 31852,Anthropology & Literature,"(3, 3)",,Undergraduate,
AFPRL 39055,Anthropology and African Colonial History,"(3, 3)",,Undergraduate,
ANTHC 32168,Anthropology and African Colonial History,"(3, 3)",,Undergraduate,
ANTHC 40161,Anthropology and Energy,"(3, 3)",,Undergraduate,
ANTHC 31850,Anthropology and History,"(3, 3)",,Undergraduate,
ANTHC 32565,Anthropology Contemporary Wars,"(3, 3)",,Undergraduate,
ANTHC 40177,Anthropology Demography,"(3, 3)",,Undergraduate,
ANTHC 31100,Anthropology of Art,"(3, 3)",,Undergraduate,
ASIAN 39009,Anthropology of Asian Diaspora,"(3, 3)",,Undergraduate,
ANTHC 32566,Anthropology of Asian Diaspora,"(3, 3)",,Undergraduate,
ANTHC 32170,"Anthropology of Central and South Asia:Empire, Modernity and Development","(3, 3)",,Undergraduate,
ANTHC 40055,Anthropology of Ethnicity,"(3, 3)",,Undergraduate,
ANTHC 32080,Anthropology of Israel,"(3, 3)",,Undergraduate,
ANTHC 32041,Anthropology of Media,"(3, 3)",,Undergraduate,
ANTHC 31151,Anthropology of Music & Art,"(3, 3)",,Undergraduate,
AFPRL 39001,Anthropology of Race,"(3, 3)",,Undergraduate,
ANTHC 30700,Anthropology of Religion,"(3, 3)",,Undergraduate,
ANTHC 34500,Anthropology of Science,"(3, 3)",,Undergraduate,
ANTHC 32166,Anthropology of Violence: Historical and Contemporary Approaches,"(3, 3)",,Undergraduate,
HR 32006,Anti Black Racism at the UN,"(3, 3)",,Undergraduate,
HR 22030,Anti-Black Racism and the UN,"(3, 3)",,Undergraduate,
AFPRL 29091,Anti-Black Racism and the UN,"(3, 3)",,Undergraduate,
ENGL 39852,Anti-War:S.Crane,"(3, 3)",,Undergraduate,
POLSC 20409,Antigone in Political Thought,"(3, 3)",,Undergraduate,
HEBR 34050,Antisemitism-Heb Lit,"(3, 3)",,Undergraduate,
HR 22001,Application of International Human Rights Norms in the U.S.,"(3, 3)",,Undergraduate,
PSYCH 24000,Applications of Psychology,"(3, 3)",,Undergraduate,
ANTHC 31500,Applied Anthropology,"(3, 3)",,Undergraduate,
ANTHP 40149,Applied Bioinformatics and Health,"(3, 3)",,Undergraduate,
MATH 29550,Applied Combinatorics,"(3, 3)",,Undergraduate,
PSYCH 38101,Applied Ethology: Welfare & Conservation,"(3, 3)",,Undergraduate,
BIOL 37104,Applied Genomics,"(3, 3)",,Undergraduate,
CSCI 39578,Applied Modeling,"(3, 3)",,Undergraduate,
BIOL 47116,Applying Molecular Biology to Decipher Biological Principles,"(3, 3)",,Undergraduate,
HEBR 35700,Approaches to Main Problems tn Hebraic Studies,"(3, 3)",,Undergraduate,
POLSC 30600,Approaches to Political Science,"(3, 3)",,Undergraduate,
REL 11100,Approaches to Religion,"(3, 3)",,Undergraduate,
SPAN 49250,Aprox Avalleinclan,"(3, 3)",,Undergraduate,
SPAN 37129,"Aqui cuentan las mujeres: Las escritores de America Latina, Siglo XX-XX1","(3, 3)",,Undergraduate,
SPAN 37149,Aqui Cuentan Mujeres,"(3, 3)",,Undergraduate,
WGS 20016,Arab American Lit,"(3, 3)",,Undergraduate,
ENGL 25652,Arab American Literature,"(3, 3)",,Undergraduate,
ENGL 25652,Arab American Literature,"(3, 3)",,Undergraduate,
ASIAN 22004,Arab American Literature,"(3, 3)",,Undergraduate,
ARB 20053,Arab American Literature,"(3, 3)",,Undergraduate,
FILM 29953,Arab Cinema in Trans,"(3, 3)",,Undergraduate,
ARB 25100,Arab Cinema in Translation,"(3, 3)",,Undergraduate,
ASIAN 45051,Arab Migration to US,"(3, 3)",,Undergraduate,
COMPL 32056,Arab Novel in Translation,"(3, 3)",,Undergraduate,
WGSC 29005,Arab Women Making Arabic Culture,"(3, 3)",,Undergraduate,
ARB 25800,Arab Women Making Arabic Culture,"(3, 3)",,Undergraduate,
ARB 25400,Arabian Night Translation,"(3, 3)",,Undergraduate,
CLA 24068,Arabic Novel in Translation,"(3, 3)",,Undergraduate,
ASIAN 39013,"Arb Amer:Img,Soc,Cult","(3, 3)",,Undergraduate,
ANTHC 32653,Arch African Diaspora,"(3, 3)",,Undergraduate,
ANTHC 32652,Arch Aztec & Mayan,"(3, 3)",,Undergraduate,
ANTHC 32651,Archael. of Romn. Br,"(3, 3)",,Undergraduate,
HONS 3011J,Archaeology at the Movies,"(3, 3)",,Undergraduate,
ANTHC 22700,Archaeology Europe,"(3, 3)",,Undergraduate,
ANTHC 42665,Archaeology Field Techniques,"(3, 3)",,Undergraduate,
ANTHC 22600,Archaeology of Africa,"(3, 3)",,Undergraduate,
ANTHC 42663,Archaeology of Africa,"(3, 3)",,Undergraduate,
CLARC 32300,Archaeology of Anatolia,"(3, 3)",,Undergraduate,
CLARC 32960,Archaeology of Ancient Iran,"(3, 3)",,Undergraduate,
ANTHC 42660,Archaeology of Colonialism,"(3, 3)",,Undergraduate,
CLARC 32100,Archaeology of Egypt,"(3, 3)",,Undergraduate,
ANTHC 23100,Archaeology of Mesoamerica,"(3, 3)",,Undergraduate,
CLARC 32200,Archaeology of Mesopotamia and Iran,"(3, 3)",,Undergraduate,
ANTHC 32547,Archaeology of New York City,"(3, 3)",,Undergraduate,
ANTHC 42659,Archaeology of North America,"(3, 3)",,Undergraduate,
ANTHC 32110,Archaeology of Past Pandemics: Public Health in Archaeological Perspective,"(3, 3)",,Undergraduate,
CLARC 32951,Archaeology of Rom. Brtain,"(3, 3)",,Undergraduate,
ANTHC 42666,Archaeology of South Africa,"(3, 3)",,Undergraduate,
ANTHC 23200,Archaeology of South America and the Caribbean,"(3, 3)",,Undergraduate,
ANTHC 22800,Archaeology of the Near East to 2000 BC,"(3, 3)",,Undergraduate,
CLARC 24083,Archaeology of the Roman Republic,"(3, 3)",,Undergraduate,
CLARC 32400,Archaeology of Western Mediterranean,"(3, 3)",,Undergraduate,
ANTHC 22752,Archaeology: East Cen Euope,"(3, 3)",,Undergraduate,
ANTHC 22751,Archaeology: Europe,"(3, 3)",,Undergraduate,
ANTHC 22750,Archaeology: Old World,"(3, 3)",,Undergraduate,
CLARC 32500,Archeology of Eastern Mediterranean,"(3, 3)",,Undergraduate,
ANTHC 32089,Archeology of Mesoamer,"(3, 3)",,Undergraduate,
ANTHC 32049,Archeology of Mexico and Central America,"(3, 3)",,Undergraduate,
ARTH 39985,Architecture & Design,"(3, 3)",,Undergraduate,
COMPL 37052,Architecture Literature: The Setting as Symbol,"(3, 3)",,Undergraduate,
ARTH 35108,Architecture of New York City,"(3, 3)",,Undergraduate,
ARTH 25400,Architecture: Renaissance to Neo-Classical,"(3, 3)",,Undergraduate,
ENGL 34253,Archival Research and Rhetorical Traditions,"(3, 3)",,Undergraduate,
POLSC 20480,Arendt's Human Condition,"(3, 3)",,Undergraduate,
POLSC 30460,Aristian Pol Science,"(3, 3)",,Undergraduate,
GRK 30400,Aristophanes and Menander,"(3, 3)",,Undergraduate,
PHILO 38011,Aristotle,"(3, 3)",,Undergraduate,
HONS 30139,Aristotle and Problems of Modern Cognitive Psychology,"(3, 3)",,Undergraduate,
POLSC 30410,Aristotle:Nat/Ethics,"(3, 3)",,Undergraduate,
MATH 1SP,Arith&Topics in Alg,"(None, None)",,Undergraduate,
ARTCR 36064,Art & Current Ideas,"(3, 3)",,Undergraduate,
ARTCR 10500,Art & Current Ideas,"(3, 3)",,Undergraduate,
HONS 30152,Art & Perception,"(3, 3)",,Undergraduate,
ARTH 34102,Art and Architect in Baroque Room,"(3, 3)",,Undergraduate,
ARTH 23700,Art and Architecture in Colonial Latin America,"(3, 3)",,Undergraduate,
LACS 4341A,Art and Architecture in Colonial Latin America,"(3, 3)",,Undergraduate,
ARTCR 40500,Art and Current Ideas II,"(3, 3)",,Undergraduate,
ARTCR 36054,Art and Magic,"(3, 3)",,Undergraduate,
POLSC 20402,Art and Politics,"(3, 3)",,Undergraduate,
HONS 30185,Art and Politics in 19th Century France,"(3, 3)",,Undergraduate,
HONS 30197,Art and Revolution,"(3, 3)",,Undergraduate,
ARTH 39948,Art and Revolution: Mexican Muralism,"(3, 3)",,Undergraduate,
ARTLA 20200,Art Foundations: Methods and Techniques,"(3, 3)",,Undergraduate,
ARTLA 20100,"Art Foundations: Seeing, Thinking, Making","(3, 3)",,Undergraduate,
EDUC 30500,Art in Elementary School,"(2, 2)",,Undergraduate,
ARTH 27000,Art of Africa and Oceania,"(3, 3)",,Undergraduate,
HEBR 25053,Art of Bibl Narr-Eng,"(3, 3)",,Undergraduate,
HEBR 25061,Art of Biblical Nart,"(3, 3)",,Undergraduate,
ARTH 22500,Art of Early Renaissance,"(3, 3)",,Undergraduate,
ARTH 26300,Art of East Asia: Painting and Calligraphy,"(3, 3)",,Undergraduate,
ARTH 26200,Art of East Asia: Ritual and Religion,"(3, 3)",,Undergraduate,
QSTA 40080,Art of Eff Tchg,"(3, 3)",,Undergraduate,
ARTH 23000,Art of High Renaissance and Later 16th Century In Italy,"(3, 3)",,Undergraduate,
ENGL 38660,Art of Speechmaking,"(3, 3)",,Undergraduate,
MUSPF 36502,Art of Transcription,"(1, 1)",,Undergraduate,
MUSPF 36904,Art Song,"(1, 1)",,Undergraduate,
ENGL 39847,Art Work: Representing the World of Work,"(3, 3)",,Undergraduate,
HIST 34152,"Art, Politics & Culture in 20C Latin America","(3, 3)",,Undergraduate,
HONS 30160,Art/Relig-India/Iran,"(3, 3)",,Undergraduate,
ENGL 38695,Art:Speech Writing,"(3, 3)",,Undergraduate,
ENGL 25074,Arthurian Literature,"(3, 3)",,Undergraduate,
CSCI 32000,Artificial Intelligence,"(3, 3)",,Undergraduate,
CSCI 35000,Artificial Intelligence,"(3, 3)",,Undergraduate,
ARTCR 36039,Artist's Books,"(3, 3)",,Undergraduate,
ARTH 37103,Artist's of Buddhist,"(3, 3)",,Undergraduate,
CLA 30750,Arts & Letters 4th Century,"(3, 3)",,Undergraduate,
SOC 20900,Arts in Modern Society,"(3, 3)",,Undergraduate,
MHC 10000,Arts in NYC,"(3, 3)",,Undergraduate,
THEA 29080,Arts Management,"(3, 3)",,Undergraduate,
THEA 29780,Arts Management,"(3, 3)",,Undergraduate,
HUM 15055,Arts through New York City,"(3, 3)",,Undergraduate,
URBS 4031A,"Arts, Culture & Public Policy","(3, 3)",,Undergraduate,
ARTH 38105,"Arts, Culture & Public Policy","(3, 3)",,Undergraduate,
QSTA 40780,Arts: Interdis Lrng,"(3, 3)",,Undergraduate,
ENGL 38252,Arturian Literature,"(3, 3)",,Undergraduate,
POLSC 27377,Asia in World Politics,"(3, 3)",,Undergraduate,
HR 30N08,Asia's Human Rights Half-Cent: From the Cambodian Killing Fields to China'S Authoritarian Challenge,"(3, 3)",,Undergraduate,
HR 22008,"Asia's Human Rights Half-Century: Crimes, Calamities, & the Pursuit of Accountability","(3, 3)",,Undergraduate,
THEA 33500,Asian American Theatre,"(3, 3)",,Undergraduate,
ENGL 31954,Asian Amer Feminism,"(3, 3)",,Undergraduate,
SOC 32505,Asian Amer 2nd Gen,"(3, 3)",,Undergraduate,
ASIAN 39003,Asian Amer Eth Eco & Urban,"(3, 3)",,Undergraduate,
WGSA 31954,Asian Amer Femnsm,"(3, 3)",,Undergraduate,
POLSC 21796,Asian Amer History,"(3, 3)",,Undergraduate,
ENGL 39893,Asian Amer Lit & Engl Lang,"(3, 3)",,Undergraduate,
ENGL 39882,Asian Amer Lit & Ethno Image,"(3, 3)",,Undergraduate,
ASIAN 32200,Asian Amer Lit & Ethno Image,"(3, 3)",,Undergraduate,
ENGL 31861,Asian Amer Literature & Cult,"(3, 3)",,Undergraduate,
ASIAN 35152,Asian Amer Literature & Culture,"(3, 3)",,Undergraduate,
URBS 40360,Asian Amer Movement,"(3, 3)",,Undergraduate,
ENGL 39992,Asian Amer Poetics,"(3, 3)",,Undergraduate,
ENGL 39881,Asian Amer Socl Prot Lit,"(3, 3)",,Undergraduate,
ASIAN 36001,Asian Amer Woman:Performance,"(3, 3)",,Undergraduate,
ENGL 32359,Asian American & Black Literature & Popular Culture,"(3, 3)",,Undergraduate,
ASIAN 33010,Asian American & Education,"(3, 3)",,Undergraduate,
ASIAN 22500,Asian American Art,"(3, 3)",,Undergraduate,
ARTH 38101,Asian American Art History,"(3, 3)",,Undergraduate,
POLSC 31701,Asian American Civil Rights & The Law,"(3, 3)",,Undergraduate,
POLSC 31704,Asian American Civil Rights and Law,"(3, 3)",,Undergraduate,
ASIAN 39002,Asian American Civil Rights and the Law,"(3, 3)",,Undergraduate,
POLSC 31733,Asian American Communities and Public Policy,"(3, 3)",,Undergraduate,
ASIAN 33012,Asian American Communities and Public Policy,"(3, 3)",,Undergraduate,
ASIAN 10100,Asian American Experience,"(3, 3)",,Undergraduate,
SOC 22512,Asian American Family,"(3, 3)",,Undergraduate,
ASIAN 24100,Asian American Family,"(3, 3)",,Undergraduate,
WGS 20019,Asian American Family,"(3, 3)",,Undergraduate,
ENGL 31850,Asian American Feminism,"(3, 3)",,Undergraduate,
ASIAN 39011,Asian American Feminism,"(3, 3)",,Undergraduate,
ASIAN 35100,Asian American History of Labor and Politics,"(3, 3)",,Undergraduate,
ENGL 32353,Asian American Literary Theory,"(3, 3)",,Undergraduate,
ASIAN 39020,Asian American Literary Theory,"(3, 3)",,Undergraduate,
ASIAN 22012,Asian American Literature,"(3, 3)",,Undergraduate,
ENGL 25658,Asian American Literature,"(3, 3)",,Undergraduate,
ENGL 32357,Asian American Literature & Culture,"(3, 3)",,Undergraduate,
ENGL 31849,Asian American Literature and Pop Culture,"(3, 3)",,Undergraduate,
ENGL 32352,Asian American Literatures: NY & LA,"(3, 3)",,Undergraduate,
ENGL 39075,Asian American Make America,"(3, 3)",,Undergraduate,
ENGL 31855,Asian American Memoir,"(3, 3)",,Undergraduate,
ENGL 32355,Asian American Memoir,"(3, 3)",,Undergraduate,
ASIAN 32005,Asian American Memoir,"(3, 3)",,Undergraduate,
POLSC 31702,Asian American Movement,"(3, 3)",,Undergraduate,
ASIAN 25051,Asian American Movement,"(3, 3)",,Undergraduate,
ENGL 32351,Asian American Poetics,"(3, 3)",,Undergraduate,
ASIAN 39018,Asian American Poetics,"(3, 3)",,Undergraduate,
ASIAN 39019,Asian American Queerness,"(3, 3)",,Undergraduate,
WGSS 30038,Asian American Queerness,"(3, 3)",,Undergraduate,
ASIAN 32100,Asian American Social Protest Literature,"(3, 3)",,Undergraduate,
ASIAN 20100,Asian American Studies,"(3, 3)",,Undergraduate,
ASIAN 29000,Asian American Studies Internship,"(3, 3)",,Undergraduate,
ASIAN 33045,Asian American Theater,"(3, 3)",,Undergraduate,
ASIAN 33011,Asian American Transracial Adopt,"(3, 3)",,Undergraduate,
ASIAN 33100,Asian American Women,"(3, 3)",,Undergraduate,
WGS 30003,Asian American Women,"(3, 3)",,Undergraduate,
ASIAN 22001,Asian American Women Writers,"(3, 3)",,Undergraduate,
ENGL 25856,Asian American Women Writers,"(3, 3)",,Undergraduate,
ASIAN 35151,Asian American Women's Narrative,"(3, 3)",,Undergraduate,
WGS 30008,Asian American Women: Performance,"(3, 3)",,Undergraduate,
SOSCI 39751,Asian Amrcn History,"(3, 3)",,Undergraduate,
ARTH 37104,Asian Art: Arts of Japan,"(3, 3)",,Undergraduate,
ENGL 25554,Asian Diaspora,"(3, 3)",,Undergraduate,
ASIAN 33009,Asian Diasporas,"(3, 3)",,Undergraduate,
SOC 22508,Asian Diasporas,"(3, 3)",,Undergraduate,
EDFDN 40056,Asian Immig&American Educ System,"(3, 3)",,Undergraduate,
ASIAN 33006,Asian Migration History,"(3, 3)",,Undergraduate,
MUSHL 26121,Asian Music Diaspora,"(3, 3)",,Undergraduate,
ENGL 31862,Asian Pacific Amer Media,"(3, 3)",,Undergraduate,
ENGL 32354,Asian Pacific American Media,"(3, 3)",,Undergraduate,
ASIAN 34001,Asian Pacific American Media,"(3, 3)",,Undergraduate,
REL 25100,Asian Religions,"(3, 3)",,Undergraduate,
THEA 39786,Asian Theatre,"(3, 3)",,Undergraduate,
ANTHC 32555,Asian-Amer Lit & Eth Imag,"(3, 3)",,Undergraduate,
ANTHC 21150,Asian-Amer Movement Comm,"(3, 3)",,Undergraduate,
WGS 30084,Asian-Amer Women Nar,"(3, 3)",,Undergraduate,
ASIAN 23051,Asian-Pac American Media,"(3, 3)",,Undergraduate,
ANTHC 32048,Asians in NYC,"(3, 3)",,Undergraduate,
ASIAN 33055,Asians in NYC,"(3, 3)",,Undergraduate,
SOC 22507,Asians in the U.S.,"(3, 3)",,Undergraduate,
ASIAN 21000,Asians in the United States,"(3, 3)",,Undergraduate,
URBS 40365,Asians in the United States,"(3, 3)",,Undergraduate,
LACS 43496,Asians:Lat Am&Carib,"(3, 3)",,Undergraduate,
ASIAN 39012,Asians:Latin America & Caribbean,"(3, 3)",,Undergraduate,
WGS 20086,Asn-Am Women's Writ,"(3, 3)",,Undergraduate,
FREN 36501,Aspects of the 20th Century: Femmes Auteurs,"(3, 3)",,Undergraduate,
COMPL 33052,Aspects of Tragedy,"(3, 3)",,Undergraduate,
ECF 40000,"Assessment in Early Childhood, Birth through 2nd Grade","(3, 3)",,Undergraduate,
SEDF 20600,Assessment of the Teaching and Learning Process in Grades 7-12,"(2, 2)",,Undergraduate,
ENGL 25043,Assimilation in U.S. Literature,"(3, 3)",,Undergraduate,
ASTRO 18100,Astro of Solar System,"(3, 3)",,Undergraduate,
ASTRO 181LC,Astro-Solar Syst Lec,"(4, 4)",,Undergraduate,
REL 21100,Astrology:Wrld Relig,"(3, 3)",,Undergraduate,
ASTRO 181LB,Astronomy of the Solar System Lab,"(None, None)",,Undergraduate,
PHYS 28000,Astrophysics,"(3, 3)",,Undergraduate,
POLSC 29424,"Asylum Law, Gender and Sexuality","(3, 3)",,Undergraduate,
WGSL 29010,"Asylum Law, Gender and Sexuality","(3, 3)",,Undergraduate,
PH 40006,At - Risk to Assests,"(3, 3)",,Undergraduate,
REL 21000,Atheism,"(3, 3)",,Undergraduate,
HONS 30130,Athens & Jerusalem,"(3, 3)",,Undergraduate,
SPAN 37157,Atlantic Texts: The literature of Cuba and the Canary Islands,"(3, 3)",,Undergraduate,
PHYS 36000,Atom & Nucl Phys-Engin,"(4, 4)",,Undergraduate,
PHYS 33000,Atomic and Nuclear Physics,"(4, 4)",,Undergraduate,
CHEM 11300,"Atomic Structure, Chemical Bonding and Spectroscopy","(2, 2)",,Undergraduate,
GRK 30500,Attic Orators,"(3, 3)",,Undergraduate,
GRK 305HE,Attic Orators,"(3, 3)",,Undergraduate,
PSYCH 33200,Attitudes and Persuasion,"(3, 3)",,Undergraduate,
SPAN 39007,Audio Visual Translation,"(3, 3)",,Undergraduate,
COMSC 44000,Audiology 1,"(3, 3)",,Undergraduate,
COMSC 44100,Audiology 2,"(3, 3)",,Undergraduate,
ECO 47500,Auditing,"(4, 4)",,Undergraduate,
ACCP 47500,Auditing,"(4, 4)",,Undergraduate,
THEA 29791,Auditioning,"(3, 3)",,Undergraduate,
THEA 39784,Auditioning,"(3, 3)",,Undergraduate,
LACS 43465,Aug Boal & Pop Th La,"(3, 3)",,Undergraduate,
GERMN 35000,Austrian Literature Vienna Around 1900,"(3, 3)",,Undergraduate,
POLSC 30424,Authority,"(3, 3)",,Undergraduate,
PSYCH 39039,Autism Across the Lifespan,"(3, 3)",,Undergraduate,
AFPRL 33000,Autobiography as a Special Theme in Black Literature,"(3, 3)",,Undergraduate,
COMPL 38155,Autobiogrphy Modern Era,"(3, 3)",,Undergraduate,
THEA 37400,Avant-Garde Theatre 20C,"(3, 3)",,Undergraduate,
THEA 33100,Avant-Garde Theatre of the 20th Century,"(3, 3)",,Undergraduate,
MUSHL 26107,Bach and Handel,"(3, 3)",,Undergraduate,
MUSHL 26150,Bach Family,"(3, 3)",,Undergraduate,
MUSHL 26197,Bach Man of Craft,"(3, 3)",,Undergraduate,
MUSHL 26183,Bach's Choral Mast,"(3, 3)",,Undergraduate,
MUSHL 22761,Bach-A Life in Music,"(3, 3)",,Undergraduate,
BIOL 47184,Bacterial Stress Res,"(2, 2)",,Undergraduate,
DAN 21500,Ballet 1,"(2, 2)",,Undergraduate,
DAN 22500,Ballet 2,"(2, 2)",,Undergraduate,
DAN 31500,Ballet 3,"(2, 2)",,Undergraduate,
FREN 36401,Balzac and Stendhal,"(3, 3)",,Undergraduate,
ECO 49557,Bank's Financial Structure,"(3, 3)",,Undergraduate,
ECO 49552,Banking Financial Structure,"(3, 3)",,Undergraduate,
CLA 30753,Banquets and Blood,"(3, 3)",,Undergraduate,
ARTH 24100,Baroque Art,"(3, 3)",,Undergraduate,
ARTH 24000,Baroque Art of Northern Europe,"(3, 3)",,Undergraduate,
THEA 17200,Basic Acting Technique,"(3, 3)",,Undergraduate,
HUM 15051,Basic Comm Technique,"(3, 3)",,Undergraduate,
ASTRO 10000,Basic Concepts in Astronomy,"(3, 3)",,Undergraduate,
PHYS 10100,Basic Concepts of Physics with Laboratory Exercises,"(3, 3)",,Undergraduate,
THEA 25366,Basic Lighting and Sound Technology,"(3, 3)",,Undergraduate,
MATH 100HS,Basic Math,"(3, 3)",,Undergraduate,
DAN 21300,Basic Musicianship for Dancers,"(2, 2)",,Undergraduate,
MUSTH 10200,Basic Musicianship II,"(3, 3)",,Undergraduate,
SPAN 10500,Basic Reading and Writing for Native Speakers of Spanish,"(3, 3)",,Undergraduate,
MEDP 29200,Basic Reporting,"(3, 3)",,Undergraduate,
SOC 14100,Basic Research Methods,"(3, 3)",,Undergraduate,
ACSK 1800,Basic Skills in Physics,"(None, None)",,Undergraduate,
ACSK 1900,Basic Skills-Chem,"(None, None)",,Undergraduate,
SPAN 20000,Basic Spanish Review,"(3, 3)",,Undergraduate,
MATH 10000,Basic Structures of Mathematics,"(3, 3)",,Undergraduate,
THEA 26300,Basic Voice and Movement for Performers,"(3, 3)",,Undergraduate,
PHYS 10000,Basics Concepts of Physics,"(3, 3)",,Undergraduate,
CSCI 39541,Basics of Game Engines,"(3, 3)",,Undergraduate,
POLSC 29405,Bathroom Politics,"(3, 3)",,Undergraduate,
WGS 20093,Bathroom Politics,"(3, 3)",,Undergraduate,
WGSS 29300,Bathroom Politics,"(3, 3)",,Undergraduate,
STAT 39550,Bayesian Stat:in Sci,"(3, 3)",,Undergraduate,
STAT 31900,Bayesian Statistical Inference in the Sciences,"(3, 3)",,Undergraduate,
ENGL 39086,Beaut Str Quen Crp,"(3, 3)",,Undergraduate,
ENGL 49480,Beckett & Sustainbty,"(3, 3)",,Undergraduate,
ENGL 38789,Beckett and His Heritage,"(3, 3)",,Undergraduate,
THEA 39707,Beckett and His Heritage,"(3, 3)",,Undergraduate,
ENGL 48489,Becoming Post Human,"(3, 3)",,Undergraduate,
CLARC 32967,Becoming Roman? Art and Archaeology of the Provinces and Frontiers of the Roman Empire,"(3, 3)",,Undergraduate,
MUSHL 26111,Beethoven,"(3, 3)",,Undergraduate,
MUSHL 36169,Beethoven & Beyond,"(3, 3)",,Undergraduate,
MUSHL 26166,Beethoven Symphonies,"(3, 3)",,Undergraduate,
MUSHL 26125,Beethoven to Romanticism,"(3, 3)",,Undergraduate,
MUSHL 26191,Beethoven-New Path,"(3, 3)",,Undergraduate,
GRK 101HE,Beginning Ancient Greek 1,"(3, 3)",,Undergraduate,
GRK 10100,Beginning Ancient Greek 1,"(3, 3)",,Undergraduate,
GRK 10200,Beginning Ancient Greek 2,"(3, 3)",,Undergraduate,
CLA 24064,Beginning Arabic 2,"(3, 3)",,Undergraduate,
ARB 10200,Beginning Arabic 2,"(3, 3)",,Undergraduate,
ARB 14800,Beginning Arabic for Heritage Speakers,"(3, 3)",,Undergraduate,
ARB 10100,Beginning Arabic I,"(3, 3)",,Undergraduate,
FREN 10250,Beginning French Conversation and Cultural Enrichment,"(3, 3)",,Undergraduate,
GRK 10700,"Beginning Greek, Intensive","(6, 6)",,Undergraduate,
LAT 10200,Beginning Latin 2,"(3, 3)",,Undergraduate,
LAT 10100,Beginning Latin I,"(3, 3)",,Undergraduate,
LAT 10700,"Beginning Latin, Intensive","(6, 6)",,Undergraduate,
CLA 24075,Beginning Persian 1,"(3, 3)",,Undergraduate,
CLA 24076,Beginning Persian 2,"(3, 3)",,Undergraduate,
PSYCH 39098,Beh&Cons in Captivty,"(3, 3)",,Undergraduate,
HONS 30196,Behavior & Evolution,"(3, 3)",,Undergraduate,
PSYCH 30900,Behavioral Neuroendocrinology,"(3, 3)",,Undergraduate,
BIOL 30N01,Behavioral Pharmacology,"(3, 3)",,Undergraduate,
PSYCH 36900,Behavioral Pharmacology,"(3, 3)",,Undergraduate,
AFPRL 39030,Being Brown: Latinos in US Political Culture,"(3, 3)",,Undergraduate,
POLSC 31759,Being Brown: Latinos in US Political Culture,"(3, 3)",,Undergraduate,
ENGL 38966,Ben Jonhson,"(3, 3)",,Undergraduate,
ENGL 33400,Beowulf and Other Early Texts,"(3, 3)",,Undergraduate,
PHILO 38355,Berkeley,"(3, 3)",,Undergraduate,
HIST 34103,Berlin: Capital 20th Century,"(3, 3)",,Undergraduate,
MUSHL 22757,Berlioz: Master Composer,"(3, 3)",,Undergraduate,
MUSHL 26179,Berlioz: Mendelsshn,"(3, 3)",,Undergraduate,
ARTH 45014,Betwixt and Between: Intermedia and Contemporary,"(3, 3)",,Undergraduate,
HEBR 34062,Bib Motf:Heb Lt-Eng,"(3, 3)",,Undergraduate,
HEBR 25065,Bib Them in Amer Clt,"(3, 3)",,Undergraduate,
HEBR 45150,Bib Thms-Mod Heb Lit,"(3, 3)",,Undergraduate,
HEBR 25059,Bibl Arch:Synagogues,"(3, 3)",,Undergraduate,
HEBR 35757,Biblcal Hebrew 2,"(3, 3)",,Undergraduate,
REL 30852,Bible in Art,"(3, 3)",,Undergraduate,
ENGL 38756,Bible in Engl Lit,"(3, 3)",,Undergraduate,
HEBR 29000,Biblical Archaeology,"(3, 3)",,Undergraduate,
HEBR 35760,Biblical Grammar,"(3, 3)",,Undergraduate,
HEBR 35756,Biblical Hebrew,"(3, 3)",,Undergraduate,
HEBR 25073,Biblical Hebrew 2,"(3, 3)",,Undergraduate,
HEBR 25072,Biblical Hebrew I,"(3, 3)",,Undergraduate,
HEBR 25050,Biblical History and Archaeology II -Eng,"(3, 3)",,Undergraduate,
HEBR 31800,Biblical Literature: Hagiographa,"(3, 3)",,Undergraduate,
HEBR 31600,Biblical Literature: Historical Books,"(3, 3)",,Undergraduate,
HEBR 31500,Biblical Literature: Pentateuch,"(3, 3)",,Undergraduate,
HEBR 31700,Biblical Literature: Prophetic Books,"(3, 3)",,Undergraduate,
HEBR 35755,Biblical Themes - Modern Hebrew Literature,"(3, 3)",,Undergraduate,
HIST 14167,Big Bang to Now: New Perspectives on World History,"(3, 3)",,Undergraduate,
CSCI 49376,Big Data Technology,"(3, 3)",,Undergraduate,
COMPL 32159,Bilingual Writers,"(3, 3)",,Undergraduate,
RUSS 26088,Bilingual Writers,"(3, 3)",,Undergraduate,
AFPRL 39092,Bilingualism,"(3, 3)",,Undergraduate,
NURS 49960,Bio Dysrup Mans Well,"(3, 3)",,Undergraduate,
BIOL 47055,Bio Effrcts Environment Agent,"(2, 2)",,Undergraduate,
POLSC 20435,Bio Politics: The Politics of Life and the Body,"(3, 3)",,Undergraduate,
WGSS 29008,Bio Politics: The Politics of Life and the Body,"(3, 3)",,Undergraduate,
BIOL 47080,Bio/Immunology: AIDS,"(2, 2)",,Undergraduate,
ENGL 48486,Bio: Other Ppls Liv,"(3, 3)",,Undergraduate,
ENGL 38651,Bio:Other Peoples Liv,"(3, 3)",,Undergraduate,
CHEM 37600,Biochemistry 1,"(3, 3)",,Undergraduate,
CHEM 37700,Biochemistry 2,"(3, 3)",,Undergraduate,
CHEM 37800,Biochemistry Lab,"(3, 3)",,Undergraduate,
BIOL 28000,Biochemistry of Health and Nutrition,"(3, 3)",,Undergraduate,
BIOL 24000,Biodiversity & Evolution,"(2, 2)",,Undergraduate,
BIOL 47164,Bioelectromagnetics,"(2, 2)",,Undergraduate,
BIOL 47154,Bioenerget Mitochond,"(2, 2)",,Undergraduate,
PSYCH 49551,Bioethics,"(3, 3)",,Undergraduate,
PGEOG 31300,Biogeography,"(3, 3)",,Undergraduate,
HIST 36200,Biography and Autobiography in the History of the U.S.,"(3, 3)",,Undergraduate,
HIST 3412Q,Biography/Int Hist,"(3, 3)",,Undergraduate,
BIOL 47157,Bioinform: Small RNA,"(3, 3)",,Undergraduate,
BIOL 47160,Bioinformatics - Disease,"(3, 3)",,Undergraduate,
BIOL 47083,Bioinformatics Workshop,"(2, 2)",,Undergraduate,
BIOL 10N01,Bioinformatics Workshop,"(2, 2)",,Undergraduate,
CHEM 38853,Bioinformatics: Modern Drug Discovery & Development,"(3, 3)",,Undergraduate,
BIOL 47061,Biol: Bioch Carbohydrate,"(2, 2)",,Undergraduate,
PSYCH 36700,Biological and Social Bases of Addictive Behavior,"(3, 3)",,Undergraduate,
BIOL 30100,Biological Chemistry,"(3, 3)",,Undergraduate,
BIOL 30000,Biological Chemistry,"(5, 5)",,Undergraduate,
BIOL 10800,Biological Discoveries and the Impact of Science,"(3, 3)",,Undergraduate,
PSYCH 39551,Biological Rhythms,"(3, 3)",,Undergraduate,
CHEM 37100,Biological Spectroscopy,"(3, 3)",,Undergraduate,
HONS 30173,Biology and Human Nature,"(3, 3)",,Undergraduate,
PHILO 20061,Biology and Values,"(3, 3)",,Undergraduate,
ANTHP 40115,Biology of Aging,"(3, 3)",,Undergraduate,
BIOL 47130,Biology of Cancer Progression,"(3, 3)",,Undergraduate,
PSYCH 39048,Biology of Decision-Making,"(3, 3)",,Undergraduate,
ANTHP 21000,Biology of the Living Primates,"(3, 3)",,Undergraduate,
BIOL 47132,Biomed Inf: Tran Gen,"(3, 3)",,Undergraduate,
BIOL 47120,Biomedical Genomics 2,"(3, 3)",,Undergraduate,
BIOL 47190,Biomedical Informatics: Disease Prevention,"(3, 3)",,Undergraduate,
CHEM 35000,Biophysical Chemistry,"(4, 4)",,Undergraduate,
CHEM 350RC,Biophysical Chemistry (Recitation),"(None, None)",,Undergraduate,
CHEM 35100,Biophysics Laboratory,"(3, 3)",,Undergraduate,
BIOL 49952,Biostatistics,"(3, 3)",,Undergraduate,
SOC 32565,Biotech & Developmen,"(3, 3)",,Undergraduate,
CLA 30651,Bkrd for Greek Theatre,"(3, 3)",,Undergraduate,
ENGL 31865,Black Aesthetics,"(3, 3)",,Undergraduate,
AFPRL 39016,Black Aesthetics,"(3, 3)",,Undergraduate,
AFPRL 39083,Black Amer Civil Rights Yrs,"(3, 3)",,Undergraduate,
WGS 3001Q,Black and Indigenous Ecologies and Technologies,"(3, 3)",,Undergraduate,
AFPRL 39043,Black and Indigenous Ecologies and Technologies,"(3, 3)",,Undergraduate,
AFPRL 29092,Black and Latino Art,"(3, 3)",,Undergraduate,
ARTH 29908,Black and Latino Art,"(3, 3)",,Undergraduate,
AFPRL 29010,Black and Latino Masculinities,"(3, 3)",,Undergraduate,
HIST 3411Q,Black British Histories,"(3, 3)",,Undergraduate,
AFPRL 39033,Black British Histories,"(3, 3)",,Undergraduate,
WGS 20092,Black Children,"(3, 3)",,Undergraduate,
AFPRL 29006,Black Children's Literature,"(3, 3)",,Undergraduate,
AFPRL 29038,Black Cinema in the Diaspora,"(3, 3)",,Undergraduate,
ENGL 31953,Black Desirs: Black Fiction,"(3, 3)",,Undergraduate,
AFPRL 29069,"Black Diaspora, Migration and Identity","(3, 3)",,Undergraduate,
AFPRL 21100,Black Economic History,"(3, 3)",,Undergraduate,
AFPRL 29032,Black Feminism,"(3, 3)",,Undergraduate,
WGS 20094,Black Feminism,"(3, 3)",,Undergraduate,
AFPRL 29071,Black Feminism in African Diaspora,"(3, 3)",,Undergraduate,
WGS 20095,Black Feminism in African Diaspora,"(3, 3)",,Undergraduate,
AFPRL 39085,Black Feminist Poetics and Aesthetics,"(3, 3)",,Undergraduate,
ENGL 32185,Black Feminist Poetics and Aesthetics,"(3, 3)",,Undergraduate,
WGSA 30010,Black Feminist Poetics and Aesthetics,"(3, 3)",,Undergraduate,
AFPRL 29023,Black Genealogy,"(3, 3)",,Undergraduate,
GEOG 28306,Black Geographies and Ecologies,"(3, 3)",,Undergraduate,
AFPRL 2901C,Black Geographies and Ecologies,"(3, 3)",,Undergraduate,
AFPRL 39029,Black Internationalisms,"(3, 3)",,Undergraduate,
POLSC 21787,Black Leaders and Movements,"(3, 3)",,Undergraduate,
ENGL 31752,Black Lit Theory/Criticism,"(3, 3)",,Undergraduate,
AFPRL 42855,Black Literature & Film,"(3, 3)",,Undergraduate,
ANTHC 20N02,Black Lives Globally,"(3, 3)",,Undergraduate,
HIST 3412K,Black Masculinity in 20th Century U.S.,"(3, 3)",,Undergraduate,
MUSHL 22100,Black Music in the Americas,"(3, 3)",,Undergraduate,
AFPRL 29030,Black Music in the Americas,"(3, 3)",,Undergraduate,
ANTHC 40194,Black Muslims: World Culture,"(3, 3)",,Undergraduate,
ENGL 31751,Black Play: American Space,"(3, 3)",,Undergraduate,
AFPRL 39027,Black Popular Culture,"(3, 3)",,Undergraduate,
ENGL 49420,Black Post Modernism: African American Literature 1970s to Present,"(3, 3)",,Undergraduate,
AFPRL 29060,Black Psychology,"(3, 3)",,Undergraduate,
PSYCH 29556,Black Psychology,"(3, 3)",,Undergraduate,
AFPRL 2901G,"Black Sexual Cultures: Across Page, Stage and Screen","(3, 3)",,Undergraduate,
MEDIA 29911,"Black Sexual Cultures: Across Page, Stage and Screen","(3, 3)",,Undergraduate,
WGSA 29011,"Black Sexual Cultures: Across Page, Stage and Screen","(3, 3)",,Undergraduate,
AFPRL 29039,Black Social and Economic History,"(3, 3)",,Undergraduate,
SOC 32504,Black Sociol Thnkers,"(3, 3)",,Undergraduate,
ENGL 32155,Black Speculative Fiction,"(3, 3)",,Undergraduate,
AFPRL 29044,Black Theatre,"(3, 3)",,Undergraduate,
THEA 21500,Black Theatre,"(3, 3)",,Undergraduate,
THEA 40151,Black Theatre Proj,"(3, 3)",,Undergraduate,
HONS 2012E,Black Visual Culture,"(3, 3)",,Undergraduate,
WGS 20068,Black Women Literature Artist,"(3, 3)",,Undergraduate,
ENGL 25080,Black Women Literature Artists,"(3, 3)",,Undergraduate,
ENGL 31952,Black Women Writers,"(3, 3)",,Undergraduate,
ENGL 31952,Black Women Writers,"(3, 3)",,Undergraduate,
ENGL 25092,Black Women Writers,"(3, 3)",,Undergraduate,
ENGL 31851,Black Women Writers,"(3, 3)",,Undergraduate,
AFPRL 20058,Black Women Writers,"(3, 3)",,Undergraduate,
AFPRL 29041,Black Women Writers,"(3, 3)",,Undergraduate,
WGS 20058,Black Women Writers,"(3, 3)",,Undergraduate,
WGSA 29008,Black Women's Fiction,"(3, 3)",,Undergraduate,
AFPRL 29081,Black Women's Fiction,"(3, 3)",,Undergraduate,
HIST 38224,Black Women's History,"(3, 3)",,Undergraduate,
AFPRL 29089,Black Women's Narratives: 1865-1965,"(3, 3)",,Undergraduate,
ENGL 32171,Blackness and Criminality,"(3, 3)",,Undergraduate,
ENGL 32166,Blackness and Inscription,"(3, 3)",,Undergraduate,
ENGL 49405,Blackness and Inscription,"(3, 3)",,Undergraduate,
ANTHC 32015,Blackness in Latin America and Caribbean,"(3, 3)",,Undergraduate,
AFPRL 39037,"Blackness in Latin American, the Caribbean, and the US","(3, 3)",,Undergraduate,
ENGL 31852,Blk Desirs: Black Fiction,"(3, 3)",,Undergraduate,
ENGL 48480,Blk Lit Ther & Crit,"(3, 3)",,Undergraduate,
LACS 43473,Blk Mus Wrld Cultr,"(3, 3)",,Undergraduate,
SOC 32506,Blk Sociol & Int Tht,"(3, 3)",,Undergraduate,
ITAL 36021,Boccaccio,"(3, 3)",,Undergraduate,
ITAL 36060,Boccaccio It.Novella,"(3, 3)",,Undergraduate,
ITAL 36030,Boccaccios Decameron,"(3, 3)",,Undergraduate,
HONS 20149,Bodies Using Bodies,"(3, 3)",,Undergraduate,
PH 15200,Bodies Using Bodies: Contemporary Controversies in the Health Sector,"(3, 3)",,Undergraduate,
WGSL 29001,"Bodies, Borders and Burkinis: Gender, Race and Immigration","(3, 3)",,Undergraduate,
ANTHC 32052,Body & Symb Trans,"(3, 3)",,Undergraduate,
POLSC 48657,Body Politcs:Sex&Rep,"(3, 3)",,Undergraduate,
POLSC 30404,Body Politics,"(3, 3)",,Undergraduate,
WGS 40053,Body Politics: Sex and Reputation,"(3, 3)",,Undergraduate,
FREN 36563,"Body, Medicine, and Technology in the Francophone Novel","(3, 3)",,Undergraduate,
WGS 3001K,"Bomb, Beaches and Birkinis: Making Sense of Modern France","(3, 3)",,Undergraduate,
ARTH 45023,"Border Crossings: Artistic Travels, Migrations & Diasporas from 1880 to the Present","(3, 3)",,Undergraduate,
POLSC 32500,Border Politics,"(4, 4)",,Undergraduate,
ANTHC 30260,"Borders, Badlands and Transnational Organized Crime","(3, 3)",,Undergraduate,
AFPRL 2901K,"Borders, Rights and Security: Immigration and the Law","(3, 3)",,Undergraduate,
WGSL 29016,"Borders, Rights and Security: Immigration and the Law","(3, 3)",,Undergraduate,
HR 22056,"Borders, Rights and Security: Immigration and the Law","(3, 3)",,Undergraduate,
ENGL 38687,Br&Am Detective Fict,"(3, 3)",,Undergraduate,
MUSHL 26161,Brahms and Schumanns,"(3, 3)",,Undergraduate,
MUSHL 26187,Brahms-Wagner Rvly,"(3, 3)",,Undergraduate,
PSYCH 18000,Brain and Behavior,"(3, 3)",,Undergraduate,
BIOL 47087,Brain Methan Toxic,"(2, 2)",,Undergraduate,
SCI 11100,"Brains, Minds, and Machines","(3, 3)",,Undergraduate,
LACS 43487,Brazil & Africa,"(3, 3)",,Undergraduate,
HIST 48551,Brazil & Africa-Hnrs,"(3, 3)",,Undergraduate,
HIST 38551,Brazil and Africa,"(3, 3)",,Undergraduate,
LACS 33061,Brazil Music Survey,"(3, 3)",,Undergraduate,
ANTHC 32154,Brazil: Peoples & Culture,"(3, 3)",,Undergraduate,
LACS 43461,"Brazil: Race, Class and Gender","(3, 3)",,Undergraduate,
ANTHC 30150,"Brazil:Race,Class & Gender","(3, 3)",,Undergraduate,
PORT 26000,Brazilian Narrative in 19th and 20th Centuries in Translation,"(3, 3)",,Undergraduate,
ENGL 49424,Breathing Landscapes: Workshop in Ecopoetics,"(3, 3)",,Undergraduate,
ENGL 49431,Brecht and Godard,"(3, 3)",,Undergraduate,
ENGL 39402,Brecht and Godard,"(3, 3)",,Undergraduate,
ENGL 25063,Britain & American Drama WW 2,"(3, 3)",,Undergraduate,
COMPL 38077,Britain & American Modernism,"(3, 3)",,Undergraduate,
ENGL 38654,Britain & American Modernism,"(3, 3)",,Undergraduate,
COMPL 38073,Britain & Europe Novel 1875-1925,"(3, 3)",,Undergraduate,
ENGL 38655,Britain American Detect. Fict,"(3, 3)",,Undergraduate,
HIST 34251,Britain Since 1689,"(3, 3)",,Undergraduate,
HIST 34190,Britain:1867-1914,"(3, 3)",,Undergraduate,
ENGL 38867,British Novel and Decolonization,"(3, 3)",,Undergraduate,
ENGL 25002,British Romantic Women Writers,"(3, 3)",,Undergraduate,
HONS 20191,Broadway Musical,"(3, 3)",,Undergraduate,
ASTRO 101LB,Bsc Conc of Astro Lab,"(1, 1)",,Undergraduate,
PHILO 20070,Buddhism,"(3, 3)",,Undergraduate,
REL 32100,Buddhism,"(3, 3)",,Undergraduate,
REL 36355,Buddhism & Christianty,"(3, 3)",,Undergraduate,
ARTH 47005,Buddhism & the Material World,"(3, 3)",,Undergraduate,
HUM 35002,Buddhist Art,"(3, 3)",,Undergraduate,
ARTH 37106,Buddhist Art of Asia,"(3, 3)",,Undergraduate,
POLSC 21752,Budgets & Politics,"(3, 3)",,Undergraduate,
SOC 3252M,Building a Narrative Writing Practice,"(3, 3)",,Undergraduate,
SEDC 21000,Building the Foundations of Literacy in Grades 7-12,"(3, 3)",,Undergraduate,
ENGL 38852,Burden of Empire,"(3, 3)",,Undergraduate,
POLSC 21791,Bureaucratic Politics,"(3, 3)",,Undergraduate,
POLSC 21788,Bureaucrcy Pol & Soc,"(3, 3)",,Undergraduate,
ECO 49571,Bus Ent&Pub Pol Sem,"(3, 3)",,Undergraduate,
MEDPL 39903,Business & Economic Reporting,"(3, 3)",,Undergraduate,
SOSCI 29753,Business & Economics,"(3, 3)",,Undergraduate,
POLSC 31751,Business & Gov't,"(3, 3)",,Undergraduate,
HR 22042,Business & Human Rights,"(3, 3)",,Undergraduate,
HR 30N13,Business & Human Rights,"(3, 3)",,Undergraduate,
ECO 39554,Business & Public Policy,"(3, 3)",,Undergraduate,
ECO 35600,Business & Public Policy,"(3, 3)",,Undergraduate,
PHILO 20071,Business and Professional Ethics,"(3, 3)",,Undergraduate,
PHILO 20066,Business Ethics,"(3, 3)",,Undergraduate,
CHIN 40110,Business in China,"(3, 3)",,Undergraduate,
ACCP 38000,Business Law 2,"(3, 3)",,Undergraduate,
ECO 38000,Business Law 2,"(3, 3)",,Undergraduate,
ACCP 48000,Business Law 3,"(3, 3)",,Undergraduate,
ACC 28000,Business Law I,"(3, 3)",,Undergraduate,
ECO 28000,Business Law I,"(3, 3)",,Undergraduate,
SOSCI 39701,Business Res Methods,"(3, 3)",,Undergraduate,
RUSS 31900,Business Russian,"(3, 3)",,Undergraduate,
ECO 35500,Business Strategy & Industrial Organization,"(3, 3)",,Undergraduate,
BUS 49700,Business Studies Capstone and Internship,"(3, 3)",,Undergraduate,
ACCP 47300,Business Taxes,"(3, 3)",,Undergraduate,
ECO 47300,Business Taxes,"(3, 3)",,Undergraduate,
ENGL 25552,C Asian Literature & Film,"(3, 3)",,Undergraduate,
LAT 31300,Caesar,"(3, 3)",,Undergraduate,
MATH 15500,Calculus 2,"(4, 4)",,Undergraduate,
MATH 25000,Calculus 3,"(4, 4)",,Undergraduate,
MATH 15200,Calculus for the Life and Social Science,"(4, 4)",,Undergraduate,
MATH 15000,Calculus I,"(4, 4)",,Undergraduate,
MATH 15100,Calculus I With Symbolic Computation,"(5, 5)",,Undergraduate,
MATH 45400,Calculus on Manifolds,"(3, 3)",,Undergraduate,
HONS 30159,Camerawork,"(3, 3)",,Undergraduate,
BIOL 47111,Cancer Genomics,"(3, 3)",,Undergraduate,
BIOL 47098,Cancer Genomics:D & S,"(2, 2)",,Undergraduate,
BIOL 37102,Cancer Metabolism,"(3, 3)",,Undergraduate,
SPAN 37137,Canto Popular y Poesia en American Latina,"(3, 3)",,Undergraduate,
POL 26099,Capitalism in Eastern Europe,"(3, 3)",,Undergraduate,
ECO 29559,Capitalism-East Eur,"(3, 3)",,Undergraduate,
RUSS 25099,Capitlism-Eaeurope,"(3, 3)",,Undergraduate,
DAN 35255,Capoiera 2,"(2, 2)",,Undergraduate,
DAN 25255,Capoiera I,"(2, 2)",,Undergraduate,
SOC 47004,Capstone,"(3, 3)",,Undergraduate,
CSCI 39581,Capstone Course:Comp Science,"(3, 3)",,Undergraduate,
GTECH 48000,Capstone in Geographic Information Science,"(3, 3)",,Undergraduate,
PGEOG 48000,Capstone in Physical Geography,"(3, 3)",,Undergraduate,
GEOG 48100,Capstone in Sustainability Studies,"(3, 3)",,Undergraduate,
GEOG 48000,Capstone in Urban and Social Geography,"(3, 3)",,Undergraduate,
PUPOL 40000,Capstone Seminar,"(3, 3)",,Undergraduate,
SOC 47002,Capstone: Asian American Experience,"(3, 3)",,Undergraduate,
SOC 47003,"Capstone: Crime, Law and Society","(3, 3)",,Undergraduate,
SOC 47001,"Capstone: Media, Film and Popular Culture","(3, 3)",,Undergraduate,
HONS 2012Q,Captivity and Freedom,"(3, 3)",,Undergraduate,
AFPRL 29056,Car Pol His Slv-Prs,"(3, 3)",,Undergraduate,
LACS 43435,Carb. Immigrnts:NY,"(3, 3)",,Undergraduate,
ANTHC 40168,Care of Museum Coll,"(3, 3)",,Undergraduate,
ANTHC 32069,Care of Museum Coll,"(3, 3)",,Undergraduate,
COUNS 40051,Career Counseling Transtn,"(3, 3)",,Undergraduate,
COUNS 20500,Career Plan-Job Search,"(2, 2)",,Undergraduate,
HIST 25069,Carib Hist 1900-Pres,"(3, 3)",,Undergraduate,
WGS 20002,"Carib:Wmn,Wrk & Reprod","(3, 3)",,Undergraduate,
LACS 43444,"Carib:Wmn,Wrk&Reprod","(3, 3)",,Undergraduate,
ANTHC 21451,Carib:Women Work Reproduction,"(3, 3)",,Undergraduate,
ECO 29558,Caribbean Economics,"(3, 3)",,Undergraduate,
LACS 43486,Caribbean Economics,"(3, 3)",,Undergraduate,
AFPRL 29022,Caribbean Immigrants,"(3, 3)",,Undergraduate,
AFPRL 39024,Caribbean Immigrants:NY,"(3, 3)",,Undergraduate,
AFPRL 39031,Caribbean Intellectual History,"(3, 3)",,Undergraduate,
HIST 34130,Caribbean Jewish History,"(3, 3)",,Undergraduate,
AFPRL 32100,Caribbean Migration and New York City,"(3, 3)",,Undergraduate,
AFPRL 29098,Caribbean Migration and the United States,"(3, 3)",,Undergraduate,
AFPRL 39073,Caribbean Short Story,"(3, 3)",,Undergraduate,
AFPRL 44500,Caribbean Short Story in Spanish: Readings and Theories,"(3, 3)",,Undergraduate,
SOC 32540,Caribbean Society,"(3, 3)",,Undergraduate,
AFPRL 24800,Caribbean Spanish,"(3, 3)",,Undergraduate,
WGS 25858,Caribbean Wmn Wrtr,"(3, 3)",,Undergraduate,
LACS 43489,Caribbean Women Writers,"(3, 3)",,Undergraduate,
AFPRL 33700,Caribbean Women Writers,"(3, 3)",,Undergraduate,
ENGL 31985,Caribbean Women Writers,"(3, 3)",,Undergraduate,
ENGL 38668,Caribbean Women Writers,"(3, 3)",,Undergraduate,
WGS 33700,Caribbean Women Writers,"(3, 3)",,Undergraduate,
WGSA 31985,Caribbean Women Writers,"(3, 3)",,Undergraduate,
ENGL 25858,Caribbean Women Writers,"(3, 3)",,Undergraduate,
ENGL 38669,Caribbean Writers,"(3, 3)",,Undergraduate,
SPAN 37113,Carnvlsque Sp/Am Lit,"(3, 3)",,Undergraduate,
ECO 35200,Carribean Economics,"(3, 3)",,Undergraduate,
ANTHC 40010,Casual Explanation for Social Scientists,"(1, 1)",,Undergraduate,
POLSC 30419,Catastrophe and Human Survival,"(3, 3)",,Undergraduate,
POLSC 37301,Causes of War,"(3, 3)",,Undergraduate,
POLSC 38200,Causes of War,"(4, 4)",,Undergraduate,
SPAN 37040,Celestinas and Don Juanes,"(3, 3)",,Undergraduate,
BIOL 47167,Cell Adhesion Molecules,"(2, 2)",,Undergraduate,
MLS 45000,Cell and Tissue Culture,"(4, 4)",,Undergraduate,
BIOL 47097,Cell Bio Myelination,"(2, 2)",,Undergraduate,
BIOL 30300,Cell Biology,"(5, 5)",,Undergraduate,
BIOL 47197,Cell Biology Myelination,"(3, 3)",,Undergraduate,
BIOL 47058,Cell Biology: Nervous System,"(2, 2)",,Undergraduate,
BIOL 47068,Cell Lineage,"(2, 2)",,Undergraduate,
BIOL 33200,Cell Physiology,"(4, 4)",,Undergraduate,
BIOL 36000,Cellular and Molecular Immunology,"(4, 4)",,Undergraduate,
BIOL 47113,Cellular Mechanotransduction,"(3, 3)",,Undergraduate,
CLA 32700,Celtic Archaeology and Civilization,"(3, 3)",,Undergraduate,
ENGL 32955,Censorship,"(3, 3)",,Undergraduate,
POLSC 27251,Central America: Rev,"(3, 3)",,Undergraduate,
ASIAN 22008,Central Asian Literature and Film,"(3, 3)",,Undergraduate,
SOSCI 29754,Central Park FIve,"(3, 3)",,Undergraduate,
MUSHL 36162,Century of Russian Music: 1835-1935,"(3, 3)",,Undergraduate,
ARTCR 25700,Ceramics,"(3, 3)",,Undergraduate,
CERT 10000,Certified Full-Time,"(None, None)",,Undergraduate,
CERT 11111,Certified Full/Time,"(None, None)",,Undergraduate,
SPAN 34600,Cervantes,"(3, 3)",,Undergraduate,
THEA 29777,Challenge/Drama,"(3, 3)",,Undergraduate,
POLSC 27232,Challenges for Developing Democracies,"(3, 3)",,Undergraduate,
MUSPF 32552,Chamber Choir,"(1, 1)",,Undergraduate,
MUSPF 32553,Chamber Choir,"(1, 1)",,Undergraduate,
MUSPF 32556,Chamber Choir,"(1, 1)",,Undergraduate,
MUSPF 32554,Chamber Choir,"(1, 1)",,Undergraduate,
MUSPF 32555,Chamber Choir,"(1, 1)",,Undergraduate,
MUSPF 32551,Chamber Choir,"(1, 1)",,Undergraduate,
MUSHL 26101,Chamber Music,"(3, 3)",,Undergraduate,
MUSPF 35551,Chamber Music Workshop,"(1, 1)",,Undergraduate,
MUSPF 35558,Chamber Music Workshop,"(1, 1)",,Undergraduate,
MUSPF 35555,Chamber Music Workshop,"(1, 1)",,Undergraduate,
MUSPF 35500,Chamber Music Workshop,"(1, 1)",,Undergraduate,
MUSPF 35554,Chamber Music Wrkshp,"(1, 1)",,Undergraduate,
MUSPF 35553,Chamber Music Wrkshp,"(1, 1)",,Undergraduate,
MUSPF 35556,Chamber Music Wrkshp,"(1, 1)",,Undergraduate,
MUSPF 35554,Chamber Music Wrkshp,"(1, 1)",,Undergraduate,
MUSPF 35300,Chamber Singers,"(1, 1)",,Undergraduate,
SOC 32533,Change in Partnering,"(3, 3)",,Undergraduate,
URBS 40309,Changing Face of NYC,"(3, 3)",,Undergraduate,
CLA 34053,Changing Role Woman: China/Japan,"(3, 3)",,Undergraduate,
NURS 34600,Changing the Face of Death,"(3, 3)",,Undergraduate,
SOC 32580,Changing World of Work,"(3, 3)",,Undergraduate,
HONS 20172,Chaos,"(3, 3)",,Undergraduate,
ENGL 33500,Chaucer,"(3, 3)",,Undergraduate,
ENGL 49449,Chaucer,"(3, 3)",,Undergraduate,
ENGL 49009,"Chaucer, The Canterbury Tales and Later Works","(3, 3)",,Undergraduate,
PSYCH 39070,Chd Dev:Assesmt & Plcy,"(3, 3)",,Undergraduate,
RUSS 24690,Chekhov Play Stories,"(3, 3)",,Undergraduate,
RUSS 25757,Chekhov Short Stories,"(1, 1)",,Undergraduate,
RUSS 25690,Chekhov: Plays & Stries,"(3, 3)",,Undergraduate,
COMPL 33063,Chekhov:Plays and Stories,"(3, 3)",,Undergraduate,
THEA 29798,Chekhov:Plays&Stries,"(3, 3)",,Undergraduate,
RUSS 25854,Chekhovs Plys-Englsh,"(1, 1)",,Undergraduate,
COMPL 38153,Chekovian Tradition,"(3, 3)",,Undergraduate,
CHEM 38852,Chemical Genomics,"(3, 3)",,Undergraduate,
CHEM 29101,Chemical Investigations,"(1, 1)",,Undergraduate,
CHEM 29102,Chemical Investigations,"(2, 2)",,Undergraduate,
CHEM 11100,Chemical Principles,"(6, 6)",,Undergraduate,
CEDF 31300,Child And Adolescent Development,"(3, 3)",,Undergraduate,
PSYCH 21000,Child Development,"(3, 3)",,Undergraduate,
QSTB 20280,Child Growth & Dev,"(2, 2)",,Undergraduate,
QSTB 20200,Child Growth And Development,"(2, 2)",,Undergraduate,
PH 40060,Child Health Urban Poverty,"(3, 3)",,Undergraduate,
HR 30N19,Child Rights,"(3, 3)",,Undergraduate,
HR 22005,Child Rights and Human Rights: Evolution of Empowerment,"(3, 3)",,Undergraduate,
WGSP 20005,Child Welfare,"(3, 3)",,Undergraduate,
SOC 23900,Child Welfare,"(3, 3)",,Undergraduate,
SPAN 37117,Childhood and History in Contemporary Latin American Narrative and Film: Memories and Affects,"(3, 3)",,Undergraduate,
HED 31450,Childhood Education - Health and Safety and DASA,"(None, None)",,Undergraduate,
WGS 30010,Childhood in N.Y.,"(3, 3)",,Undergraduate,
SOC 32527,Childhood in NY,"(3, 3)",,Undergraduate,
PSYCH 21300,Children and Adolescents with Autism,"(3, 3)",,Undergraduate,
SOC 33000,Children and Public Policy,"(3, 3)",,Undergraduate,
SOC 32511,Children and Public Policy,"(3, 3)",,Undergraduate,
QSTB 20000,Children in Urban School,"(4, 4)",,Undergraduate,
THEA 252,Children's Theater Laboratory,"(3, 3)",,Undergraduate,
POLSC 37210,China in the World,"(3, 3)",,Undergraduate,
POLSC 37388,China in World Polit,"(3, 3)",,Undergraduate,
POLSC 37258,China International Affairs,"(3, 3)",,Undergraduate,
HIST 37800,China Since 1800,"(3, 3)",,Undergraduate,
ASIAN 36003,China Since 1800,"(3, 3)",,Undergraduate,
HIST 3411U,China Since 1911,"(3, 3)",,Undergraduate,
POLSC 27330,"China, Russia and US in Great Power Competition","(3, 3)",,Undergraduate,
CHIN 21152,Chinese Archaeology,"(3, 3)",,Undergraduate,
CHIN 21153,Chinese Buddhism,"(3, 3)",,Undergraduate,
CHIN 25157,Chinese Buddhist Literature,"(3, 3)",,Undergraduate,
CHIN 10600,Chinese Calligraphy 2,"(3, 3)",,Undergraduate,
CHIN 40162,Chinese Conversation,"(3, 3)",,Undergraduate,
CHIN 11100,Chinese Culture 1,"(3, 3)",,Undergraduate,
CHIN 11200,Chinese Culture II,"(3, 3)",,Undergraduate,
DAN 25273,Chinese Dance Forms,"(2, 2)",,Undergraduate,
CHIN 25150,Chinese Fiction in English,"(3, 3)",,Undergraduate,
CHIN 40109,Chinese for Professional Purposes,"(3, 3)",,Undergraduate,
CHIN 40111,Chinese for the Global Workforce,"(3, 3)",,Undergraduate,
ASIAN 33001,Chinese in the U.S.,"(3, 3)",,Undergraduate,
URBS 40367,Chinese in the United States,"(3, 3)",,Undergraduate,
CHIN 34100,Chinese Linguistics,"(3, 3)",,Undergraduate,
ARTH 24800,Chinese Painting,"(3, 3)",,Undergraduate,
PHILO 21900,Chinese Philosophy,"(3, 3)",,Undergraduate,
CHIN 35700,Chinese Poetry in English Translation,"(3, 3)",,Undergraduate,
POLSC 48053,Chinese Pol Thought,"(3, 3)",,Undergraduate,
POLSC 27208,Chinese Politics First Experience,"(3, 3)",,Undergraduate,
CHIN 25151,Chinese Prose in English Tr,"(3, 3)",,Undergraduate,
CHIN 21150,Chinese Religion,"(3, 3)",,Undergraduate,
THEA 39705,"Chinese Theatre: History, Literature and Performance","(3, 3)",,Undergraduate,
CHIN 21155,Chinese Traditional Theatre,"(3, 3)",,Undergraduate,
CHIN 40170,Chinese Translation,"(3, 3)",,Undergraduate,
CHIN 40151,Chinese Vocabulary Building 2,"(3, 3)",,Undergraduate,
CHIN 40150,Chinese Vocabulary Building I,"(3, 3)",,Undergraduate,
CHIN 10500,Chinese Writing System and Calligraphy,"(3, 3)",,Undergraduate,
CHIN 40153,Chinese-English Translation,"(3, 3)",,Undergraduate,
QSTB 20100,Chld Urb School Prac,"(2, 2)",,Undergraduate,
MUSPF 35557,Chmbr Music Workshop,"(1, 1)",,Undergraduate,
HIST 34183,Chng Rl Wmn Chna Jap,"(3, 3)",,Undergraduate,
WGS 30063,Chng Role Wm Chn&Jpn,"(3, 3)",,Undergraduate,
DAN P0202,Choregraphy 2,"(None, None)",,Undergraduate,
BIOL 17500,Choreographing Genomics,"(3, 3)",,Undergraduate,
DAN P0201,Choreography 1,"(None, None)",,Undergraduate,
HIST 34194,Chrch/State in Polnd,"(3, 3)",,Undergraduate,
HONS 30189,Christian and Muslim Art,"(3, 3)",,Undergraduate,
REL 32556,Christian Religions,"(3, 3)",,Undergraduate,
REL 33300,Christian Theolgy,"(3, 3)",,Undergraduate,
REL 32553,Christian Theology,"(3, 3)",,Undergraduate,
REL 32300,Christianity,"(3, 3)",,Undergraduate,
HIST 31500,Christianity in Modern Times,"(3, 3)",,Undergraduate,
PH 40053,Chronic 3 Management,"(3, 3)",,Undergraduate,
HIST 25072,Chrstnty to Reform,"(3, 3)",,Undergraduate,
HIST 34600,Churchill's Britain,"(3, 3)",,Undergraduate,
LAT 30600,Cicero,"(3, 3)",,Undergraduate,
LAT 20400,Cicero De Senectute,"(3, 3)",,Undergraduate,
LAT 32012,Cicero II,"(3, 3)",,Undergraduate,
FILM 29952,Cinema & Literature of China,"(3, 3)",,Undergraduate,
CHIN 25158,Cinema & Literature of China,"(3, 3)",,Undergraduate,
RUSS 25664,Cinema Poland Russia,"(3, 3)",,Undergraduate,
FILM 22400,Cinematic Space,"(3, 3)",,Undergraduate,
ANTHC 42661,Circumpolar Archaeology,"(3, 3)",,Undergraduate,
PGEOG 38301,Cities & Clim Change,"(3, 3)",,Undergraduate,
URBS 4031V,Cities in Dev Countries,"(3, 3)",,Undergraduate,
ENGL 32650,Citizenship Latin Literature,"(3, 3)",,Undergraduate,
ARTH 45006,City and Country,"(3, 3)",,Undergraduate,
URBS 40353,City and the Arts,"(3, 3)",,Undergraduate,
HIST 34124,City in Ear Mod Eur,"(3, 3)",,Undergraduate,
POLSC 21773,Civic Engagemnt:Pres,"(3, 3)",,Undergraduate,
POLSC 31769,Civil Liberty in Wartime,"(3, 3)",,Undergraduate,
POLSC 31756,Civil Rights & Civil Liberties,"(3, 3)",,Undergraduate,
EDFDN 40057,Civil Rights Movement U.S. & Education,"(3, 3)",,Undergraduate,
HIST 3412L,"Civil Rights, Hip Hop, and Racial Justice","(3, 3)",,Undergraduate,
HIST 36700,Civil War and Reconstruction,"(3, 3)",,Undergraduate,
ENGL 4941R,Civil War Narratives,"(3, 3)",,Undergraduate,
ENGL 49060,Civil War Narratives,"(3, 3)",,Undergraduate,
SPAN 24100,"Civilization of Spain, in English","(3, 3)",,Undergraduate,
SOC 32525,Civilizing Process,"(3, 3)",,Undergraduate,
POLSC 37257,Civl Soc in E.Europe,"(3, 3)",,Undergraduate,
ENGL 49463,Cla Bib Thm In Eng,"(3, 3)",,Undergraduate,
ENGL 25085,Cla Txts/Mod Context,"(3, 3)",,Undergraduate,
POLSC 20N01,Class Action Litigation: A Means to Achieve Social and Financial Justice,"(1, 1)",,Undergraduate,
SOC 31700,"Class, Status, and Power","(3, 3)",,Undergraduate,
POLSC 20454,Classic Feminist Thought,"(3, 3)",,Undergraduate,
COMPL 38052,Classical & Medieval Influences on British & American Literature,"(3, 3)",,Undergraduate,
CHIN 40158,Classical Chinese Fiction,"(3, 3)",,Undergraduate,
CHIN 35500,Classical Chinese Fiction in English Translation,"(3, 3)",,Undergraduate,
CHIN 30300,Classical Chinese Literature 1,"(3, 3)",,Undergraduate,
CHIN 30400,Classical Chinese Literature II,"(3, 3)",,Undergraduate,
CHIN 30700,Classical Chinese Poetry,"(3, 3)",,Undergraduate,
ARTCR 36025,Classical Figure Drawing,"(3, 3)",,Undergraduate,
PHILO 21200,Classical Greek Philosophy: Plato and Aristotle,"(3, 3)",,Undergraduate,
CLA 30666,"Classical Heritage of the Middle East&Asia:Greek Philosophy, Lit, Art&Science In Eastern Reception","(3, 3)",,Undergraduate,
DAN 35252,Classical Indian Dance 2,"(2, 2)",,Undergraduate,
DAN 25252,Classical Indian Dance I,"(2, 2)",,Undergraduate,
JPN 30302,Classical Japanese Literature and The Way of Tea,"(3, 3)",,Undergraduate,
CLA 10100,Classical Mythology,"(3, 3)",,Undergraduate,
CLA 30602,"Classical New York: Reception in Culture, Literature, and the Arts","(3, 3)",,Undergraduate,
PHYS 23000,Classical Physics Laboratory,"(2, 2)",,Undergraduate,
CLA 30671,Classical Receptions in Latin America,"(3, 3)",,Undergraduate,
RUSS 32200,Classical Russian Poetry,"(3, 3)",,Undergraduate,
SOC 22100,Classical Sociological Theory,"(3, 3)",,Undergraduate,
CLA 24084,Classical World in Film,"(3, 3)",,Undergraduate,
CLA 30669,Classics and Race,"(3, 3)",,Undergraduate,
WGS 20100,Classics in Feminist Thought,"(3, 3)",,Undergraduate,
THEA 39797,Classics: Production,"(3, 3)",,Undergraduate,
ARTCR 40N04,Clay and Animation,"(3, 3)",,Undergraduate,
ARTCR 36015,Clay as Canvas,"(3, 3)",,Undergraduate,
ARTCR 40N02,Claymation,"(3, 3)",,Undergraduate,
CLA 24071,Cleopatra of Egypt,"(3, 3)",,Undergraduate,
BIOL 47104,Climate and Health,"(3, 3)",,Undergraduate,
POLSC 29418,Climate Apocalypse and Popular Culture,"(3, 3)",,Undergraduate,
WGSL 29015,Climate Apocalypse and Popular Culture,"(3, 3)",,Undergraduate,
GEOG 38320,Climate Change and Cities,"(3, 3)",,Undergraduate,
GEOG 28313,Climate Futures,"(3, 3)",,Undergraduate,
SOC 22514,Climate Futures,"(3, 3)",,Undergraduate,
WGSL 29013,Climate Futures,"(3, 3)",,Undergraduate,
MLSP 35500,Clinical Biochemistry 2,"(4, 4)",,Undergraduate,
MLSP 35400,Clinical Biochemistry I,"(4, 4)",,Undergraduate,
QSTAP 30800,Clinical Experiences 1 (1-6),"(None, None)",,Undergraduate,
SEDC 30800,Clinical Experiences 1 (7-12),"(None, None)",,Undergraduate,
ECC 32100,Clinical Experiences 1 (Birth-PreK),"(None, None)",,Undergraduate,
ECC 32300,Clinical Experiences 1 (First or Second Grade),"(None, None)",,Undergraduate,
EDUC 30800,Clinical Experiences 1 (PK-12),"(None, None)",,Undergraduate,
QSTAP 30900,Clinical Experiences 2 (1-6),"(None, None)",,Undergraduate,
SEDC 30900,Clinical Experiences 2 (7-12),"(None, None)",,Undergraduate,
ECC 32200,Clinical Experiences 2 (Kindergarten),"(None, None)",,Undergraduate,
EDUC 30900,Clinical Experiences 2 (PK-12),"(None, None)",,Undergraduate,
QSTAP 31000,Clinical Experiences 3 (1-6),"(None, None)",,Undergraduate,
MLSP 35100,Clinical Microbiology I,"(3, 3)",,Undergraduate,
MLSP 35200,Clinical Microbiology II,"(4, 4)",,Undergraduate,
COMSC 42300,Clinical Prac Speech Path 2,"(2, 2)",,Undergraduate,
COMSC 42200,Clinical Prac Speech Path1,"(2, 2)",,Undergraduate,
COMSC 44300,Clinical Practice Audiology 2,"(2, 2)",,Undergraduate,
COMSC 44200,Clinical Practice Audiology I,"(2, 2)",,Undergraduate,
PSYCH 39056,Clinical Psychology,"(3, 3)",,Undergraduate,
PSYCH 34400,Clinical Psychology,"(3, 3)",,Undergraduate,
BIOL 47117,Clinical Trials,"(3, 3)",,Undergraduate,
BIOL 40031,Clock Lab: Discovering Alleles that Modify Human Behavior,"(2, 2)",,Undergraduate,
FILM 20100,Close Film Analysis,"(3, 3)",,Undergraduate,
ARTCR 31100,Clothing Design,"(3, 3)",,Undergraduate,
CSCI 49386,Cloud Computing,"(3, 3)",,Undergraduate,
HEBR 21067,Clown Motif-Ydish Lt,"(3, 3)",,Undergraduate,
AFPRL 39068,Cmprtve Anlys 19&20C,"(3, 3)",,Undergraduate,
BIOL 47174,Cmptn Gen:Linus/Perl,"(2, 2)",,Undergraduate,
ANTHC 32554,Cmpu Srsh-Res Biblog,"(3, 3)",,Undergraduate,
CSCI 39560,Cmputationl Algebra,"(3, 3)",,Undergraduate,
ENGL 25177,Cnstr of Meaning -Lt,"(3, 3)",,Undergraduate,
ENGL 39973,Cntm Autobiography,"(3, 3)",,Undergraduate,
ENGL 25550,Cntmp African Women Writers,"(3, 3)",,Undergraduate,
WGS 30017,Cntrl Rpro: Glob Comp,"(3, 3)",,Undergraduate,
ANTHC 32559,Cntrl Rpro:Glob Comp,"(3, 3)",,Undergraduate,
GEOL 33400,Coastal Geomorphology: The Study of Beaches and Coasts,"(3, 3)",,Undergraduate,
ENGL 38988,Coetzee & Beckett,"(3, 3)",,Undergraduate,
PSYCH 39096,Cogn Sc & Cogn Ther.,"(3, 3)",,Undergraduate,
PSYCH 39064,Cognitive and Conceptual Development,"(3, 3)",,Undergraduate,
PSYCH 37000,Cognitive Development,"(3, 3)",,Undergraduate,
ANTHC 40181,Cognitive Linguistic,"(3, 3)",,Undergraduate,
PSYCH 39072,Cognitive Neurosci,"(3, 3)",,Undergraduate,
PSYCH 31600,Cognitive Neuroscience,"(3, 3)",,Undergraduate,
PSYCH 29567,Cognitive Neuroscience,"(3, 3)",,Undergraduate,
PSYCH 24300,Cognitive Processes,"(3, 3)",,Undergraduate,
PSYCH 27000,Cognitive Processes,"(3, 3)",,Undergraduate,
HONS 30168,Cognitive Science,"(3, 3)",,Undergraduate,
PSYCH 32900,Cognitive Science,"(3, 3)",,Undergraduate,
CSCI 49361,Cogntn&Computatn,"(3, 3)",,Undergraduate,
ENGL 32954,Col/Postcol Lit,"(3, 3)",,Undergraduate,
HIST 3412G,Cold War in Mediterranean,"(3, 3)",,Undergraduate,
HIST 3411N,Cold War U.S.,"(3, 3)",,Undergraduate,
HIST 3411F,Cold War: Global History,"(3, 3)",,Undergraduate,
THEA 39764,Collab in Design,"(3, 3)",,Undergraduate,
THEA 39765,Collab in Directing,"(3, 3)",,Undergraduate,
THEA 25352,Collab.in Directing,"(3, 3)",,Undergraduate,
THEA 25351,Collaboration in Design,"(3, 3)",,Undergraduate,
MUSPF 36503,Collaborative Piano,"(1, 1)",,Undergraduate,
ARTCR 36012,Collage,"(3, 3)",,Undergraduate,
ARTCR 36074,Collage & Assemblage,"(3, 3)",,Undergraduate,
ARTCR 36019,Collage & Assemblage,"(3, 3)",,Undergraduate,
ARTCR 36022,"Collage, Assemblage & Montage","(3, 3)",,Undergraduate,
MATH 12400,College Algebra and Trigonometry,"(4, 4)",,Undergraduate,
MUSPF 22100,College Choir,"(1, 1)",,Undergraduate,
ENGL 11000,College Composition,"(3, 3)",,Undergraduate,
MUSPF 35352,Collegium Musicum,"(2, 2)",,Undergraduate,
MUSPF 35358,Collegium Musicum,"(2, 2)",,Undergraduate,
MUSPF 35351,Collegium Musicum,"(2, 2)",,Undergraduate,
MUSPF 35355,Collegium Musicum,"(1, 1)",,Undergraduate,
MUSPF 35353,Collegium Musicum,"(2, 2)",,Undergraduate,
MUSPF 35356,Collegium Musicum,"(2, 2)",,Undergraduate,
MUSPF 35354,Collegium Musicum,"(2, 2)",,Undergraduate,
MUSPF 35357,Collegium Musicum,"(2, 2)",,Undergraduate,
MUSPF 34300,Collegium Musicum,"(2, 2)",,Undergraduate,
POLSC 48658,Colloquim Pol Behvr,"(3, 3)",,Undergraduate,
SPAN 37121,Colonial,"(3, 3)",,Undergraduate,
ARTH 28500,Colonial Art and Architecture,"(3, 3)",,Undergraduate,
ANTHC 30253,Colonialism,"(3, 3)",,Undergraduate,
ENGL 35811,Colonialism and Modernism,"(3, 3)",,Undergraduate,
ARTCR 36080,Color as Communication,"(3, 3)",,Undergraduate,
ARTCR 36047,Color for Painters and Printmakers,"(3, 3)",,Undergraduate,
SOC 42529,Combatting the Far Right,"(3, 3)",,Undergraduate,
SOC 42525,Combatting the Far Right Online & in the Streets Research Intensive,"(3, 3)",,Undergraduate,
MATH 39550,Combinatorics,"(3, 3)",,Undergraduate,
COMPL 33050,Comedy,"(3, 3)",,Undergraduate,
ENGL 25038,Comic and Graphic Novels,"(3, 3)",,Undergraduate,
ENGL 25058,Comic Vision,"(3, 3)",,Undergraduate,
POLSC 27363,Comm & International Rel,"(3, 3)",,Undergraduate,
SOC 32586,Comm Action:Habermas,"(3, 3)",,Undergraduate,
PH 40003,Comm Outreach Health,"(3, 3)",,Undergraduate,
URBS 40375,Comm Planning in NYC,"(3, 3)",,Undergraduate,
MUSTH 46152,Commercial Arranging,"(3, 3)",,Undergraduate,
HONS 2012S,Commitments and Convictions: Writing from Institutions,"(3, 3)",,Undergraduate,
ASIAN 23005,Communicating Asian American Studies,"(3, 3)",,Undergraduate,
ANTHC 40139,Communication and Social Interaction,"(3, 3)",,Undergraduate,
ENGL 33365,Communication and Social Interaction,"(3, 3)",,Undergraduate,
PSYCH 39058,Communication Behav,"(3, 3)",,Undergraduate,
PSYCH 32400,Communication Behavior,"(3, 3)",,Undergraduate,
POLSC 31725,"Communications in Law, Business and Politics","(3, 3)",,Undergraduate,
POLSC 37361,Communism in Turmoil,"(3, 3)",,Undergraduate,
URBS 40324,Community Arts and Community Development,"(3, 3)",,Undergraduate,
LACS 33001,Community Engagement And Sustainable Human Development: A Service Learning Course,"(3, 3)",,Undergraduate,
PH 41100,Community Health Assessment,"(3, 3)",,Undergraduate,
HUM 25053,Community Interp,"(3, 3)",,Undergraduate,
CHIN 31700,"Community Interpreting and Sight Translation, Chinese – English","(3, 3)",,Undergraduate,
SOC 22558,Community Leadership,"(3, 3)",,Undergraduate,
POLSC 31707,Community Leadership,"(3, 3)",,Undergraduate,
WGSP 39800,Community Leadership Seminar,"(3, 3)",,Undergraduate,
ENGL 34302,Community Literacies,"(3, 3)",,Undergraduate,
NFS 44100,Community Nutrition,"(3, 3)",,Undergraduate,
SOC 22535,Community Organization,"(3, 3)",,Undergraduate,
PH 40050,Community Organization and Action,"(3, 3)",,Undergraduate,
SOC 23500,Community Organization and Action,"(3, 3)",,Undergraduate,
URBS 40395,Community Organization and Action,"(3, 3)",,Undergraduate,
ANTHC 30350,Community Organization and Action,"(3, 3)",,Undergraduate,
ASIAN 33013,Community Organizing,"(3, 3)",,Undergraduate,
SW 37000,Community Organizing Internship and Field Seminar,"(3, 3)",,Undergraduate,
EDFDN 40059,Community Resource Counseling,"(3, 3)",,Undergraduate,
STCS 31800,Community Service Satisfied,"(None, None)",,Undergraduate,
BIOL 33500,Comp Animal Phys,"(3, 3)",,Undergraduate,
POLSC 27223,Comp Federalism,"(3, 3)",,Undergraduate,
MUSTH 46154,Comp for B'Way Stage,"(3, 3)",,Undergraduate,
HUM 11300,Comp Humanities 2,"(3, 3)",,Undergraduate,
HUM 11200,Comp Humanities I,"(3, 3)",,Undergraduate,
URBS 40363,Comp Int'l Planning,"(3, 3)",,Undergraduate,
ENGL 35153,Comp Stu in Litt Mov,"(3, 3)",,Undergraduate,
ENGL 32156,Comp Stu in Prose Fi,"(3, 3)",,Undergraduate,
COMPL 32101,Comp Studies in Prose Fiction,"(3, 3)",,Undergraduate,
COMPL 32052,Comp Studies in Prose Fiction,"(3, 3)",,Undergraduate,
COMPL 32001,Comp Studies in Prose Fiction,"(3, 3)",,Undergraduate,
COMPL 32156,Comp Studies in Prose Fiction,"(3, 3)",,Undergraduate,
COMPL 32153,Comp Studies in Prose Fiction,"(3, 3)",,Undergraduate,
COMPL 32054,Comp Studies in Prose Fiction,"(3, 3)",,Undergraduate,
COMPL 37150,Comp Studies-Myth & Folklore,"(3, 3)",,Undergraduate,
COMPL 35051,Comp Studies:Lit Movements,"(3, 3)",,Undergraduate,
COMPL 35052,Comp Studies:Lit Movements,"(3, 3)",,Undergraduate,
COMPL 37152,Comp Sudies: Myth & Folklore,"(3, 3)",,Undergraduate,
POLSC 31721,Comp Urban Politics,"(3, 3)",,Undergraduate,
URBS 40302,Comp Urban Politics,"(3, 3)",,Undergraduate,
POLSC 48010,Comp Wel States: Hon,"(3, 3)",,Undergraduate,
POLSC 37201,Comp Welfare States,"(3, 3)",,Undergraduate,
FILM 39784,"Compar Std Ee Cinema: Polish, Czech, Russ., So. Slavic. Discuss Cultural, Politcl., Historic Aspects","(3, 3)",,Undergraduate,
COMPL 38165,"Compar Std Ee Cinema: Polish, Czech, Russ., So. Slavic. Discuss Cultural, Politcl., Historic Aspects","(3, 3)",,Undergraduate,
POL 25097,"Compar Std Ee Cinema: Polish, Czech, Russ., So. Slavic. Discuss Cultural, Politcl., Historic Aspects","(3, 3)",,Undergraduate,
POLSC 27258,Comparat Revolutions,"(3, 3)",,Undergraduate,
POLSC 27254,Comparativ Communism,"(3, 3)",,Undergraduate,
BIOL 25200,Comparative Anatomy of the Vertebrates,"(4, 4)",,Undergraduate,
CLA 30200,Comparative Backgrounds of Classical Mythology,"(3, 3)",,Undergraduate,
ECO 35000,Comparative Economic Systems,"(3, 3)",,Undergraduate,
SOC 46100,Comparative Ethnic and Race Relations,"(3, 3)",,Undergraduate,
POLSC 38400,Comparative Foreign Policy,"(4, 4)",,Undergraduate,
BIOL 47096,Comparative Genomics,"(2, 2)",,Undergraduate,
POLSC 31000,Comparative Legal Systems,"(3, 3)",,Undergraduate,
POLSC 27225,Comparative LGBT Politics,"(3, 3)",,Undergraduate,
WGSS 29013,Comparative LGBT Politics,"(3, 3)",,Undergraduate,
COMPL 33056,Comparative Literature in Drama,"(3, 3)",,Undergraduate,
COMPL 32102,Comparative Literature in Prose Fiction,"(3, 3)",,Undergraduate,
COMPL 32152,Comparative Literature Studies: Prose Fiction,"(3, 3)",,Undergraduate,
COMPL 32154,Comparative Literature Studies: Prose Fiction,"(3, 3)",,Undergraduate,
HIST 38264,Comparative Nationalism,"(3, 3)",,Undergraduate,
POLSC 37280,Comparative Political Economy,"(3, 3)",,Undergraduate,
POLSC 27231,Comparative Political Economy,"(3, 3)",,Undergraduate,
REL 32551,Comparative Religion,"(3, 3)",,Undergraduate,
AFPRL 39023,Comparative Spanish Caribbean Societies: 1600-1800,"(3, 3)",,Undergraduate,
COMPL 33100,Comparative Studies in Drama,"(3, 3)",,Undergraduate,
COMPL 33000,Comparative Studies in Drama,"(3, 3)",,Undergraduate,
COMPL 33055,Comparative Studies in Drama,"(3, 3)",,Undergraduate,
COMPL 33054,Comparative Studies in Drama,"(3, 3)",,Undergraduate,
COMPL 35000,Comparative Studies in Literary Movements,"(3, 3)",,Undergraduate,
COMPL 35100,Comparative Studies in Literary Movements,"(3, 3)",,Undergraduate,
COMPL 37056,Comparative Studies in Myth & Folklore: South & North American Cultural Myths,"(3, 3)",,Undergraduate,
COMPL 37000,Comparative Studies in Myth and Folklore,"(3, 3)",,Undergraduate,
COMPL 32000,Comparative Studies in Prose Fiction,"(3, 3)",,Undergraduate,
COMPL 32150,Comparative Studies in Prose Fiction: Experimental Women Novelists,"(3, 3)",,Undergraduate,
URBS 40362,Comparative Urbanism,"(3, 3)",,Undergraduate,
POLSC 35500,Comparative Welfare States,"(4, 4)",,Undergraduate,
POLSC 25000,Comparing Countries,"(3, 3)",,Undergraduate,
COMPL 33053,Compartive Studies in Drama,"(3, 3)",,Undergraduate,
POLSC 48052,Competition & Cooperation,"(3, 3)",,Undergraduate,
MEDIA 39800,Complex Television Narratives,"(3, 3)",,Undergraduate,
MEDIA 49901,Complex Television Narratives,"(3, 3)",,Undergraduate,
HONS 2011U,Complexity,"(3, 3)",,Undergraduate,
HEBR 25051,Compos of The Bible,"(3, 3)",,Undergraduate,
MUSTH 36107,Composing For Film,"(3, 3)",,Undergraduate,
DAN 44100,Composing Music Dance,"(2, 2)",,Undergraduate,
MUSTH 33351,Composition,"(3, 3)",,Undergraduate,
MUSTH 33357,Composition,"(3, 3)",,Undergraduate,
MUSTH 33353,Composition,"(3, 3)",,Undergraduate,
MUSTH 33356,Composition,"(3, 3)",,Undergraduate,
MUSTH 33352,Composition,"(3, 3)",,Undergraduate,
MUSTH 33358,Composition,"(3, 3)",,Undergraduate,
MUSTH 33355,Composition,"(3, 3)",,Undergraduate,
MUSTH 33354,Composition,"(3, 3)",,Undergraduate,
DAN 32100,Composition 1,"(2, 2)",,Undergraduate,
MUSTH 33300,Composition 1,"(3, 3)",,Undergraduate,
MUSTH 33400,Composition 2,"(3, 3)",,Undergraduate,
DAN 42100,Composition 2,"(2, 2)",,Undergraduate,
MUSTH 36168,Composition for Performers,"(3, 3)",,Undergraduate,
ENGL 30100,Composition Theory and Practice,"(3, 3)",,Undergraduate,
URBS 40316,Comprtve Urb Germany,"(3, 3)",,Undergraduate,
CHEM 33300,Computational Drug Discovery,"(3, 3)",,Undergraduate,
CSCI 39577,Computational Media,"(3, 3)",,Undergraduate,
BIOL 42500,Computational Molecular Biology,"(3, 3)",,Undergraduate,
CSCI 49369,Computational Vision,"(3, 3)",,Undergraduate,
CSCI 49354,Computatnl Ling,"(3, 3)",,Undergraduate,
ECO 47600,Computer Accounting Systems,"(3, 3)",,Undergraduate,
ACCP 47600,Computer Accounting Systems,"(3, 3)",,Undergraduate,
PHYS 24500,Computer App Physics Science,"(3, 3)",,Undergraduate,
ECO 24600,Computer Appl in Economics,"(3, 3)",,Undergraduate,
ECO 49562,Computer Application Accounting,"(3, 3)",,Undergraduate,
ECO 49553,Computer Application-Economics,"(3, 3)",,Undergraduate,
ECO 42600,Computer Applications in Economics,"(3, 3)",,Undergraduate,
CSCI 16000,Computer Architecture 1,"(3, 3)",,Undergraduate,
CSCI 26000,Computer Architecture 2,"(3, 3)",,Undergraduate,
CSCI 36000,Computer Architecture 3,"(3, 3)",,Undergraduate,
NURS 45000,Computer Concepts and Application in Nursing,"(3, 3)",,Undergraduate,
ARTCR 36055,Computer Graphics,"(3, 3)",,Undergraduate,
ARTCR 36065,Computer Graphics,"(3, 3)",,Undergraduate,
CSCI 49356,Computer Graphics,"(3, 3)",,Undergraduate,
MUSTH 35100,Computer Music,"(3, 3)",,Undergraduate,
NURS 49967,Computer Tech in Nursing,"(3, 3)",,Undergraduate,
CSCI 11500,Computer Technology in Childhood Education,"(2, 2)",,Undergraduate,
CSCI 26500,Computer Theory 1,"(3, 3)",,Undergraduate,
CSCI 36500,Computer Theory 2,"(3, 3)",,Undergraduate,
ECO 39551,Computers & Accounting,"(3, 3)",,Undergraduate,
CSCI 12100,Computers & Money:Quant,"(3, 3)",,Undergraduate,
POLSC 31765,Computers and American Policy,"(3, 3)",,Undergraduate,
MLSP 36100,Computers and Data Processing in the Medical Laboratory,"(3, 3)",,Undergraduate,
CHEM 34500,Computers in Chemistry,"(3, 3)",,Undergraduate,
PSYCH 49554,Computers in Psych,"(3, 3)",,Undergraduate,
CHEM 345LC,Computers-Chemistry,"(3, 3)",,Undergraduate,
SOC 42522,Comsumer Behavior,"(3, 3)",,Undergraduate,
POLSC 31714,Con Law:4th Amendment,"(3, 3)",,Undergraduate,
SPAN 37021,Con Time Span Poet,"(3, 3)",,Undergraduate,
POLSC 30475,Concept of the People,"(3, 3)",,Undergraduate,
THEA 38700,"Concepts of Light in Theatre, Film, and Television","(3, 3)",,Undergraduate,
STAT 29551,Concepts & Methods:Samplng,"(3, 3)",,Undergraduate,
MEDIA 36300,Concepts in Gaming,"(3, 3)",,Undergraduate,
MUSHL 26110,Concerto 19th Century,"(3, 3)",,Undergraduate,
MUSPF 34900,Conducting 1,"(2, 2)",,Undergraduate,
MUSPF 35000,Conducting 2,"(2, 2)",,Undergraduate,
POLSC 49300,Conducting and Presenting Political Science Research,"(1, 1)",,Undergraduate,
POLSC 21710,Congress & Foreign Policy,"(3, 3)",,Undergraduate,
AFPRL 10300,Conquest and Resistance: Puerto Rican,"(3, 3)",,Undergraduate,
ENGL 38853,Conquest of Passion,"(3, 3)",,Undergraduate,
URBS 40323,Cons Urb Reality TV,"(3, 3)",,Undergraduate,
PHILO 39466,Consciousness,"(3, 3)",,Undergraduate,
SPAN 38200,"Consecutive Interpretation, Spanish-English and English-Spanish","(3, 3)",,Undergraduate,
PSYCH 38103,Conservation and Human-Animal Relationships,"(3, 3)",,Undergraduate,
SOC 32535,Consmr Res Practicum,"(3, 3)",,Undergraduate,
POLSC 30409,Consrvtive Pol Thght,"(3, 3)",,Undergraduate,
POLSC 31767,Const & Foreign Affair,"(3, 3)",,Undergraduate,
PSYCH 39089,Const of the Self,"(3, 3)",,Undergraduate,
POLSC 48056,Constitution Crisis,"(3, 3)",,Undergraduate,
POLSC 21765,Constitution in Crisis,"(3, 3)",,Undergraduate,
POLSC 34100,Constitutional Law: Civil Rights and Liberties,"(4, 4)",,Undergraduate,
POLSC 34000,Constitutional Law: Organizing the Government,"(4, 4)",,Undergraduate,
POLSC 34200,Constitutional Law: The First Amendment,"(3, 3)",,Undergraduate,
SOC 32582,Constr Jews Diaspora,"(3, 3)",,Undergraduate,
CSCI 49374,Constraint Satis,"(3, 3)",,Undergraduate,
HONS 30191,"Constructing India: Imperialism, Nationalism and Gender","(3, 3)",,Undergraduate,
ITAL 36170,Constructing Madness in its Multiple Perspectives,"(3, 3)",,Undergraduate,
WGS 20027,Constructing the Black Female Body,"(3, 3)",,Undergraduate,
AFPRL 29076,Constructing the Black Female Body,"(3, 3)",,Undergraduate,
ENGL 32254,Construction of Masculinity in 20th Century African American Literature,"(3, 3)",,Undergraduate,
SOC 31300,Consumer Behavior,"(3, 3)",,Undergraduate,
HED 30300,Consumer Health,"(3, 3)",,Undergraduate,
ECO 12500,Consumer Marketing,"(1, 1)",,Undergraduate,
SOC 32556,Consumption and Culture,"(3, 3)",,Undergraduate,
WGS 25860,Cont Am Wmn Wrtrs,"(3, 3)",,Undergraduate,
CHIN 25152,Cont Chinese Lit English Tran,"(3, 3)",,Undergraduate,
WGS 20067,Cont Fem Th Mult Cul,"(3, 3)",,Undergraduate,
POLSC 27364,Cont Int Rel: Caribbean,"(3, 3)",,Undergraduate,
LACS 43438,Cont Sp-Am Lit in Tr,"(3, 3)",,Undergraduate,
URBS 30100,Cont Urb Issues,"(3, 3)",,Undergraduate,
ENGL 39970,Cont Women Autobio,"(3, 3)",,Undergraduate,
LACS 43401,Contem Lat Am Poetry,"(3, 3)",,Undergraduate,
COMPL 38083,Contemp African Women Writers,"(3, 3)",,Undergraduate,
ENGL 25751,Contemp African Women Writers,"(3, 3)",,Undergraduate,
ENGL 25851,Contemp African Women Writers,"(3, 3)",,Undergraduate,
WGS 20079,Contemp Caribb Womn,"(3, 3)",,Undergraduate,
CHIN 40159,Contemp Chinese Literature,"(3, 3)",,Undergraduate,
CHIN 40155,Contemp Chinese Lt:Translation,"(3, 3)",,Undergraduate,
ANTHC 40179,Contemp Cuban Cult,"(3, 3)",,Undergraduate,
HEBR 21063,Contemp Hbr Lit-Eng,"(3, 3)",,Undergraduate,
HEBR 35765,Contemp Hebr Poetry,"(3, 3)",,Undergraduate,
AFPRL 39057,Contemp Interrel-Car,"(3, 3)",,Undergraduate,
POLSC 31764,Contemp Iss Con Law,"(3, 3)",,Undergraduate,
LACS 43495,Contemp Lat Amer Nar,"(3, 3)",,Undergraduate,
LACS 43409,Contemp Sp Lit in Tr,"(3, 3)",,Undergraduate,
POLSC 37368,Contemporary International Relations in the Caribbean,"(3, 3)",,Undergraduate,
POLSC 37398,Contemporary Issues in International Politics,"(3, 3)",,Undergraduate,
COMPL 35151,Contemporary 20th Century Poets,"(3, 3)",,Undergraduate,
ARTH 48003,Contemporary African Art,"(3, 3)",,Undergraduate,
ENGL 31757,Contemporary African Literature,"(3, 3)",,Undergraduate,
AFPRL 30700,Contemporary African Politics,"(3, 3)",,Undergraduate,
WGS 25851,Contemporary African Women Writers: Literary Voices from the Continent,"(3, 3)",,Undergraduate,
ENGL 39896,Contemporary Amer Fiction,"(3, 3)",,Undergraduate,
ENGL 39961,Contemporary Amer Poetry,"(3, 3)",,Undergraduate,
WGSA 31966,Contemporary American Women,"(3, 3)",,Undergraduate,
ENGL 39866,Contemporary American Women Poet,"(3, 3)",,Undergraduate,
PHILO 33200,Contemporary Analytic Philosophy,"(3, 3)",,Undergraduate,
ARTH 25100,Contemporary Art,"(3, 3)",,Undergraduate,
AFPRL 29040,Contemporary Black Writers,"(3, 3)",,Undergraduate,
THEA 39747,Contemporary Br Drama,"(3, 3)",,Undergraduate,
ENGL 38862,Contemporary British Drama,"(3, 3)",,Undergraduate,
ENGL 38850,Contemporary British Literature,"(3, 3)",,Undergraduate,
SPAN 37118,Contemporary Crime Fiction from Latin American,"(3, 3)",,Undergraduate,
JPN 40302,Contemporary Culture of Horror in Japan,"(3, 3)",,Undergraduate,
DAN 25201,Contemporary Dance Forms,"(2, 2)",,Undergraduate,
DAN 21000,Contemporary Dance Technique 1,"(2, 2)",,Undergraduate,
DAN 22000,Contemporary Dance Technique 2,"(2, 2)",,Undergraduate,
DAN 41000,Contemporary Dance Technique 4,"(2, 2)",,Undergraduate,
DAN 31000,Contemporary Dance Technique III,"(2, 2)",,Undergraduate,
AFPRL 29059,Contemporary Dominican Writers,"(3, 3)",,Undergraduate,
SOC 42536,Contemporary Education Policy,"(3, 3)",,Undergraduate,
URBS 4031G,Contemporary Education Policy,"(3, 3)",,Undergraduate,
POLSC 30414,Contemporary Feminist Theory,"(3, 3)",,Undergraduate,
WGS 30012,Contemporary Feminist Theory,"(3, 3)",,Undergraduate,
POLSC 30414,Contemporary Feminist Theory,"(3, 3)",,Undergraduate,
WGST 30012,Contemporary Feminist Theory,"(3, 3)",,Undergraduate,
ENGL 48473,Contemporary Fiction,"(3, 3)",,Undergraduate,
ENGL 48483,Contemporary Fiction,"(3, 3)",,Undergraduate,
FILM 32200,Contemporary Film Theory,"(3, 3)",,Undergraduate,
FREN 33700,Contemporary French Culture,"(3, 3)",,Undergraduate,
HR 22022,Contemporary Global LGBTQ Human Rights,"(3, 3)",,Undergraduate,
SOC 3252G,Contemporary Hasidic Culture,"(3, 3)",,Undergraduate,
JS 25013,Contemporary Hasidic Culture,"(3, 3)",,Undergraduate,
HED 10000,Contemporary Health Concepts,"(3, 3)",,Undergraduate,
HEBR 32800,Contemporary Hebrew Prose,"(3, 3)",,Undergraduate,
AFPRL 30800,Contemporary International Relations of the Afro-Caribbean,"(3, 3)",,Undergraduate,
POLSC 31700,Contemporary Issues in American Politics,"(3, 3)",,Undergraduate,
POLSC 21700,Contemporary Issues in American Politics,"(3, 3)",,Undergraduate,
ANTHC 10200,Contemporary Issues in Anthropological Perspectives,"(3, 3)",,Undergraduate,
POLSC 37200,Contemporary Issues in Comparative Politics,"(3, 3)",,Undergraduate,
POLSC 27200,Contemporary Issues in Comparative Politics,"(3, 3)",,Undergraduate,
NURS 48500,Contemporary Issues in Domestic and Global Healthcare,"(2, 2)",,Undergraduate,
HIST 14100,Contemporary Issues in Historical Perspective,"(3, 3)",,Undergraduate,
POLSC 37300,Contemporary Issues in International Politics,"(3, 3)",,Undergraduate,
POLSC 27300,Contemporary Issues in International Politics,"(3, 3)",,Undergraduate,
POLSC 20400,Contemporary Issues in Political Theory,"(3, 3)",,Undergraduate,
MUSHL 26132,Contemporary Jewish Music Diaspora and Exchange,"(3, 3)",,Undergraduate,
JS 25001,Contemporary Jewish Music Diaspora and Exchange,"(3, 3)",,Undergraduate,
ARTH 48004,Contemporary Latin American Art,"(3, 3)",,Undergraduate,
SPAN 36800,Contemporary Latin American Narrative,"(3, 3)",,Undergraduate,
AFPRL 29079,Contemporary Latino Literature,"(3, 3)",,Undergraduate,
SPAN 37400,Contemporary Literature and Spanish Film,"(3, 3)",,Undergraduate,
MEDP 29910,Contemporary Media & Performance,"(3, 3)",,Undergraduate,
JPN 40310,Contemporary Media & Performance,"(3, 3)",,Undergraduate,
FILM 29910,Contemporary Media & Performance,"(3, 3)",,Undergraduate,
GERMN 32029,Contemporary Minority Voices in Germany,"(3, 3)",,Undergraduate,
ENGL 31864,Contemporary Multicultural American Poetry,"(3, 3)",,Undergraduate,
PHILO 33000,Contemporary Phenomenology,"(3, 3)",,Undergraduate,
ARTH 29922,Contemporary Photographer,"(3, 3)",,Undergraduate,
SOC 32539,Contemporary Poland,"(3, 3)",,Undergraduate,
THEA 39740,Contemporary Queer and Feminist Plays,"(3, 3)",,Undergraduate,
HR 22003,Contemporary Questions in Religion and Human Rights,"(3, 3)",,Undergraduate,
HONS 2011N,Contemporary Russia in a Globalized World,"(3, 3)",,Undergraduate,
RUSS 15800,Contemporary Russian Culture,"(3, 3)",,Undergraduate,
POLSC 37317,Contemporary Security Strategies in the Middle East,"(3, 3)",,Undergraduate,
POLSC 37217,Contemporary Security Strategies in the Middle East,"(3, 3)",,Undergraduate,
ENGL 39044,Contemporary Short Fiction,"(3, 3)",,Undergraduate,
SOC 42590,Contemporary Social Theory,"(3, 3)",,Undergraduate,
SOC 22300,Contemporary Sociological Theory,"(3, 3)",,Undergraduate,
SPAN 35200,Contemporary Spanish American Literature,"(3, 3)",,Undergraduate,
SPAN 35100,Contemporary Spanish Literature,"(3, 3)",,Undergraduate,
SPAN 26400,Contemporary Spanish Literature in Translation,"(3, 3)",,Undergraduate,
SPAN 37024,Contemporary Spanish Poetry,"(3, 3)",,Undergraduate,
SPAN 37081,Contemporary Spanish Theater 19th & 20 Century,"(3, 3)",,Undergraduate,
SPAN 26300,Contemporary Spanish-American Literature in Translation,"(3, 3)",,Undergraduate,
SOC 42553,Contemporary Studies: Wealth & Poverty,"(3, 3)",,Undergraduate,
PHILO 34400,Contemporary Theories in Ethics,"(3, 3)",,Undergraduate,
PHILO 34600,Contemporary Theories of Justice,"(3, 3)",,Undergraduate,
WGS 20057,Contemporary Women,"(3, 3)",,Undergraduate,
AFPRL 29016,Contempory African Women Wtrs,"(3, 3)",,Undergraduate,
ENGL 25860,Contempory Amer Women Writers,"(3, 3)",,Undergraduate,
ENGL 31966,Contempory American Women,"(3, 3)",,Undergraduate,
CHIN 40161,Contempory Chinese Fiction,"(3, 3)",,Undergraduate,
CHIN 25153,Contempory Chinese Lt:Trans,"(3, 3)",,Undergraduate,
ASIAN 34100,Contempory Filipino-Amer Lit,"(3, 3)",,Undergraduate,
ENGL 39980,Contending Forces,"(3, 3)",,Undergraduate,
ENGL 25194,Contending Forces: 20th Century,"(3, 3)",,Undergraduate,
HONS 30135,Contest&Cultur,"(3, 3)",,Undergraduate,
ENGL 38781,Contmp British Novel,"(3, 3)",,Undergraduate,
POLSC 27288,Contp African Poltcs,"(3, 3)",,Undergraduate,
RUSS 25675,Contraband Lit from the USSR and EEurope: Practicum,"(3, 3)",,Undergraduate,
RUSS 25676,Contraband Lit from the USSR and EEurope: Theory and History,"(3, 3)",,Undergraduate,
PH 20000,Controversal Issue Health Care,"(3, 3)",,Undergraduate,
PORT 22100,Conversational Portuguese,"(3, 3)",,Undergraduate,
JPN 40305,Cool Japan: Soft Power & the Globalization of Japanese Pop Culture,"(3, 3)",,Undergraduate,
HIST 14150,Copernican Revolution,"(3, 3)",,Undergraduate,
PHILO 20053,Copernican Revolutionary Philosophy,"(3, 3)",,Undergraduate,
PSYCH 36500,Coping with Chronic Disease,"(3, 3)",,Undergraduate,
SOC 22598,Cor Pro Seminar,"(3, 3)",,Undergraduate,
ENGL 39401,Coriolanus Against Liberalism: Dramatic and Philosophical Ideations,"(3, 3)",,Undergraduate,
ECO 36500,Corporate Finance,"(3, 3)",,Undergraduate,
THEA 38300,Costume Design 1,"(3, 3)",,Undergraduate,
THEA 25365,Costume Fashion Technology,"(3, 3)",,Undergraduate,
THEA 39300,Costume for the Stge,"(3, 3)",,Undergraduate,
THEA 39000,"Costume, Fashion, and Cultural Studies","(3, 3)",,Undergraduate,
CSCI 10N01,Counting by Writing Code,"(1, 1)",,Undergraduate,
ANTHC 30900,Countryside and City: Comparative Perspectives,"(3, 3)",,Undergraduate,
MUSPF 36903,Creating Opera: A Workshop for Singers,"(1, 1)",,Undergraduate,
THEA 39704,Creating Theatre for Children,"(3, 3)",,Undergraduate,
BUS 21000,Creating Value through Marketing,"(3, 3)",,Undergraduate,
ENGL 25176,Creating:American Nation,"(3, 3)",,Undergraduate,
ECC 30400,Creative Arts and Play-Based Learning,"(2, 2)",,Undergraduate,
MEDP 23400,Creative Code,"(3, 3)",,Undergraduate,
THEA 35000,Creative Drama Leadership,"(3, 3)",,Undergraduate,
THEA 25000,Creative Dramatics,"(3, 3)",,Undergraduate,
THEA 24100,Creative Dramatics,"(3, 3)",,Undergraduate,
ENGL 48491,Creative Non-Fiction,"(3, 3)",,Undergraduate,
HONS 20144,Creative Process,"(3, 3)",,Undergraduate,
ENGL 48419,Creative Prose,"(3, 3)",,Undergraduate,
ENGL 4941V,Creative Prose,"(3, 3)",,Undergraduate,
ENGL 38684,Creative Reading,"(3, 3)",,Undergraduate,
HONS 20127,Creativity,"(3, 3)",,Undergraduate,
SOC 42545,Crim Policy & Prac,"(3, 3)",,Undergraduate,
ENGL 25193,Crime And Punishment,"(3, 3)",,Undergraduate,
SOC 3251W,"Crime, Immigration and Urban Space","(3, 3)",,Undergraduate,
PH 40025,Criminal Justice and Health,"(3, 3)",,Undergraduate,
SOC 3251P,Criminal Justice and Public Policy,"(3, 3)",,Undergraduate,
HUM 25062,Criminal Law,"(3, 3)",,Undergraduate,
POLSC 34300,Criminal Law,"(3, 3)",,Undergraduate,
SOC 31900,Criminology,"(3, 3)",,Undergraduate,
HIST 38464,Crises Mod Jew Hist,"(3, 3)",,Undergraduate,
HR 22028,Crisis as Opportunity: Feminist reimagining of a world post- COVID-19,"(3, 3)",,Undergraduate,
EDFDN 40055,Crisis Intervention,"(3, 3)",,Undergraduate,
PH 40017,Crisis Leadership in Public Health & Healthcare,"(3, 3)",,Undergraduate,
PH 40017,Crisis Leadership in Public Health & Healthcare,"(3, 3)",,Undergraduate,
POLSC 48054,Crisis of Westrn Wld,"(3, 3)",,Undergraduate,
SEDC 32100,Critical Approaches to Teaching Reading and the Study of Literature,"(3, 3)",,Undergraduate,
PUPOL 30N04,"Critical Equity Issues at the Intersection of Disability, Policy, and Law","(3, 3)",,Undergraduate,
WGSS 29015,Critical Heterosexuality Studies,"(3, 3)",,Undergraduate,
POLSC 29404,Critical Issues in American Politics,"(3, 3)",,Undergraduate,
PHILO 34700,Critical Philosophy of Race,"(3, 3)",,Undergraduate,
HUM 25064,Critical Prspctve,"(3, 3)",,Undergraduate,
POLSC 30476,Critical Theory & Society,"(3, 3)",,Undergraduate,
POLSC 30200,Critical Theory and Politics,"(4, 4)",,Undergraduate,
WGSL 20018,Critiques of Human Trafficking,"(3, 3)",,Undergraduate,
POLSC 27311,Critiques of Human Trafficking,"(3, 3)",,Undergraduate,
ITAL 37090,Croce and His Contemporaries,"(3, 3)",,Undergraduate,
ANTHC 32055,Cross Culture Asps-Aging,"(3, 3)",,Undergraduate,
ENGL 32951,Cross-Cult Memoir,"(3, 3)",,Undergraduate,
HONS 3011K,Cross-Currents in 20th Century Avant-Garde,"(3, 3)",,Undergraduate,
ENGL 39063,Crossing Borders,"(3, 3)",,Undergraduate,
BIOL 15000,CSI:Hunter (Forensic Biology),"(5, 5)",,Undergraduate,
THEA 29767,Ct Lab Performance,"(3, 3)",,Undergraduate,
NURS 39954,Ctmp Tops in Nursing,"(3, 3)",,Undergraduate,
ENGL 39066,"Ctp Fic: Cht,Cl & Con","(3, 3)",,Undergraduate,
AFPRL 29061,Cuba,"(3, 3)",,Undergraduate,
LACS 33056,Cuba Abroad,"(3, 3)",,Undergraduate,
AFPRL 39018,"Cuba: History, Politics, and Society","(3, 3)",,Undergraduate,
ARTH 38108,Cuban Art from the Colonial Era to the Present,"(3, 3)",,Undergraduate,
POLSC 30405,"Cul, Soc & Democracy","(3, 3)",,Undergraduate,
HIST 25067,Cult Confr-Wrld Hist,"(3, 3)",,Undergraduate,
HIST 38205,Cult Hist Mod Italy,"(3, 3)",,Undergraduate,
ENGL 38767,Cult Imperialism Nov,"(3, 3)",,Undergraduate,
HIST 48458,"Cult, Gnd & Brt Col-Hnr","(3, 3)",,Undergraduate,
HIST 34178,Cult.Gendr & Emp-Eng,"(3, 3)",,Undergraduate,
NFS 33200,Cultural Aspects of Food and Nutrition,"(3, 3)",,Undergraduate,
ENGL 32952,Cultural Criticism,"(3, 3)",,Undergraduate,
ANTHC 10000,Cultural Diversity in the United States: Historical and Ethnographic Perspectives,"(3, 3)",,Undergraduate,
GEOG 24700,Cultural Geography,"(3, 3)",,Undergraduate,
PSYCH 39093,Cultural Psych,"(3, 3)",,Undergraduate,
PSYCH 33400,Cultural Psychology,"(3, 3)",,Undergraduate,
PSYCH 39040,Cultural Psychology,"(3, 3)",,Undergraduate,
ENGL 34203,Cultural Rhetorics,"(3, 3)",,Undergraduate,
EDUC 26000,Culturally Responsive and Sustaining Teaching,"(3, 3)",,Undergraduate,
ENGL 25162,Culture & Literature: Vietnam War,"(3, 3)",,Undergraduate,
PSYCH 39050,Culture and Child Development,"(3, 3)",,Undergraduate,
SOC 42564,Culture and Cognition,"(3, 3)",,Undergraduate,
SOC 31400,Culture and Consumption,"(3, 3)",,Undergraduate,
AFPRL 18200,Culture and Ethnic Identity,"(3, 3)",,Undergraduate,
AFPRL 42850,Culture and Revolution in Africa,"(3, 3)",,Undergraduate,
HONS 30163,Culture Hindu India,"(3, 3)",,Undergraduate,
RUSS 15600,Culture of Imperial Russia: The Age of Empresses,"(3, 3)",,Undergraduate,
HIST 38458,"Culture, Gender & Brit Col","(3, 3)",,Undergraduate,
PHILO 39456,"Culture, Society and Democracy","(3, 3)",,Undergraduate,
HONS 30180,Cultures in Conflict,"(3, 3)",,Undergraduate,
ENGL 32169,CUNY and Slavery,"(3, 3)",,Undergraduate,
CUNBA 11111,Cuny Ba,"(None, None)",,Undergraduate,
ENGL 4941C,CUNY Rare Book Scholars,"(3, 3)",,Undergraduate,
HONS 3011V,"CUNY, Slavery, and Justice: Properties of Knowledge","(3, 3)",,Undergraduate,
DAN 43150,Cur Top: Comp-Mus Dance,"(3, 3)",,Undergraduate,
BIOL 47086,Cur Top:Biosciences,"(2, 2)",,Undergraduate,
ARTH 39927,Curatorial Practices,"(3, 3)",,Undergraduate,
ARTCR 36036,Curatorial Practices,"(3, 3)",,Undergraduate,
EDUC 40051,Current Dev:Teaching Adults,"(3, 3)",,Undergraduate,
EDUC 40050,Current Dev:Writing,"(3, 3)",,Undergraduate,
SOC 22351,Current Soc Theory,"(3, 3)",,Undergraduate,
PSYCH 38100,Current Topics in Animal Behavior,"(3, 3)",,Undergraduate,
PSYCH 38703,Current Topics in LatinX Health,"(3, 3)",,Undergraduate,
BIOL 25000,Current Topics in the Biosciences,"(3, 3)",,Undergraduate,
DAN 43151,Current Topics: Dance Critique,"(3, 3)",,Undergraduate,
DAN 43152,Current Topics: Human Movement,"(2, 2)",,Undergraduate,
DAN 43153,Current Topics: Repertory,"(3, 3)",,Undergraduate,
DAN 43155,Current Topics: Repertory 2,"(3, 3)",,Undergraduate,
ENGL 49471,Cyber Cultures,"(3, 3)",,Undergraduate,
POLSC 29416,Cybersecurity,"(3, 3)",,Undergraduate,
BIOL 47077,Damaged Genes,"(2, 2)",,Undergraduate,
DAN 25256,Dance 1 - Yoga,"(2, 2)",,Undergraduate,
DAN 35256,Dance 2 - Yoga,"(2, 2)",,Undergraduate,
DAN 25274,Dance Alignment,"(2, 2)",,Undergraduate,
MUSPF 29951,Dance Band,"(1, 1)",,Undergraduate,
MUSPF 29954,Dance Band,"(1, 1)",,Undergraduate,
MUSPF 29957,Dance Band,"(1, 1)",,Undergraduate,
MUSPF 29956,Dance Band,"(1, 1)",,Undergraduate,
MUSPF 29958,Dance Band,"(1, 1)",,Undergraduate,
DAN 44200,Dance Criticism,"(3, 3)",,Undergraduate,
DAN 23100,Dance History before the 20th Century,"(3, 3)",,Undergraduate,
DAN 10200,Dance in Culture,"(3, 3)",,Undergraduate,
DAN 45000,Dance Injuries,"(2, 2)",,Undergraduate,
DAN 25500,Dance Pedagogy,"(2, 2)",,Undergraduate,
DAN 46102,Dance Seminar,"(3, 3)",,Undergraduate,
DAN 42200,Dance Workshop,"(2, 2)",,Undergraduate,
SOC 3251R,"Dance, Migration and Community","(3, 3)",,Undergraduate,
CLA 30612,Dangerous Women and Foreigners in Greek and Roman Culture,"(3, 3)",,Undergraduate,
HONS 30193,Dante and the Classical World,"(3, 3)",,Undergraduate,
ITAL 27600,Dante's Divine Comedy in English,"(3, 3)",,Undergraduate,
ITAL 36040,Dante's Inferno,"(3, 3)",,Undergraduate,
ITAL 34500,Dante's Paradiso and Major Prose Works,"(3, 3)",,Undergraduate,
ITAL 34400,Dante's Purgatorio snd Introduction to Paradiso,"(3, 3)",,Undergraduate,
ITAL 34300,Dante's Vita Nuova and Inferno,"(3, 3)",,Undergraduate,
HONS 20171,Dante's World,"(3, 3)",,Undergraduate,
HONS 20121,Darwin and the End of Romanticism,"(3, 3)",,Undergraduate,
EDUC 22500,"DASA, Health & Safety in Birth through 21","(None, None)",,Undergraduate,
ECC 20200,"DASA, Health & Safety in Birth through Grade 2","(None, None)",,Undergraduate,
GTECH 38520,Data Analysis and Visualization with R,"(3, 3)",,Undergraduate,
POLSC 20700,Data Analysis in Political Science,"(3, 3)",,Undergraduate,
STAT 21400,Data Analysis using Statistical Software,"(3, 3)",,Undergraduate,
SOC 42539,Data Analytics & Visualizations,"(3, 3)",,Undergraduate,
CSCI 43500,Data Base Management,"(3, 3)",,Undergraduate,
CSCI 41500,Data Communications and Networks,"(3, 3)",,Undergraduate,
MEDPL 29700,Data Journalism: Telling Stories With Numbers,"(3, 3)",,Undergraduate,
SOC 42538,Data Mining,"(3, 3)",,Undergraduate,
CSCI 39579,Data Visualization,"(3, 3)",,Undergraduate,
MATH 39579,Data Visualization,"(3, 3)",,Undergraduate,
WGSA 31974,"Dcknsn,Moore,Stein","(3, 3)",,Undergraduate,
ARTH 45022,De Chirico,"(3, 3)",,Undergraduate,
HEBR 25058,Dead Sea Scrolls-Eng,"(3, 3)",,Undergraduate,
HED 30400,Death And Dying,"(3, 3)",,Undergraduate,
NURS 34400,Death and Dying,"(3, 3)",,Undergraduate,
HIST 38226,"Death, Sex and Memory","(3, 3)",,Undergraduate,
MUSHL 36171,"Debussy, Ravel & The French School","(3, 3)",,Undergraduate,
HONS 20177,Decadence,"(3, 3)",,Undergraduate,
ENGL 38783,Decadent Imagination,"(3, 3)",,Undergraduate,
ENGL 49495,Decadent Imagination,"(3, 3)",,Undergraduate,
JPN 30304,Deciphering the Japanese Zodiac: Animals in Japanese Culture,"(3, 3)",,Undergraduate,
ENGL 39862,Decoding Pop Culture,"(3, 3)",,Undergraduate,
WGS 30069,Decolonizing Desire,"(3, 3)",,Undergraduate,
SOC 3252C,Decolonizing Feminism,"(3, 3)",,Undergraduate,
ENGL 32259,Decolonizing Gender: Text and Image,"(3, 3)",,Undergraduate,
WGS 3001G,Decolonizing Gender: Text and Image,"(3, 3)",,Undergraduate,
URBS 4032M,"Decommodified Housing: Theory, Methods, Practice","(3, 3)",,Undergraduate,
CSCI 49377,Deep Learning,"(3, 3)",,Undergraduate,
ENGL 39976,Defining Culture Identity,"(3, 3)",,Undergraduate,
POLSC 30458,Dem & Equal Opprtnty,"(3, 3)",,Undergraduate,
POLSC 30401,Dem Theory & Practice,"(3, 3)",,Undergraduate,
POLSC 48015,Dem&Equal Op:Honors,"(3, 3)",,Undergraduate,
POLSC 37256,Demo in Africa,"(3, 3)",,Undergraduate,
HONS 30174,Democr & Mass Media,"(3, 3)",,Undergraduate,
POLSC 37239,Democracy & Developt,"(3, 3)",,Undergraduate,
PHILO 20089,Democracy & Globalization,"(3, 3)",,Undergraduate,
POLSC 20457,Democracy & Particpation,"(3, 3)",,Undergraduate,
POLSC 20468,Democracy & Virtue,"(3, 3)",,Undergraduate,
POLSC 27221,Democracy and Development,"(3, 3)",,Undergraduate,
POLSC 36000,Democracy and Development in a Globalizing World,"(4, 4)",,Undergraduate,
POLSC 30300,Democracy and Emergency,"(4, 4)",,Undergraduate,
POLSC 30422,Democracy and Emergency,"(3, 3)",,Undergraduate,
PHILO 39461,Democracy and Equal Opportunity,"(3, 3)",,Undergraduate,
POLSC 20479,Democracy and Its Discontents,"(3, 3)",,Undergraduate,
POLSC 30481,Democracy and Political Ethics,"(3, 3)",,Undergraduate,
SOSCI 21000,"Democracy And Society: Principles, Practices, And Problems","(3, 3)",,Undergraduate,
POLSC 21600,Democracy and the Media,"(3, 3)",,Undergraduate,
POLSC 27201,Democracy in Africa,"(3, 3)",,Undergraduate,
POLSC 27217,"Democracy, Diversity, and Peace-Building in Multinational States","(3, 3)",,Undergraduate,
PHILO 39412,"Democracy, Socialism and Feminism","(3, 3)",,Undergraduate,
POLSC 20412,"Democracy, Socialism and Feminism","(3, 3)",,Undergraduate,
POLSC 27324,Democratic Peace Theory,"(3, 3)",,Undergraduate,
ENGL 34202,Democratic Rhetoric: Election 2020 and Beyond,"(3, 3)",,Undergraduate,
ENGL 34255,Democratic Rhetoric: Hillary Clinton and Beyond,"(3, 3)",,Undergraduate,
ENGL 49421,Democratic Rhetoric: Hillary Clinton and Beyond,"(3, 3)",,Undergraduate,
PHILO 39475,Democratic Theory,"(3, 3)",,Undergraduate,
POLSC 48092,Democratic Theory,"(3, 3)",,Undergraduate,
POLSC 30500,Democratic Theory,"(3, 3)",,Undergraduate,
POLSC 48020,Democratic Theory and Practice: Honors,"(3, 3)",,Undergraduate,
ECO 39599,Demography and Economic Policy,"(3, 3)",,Undergraduate,
HONS 2011F,"Demography: Fertility, Mortality, Migration in a Changing World","(3, 3)",,Undergraduate,
HEBR 21066,Demonic Elm-Ydish Lt,"(3, 3)",,Undergraduate,
FREN 36503,Deplacement-Voyage,"(3, 3)",,Undergraduate,
PHILO 39354,Descartes,"(3, 3)",,Undergraduate,
URBS 40322,Desgnng Placs:People,"(3, 3)",,Undergraduate,
DAN 10N00,Design and Dance,"(3, 3)",,Undergraduate,
THEA 28500,"Design Concepts for Theatre, Film, and Television","(3, 3)",,Undergraduate,
ARTCR 28000,Design in Light and Motion,"(3, 3)",,Undergraduate,
ARTCR 38000,Design Light & Motion,"(3, 3)",,Undergraduate,
URBS 40310,Design of the City:,"(3, 3)",,Undergraduate,
URBS 40382,Designing an Urban Utopia,"(3, 3)",,Undergraduate,
WGSS 30050,"Desiring Muslims:Gender, Islam and Rights","(3, 3)",,Undergraduate,
HIST 34110,Desp/Dem- Frnch Hist,"(3, 3)",,Undergraduate,
ENGL 38560,Desre & Ertic: Vic Nov,"(3, 3)",,Undergraduate,
ENGL 39046,Detective Fiction,"(3, 3)",,Undergraduate,
ENGL 49438,Detective Fiction,"(3, 3)",,Undergraduate,
ANTHC 40160,Dev & Int Migration,"(3, 3)",,Undergraduate,
SOC 22557,Dev & Int'l Migratn,"(3, 3)",,Undergraduate,
EDFDN 40058,Dev Iss Children-Color,"(3, 3)",,Undergraduate,
LACS 43445,Dev Media&Glob: Latam,"(3, 3)",,Undergraduate,
PSYCH 39067,Dev of Chldrn Autism,"(3, 3)",,Undergraduate,
WGSS 19000,Dev of Gender Roles,"(3, 3)",,Undergraduate,
ANTHC 32072,Dev Pgms:3D Wld Womn,"(3, 3)",,Undergraduate,
QSTA 40180,Dev Reading,"(2, 2)",,Undergraduate,
SOC 42559,Dev Theo & Practices,"(3, 3)",,Undergraduate,
ACSK 3100,Dev Writing II (ESL),"(1, 1)",,Undergraduate,
ECO 49561,Dev: Transnatl Corps,"(3, 3)",,Undergraduate,
MEDPL 29000,Developing Non-Fiction Media,"(3, 3)",,Undergraduate,
POLSC 27205,Development & Modern,"(3, 3)",,Undergraduate,
SOC 36100,Development and Globalization,"(3, 3)",,Undergraduate,
ECO 30500,Development of Economic Thought,"(3, 3)",,Undergraduate,
PSYCH 19000,Development of Gender Roles,"(3, 3)",,Undergraduate,
AFPRL 40300,Development Strategies in the Afro-Caribbean,"(3, 3)",,Undergraduate,
BIOL 30600,Developmental Biology,"(3, 3)",,Undergraduate,
PSYCH 38402,Developmental Psych and Human Rights,"(3, 3)",,Undergraduate,
PSYCH 29559,Developmental Psychology Biology,"(3, 3)",,Undergraduate,
PSYCH 32300,Developmental Psychopathology,"(3, 3)",,Undergraduate,
QSTAP 40100,Developmental Reading,"(2, 2)",,Undergraduate,
ACSK 3000,Developmental Writing 1 (ESL),"(1, 1)",,Undergraduate,
ACSK 20,Developmental Writing I,"(1, 1)",,Undergraduate,
ACSK 2000,Developmental Writing I,"(1, 1)",,Undergraduate,
SOC 25300,Deviance and Social Control,"(3, 3)",,Undergraduate,
THEA 39717,Devising Sex: Inventing Lulu,"(3, 3)",,Undergraduate,
COMPL 38170,Diasporic Voice Literature,"(3, 3)",,Undergraduate,
ENGL 49457,Diasporic Voice Literature,"(3, 3)",,Undergraduate,
ENGL 38953,Dickens,"(3, 3)",,Undergraduate,
ENGL 38864,Dickens And Hardy,"(3, 3)",,Undergraduate,
ENGL 31974,"Dickenson, Moore, Stein","(3, 3)",,Undergraduate,
ENGL 39880,Dickinson and Whitman,"(3, 3)",,Undergraduate,
MUSPF 15151,Diction for Singers,"(1, 1)",,Undergraduate,
MUSPF 15152,Diction for Singers,"(1, 1)",,Undergraduate,
FREN 36320,Diderot,"(3, 3)",,Undergraduate,
FREN 34710,Diderot&The Encyclop,"(3, 3)",,Undergraduate,
NFS 41301,Diet and Disease,"(3, 3)",,Undergraduate,
MATH 25300,Differential Equatns,"(3, 3)",,Undergraduate,
ARTCR 36040,Digital Color Photography,"(3, 3)",,Undergraduate,
SOC 42547,Digital Content Creation,"(3, 3)",,Undergraduate,
MEDIA 36500,Digital Copyright,"(3, 3)",,Undergraduate,
POLSC 31731,Digital Copyright,"(3, 3)",,Undergraduate,
MEDP 25000,Digital Design and Usability,"(3, 3)",,Undergraduate,
GTECH 10100,Digital Earth,"(3, 3)",,Undergraduate,
ENGL 38646,Digital Humanities,"(3, 3)",,Undergraduate,
ENGL 39949,Digital Humanities American Literature,"(3, 3)",,Undergraduate,
SOC 42569,Digital Identities and the Politics of Online Branding,"(3, 3)",,Undergraduate,
CSCI 39534,Digital Image Processing,"(3, 3)",,Undergraduate,
AFPRL 39012,Digital Media and Africana Studies,"(3, 3)",,Undergraduate,
PH 40800,Digital Media and Health,"(3, 3)",,Undergraduate,
ARTCR 38200,Digital Photography,"(3, 3)",,Undergraduate,
PUPOL 30N03,"Digital Privacy, Surveillance, Security in the Pandemic Age: Implications for Public Policy","(3, 3)",,Undergraduate,
SOC 3251Z,"Digital Privacy, Surveillance, Security in the Pandemic Age: Implications for Public Policy","(3, 3)",,Undergraduate,
CSCI 39544,Digital Product Dev,"(3, 3)",,Undergraduate,
SOC 42543,Digital Public Health,"(3, 3)",,Undergraduate,
CSCI 39573,Digital Signal Processing,"(3, 3)",,Undergraduate,
AFPRL 21500,Digital Sources and Methodologies in Africana Studies,"(3, 3)",,Undergraduate,
ENGL 34301,Digital Storytelling,"(3, 3)",,Undergraduate,
ARTCR 36031,Digital Tools for Art,"(3, 3)",,Undergraduate,
POLSC 37395,Diplomacy,"(3, 3)",,Undergraduate,
PH 40200,Directed Fieldwork 2,"(2, 2)",,Undergraduate,
PH 40100,Directed Fieldwork I,"(3, 3)",,Undergraduate,
PH 40300,Directed Fieldwork III,"(3, 3)",,Undergraduate,
PH 41200,Directed Fieldwork Practicum,"(3, 3)",,Undergraduate,
POLSC 29102,Directed Research,"(2, 2)",,Undergraduate,
POLSC 29103,Directed Research,"(3, 3)",,Undergraduate,
THEA 37100,Directing 1,"(3, 3)",,Undergraduate,
THEA 37200,Directing II,"(3, 3)",,Undergraduate,
THEA 29758,Directing the Actor,"(3, 3)",,Undergraduate,
THEA 39749,Directing: Site Specific,"(3, 3)",,Undergraduate,
ANTHC 30N03,Disability and Culture,"(3, 3)",,Undergraduate,
PH 40028,Disability Std:Women,"(3, 3)",,Undergraduate,
ENGL 34600,Discourse Analysis,"(3, 3)",,Undergraduate,
ANTHC 40149,Discourse Analysis,"(3, 3)",,Undergraduate,
ANTHC 40176,Discourse Pragmatics,"(3, 3)",,Undergraduate,
HONS 30156,Discovery of Society,"(3, 3)",,Undergraduate,
STAT 21200,Discrete Probability,"(3, 3)",,Undergraduate,
CSCI 15000,Discrete Structures,"(4, 4)",,Undergraduate,
HIST 34193,Disease and Epidemics,"(3, 3)",,Undergraduate,
BIOL 47051,Disease Models,"(2, 2)",,Undergraduate,
SOC 3252S,"Displacement, War and Health","(3, 3)",,Undergraduate,
ENGL 32258,Dissident Desires and Pleasures in Bohemian New York,"(3, 3)",,Undergraduate,
HUM 15056,Distinguished Living Writers,"(3, 3)",,Undergraduate,
CSCI 49378,Distr Sys & Cloud,"(3, 3)",,Undergraduate,
CSCI 49387,Distributed AI,"(3, 3)",,Undergraduate,
SOC 42524,Diverse Children and Current National Policy Debates,"(3, 3)",,Undergraduate,
SOC 42513,Diverse Children and Public Policy Debate,"(3, 3)",,Undergraduate,
URBS 40319,"Diversity and the City: Deconstructing Race, Gender and Sexuality","(3, 3)",,Undergraduate,
ENGL 39892,Dn To The Sea In Shp,"(3, 3)",,Undergraduate,
ITAL 36050,Dntes Prse & Vta Nva,"(3, 3)",,Undergraduate,
ARTH 35120,Documentary Photography 1930's - Now,"(3, 3)",,Undergraduate,
MEDP 28100,Documentary Video Production 1,"(3, 3)",,Undergraduate,
MEDP 31100,Documentary Video Production 2,"(3, 3)",,Undergraduate,
ENGL 4941H,Doing Things with Novels,"(3, 3)",,Undergraduate,
ENGL 49008,Doing Things with Novels,"(3, 3)",,Undergraduate,
WGS 20050,Dom & Hait Lit & Cult,"(3, 3)",,Undergraduate,
AFPRL 29009,Dom & Haiti Literature Culture,"(3, 3)",,Undergraduate,
LACS 43403,Dom&Hait Lit&Cult,"(3, 3)",,Undergraduate,
LACS 33058,Dom/Trin Internship,"(3, 3)",,Undergraduate,
CHIN 40108,Domain Research in Chinese,"(3, 3)",,Undergraduate,
ENGL 39877,Domestic Fictions,"(3, 3)",,Undergraduate,
HR 22048,Domestic Violence and Human Rights,"(3, 3)",,Undergraduate,
ANTHC 32057,Domestication,"(3, 3)",,Undergraduate,
AFPRL 39015,Dominican & Haitian Society: Contemporary Issues,"(3, 3)",,Undergraduate,
LACS 43415,Dominican Identity,"(3, 3)",,Undergraduate,
AFPRL 29035,Dominican Identity,"(3, 3)",,Undergraduate,
AFPRL 29007,Dominican Literature,"(3, 3)",,Undergraduate,
LACS 43411,Dominican Literature,"(3, 3)",,Undergraduate,
AFPRL 29013,Dominican Migration,"(3, 3)",,Undergraduate,
AFPRL 29012,Dominican Thinkers,"(3, 3)",,Undergraduate,
COMPL 37151,Don Juan in Western Literature,"(3, 3)",,Undergraduate,
SPAN 26500,Don Quixote,"(3, 3)",,Undergraduate,
COMPL 38096,Don Quixote,"(3, 3)",,Undergraduate,
RUSS 25753,Dostoevski Stories,"(1, 1)",,Undergraduate,
RUSS 24654,Dostoevsky in Russian,"(3, 3)",,Undergraduate,
RUSS 25751,Dostoevsky: Possessed,"(1, 1)",,Undergraduate,
THEA 24400,Drama and Disability,"(3, 3)",,Undergraduate,
THEA 29764,Drama for Disabled,"(3, 3)",,Undergraduate,
THEA 29761,Drama for Disabled,"(2, 2)",,Undergraduate,
THEA 29762,Drama for Disabled 2,"(3, 3)",,Undergraduate,
THEA 29785,Drama for Dsabld:Lab,"(3, 3)",,Undergraduate,
THEA 29784,Drama for the Disbld,"(3, 3)",,Undergraduate,
COMPL 38158,Dramatic Transformations,"(3, 3)",,Undergraduate,
THEA 39789,Dramaturgy,"(3, 3)",,Undergraduate,
THEA 39748,Dramuturgical Impulse:The Questioning Spirit,"(3, 3)",,Undergraduate,
ARTCR 22100,Drawing,"(3, 3)",,Undergraduate,
ARTCR 36008,Drawing in Color,"(3, 3)",,Undergraduate,
ARTCR 36079,Drawing in Color,"(3, 3)",,Undergraduate,
COMPL 38086,Dream and Image,"(3, 3)",,Undergraduate,
FREN 25600,Dream and Image,"(3, 3)",,Undergraduate,
HUM 25071,Dreaming the Democratic City: From Ancient Greece to the New Times Square,"(3, 3)",,Undergraduate,
BIOL 47170,Dros:Mod Sys Euk Dev,"(2, 2)",,Undergraduate,
EDUC 400DA,Drug Abuse,"(3, 3)",,Undergraduate,
BIOL 47181,Drug Add:Neural Sen.,"(2, 2)",,Undergraduate,
HIST 3411E,"Drug Trafficing in the Americas: People, Politics and Policies","(3, 3)",,Undergraduate,
HED 30600,Drugs And Drug Dependencies,"(3, 3)",,Undergraduate,
SOC 32200,Drugs and Society,"(3, 3)",,Undergraduate,
BIOL 47085,Drugs of Abuse,"(2, 2)",,Undergraduate,
LACS 43476,"Drugs, Politics, and Public Policy","(3, 3)",,Undergraduate,
POLSC 28100,"Drugs, Politics, and Public Policy","(3, 3)",,Undergraduate,
BIOL 47195,Drugs: Changing Brain,"(3, 3)",,Undergraduate,
BIOL 47076,Drugs: Changing Brain,"(2, 2)",,Undergraduate,
THEA 29790,Dsgn Cncpt:Th Flm&TV,"(3, 3)",,Undergraduate,
ENGL 35813,Dubois and Goethe,"(3, 3)",,Undergraduate,
ARTH 45012,Duchamp's Telegram,"(3, 3)",,Undergraduate,
MUSPF 36107,Duke Ellington,"(1, 1)",,Undergraduate,
ARTCR 39902,Dutch Art,"(3, 3)",,Undergraduate,
MATH 35400,Dynamical Systems and Chaos,"(3, 3)",,Undergraduate,
ANTHC 30200,Dynamics of Cultural Change,"(3, 3)",,Undergraduate,
SOC 3251I,"Dynamics of Gender, Race and Class","(3, 3)",,Undergraduate,
ENGL 39887,E 20th C Am Wm Nvlts,"(3, 3)",,Undergraduate,
WGS 30027,E 20th C Am Wm Nvlts,"(3, 3)",,Undergraduate,
ENGL 38963,E. A. Poe,"(3, 3)",,Undergraduate,
POLSC 27386,E.Asia in World Pol,"(3, 3)",,Undergraduate,
ENGL 39895,Early 20th Century American Women Fiction,"(3, 3)",,Undergraduate,
ENGL 25157,Early 20th Century Fiction,"(3, 3)",,Undergraduate,
SPAN 35700,Early 20th-Century Spanish Literature,"(3, 3)",,Undergraduate,
ENGL 39853,Early American Drama,"(3, 3)",,Undergraduate,
ENGL 38570,Early American Drama,"(3, 3)",,Undergraduate,
ENGL 49499,Early American Literature,"(3, 3)",,Undergraduate,
HIST 34250,Early British History to 1689,"(3, 3)",,Undergraduate,
ECC 30000,Early Childhood Programs and Curricular Frameworks,"(3, 3)",,Undergraduate,
ECC 31100,Early Childhood Science and Inquiry-Based Learning,"(2, 2)",,Undergraduate,
CLA 24059,Early Christanity & Philoosphy,"(3, 3)",,Undergraduate,
PHILO 20087,Early Christianity and Philosophy,"(3, 3)",,Undergraduate,
FREN 24100,Early French Civilization: From Gothic to Revolution,"(3, 3)",,Undergraduate,
LACS 43490,Early History of Latin America,"(3, 3)",,Undergraduate,
HIST 27100,Early History of Latin America,"(3, 3)",,Undergraduate,
AFPRL 29093,Early History of Latin America,"(3, 3)",,Undergraduate,
ARTH 22000,Early Medieval Art,"(3, 3)",,Undergraduate,
WGSA 31957,Early Modern English Women,"(3, 3)",,Undergraduate,
ENGL 31957,Early Modern English Women,"(3, 3)",,Undergraduate,
HIST 12100,Early Modern Europe 1500 to 1815,"(3, 3)",,Undergraduate,
HIST 38216,Early Modern Spain,"(3, 3)",,Undergraduate,
ENGL 49018,Early Modern Women's Literature,"(3, 3)",,Undergraduate,
ENGL 4941W,Early Modern Women's Literature,"(3, 3)",,Undergraduate,
MUSPF 36255,Early Music Consort,"(2, 2)",,Undergraduate,
MUSPF 36256,Early Music Consort II,"(2, 2)",,Undergraduate,
POLSC 20430,Early Polish Theartre Art&Film,"(3, 3)",,Undergraduate,
HIST 32300,Early Science in Western Society: From Antiquity to 17th Century,"(3, 3)",,Undergraduate,
GEOL 38363,Earth Science Today,"(3, 3)",,Undergraduate,
PGEOG 25000,Earth Systems Science 1,"(4, 4)",,Undergraduate,
PGEOG 25100,Earth Systems Science II,"(4, 4)",,Undergraduate,
POLSC 38100,East Asia in World Politics,"(3, 3)",,Undergraduate,
HIST 27700,East Asia to 1600,"(3, 3)",,Undergraduate,
ASIAN 36002,East Asia to 1600,"(3, 3)",,Undergraduate,
HIST 27800,"East Asia, 1600 to the Present","(3, 3)",,Undergraduate,
ANTHC 20400,East Asia: Societies and Cultures,"(3, 3)",,Undergraduate,
POLSC 27224,East Euro Politics,"(3, 3)",,Undergraduate,
ANTHC 40180,East Europe in Transition,"(3, 3)",,Undergraduate,
RUSS 27100,East European Cinema,"(3, 3)",,Undergraduate,
GERMN 34800,East German Literature (1945 - 1990),"(3, 3)",,Undergraduate,
HONS 20196,East of Renaissance,"(3, 3)",,Undergraduate,
HIST 25005,Eastern Europe Since 1800,"(3, 3)",,Undergraduate,
LACS 43485,"Ec Dev:Soc Inqty, La","(3, 3)",,Undergraduate,
SOC 32574,"Ec Dev:Soc Inqty, La","(3, 3)",,Undergraduate,
ANTHC 40152,Ecol Land Use Settlement,"(3, 3)",,Undergraduate,
BIOL 20800,Ecology,"(3, 3)",,Undergraduate,
PGEOG 38306,Ecology of Global Change,"(3, 3)",,Undergraduate,
ECO 42100,Econometrics,"(3, 3)",,Undergraduate,
ECO 10300,Economic Background of Current Events,"(1, 1)",,Undergraduate,
LACS 43481,Economic Development,"(3, 3)",,Undergraduate,
ECO 33000,Economic Development,"(3, 3)",,Undergraduate,
ECO 33200,Economic Development of Western Europe,"(3, 3)",,Undergraduate,
ECO 49558,Economic Development Seminar,"(3, 3)",,Undergraduate,
GEOG 22100,Economic Geography and Globalization,"(3, 3)",,Undergraduate,
ECO 33100,Economic History,"(3, 3)",,Undergraduate,
AFPRL 27000,Economic History of Puerto Ricans,"(3, 3)",,Undergraduate,
ECO 29551,Economic Inequality,"(3, 3)",,Undergraduate,
ECO 22100,Economic Statistics,"(3, 3)",,Undergraduate,
ECO 32000,Economic Statistics 1,"(3, 3)",,Undergraduate,
ECO 35400,Economic System: Africa,"(3, 3)",,Undergraduate,
ECO 35300,Economic System: Asia,"(3, 3)",,Undergraduate,
ECO 39555,Economic Trans in Eastern Euro,"(3, 3)",,Undergraduate,
HR 22045,"Economic, Social, and Cultural Rights","(3, 3)",,Undergraduate,
ECO 29552,Economics & The Law,"(3, 3)",,Undergraduate,
ECO 29562,Economics in Narrative Film,"(3, 3)",,Undergraduate,
ECO 35900,Economics of Business Organization and Management,"(3, 3)",,Undergraduate,
ECO 29554,Economics of Poverty,"(3, 3)",,Undergraduate,
ECO 23300,Economics of the Media,"(3, 3)",,Undergraduate,
ECO 49578,Economics:Health Care,"(3, 3)",,Undergraduate,
ECO 29557,Economicss of Education,"(3, 3)",,Undergraduate,
ANTHC 30400,Economy and Culture,"(3, 3)",,Undergraduate,
URBS 40355,Economy of N.Y.City,"(3, 3)",,Undergraduate,
REL 31300,Ecospirituality: Religion and Nature,"(3, 3)",,Undergraduate,
ANTHP 40104,Ecosystems and Human Health,"(3, 3)",,Undergraduate,
ARTCR 36078,Edge of Art,"(3, 3)",,Undergraduate,
WGS 30074,Edith Wharton,"(3, 3)",,Undergraduate,
ENGL 38974,Edith Wharton,"(3, 3)",,Undergraduate,
ENGL 38601,Edith Wharton & Jane Austen: Fiction & Film Adaptation,"(3, 3)",,Undergraduate,
AFPRL 29036,Edu in Black & Latin Community,"(3, 3)",,Undergraduate,
EDFDN 32200,Educ of Minorities-U.S,"(3, 3)",,Undergraduate,
SOC 20300,Education,"(3, 3)",,Undergraduate,
HONS 20159,Education and Politics,"(3, 3)",,Undergraduate,
ANTHC 32095,Education in Africa,"(3, 3)",,Undergraduate,
URBS 40330,"Education, Politics & Race","(3, 3)",,Undergraduate,
URBS 4032A,Educational Planning and Policies,"(3, 3)",,Undergraduate,
SEDF 20500,Educational Psychology: Applications In Grades 7-12,"(2, 2)",,Undergraduate,
SEDF 22000,Educational Psychology: Learning and Motivation,"(3, 3)",,Undergraduate,
ARTH 20500,Egyptian Art,"(3, 3)",,Undergraduate,
ARTH 39920,Egyptian Art,"(3, 3)",,Undergraduate,
ARTH 31105,Egyptian Iconoclasm,"(3, 3)",,Undergraduate,
ARTH 24300,Eighteenth-Century Art,"(3, 3)",,Undergraduate,
SPAN 37128,El Cuento Fantastico Latino Americano,"(3, 3)",,Undergraduate,
ARTH 33102,El Greco,"(3, 3)",,Undergraduate,
ARTH 34105,El Greco: A Moden Old Master,"(3, 3)",,Undergraduate,
SPAN 37105,El Relato Policial Latino Americano,"(3, 3)",,Undergraduate,
PH 40040,Elec Media Health Care,"(3, 3)",,Undergraduate,
SOC 42534,Elec Media in Dev Cn,"(3, 3)",,Undergraduate,
PHYS 20400,Electric Circuits and Laboratory,"(4, 4)",,Undergraduate,
PHYS 36400,Electricity and Magnetism for Engineers,"(4, 4)",,Undergraduate,
PHYS 41600,Electromagnetic Theory 2,"(3, 3)",,Undergraduate,
PHYS 41500,Electromagnetic Theory I,"(3, 3)",,Undergraduate,
PHYS 22100,Electronics,"(4, 4)",,Undergraduate,
PHYS 42100,Electronics,"(4, 4)",,Undergraduate,
PHYS 22200,Electronics Laboratory,"(2, 2)",,Undergraduate,
LAT 31100,Elegiac Poets,"(3, 3)",,Undergraduate,
LAT 31100,Elegiac Poets,"(3, 3)",,Undergraduate,
MATH 120HS,Elem Func&Analytic Geom,"(3, 3)",,Undergraduate,
GERMN 10150,Elem German Workshop,"(1, 1)",,Undergraduate,
ITAL 10150,Elem Ital 1 Aud Vis,"(3, 3)",,Undergraduate,
ITAL 10250,Elem Ital 2 Aud Vis,"(3, 3)",,Undergraduate,
SPAN 10150,Elem Span 1 Aud Vis,"(3, 3)",,Undergraduate,
SPAN 10250,Elem Span 2 Aud Vis,"(3, 3)",,Undergraduate,
UKR 10100,Elem Ukrainian 1,"(3, 3)",,Undergraduate,
UKR 10200,Elem Ukrainian 2,"(3, 3)",,Undergraduate,
HEBR 25062,Elem Ydsh 1&2 Intens,"(6, 6)",,Undergraduate,
MUS P0102,Elem-Mus Hist & Lit,"(None, None)",,Undergraduate,
HEBR 10600,Elementary Biblical Hebrew 2,"(3, 3)",,Undergraduate,
HEBR 10500,Elementary Biblical Hebrew I,"(3, 3)",,Undergraduate,
CHIN 10200,Elementary Chinese 2,"(3, 3)",,Undergraduate,
CHIN 10400,Elementary Chinese Conversation 2,"(2, 2)",,Undergraduate,
CHIN 10300,Elementary Chinese Conversation I,"(2, 2)",,Undergraduate,
CHIN 10100,Elementary Chinese I,"(3, 3)",,Undergraduate,
FREN 10150,Elementary French 1 Audio Visual,"(3, 3)",,Undergraduate,
FREN 10200,Elementary French 2,"(3, 3)",,Undergraduate,
FREN 10100,Elementary French I,"(3, 3)",,Undergraduate,
FREN 101AV,Elementary French I Audio-Visual Method,"(3, 3)",,Undergraduate,
MATH 120EL,Elementary Functions,"(3, 3)",,Undergraduate,
GERMN 11100,Elementary German For Reading Purposes,"(3, 3)",,Undergraduate,
GERMN 10100,Elementary German I,"(3, 3)",,Undergraduate,
GERMN 10200,Elementary German II,"(3, 3)",,Undergraduate,
MUSPF 12100,Elementary Guitar I,"(1, 1)",,Undergraduate,
MUSPF 12200,Elementary Guitar II,"(1, 1)",,Undergraduate,
HEBR 10100,Elementary Hebrew 1,"(3, 3)",,Undergraduate,
HEBR 10400,Elementary Hebrew for Heritage Speakers,"(3, 3)",,Undergraduate,
HEBR 10200,Elementary Hebrew II,"(3, 3)",,Undergraduate,
ITAL 10100,Elementary Italian 1,"(3, 3)",,Undergraduate,
ITAL 10200,Elementary Italian 2,"(3, 3)",,Undergraduate,
ITAL 10251,Elementary Italian Conversation,"(2, 2)",,Undergraduate,
JPN 10100,Elementary Japanese I,"(3, 3)",,Undergraduate,
JPN 10200,Elementary Japanese II,"(3, 3)",,Undergraduate,
MUSPF 13100,Elementary Piano 1,"(1, 1)",,Undergraduate,
MUSPF 13200,Elementary Piano 2,"(1, 1)",,Undergraduate,
POL 10200,Elementary Polish,"(3, 3)",,Undergraduate,
POL 10100,Elementary Polish,"(3, 3)",,Undergraduate,
PORT 10200,Elementary Portuguese 2,"(3, 3)",,Undergraduate,
PORT 10100,Elementary Portuguese I,"(3, 3)",,Undergraduate,
STAT 11300,Elementary Probability and Statistics,"(3, 3)",,Undergraduate,
RUSS 10100,Elementary Russian,"(3, 3)",,Undergraduate,
RUSS 10300,Elementary Russian for Heritage Speakers (Intensive),"(6, 6)",,Undergraduate,
RUSS 10200,Elementary Russian II,"(3, 3)",,Undergraduate,
SPAN 10200,Elementary Spanish 2,"(3, 3)",,Undergraduate,
SPAN 10251,Elementary Spanish Conversation,"(2, 2)",,Undergraduate,
SPAN 10100,Elementary Spanish I,"(3, 3)",,Undergraduate,
MUSPF 11100,Elementary Voice 1,"(1, 1)",,Undergraduate,
MUSPF 11200,Elementary Voice 2,"(1, 1)",,Undergraduate,
HEBR 25063,Elementary Yiddish I,"(3, 3)",,Undergraduate,
POLSC 48065,Elite Alienation,"(3, 3)",,Undergraduate,
ENGL 38658,"Elliott, Modernism","(3, 3)",,Undergraduate,
SOC 42533,Eltrnc Med&Info Mkts,"(3, 3)",,Undergraduate,
ENGL 38364,Embodmnt&Gndr Mod Li,"(3, 3)",,Undergraduate,
THEA 39726,Embodying Shakespeare,"(3, 3)",,Undergraduate,
ENGL 39859,Emerson and Thoreau,"(3, 3)",,Undergraduate,
ENGL 39850,"Emerson,Thoreau","(3, 3)",,Undergraduate,
ENGL 25198,"Emerson,Thoreau","(3, 3)",,Undergraduate,
ENGL 38986,Emily Dickinson,"(3, 3)",,Undergraduate,
PSYCH 39043,Emotion Function and Dysfunction,"(3, 3)",,Undergraduate,
PSYCH 34200,Emotion: Function and Dysfunction,"(3, 3)",,Undergraduate,
SOC 42516,Emp Resrch:Internet,"(3, 3)",,Undergraduate,
ENGL 38575,Empire and Environment,"(3, 3)",,Undergraduate,
ENGL 49404,Empire and Media,"(3, 3)",,Undergraduate,
HONS 2011R,Empire and Print Culture,"(3, 3)",,Undergraduate,
ENGL 49408,Empire in Crisis,"(3, 3)",,Undergraduate,
SOC 32550,"Empire,Torture,Ident","(3, 3)",,Undergraduate,
URBS 4031F,Encountering the Latin America,"(3, 3)",,Undergraduate,
WGS 40062,Encounters W/The Oth,"(3, 3)",,Undergraduate,
HONS 20186,Encounters with the Other,"(3, 3)",,Undergraduate,
CLARC 32952,End of Bronze Age,"(3, 3)",,Undergraduate,
NURS 39999,End of Life Issues,"(3, 3)",,Undergraduate,
BIOL 37600,Endocrinology,"(3, 3)",,Undergraduate,
POLSC 24400,Energy and Environmental Politics and Public Policy,"(3, 3)",,Undergraduate,
GEOG 38325,Energy Policy,"(3, 3)",,Undergraduate,
POLSC 21790,Energy Politics & Policy,"(3, 3)",,Undergraduate,
HONS 30131,Energy&Environ,"(3, 3)",,Undergraduate,
HIST 14164,"Energy, Environmental & Social Change","(3, 3)",,Undergraduate,
ENGL 5,Eng Bi-Ling Stdnts 3,"(2, 2)",,Undergraduate,
HIST 34166,Eng Colonies in Amer,"(3, 3)",,Undergraduate,
HIST 49261,Eng in 18C (Honors),"(3, 3)",,Undergraduate,
HIST 38256,Eng in 18th Century,"(3, 3)",,Undergraduate,
ENGL 31750,Eng Lang: South Asian Literature,"(3, 3)",,Undergraduate,
HIST 49258,Eng-Age of Am&Fr Rev,"(3, 3)",,Undergraduate,
HIST 48453,Eng-Am&Fr Rev (Hons),"(3, 3)",,Undergraduate,
ENGL 32968,Engl:Cros Clt Lang,"(3, 3)",,Undergraduate,
HIST 38456,England - 17 Century,"(3, 3)",,Undergraduate,
HIST 34300,England under the Tudors and Stuarts,"(3, 3)",,Undergraduate,
ARTH 45015,England/France 19th Century,"(3, 3)",,Undergraduate,
ENGL 34800,English Across The World,"(3, 3)",,Undergraduate,
ENGL 33356,English Across World,"(3, 3)",,Undergraduate,
ENGL 4SL,English Bilingual Students II,"(1, 1)",,Undergraduate,
ENGL 22100,English Composition,"(4, 4)",,Undergraduate,
ENGL 33352,English Crosscultural Language,"(3, 3)",,Undergraduate,
ENGL 36200,English Drama of Restoration and 18th Century,"(3, 3)",,Undergraduate,
ENGL 35900,English Drama to 1642,"(3, 3)",,Undergraduate,
ENGL 5SL,English for Bilingual Students 3,"(2, 2)",,Undergraduate,
HIST 48456,English in 17th Century (Honors),"(3, 3)",,Undergraduate,
MUSPF 36201,Ensemble Middle East,"(2, 2)",,Undergraduate,
THEA 39776,Ensemble U.S Theatre,"(3, 3)",,Undergraduate,
FILMP 23900,Entertainment Journal,"(3, 3)",,Undergraduate,
MEDPL 23900,Entertainment Journalism,"(3, 3)",,Undergraduate,
PSYCH 39063,Enviornmental Psych,"(3, 3)",,Undergraduate,
EDUC 40056,Enviromental Science,"(3, 3)",,Undergraduate,
POLSC 27354,Environment and Development,"(3, 3)",,Undergraduate,
AFPRL 39096,Environment Global & Culture,"(3, 3)",,Undergraduate,
HIST 25070,Environmental and Social Change in U.S,"(3, 3)",,Undergraduate,
ANTHC 32044,Environmental Archeology,"(3, 3)",,Undergraduate,
GEOG 22600,Environmental Conservation: Resource Management,"(3, 3)",,Undergraduate,
GEOG 22700,Environmental Conservation: Urban Problems,"(3, 3)",,Undergraduate,
GTECH 38518,Environmental Data Science,"(3, 3)",,Undergraduate,
GEOG 38324,Environmental Economics,"(3, 3)",,Undergraduate,
ECO 39556,Environmental Economics,"(3, 3)",,Undergraduate,
PHILO 20088,Environmental Ethics,"(3, 3)",,Undergraduate,
GEOG 38328,Environmental Ethics,"(3, 3)",,Undergraduate,
GEOL 20500,Environmental Geology,"(3, 3)",,Undergraduate,
ANTHC 40183,Environmental Global & Culture,"(3, 3)",,Undergraduate,
PGEOG 36300,Environmental Hazards,"(3, 3)",,Undergraduate,
HR 22018,Environmental Human Rights & Sustainability,"(3, 3)",,Undergraduate,
PHILO 39487,Environmental Justice,"(3, 3)",,Undergraduate,
GEOG 38399,Environmental Justice,"(3, 3)",,Undergraduate,
ANTHC 32021,Environmental Justice & Health,"(3, 3)",,Undergraduate,
BIOL 30400,Environmental Microbiology,"(3, 3)",,Undergraduate,
GEOG 28303,Environmental Philosophy,"(3, 3)",,Undergraduate,
PHILO 25500,Environmental Philosophy,"(3, 3)",,Undergraduate,
PHILO 20093,Environmental Philosophy,"(3, 3)",,Undergraduate,
GEOG 38390,Environmental Policy,"(3, 3)",,Undergraduate,
POLSC 20408,Environmental Political Theory,"(3, 3)",,Undergraduate,
POLSC 30450,Environmental Political Thought,"(3, 3)",,Undergraduate,
PSYCH 29550,Environmental Psych,"(3, 3)",,Undergraduate,
PH 32500,Environmental Public Health Problems,"(3, 3)",,Undergraduate,
SOC 3251N,Environmental Sociology,"(3, 3)",,Undergraduate,
MEDP 39903,"Environmental, Urban and Health Journalism","(3, 3)",,Undergraduate,
FREN 36002,Epistolary Novel,"(3, 3)",,Undergraduate,
HR 22032,Equality and Human Rights,"(3, 3)",,Undergraduate,
GERMN 32057,Erich Kaestner,"(3, 3)",,Undergraduate,
WGS 30001,Erly 20C Am Wmn Fict,"(3, 3)",,Undergraduate,
ENGL 38990,Ernest Hemingway,"(3, 3)",,Undergraduate,
CSCI 49360,Error Crtng Codes,"(3, 3)",,Undergraduate,
MATH 20SP,Essen Elem Algebra,"(None, None)",,Undergraduate,
ACSK 1000,Essen of Basic Arith,"(None, None)",,Undergraduate,
CHEM 100RC,Essen of General Chem Recit,"(None, None)",,Undergraduate,
CHEM 101LB,Essential of General Chem-Lab,"(2, 2)",,Undergraduate,
ACSK 1300,Essentials of Algebra,"(1, 1)",,Undergraduate,
BUS 23000,Essentials of Business Law,"(3, 3)",,Undergraduate,
CHEM 10000,Essentials of General Chemistry (Lecture),"(3, 3)",,Undergraduate,
CHEM 12000,Essentials of Organic Chemistry (Lec),"(3, 3)",,Undergraduate,
CHEM 12100,Essentials of Organic Chemistry -Lab,"(2, 2)",,Undergraduate,
ECO 49577,Estate & Gift Taxation,"(3, 3)",,Undergraduate,
ECO 47400,Estate & Gift Taxes,"(3, 3)",,Undergraduate,
FREN 36617,Esthétique du Cinéma,"(3, 3)",,Undergraduate,
SOC 21751,Ethic & Race Relations,"(3, 3)",,Undergraduate,
SCI 30200,Ethical Conduct in the Natural and Physical Sciences,"(2, 2)",,Undergraduate,
COMPL 38156,Ethical Imagination,"(3, 3)",,Undergraduate,
PHILO 25400,Ethical Issues in Biology and Medical Care,"(3, 3)",,Undergraduate,
NURS 39956,Ethical Issues in Nursing,"(3, 3)",,Undergraduate,
NURS 34200,Ethical Issues in Nursing Practice,"(3, 3)",,Undergraduate,
PHILO 200G,Ethics & Economics,"(3, 3)",,Undergraduate,
PHILO 20056,Ethics & Economics,"(3, 3)",,Undergraduate,
PHILO 20056,Ethics & Economics,"(3, 3)",,Undergraduate,
POLSC 30472,Ethics & Int'l Affairs,"(3, 3)",,Undergraduate,
POLSC 30471,Ethics & Pol Eco,"(3, 3)",,Undergraduate,
PHILO 39463,Ethics & Polit Eco,"(3, 3)",,Undergraduate,
MEDIA 29941,Ethics and Artificial Intelligence,"(3, 3)",,Undergraduate,
HONS 3012A,Ethics and Biotechnology,"(3, 3)",,Undergraduate,
POLSC 27388,Ethics in International Politics,"(3, 3)",,Undergraduate,
PH 40056,Ethics in Public Health,"(3, 3)",,Undergraduate,
PHILO 20080,Ethics of War & Peace,"(3, 3)",,Undergraduate,
PHILO 39480,Ethics of War and Violence,"(3, 3)",,Undergraduate,
HONS 20146,Ethics Pub Hl,"(3, 3)",,Undergraduate,
PHILO 39464,Ethics&Int'l Affairs,"(3, 3)",,Undergraduate,
ANTHC 32023,"Ethics, Morality and Culture","(3, 3)",,Undergraduate,
PSYCH 39052,Ethn & Cult Ident Theory,"(3, 3)",,Undergraduate,
SOC 57233,Ethn & Race Rel US,"(3, 3)",,Undergraduate,
POLSC 37255,Ethn&Natlsm-Pst War,"(3, 3)",,Undergraduate,
WGS 40063,Ethncty;Gen & Disease,"(3, 3)",,Undergraduate,
SOC 23300,Ethnic & Race Rel US,"(3, 3)",,Undergraduate,
PSYCH 35500,Ethnic and Cultural Identity Theories,"(3, 3)",,Undergraduate,
DAN 25353,Ethnic Dance/Capoera,"(2, 2)",,Undergraduate,
MEDP 39931,Ethnic News Rprtng,"(3, 3)",,Undergraduate,
ENGL 32973,Ethnicity & American English,"(3, 3)",,Undergraduate,
AFPRL 39099,Ethnicity & American English,"(3, 3)",,Undergraduate,
ANTHC 22500,Ethnicity & Nationalism,"(3, 3)",,Undergraduate,
ANTHC 40054,Ethnicity Gender & Disease,"(3, 3)",,Undergraduate,
ANTHC 40178,Ethno: Near East,"(3, 3)",,Undergraduate,
ANTHC 42656,Ethnoarchaeology,"(3, 3)",,Undergraduate,
ANTHC 32122,"Ethnobotany: Plants, Medicine, and People","(3, 3)",,Undergraduate,
ANTHC 32556,Ethnography of China and East Asia,"(3, 3)",,Undergraduate,
ANTHC 40153,Ethnol of Mediterrn,"(3, 3)",,Undergraduate,
ANTHC 32158,Ethnol of the US,"(3, 3)",,Undergraduate,
ANTHC 40171,Ethnology of Africa,"(3, 3)",,Undergraduate,
ANTHC 40051,Ethnology of Middle East,"(3, 3)",,Undergraduate,
LACS 43453,Ethnology: Latin America,"(3, 3)",,Undergraduate,
ANTHC 32096,Ethnology: South America,"(3, 3)",,Undergraduate,
ANTHC 32067,Ethnology:Latin America,"(3, 3)",,Undergraduate,
POLSC 37387,Ethnontinlsm & Confl,"(3, 3)",,Undergraduate,
POLSC 48014,Ethnontionism & Conf,"(3, 3)",,Undergraduate,
PSYCH 22500,Ethology: Animal Behavior,"(3, 3)",,Undergraduate,
ENGL 38962,Eugene O'Neill,"(3, 3)",,Undergraduate,
HIST 25050,Eur Cities in 19th C,"(3, 3)",,Undergraduate,
HIST 38452,Eur Cult 1500-1815,"(3, 3)",,Undergraduate,
HIST 48452,Eur Cult 1500-1815,"(3, 3)",,Undergraduate,
HIST 38451,Eur Diplmcy in 20C,"(3, 3)",,Undergraduate,
HIST 48451,Eur Diplmcy in 20C,"(3, 3)",,Undergraduate,
HIST 48455,Eur Explor & Dscvr-Hnr,"(3, 3)",,Undergraduate,
POLSC 37261,Eur Fascist Movemnts,"(3, 3)",,Undergraduate,
GRK 30200,Euripides,"(3, 3)",,Undergraduate,
CLA 30605,"Euripides’ Bacchae: Literary, Cultural and Historical Context and Later Reception","(3, 3)",,Undergraduate,
MUSHL 26112,Euro Art Music,"(3, 3)",,Undergraduate,
HIST 32600,Europe 1815-1914,"(3, 3)",,Undergraduate,
HIST 32500,Europe in the Age of Absolutism and Revolution,"(3, 3)",,Undergraduate,
HIST 38229,Europe in the Age of Extremes 1918-1945,"(3, 3)",,Undergraduate,
HIST 32400,Europe in the Age of Renaissance and Reformation,"(3, 3)",,Undergraduate,
HIST 25007,Europe in the Age of Total War: 1900-1963,"(3, 3)",,Undergraduate,
HIST 31100,Europe in the Early Middle Ages,"(3, 3)",,Undergraduate,
HIST 31200,Europe in the High Middle Ages,"(3, 3)",,Undergraduate,
HIST 31300,Europe in the Late Middle Ages,"(3, 3)",,Undergraduate,
HIST 25090,Europe in the Late Middle Ages,"(3, 3)",,Undergraduate,
HIST 32700,Europe Since 1914,"(3, 3)",,Undergraduate,
POLSC 27296,European Community,"(3, 3)",,Undergraduate,
HIST 33100,"European Culture in the 16th, 17th, and 18th Centuries","(3, 3)",,Undergraduate,
ANTHC 32156,European Race Reltns,"(3, 3)",,Undergraduate,
POLSC 48007,European Security,"(3, 3)",,Undergraduate,
POLSC 38000,European Security,"(4, 4)",,Undergraduate,
POLSC 37363,European Security,"(3, 3)",,Undergraduate,
COMPL 38159,"European Tradition in Russian Satire: Swift, Dickens, Gogol, Shchedrin, Bulgakov","(3, 3)",,Undergraduate,
RUSS 24667,"European Tradition to Russian Satire: Swift, Dickens, Gogol, Shehedrin, Bulgakov","(3, 3)",,Undergraduate,
GEOG 30601,European Union,"(3, 3)",,Undergraduate,
SOC 42517,Evaluation Workshop,"(3, 3)",,Undergraduate,
STAT 29552,Evening the Odds,"(3, 3)",,Undergraduate,
STAT 11050,Evening the Odds,"(3, 3)",,Undergraduate,
HIST 38221,Everyday Pleasures,"(3, 3)",,Undergraduate,
HONS 3011F,Evidence and Inference: How Do We Know What We Know?,"(3, 3)",,Undergraduate,
REL 30656,Evil,"(3, 3)",,Undergraduate,
HONS 30126,Evol & Its Critics,"(3, 3)",,Undergraduate,
BIOL 47176,Evol of Infec Diseas,"(2, 2)",,Undergraduate,
PSYCH 39085,Evol of Soc Behavior,"(3, 3)",,Undergraduate,
HONS 30136,Evol Soc Behavr,"(3, 3)",,Undergraduate,
ANTHP 31500,Evolu of Human Natur,"(3, 3)",,Undergraduate,
BIOL 32200,Evolution,"(3, 3)",,Undergraduate,
PSYCH 16000,Evolution & Behavior,"(3, 3)",,Undergraduate,
BIOL 47079,Evolution & Behavior,"(2, 2)",,Undergraduate,
ANTHP 40103,Evolution and Cognition,"(3, 3)",,Undergraduate,
HONS 30145,Evolution and the Social Animal,"(3, 3)",,Undergraduate,
ANTHP 40175,Evolution Morphology Foundations,"(3, 3)",,Undergraduate,
BIOL 47078,Evolution of Biology,"(2, 2)",,Undergraduate,
ANTHP 40172,Evolution of Human Nature,"(3, 3)",,Undergraduate,
ANTHP 40150,Evolution of the Human Brain,"(3, 3)",,Undergraduate,
ANTHP 30500,Evolution of The Human Skeleton,"(3, 3)",,Undergraduate,
COMPL 32158,Evolution:Narrative,"(3, 3)",,Undergraduate,
ANTHP 40107,Evolutionary Medicine,"(3, 3)",,Undergraduate,
URBS 40381,Examin Urban Utopias,"(3, 3)",,Undergraduate,
PSYCH 21200,Exceptional Childhoods,"(3, 3)",,Undergraduate,
WGS 30081,Excision in African Women's Experiential Literature,"(3, 3)",,Undergraduate,
ENGL 31950,Excsn:Afican Women Exp Lit,"(3, 3)",,Undergraduate,
COMPL 38060,Exile & The Writer,"(3, 3)",,Undergraduate,
FREN 36010,"Exile, Nomadism & Immigration","(3, 3)",,Undergraduate,
PHILO 22800,Existentialism,"(3, 3)",,Undergraduate,
PHILO 20090,Existentialism:Lit,"(3, 3)",,Undergraduate,
COMPL 38067,Existentialist Novel,"(3, 3)",,Undergraduate,
RUSS 25699,Existentialist Novel,"(3, 3)",,Undergraduate,
ARTCR 36004,Experiment:Photo & Graphic,"(3, 3)",,Undergraduate,
FILM 23200,Experimental Film and Video,"(3, 3)",,Undergraduate,
NFS 43100,Experimental Foods,"(3, 3)",,Undergraduate,
THEA 39794,Experimental Perf,"(3, 3)",,Undergraduate,
MEDPL 31600,Experimental Production,"(3, 3)",,Undergraduate,
FILPL 31600,Experimental Production,"(3, 3)",,Undergraduate,
PSYCH 25000,Experimental Psychology: General,"(4, 4)",,Undergraduate,
PSYCH 24900,Experimental Psychology: Social,"(4, 4)",,Undergraduate,
MATH 10N00,Experimental Studies in Math,"(0, 6)",,Undergraduate,
ARTCR 40N00,Experimental Studies in Studio Art,"(1, 6)",,Undergraduate,
ARTH 20N01,Experimental Studies: Chinese Painting & Calligraphy,"(3, 3)",,Undergraduate,
NURS 40N01,Experimental Studies: Global Health Nursing Service Learning Elective,"(3, 3)",,Undergraduate,
ARTH 30N01,Experimental Studies: History of Design,"(3, 3)",,Undergraduate,
ARTCR 30N02,Experimental Studies: Honors Course in Painting,"(3, 3)",,Undergraduate,
BIOL 23100,Experimental Studies: Survey of Microbiology with Case Studies,"(3, 3)",,Undergraduate,
ARTH 40N00,Experimental Topics in Art History,"(1, 6)",,Undergraduate,
ENGL 39253,Experimental US Poetry and Poetics,"(3, 3)",,Undergraduate,
MUSPF 36357,Experiments in Interdisciplinary Performance,"(3, 3)",,Undergraduate,
MUSPF 36357,Experiments in Interdisciplinary Performance,"(3, 3)",,Undergraduate,
ENGL 49416,Exploding Modernisms: The Nobel Prize in/and Literature,"(3, 3)",,Undergraduate,
CHEM 38859,Exploration in Science-Based Case Studies,"(3, 3)",,Undergraduate,
PHYS 30N01,Exploration in Science-Based Case Studies,"(3, 3)",,Undergraduate,
ANTHC 32071,Explorations in Anthropology,"(3, 3)",,Undergraduate,
HUM 20100,Explorations in the Arts,"(3, 3)",,Undergraduate,
HUM 25072,Explorations in The Arts (Level 2),"(3, 3)",,Undergraduate,
HUM 20N06,Explorations in the Arts - Internship - Level 2 - (2 credits),"(2, 2)",,Undergraduate,
HUM 20N07,Explorations in the Arts - Internship - Level 2 - (3 credits),"(3, 3)",,Undergraduate,
URBS 40391,Exploring Public Space.,"(3, 3)",,Undergraduate,
ENGL 12000,Expository Writing,"(3, 3)",,Undergraduate,
ENGL 120HS,Expository Writing,"(3, 3)",,Undergraduate,
CLA 30660,Eye of the Beholder,"(3, 3)",,Undergraduate,
ENGL 39061,Eye-Jugglers and Seers,"(3, 3)",,Undergraduate,
ENGL 38972,F.Scott Fitzgerald,"(3, 3)",,Undergraduate,
ARTCR 20600,Fabric and Fiber Design,"(3, 3)",,Undergraduate,
ENGL 39994,Failure in American Literature,"(3, 3)",,Undergraduate,
ENGL 38366,Fairies in Renaissance Lit,"(3, 3)",,Undergraduate,
REL 20500,Faith and Disbelief,"(3, 3)",,Undergraduate,
PHILO 20003,Faith and Disbelief,"(3, 3)",,Undergraduate,
REL 26159,Faith and Reason,"(3, 3)",,Undergraduate,
HONS 20194,Fall Rom Empir,"(3, 3)",,Undergraduate,
HIST 34150,Fam & Hsehld: Anth & Hist,"(3, 3)",,Undergraduate,
WGS 30089,Fam & Hsehld:Anth & Hist,"(3, 3)",,Undergraduate,
WGS 3001B,Family & Household in Anthropology & History,"(3, 3)",,Undergraduate,
ANTHC 32200,Family & Household in Anthropology & History,"(3, 3)",,Undergraduate,
WGS 20065,Family & Sex and Violence,"(3, 3)",,Undergraduate,
HONS 30181,Family Affairs,"(3, 3)",,Undergraduate,
ECO 16500,Family Finance,"(2, 2)",,Undergraduate,
WGSL 29009,Family Migration and the Law,"(3, 3)",,Undergraduate,
POLSC 29417,Family Migration and the Law,"(3, 3)",,Undergraduate,
MEDIA 39700,Fandom and Television,"(3, 3)",,Undergraduate,
ARTH 39931,Far Eastern Undergrad Seminar,"(3, 3)",,Undergraduate,
ENGL 39981,"Fascism,Socialism and Modernism","(3, 3)",,Undergraduate,
POLSC 27212,Fascist/Neo-Fascist Movements,"(3, 3)",,Undergraduate,
POLSC 37299,Fascist/Neo-Fascist Movements,"(3, 3)",,Undergraduate,
AFPRL 29074,Fashion and Identity in Slavery and Freedom,"(3, 3)",,Undergraduate,
ENGL 39083,Fashion Victims,"(3, 3)",,Undergraduate,
SOC 32532,Fatherhood & The Black Family,"(3, 3)",,Undergraduate,
ENGL 38951,Faulkner,"(3, 3)",,Undergraduate,
ENGL 39985,Faulkner & Morrison,"(3, 3)",,Undergraduate,
ANTHC 42653,Faunal Analysis,"(3, 3)",,Undergraduate,
HONS 2011X,Faust: Dark Myth of Modernity,"(3, 3)",,Undergraduate,
COMPL 38044,"Faust: Mar, Goeth and Mann","(3, 3)",,Undergraduate,
ENGL 35844,"Faust: Mar, Goeth and Mann","(3, 3)",,Undergraduate,
GERMN 37954,"Faust: Mar, Goeth and Mann","(3, 3)",,Undergraduate,
ENGL 35844,"Faust: Mar, Goeth and Mann","(3, 3)",,Undergraduate,
COMPL 38044,"Faust: Mar, Goeth and Mann","(3, 3)",,Undergraduate,
COMPL 38044,"Faust: Mar, Goeth and Mann","(3, 3)",,Undergraduate,
COMPL 38044,"Faust: Mar, Goeth and Mann","(3, 3)",,Undergraduate,
COMPL 38044,"Faust: Mar, Goeth and Mann","(3, 3)",,Undergraduate,
ENGL 35844,"Faust: Mar, Goeth and Mann","(3, 3)",,Undergraduate,
COMPL 38044,"Faust: Mar, Goeth and Mann","(3, 3)",,Undergraduate,
GERMN 37954,"Faust: Mar, Goeth and Mann","(3, 3)",,Undergraduate,
GERMN 37954,"Faust: Mar, Goeth and Mann","(3, 3)",,Undergraduate,
GERMN 37954,"Faust: Mar, Goeth and Mann","(3, 3)",,Undergraduate,
ENGL 35844,"Faust: Mar, Goeth and Mann","(3, 3)",,Undergraduate,
COMPL 38044,"Faust: Mar, Goeth and Mann","(3, 3)",,Undergraduate,
GERMN 37954,"Faust: Mar, Goeth and Mann","(3, 3)",,Undergraduate,
COMPL 38044,"Faust: Mar, Goeth and Mann","(3, 3)",,Undergraduate,
GERMN 37954,"Faust: Mar, Goeth and Mann","(3, 3)",,Undergraduate,
COMPL 38044,"Faust: Mar, Goeth and Mann","(3, 3)",,Undergraduate,
GERMN 37954,"Faust: Mar, Goeth and Mann","(3, 3)",,Undergraduate,
COMPL 38044,"Faust: Mar, Goeth and Mann","(3, 3)",,Undergraduate,
GERMN 37954,"Faust: Mar, Goeth and Mann","(3, 3)",,Undergraduate,
GERMN 37954,"Faust: Mar, Goeth and Mann","(3, 3)",,Undergraduate,
ENGL 35844,"Faust: Mar, Goeth and Mann","(3, 3)",,Undergraduate,
COMPL 38044,"Faust: Mar, Goeth and Mann","(3, 3)",,Undergraduate,
COMPL 38044,"Faust: Mar, Goeth and Mann","(3, 3)",,Undergraduate,
GERMN 37954,"Faust: Mar, Goeth and Mann","(3, 3)",,Undergraduate,
COMPL 38044,"Faust: Mar, Goeth and Mann","(3, 3)",,Undergraduate,
COMPL 38044,"Faust: Mar, Goeth and Mann","(3, 3)",,Undergraduate,
GERMN 37954,"Faust: Mar, Goeth and Mann","(3, 3)",,Undergraduate,
GERMN 37954,"Faust: Mar, Goeth and Mann","(3, 3)",,Undergraduate,
COMPL 38044,"Faust: Mar, Goeth and Mann","(3, 3)",,Undergraduate,
ENGL 35844,"Faust: Mar, Goeth and Mann","(3, 3)",,Undergraduate,
GERMN 37954,"Faust: Mar, Goeth and Mann","(3, 3)",,Undergraduate,
COMPL 38044,"Faust: Mar, Goeth and Mann","(3, 3)",,Undergraduate,
COMPL 38044,"Faust: Mar, Goeth and Mann","(3, 3)",,Undergraduate,
GERMN 37954,"Faust: Mar, Goeth and Mann","(3, 3)",,Undergraduate,
COMPL 38044,"Faust: Mar, Goeth and Mann","(3, 3)",,Undergraduate,
COMPL 38044,"Faust: Mar, Goeth and Mann","(3, 3)",,Undergraduate,
GERMN 37954,"Faust: Mar, Goeth and Mann","(3, 3)",,Undergraduate,
COMPL 38044,"Faust: Mar, Goeth and Mann","(3, 3)",,Undergraduate,
GERMN 37954,"Faust: Mar, Goeth and Mann","(3, 3)",,Undergraduate,
ENGL 35844,"Faust: Mar, Goeth and Mann","(3, 3)",,Undergraduate,
GERMN 37954,"Faust: Mar, Goeth and Mann","(3, 3)",,Undergraduate,
COMPL 38044,"Faust: Mar, Goeth and Mann","(3, 3)",,Undergraduate,
ENGL 35844,"Faust: Mar, Goeth and Mann","(3, 3)",,Undergraduate,
GERMN 37954,"Faust: Mar, Goeth and Mann","(3, 3)",,Undergraduate,
ENGL 35844,"Faust: Mar, Goeth and Mann","(3, 3)",,Undergraduate,
GERMN 37954,"Faust: Mar, Goeth and Mann","(3, 3)",,Undergraduate,
COMPL 38044,"Faust: Mar, Goeth and Mann","(3, 3)",,Undergraduate,
GERMN 37954,"Faust: Mar, Goeth and Mann","(3, 3)",,Undergraduate,
ENGL 35844,"Faust: Mar, Goeth and Mann","(3, 3)",,Undergraduate,
ENGL 35844,"Faust: Mar, Goeth and Mann","(3, 3)",,Undergraduate,
ENGL 35844,"Faust: Mar, Goeth and Mann","(3, 3)",,Undergraduate,
ENGL 35844,"Faust: Mar, Goeth and Mann","(3, 3)",,Undergraduate,
COMPL 38044,"Faust: Mar, Goeth and Mann","(3, 3)",,Undergraduate,
GERMN 37954,"Faust: Mar, Goeth and Mann","(3, 3)",,Undergraduate,
COMPL 38044,"Faust: Mar, Goeth and Mann","(3, 3)",,Undergraduate,
ENGL 35844,"Faust: Mar, Goeth and Mann","(3, 3)",,Undergraduate,
COMPL 38044,"Faust: Mar, Goeth and Mann","(3, 3)",,Undergraduate,
COMPL 38044,"Faust: Mar, Goeth and Mann","(3, 3)",,Undergraduate,
GERMN 37954,"Faust: Mar, Goeth and Mann","(3, 3)",,Undergraduate,
GERMN 37954,"Faust: Mar, Goeth and Mann","(3, 3)",,Undergraduate,
GERMN 37954,"Faust: Mar, Goeth and Mann","(3, 3)",,Undergraduate,
COMPL 38044,"Faust: Mar, Goeth and Mann","(3, 3)",,Undergraduate,
COMPL 38044,"Faust: Mar, Goeth and Mann","(3, 3)",,Undergraduate,
COMPL 38044,"Faust: Mar, Goeth and Mann","(3, 3)",,Undergraduate,
GERMN 37954,"Faust: Mar, Goeth and Mann","(3, 3)",,Undergraduate,
COMPL 38044,"Faust: Mar, Goeth and Mann","(3, 3)",,Undergraduate,
ENGL 35844,"Faust: Mar, Goeth and Mann","(3, 3)",,Undergraduate,
ENGL 35844,"Faust: Mar, Goeth and Mann","(3, 3)",,Undergraduate,
ENGL 35844,"Faust: Mar, Goeth and Mann","(3, 3)",,Undergraduate,
GERMN 37954,"Faust: Mar, Goeth and Mann","(3, 3)",,Undergraduate,
GERMN 37954,"Faust: Mar, Goeth and Mann","(3, 3)",,Undergraduate,
COMPL 38044,"Faust: Mar, Goeth and Mann","(3, 3)",,Undergraduate,
ENGL 35844,"Faust: Mar, Goeth and Mann","(3, 3)",,Undergraduate,
COMPL 38044,"Faust: Mar, Goeth and Mann","(3, 3)",,Undergraduate,
COMPL 38044,"Faust: Mar, Goeth and Mann","(3, 3)",,Undergraduate,
COMPL 38044,"Faust: Mar, Goeth and Mann","(3, 3)",,Undergraduate,
COMPL 38044,"Faust: Mar, Goeth and Mann","(3, 3)",,Undergraduate,
GERMN 37954,"Faust: Mar, Goeth and Mann","(3, 3)",,Undergraduate,
ENGL 35844,"Faust: Mar, Goeth and Mann","(3, 3)",,Undergraduate,
GERMN 37954,"Faust: Mar, Goeth and Mann","(3, 3)",,Undergraduate,
ENGL 35844,"Faust: Mar, Goeth and Mann","(3, 3)",,Undergraduate,
ENGL 35844,"Faust: Mar, Goeth and Mann","(3, 3)",,Undergraduate,
GERMN 37954,"Faust: Mar, Goeth and Mann","(3, 3)",,Undergraduate,
COMPL 38044,"Faust: Mar, Goeth and Mann","(3, 3)",,Undergraduate,
COMPL 38044,"Faust: Mar, Goeth and Mann","(3, 3)",,Undergraduate,
ENGL 35844,"Faust: Mar, Goeth and Mann","(3, 3)",,Undergraduate,
COMPL 38044,"Faust: Mar, Goeth and Mann","(3, 3)",,Undergraduate,
GERMN 37954,"Faust: Mar, Goeth and Mann","(3, 3)",,Undergraduate,
COMPL 38044,"Faust: Mar, Goeth and Mann","(3, 3)",,Undergraduate,
GERMN 37954,"Faust: Mar, Goeth and Mann","(3, 3)",,Undergraduate,
COMPL 38044,"Faust: Mar, Goeth and Mann","(3, 3)",,Undergraduate,
COMPL 38044,"Faust: Mar, Goeth and Mann","(3, 3)",,Undergraduate,
ENGL 35844,"Faust: Mar, Goeth and Mann","(3, 3)",,Undergraduate,
COMPL 38044,"Faust: Mar, Goeth and Mann","(3, 3)",,Undergraduate,
GERMN 37954,"Faust: Mar, Goeth and Mann","(3, 3)",,Undergraduate,
GERMN 37954,"Faust: Mar, Goeth and Mann","(3, 3)",,Undergraduate,
COMPL 38044,"Faust: Mar, Goeth and Mann","(3, 3)",,Undergraduate,
COMPL 38044,"Faust: Mar, Goeth and Mann","(3, 3)",,Undergraduate,
COMPL 38044,"Faust: Mar, Goeth and Mann","(3, 3)",,Undergraduate,
GERMN 37954,"Faust: Mar, Goeth and Mann","(3, 3)",,Undergraduate,
GERMN 37954,"Faust: Mar, Goeth and Mann","(3, 3)",,Undergraduate,
GERMN 37954,"Faust: Mar, Goeth and Mann","(3, 3)",,Undergraduate,
ENGL 35844,"Faust: Mar, Goeth and Mann","(3, 3)",,Undergraduate,
ENGL 35844,"Faust: Mar, Goeth and Mann","(3, 3)",,Undergraduate,
COMPL 38044,"Faust: Mar, Goeth and Mann","(3, 3)",,Undergraduate,
GERMN 37954,"Faust: Mar, Goeth and Mann","(3, 3)",,Undergraduate,
COMPL 38044,"Faust: Mar, Goeth and Mann","(3, 3)",,Undergraduate,
COMPL 38044,"Faust: Mar, Goeth and Mann","(3, 3)",,Undergraduate,
GERMN 37954,"Faust: Mar, Goeth and Mann","(3, 3)",,Undergraduate,
COMPL 38044,"Faust: Mar, Goeth and Mann","(3, 3)",,Undergraduate,
ENGL 35844,"Faust: Mar, Goeth and Mann","(3, 3)",,Undergraduate,
ENGL 35844,"Faust: Mar, Goeth and Mann","(3, 3)",,Undergraduate,
ENGL 35844,"Faust: Mar, Goeth and Mann","(3, 3)",,Undergraduate,
COMPL 38044,"Faust: Mar, Goeth and Mann","(3, 3)",,Undergraduate,
ENGL 35844,"Faust: Mar, Goeth and Mann","(3, 3)",,Undergraduate,
GERMN 37954,"Faust: Mar, Goeth and Mann","(3, 3)",,Undergraduate,
COMPL 38044,"Faust: Mar, Goeth and Mann","(3, 3)",,Undergraduate,
COMPL 38044,"Faust: Mar, Goeth and Mann","(3, 3)",,Undergraduate,
GERMN 37954,"Faust: Mar, Goeth and Mann","(3, 3)",,Undergraduate,
GERMN 37954,"Faust: Mar, Goeth and Mann","(3, 3)",,Undergraduate,
GERMN 37954,"Faust: Mar, Goeth and Mann","(3, 3)",,Undergraduate,
COMPL 38044,"Faust: Mar, Goeth and Mann","(3, 3)",,Undergraduate,
GERMN 37954,"Faust: Mar, Goeth and Mann","(3, 3)",,Undergraduate,
GERMN 37954,"Faust: Mar, Goeth and Mann","(3, 3)",,Undergraduate,
COMPL 38044,"Faust: Mar, Goeth and Mann","(3, 3)",,Undergraduate,
ENGL 35844,"Faust: Mar, Goeth and Mann","(3, 3)",,Undergraduate,
COMPL 38044,"Faust: Mar, Goeth and Mann","(3, 3)",,Undergraduate,
GERMN 37954,"Faust: Mar, Goeth and Mann","(3, 3)",,Undergraduate,
ENGL 35844,"Faust: Mar, Goeth and Mann","(3, 3)",,Undergraduate,
GERMN 37954,"Faust: Mar, Goeth and Mann","(3, 3)",,Undergraduate,
ENGL 35844,"Faust: Mar, Goeth and Mann","(3, 3)",,Undergraduate,
COMPL 38044,"Faust: Mar, Goeth and Mann","(3, 3)",,Undergraduate,
COMPL 38044,"Faust: Mar, Goeth and Mann","(3, 3)",,Undergraduate,
COMPL 38044,"Faust: Mar, Goeth and Mann","(3, 3)",,Undergraduate,
GERMN 37954,"Faust: Mar, Goeth and Mann","(3, 3)",,Undergraduate,
COMPL 38044,"Faust: Mar, Goeth and Mann","(3, 3)",,Undergraduate,
MEDPL 29600,Feature Writing,"(3, 3)",,Undergraduate,
ECO 37300,Federal Income Taxation,"(3, 3)",,Undergraduate,
ACCP 37300,Federal Income Taxation,"(3, 3)",,Undergraduate,
URBS 4032Z,Federal Power and Public School Policy,"(3, 3)",,Undergraduate,
POLSC 48094,Federalist Papers,"(3, 3)",,Undergraduate,
JPN 30307,Felines of Japanese Fiction,"(3, 3)",,Undergraduate,
WGS 25857,Fem Perspctvs: Lit,"(3, 3)",,Undergraduate,
WGS 40050,Fem Pol Thought,"(3, 3)",,Undergraduate,
COMPL 38095,Female Gaze over the City: A Comparative Study of Women Filmakers in English,"(3, 3)",,Undergraduate,
ITAL 36551,Female Gaze over the City: A Comparative Study of Women Filmakers in English,"(3, 3)",,Undergraduate,
WGSA 30009,Female Gaze over the City: A Comparative Study of Women Filmakers in English,"(3, 3)",,Undergraduate,
ENGL 25857,Female Perspective: Literature,"(3, 3)",,Undergraduate,
EDFDN 40052,Female Sexuality,"(3, 3)",,Undergraduate,
WGSA 31979,Feminism & Globalization,"(3, 3)",,Undergraduate,
ENGL 31979,Feminism & Globalization,"(3, 3)",,Undergraduate,
WGS 39373,Feminism & Judaism,"(3, 3)",,Undergraduate,
COMPL 38152,Feminism and Literature,"(3, 3)",,Undergraduate,
PHILO 36300,Feminist & Social Epistemologies,"(3, 3)",,Undergraduate,
WGST 30002,Feminist & Social Epistemologies,"(3, 3)",,Undergraduate,
POLSC 30465,Feminist Epistemolgies,"(3, 3)",,Undergraduate,
HONS 20165,Feminist New Media & Health,"(3, 3)",,Undergraduate,
WGSA 29001,Feminist Performance Workshop,"(3, 3)",,Undergraduate,
WGST 23000,Feminist Philosophy,"(3, 3)",,Undergraduate,
PHILO 23000,Feminist Philosophy,"(3, 3)",,Undergraduate,
POLSC 30900,Feminist Political Theory,"(3, 3)",,Undergraduate,
ENGL 34250,Feminist Rhetorics,"(3, 3)",,Undergraduate,
WGS 30034,Feminist Sci Fiction,"(3, 3)",,Undergraduate,
WGSA 31970,Feminist Sci-Fi,"(3, 3)",,Undergraduate,
ENGL 31970,Feminist Sci-Fi,"(3, 3)",,Undergraduate,
ENGL 39078,Feminist Science Fiction,"(3, 3)",,Undergraduate,
SOC 36000,Feminist Social Theory,"(3, 3)",,Undergraduate,
WGSA 29003,Feminist Theater,"(3, 3)",,Undergraduate,
ENGL 25015,Feminist Writers in Latin America,"(3, 3)",,Undergraduate,
WGSA 29015,Feminist Writers in Latin America,"(3, 3)",,Undergraduate,
WGST 30900,Femnist Pol Thery,"(3, 3)",,Undergraduate,
PHYS 23400,"Fiber Optics Devices, Measurements, and Applications","(4, 4)",,Undergraduate,
ENGL 25154,Fiction and Autobiography,"(3, 3)",,Undergraduate,
POLSC 27229,Field Course in Central American Politics,"(3, 3)",,Undergraduate,
POLSC 27227,Field Course in Latin American Politics,"(3, 3)",,Undergraduate,
LACS 33000,Field Course to Latin America and the Caribbean,"(3, 3)",,Undergraduate,
LACS 33055,Field Course: Human Rights Research,"(3, 3)",,Undergraduate,
LACS 33051,Field Credit in Bahia,"(3, 3)",,Undergraduate,
HED 47002,Field Experience In Health Education,"(2, 2)",,Undergraduate,
GEOL 21100,Field Geology of New York City and Vicinity,"(3, 3)",,Undergraduate,
ANTHC 31700,Field Methods In Cultural Anthropology,"(3, 3)",,Undergraduate,
ANTHP 40101,Field Methods in Primatology,"(3, 3)",,Undergraduate,
SOC 33100,Field Placement in Social Work Agencies,"(3, 3)",,Undergraduate,
CLARC 23003,Field Sem Archaeology,"(3, 3)",,Undergraduate,
CLARC 23006,Field Sem Archeology,"(6, 6)",,Undergraduate,
CLARC 23002,Field Sem:Archaeology,"(2, 2)",,Undergraduate,
PSYCH 38102,Field Study in Animal Behavior and Conservation,"(3, 3)",,Undergraduate,
AFPRL 29075,Field Trip Abroad,"(3, 3)",,Undergraduate,
AFPRL 39075,Field Trip Abroad 2,"(3, 3)",,Undergraduate,
HED 47000,Fieldwork,"(3, 3)",,Undergraduate,
QSTB 20201,Fieldwork for Child Growth and Development,"(1, 1)",,Undergraduate,
QSTA 40601,Fieldwork for Mathematics Teaching and Learning,"(1, 1)",,Undergraduate,
QSTA 41001,Fieldwork for Reading 2,"(1, 1)",,Undergraduate,
QSTA 41401,Fieldwork for Teaching Science,"(1, 1)",,Undergraduate,
QSTA 41201,Fieldwork for Teaching Social Studies,"(1, 1)",,Undergraduate,
QSTP 30000,Fieldwork I: Fieldwork For Child Development And Developmental Reading,"(1, 1)",,Undergraduate,
QSTP 30100,Fieldwork II: Fieldwork For Literacy Across The Content Areas & Teaching Social Studies Thru Litera,"(1, 1)",,Undergraduate,
QSTP 30200,Fieldwork III: Fieldwork For Mathematics Teaching And Learning In Elementary School And Psychology O,"(1, 1)",,Undergraduate,
AFPRL 28100,Fieldwork in African-American/Latino Communities 1,"(3, 3)",,Undergraduate,
AFPRL 28200,Fieldwork in African-American/Latino Communities 2,"(3, 3)",,Undergraduate,
COUNS 42100,Fieldwork in Comm Counseling,"(3, 3)",,Undergraduate,
EDFDN 40300,Fieldwork in Educ Fdtns,"(3, 3)",,Undergraduate,
EDFDN 40200,Fieldwork in Educ Fdtns,"(2, 2)",,Undergraduate,
EDFDN 40500,Fieldwork in Educ Fdtns,"(2, 2)",,Undergraduate,
EDFDN 40400,Fieldwork in Educ Fdtns,"(1, 1)",,Undergraduate,
EDFDN 40600,Fieldwork in Educ Fdtns,"(3, 3)",,Undergraduate,
EDUC 40100,Fieldwork in Education,"(1, 1)",,Undergraduate,
EDUC 40200,Fieldwork in Education,"(2, 2)",,Undergraduate,
EDUC 40600,Fieldwork in Education,"(3, 3)",,Undergraduate,
EDUC 40400,Fieldwork in Education,"(1, 1)",,Undergraduate,
EDUC 40500,Fieldwork in Education,"(2, 2)",,Undergraduate,
LACS 33059,Fieldwork in Peru,"(3, 3)",,Undergraduate,
QSTA 40101,Fieldwork Reading,"(1, 1)",,Undergraduate,
URBS 41004,Fieldwork: CUNY Internship,"(4, 4)",,Undergraduate,
ENGL 25650,Filipino American Literature,"(3, 3)",,Undergraduate,
ASIAN 22006,Filipino American Literature,"(3, 3)",,Undergraduate,
ASIAN 33005,Filipino-American,"(3, 3)",,Undergraduate,
POLSC 21708,Film & Amer Politics,"(3, 3)",,Undergraduate,
COMPL 34054,Film & French Novel,"(3, 3)",,Undergraduate,
MEDP 45100,Film & Video Product Seminar,"(3, 3)",,Undergraduate,
FREN 25400,Film and the French Novel,"(3, 3)",,Undergraduate,
FILMP 45100,Film and Video Production Seminar,"(3, 3)",,Undergraduate,
FILM 22253,Film Genre:Horror Film,"(3, 3)",,Undergraduate,
MEDIA 29853,Film Genre:Horror Fm,"(3, 3)",,Undergraduate,
FILM 21200,Film History 2: Since 1945,"(3, 3)",,Undergraduate,
FILM 21100,Film History I: 1895-1945,"(3, 3)",,Undergraduate,
POL 25054,Film in Poland and Russia,"(3, 3)",,Undergraduate,
RUSS 25652,Film in Polnd & Russia,"(3, 3)",,Undergraduate,
MUSHL 25200,Film Music,"(3, 3)",,Undergraduate,
FILMP 35200,Film Production 2,"(3, 3)",,Undergraduate,
FILMP 25100,Film Production I,"(3, 3)",,Undergraduate,
FILM 32354,Film Technology & Aesthetic Theory: Realist Strategies,"(3, 3)",,Undergraduate,
FILM 32353,Film Technology and Aesthetic Theory,"(3, 3)",,Undergraduate,
FILM 32300,Film Technology and Aesthetic Theory,"(3, 3)",,Undergraduate,
JPN 26120,Films of Kurosawa,"(3, 3)",,Undergraduate,
ECO 31000,Financial Institutions,"(3, 3)",,Undergraduate,
ENGL 48495,Finishing a Novel,"(3, 3)",,Undergraduate,
HUM 25061,First Amendment Law,"(3, 3)",,Undergraduate,
FYS 10000,First Year Seminar,"(1, 1)",,Undergraduate,
ENGL 39982,Fitzgrld & Hemingway,"(3, 3)",,Undergraduate,
POLSC 27219,Fld Cr in Bahia,"(3, 3)",,Undergraduate,
LACS 33053,Fld Cr Lat Am&The Ca,"(3, 3)",,Undergraduate,
PH 20700,Fld Exp Health Serv Ag,"(1, 1)",,Undergraduate,
QSTA 40200,Fld Exp in El Sc Rdg,"(1, 1)",,Undergraduate,
QSTA 41100,Fld Exp Rdg El Sc 2,"(1, 1)",,Undergraduate,
QSTB 40701,Fld Exp.: Pract/Tchn,"(1, 1)",,Undergraduate,
QSTB 41301,Fld Exp:Psy Tch/Lrn,"(1, 1)",,Undergraduate,
HED 47003,Fld Exper In Hlth Ed,"(3, 3)",,Undergraduate,
HED 47001,Fld Exper In Hlth Ed,"(1, 1)",,Undergraduate,
EDFDN 40100,Fldwrk in Educ Fdtns,"(1, 1)",,Undergraduate,
URBS 41003,Fldwrk:Librty Mentor,"(3, 3)",,Undergraduate,
ARTCR 36053,Florence Study,"(3, 3)",,Undergraduate,
HONS 20142,Flrnc Undr Mdci,"(3, 3)",,Undergraduate,
BIOL 47091,Fluorescence&Microsp,"(2, 2)",,Undergraduate,
CSCI 39540,Flutter App Dev,"(3, 3)",,Undergraduate,
CSCI 39533,Flutter App Dev with Intro to ML and AI,"(3, 3)",,Undergraduate,
WGS 20056,Fmnist & Ethical Wrtgs,"(3, 3)",,Undergraduate,
HONS 30121,Fn De Siecle Fr,"(3, 3)",,Undergraduate,
SOC 42555,Focus Group Research,"(3, 3)",,Undergraduate,
ARB 40100,Focused Arabic Study for Advanced Students,"(3, 3)",,Undergraduate,
ARTCR 36089,Folio Edition,"(3, 3)",,Undergraduate,
ANTHC 40190,Folk & Traditional Music,"(3, 3)",,Undergraduate,
ANTHC 21151,Folk & Traditional Music,"(3, 3)",,Undergraduate,
MUSHL 23100,Folk and Traditional Music,"(3, 3)",,Undergraduate,
AFPRL 36200,Folk Religion in Puerto Rico,"(3, 3)",,Undergraduate,
RUSS 29400,Folklore and Literature,"(3, 3)",,Undergraduate,
COMPL 37055,Folklore and Literature,"(3, 3)",,Undergraduate,
ANTHC 30600,Folklore and Mythology,"(3, 3)",,Undergraduate,
COMPL 37153,Folklore in Translation,"(3, 3)",,Undergraduate,
COMPL 37057,Folklore in Translation,"(3, 3)",,Undergraduate,
ANTHC 32027,Folklore in Translation: A Comparative Study,"(3, 3)",,Undergraduate,
RUSS 29300,Folklore in Translation: A Comparative Study,"(3, 3)",,Undergraduate,
POL 25055,Folklore of Slavs,"(3, 3)",,Undergraduate,
COMPL 37053,Folklore: Myths & Translation,"(3, 3)",,Undergraduate,
ANTHC 33000,Food and Culture,"(3, 3)",,Undergraduate,
ITAL 37081,Food and Italian Identity,"(3, 3)",,Undergraduate,
COMPL 38093,Food and Italian Identity,"(3, 3)",,Undergraduate,
GEOG 28305,Food and Sustainability,"(3, 3)",,Undergraduate,
ENGL 35892,Food Culture: The Italian Revolution,"(3, 3)",,Undergraduate,
COMPL 38097,Food Culture: The Italian Revolution,"(3, 3)",,Undergraduate,
ITAL 36592,Food Culture: The Italian Revolution,"(3, 3)",,Undergraduate,
ITAL 27700,Food Culture: The Italian Revolution,"(3, 3)",,Undergraduate,
NFS 36100,Food Policy,"(3, 3)",,Undergraduate,
NFS 33000,Food Science 2 Laboratory,"(1, 1)",,Undergraduate,
NFS 13100,Food Science I,"(3, 3)",,Undergraduate,
NFS 33100,Food Science II,"(3, 3)",,Undergraduate,
NFS 43500,Food Service Systems,"(3, 3)",,Undergraduate,
ANTHC 40058,Forced Migration,"(3, 3)",,Undergraduate,
ECO 29555,Foreign Debt-Dev Ctr,"(3, 3)",,Undergraduate,
POLSC 48009,Foreign Pol: Honors,"(3, 3)",,Undergraduate,
PSYCH 39069,Forensic Psych 2,"(3, 3)",,Undergraduate,
PSYCH 29566,Forensic Psychology,"(3, 3)",,Undergraduate,
PSYCH 39074,Forensic Psychology I,"(3, 3)",,Undergraduate,
STAT 22000,Forensics,"(3, 3)",,Undergraduate,
PHILO 38086,Foucault,"(3, 3)",,Undergraduate,
ARTCR 36033,Foundation Digital Art,"(3, 3)",,Undergraduate,
HIST 34147,Foundation of U.S. Constitution,"(3, 3)",,Undergraduate,
NURS 42300,Foundations in Ethics and Palliative Care,"(3, 3)",,Undergraduate,
NURS 34900,Foundations of Ethics and End-of-Life Care,"(3, 3)",,Undergraduate,
CSCI 49391,Foundations of Game Theory for CS,"(3, 3)",,Undergraduate,
NURS 24000,Foundations of Genetics for Nurses,"(2, 2)",,Undergraduate,
PHILO 21500,Foundations of Modern Philosophy,"(3, 3)",,Undergraduate,
SCI 10200,Foundations of Science,"(5, 5)",,Undergraduate,
SCI 10100,Foundations of Science,"(5, 5)",,Undergraduate,
PHILO 21700,Foundations: Empiricism,"(3, 3)",,Undergraduate,
WGS 30037,Fr. Sht Story Wm Wtr,"(3, 3)",,Undergraduate,
HIST 49254,Framing of the Const,"(3, 3)",,Undergraduate,
HIST 33400,France During the Revolution and Napoleonic Eras,"(3, 3)",,Undergraduate,
HIST 25065,France to Revolution,"(3, 3)",,Undergraduate,
FREN 36524,Francophone Women Writers,"(3, 3)",,Undergraduate,
ENGL 38801,Frankenstein Before and After,"(3, 3)",,Undergraduate,
POLSC 20478,"Frantz Fanon: Anti-Colonialism, Militancy & Revolution","(3, 3)",,Undergraduate,
GERMN 44462,Franz Kafka's Works,"(3, 3)",,Undergraduate,
ENGL 49486,Frederick Douglass,"(3, 3)",,Undergraduate,
ENGL 49086,Frederick Douglass,"(3, 3)",,Undergraduate,
ENGL 38989,Fredrick Douglass,"(3, 3)",,Undergraduate,
GTECH 38517,Free and Open Source GIS,"(3, 3)",,Undergraduate,
POLSC 20481,Free Speech: Ancient and Modern,"(3, 3)",,Undergraduate,
PHILO 37455,Freedom,"(3, 3)",,Undergraduate,
HR 22015,Freedom From Fear: A Women of Color Perspective,"(3, 3)",,Undergraduate,
HR 22007,Freedom of Expression in the 21st Century,"(3, 3)",,Undergraduate,
FREN 10251,Fren Conv & Cult Enric,"(2, 2)",,Undergraduate,
FREN 32000,French Conversation,"(3, 3)",,Undergraduate,
FREN 36023,French Cross Current Literature,"(3, 3)",,Undergraduate,
FREN 33600,French Culture 2,"(3, 3)",,Undergraduate,
FREN 33500,French Culture I,"(3, 3)",,Undergraduate,
FREN 20800,French for Francophones,"(3, 3)",,Undergraduate,
FREN 31000,French for Reading and Research,"(3, 3)",,Undergraduate,
MUSHL 26184,French Improve Piano Music,"(3, 3)",,Undergraduate,
FREN 25100,French Literature and the Arts,"(3, 3)",,Undergraduate,
FREN 35100,French Literature from 1950 to the Present,"(3, 3)",,Undergraduate,
FREN 36008,French Literature:French Writers Perception of America,"(3, 3)",,Undergraduate,
FREN 36003,French Moralists of Classical Period,"(3, 3)",,Undergraduate,
FREN 26000,French Novel in Translation (1600-1900),"(3, 3)",,Undergraduate,
FREN 31200,French Oral and Written Expression,"(3, 3)",,Undergraduate,
FREN 33100,French Phonetics and Diction,"(3, 3)",,Undergraduate,
FREN 25800,French Poetry in Translation,"(3, 3)",,Undergraduate,
THEA 29789,French Theater:Translation,"(3, 3)",,Undergraduate,
FREN 25900,French Theatre in Translation,"(3, 3)",,Undergraduate,
FREN 36255,French Tragedy of 17th Century,"(3, 3)",,Undergraduate,
FREN 32100,French Translation,"(3, 3)",,Undergraduate,
HIST 3412N,French Women: Revolution and Reaction in the 19th Century,"(3, 3)",,Undergraduate,
HIST 38207,French Womn-19 Cntry,"(3, 3)",,Undergraduate,
ARTCR 36081,Fresco Painting,"(3, 3)",,Undergraduate,
HONS 10102,Fresh Honors Colloq,"(2, 2)",,Undergraduate,
HONS 10101,Fresh Honors Colloq,"(1, 1)",,Undergraduate,
HONS 10103,Fresh Honors Colloq,"(3, 3)",,Undergraduate,
PHILO 39366,Freud & Philosophy,"(3, 3)",,Undergraduate,
HONS 20189,Freud and Philosophy,"(3, 3)",,Undergraduate,
HUM 25051,Freud's Contribtn,"(3, 3)",,Undergraduate,
PHILO 20063,Friendship & Love,"(3, 3)",,Undergraduate,
MUSHL 26116,Frm Lov Song Symphony,"(3, 3)",,Undergraduate,
HIST 34137,Frnch Rev-Then & Now,"(3, 3)",,Undergraduate,
WGS 30026,Frnch Womn 1789-1914,"(3, 3)",,Undergraduate,
WGS 30026,Frnch Womn 1789-1914,"(3, 3)",,Undergraduate,
HR 22010,From Civil Rights to Human Rights: Community Organizing for Social Change,"(3, 3)",,Undergraduate,
MEDPL 36900,From Classroom to Career: Journalism,"(2, 2)",,Undergraduate,
MEDIA 30N01,From Classroom to Career: Media,"(2, 2)",,Undergraduate,
MEDIA 36900,From Classroom to Career: Media,"(2, 2)",,Undergraduate,
MEDPL 30N01,From College to Career: Get Hired!,"(2, 2)",,Undergraduate,
ENGL 32110,From Frederick Douglass to Ralph Ellison,"(3, 3)",,Undergraduate,
HIST 36800,From Frontier to City: The Emerging of Modern America,"(3, 3)",,Undergraduate,
ENGL 49466,From Poem to Story,"(3, 3)",,Undergraduate,
ARTH 45019,From Postcolonialism to Cultural Appropriation,"(3, 3)",,Undergraduate,
FREN 36510,From Samuel de Champlain to Zack Attacks - French America,"(3, 3)",,Undergraduate,
FREN 25200,From Symbolism to Surrealism in French Literature,"(3, 3)",,Undergraduate,
ENGL 49476,From Utopia to Eden,"(3, 3)",,Undergraduate,
WGS 20006,"From Virgin to Whore, from Mother to Monster: The Power of the Female in Ancient Myth","(3, 3)",,Undergraduate,
CSCI 49201,Function Programming in OCaml,"(2, 2)",,Undergraduate,
BIOL 47159,Fund of Dev'l Neurob,"(3, 3)",,Undergraduate,
MLSP 30000,Fundamental Concepts and Techniques in the Medical Laboratory,"(3, 3)",,Undergraduate,
MATH 37100,Fundamental Concepts of Modern Mathematics,"(3, 3)",,Undergraduate,
POLSC 20436,Fundamentalism and Fundamental Movements,"(3, 3)",,Undergraduate,
DAN 10500,Fundamentals of Ballet,"(2, 2)",,Undergraduate,
PHYS 28300,Fundamentals of Biophysics,"(3, 3)",,Undergraduate,
DAN 10100,Fundamentals of Contemporary Dance,"(2, 2)",,Undergraduate,
BIOL 38500,Fundamentals of Developmental Neurobiology,"(3, 3)",,Undergraduate,
PHYS 23100,Fundamentals of Laser and Fiber Optics,"(4, 4)",,Undergraduate,
BIOL 23000,Fundamentals of Microbiology,"(3, 3)",,Undergraduate,
COUNS 30100,Fundamentals Principals-Cnslng,"(3, 3)",,Undergraduate,
MUSPF 12000,Fundamentals-Theory,"(3, 3)",,Undergraduate,
PHYS 10500,Fundamntls of Mechnc,"(5, 5)",,Undergraduate,
COUNS 30200,Funds:Commun Cnslng,"(3, 3)",,Undergraduate,
ANTHC 32068,Future Studies in Anthropology,"(3, 3)",,Undergraduate,
DAN 25280,Gaga Technique,"(2, 2)",,Undergraduate,
MEDP 37000,Game Programming I,"(3, 3)",,Undergraduate,
MEDP 37100,Game Programming II,"(3, 3)",,Undergraduate,
SOC 32568,"Games, Movies & Thea","(3, 3)",,Undergraduate,
PHILO 20099,"Games, Play and Philosophy","(3, 3)",,Undergraduate,
HIST 38800,"Gandhi: Power, Protest and Justice in the 20 Century","(3, 3)",,Undergraduate,
ANTHC 40060,Gangs and Criminal Community,"(3, 3)",,Undergraduate,
WGS 30079,Gay and Lesbian Politics in The United States,"(3, 3)",,Undergraduate,
HIST 34107,Gay/Lesbian American History,"(3, 3)",,Undergraduate,
WGSA 20015,"Gdr, Globzatn Theater","(3, 3)",,Undergraduate,
PHYS 12100,Gen Elec-Magnetsm,"(6, 6)",,Undergraduate,
PHYS 11100,Gen Mech-Heat-Snd,"(6, 6)",,Undergraduate,
WGS 30046,Gend & Dev:Asia & Amer,"(3, 3)",,Undergraduate,
PSYCH 39086,Gender & Achievement,"(3, 3)",,Undergraduate,
WGS 30032,Gender & Development,"(3, 3)",,Undergraduate,
ANTHC 32085,Gender & Development,"(3, 3)",,Undergraduate,
SOC 32548,Gender & Development,"(3, 3)",,Undergraduate,
ENGL 25077,Gender & Gnr:Asian Amer Literature,"(3, 3)",,Undergraduate,
PSYCH 39082,Gender & Health,"(3, 3)",,Undergraduate,
WGSL 20004,Gender & Human Rights,"(3, 3)",,Undergraduate,
PSYCH 29557,Gender & Language,"(3, 3)",,Undergraduate,
AFPRL 29073,Gender & Latino Migration,"(3, 3)",,Undergraduate,
ENGL 31960,Gender & Per U.S. Cult,"(3, 3)",,Undergraduate,
WGSA 31960,Gender & Per:US Cult,"(3, 3)",,Undergraduate,
WGST 29007,Gender & Science Fiction Films: Aliens to Androids,"(3, 3)",,Undergraduate,
ENGL 38573,Gender & The American Renaissance,"(3, 3)",,Undergraduate,
SOC 42589,Gender and Development,"(3, 3)",,Undergraduate,
WGSP 29002,Gender and Health Policy,"(3, 3)",,Undergraduate,
SOC 3251F,Gender and Masculinities,"(3, 3)",,Undergraduate,
WGS 3001D,Gender and Masculinities,"(3, 3)",,Undergraduate,
ANTHC 32001,Gender and Migration,"(3, 3)",,Undergraduate,
WGSL 30600,Gender and Migration,"(3, 3)",,Undergraduate,
SOC 3251Q,Gender and Migration,"(3, 3)",,Undergraduate,
POLSC 21800,Gender and Politics,"(3, 3)",,Undergraduate,
WGS 40058,Gender and Power in Workplace,"(3, 3)",,Undergraduate,
WGS 30011,Gender and Sex in Latin America,"(3, 3)",,Undergraduate,
AFPRL 29095,Gender and Sexuality in Black and Latino Communities,"(3, 3)",,Undergraduate,
WGS 20009,Gender and Sexuality School CUNY,"(3, 3)",,Undergraduate,
ENGL 38460,Gender and Shame in 18th Century Literature,"(3, 3)",,Undergraduate,
ENGL 49021,Gender and the Historical Avant-Garde,"(3, 3)",,Undergraduate,
ENGL 4941G,Gender and the Historical Avant-Garde,"(3, 3)",,Undergraduate,
POLSC 21900,Gender and the Law,"(3, 3)",,Undergraduate,
WGSA 31988,Gender and the Politics of Poetic Form,"(3, 3)",,Undergraduate,
ENGL 31988,Gender and the Politics of Poetic Form,"(3, 3)",,Undergraduate,
POLSC 21718,Gender and the Presidency,"(3, 3)",,Undergraduate,
WGSP 29001,Gender and the Presidency,"(3, 3)",,Undergraduate,
THEA 39720,Gender and U.S. Theatre,"(3, 3)",,Undergraduate,
WGSA 31984,Gender and Writing,"(3, 3)",,Undergraduate,
ENGL 31984,Gender and Writing,"(3, 3)",,Undergraduate,
AFPRL 29094,Gender Dynamics-Africa,"(3, 3)",,Undergraduate,
PSYCH 39097,Gender Equity,"(3, 3)",,Undergraduate,
ENGL 25662,Gender Generation Asia Amer,"(3, 3)",,Undergraduate,
WGS 30036,Gender in African-American Literature and Film,"(3, 3)",,Undergraduate,
WGSC 30100,Gender in Anth Persp,"(3, 3)",,Undergraduate,
ANTHC 30100,Gender in Anthropological Perspective,"(3, 3)",,Undergraduate,
WGS 40061,Gender in Archaeolgy,"(3, 3)",,Undergraduate,
ANTHC 42662,Gender in Archaeology,"(3, 3)",,Undergraduate,
ASIAN 39006,Gender in Asian American Literature and Film,"(3, 3)",,Undergraduate,
HIST 25022,Gender in Modern Jewish History,"(3, 3)",,Undergraduate,
JS 25004,Gender in Modern Jewish History,"(3, 3)",,Undergraduate,
WGSS 29012,Gender in Modern Jewish History,"(3, 3)",,Undergraduate,
WGSC 20083,Gender Islam and Rights in South Asia/Bangladesh,"(3, 3)",,Undergraduate,
WGS 20083,Gender Islam and Rights in South Asia/Bangladesh,"(3, 3)",,Undergraduate,
ENGL 39060,Gender of Modernism,"(3, 3)",,Undergraduate,
ENGL 25197,Gender of Modernism,"(3, 3)",,Undergraduate,
PSYCH 38601,"Gender Violence and Women's Resistance: Theory, Research and Practice","(3, 3)",,Undergraduate,
WGSP 29009,"Gender, Bodies, Disability and Policy","(3, 3)",,Undergraduate,
WGSC 20051,"Gender, Disability and Embodiment","(3, 3)",,Undergraduate,
WGSS 20051,"Gender, Disability, and Embodiment","(3, 3)",,Undergraduate,
PH 40082,"Gender, Ethnicity, Dis","(3, 3)",,Undergraduate,
WGSP 29005,"Gender, Globalization & The Politics of Food","(3, 3)",,Undergraduate,
POLSC 29430,"Gender, Globalization & The Politics of Food","(3, 3)",,Undergraduate,
WGS 20015,"Gender, Globalization and Theater","(3, 3)",,Undergraduate,
ASIAN 23052,"Gender, Globalization, and Asians/Asian Americans","(3, 3)",,Undergraduate,
WGSA 29010,"Gender, Labor and Activism","(3, 3)",,Undergraduate,
ARTH 43001,"Gender, Mannerism, and Visual Culture in the Early Modern","(3, 3)",,Undergraduate,
WGSL 29008,"Gender, Migration and Health","(3, 3)",,Undergraduate,
ANTHC 32160,"Gender, Nation & Colonial","(3, 3)",,Undergraduate,
WGS 40059,"Gender, Nationalism, Decolonization","(3, 3)",,Undergraduate,
WGS 30040,"Gender, Politics & Power","(3, 3)",,Undergraduate,
POLSC 30412,"Gender, Politics, & Power","(3, 3)",,Undergraduate,
HONS 20161,"Gender, Power, and The Arts in the Renaissance","(3, 3)",,Undergraduate,
WGSP 29008,"Gender, Race & Public Policy","(3, 3)",,Undergraduate,
WGSP 29010,"Gender, Race and Election Labor","(3, 3)",,Undergraduate,
HONS 2012D,"Gender, Race, and Class in Opera","(3, 3)",,Undergraduate,
NURS 35100,"Gender, Science, and Technology","(3, 3)",,Undergraduate,
HIST 3412V,"Gender, Sex, and Reproduction in American History","(3, 3)",,Undergraduate,
WGSP 20010,"Gender, Sexualities and Indigenous Rights","(3, 3)",,Undergraduate,
WGSS 29004,"Gender, Sexuality and History","(3, 3)",,Undergraduate,
HIST 25008,"Gender, Sexuality and History","(3, 3)",,Undergraduate,
WGSP 29004,"Gender, Sexuality and Indigenous Rights","(3, 3)",,Undergraduate,
WGSS 29002,"Gender, Sexuality and Religion","(3, 3)",,Undergraduate,
ENGL 32249,"Gender, Sexuality, and Political Struggle","(3, 3)",,Undergraduate,
WGSA 29002,"Gender, Violence and Theater Activism","(3, 3)",,Undergraduate,
WGSS 35100,"Gender,Scienc,Tech","(3, 3)",,Undergraduate,
HR 22053,"Gender-based Violence, Immigration and Human Rights","(3, 3)",,Undergraduate,
ENGL 49451,Gendered Writing,"(3, 3)",,Undergraduate,
WGSA 29006,Gendering Wikipedia: Critical and Feminist Methodologies,"(3, 3)",,Undergraduate,
BIOL 47047,Gene Express Synapse,"(2, 2)",,Undergraduate,
STAT 39552,Gene Expression Analysis,"(3, 3)",,Undergraduate,
BIOL 47126,Gene Expression: Techniques and Models,"(3, 3)",,Undergraduate,
BIOL 47193,Gene Regulation,"(3, 3)",,Undergraduate,
BIOL 47063,Gene Regulation,"(2, 2)",,Undergraduate,
CHEM 10200,General Chemistry 1,"(4, 4)",,Undergraduate,
CHEM 10300,General Chemistry 1 (Lab),"(2, 2)",,Undergraduate,
CHEM 103HE,General Chemistry 1 (Lab),"(2, 2)",,Undergraduate,
CHEM 10400,General Chemistry 2,"(4, 4)",,Undergraduate,
CHEM 10500,General Chemistry 2 (Lab),"(2, 2)",,Undergraduate,
CHEM 104RC,General Chemistry 2 (Recitation),"(None, None)",,Undergraduate,
CHEM 10600,General Chemistry Lab,"(3, 3)",,Undergraduate,
PHYS 152LC,General Physics 2,"(4, 4)",,Undergraduate,
PHYS 151LC,General Physics I,"(4, 4)",,Undergraduate,
PHYS 12000,"General Physics: Introductory Course in Electricity and Magnetism, Light, and Atomic Physics","(5, 5)",,Undergraduate,
PHYS 11000,"General Physics: Introductory Course in Mechanics, Heat and Sound","(5, 5)",,Undergraduate,
BIOL 40011,Genetic Screens in Cell Biology,"(2, 2)",,Undergraduate,
BIOL 32000,Genetics,"(3, 3)",,Undergraduate,
BIOL 10900,Genetics of Health and Disease,"(3, 3)",,Undergraduate,
ENGL 39054,Genius:Mod Theatre,"(3, 3)",,Undergraduate,
THEA 39755,Genius:Mod Theatre,"(3, 3)",,Undergraduate,
COMPL 33057,Genius:Modern Theatre,"(3, 3)",,Undergraduate,
COMPL 33037,Genius:Modern Theatre,"(3, 3)",,Undergraduate,
HR 30N02,Genocide and Ethnic Conflict,"(3, 3)",,Undergraduate,
HR 22019,"Genocide, Mass Atrocities and the Responsibility to Protect","(3, 3)",,Undergraduate,
BIOL 47168,Genome Integrity,"(3, 3)",,Undergraduate,
BIOL 47071,Genomics & Human Race,"(2, 2)",,Undergraduate,
BIOL 47109,"Genomics, Outbreaks, and Global Health","(3, 3)",,Undergraduate,
BIOL 47052,Genomics:Proteomics,"(2, 2)",,Undergraduate,
FREN 36011,Genre Studies I: French Poetry,"(3, 3)",,Undergraduate,
HONS 20123,Geo Emerging Disease,"(3, 3)",,Undergraduate,
LACS 43462,Geog of S America,"(3, 3)",,Undergraduate,
LACS 43463,"Geog:Mex,Carib&C.Am","(3, 3)",,Undergraduate,
GEOG 35000,Geographic Research Methods,"(3, 3)",,Undergraduate,
GEOG 38329,Geographic Thought and Theory,"(3, 3)",,Undergraduate,
GEOG 30617,Geographies of Disability and Mobility Justice,"(3, 3)",,Undergraduate,
WGSL 29006,Geography & Gender,"(3, 3)",,Undergraduate,
GEOG 38389,Geography and Gender,"(3, 3)",,Undergraduate,
GEOG 28304,Geography and Gender,"(3, 3)",,Undergraduate,
GEOG 27751,Geography of China,"(3, 3)",,Undergraduate,
CHIN 40180,Geography of China,"(3, 3)",,Undergraduate,
GEOG 24500,Geography of Development,"(3, 3)",,Undergraduate,
GEOG 38334,Geography of Energy,"(3, 3)",,Undergraduate,
GEOG 34200,Geography of International Migration and Ethnicity,"(3, 3)",,Undergraduate,
GEOG 35700,Geography of New York City and Vicinity,"(3, 3)",,Undergraduate,
GEOG 26000,Geography of New York State,"(3, 3)",,Undergraduate,
GEOG 34800,Geography of Religion,"(3, 3)",,Undergraduate,
PGEOG 21200,Geography of Soils and Vegetation,"(3, 3)",,Undergraduate,
GEOG 37000,Geography of Sustainable Development in Developing Countries,"(3, 3)",,Undergraduate,
REL 26158,Geography of the Sacred: Religious Meanings of Land and Space,"(3, 3)",,Undergraduate,
MATH 33100,Geometries,"(3, 3)",,Undergraduate,
ENGL 38965,George B. Shaw,"(3, 3)",,Undergraduate,
ENGL 38964,George Eliot,"(3, 3)",,Undergraduate,
HIST 34400,Georgian and Victorian England,"(3, 3)",,Undergraduate,
GTECH 38519,Geospatial Databases,"(3, 3)",,Undergraduate,
GERMN 33000,Ger Drma Nat to Pres,"(3, 3)",,Undergraduate,
GERMN 38051,Ger Mstpcs Lit & Film,"(3, 3)",,Undergraduate,
GERMN 34300,Germ Lit-Orig-Goethe,"(3, 3)",,Undergraduate,
GERMN 32800,German Children's and Adolescent Literature,"(3, 3)",,Undergraduate,
GERMN 24300,German Cinema,"(3, 3)",,Undergraduate,
GERMN 32200,German Civilization,"(3, 3)",,Undergraduate,
GERMN 32058,German Comics and Graphic Literature,"(3, 3)",,Undergraduate,
GERMN 32056,German Crime Fiction,"(3, 3)",,Undergraduate,
GERMN 34100,German Drama from Age of Goethe to Naturalism,"(3, 3)",,Undergraduate,
GERMN 33900,German Drama from Naturalism to Present,"(3, 3)",,Undergraduate,
GERMN 24100,German Fairy Tales in Translation,"(3, 3)",,Undergraduate,
GERMN 38300,German Grammar for Upper-Level Discourse,"(3, 3)",,Undergraduate,
GERMN 38503,German Grammar for Upper-Level Discourse,"(3, 3)",,Undergraduate,
GERMN 32060,German Grammar Through Music,"(3, 3)",,Undergraduate,
GERMN 10250,German in Action,"(2, 2)",,Undergraduate,
COMPL 38089,German Jewish Love Stories in Literature & Film,"(3, 3)",,Undergraduate,
GERMN 35900,German Literary Seminar,"(3, 3)",,Undergraduate,
GERMN 34700,German Literature 1945 - 1995,"(3, 3)",,Undergraduate,
GERMN 34600,German Literature of the 1930s and 1940s,"(3, 3)",,Undergraduate,
COMPL 34051,German Literature-30's & 40's,"(3, 3)",,Undergraduate,
GERMN 33600,German Lyric Poetry,"(3, 3)",,Undergraduate,
COMPL 38094,German Thought and Culture: A Survey,"(3, 3)",,Undergraduate,
GERMN 24000,German Thought and Culture: A Survey,"(3, 3)",,Undergraduate,
GERMN 32059,German-Jewish Liebesgechichten in literature and Film,"(3, 3)",,Undergraduate,
GERMN 37300,German-Jewish Love Stories In Literature And Film After 1945,"(3, 3)",,Undergraduate,
GERMN 11500,German: Art Hist Arch,"(3, 3)",,Undergraduate,
GERMN 37200,Germany in the Twenties,"(3, 3)",,Undergraduate,
HIST 64106,Germany-Third Reich,"(3, 3)",,Undergraduate,
GERMN 44452,Germn:Art Hist Arch,"(3, 3)",,Undergraduate,
NURS 49000,Gerontological Nursing,"(4, 4)",,Undergraduate,
NURS 49100,Gerontology for Nurses,"(3, 3)",,Undergraduate,
MUSHL 26155,Gershwin & Porter,"(3, 3)",,Undergraduate,
MUSHL 22750,Gershwin-Mst Cmprs,"(3, 3)",,Undergraduate,
ENGL 38987,Gertrude Stein,"(3, 3)",,Undergraduate,
HONS 2011Q,Get Thee to a Nunnery: Nuns in American Culture,"(3, 3)",,Undergraduate,
HONS 30142,Getting Inside the Head,"(3, 3)",,Undergraduate,
ENGL 38551,Ghosts & Supenatural Amer Fict,"(3, 3)",,Undergraduate,
HIST 38262,Gilded Age&Prog Era,"(3, 3)",,Undergraduate,
GTECH 36100,GIS Analysis,"(3, 3)",,Undergraduate,
URBS 40325,GIS and Urban Policy,"(3, 3)",,Undergraduate,
GTECH 38502,GIS Applic: Social,"(3, 3)",,Undergraduate,
GTECH 38501,GIS Applic: Urban,"(3, 3)",,Undergraduate,
POLSC 37263,Glblztn&Oppstn Mvmnt,"(3, 3)",,Undergraduate,
SOC 32523,Glob & Blk Urb Diaspra,"(3, 3)",,Undergraduate,
POLSC 37394,Global Capital and State,"(3, 3)",,Undergraduate,
POLSC 27390,Global Challenges,"(3, 3)",,Undergraduate,
URBS 4032L,"Global Cities: Policy, Planning & Governance","(3, 3)",,Undergraduate,
PGEOG 36100,Global Climatic Change,"(3, 3)",,Undergraduate,
HIST 38234,Global Cold War,"(3, 3)",,Undergraduate,
MEDIA 39600,Global Communiciations,"(3, 3)",,Undergraduate,
DAN 15100,Global Dance 1,"(1, 1)",,Undergraduate,
DAN 25100,Global Dance 2,"(1, 1)",,Undergraduate,
DAN 23200,Global Dance History,"(3, 3)",,Undergraduate,
ANTHC 20500,Global Health and Culture,"(3, 3)",,Undergraduate,
HIST 49266,Global Hist.Internet,"(3, 3)",,Undergraduate,
WGSS 29009,Global Histories of Sex,"(3, 3)",,Undergraduate,
HIST 25017,Global Histories of Sex,"(3, 3)",,Undergraduate,
POLSC 27600,Global Issues,"(3, 3)",,Undergraduate,
POLSC 27305,Global Issues,"(3, 3)",,Undergraduate,
HIST 25016,Global LGBT History,"(3, 3)",,Undergraduate,
WGSS 29007,Global LGBT History,"(3, 3)",,Undergraduate,
ANTHC 32012,Global Mental Health,"(3, 3)",,Undergraduate,
HONS 20158,Global Migration,"(3, 3)",,Undergraduate,
PUPOL 20N00,Global Pandemic Impacts,"(3, 3)",,Undergraduate,
POLSC 29410,Global Poverty,"(3, 3)",,Undergraduate,
POLSC 27325,Global Poverty and Development,"(3, 3)",,Undergraduate,
POLSC 37389,"Global Power Shifts: Rising Powers, The United States and World Order","(3, 3)",,Undergraduate,
ARTH 29901,Global Renaissance,"(3, 3)",,Undergraduate,
ENGL 49422,Global Shakespeare,"(3, 3)",,Undergraduate,
SOC 32517,"Global,Racism&Develo","(3, 3)",,Undergraduate,
SOC 36400,Globalism and Nationalism,"(3, 3)",,Undergraduate,
SOC 32512,Globalism Nationalsm,"(3, 3)",,Undergraduate,
POLSC 20455,Globalism Political Theory,"(3, 3)",,Undergraduate,
HUM 25058,Globalization,"(3, 3)",,Undergraduate,
POLSC 27249,Globalization,"(3, 3)",,Undergraduate,
POLSC 37311,Globalization,"(3, 3)",,Undergraduate,
AFPRL 29049,Globalization & Cities,"(3, 3)",,Undergraduate,
WGSL 29003,Globalization & Gender,"(3, 3)",,Undergraduate,
GEOG 28302,Globalization & Gender,"(3, 3)",,Undergraduate,
POLSC 26100,Globalization & Movements,"(3, 3)",,Undergraduate,
POLSC 27393,Globalization & State,"(3, 3)",,Undergraduate,
POLSC 27206,Globalization and Cities,"(3, 3)",,Undergraduate,
ANTHC 40147,Globalization and Culture,"(3, 3)",,Undergraduate,
WGSL 29300,Globalization and Gender,"(3, 3)",,Undergraduate,
ASIAN 23001,Globalization and Gender,"(3, 3)",,Undergraduate,
GEOG 28000,Globalization and Gender,"(3, 3)",,Undergraduate,
WGS 20017,Globalization and Gender,"(3, 3)",,Undergraduate,
POLSC 27204,Globalization and Movements,"(3, 3)",,Undergraduate,
POLSC 22000,Globalization and Opposition Movements,"(3, 3)",,Undergraduate,
LACS 43458,Globalization&Cities,"(3, 3)",,Undergraduate,
ASIAN 33060,"Globalization, Labor and Race","(3, 3)",,Undergraduate,
WGS 30019,Globalizing Women,"(3, 3)",,Undergraduate,
ANTHC 32560,Globalizing Women,"(3, 3)",,Undergraduate,
ASIAN 22009,Gnd Genre Asia American,"(3, 3)",,Undergraduate,
WGS 20064,Gnder Dynamcs-Africa,"(3, 3)",,Undergraduate,
PSYCH 39573,Gndr & Achievement,"(3, 3)",,Undergraduate,
WGS 20075,Gndr & Cltr:Med&Mod,"(3, 3)",,Undergraduate,
POLSC 37259,Gndr Natn&Colnl Cond,"(3, 3)",,Undergraduate,
POLSC 30406,Gndr Pol & Biomed Tech,"(3, 3)",,Undergraduate,
WGSP 20051,"Gndr,Disablty&Embmnt","(3, 3)",,Undergraduate,
WGS 30025,"Gndr,Natn & Colnl Cond","(3, 3)",,Undergraduate,
SOC 32545,"Gndr,Natn & Colnl Cond","(3, 3)",,Undergraduate,
HONS 20187,"Gods, Goddesses, and Demons","(3, 3)",,Undergraduate,
GERMN 35300,Goethe's Faust,"(3, 3)",,Undergraduate,
RUSS 24680,Gogol in Russian,"(3, 3)",,Undergraduate,
RUSS 25754,Gogol Stories in Eng,"(1, 1)",,Undergraduate,
CLA 30665,Golden Age of Athens,"(3, 3)",,Undergraduate,
HONS 30194,Golden Age of Athens,"(3, 3)",,Undergraduate,
SPAN 37023,Golden Age Prose,"(3, 3)",,Undergraduate,
POLSC 27381,Gorbachev Revolution,"(3, 3)",,Undergraduate,
RUSS 25954,Gorkys Plays in English,"(1, 1)",,Undergraduate,
MUSPF 36250,Gospel Chorus,"(2, 2)",,Undergraduate,
SOC 3251B,Gotham,"(3, 3)",,Undergraduate,
ENGL 38779,Gothic Terrains,"(3, 3)",,Undergraduate,
ENGL 38750,Gothic Variations,"(3, 3)",,Undergraduate,
POLSC 27260,Gov & Pol Mod South Africa,"(3, 3)",,Undergraduate,
POLSC 31300,Gov Metropolitan Areas,"(3, 3)",,Undergraduate,
POLSC 27228,Government and Politics in Brazil,"(3, 3)",,Undergraduate,
POLSC 26200,Government and Politics in Central America,"(3, 3)",,Undergraduate,
LACS 43429,Government and Politics in Central American,"(3, 3)",,Undergraduate,
POLSC 26500,Government and Politics in Eastern Europe,"(3, 3)",,Undergraduate,
POLSC 25300,Government and Politics in Latin America,"(3, 3)",,Undergraduate,
POLSC 25600,Government and Politics in South and Southeast Asia,"(3, 3)",,Undergraduate,
POLSC 25200,Government and Politics in the Caribbean,"(3, 3)",,Undergraduate,
POLSC 26300,Government and Politics in the Middle East,"(3, 3)",,Undergraduate,
POLSC 25400,Government and Politics in Western Europe,"(3, 3)",,Undergraduate,
POLSC 27226,Government and Politics of Africa,"(3, 3)",,Undergraduate,
AFPRL 29088,Government and Politics of Africa,"(3, 3)",,Undergraduate,
POLSC 25700,Government and Politics of China,"(3, 3)",,Undergraduate,
POLSC 27234,Government and Politics of East Asia,"(3, 3)",,Undergraduate,
POLSC 26400,Government and Politics of Israel,"(3, 3)",,Undergraduate,
POLSC 25500,Government and Politics of Japan and Korea,"(3, 3)",,Undergraduate,
POLSC 35100,Government and Politics of Russia and the Post-Soviet States,"(3, 3)",,Undergraduate,
POLSC 26900,Governments and Politics of Northern Africa,"(3, 3)",,Undergraduate,
ANTHC 35400,Grammatical Analysis and Theory,"(3, 3)",,Undergraduate,
PH 41500,Grant Writing in Public Health,"(3, 3)",,Undergraduate,
MATH 39566,Graph Theory,"(3, 3)",,Undergraduate,
MATH 39566,Graph Theory,"(3, 3)",,Undergraduate,
CSCI 39576,Graph Theory 2,"(3, 3)",,Undergraduate,
MATH 39302,Graph Theory II,"(3, 3)",,Undergraduate,
ARTCR 30900,Graphic Communication,"(3, 3)",,Undergraduate,
URBS 4032F,Graphic Communications,"(3, 3)",,Undergraduate,
ENGL 49006,Graphic Narrative from the 19th Century to Present,"(3, 3)",,Undergraduate,
MEDP 39977,Graphic Novel,"(3, 3)",,Undergraduate,
CSCI 49370,Graphical User Interface Programming,"(3, 3)",,Undergraduate,
HR 22043,Grassroots Movements and Social Change,"(3, 3)",,Undergraduate,
ANTHC 33100,Grassroots Movements and Social Change,"(3, 3)",,Undergraduate,
HR 32031,Grassroots Movements and Social Change,"(3, 3)",,Undergraduate,
HONS 20140,Grdn Cities:NY,"(3, 3)",,Undergraduate,
ARTH 36001,Great Buildings of Islam,"(3, 3)",,Undergraduate,
HIST 34109,Great Ideas-West Civ,"(3, 3)",,Undergraduate,
PHILO 20300,Great Philosophers: Ancient and Medieval,"(3, 3)",,Undergraduate,
PHILO 20400,Great Philosophers: Modern and Contemporary,"(3, 3)",,Undergraduate,
POLSC 27308,Great Powers and Global Politics,"(3, 3)",,Undergraduate,
CLA 30604,Greek and Roman Didactic Poetry,"(3, 3)",,Undergraduate,
COMPL 33051,Greek and Roman Tragedy,"(3, 3)",,Undergraduate,
CLA 25000,Greek and Roman Tragedy,"(3, 3)",,Undergraduate,
CLA 221HE,Greek Archaeology,"(3, 3)",,Undergraduate,
CLARC 22100,Greek Archaeology,"(3, 3)",,Undergraduate,
ARTH 21500,Greek Art,"(3, 3)",,Undergraduate,
CLA 20100,Greek Civilization,"(3, 3)",,Undergraduate,
HIST 30200,Greek History,"(3, 3)",,Undergraduate,
CLA 30653,Greek History,"(3, 3)",,Undergraduate,
CLA 30658,Greek History,"(3, 3)",,Undergraduate,
GRK 30300,Greek Lyric Poetry,"(3, 3)",,Undergraduate,
HONS 30183,Greek Myths in Arts,"(3, 3)",,Undergraduate,
GRK 20500,Greek Prose Composition,"(2, 2)",,Undergraduate,
GRK 10300,Greek Prose Composition,"(2, 2)",,Undergraduate,
GRK 10400,Greek Prose Composition,"(2, 2)",,Undergraduate,
GRK 20600,Greek Prose Composition,"(1, 1)",,Undergraduate,
GRK 32002,Greek Stylistics and Rhetoric,"(3, 3)",,Undergraduate,
COMPL 33062,Greek Tragedy,"(3, 3)",,Undergraduate,
CLARC 32959,Greek World after Alexander,"(3, 3)",,Undergraduate,
PGEOG 38364,Green Roofs,"(3, 3)",,Undergraduate,
BIOL 47152,Gro & Trns Gro Fact,"(2, 2)",,Undergraduate,
SW 30N01,Group Work Essentials in the 21st Century,"(3, 3)",,Undergraduate,
WGS 30045,Growing up Female,"(3, 3)",,Undergraduate,
SOC 32564,Growing up Female,"(3, 3)",,Undergraduate,
WGSS 29001,Growing Up Girl,"(3, 3)",,Undergraduate,
AFPRL 29072,Growing Up Latino/Latina,"(3, 3)",,Undergraduate,
HEBR 34058,Grt Hbr Esayists-Eng,"(3, 3)",,Undergraduate,
MUSHL 26158,Grt Oprs of Mozart,"(3, 3)",,Undergraduate,
MUSHL 26182,"Grt, Oprs of Verdi","(3, 3)",,Undergraduate,
BIOL 47103,Gut Microbiome and Editing,"(3, 3)",,Undergraduate,
ANTHC 32066,Gypsies of the World,"(3, 3)",,Undergraduate,
PHILO 33857,Habermas,"(3, 3)",,Undergraduate,
ARTH 47001,Hagiography in Buddist Art,"(3, 3)",,Undergraduate,
ANTHC 40186,Haiti: Doctorshp & Dem,"(3, 3)",,Undergraduate,
THEA 39783,"Hamlet: Txt,Crit & Per","(3, 3)",,Undergraduate,
MUSHL 22756,Handel: Master Composer,"(3, 3)",,Undergraduate,
ENGL 38866,Hardy & Lawrence,"(3, 3)",,Undergraduate,
AFPRL 39011,"Harlem in the Inter-War Years, 1918-1939","(3, 3)",,Undergraduate,
ENGL 39891,Harlem Renaissance,"(3, 3)",,Undergraduate,
MUSTH 23300,Harmony 2,"(3, 3)",,Undergraduate,
ENGL 38961,Harold Pinter,"(3, 3)",,Undergraduate,
ENGL 32969,Hawaii:Isl Paradis,"(3, 3)",,Undergraduate,
ENGL 39957,Hawthorne & Faulkner,"(3, 3)",,Undergraduate,
ENGL 39851,Hawthorne & Poe,"(3, 3)",,Undergraduate,
ENGL 39959,Hawthorne and James,"(3, 3)",,Undergraduate,
HR 22004,Health and Human Rights: Concepts & Challenges,"(3, 3)",,Undergraduate,
HIST 38220,Health and Society,"(3, 3)",,Undergraduate,
HED 30200,Health Appraisal and School,"(3, 3)",,Undergraduate,
PH 32300,Health Aspects of Aging,"(3, 3)",,Undergraduate,
NURS 38100,Health Assessment Throughout the Lifespan,"(3, 3)",,Undergraduate,
PSYCH 36300,Health Behavior Change,"(3, 3)",,Undergraduate,
PH 40500,Health Care Systems and Health Policy,"(3, 3)",,Undergraduate,
PH 30400,Health Communication Practice,"(3, 3)",,Undergraduate,
PH 40080,Health Coun in the Com,"(3, 3)",,Undergraduate,
PH 30600,Health Disparities and Health Equity,"(3, 3)",,Undergraduate,
AFPRL 29077,"Health Disparities, Gender and Policy","(3, 3)",,Undergraduate,
WGS 20028,"Health Disparities, Gender and Policy","(3, 3)",,Undergraduate,
ECO 37500,Health Economics,"(3, 3)",,Undergraduate,
HED 31400,Health Education for the Classroom Teacher,"(3, 3)",,Undergraduate,
GEOG 38311,Health Equity in the U.S.: Policies and Politics,"(3, 3)",,Undergraduate,
NURS 42200,Health Policy and Leadership,"(3, 3)",,Undergraduate,
COMSC 20079,Health Professional Writing,"(3, 3)",,Undergraduate,
PH 20079,Health Professional Writing,"(3, 3)",,Undergraduate,
PH 30200,Health Program Planning and Evaluation,"(3, 3)",,Undergraduate,
PSYCH 39558,Health Psychology,"(3, 3)",,Undergraduate,
PSYCH 24200,Health Psychology,"(3, 3)",,Undergraduate,
PH 20071,Health Science Critical Thinking,"(3, 3)",,Undergraduate,
COMSC 20071,Health Science: Critical Thinking,"(3, 3)",,Undergraduate,
ECC 31400,"Health, Family, and Community Partnerships","(3, 3)",,Undergraduate,
HEBR 35759,Heb Grammr Comp Conv,"(3, 3)",,Undergraduate,
HEBR 37100,Hebr Conversation 1,"(3, 3)",,Undergraduate,
HEBR 37200,Hebr Conversation 2,"(3, 3)",,Undergraduate,
HEBR 45164,Hebr Sem:Yehoshua&Oz,"(3, 3)",,Undergraduate,
HEBR 21500,Hebraic and Judaic Culture and Thought In Islamic Societies,"(3, 3)",,Undergraduate,
HEBR 22400,Hebrew and Israeli Songs and Poems,"(3, 3)",,Undergraduate,
HEBR 25070,Hebrew Bible in Early Judaism and Christianity,"(3, 3)",,Undergraduate,
HEBR 35767,Hebrew Conversation,"(3, 3)",,Undergraduate,
HEBR 20400,Hebrew for Heritage Speakers 2,"(3, 3)",,Undergraduate,
HEBR 35100,Hebrew Grammar and Composition,"(3, 3)",,Undergraduate,
HEBR 32600,Hebrew Poetry Between The Two World Wars,"(3, 3)",,Undergraduate,
HED 30055,Hed For Teachers,"(3, 3)",,Undergraduate,
PHILO 38070,Hegel,"(3, 3)",,Undergraduate,
ENGL 49055,"Hegel, Marx, and Black Narrative","(3, 3)",,Undergraduate,
ENGL 49055,"Hegel, Marx, and Black Narrative","(3, 3)",,Undergraduate,
PHILO 38083,Heidegger,"(3, 3)",,Undergraduate,
PHILO 33854,Heidegger,"(3, 3)",,Undergraduate,
CLA 24061,Helenistic Archy,"(3, 3)",,Undergraduate,
HIST 34102,Hellenistic Age,"(3, 3)",,Undergraduate,
CLARC 32600,Hellenistic Archaeology,"(3, 3)",,Undergraduate,
CLARC 32964,Hellenistic Bronze Sculpture in Context,"(3, 3)",,Undergraduate,
CLARC 32956,Hellenistic Cities,"(3, 3)",,Undergraduate,
CLA 20200,Hellenistic Civilization,"(3, 3)",,Undergraduate,
CLA 30654,Hellenistic History,"(3, 3)",,Undergraduate,
NURS 49964,Helth Care/Oldr Adlt,"(3, 3)",,Undergraduate,
MLSP 34900,Hematology,"(3, 3)",,Undergraduate,
ENGL 32977,Hemisheric Representations Iin Pre-Modern Identity in the Americas,"(3, 3)",,Undergraduate,
ENGL 38982,Henry D. Thoreau,"(3, 3)",,Undergraduate,
ENGL 38950,Henry James,"(3, 3)",,Undergraduate,
ENGL 38645,Henry James and Edith Wharton,"(3, 3)",,Undergraduate,
GRK 30900,Herodotus,"(3, 3)",,Undergraduate,
ENGL 38563,Heroic Masculinity,"(3, 3)",,Undergraduate,
ENGL 20074,Heroines,"(3, 3)",,Undergraduate,
WGS 3001L,Heroines,"(3, 3)",,Undergraduate,
ENGL 39844,Heroines,"(3, 3)",,Undergraduate,
ENGL 20074,Heroines,"(3, 3)",,Undergraduate,
GRK 31101,Hesiod,"(3, 3)",,Undergraduate,
HIST 48357,Hi Chldhd in US Hnrs,"(3, 3)",,Undergraduate,
CSCI 39557,Hi-Perf.Systems Development,"(3, 3)",,Undergraduate,
HIST 34168,Hi-South Since 1865,"(3, 3)",,Undergraduate,
ENGL 25090,High Fantasy,"(3, 3)",,Undergraduate,
HR 22044,High Tech Totalitarianism: How China’s Orwellian Nightmare Impacts the International Order,"(3, 3)",,Undergraduate,
CSCI 39452,High Technology Law,"(2, 2)",,Undergraduate,
ARTH 47003,Himalayan Art: Visual Language and Narrative,"(3, 3)",,Undergraduate,
REL 32000,Hinduism,"(3, 3)",,Undergraduate,
DAN 25265,Hip Hop Dance 1,"(2, 2)",,Undergraduate,
DAN 35265,Hip Hop Dance 2,"(2, 2)",,Undergraduate,
AFPRL 2901L,Hip Hop Feminisms,"(3, 3)",,Undergraduate,
ENGL 25012,Hip Hop Feminisms,"(3, 3)",,Undergraduate,
AFPRL 29080,Hip Hop Feminisms,"(3, 3)",,Undergraduate,
WGST 29002,Hip Hop Feminisms,"(3, 3)",,Undergraduate,
FREN 36520,Hip Hop Littéraure et Sociéte,"(3, 3)",,Undergraduate,
HIST 49207,His US-Lat Am Rlat,"(3, 3)",,Undergraduate,
MUSHL 26178,Hispanic and Caribbean Music,"(3, 3)",,Undergraduate,
SPAN 37147,Hispanic Film: Shuttering Narratives,"(3, 3)",,Undergraduate,
SPAN 37144,Hispanophone Literature of the Caribbean and Transatlantic Spanish System,"(3, 3)",,Undergraduate,
HIST 34135,Hist 17C Britain,"(3, 3)",,Undergraduate,
HIST 34177,Hist Amer Educ,"(3, 3)",,Undergraduate,
HIST 34188,Hist Asn Amer in US,"(3, 3)",,Undergraduate,
HIST 49255,Hist Christny in U.S,"(3, 3)",,Undergraduate,
HIST 34146,Hist Chstnty-1000 Yrs,"(3, 3)",,Undergraduate,
LACS 43456,Hist Compar Slavy,"(3, 3)",,Undergraduate,
HIST 34105,Hist Compar Slavy,"(3, 3)",,Undergraduate,
HIST 49257,Hist Educ in US Hnrs,"(3, 3)",,Undergraduate,
HIST 34182,Hist Family in U.S.,"(3, 3)",,Undergraduate,
THEA 39759,Hist of the Musical,"(3, 3)",,Undergraduate,
THEA 29755,Hist of Amer Musical,"(3, 3)",,Undergraduate,
HIST 14158,Hist of Amer Women,"(3, 3)",,Undergraduate,
HIST 34158,Hist of Amer Women,"(3, 3)",,Undergraduate,
HIST 3411V,Hist of Arab-Israeli Relations,"(3, 3)",,Undergraduate,
HIST 34186,Hist of Christnty-US,"(3, 3)",,Undergraduate,
HIST 38252,Hist of Educ in U.S.,"(3, 3)",,Undergraduate,
HIST 33900,Hist of Habsburg Emp,"(3, 3)",,Undergraduate,
HIST 25056,Hist of Med to 1650,"(3, 3)",,Undergraduate,
HIST 25045,Hist of New York Cty,"(3, 3)",,Undergraduate,
NURS 39998,Hist of Nursing Organization,"(3, 3)",,Undergraduate,
PHILO 20051,Hist of Philosophy I,"(3, 3)",,Undergraduate,
HIST 25060,Hist of Poland,"(3, 3)",,Undergraduate,
LACS 43459,Hist of the Domican Republic,"(3, 3)",,Undergraduate,
HIST 38257,Hist of US West,"(3, 3)",,Undergraduate,
HIST 37300,Hist Ottoman Empir,"(3, 3)",,Undergraduate,
HIST 38204,Hist Std Sem: Gandhi,"(3, 3)",,Undergraduate,
HIST 34121,Hist/Mem-Make Am Cul,"(3, 3)",,Undergraduate,
BIOL 47081,Hist: Med & Human Biology,"(2, 2)",,Undergraduate,
AFPRL 39078,Hist:Civilization Rights Move,"(3, 3)",,Undergraduate,
WGS 30098,Hist:Womn in Mod Eur,"(3, 3)",,Undergraduate,
ANTHC 32061,Historical Archeology,"(3, 3)",,Undergraduate,
MUSHL 26128,Historical Discourse of Visual Art and Music,"(3, 3)",,Undergraduate,
ANTHC 32750,Historical Ecology,"(3, 3)",,Undergraduate,
HIST 25000,Historical Issues,"(3, 3)",,Undergraduate,
HIST 29100,Historical Methods,"(3, 3)",,Undergraduate,
POLSC 21799,Historical Presidentional Elec,"(3, 3)",,Undergraduate,
HIST 30000,Historical Research,"(3, 3)",,Undergraduate,
HIST 40000,Historical Research Honors,"(3, 3)",,Undergraduate,
HIST 39100,Historical Restoration and Museum Work,"(3, 3)",,Undergraduate,
FILM 29938,Histories & Theories of Animation,"(3, 3)",,Undergraduate,
MEDIA 29938,Histories & Theories of Animation,"(3, 3)",,Undergraduate,
ENGL 49464,Histories of Rhetoric,"(3, 3)",,Undergraduate,
HIST 49206,History and Memory,"(3, 3)",,Undergraduate,
ANTHC 320A6,History Archaeology,"(3, 3)",,Undergraduate,
HIST 38356,History Childhood in U.S,"(3, 3)",,Undergraduate,
HIST 34175,History Childhood in US,"(3, 3)",,Undergraduate,
HIST 34189,History Jews in Spain,"(3, 3)",,Undergraduate,
HIST 38201,History NY Met 1865-1945,"(3, 3)",,Undergraduate,
HIST 33600,History of 20th-Century Germany,"(3, 3)",,Undergraduate,
HIST 28800,History of Africa to the 19th Century,"(3, 3)",,Undergraduate,
AFPRL 31700,History of African American Women,"(3, 3)",,Undergraduate,
HIST 25019,History of African Americans in the United States,"(3, 3)",,Undergraduate,
HIST 36000,History of American Diplomacy to 1900,"(3, 3)",,Undergraduate,
THEA 39775,History of American Theater,"(3, 3)",,Undergraduate,
ANTHC 31800,History of Anthropological Theory,"(3, 3)",,Undergraduate,
JS 35005,History of Anti-Semitism,"(3, 3)",,Undergraduate,
AFPRL 39088,History of Blacks in New York,"(3, 3)",,Undergraduate,
LACS 43464,History of Brazil,"(3, 3)",,Undergraduate,
HIST 34122,History of Brazil,"(3, 3)",,Undergraduate,
LACS 43464,History of Brazil,"(3, 3)",,Undergraduate,
MEDIA 27000,"History of Broadcast Radio, Television and Streaming","(3, 3)",,Undergraduate,
HIST 34159,History of Central America,"(3, 3)",,Undergraduate,
HIST 25002,History of Central Asia,"(3, 3)",,Undergraduate,
HIST 38250,History of Christianity in the United States,"(3, 3)",,Undergraduate,
HIST 3411W,History of Cuba,"(3, 3)",,Undergraduate,
HIST 25018,History of Cuba,"(3, 3)",,Undergraduate,
EDFDN 30100,History of Education,"(2, 2)",,Undergraduate,
HIST 32900,History of European Diplomacy,"(3, 3)",,Undergraduate,
ARTH 38200,History of Film as a Visual Art,"(3, 3)",,Undergraduate,
WGSL 29011,History of Humanitarian Aid to sub-Saharan Africa,"(3, 3)",,Undergraduate,
HIST 25013,History of Humanitarian Aid to sub-Saharan Africa,"(3, 3)",,Undergraduate,
ITAL 36577,History of Italian Language,"(3, 3)",,Undergraduate,
HIST 33800,History of Italy,"(3, 3)",,Undergraduate,
MUSHL 21700,History of Jazz,"(3, 3)",,Undergraduate,
ANTHC 40189,History of Jazz,"(3, 3)",,Undergraduate,
AFPRL 29001,History of Jazz,"(3, 3)",,Undergraduate,
HIST 25026,History of Jewish Music,"(3, 3)",,Undergraduate,
HIST 25082,History of Jewish Mysticism,"(3, 3)",,Undergraduate,
HIST 21000,History of Judaism,"(3, 3)",,Undergraduate,
JS 25007,History of Judaism,"(3, 3)",,Undergraduate,
LACS 43478,History of Latin America in the 19th and 20th Centuries,"(3, 3)",,Undergraduate,
HIST 27200,History of Latin America in the 19th and 20th Centuries,"(3, 3)",,Undergraduate,
ANTHC 32078,History of Linguistics,"(3, 3)",,Undergraduate,
HIST 34104,History of Mexico,"(3, 3)",,Undergraduate,
ARTH 35116,History of Modern Craft and Design,"(3, 3)",,Undergraduate,
HIST 33500,History of Modern France,"(3, 3)",,Undergraduate,
HEBR 32500,History of Modern Hebrew Literature,"(3, 3)",,Undergraduate,
HIST 26100,"History of Modern India and South Asia, 1526 - the present","(3, 3)",,Undergraduate,
HIST 39000,History of Modern West Africa,"(3, 3)",,Undergraduate,
HIST 35300,History of New York City,"(3, 3)",,Undergraduate,
HIST 14160,History of New York City,"(3, 3)",,Undergraduate,
THEA 39777,History of Opera,"(3, 3)",,Undergraduate,
ARTH 28000,History of Photography,"(3, 3)",,Undergraduate,
HIST 25068,History of President Elections,"(3, 3)",,Undergraduate,
MEDIA 39100,History of Print Journalism,"(3, 3)",,Undergraduate,
PSYCH 24500,History of Psychology,"(3, 3)",,Undergraduate,
AFPRL 44200,History of Puerto Rican Labor Movement,"(3, 3)",,Undergraduate,
MUSHL 26129,History of Rap Music,"(3, 3)",,Undergraduate,
HIST 31600,History of Religion in the United States,"(3, 3)",,Undergraduate,
AFPRL 39017,History of Resistance in the African Diaspora,"(3, 3)",,Undergraduate,
ENGL 34051,History of Rhetoric: Ancient and Modern,"(3, 3)",,Undergraduate,
MUSHL 22000,History of Rock,"(3, 3)",,Undergraduate,
MUSHL 26119,"History of Soul Music, 1963–1974","(3, 3)",,Undergraduate,
HIST 38900,History of South Asia,"(3, 3)",,Undergraduate,
HIST 33700,History of Spain,"(3, 3)",,Undergraduate,
HIST 25009,History of Sports in the U.S. from Colonial Era to Present,"(3, 3)",,Undergraduate,
HIST 31700,History of the American City,"(3, 3)",,Undergraduate,
HIST 38236,History of the American Revolution,"(3, 3)",,Undergraduate,
HIST 31800,History of the American Working Class,"(3, 3)",,Undergraduate,
HIST 30100,History of the Ancient Near East,"(3, 3)",,Undergraduate,
ENGL 49413,History of the Book,"(3, 3)",,Undergraduate,
AFPRL 23900,History of the Dominican Republic until 1898,"(3, 3)",,Undergraduate,
ENGL 33200,History of the English Language,"(3, 3)",,Undergraduate,
HIST 25012,History of the Family in America,"(3, 3)",,Undergraduate,
JS 31600,History of the Holocaust,"(3, 3)",,Undergraduate,
HIST 32100,History of the Holocaust,"(3, 3)",,Undergraduate,
HIST 20800,History of the Jews,"(3, 3)",,Undergraduate,
JS 25005,History of the Jews,"(3, 3)",,Undergraduate,
HIST 34129,History of the Ottoman Empire,"(3, 3)",,Undergraduate,
THEA 27000,History of Theater I,"(3, 3)",,Undergraduate,
THEA 27100,History of Theatre II,"(3, 3)",,Undergraduate,
HIST 49262,History of US West-Honors,"(3, 3)",,Undergraduate,
HIST 25089,History of Western Medicine to 1800,"(3, 3)",,Undergraduate,
HIST 38233,"History of WWII, 1937-1949","(3, 3)",,Undergraduate,
HIST 29000,History Practicum,"(3, 3)",,Undergraduate,
URBS 40308,History Social Movement,"(3, 3)",,Undergraduate,
HONS 20130,"History, Philosophy, and Literature in the Dialogues of Plato","(3, 3)",,Undergraduate,
HIST 48461,Hitler's Germany,"(3, 3)",,Undergraduate,
HIST 38461,Hitler's Germany,"(3, 3)",,Undergraduate,
NURS 34500,HIV/AIDS: an Interdisciplinary Perspective for Health Care Providers,"(3, 3)",,Undergraduate,
PH 32600,HIV/AIDS: An Interdisciplinary Perspective for Health Care Providers,"(3, 3)",,Undergraduate,
HIST 48460,Hlth & Dis-Eur(Honors),"(3, 3)",,Undergraduate,
HED 30052,Hlth Ed For Elem Sch,"(3, 3)",,Undergraduate,
NURS 34100,Hlth Pro With Worker,"(3, 3)",,Undergraduate,
NFS 20079,Hlth Profess Writing,"(3, 3)",,Undergraduate,
NFS 20071,Hlth Sci:Crit Thnkng,"(3, 3)",,Undergraduate,
HIST 38460,Hlth&Dises-Er Md Eur,"(3, 3)",,Undergraduate,
HIST 25061,"Hlth,Med & Soc-Europ","(3, 3)",,Undergraduate,
LACS 43480,Hmn Rgts:Viol&Protc,"(3, 3)",,Undergraduate,
HIST 3411K,Hollywood and History: Understanding American Slavery through Film,"(3, 3)",,Undergraduate,
HEBR 34056,Holocaust in Hebr Lt,"(3, 3)",,Undergraduate,
ENGL 25060,Holocaust Poetry,"(3, 3)",,Undergraduate,
URBS 4032K,Homeless Policy,"(3, 3)",,Undergraduate,
CLA 25300,Homer and Virgil,"(3, 3)",,Undergraduate,
ARTH 35110,"Homer, Eakins, and Early American Modernism","(3, 3)",,Undergraduate,
GRK 32004,Homeric Epic,"(3, 3)",,Undergraduate,
ANTHP 40173,Hominid Sites East Africa,"(3, 3)",,Undergraduate,
REL 34000,Homosexuality in World Religions,"(3, 3)",,Undergraduate,
PHILO 200F,Homr Darwn Bio Ws Th,"(3, 3)",,Undergraduate,
PHILO 20055,Homr-Darwn:Bio/Ws Th,"(3, 3)",,Undergraduate,
HEBR 45161,Hon Sem Cntp Hb Novl,"(3, 3)",,Undergraduate,
HEBR 45157,Hon Sem: Barash,"(3, 3)",,Undergraduate,
HEBR 45155,Hon Sem: Hebr Novel,"(3, 3)",,Undergraduate,
HEBR 45153,Hon Sem:Cntp Heb Lit,"(3, 3)",,Undergraduate,
SOC 47352,"Hon Sem:Food,Nut&Soc","(3, 3)",,Undergraduate,
HEBR 45159,Hon Sem:Grt Heb Esay,"(3, 3)",,Undergraduate,
17 49403,Hon: Passion Sel Nov,"(3, 3)",,Undergraduate,
MLS 49000,Honors,"(3, 3)",,Undergraduate,
AFPRL 49900,Honors,"(3, 3)",,Undergraduate,
PH 49000,Honors Community Health,"(3, 3)",,Undergraduate,
COMSC 49000,Honors Comsc,"(3, 3)",,Undergraduate,
EDUC 49000,Honors Course in Educational Research,"(2, 2)",,Undergraduate,
FREN 49100,Honors Course in French,"(3, 3)",,Undergraduate,
ITAL 49100,Honors Course in Italian,"(3, 3)",,Undergraduate,
NURS 49802,Honors Course in Nursing,"(2, 2)",,Undergraduate,
SPAN 49103,Honors Course in Spanish,"(3, 3)",,Undergraduate,
SPAN 49100,Honors Course in Spanish: Special Studies in Contemporary Latin American Literature,"(3, 3)",,Undergraduate,
SPAN 49200,Honors Course in Spanish: Special Studies in Spanish Literature,"(3, 3)",,Undergraduate,
NURS 49803,Honors Crs in Nrsg,"(3, 3)",,Undergraduate,
NURS 49804,Honors Crs in Nrsg,"(4, 4)",,Undergraduate,
ENGL 49500,Honors Essay:Ind Res,"(3, 3)",,Undergraduate,
ENGL 10N01,Honors Expository Writing,"(3, 3)",,Undergraduate,
CLA 49100,Honors in Classics,"(3, 3)",,Undergraduate,
DAN 49000,Honors in Dance,"(3, 3)",,Undergraduate,
PGEOG 49000,Honors in Environmental Studies,"(3, 3)",,Undergraduate,
GTECH 49000,Honors in Geographic Information Science,"(3, 3)",,Undergraduate,
GEOG 49000,Honors in Geography,"(3, 3)",,Undergraduate,
GEOL 49000,Honors in Geology,"(3, 3)",,Undergraduate,
HED 49000,Honors In Health Education,"(3, 3)",,Undergraduate,
NFS 49000,Honors in Nutrition and Food Science,"(3, 3)",,Undergraduate,
PSYCH 39600,Honors in Psychology,"(3, 3)",,Undergraduate,
PSYCH 39800,Honors in Psychology,"(3, 3)",,Undergraduate,
SOC 47200,Honors Independent Study,"(3, 3)",,Undergraduate,
BIOL 16000,Honors Principles of Biology 2,"(5, 5)",,Undergraduate,
GERMN 49100,Honors Project,"(3, 3)",,Undergraduate,
HEBR 49100,Honors Project,"(3, 3)",,Undergraduate,
MEDIA 40200,Honors Project,"(3, 3)",,Undergraduate,
THEA 49900,Honors Project,"(3, 3)",,Undergraduate,
FILM 40200,Honors Project,"(3, 3)",,Undergraduate,
MUSTH 49100,Honors Project,"(3, 3)",,Undergraduate,
COMPL 39100,Honors Project,"(3, 3)",,Undergraduate,
COMPL 39000,Honors Project,"(3, 3)",,Undergraduate,
MUSTH 49200,Honors Project,"(3, 3)",,Undergraduate,
COMPL 49000,Honors Project,"(3, 3)",,Undergraduate,
RUSS 49100,Honors Project,"(3, 3)",,Undergraduate,
ENGL 39100,Honors Project,"(3, 3)",,Undergraduate,
ECO 49900,Honors Project,"(3, 3)",,Undergraduate,
ANTHC 40000,Honors Projects,"(3, 3)",,Undergraduate,
HIST 49200,Honors Sem Hist Stud,"(3, 3)",,Undergraduate,
REL 45055,Honors Sem: Rel,"(3, 3)",,Undergraduate,
REL 45062,Honors Sem: Rel,"(3, 3)",,Undergraduate,
REL 45057,Honors Sem: Rel,"(3, 3)",,Undergraduate,
REL 45058,Honors Sem: Rel,"(3, 3)",,Undergraduate,
HEBR 45154,Honors Sem:Hazaz,"(3, 3)",,Undergraduate,
HEBR 45152,Honors Sem:Holocaust,"(3, 3)",,Undergraduate,
MATH 49000,Honors Seminar,"(3, 3)",,Undergraduate,
SOC 42512,Honors Seminar,"(3, 3)",,Undergraduate,
ENGL 49490,Honors Seminar,"(3, 3)",,Undergraduate,
ENGL 49489,Honors Seminar,"(3, 3)",,Undergraduate,
ENGL 49483,Honors Seminar,"(3, 3)",,Undergraduate,
ENGL 49485,Honors Seminar,"(3, 3)",,Undergraduate,
SOC 72512,Honors Seminar,"(3, 3)",,Undergraduate,
ENGL 49491,Honors Seminar,"(3, 3)",,Undergraduate,
ENGL 49488,Honors Seminar,"(3, 3)",,Undergraduate,
SOC 47400,Honors Seminar,"(3, 3)",,Undergraduate,
SOC 47300,Honors Seminar,"(3, 3)",,Undergraduate,
ENGL 49481,Honors Seminar,"(3, 3)",,Undergraduate,
WGS 40054,Honors Seminar,"(3, 3)",,Undergraduate,
SOC 47400,Honors Seminar,"(3, 3)",,Undergraduate,
SOC 47300,Honors Seminar,"(3, 3)",,Undergraduate,
HEBR 45162,Honors Seminar : Yehoshua and Oz,"(3, 3)",,Undergraduate,
SOC 47351,Honors Seminar Am Paradox,"(3, 3)",,Undergraduate,
HEBR 45156,Honors Seminar in Brener,"(3, 3)",,Undergraduate,
ECO 49600,Honors Seminar in Economics,"(3, 3)",,Undergraduate,
REL 45066,Honors Seminar in Religion,"(3, 3)",,Undergraduate,
REL 45070,Honors Seminar in Religion,"(3, 3)",,Undergraduate,
REL 45068,Honors Seminar in Religion,"(3, 3)",,Undergraduate,
REL 45067,Honors Seminar in Religion,"(3, 3)",,Undergraduate,
REL 45069,Honors Seminar in Religion,"(3, 3)",,Undergraduate,
REL 45000,Honors Seminar in Religion,"(3, 3)",,Undergraduate,
REL 45065,Honors Seminar in Religion,"(3, 3)",,Undergraduate,
REL 45064,Honors Seminar in Religion,"(3, 3)",,Undergraduate,
REL 45063,Honors Seminar Religion,"(3, 3)",,Undergraduate,
REL 45056,Honors Seminar: Religion,"(3, 3)",,Undergraduate,
ENGL 49469,Honors Seminar: Special Studies,"(3, 3)",,Undergraduate,
ENGL 49400,Honors Seminar: Special Studies,"(3, 3)",,Undergraduate,
HEBR 45151,Honors Seminar:Agnon,"(3, 3)",,Undergraduate,
HEBR 45158,Honors Seminar:Berdichevsky,"(3, 3)",,Undergraduate,
POLSC 49101,Honors Thesis Research,"(2, 2)",,Undergraduate,
REL 49003,Honors Tutorial,"(3, 3)",,Undergraduate,
PHILO 49406,Honors Tutorial,"(6, 6)",,Undergraduate,
PHILO 49403,Honors Tutorial,"(3, 3)",,Undergraduate,
REL 49006,Honors Tutorial,"(6, 6)",,Undergraduate,
REL 49000,Honors Tutorial in Religion,"(None, None)",,Undergraduate,
SOC 47100,Honors/Independent Study,"(3, 3)",,Undergraduate,
HONS 30153,Honors: Baroque,"(3, 3)",,Undergraduate,
HONS 30154,Honors: Bio & Values,"(3, 3)",,Undergraduate,
EDUC 49100,Honors: Education Research,"(3, 3)",,Undergraduate,
ENGL 48470,Honors:Poetry Wrtng,"(3, 3)",,Undergraduate,
BIOL 49002,Hons Research in Biology,"(2, 2)",,Undergraduate,
BIOL 49001,Hons Research in Biology,"(1, 1)",,Undergraduate,
ENGL 49497,Hons Sem:Comic Altnt,"(3, 3)",,Undergraduate,
HONS 10198,Hons Writing I,"(3, 3)",,Undergraduate,
HONS 10199,Hons Writing I,"(3, 3)",,Undergraduate,
BIOL 47121,Horror in Film,"(3, 3)",,Undergraduate,
HONS 30124,Horror in Film: How Afraid are We?,"(3, 3)",,Undergraduate,
GERMN 33500,Horspiel:Radio Plays,"(3, 3)",,Undergraduate,
ENGL 35805,Hortense J. Spillers & Barbara Johnson,"(3, 3)",,Undergraduate,
EDUC 40150,Host School Seminar,"(1, 1)",,Undergraduate,
EDFDN 40410,Host School Seminars,"(1, 1)",,Undergraduate,
BIOL 47169,Hot Topics:Neuro Biology,"(3, 3)",,Undergraduate,
URBS 40392,Housing and the American City,"(3, 3)",,Undergraduate,
URBS 40307,Housing: NYC Neighborhoods,"(3, 3)",,Undergraduate,
THEA 39730,How Actors Read Plays,"(3, 3)",,Undergraduate,
ITAL 37041,How to Read & Interpret Italian Literature: From Torquato Tasso to Umberto Eco,"(3, 3)",,Undergraduate,
ENGL 25653,Hrlm Renaiss:Lit,"(3, 3)",,Undergraduate,
HEBR 45160,Hs: Hbr Lt-Kibutz Thm,"(3, 3)",,Undergraduate,
HIST 34192,Hst 20C East/Cen Eur,"(3, 3)",,Undergraduate,
ARTH 39965,Hudson River School,"(3, 3)",,Undergraduate,
LACS 43407,Hum Rghts&Hmntrn Int,"(3, 3)",,Undergraduate,
HIST 48553,Hum Rt & Bas Need-Amer,"(3, 3)",,Undergraduate,
HIST 38566,Hum Rt+Dv Af/Lat Am,"(3, 3)",,Undergraduate,
HIST 48555,Hum Rts & Humtrn Intrv,"(3, 3)",,Undergraduate,
HIST 38555,Hum Rts & Humtrn Intrv,"(3, 3)",,Undergraduate,
HONS 30129,Hum Rts/Pst-Conf Soc,"(3, 3)",,Undergraduate,
PSYCH 39099,Hum-Anim Behav & Cons,"(3, 3)",,Undergraduate,
ANTHP 30600,Human Anatomy,"(3, 3)",,Undergraduate,
SW 33000,Human Behavior in the Social Environment 1,"(3, 3)",,Undergraduate,
SW 33100,Human Behavior in the Social Environment 2,"(3, 3)",,Undergraduate,
BIOL 12500,Human Biology,"(5, 5)",,Undergraduate,
HMBIO 40100,Human Biology Senior Capstone,"(3, 3)",,Undergraduate,
PSYCH 39073,Human Communication Processes,"(3, 3)",,Undergraduate,
PSYCH 38104,Human Culture & Animal Behavior Perspectives in Conservation & Human-wildlife Conflict,"(3, 3)",,Undergraduate,
PSYCH 15000,Human Development,"(3, 3)",,Undergraduate,
ECF 20000,"Human Development and Theories of Learning, Prenatal-Age 8","(3, 3)",,Undergraduate,
ANTHC 30800,Human Ecology,"(3, 3)",,Undergraduate,
ANTHP 10100,Human Evolution,"(4, 4)",,Undergraduate,
ANTHP 31600,Human Evolutionary Adaptations,"(3, 3)",,Undergraduate,
ANTHP 30100,Human Fossil Record,"(3, 3)",,Undergraduate,
ANTHP 30200,Human Genetics,"(3, 3)",,Undergraduate,
MLS 34700,Human Histology,"(3, 3)",,Undergraduate,
HONS 20185,Human Life History,"(3, 3)",,Undergraduate,
ANTHP 40177,Human Osteology,"(3, 3)",,Undergraduate,
MLS 31200,Human Physiology: Integration and Control,"(3, 3)",,Undergraduate,
HIST 38553,Human Resolution & Basic Needs in America,"(3, 3)",,Undergraduate,
HONS 20134,Human Rights,"(3, 3)",,Undergraduate,
LACS 43446,Human Rights & Area Studies,"(3, 3)",,Undergraduate,
LACS 43404,Human Rights & Bas Nds: Am,"(3, 3)",,Undergraduate,
ENGL 39071,Human Rights & Literature,"(3, 3)",,Undergraduate,
AFPRL 2901A,Human Rights & Mass Incarceration,"(3, 3)",,Undergraduate,
HR 22040,Human Rights & Mass Incarceration,"(3, 3)",,Undergraduate,
HR 30N01,Human Rights and Access to Medicine,"(3, 3)",,Undergraduate,
HR 22036,Human Rights and Climate Change,"(3, 3)",,Undergraduate,
POLSC 37271,Human Rights and Conflict in Africa,"(3, 3)",,Undergraduate,
ANTHC 32046,Human Rights and Conflict in Africa,"(3, 3)",,Undergraduate,
HR 32001,Human Rights and Conflict in Africa,"(3, 3)",,Undergraduate,
HR 30N04,Human Rights and Conflict in Africa,"(3, 3)",,Undergraduate,
HR 22034,Human Rights and Corruption,"(3, 3)",,Undergraduate,
HR 22050,Human Rights and Democracy,"(3, 3)",,Undergraduate,
HR 30N09,Human Rights and Economic Development,"(3, 3)",,Undergraduate,
HR 30N07,Human Rights and Human Diversiity,"(3, 3)",,Undergraduate,
POLSC 29425,Human Rights and Its Critics,"(3, 3)",,Undergraduate,
HR 30N18,Human Rights and National Security,"(3, 3)",,Undergraduate,
HR 22033,Human Rights and Persons with Disabilities: Issues and Institutions,"(3, 3)",,Undergraduate,
HR 30N05,Human Rights and The Arab Spring: Before and After,"(3, 3)",,Undergraduate,
HR 30N12,Human Rights and The Environment,"(3, 3)",,Undergraduate,
HR 32004,Human Rights and the Impact of the Media,"(3, 3)",,Undergraduate,
HR 22029,Human Rights and U.S. Foreign Policy,"(3, 3)",,Undergraduate,
HR 22035,Human Rights and Violence,"(3, 3)",,Undergraduate,
HR 35000,Human Rights Capstone Seminar,"(3, 3)",,Undergraduate,
ASIAN 33025,Human Rights in China,"(3, 3)",,Undergraduate,
HR 22025,Human Rights in China,"(3, 3)",,Undergraduate,
WGSA 29012,Human Rights in Literature and Film,"(3, 3)",,Undergraduate,
ENGL 25112,Human Rights in Literature and Film,"(3, 3)",,Undergraduate,
HR 22002,Human Rights in Russia and the Former Soviet States,"(3, 3)",,Undergraduate,
POLSC 27230,Human Rights in the Middle East and North Africa,"(3, 3)",,Undergraduate,
HR 25000,Human Rights Internship,"(3, 3)",,Undergraduate,
HR 26000,Human Rights Internship Seminar,"(3, 3)",,Undergraduate,
HR 30N10,Human Rights Interventions,"(3, 3)",,Undergraduate,
ANTHC 32159,Human Rights of Indigenous People,"(3, 3)",,Undergraduate,
POLSC 30469,Human Rights Politics,"(3, 3)",,Undergraduate,
PHILO 39462,Human Rights Politics,"(3, 3)",,Undergraduate,
HR 22054,Human Rights Resistance to Authoritarians,"(3, 3)",,Undergraduate,
POLSC 37208,Human Rights Under Authoritarianisms-Totalitarianisms,"(3, 3)",,Undergraduate,
HR 32007,Human Rights Under Authoritarianisms-Totalitarianisms,"(3, 3)",,Undergraduate,
POLSC 20475,"Human Rights, Democracy Promotion, and Development","(3, 3)",,Undergraduate,
LACS 43460,Human Rights: Indigenous People,"(3, 3)",,Undergraduate,
LACS 43488,Human Rights: Organ and Strt,"(3, 3)",,Undergraduate,
PH 32400,Human Sexuality,"(3, 3)",,Undergraduate,
ANTHP 40151,Human Skeletal Biology,"(3, 3)",,Undergraduate,
HR 22021,Human Trafficking and the Law,"(3, 3)",,Undergraduate,
HONS 2012M,Human Value,"(3, 3)",,Undergraduate,
ANTHP 40174,Human Variation,"(3, 3)",,Undergraduate,
ANTHP 10200,Human Variation,"(4, 4)",,Undergraduate,
HIST 34115,Humanrts/Bas Needs A,"(3, 3)",,Undergraduate,
PHILO 38063,Hume,"(3, 3)",,Undergraduate,
PHILO 39361,Hume's Skepticism,"(3, 3)",,Undergraduate,
ENGL 25051,Humor in Literature,"(3, 3)",,Undergraduate,
ENGL 32958,Humor:Multicultural Literature,"(3, 3)",,Undergraduate,
SOC 42558,Hunger in America,"(3, 3)",,Undergraduate,
SOC 32538,Hunger in America,"(3, 3)",,Undergraduate,
ENGL 4941E,Hungry Listening: The Aural & Oral in African American Literature,"(3, 3)",,Undergraduate,
ENGL 49004,Hungry Listening: The Aural & Oral in African American Literature,"(3, 3)",,Undergraduate,
MUSHL 26192,Hunter at the Met,"(3, 3)",,Undergraduate,
MUSPF 36251,Hunter Chamber Singers,"(2, 2)",,Undergraduate,
PSYCH 39055,Hunter Poll-Analysis,"(3, 3)",,Undergraduate,
URBS 40374,Hunter Poll-Analysis,"(3, 3)",,Undergraduate,
POLSC 31711,Hunter Poll-Analysis,"(3, 3)",,Undergraduate,
PSYCH 39054,Hunter Polls NYC,"(3, 3)",,Undergraduate,
POLSC 31709,Hunter Polls NYC,"(3, 3)",,Undergraduate,
URBS 40373,Hunter Polls NYC,"(3, 3)",,Undergraduate,
SOC 32570,Hunter Polls NYC,"(3, 3)",,Undergraduate,
MUSPF 36203,Hunter String Ensemble,"(2, 2)",,Undergraduate,
MUSPF 23100,Hunter Symphony,"(1, 1)",,Undergraduate,
MUSPF 29153,Hunter Wind Ensemble,"(1, 1)",,Undergraduate,
MUSPF 29154,Hunter Wind Ensemble,"(1, 1)",,Undergraduate,
MUSPF 29151,Hunter Wind Ensemble,"(1, 1)",,Undergraduate,
MUSPF 36202,Hunter Wind Ensemble,"(2, 2)",,Undergraduate,
MUSPF 29155,Hunter Wind Ensemble,"(1, 1)",,Undergraduate,
MUSPF 29158,Hunter Wind Ensemble,"(1, 1)",,Undergraduate,
MUSPF 29152,Hunter Wind Ensemble,"(1, 1)",,Undergraduate,
MUSPF 29156,Hunter Wind Ensemble,"(1, 1)",,Undergraduate,
MUSPF 29157,Hunter Wind Ensemble,"(1, 1)",,Undergraduate,
SOC 32573,Hunter-Poll Analysis,"(3, 3)",,Undergraduate,
ANTHC 32064,Hunters & Gatherers,"(3, 3)",,Undergraduate,
PHILO 33852,Husserl,"(3, 3)",,Undergraduate,
FILMP 39902,"Hybrid Film: Blending Fiction, Documentary & Experimental Modes","(3, 3)",,Undergraduate,
MEDP 39902,"Hybrid Film: Blending Fiction, Documentary & Experimental Modes","(3, 3)",,Undergraduate,
PGEOG 33200,Hydrology,"(3, 3)",,Undergraduate,
COMPL 38171,Hysteria,"(3, 3)",,Undergraduate,
ENGL 38865,Ibsen Shaw Checkov,"(3, 3)",,Undergraduate,
ENGL 32961,Id Multicultural World,"(3, 3)",,Undergraduate,
REL 36154,Idea of Monstrous,"(3, 3)",,Undergraduate,
ENGL 38553,Idea of Rev; 19th Century Lit,"(3, 3)",,Undergraduate,
HIST 25051,Ideas in America,"(3, 3)",,Undergraduate,
REL 20600,Ideas of God in Contemporary Western Thought,"(3, 3)",,Undergraduate,
POLSC 31762,Ideas:Amer Politics,"(3, 3)",,Undergraduate,
ENGL 39059,Ideology and Art,"(3, 3)",,Undergraduate,
COMPL 38079,Ideology and Art,"(3, 3)",,Undergraduate,
RUSS 25620,Illness and Death in Russian Literature,"(3, 3)",,Undergraduate,
MEDP 29908,Illustration for Film and Media,"(3, 3)",,Undergraduate,
BIOL 39300,Image Analysis of Biological Structure,"(5, 5)",,Undergraduate,
WGSC 20012,"Image of the Terrorist:Gender,Race,& Sexuality:Cross-Clt Perspct","(3, 3)",,Undergraduate,
ENGL 39955,Image of Women American Literature,"(3, 3)",,Undergraduate,
HONS 20167,Image Woman Film/Art,"(3, 3)",,Undergraduate,
ENGL 38754,Image Women British Literature,"(3, 3)",,Undergraduate,
ENGL 33368,"Images of English Language, Learning, and Teaching","(3, 3)",,Undergraduate,
ENGL 38652,Images of Women in Literature,"(3, 3)",,Undergraduate,
HEBR 28400,"Images of Women in The Old Testament, in Translation","(3, 3)",,Undergraduate,
HONS 20175,Images of Wonder,"(3, 3)",,Undergraduate,
LACS 43455,Images PR Nat. Id,"(3, 3)",,Undergraduate,
FREN 36001,Imaginary Libraries,"(3, 3)",,Undergraduate,
ENGL 32984,Imaginary Worlds,"(3, 3)",,Undergraduate,
ENGL 31856,Imagining Asia,"(3, 3)",,Undergraduate,
ASIAN 33051,Imagining Asia,"(3, 3)",,Undergraduate,
ENGL 49058,Imagining History,"(3, 3)",,Undergraduate,
ENGL 49432,Imagining History: Philosophy of History Fiction,"(3, 3)",,Undergraduate,
ENGL 39092,Imgng:Fam Af Am Lt,"(3, 3)",,Undergraduate,
LACS 43468,Imm Emplymnt in NYC,"(3, 3)",,Undergraduate,
ARTCR 36045,"Immersive Art: VR, AR & and Interactive Experiences","(3, 3)",,Undergraduate,
HIST 14159,Immgrnt Exp in Amer,"(3, 3)",,Undergraduate,
WGS 30070,Immgrnt Wom in NYC,"(3, 3)",,Undergraduate,
AFPRL 2901F,Immigrant Civil and Human Rights: National Security and The Law,"(3, 3)",,Undergraduate,
WGSL 29014,Immigrant Civil and Human Rights: National Security and The Law,"(3, 3)",,Undergraduate,
ANTHC 40187,Immigrant Employment NY,"(3, 3)",,Undergraduate,
HONS 20120,Immigrant Exper. NYC,"(3, 3)",,Undergraduate,
SOC 3251D,Immigrant Families: Second Generation,"(3, 3)",,Undergraduate,
ENGL 32985,Immigrant Narratives,"(3, 3)",,Undergraduate,
HIST 34187,Immigrant Women in New York City,"(3, 3)",,Undergraduate,
HIST 35900,Immigration and Ethnicity in the United States,"(3, 3)",,Undergraduate,
SOC 32524,Immigration and the Economy,"(3, 3)",,Undergraduate,
ASIAN 49000,Immigration Policy,"(3, 3)",,Undergraduate,
POLSC 22100,Immigration Policy,"(3, 3)",,Undergraduate,
URBS 40396,Immigration Policy,"(3, 3)",,Undergraduate,
ASIAN 23006,Immigration Policy in Metropolitan NY,"(3, 3)",,Undergraduate,
URBS 40320,"Immigration, Education and Identity in the U.S.","(3, 3)",,Undergraduate,
PHILO 39486,"Immigration, Human Rights, and the Nation","(3, 3)",,Undergraduate,
PHILO 39486HE,"Immigration, Human Rights, and the Nation","(3, 3)",,Undergraduate,
MLSP 43000,Immunohematology,"(3, 3)",,Undergraduate,
MLS 46000,Immunology,"(3, 3)",,Undergraduate,
WGSC 15600,Imperial Russ Cult,"(3, 3)",,Undergraduate,
ARTH 39930,Impressionism,"(3, 3)",,Undergraduate,
ENGL 39051,Imprlsm&Its Discon,"(3, 3)",,Undergraduate,
DAN 22100,Improvisation,"(1, 1)",,Undergraduate,
MUSPF 36501,Improvisation & Composition for Classical Pianists,"(1, 1)",,Undergraduate,
DAN 25270,Improvisational Practices,"(2, 2)",,Undergraduate,
JPN 40303,In Search of the Lost Decade,"(3, 3)",,Undergraduate,
THEA 49801,In Service,"(1, 1)",,Undergraduate,
POLSC 49804,In Service,"(4, 4)",,Undergraduate,
DAN 49806,In Service,"(6, 6)",,Undergraduate,
ANTHP 49805,In Service,"(5, 5)",,Undergraduate,
ITAL 49801,In Service,"(1, 1)",,Undergraduate,
CHIN 49801,In Service,"(1, 1)",,Undergraduate,
DAN 49805,In Service,"(5, 5)",,Undergraduate,
PSYCH 49803,In Service,"(3, 3)",,Undergraduate,
GERMN 49803,In Service,"(3, 3)",,Undergraduate,
MUSHL 49803,In Service,"(3, 3)",,Undergraduate,
AFPRL 49804,In Service,"(4, 4)",,Undergraduate,
ITAL 49804,In Service,"(4, 4)",,Undergraduate,
CLA 49806,In Service,"(6, 6)",,Undergraduate,
POLSC 49802,In Service,"(2, 2)",,Undergraduate,
PSYCH 49805,In Service,"(5, 5)",,Undergraduate,
ITAL 49806,In Service,"(6, 6)",,Undergraduate,
CHIN 49803,In Service,"(3, 3)",,Undergraduate,
FREN 49804,In Service,"(4, 4)",,Undergraduate,
ENGL 49801,In Service,"(1, 1)",,Undergraduate,
POLSC 49806,In Service,"(6, 6)",,Undergraduate,
PHILO 49803,In Service,"(3, 3)",,Undergraduate,
SPAN 49803,In Service,"(3, 3)",,Undergraduate,
POLSC 49806,In Service,"(6, 6)",,Undergraduate,
AFPRL 49802,In Service,"(2, 2)",,Undergraduate,
PSYCH 49806,In Service,"(6, 6)",,Undergraduate,
THEA 49804,In Service,"(4, 4)",,Undergraduate,
SPAN 49801,In Service,"(1, 1)",,Undergraduate,
GERMN 49803,In Service,"(3, 3)",,Undergraduate,
FREN 49801,In Service,"(1, 1)",,Undergraduate,
ENGL 49803,In Service,"(3, 3)",,Undergraduate,
ENGL 49801,In Service,"(1, 1)",,Undergraduate,
POLSC 49802,In Service,"(2, 2)",,Undergraduate,
PSYCH 49804,In Service,"(4, 4)",,Undergraduate,
CHIN 49806,In Service,"(6, 6)",,Undergraduate,
GERMN 49805,In Service,"(5, 5)",,Undergraduate,
DAN 49801,In Service,"(1, 1)",,Undergraduate,
DAN 49804,In Service,"(4, 4)",,Undergraduate,
CHIN 49802,In Service,"(2, 2)",,Undergraduate,
CHIN 49803,In Service,"(3, 3)",,Undergraduate,
MUSHL 49804,In Service,"(4, 4)",,Undergraduate,
CLA 49805,In Service,"(5, 5)",,Undergraduate,
PSYCH 49806,In Service,"(6, 6)",,Undergraduate,
CHIN 49802,In Service,"(2, 2)",,Undergraduate,
GERMN 49803,In Service,"(3, 3)",,Undergraduate,
MUSHL 49804,In Service,"(4, 4)",,Undergraduate,
CHIN 49803,In Service,"(3, 3)",,Undergraduate,
CLA 49804,In Service,"(4, 4)",,Undergraduate,
CHIN 49805,In Service,"(5, 5)",,Undergraduate,
CHIN 49801,In Service,"(1, 1)",,Undergraduate,
ITAL 49802,In Service,"(2, 2)",,Undergraduate,
ENGL 49804,In Service,"(4, 4)",,Undergraduate,
FREN 49803,In Service,"(3, 3)",,Undergraduate,
DAN 48901,In Service,"(1, 1)",,Undergraduate,
POLSC 49801,In Service,"(1, 1)",,Undergraduate,
POLSC 49804,In Service,"(4, 4)",,Undergraduate,
DAN 49805,In Service,"(5, 5)",,Undergraduate,
PSYCH 49803,In Service,"(3, 3)",,Undergraduate,
AFPRL 49806,In Service,"(6, 6)",,Undergraduate,
ANTHP 49806,In Service,"(6, 6)",,Undergraduate,
ANTHP 49802,In Service,"(2, 2)",,Undergraduate,
THEA 49806,In Service,"(6, 6)",,Undergraduate,
FREN 49804,In Service,"(4, 4)",,Undergraduate,
GERMN 49804,In Service,"(4, 4)",,Undergraduate,
ENGL 49802,In Service,"(2, 2)",,Undergraduate,
ANTHP 49806,In Service,"(6, 6)",,Undergraduate,
SPAN 49804,In Service,"(4, 4)",,Undergraduate,
ANTHP 49803,In Service,"(3, 3)",,Undergraduate,
AFPRL 49806,In Service,"(6, 6)",,Undergraduate,
ANTHP 49804,In Service,"(4, 4)",,Undergraduate,
ITAL 49806,In Service,"(6, 6)",,Undergraduate,
THEA 49805,In Service,"(5, 5)",,Undergraduate,
FREN 49802,In Service,"(2, 2)",,Undergraduate,
AFPRL 49803,In Service,"(3, 3)",,Undergraduate,
PHILO 49803,In Service,"(3, 3)",,Undergraduate,
POLSC 49803,In Service,"(3, 3)",,Undergraduate,
CLA 49803,In Service,"(3, 3)",,Undergraduate,
CLA 49802,In Service,"(2, 2)",,Undergraduate,
PHILO 49802,In Service,"(2, 2)",,Undergraduate,
DAN 49805,In Service,"(5, 5)",,Undergraduate,
THEA 49801,In Service,"(1, 1)",,Undergraduate,
ITAL 49802,In Service,"(2, 2)",,Undergraduate,
POLSC 49806,In Service,"(6, 6)",,Undergraduate,
MUSHL 49806,In Service,"(6, 6)",,Undergraduate,
PSYCH 49801,In Service,"(1, 1)",,Undergraduate,
CHIN 49806,In Service,"(6, 6)",,Undergraduate,
PSYCH 49802,In Service,"(2, 2)",,Undergraduate,
PHILO 49803,In Service,"(3, 3)",,Undergraduate,
SPAN 49802,In Service,"(2, 2)",,Undergraduate,
ARTLA 49805,In Service Program,"(5, 5)",,Undergraduate,
ARTLA 49804,In Service Program,"(4, 4)",,Undergraduate,
ARTLA 49803,In Service Program,"(3, 3)",,Undergraduate,
ARTLA 49801,In Service Program,"(1, 1)",,Undergraduate,
ARTLA 49802,In Service Program,"(2, 2)",,Undergraduate,
ARTLA 49806,In Service Program,"(6, 6)",,Undergraduate,
ECC 30800,Inclusionary Practices and Teaching Children of Diverse Backgrounds,"(3, 3)",,Undergraduate,
URBS 4031O,Income Inequality and Poverty in US & NYC - Public Policy Program,"(3, 3)",,Undergraduate,
EDUC 40151,Incorporating Differentiated Instruction Into Lesson Plans,"(1, 1)",,Undergraduate,
POL 30003,Ind St:Polish Literture & Culture,"(3, 3)",,Undergraduate,
POL 30001,Ind St:Polish Literture & Culture,"(1, 1)",,Undergraduate,
POL 30002,Ind St:Polish Literture & Culture,"(2, 2)",,Undergraduate,
UKR 30003,Ind St:Ukr Lang&Lit,"(3, 3)",,Undergraduate,
UKR 30002,Ind St:Ukr Lang&Lit,"(2, 2)",,Undergraduate,
UKR 30001,Ind St:Ukr Lang&Lit,"(1, 1)",,Undergraduate,
CLA 42102,Ind Study in Classic,"(2, 2)",,Undergraduate,
CLA 42101,Ind Study in Classic,"(1, 1)",,Undergraduate,
CLA 42103,Ind Study in Classic,"(3, 3)",,Undergraduate,
THEA 40203,Indep Research,"(3, 3)",,Undergraduate,
REL 41001,Indep Studies in Rel,"(1, 1)",,Undergraduate,
REL 41004,Indep Studies In Rel,"(4, 4)",,Undergraduate,
REL 41005,Indep Studies in Rel,"(5, 5)",,Undergraduate,
REL 41002,Indep Studies in Rel,"(2, 2)",,Undergraduate,
REL 41003,Indep Studies in Rel,"(3, 3)",,Undergraduate,
GERMN 49202,Indep Study,"(2, 2)",,Undergraduate,
GERMN 49203,Indep Study,"(3, 3)",,Undergraduate,
HED 48003,Indep Study - Hlt Ed,"(3, 3)",,Undergraduate,
HED 48001,Indep Study - Hlt Ed,"(1, 1)",,Undergraduate,
HED 48002,Indep Study - Hlt Ed,"(2, 2)",,Undergraduate,
PH 48001,Indep Study Community Health 1,"(1, 1)",,Undergraduate,
PH 48002,Indep Study Community Health 2,"(2, 2)",,Undergraduate,
PH 48003,Indep Study Community Health 3,"(3, 3)",,Undergraduate,
MODGK 30100,Indep Study Mod Grk,"(3, 3)",,Undergraduate,
RUSS 37002,Indep Study:Slav Lit,"(2, 2)",,Undergraduate,
RUSS 37003,Indep Study:Slav Lit,"(3, 3)",,Undergraduate,
RUSS 37001,Indep Study:Slav Lit,"(1, 1)",,Undergraduate,
AFPRL 49100,Independant Study-Black Seq,"(3, 3)",,Undergraduate,
ANTHC 32551,Independent Research,"(3, 3)",,Undergraduate,
THEA 40201,Independent Research,"(1, 1)",,Undergraduate,
WGSI 39300,Independent Research,"(3, 3)",,Undergraduate,
FILM 40102,Independent Research,"(2, 2)",,Undergraduate,
FILM 40101,Independent Research,"(1, 1)",,Undergraduate,
FILM 40103,Independent Research,"(3, 3)",,Undergraduate,
THEA 40202,Independent Research,"(2, 2)",,Undergraduate,
FILM 40100,Independent Research,"(None, None)",,Undergraduate,
WGS 39300,Independent Research,"(3, 3)",,Undergraduate,
PSYCH 39500,Independent Research in Psychology,"(3, 3)",,Undergraduate,
PSYCH 69000,Independent Research in Psychology,"(3, 3)",,Undergraduate,
JS 30004,Independent Studies,"(4, 4)",,Undergraduate,
HEBR 49000,Independent Studies,"(3, 3)",,Undergraduate,
JS 30005,Independent Studies,"(5, 5)",,Undergraduate,
JS 30006,Independent Studies,"(6, 6)",,Undergraduate,
JS 30001,Independent Studies,"(1, 1)",,Undergraduate,
HEBR 49000,Independent Studies,"(3, 3)",,Undergraduate,
JS 30004,Independent Studies,"(4, 4)",,Undergraduate,
REL 41006,Independent Studies in Religion,"(6, 6)",,Undergraduate,
SOC 37103,Independent Study,"(3, 3)",,Undergraduate,
POLSC 49005,Independent Study,"(5, 5)",,Undergraduate,
POLSC 29002,Independent Study,"(2, 2)",,Undergraduate,
ARTH 40202,Independent Study,"(2, 2)",,Undergraduate,
ASIAN 46001,Independent Study,"(1, 1)",,Undergraduate,
POLSC 49002,Independent Study,"(2, 2)",,Undergraduate,
HEBR 49001,Independent Study,"(1, 1)",,Undergraduate,
HMBIO 40201,Independent Study,"(1, 1)",,Undergraduate,
STAT 39100,Independent Study,"(1, 1)",,Undergraduate,
COMSC 48002,Independent Study,"(2, 2)",,Undergraduate,
ARTH 40201,Independent Study,"(1, 1)",,Undergraduate,
POLSC 49201,Independent Study,"(1, 1)",,Undergraduate,
LACS 43434,Independent Study,"(3, 3)",,Undergraduate,
MEDIA 40106,Independent Study,"(6, 6)",,Undergraduate,
MEDIA 40102,Independent Study,"(2, 2)",,Undergraduate,
POLSC 49006,Independent Study,"(6, 6)",,Undergraduate,
URBS 41001,Independent Study,"(3, 3)",,Undergraduate,
HMBIO 40202,Independent Study,"(2, 2)",,Undergraduate,
FREN 49502,Independent Study,"(2, 2)",,Undergraduate,
LACS 43434,Independent Study,"(3, 3)",,Undergraduate,
MEDIA 40105,Independent Study,"(5, 5)",,Undergraduate,
COMSC 48002,Independent Study,"(2, 2)",,Undergraduate,
SOC 37103,Independent Study,"(3, 3)",,Undergraduate,
PHYS 45312,Independent Study,"(2, 2)",,Undergraduate,
ASIAN 46001,Independent Study,"(1, 1)",,Undergraduate,
POLSC 49004,Independent Study,"(4, 4)",,Undergraduate,
POLSC 29003,Independent Study,"(3, 3)",,Undergraduate,
STAT 39100,Independent Study,"(1, 1)",,Undergraduate,
SPAN 49501,Independent Study,"(1, 1)",,Undergraduate,
ASIAN 46003,Independent Study,"(3, 3)",,Undergraduate,
SPAN 49502,Independent Study,"(2, 2)",,Undergraduate,
FREN 49300,Independent Study,"(3, 3)",,Undergraduate,
HMBIO 40203,Independent Study,"(3, 3)",,Undergraduate,
MEDIA 40104,Independent Study,"(4, 4)",,Undergraduate,
STAT 39300,Independent Study,"(3, 3)",,Undergraduate,
ITAL 49502,Independent Study,"(2, 2)",,Undergraduate,
SOC 37101,Independent Study,"(1, 1)",,Undergraduate,
SOC 37103,Independent Study,"(3, 3)",,Undergraduate,
SPAN 49502,Independent Study,"(2, 2)",,Undergraduate,
ITAL 49501,Independent Study,"(1, 1)",,Undergraduate,
PHYS 45312,Independent Study,"(2, 2)",,Undergraduate,
SPAN 49503,Independent Study,"(3, 3)",,Undergraduate,
ASIAN 46003,Independent Study,"(3, 3)",,Undergraduate,
MEDIA 40102,Independent Study,"(2, 2)",,Undergraduate,
POLSC 29001,Independent Study,"(1, 1)",,Undergraduate,
EDFDN 49303,Independent Study,"(3, 3)",,Undergraduate,
HEBR 49001,Independent Study,"(1, 1)",,Undergraduate,
HMBIO 40203,Independent Study,"(3, 3)",,Undergraduate,
SPAN 49501,Independent Study,"(1, 1)",,Undergraduate,
ITAL 49502,Independent Study,"(2, 2)",,Undergraduate,
MEDIA 40101,Independent Study,"(1, 1)",,Undergraduate,
COMSC 48002,Independent Study,"(2, 2)",,Undergraduate,
MLS 48001,Independent Study - Medical Laboratory Sciences,"(1, 1)",,Undergraduate,
MLS 48003,Independent Study - Medical Laboratory Sciences,"(3, 3)",,Undergraduate,
MLS 48002,Independent Study - Medical Laboratory Sciences,"(2, 2)",,Undergraduate,
JS 40004,Independent Study for Honors,"(4, 4)",,Undergraduate,
POLSC 49202,Independent Study Honors Thesis Completion,"(2, 2)",,Undergraduate,
POLSC 49203,Independent Study Honors Thesis Completion,"(3, 3)",,Undergraduate,
CHIN 40200,Independent Study in Chinese Literature,"(3, 3)",,Undergraduate,
CLA 42104,Independent Study In Classic,"(4, 4)",,Undergraduate,
CSCI 39200,Independent Study in Computer Science,"(2, 2)",,Undergraduate,
CSCI 39100,Independent Study in Computer Science,"(1, 1)",,Undergraduate,
CSCI 39300,Independent Study in Computer Science,"(3, 3)",,Undergraduate,
DAN 48003,Independent Study in Dance,"(3, 3)",,Undergraduate,
DAN 48002,Independent Study in Dance,"(2, 2)",,Undergraduate,
DAN 48001,Independent Study in Dance,"(1, 1)",,Undergraduate,
DAN 48000,Independent Study in Dance,"(3, 3)",,Undergraduate,
ECO 39000,Independent Study in Economics,"(3, 3)",,Undergraduate,
GERMN 49201,Independent Study in German,"(1, 1)",,Undergraduate,
JPN 42101,Independent Study in Japanese - 1 credit,"(1, 1)",,Undergraduate,
JPN 42103,Independent Study in Japanese - 3 credits,"(3, 3)",,Undergraduate,
JPN 42102,Independent Study in Japanese-2 credits,"(2, 2)",,Undergraduate,
MATH 39200,Independent Study in Mathematics,"(2, 2)",,Undergraduate,
MATH 39100,Independent Study In Mathematics,"(1, 1)",,Undergraduate,
MATH 39300,Independent Study in Mathematics,"(3, 3)",,Undergraduate,
NURS 35002,Independent Study in Nursing,"(2, 2)",,Undergraduate,
NURS 35003,Independent Study in Nursing,"(3, 3)",,Undergraduate,
NURS 35002,Independent Study in Nursing,"(2, 2)",,Undergraduate,
NFS 48002,Independent Study in Nutrition and Food Science,"(2, 2)",,Undergraduate,
NFS 48001,Independent Study in Nutrition and Food Science,"(1, 1)",,Undergraduate,
NFS 48003,Independent Study in Nutrition and Food Science,"(3, 3)",,Undergraduate,
NFS 48032,Independent Study in Nutrition and Food Science,"(3, 3)",,Undergraduate,
NFS 48031,Independent Study in Nutrition and Food Science,"(3, 3)",,Undergraduate,
PHILO 49200,Independent Study in Philosophy,"(1, 1)",,Undergraduate,
PSYCH 20100,Independent Study in Psychology,"(3, 3)",,Undergraduate,
RUSS 37000,Independent Study in Slavic Literatures and Cultures,"(3, 3)",,Undergraduate,
RUSS 30001,Independent Study in Ukrainian Language and Literature,"(1, 1)",,Undergraduate,
POLSC 49100,Independent Study – Honors Thesis Inception,"(2, 2)",,Undergraduate,
AFPRL 49200,Independent Study-PR Seq,"(3, 3)",,Undergraduate,
CSCI 18300,Independent Workshop,"(3, 3)",,Undergraduate,
CSCI 18200,Independent Workshop,"(2, 2)",,Undergraduate,
CSCI 18100,Independent Workshop,"(1, 1)",,Undergraduate,
LACS 43466,Indgns Soc: Americas,"(3, 3)",,Undergraduate,
POLSC 30480,India and the West,"(3, 3)",,Undergraduate,
POLSC 35600,India's Democratic Experiment,"(4, 4)",,Undergraduate,
ARTH 37105,Indian Art through Epic,"(3, 3)",,Undergraduate,
PHILO 22100,Indian Philosophy,"(3, 3)",,Undergraduate,
ANTHC 20N01,Indigenous Mexico: History and Culture,"(1, 1)",,Undergraduate,
HIST 34133,Indigenous Movements in Latin American History,"(3, 3)",,Undergraduate,
HIST 25033,Indigenous Movements in Latin American History,"(3, 3)",,Undergraduate,
SPAN 37148,Indigenous Narratives: Anti Colonial Strategies in the Americas,"(3, 3)",,Undergraduate,
MUSIN 20103,Indiv Study Project,"(3, 3)",,Undergraduate,
MUSIN 40101,Indiv Study Project,"(1, 1)",,Undergraduate,
MUSIN 20101,Indiv Study Project,"(1, 1)",,Undergraduate,
MUSIN 30102,Indiv Study Project,"(2, 2)",,Undergraduate,
MUSIN 30101,Indiv Study Project,"(1, 1)",,Undergraduate,
MUSIN 40102,Indiv Study Project,"(2, 2)",,Undergraduate,
MUSIN 40103,Indiv Study Project,"(3, 3)",,Undergraduate,
MUSPF 43158,Indiv-Instr or Voice,"(3, 3)",,Undergraduate,
MUSPF 43153,Indiv-Instr or Voice,"(3, 3)",,Undergraduate,
MUSPF 40158,Indiv-Instr or Voice,"(1, 1)",,Undergraduate,
MUSPF 40153,Indiv-Instr or Voice,"(1, 1)",,Undergraduate,
MUSPF 43155,Indiv-Instr or Voice,"(3, 3)",,Undergraduate,
MUSPF 43152,Indiv-Instr or Voice,"(3, 3)",,Undergraduate,
MUSPF 43157,Indiv-Instr or Voice,"(3, 3)",,Undergraduate,
MUSPF 40154,Indiv-Instr or Voice,"(1, 1)",,Undergraduate,
MUSPF 40151,Indiv-Instr or Voice,"(1, 1)",,Undergraduate,
MUSPF 40151,Indiv-Instr or Voice,"(1, 1)",,Undergraduate,
MUSPF 40156,Indiv-Instr or Voice,"(1, 1)",,Undergraduate,
MUSPF 40157,Indiv-Instr or Voice,"(1, 1)",,Undergraduate,
MUSPF 43157,Indiv-Instr or Voice,"(3, 3)",,Undergraduate,
MUSPF 40152,Indiv-Instr or Voice,"(1, 1)",,Undergraduate,
GERMN 32100,Individual and Society in Modern German Literature,"(3, 3)",,Undergraduate,
MUSPF 43100,Individual Instruction in Instrument or Voice,"(3, 3)",,Undergraduate,
MUSPF 40100,Individual Instruction in Instrument or Voice,"(1, 1)",,Undergraduate,
MUSPF 40200,Individual Instruction in Second Instrument or Voice,"(1, 1)",,Undergraduate,
MUSPF 40159,Individual Instruction or Voice,"(1, 1)",,Undergraduate,
GERMN 49300,Individual Studies Project in German Studies,"(3, 3)",,Undergraduate,
MUSPF 43156,Individual Study -Instruction or Voice,"(3, 3)",,Undergraduate,
MUSPF 40155,Individual Study -Instruction or Voice,"(1, 1)",,Undergraduate,
PGEOG 39300,Individual Study in Environmental Studies,"(3, 3)",,Undergraduate,
PGEOG 39100,Individual Study in Environmental Studies,"(1, 1)",,Undergraduate,
PGEOG 39200,Individual Study in Environmental Studies,"(2, 2)",,Undergraduate,
GEOG 39300,Individual Study in Geography,"(3, 3)",,Undergraduate,
GEOG 39200,Individual Study in Geography,"(2, 2)",,Undergraduate,
GEOG 39100,Individual Study in Geography,"(1, 1)",,Undergraduate,
GEOL 39100,Individual Study in Geology,"(1, 1)",,Undergraduate,
GEOL 39100,Individual Study in Geology,"(1, 1)",,Undergraduate,
GEOL 39300,Individual Study in Geology,"(3, 3)",,Undergraduate,
MUSIN 30103,Individual Study Project,"(3, 3)",,Undergraduate,
MUSIN 20102,Individual Study Project,"(2, 2)",,Undergraduate,
BIOL 45002,Individual Tutor in Biology,"(2, 2)",,Undergraduate,
BIOL 45001,Individual Tutor in Biology,"(1, 1)",,Undergraduate,
ENGL 48504,Individual Tutorial,"(3, 3)",,Undergraduate,
ENGL 48505,Individual Tutorial,"(3, 3)",,Undergraduate,
ENGL 48506,Individual Tutorial,"(3, 3)",,Undergraduate,
ENGL 48501,Individual Tutorial,"(3, 3)",,Undergraduate,
ENGL 48500,Individual Tutorial Project,"(3, 3)",,Undergraduate,
HIST 49300,Individual Tutorial Research Project,"(3, 3)",,Undergraduate,
ENGL 48502,Individual Tutoring,"(3, 3)",,Undergraduate,
ENGL 48503,Individual Tutoring,"(3, 3)",,Undergraduate,
JS 40003,Indpdnt Std:Honors,"(3, 3)",,Undergraduate,
ENGL 38773,Indpdnt Wmn: Brontes,"(3, 3)",,Undergraduate,
WGS 30014,Indpdnt Wmn: Brontes,"(3, 3)",,Undergraduate,
PHILO 20081,Inductive Logic,"(3, 3)",,Undergraduate,
PHILO 27900,Inductive Logic,"(3, 3)",,Undergraduate,
PSYCH 39559,Indust Org Psych,"(3, 3)",,Undergraduate,
HIST 38353,Indust Rev:Engy&Tech,"(3, 3)",,Undergraduate,
PSYCH 34000,Industrial and Organizational Psychology,"(3, 3)",,Undergraduate,
PSYCH 39552,Industrial Organization,"(3, 3)",,Undergraduate,
HIST 48353,Industrial Revolution: Energy and Technology,"(3, 3)",,Undergraduate,
URBS 40326,Inequality and Poverty in the U.S.,"(3, 3)",,Undergraduate,
PSYCH 39071,Infancy Research and Methods,"(3, 3)",,Undergraduate,
ANTHC 32011,Infections and Inequalities,"(3, 3)",,Undergraduate,
BIOL 47144,Infectious Diseases,"(3, 3)",,Undergraduate,
SOC 32522,Info & Comm Revolutn,"(3, 3)",,Undergraduate,
MEDIA 39200,Information and Media Technologies,"(3, 3)",,Undergraduate,
MEDP 36200,Information Graphics,"(3, 3)",,Undergraduate,
LIBR 10000,Information Research,"(1, 1)",,Undergraduate,
ENGL 4941P,Innovative American Poetics,"(3, 3)",,Undergraduate,
ENGL 49059,Innovative American Poetics,"(3, 3)",,Undergraduate,
ENGL 38670,Innvtions Contp Poet,"(3, 3)",,Undergraduate,
CHEM 36600,Inorganic Chemistry,"(3, 3)",,Undergraduate,
CHEM 36700,Inorganic Chemistry Laboratory,"(2, 2)",,Undergraduate,
CHEM 10100,Inquiries into the Nature of Matter,"(3, 3)",,Undergraduate,
CHEM 101HE,Inquiries into the Nature of Matter,"(3, 3)",,Undergraduate,
HR 22016,Insecurity and the Rise of Economic & Social Rights,"(3, 3)",,Undergraduate,
ARTCR 36041,Installation,"(3, 3)",,Undergraduate,
ARTCR 36032,Installation Site,"(3, 3)",,Undergraduate,
SOC 3252A,Institution Racism,"(3, 3)",,Undergraduate,
AFPRL 39040,Institution Racism,"(3, 3)",,Undergraduate,
NFS 33500,Institutional Management,"(3, 3)",,Undergraduate,
MUSPF 41100,Instr Music Methods,"(2, 2)",,Undergraduate,
ARTCR 36007,Instruction & Site-Special Art,"(3, 3)",,Undergraduate,
BIOL 47178,Instrument and Analysis,"(2, 2)",,Undergraduate,
CHEM 34900,Instrumental Analysis,"(5, 5)",,Undergraduate,
AFPRL 39079,Int Ethnomus 2,"(3, 3)",,Undergraduate,
POLSC 37365,Int Law:3rd Wld Pers,"(3, 3)",,Undergraduate,
HEBR 25052,Int to Old Testament,"(3, 3)",,Undergraduate,
UKR 20100,Int Ukrainian 1,"(3, 3)",,Undergraduate,
POLSC 27397,Int'l Cooperation,"(3, 3)",,Undergraduate,
SOC 42508,Int'l Dev Practicum,"(3, 3)",,Undergraduate,
LACS 43406,Int'l Human Sttlmnts,"(3, 3)",,Undergraduate,
POLSC 27303,Int'l Pol Film & Media,"(3, 3)",,Undergraduate,
POLSC 27376,Int'l Pol of Mideast,"(3, 3)",,Undergraduate,
MUSHL 36150,Int-Mus Therapy 1,"(3, 3)",,Undergraduate,
QSTB 41600,Integ Sem,"(2, 2)",,Undergraduate,
QSTA 41600,Integrative Seminar,"(2, 2)",,Undergraduate,
SW 43000,Integrative Seminar 1,"(3, 3)",,Undergraduate,
SW 43100,Integrative Seminar II,"(3, 3)",,Undergraduate,
HONS 20152,Integrtng Irtnl,"(3, 3)",,Undergraduate,
HIST 3412H,Intel/Espionage - 20th Century,"(3, 3)",,Undergraduate,
POLSC 27253,Intell & Espionage,"(3, 3)",,Undergraduate,
HIST 49208,Intellectuals and Politics in Late Modern Europe,"(3, 3)",,Undergraduate,
SPAN 10304,Inten Elem Span I & II,"(4, 4)",,Undergraduate,
CHIN 10700,Intensive Elementary Chinese,"(6, 6)",,Undergraduate,
FREN 10300,Intensive Elementary French,"(6, 6)",,Undergraduate,
GERMN 10300,Intensive Elementary German,"(6, 6)",,Undergraduate,
HEBR 10300,Intensive Elementary Hebrew,"(6, 6)",,Undergraduate,
ITAL 10300,Intensive Elementary Italian,"(6, 6)",,Undergraduate,
SPAN 10300,Intensive Elementary Spanish,"(6, 6)",,Undergraduate,
GERMN 20000,Intensive German 2 and 3,"(6, 6)",,Undergraduate,
CHIN 20700,Intensive Intermediate Chinese,"(6, 6)",,Undergraduate,
FREN 20300,Intensive Intermediate French,"(6, 6)",,Undergraduate,
GERMN 20300,Intensive Intermediate German,"(6, 6)",,Undergraduate,
HEBR 20300,Intensive Intermediate Hebrew,"(6, 6)",,Undergraduate,
ITAL 20300,Intensive Intermediate Italian,"(6, 6)",,Undergraduate,
SPAN 20300,Intensive Intermediate Spanish,"(6, 6)",,Undergraduate,
FREN 201AV,Inter Fren Aud Vis,"(3, 3)",,Undergraduate,
ITAL 20250,Inter Ital 2 Aud Vis,"(3, 3)",,Undergraduate,
CSCI 39589,Interactive Media,"(3, 3)",,Undergraduate,
CHIN 31800,Intercultural and Interlingual Discourse in Chinese & English,"(3, 3)",,Undergraduate,
CHIN 40105,Intercultural Communication in the Greater China Context,"(3, 3)",,Undergraduate,
THEA 39712,Intercultural Performance: Theory and Practice.,"(3, 3)",,Undergraduate,
HONS 30188,"Interdisciplinary Computer Applications Research, Telecommunications, Art, Social Sci & Sciences","(3, 3)",,Undergraduate,
HONS 30199,Interdisciplinary Independent Study,"(3, 3)",,Undergraduate,
POLSC 22600,Interest Group Politics,"(3, 3)",,Undergraduate,
URBS 4032D,Intergovernmental Relations for Planning Policy,"(3, 3)",,Undergraduate,
FREN 20150,Interm Frech 1- Audio Visual,"(3, 3)",,Undergraduate,
FREN 20250,Interm French 2-Audio Visual,"(3, 3)",,Undergraduate,
SPAN 20250,Interm Span2-Aud Vis,"(3, 3)",,Undergraduate,
ACSK 1400,Intermed Alg & Geom,"(1, 1)",,Undergraduate,
ECO 30200,Intermed Micro Thry,"(3, 3)",,Undergraduate,
PHYS 326LB,Intermed Phys Lab,"(2, 2)",,Undergraduate,
PHYS 225LB,Intermed Physc Lab,"(2, 2)",,Undergraduate,
PHYS 22500,Intermed Physics Lab,"(2, 2)",,Undergraduate,
PHYS 32600,Intermed Physics Lab,"(2, 2)",,Undergraduate,
SPAN 201AV,Intermed Span/Audio,"(3, 3)",,Undergraduate,
ACCP 37200,Intermediate Accounting 2,"(4, 4)",,Undergraduate,
ACCP 37100,Intermediate Accounting I,"(3, 3)",,Undergraduate,
ECO 37100,Intermediate Accounting I,"(3, 3)",,Undergraduate,
ECO 37200,Intermediate Accounting II,"(3, 3)",,Undergraduate,
ARB 20100,Intermediate Arabic 1,"(3, 3)",,Undergraduate,
ARB 20200,Intermediate Arabic 2,"(3, 3)",,Undergraduate,
ARB 24800,Intermediate Arabic for Heritage Speakers,"(3, 3)",,Undergraduate,
CLA 24065,Intermediate Arabic II,"(3, 3)",,Undergraduate,
HEBR 20500,Intermediate Biblical Hebrew 1,"(3, 3)",,Undergraduate,
HEBR 20600,Intermediate Biblical Hebrew 2,"(3, 3)",,Undergraduate,
JPN 30308,Intermediate Chado - Tea Ceremony 1,"(3, 3)",,Undergraduate,
CHIN 20100,Intermediate Chinese 1,"(3, 3)",,Undergraduate,
CHIN 20200,Intermediate Chinese 2,"(3, 3)",,Undergraduate,
CHIN 20400,Intermediate Chinese Conversation 2,"(2, 2)",,Undergraduate,
CHIN 20300,Intermediate Chinese Conversation I,"(2, 2)",,Undergraduate,
PHYS 33400,Intermediate Electricity and Magnetism,"(4, 4)",,Undergraduate,
ENGL 20100,Intermediate Expository Writing using Small-Group Methods,"(3, 3)",,Undergraduate,
FREN 20251,Intermediate French 2 (Lit),"(3, 3)",,Undergraduate,
FREN 20100,Intermediate French I,"(3, 3)",,Undergraduate,
FREN 20200,Intermediate French II,"(3, 3)",,Undergraduate,
GERMN 20200,Intermediate German 2,"(3, 3)",,Undergraduate,
GERMN 11200,Intermediate German for Reading Purposes,"(3, 3)",,Undergraduate,
GERMN 20100,Intermediate German I,"(3, 3)",,Undergraduate,
GERMN 20250,Intermediate German Workshop 2,"(2, 2)",,Undergraduate,
GERMN 20150,Intermediate German Workshop I,"(1, 1)",,Undergraduate,
FREN 21100,Intermediate Grammar and Composition,"(3, 3)",,Undergraduate,
HEBR 20200,Intermediate Hebrew 2,"(3, 3)",,Undergraduate,
HEBR 20100,Intermediate Hebrew I,"(3, 3)",,Undergraduate,
ITAL 20200,Intermediate Italian 2,"(3, 3)",,Undergraduate,
ITAL 20100,Intermediate Italian I,"(3, 3)",,Undergraduate,
JPN 20402,Intermediate Japanese Composition,"(3, 3)",,Undergraduate,
JPN 20401,Intermediate Japanese Conversation,"(3, 3)",,Undergraduate,
JPN 20100,Intermediate Japanese I,"(3, 3)",,Undergraduate,
JPN 20200,Intermediate Japanese II,"(3, 3)",,Undergraduate,
ECO 30100,Intermediate Macroeconomics,"(3, 3)",,Undergraduate,
ACSK 1200,Intermediate Math,"(2, 2)",,Undergraduate,
PHYS 33500,Intermediate Mechanics,"(4, 4)",,Undergraduate,
ECO 30000,Intermediate Microeconomics,"(3, 3)",,Undergraduate,
CLA 24078,Intermediate Persian 2,"(3, 3)",,Undergraduate,
CLA 24077,Intermediate Persian I,"(3, 3)",,Undergraduate,
PHYS 42700,Intermediate Physics Laboratory,"(2, 2)",,Undergraduate,
PHYS 427LB,Intermediate Physics Laboratory,"(2, 2)",,Undergraduate,
POL 20200,Intermediate Polish 2,"(3, 3)",,Undergraduate,
POL 20100,Intermediate Polish I,"(3, 3)",,Undergraduate,
PORT 20100,Intermediate Portuguese 1,"(3, 3)",,Undergraduate,
PORT 20200,Intermediate Portuguese 2,"(3, 3)",,Undergraduate,
RUSS 20200,Intermediate Russian 2,"(3, 3)",,Undergraduate,
RUSS 20300,Intermediate Russian for Heritage Speakers (Intensive),"(6, 6)",,Undergraduate,
RUSS 20100,Intermediate Russian I,"(3, 3)",,Undergraduate,
SPAN 20200,Intermediate Spanish 2,"(3, 3)",,Undergraduate,
SPAN 20150,Intermediate Spanish Audio Visual,"(3, 3)",,Undergraduate,
SPAN 20700,Intermediate Spanish for Native Speakers,"(3, 3)",,Undergraduate,
SPAN 20100,Intermediate Spanish I,"(3, 3)",,Undergraduate,
JPN 20400,Intermediate Special Topics in Japanese Language,"(3, 3)",,Undergraduate,
SOC 42501,Intermediate Stats,"(3, 3)",,Undergraduate,
MATH 29500,Intermediate Topics in Mathematics,"(3, 3)",,Undergraduate,
STAT 29500,Intermediate Topics in Statistics,"(3, 3)",,Undergraduate,
HUM 25070,Intermediate Topics in the Humanities and Arts: Business Ethics,"(3, 3)",,Undergraduate,
UKR 20200,Intermediate Ukrainian II,"(3, 3)",,Undergraduate,
ITAL 20150,Intermediate-Italian Audio and Visual,"(3, 3)",,Undergraduate,
URBS 40370,Internat Migration,"(3, 3)",,Undergraduate,
ANTHC 40196,International Migration,"(3, 3)",,Undergraduate,
POLSC 37396,International Criminal Justice,"(3, 3)",,Undergraduate,
ECO 49566,International Economic Theory Seminar,"(3, 3)",,Undergraduate,
POLSC 48055,International Environment,"(3, 3)",,Undergraduate,
PHILO 20082,International Ethics,"(3, 3)",,Undergraduate,
PHILO 24800,International Ethics,"(3, 3)",,Undergraduate,
POLSC 20456,International Ethics,"(3, 3)",,Undergraduate,
ECO 34100,International Finance,"(3, 3)",,Undergraduate,
ECO 49570,International Financial Seminar,"(3, 3)",,Undergraduate,
HIST 34117,International History Sexuality,"(3, 3)",,Undergraduate,
HR 22017,International Human Right at the UN,"(3, 3)",,Undergraduate,
ANTHC 40198,International Human Rights,"(3, 3)",,Undergraduate,
POLSC 48013,International Human Rights,"(3, 3)",,Undergraduate,
HR 22039,International Human Rights,"(3, 3)",,Undergraduate,
POLSC 37400,International Human Rights,"(3, 3)",,Undergraduate,
POLSC 27309,International Human Rights:: The United States,"(3, 3)",,Undergraduate,
HR 30N14,International Humanitarian Law & Practice,"(3, 3)",,Undergraduate,
POLSC 30423,International Justice,"(3, 3)",,Undergraduate,
HR 30N06,International Justice: Policy and Practice,"(3, 3)",,Undergraduate,
POLSC 37500,International Law,"(3, 3)",,Undergraduate,
ASIAN 39001,International Migration,"(3, 3)",,Undergraduate,
SOC 42509,International Migration,"(3, 3)",,Undergraduate,
POLSC 27320,International Negotiations,"(3, 3)",,Undergraduate,
HR 22046,International Non-Governmental Organizations (INGOs),"(3, 3)",,Undergraduate,
POLSC 27800,International Organizations,"(3, 3)",,Undergraduate,
URBS 4031X,International Policy Transfer,"(3, 3)",,Undergraduate,
POLSC 27367,International Political Economics,"(3, 3)",,Undergraduate,
POLSC 37600,International Political Economy,"(3, 3)",,Undergraduate,
POLSC 27100,International Politics in the Americas,"(3, 3)",,Undergraduate,
LACS 43432,International Politics: Americas,"(3, 3)",,Undergraduate,
GEOG 33500,International Pollution Issues,"(3, 3)",,Undergraduate,
SOSCI 29701,International Relations and Model U.N.,"(3, 3)",,Undergraduate,
POLSC 27000,International Relations: Conceptual Foundations and Current Issues,"(3, 3)",,Undergraduate,
POLSC 28200,International Security,"(3, 3)",,Undergraduate,
POLSC 23787,International Security,"(3, 3)",,Undergraduate,
ECO 34000,International Trade,"(3, 3)",,Undergraduate,
POLSC 27310,International Treaties,"(3, 3)",,Undergraduate,
WGS 30095,International Women Writers,"(3, 3)",,Undergraduate,
POLSC 30482,Internationalism in an Age of Nationalism,"(3, 3)",,Undergraduate,
PHILO 39490,Internationalism in an Age of Nationalism,"(3, 3)",,Undergraduate,
HR 32008,Internationalism in an Age of Nationalism,"(3, 3)",,Undergraduate,
MEDIA 26000,Internet and Society,"(3, 3)",,Undergraduate,
ENGL 33370,Internet Linguistics,"(3, 3)",,Undergraduate,
CSCI 39569,Internet Security,"(3, 3)",,Undergraduate,
HIST 49804,Internship,"(4, 4)",,Undergraduate,
SOC 49802,Internship,"(2, 2)",,Undergraduate,
SOC 49805,Internship,"(5, 5)",,Undergraduate,
URBS 49801,Internship,"(1, 1)",,Undergraduate,
WGS 29804,Internship,"(4, 4)",,Undergraduate,
MEDIA 49805,Internship,"(5, 5)",,Undergraduate,
GEOG 49801,Internship,"(1, 1)",,Undergraduate,
URBS 40328,Internship,"(3, 3)",,Undergraduate,
HIST 49802,Internship,"(2, 2)",,Undergraduate,
WGS 29801,Internship,"(1, 1)",,Undergraduate,
HIST 49801,Internship,"(1, 1)",,Undergraduate,
PGEOG 49804,Internship,"(4, 4)",,Undergraduate,
HMBIO 40302,Internship,"(2, 2)",,Undergraduate,
WGSI 29801,Internship,"(1, 1)",,Undergraduate,
SOSCI 49806,Internship,"(6, 6)",,Undergraduate,
SOSCI 49803,Internship,"(3, 3)",,Undergraduate,
HIST 49805,Internship,"(5, 5)",,Undergraduate,
SOSCI 49805,Internship,"(5, 5)",,Undergraduate,
MEDIA 49803,Internship,"(3, 3)",,Undergraduate,
WGSI 29805,Internship,"(5, 5)",,Undergraduate,
FILM 49806,Internship,"(6, 6)",,Undergraduate,
FILM 49805,Internship,"(5, 5)",,Undergraduate,
ANTHC 49802,Internship,"(2, 2)",,Undergraduate,
WGS 29803,Internship,"(3, 3)",,Undergraduate,
MEDIA 49804,Internship,"(4, 4)",,Undergraduate,
WGS 29802,Internship,"(2, 2)",,Undergraduate,
PGEOG 49803,Internship,"(3, 3)",,Undergraduate,
ANTHC 49805,Internship,"(5, 5)",,Undergraduate,
SOSCI 49801,Internship,"(1, 1)",,Undergraduate,
GERMN 49800,Internship,"(None, None)",,Undergraduate,
MEDIA 49802,Internship,"(2, 2)",,Undergraduate,
ANTHC 49803,Internship,"(3, 3)",,Undergraduate,
DAN 49803,Internship,"(3, 3)",,Undergraduate,
PGEOG 49802,Internship,"(2, 2)",,Undergraduate,
WGS 29803,Internship,"(3, 3)",,Undergraduate,
MEDIA 49806,Internship,"(6, 6)",,Undergraduate,
MEDIA 49802,Internship,"(2, 2)",,Undergraduate,
FILM 49805,Internship,"(5, 5)",,Undergraduate,
FILM 49801,Internship,"(1, 1)",,Undergraduate,
WGS 29801,Internship,"(1, 1)",,Undergraduate,
DAN 49803,Internship,"(3, 3)",,Undergraduate,
URBS 49804,Internship,"(4, 4)",,Undergraduate,
PGEOG 49801,Internship,"(1, 1)",,Undergraduate,
MEDIA 49803,Internship,"(3, 3)",,Undergraduate,
SOSCI 49805,Internship,"(5, 5)",,Undergraduate,
ANTHC 49805,Internship,"(5, 5)",,Undergraduate,
MEDIA 49804,Internship,"(4, 4)",,Undergraduate,
WGSI 29803,Internship,"(3, 3)",,Undergraduate,
URBS 49805,Internship,"(5, 5)",,Undergraduate,
WGS 29806,Internship,"(6, 6)",,Undergraduate,
HMBIO 40302,Internship,"(2, 2)",,Undergraduate,
SOC 49802,Internship,"(2, 2)",,Undergraduate,
WGS 29804,Internship,"(4, 4)",,Undergraduate,
GEOG 49801,Internship,"(1, 1)",,Undergraduate,
SOSCI 49803,Internship,"(3, 3)",,Undergraduate,
SOC 49804,Internship,"(4, 4)",,Undergraduate,
ANTHC 49801,Internship,"(1, 1)",,Undergraduate,
FILM 49803,Internship,"(3, 3)",,Undergraduate,
HMBIO 40303,Internship,"(3, 3)",,Undergraduate,
MEDIA 49804,Internship,"(4, 4)",,Undergraduate,
ANTHC 49802,Internship,"(2, 2)",,Undergraduate,
GEOG 49801,Internship,"(1, 1)",,Undergraduate,
HIST 49804,Internship,"(4, 4)",,Undergraduate,
WGS 29803,Internship,"(3, 3)",,Undergraduate,
DAN 49803,Internship,"(3, 3)",,Undergraduate,
ARB 49802,Internship in Arab Studies,"(2, 2)",,Undergraduate,
ARB 49801,Internship in Arab Studies,"(1, 1)",,Undergraduate,
ARB 49803,Internship in Arab Studies,"(3, 3)",,Undergraduate,
ARTH 49802,Internship in Art History,"(2, 2)",,Undergraduate,
ARTH 49806,Internship in Art History,"(6, 6)",,Undergraduate,
ARTH 49801,Internship in Art History,"(1, 1)",,Undergraduate,
ARTH 49803,Internship in Art History,"(3, 3)",,Undergraduate,
ARTH 49804,Internship in Art History,"(4, 4)",,Undergraduate,
ARTH 49805,Internship in Art History,"(5, 5)",,Undergraduate,
PGEOG 49800,Internship in Environmental Studies,"(None, None)",,Undergraduate,
SPAN 39200,Internship in Interpretation,"(3, 3)",,Undergraduate,
POLSC 29804,Internship in Political Science,"(4, 4)",,Undergraduate,
POLSC 29806,Internship in Polsc,"(6, 6)",,Undergraduate,
POLSC 29801,Internship in Polsc,"(1, 1)",,Undergraduate,
POLSC 29802,Internship in Polsc,"(2, 2)",,Undergraduate,
POLSC 29803,Internship in Polsc,"(3, 3)",,Undergraduate,
POLSC 29805,Internship in Polsc,"(5, 5)",,Undergraduate,
RUSS 49802,Internship in Russian and Slavic Studies,"(2, 2)",,Undergraduate,
RUSS 49806,Internship in Russian and Slavic Studies,"(6, 6)",,Undergraduate,
RUSS 49805,Internship in Russian and Slavic Studies,"(5, 5)",,Undergraduate,
RUSS 49803,Internship in Russian and Slavic Studies,"(3, 3)",,Undergraduate,
RUSS 49804,Internship in Russian and Slavic Studies,"(4, 4)",,Undergraduate,
RUSS 49801,Internship In Russian and Slavic Studies,"(1, 1)",,Undergraduate,
SPAN 39100,Internship in Translation,"(3, 3)",,Undergraduate,
WGSI 32003,Internship Seminar,"(3, 3)",,Undergraduate,
WGSI 32004,Internship Seminar,"(4, 4)",,Undergraduate,
WGS 32004,Internship Seminar,"(4, 4)",,Undergraduate,
WGS 32000,Internship Seminar,"(None, None)",,Undergraduate,
WGSP 32004,Internship Seminar,"(4, 4)",,Undergraduate,
WGSI 32003,Internship Seminar,"(3, 3)",,Undergraduate,
WGSP 32003,Internship Seminar: Feminist Activism and Advocacy,"(3, 3)",,Undergraduate,
ECO 49800,Internship-Economic/Accounting,"(1, 1)",,Undergraduate,
URBS 4031Z,Internship: Arts Certificate Program,"(3, 3)",,Undergraduate,
GTECH 49800,Internship: Geographic Information Science,"(3, 3)",,Undergraduate,
SOC 25100,Interpersonal Behavior,"(3, 3)",,Undergraduate,
SOC 42567,Interpersonal Proces,"(3, 3)",,Undergraduate,
PSYCH 36600,Interpersonal Relationships and Health,"(3, 3)",,Undergraduate,
POLSC 20000,Interpreting Politics: An Introduction to Political Ideas,"(3, 3)",,Undergraduate,
WGST 29005,Intersectional Black Protest Movements,"(3, 3)",,Undergraduate,
MEDIA 29700,Interview Techniques,"(3, 3)",,Undergraduate,
THEA 39708,Interview-based Investigative Theater,"(3, 3)",,Undergraduate,
HIST 34196,Intl Mig:Make New NY,"(3, 3)",,Undergraduate,
BIOL 47189,Intr Bioinfo:Genomic,"(3, 3)",,Undergraduate,
MATH 15600,Intr Math Proof Wrks,"(1, 1)",,Undergraduate,
MUSPF 36102,Intr Notation Softwr,"(1, 1)",,Undergraduate,
HIST 25066,Intr:Carib Hist 1900,"(3, 3)",,Undergraduate,
SOC 35100,Intragroups and Intergroups,"(3, 3)",,Undergraduate,
HONS 20184,Intrdis Comptr Appls,"(3, 3)",,Undergraduate,
HUM 25052,Intrdscpln Indp Stud,"(3, 3)",,Undergraduate,
MUSPF 29200,Intrm Keybrd Stud 1,"(3, 3)",,Undergraduate,
PH 40081,Intrn Semhiv/Aids Ed,"(3, 3)",,Undergraduate,
LACS 43477,Intrnatnl Migration,"(3, 3)",,Undergraduate,
POLSC 11400,Intro 3rd World Govt,"(3, 3)",,Undergraduate,
POLSC 11600,Intro Communist Pol,"(3, 3)",,Undergraduate,
URBS 40379,Intro Communty Mapng,"(3, 3)",,Undergraduate,
POLSC 11300,Intro Democratic Gov,"(3, 3)",,Undergraduate,
POLSC 113HS,Intro Demogratic Gvt & Pol,"(3, 3)",,Undergraduate,
PHYS 28200,Intro Fluid Mechanic,"(3, 3)",,Undergraduate,
PH 40051,Intro Health Careers,"(3, 3)",,Undergraduate,
ENGL 25057,Intro Latin American Literature,"(3, 3)",,Undergraduate,
ECO 39552,Intro Oper Research,"(3, 3)",,Undergraduate,
ANTHP 151,Intro Phys Anthro,"(3, 3)",,Undergraduate,
BIOL 21000,Intro Research Tech,"(2, 2)",,Undergraduate,
BIOL 49101,Intro to Research,"(1, 1)",,Undergraduate,
BIOL 49301,Intro to Research,"(1, 1)",,Undergraduate,
BIOL 49201,Intro to Research,"(1, 1)",,Undergraduate,
MUSHL 26159,Intro to 20 Century Opera,"(3, 3)",,Undergraduate,
CSCI 39537,Intro to APIs,"(3, 3)",,Undergraduate,
CSCI 49379,Intro to Blockchain,"(3, 3)",,Undergraduate,
CSCI 10000,Intro to Computer Applications,"(1, 1)",,Undergraduate,
CSCI 49381,Intro to Computer Security,"(3, 3)",,Undergraduate,
CSCI 39539,Intro to Cryptography,"(3, 3)",,Undergraduate,
ANTHC 13100,Intro to Cult Anthc,"(3, 3)",,Undergraduate,
CSCI 39598,Intro to Cyber Risk,"(3, 3)",,Undergraduate,
MUSPF 36353,Intro to Dalcroze,"(3, 3)",,Undergraduate,
CSCI 39543,Intro to Data Mining,"(3, 3)",,Undergraduate,
CSCI 39542,Intro to Data Science,"(3, 3)",,Undergraduate,
ECO 100HS,Intro to Economics,"(3, 3)",,Undergraduate,
ENGL 38693,Intro to Fem. Lit.,"(3, 3)",,Undergraduate,
JPN 40404,Intro to Japanese Linguistics,"(3, 3)",,Undergraduate,
MATH 21100,Intro to Linear Algebra,"(4, 4)",,Undergraduate,
ENGL 220HS,Intro to Literature,"(3, 3)",,Undergraduate,
ENGL 30200,Intro to Literature Analysis,"(3, 3)",,Undergraduate,
MATH 11600,Intro to Math Comp 2,"(1, 1)",,Undergraduate,
PHILO 110T0,Intro to Philosophy,"(3, 3)",,Undergraduate,
PHILO 110T,Intro to Philosophy,"(3, 3)",,Undergraduate,
PHILO 110HS,Intro to Philosophy,"(3, 3)",,Undergraduate,
CSCI 49380,Intro to Reactive Programming,"(3, 3)",,Undergraduate,
CHEM 49102,Intro to Res-Honors,"(2, 2)",,Undergraduate,
CHEM 49102,Intro to Res-Honors,"(2, 2)",,Undergraduate,
PHYS 45402,Intro to Research,"(2, 2)",,Undergraduate,
BIOL 49102,Intro to Research,"(2, 2)",,Undergraduate,
PHYS 45303,Intro to Research,"(3, 3)",,Undergraduate,
PHYS 45302,Intro to Research,"(2, 2)",,Undergraduate,
PHYS 45301,Intro to Research,"(1, 1)",,Undergraduate,
CSCI 39536,Intro to Robotics,"(3, 3)",,Undergraduate,
THEA 18700,Intro to Thea Prod,"(2, 2)",,Undergraduate,
HIST 14155,Intro to U.S. Hist,"(3, 3)",,Undergraduate,
UKR 25050,Intro to Ukrainian Culture,"(3, 3)",,Undergraduate,
HIST 25027,Intro to Ukrainian Culture,"(3, 3)",,Undergraduate,
AFPRL 39082,Intro-Ethnomsclgy I,"(3, 3)",,Undergraduate,
BIOL 48200,Intro: Experimental Biology,"(None, None)",,Undergraduate,
WGS 20052,Intro: Gay and Lesbian Studies,"(3, 3)",,Undergraduate,
LACS 43417,Intro: Hispanic Lit 1,"(3, 3)",,Undergraduate,
ENGL 25551,Intro: Latin American Literature,"(3, 3)",,Undergraduate,
ARTLA 10100,Intro: Stdy Vis Exper,"(3, 3)",,Undergraduate,
WGSP 30015,Intro:Commty Orgnzng,"(3, 3)",,Undergraduate,
PH 29998,Intro:Health Care System,"(3, 3)",,Undergraduate,
LACS 43402,Intro:Hispan Lit 2,"(3, 3)",,Undergraduate,
NFS 29998,Intro:Hlth Care Syst,"(3, 3)",,Undergraduate,
ENGL 39091,Intro:Pos Mod Thry,"(3, 3)",,Undergraduate,
NURS 15000,Introducion to Health Care,"(3, 3)",,Undergraduate,
WGSS 15000,"Introduction to Lesbian, Gay, Bisexual, Transgender, Queer, Questioning, And Intersex Studies","(3, 3)",,Undergraduate,
POLSC 31706,Introduction Community Organizing,"(3, 3)",,Undergraduate,
LACS 43467,Introduction History of Haiti,"(3, 3)",,Undergraduate,
AFPRL 29046,Introduction History of Haiti,"(3, 3)",,Undergraduate,
POLSC 20470,Introduction Human Rights,"(3, 3)",,Undergraduate,
BIOL 49302,Introduction to Research,"(2, 2)",,Undergraduate,
MEDP 26000,Introduction to 2D Animation,"(3, 3)",,Undergraduate,
MUSTH 36169,Introduction to Ableton Live,"(3, 3)",,Undergraduate,
AFPRL 29034,Introduction to African Cuban Culture,"(3, 3)",,Undergraduate,
AFPRL 10100,Introduction to Africana Studies,"(3, 3)",,Undergraduate,
PHILO 20097,Introduction to Ancient Philosophy,"(3, 3)",,Undergraduate,
ENGL 33364,Introduction to Applied Linguistics,"(3, 3)",,Undergraduate,
STAT 21300,Introduction to Applied Statistics,"(3, 3)",,Undergraduate,
STAT 21350,Introduction to Applied Statistics Using Biological Data,"(3, 3)",,Undergraduate,
EDUC 35200,Introduction to Art Education,"(3, 3)",,Undergraduate,
URBS 20300,Introduction to Arts Management,"(3, 3)",,Undergraduate,
BIOL 47180,Introduction to Bioinformatics,"(2, 2)",,Undergraduate,
BIOL 47119,Introduction to Biomedical Genomics 1,"(3, 3)",,Undergraduate,
SCI 20000,Introduction to Biomedical Research,"(1, 1)",,Undergraduate,
PHYS 42000,Introduction to Biophysics,"(4, 4)",,Undergraduate,
AFPRL 10000,Introduction to Black Politics,"(3, 3)",,Undergraduate,
GERMN 31200,Introduction to Business German,"(3, 3)",,Undergraduate,
CHIN 31600,Introduction to Business Translation (Chinese – English),"(3, 3)",,Undergraduate,
LACS 43441,Introduction to Caribbean History from 1900 to the Present,"(3, 3)",,Undergraduate,
LACS 43408,Introduction to Caribbean History to 1900,"(3, 3)",,Undergraduate,
AFPRL 20900,Introduction to Caribbean History to 1900,"(3, 3)",,Undergraduate,
AFPRL 21000,Introduction to Caribbean History: 1900 - Present,"(3, 3)",,Undergraduate,
GTECH 38000,Introduction to Cartographic Design and Geovisualization,"(3, 3)",,Undergraduate,
JPN 26130,Introduction to Chado - Tea Ceremony,"(3, 3)",,Undergraduate,
FILM 10100,Introduction to Cinema,"(3, 3)",,Undergraduate,
CLARC 20400,"Introduction to Classical, Near Eastern, and Egyptian Archaeology","(3, 3)",,Undergraduate,
PH 42000,Introduction to Clinical Medicine,"(3, 3)",,Undergraduate,
HONS 20151,Introduction to Cognitive Science,"(3, 3)",,Undergraduate,
SW 36000,Introduction to Community Organizing,"(3, 3)",,Undergraduate,
POLSC 11700,Introduction to Comparative Politics,"(3, 3)",,Undergraduate,
STAT 29553,"Introduction to Complex Sampling: Longitudinal Studies, Estimation &Types of Bias","(3, 3)",,Undergraduate,
MATH 35300,Introduction to Complex Variables,"(3, 3)",,Undergraduate,
CSCI 127HE,Introduction to Computer Science,"(3, 3)",,Undergraduate,
CSCI 12700,Introduction to Computer Science,"(3, 3)",,Undergraduate,
CSCI 10N02,Introduction to Computer Science for Digital Arts,"(3, 3)",,Undergraduate,
CSCI 12000,Introduction to Computers,"(3, 3)",,Undergraduate,
ENGL 28500,Introduction to Creative Writing,"(3, 3)",,Undergraduate,
ANTHC 101HE,Introduction to Cultural Anthropology,"(3, 3)",,Undergraduate,
ANTHC 10100,Introduction to Cultural Anthropology,"(3, 3)",,Undergraduate,
SEDF 27150,Introduction To Culturally Responsive Teaching,"(1, 1)",,Undergraduate,
ECO 32100,Introduction to Econometrics,"(3, 3)",,Undergraduate,
ECO 10000,Introduction to Economics,"(3, 3)",,Undergraduate,
BUS 26100,Introduction to Entrepreneurship,"(3, 3)",,Undergraduate,
GEOL 10500,Introduction to Environmental Studies,"(3, 3)",,Undergraduate,
PHILO 104HE,Introduction to Ethics and Moral Judgment,"(3, 3)",,Undergraduate,
PHILO 10400,Introduction to Ethics and Moral Judgment,"(3, 3)",,Undergraduate,
MUSHL 35200,Introduction to Ethnomusicology 1,"(3, 3)",,Undergraduate,
MUSHL 35300,Introduction to Ethnomusicology 2,"(3, 3)",,Undergraduate,
BIOL 48202,Introduction to Experimental Biology,"(2, 2)",,Undergraduate,
BIOL 48100,Introduction to Experimental Biology,"(None, None)",,Undergraduate,
BIOL 48302,Introduction to Experimental Biology,"(2, 2)",,Undergraduate,
BIOL 48201,Introduction to Experimental Biology,"(1, 1)",,Undergraduate,
BIOL 48202,Introduction to Experimental Biology,"(2, 2)",,Undergraduate,
BIOL 48001,Introduction to Experimental Biology,"(1, 1)",,Undergraduate,
BIOL 48300,Introduction to Experimental Biology,"(None, None)",,Undergraduate,
BIOL 48201,Introduction to Experimental Biology,"(1, 1)",,Undergraduate,
BIOL 48101,Introduction to Experimental Biology,"(1, 1)",,Undergraduate,
BIOL 48302,Introduction to Experimental Biology,"(2, 2)",,Undergraduate,
PHYS 31100,Introduction to Fluid Mechanics,"(3, 3)",,Undergraduate,
WGS 10000,Introduction to Gender and Sexuality Studies,"(3, 3)",,Undergraduate,
BIOL 10500,Introduction to Genome Biology,"(3, 3)",,Undergraduate,
GTECH 20100,Introduction to Geographic Information Science,"(4, 4)",,Undergraduate,
URBS 4031R,Introduction to Geographic Information Systems (GIS),"(3, 3)",,Undergraduate,
GEOL 10000,Introduction to Geology,"(3, 3)",,Undergraduate,
URBS 4032E,Introduction to GIS for Urban Policy and Planning,"(3, 3)",,Undergraduate,
NFS 15000,Introduction to Health Care,"(3, 3)",,Undergraduate,
AFPRL 29026,Introduction to Hip Hop Culture and History,"(3, 3)",,Undergraduate,
SPAN 34200,Introduction to Hispanic Literature 2,"(3, 3)",,Undergraduate,
SPAN 34100,Introduction to Hispanic Literature I,"(3, 3)",,Undergraduate,
ARTH 11100,Introduction to History of Art,"(3, 3)",,Undergraduate,
URBS 4031L,Introduction to Housing,"(3, 3)",,Undergraduate,
ANTHP 101LC,Introduction to Human Evolution-Lecture,"(4, 4)",,Undergraduate,
ANTHP 101LB,Introduction to Human Evolution: Lab,"(None, None)",,Undergraduate,
HR 20000,Introduction to Human Rights,"(3, 3)",,Undergraduate,
POLSC 11500,Introduction to International Relations,"(3, 3)",,Undergraduate,
ITAL 34200,Introduction to Italian Literature from the 16th Century to the Present,"(3, 3)",,Undergraduate,
ITAL 34100,Introduction to Italian Literature from the Middle Ages to the 16th Century,"(3, 3)",,Undergraduate,
HEBR 22200,Introduction to Jewish Texts and Writings,"(3, 3)",,Undergraduate,
HEBR 25074,Introduction to Jewish Texts and Writings,"(3, 3)",,Undergraduate,
JS 25014,Introduction to Judaism,"(3, 3)",,Undergraduate,
REL 26256,Introduction to Judaism,"(3, 3)",,Undergraduate,
ENGL 33379,Introduction to Language,"(3, 3)",,Undergraduate,
ENGL 32653,Introduction to Latinx Literature,"(3, 3)",,Undergraduate,
AFPRL 29042,Introduction to Latinx Literature,"(3, 3)",,Undergraduate,
AFPRL 21600,Introduction to Latinx Literatures and Expressive Practices,"(3, 3)",,Undergraduate,
HIST 38263,Introduction to Legal History,"(3, 3)",,Undergraduate,
WGS 20001,Introduction to LGBT,"(3, 3)",,Undergraduate,
HIST 25080,Introduction to LGBT,"(3, 3)",,Undergraduate,
CSCI 35500,Introduction to Linear Programming,"(3, 3)",,Undergraduate,
ANTHC 15100,Introduction to Linguistics,"(3, 3)",,Undergraduate,
ENGL 25200,Introduction to Literary Studies,"(3, 3)",,Undergraduate,
ENGL 30600,Introduction to Literary Theory,"(3, 3)",,Undergraduate,
ENGL 30600,Introduction to Literary Theory,"(3, 3)",,Undergraduate,
PHILO 10300,Introduction to Logic and Critical Thinking,"(3, 3)",,Undergraduate,
PHILO 17000,Introduction to Logic and Scientific Method,"(3, 3)",,Undergraduate,
STAT 31300,Introduction to Mathematical Statistics,"(3, 3)",,Undergraduate,
MEDIA 18000,Introduction to Media Studies,"(3, 3)",,Undergraduate,
ARB 15000,Introduction to Modern Arab Cultures,"(3, 3)",,Undergraduate,
ANTHC 40151,Introduction to Museum Curation,"(3, 3)",,Undergraduate,
MUSHL 20100,Introduction to Music Research,"(1, 1)",,Undergraduate,
MUSTH 20100,Introduction to Music Technology,"(1, 1)",,Undergraduate,
CHEM 36000,Introduction to Nanotechnology,"(3, 3)",,Undergraduate,
BIOL 27000,Introduction to Neuroscience,"(3, 3)",,Undergraduate,
NURS 20000,Introduction to Nursing,"(2, 2)",,Undergraduate,
GEOL 18000,Introduction to Oceanography,"(3, 3)",,Undergraduate,
MUSTH 36108,Introduction to Persian Classical Music,"(3, 3)",,Undergraduate,
PHILO 10100,Introduction to Philosophy,"(3, 3)",,Undergraduate,
ARTCR 40N03,Introduction to Photography - Honors,"(3, 3)",,Undergraduate,
MEDP 34900,Introduction to Physical Computing,"(3, 3)",,Undergraduate,
BIOL 46000,Introduction to Planning and Teaching of Laboratory Work in Biology,"(2, 2)",,Undergraduate,
CHEM 29500,Introduction to Planning and Teaching of Laboratory Work in Chemistry,"(2, 2)",,Undergraduate,
POLSC 11200,Introduction to Political Theory,"(3, 3)",,Undergraduate,
POLSC 10000,Introduction to Politics,"(3, 3)",,Undergraduate,
CHEM 36900,Introduction to Polymer Chemistry,"(3, 3)",,Undergraduate,
ANTHC 12600,Introduction to Prehistoric Archaeology,"(3, 3)",,Undergraduate,
PSYCH 10000,Introduction to Psychology,"(3, 3)",,Undergraduate,
PH 30100,Introduction to Public Health,"(3, 3)",,Undergraduate,
PUPOL 10000,Introduction To Public Policy: An Interdisciplinary Approach,"(3, 3)",,Undergraduate,
AFPRL 10400,Introduction to Puerto Rican and Latino Studies,"(3, 3)",,Undergraduate,
CHEM 39200,Introduction to Radiochemistry,"(3, 3)",,Undergraduate,
GTECH 20300,Introduction to Remote Sensing,"(3, 3)",,Undergraduate,
CHEM 29000,Introduction to Research,"(1, 1)",,Undergraduate,
PHYS 45403,Introduction to Research,"(3, 3)",,Undergraduate,
PHYS 45401,Introduction to Research,"(1, 1)",,Undergraduate,
BIOL 49202,Introduction to Research,"(2, 2)",,Undergraduate,
JS 28000,Introduction to Research and Writing in Jewish Studies,"(3, 3)",,Undergraduate,
SOC 24000,Introduction to Research Methods,"(3, 3)",,Undergraduate,
NFS 40200,Introduction to Research Methods,"(3, 3)",,Undergraduate,
PSYCH 21500,Introduction to Research Methods in Psychology,"(3, 3)",,Undergraduate,
SCI 10300,Introduction to Science for Medical and Research Careers,"(1, 1)",,Undergraduate,
SW 32000,Introduction to Social Welfare Policy & Services,"(3, 3)",,Undergraduate,
SW 20100,Introduction to Social Work,"(3, 3)",,Undergraduate,
SOC 23100,Introduction to Social Work Profession,"(3, 3)",,Undergraduate,
SOC 10100,Introduction to Sociology,"(3, 3)",,Undergraduate,
MUSTH 36106,Introduction to Song Writing,"(3, 3)",,Undergraduate,
PHILO 17100,Introduction to Symbolic Logic,"(3, 3)",,Undergraduate,
ENGL 33372,Introduction to Syntax,"(3, 3)",,Undergraduate,
HEBR 22300,Introduction to Talmudic Literature in Translation,"(3, 3)",,Undergraduate,
PH 15000,Introduction to the Health Care System,"(3, 3)",,Undergraduate,
AFPRL 23800,Introduction to the Literature of the African Diaspora,"(3, 3)",,Undergraduate,
HEBR 24000,Introduction to the Old Testament,"(3, 3)",,Undergraduate,
HEBR 25000,Introduction to the Old Testament,"(3, 3)",,Undergraduate,
THEA 10100,Introduction to Theatre,"(3, 3)",,Undergraduate,
THEA 15100,Introduction to Theatre Production,"(2, 2)",,Undergraduate,
SPAN 38000,Introduction to Translation and Interpretation,"(3, 3)",,Undergraduate,
URBS 40394,Introduction to Transportation Planning,"(3, 3)",,Undergraduate,
URBS 4031Y,Introduction to Urban Design,"(3, 3)",,Undergraduate,
EDUC 25000,Introduction to Urban Education: Topics and Issues around Diversity and Equity,"(3, 3)",,Undergraduate,
ASIAN 22100,Introduction to Writing About Asian American Literature,"(3, 3)",,Undergraduate,
ENGL 22000,Introduction to Writing about Literature,"(3, 3)",,Undergraduate,
PH 20072,Introduction: Health Careers,"(3, 3)",,Undergraduate,
COMPL 38071,Introduction:Cultural Studies,"(3, 3)",,Undergraduate,
PH 22072,Introduction:Health Careers,"(3, 3)",,Undergraduate,
CHEM 11500,Introductory Chemistry,"(3, 3)",,Undergraduate,
GEOL 10100,Introductory Geology Lab,"(3, 3)",,Undergraduate,
HUM 15000,Introductory Topics in Humanities and the Arts,"(3, 3)",,Undergraduate,
ENGL 39948,Inventing Whiteness in American Literature and Culture,"(3, 3)",,Undergraduate,
MEDPL 37200,Investigative Rpt,"(3, 3)",,Undergraduate,
CSCI 39597,iOS Development,"(3, 3)",,Undergraduate,
ENGL 38000,Irish Literary Renaissance,"(3, 3)",,Undergraduate,
ENGL 38870,"Irish Literary Revival: Years, Joyle and their Contemporaries","(3, 3)",,Undergraduate,
WGS 25853,Irish Wmn Writers,"(3, 3)",,Undergraduate,
WGSA 31963,Irish Wmn'S Poetry,"(3, 3)",,Undergraduate,
ENGL 25853,Irish Women Writers,"(3, 3)",,Undergraduate,
ENGL 31963,Irish Women's Poetry,"(3, 3)",,Undergraduate,
RUSS 25853,Isaac Babel in Trans,"(1, 1)",,Undergraduate,
RUSS 24610,Isaak Babel Konarnia,"(3, 3)",,Undergraduate,
REL 32200,Islam,"(3, 3)",,Undergraduate,
POLSC 27257,Islam & Arab World,"(3, 3)",,Undergraduate,
REL 36253,Islam & Christianity,"(3, 3)",,Undergraduate,
AFPRL 32800,Islam & Christianity in Africa,"(3, 3)",,Undergraduate,
REL 32400,Islam and Buddhism,"(3, 3)",,Undergraduate,
AFPRL 32300,Islam and Christianity in Africa,"(3, 3)",,Undergraduate,
POLSC 20472,Islam and Gender,"(3, 3)",,Undergraduate,
POLSC 20465,Islam and Modernity,"(3, 3)",,Undergraduate,
REL 36152,Islam and Women,"(3, 3)",,Undergraduate,
SOC 32552,Islam in Europe,"(3, 3)",,Undergraduate,
ARTH 26000,Islamic Art and Architecture,"(3, 3)",,Undergraduate,
ARTH 36104,Islamic Book Art,"(3, 3)",,Undergraduate,
ARTH 46001,Islamic City,"(3, 3)",,Undergraduate,
ARB 20050,Islamic Civilization,"(3, 3)",,Undergraduate,
POLSC 48063,Israel Among Nations,"(3, 3)",,Undergraduate,
HEBR 22000,Israeli Cinema,"(3, 3)",,Undergraduate,
FILM 21344,Israeli Cinema,"(3, 3)",,Undergraduate,
HEBR 35751,Israeli Hebrew,"(3, 3)",,Undergraduate,
POLSC 27359,Israeli National Security Policy and Strategy,"(3, 3)",,Undergraduate,
POLSC 31761,Iss: Contemp Amer Law,"(3, 3)",,Undergraduate,
REL 32557,Issue Mod Cathlisism,"(3, 3)",,Undergraduate,
POLSC 37205,Issues Comparative Politics,"(3, 3)",,Undergraduate,
ARTH 24500,"Issues in 19th-Century French Painting: Realism, Impressionism, and Post-Impressionism/Symbolism (1","(3, 3)",,Undergraduate,
POLSC 27209,Issues in Comp Pol,"(3, 3)",,Undergraduate,
POLSC 20476,Issues in Legal Philosophy,"(3, 3)",,Undergraduate,
REL 30600,Issues in Religion,"(3, 3)",,Undergraduate,
POLSC 29407,Issues in US Foreign Policy,"(3, 3)",,Undergraduate,
POLSC 27389,Issues International Political Economy,"(3, 3)",,Undergraduate,
HIST 25073,Issues-Environ Hist,"(3, 3)",,Undergraduate,
MEDP 39900,Issues:Media Studies,"(3, 3)",,Undergraduate,
WGSA 30024,It Am Wmn Wtr & Art,"(3, 3)",,Undergraduate,
ITAL 37034,It.Lit:Renaissance,"(3, 3)",,Undergraduate,
ITAL 36560,Ital Amer Wmn Wrtrs,"(3, 3)",,Undergraduate,
ITAL 36530,Ital Lit & Cinema,"(3, 3)",,Undergraduate,
ITAL 36010,Ital Lyrc Ptry Mid,"(3, 3)",,Undergraduate,
MUSHL 26173,Ital Opera:1800-40,"(3, 3)",,Undergraduate,
MUSHL 26174,Ital Opera:1800-40,"(3, 3)",,Undergraduate,
COMPL 35053,Italan Baroque (Eng),"(3, 3)",,Undergraduate,
COMPL 38004,Italian American Women Writers and Artists: Issues of Identities,"(3, 3)",,Undergraduate,
ITAL 33900,Italian American Women Writers and Artists: Issues of Identities,"(3, 3)",,Undergraduate,
ITAL 33400,Italian Civilization in the Baroque in English,"(3, 3)",,Undergraduate,
ITAL 334HE,Italian Civilization in the Baroque in English,"(3, 3)",,Undergraduate,
ITAL 33500,Italian Culture 1,"(3, 3)",,Undergraduate,
ITAL 33600,Italian Culture 2,"(3, 3)",,Undergraduate,
ITAL 36301,Italian Culture In The Age Of Enlightenment,"(3, 3)",,Undergraduate,
ITAL 36501,Italian Ecocriticism,"(3, 3)",,Undergraduate,
ITAL 22100,Italian for Oral Communication,"(3, 3)",,Undergraduate,
ITAL 36520,Italian Literature and Fascism,"(3, 3)",,Undergraduate,
ITAL 36090,Italian Literature: Origins to 13th Century,"(3, 3)",,Undergraduate,
MUSHL 26177,Italian Mast Baroq,"(3, 3)",,Undergraduate,
ITAL 35200,Italian Novel & Cinema,"(3, 3)",,Undergraduate,
MUSHL 26199,Italian Opera,"(3, 3)",,Undergraduate,
ITAL 33100,Italian Phonetics and Diction,"(3, 3)",,Undergraduate,
HIST 34179,Italian Renaissance,"(3, 3)",,Undergraduate,
ITAL 36160,Italian Renaissance Comedy,"(3, 3)",,Undergraduate,
ITAL 37080,Italian Stylistics & Rhetoric,"(3, 3)",,Undergraduate,
ITAL 37055,Italian Theatre 1,"(3, 3)",,Undergraduate,
ITAL 32100,Italian Translation,"(3, 3)",,Undergraduate,
WGSA 30033,"Italian Women Writers from the Middle Ages to the 18th Century,","(3, 3)",,Undergraduate,
COMPL 38057,"Italian Women Writers from the Middle Ages to the 18th Century, in Translation","(3, 3)",,Undergraduate,
ITAL 33700,"Italian Women Writers from the Middle Ages to the 18th Century, in Translation","(3, 3)",,Undergraduate,
RUSS 25752,Ivan Turgenev,"(1, 1)",,Undergraduate,
PHILO 22200,J.S. Mill and Utilitarianism,"(3, 3)",,Undergraduate,
ENGL 38854,Jacobean Drama,"(3, 3)",,Undergraduate,
ENGL 38985,James Baldwin,"(3, 3)",,Undergraduate,
ENGL 38959,James Joyce,"(3, 3)",,Undergraduate,
ENGL 38955,Jane Austen,"(3, 3)",,Undergraduate,
WGS 30021,Jane Austen,"(3, 3)",,Undergraduate,
ENGL 38632,Jane Austen & Edith Wharton,"(3, 3)",,Undergraduate,
POLSC 37371,Japan & China: Int,"(3, 3)",,Undergraduate,
POLSC 27383,Japan & World Politics,"(3, 3)",,Undergraduate,
POLSC 37260,Japan Political Economics,"(3, 3)",,Undergraduate,
HIST 38000,Japan Since 1800,"(3, 3)",,Undergraduate,
HIST 34191,Japan Since 1945,"(3, 3)",,Undergraduate,
HIST 37900,Japan to 1800,"(3, 3)",,Undergraduate,
POLSC 48005,Japan&China: Int,"(3, 3)",,Undergraduate,
POLSC 27299,Japan:Gov't & Political,"(3, 3)",,Undergraduate,
JPN 30401,Japanese Business Communications and Skills,"(3, 3)",,Undergraduate,
JPN 26110,Japanese Cinema,"(3, 3)",,Undergraduate,
CLA 24086,Japanese Cinema,"(3, 3)",,Undergraduate,
JPN 30303,Japanese Contemporary Literature,"(3, 3)",,Undergraduate,
CLA 24057,Japanese Converstion,"(3, 3)",,Undergraduate,
CLA 34052,Japanese Culture,"(3, 3)",,Undergraduate,
CLA 24066,Japanese Culture 2,"(3, 3)",,Undergraduate,
CLA 24060,Japanese Culture 2,"(3, 3)",,Undergraduate,
JPN 25100,Japanese Culture Before 1600,"(3, 3)",,Undergraduate,
JPN 25200,Japanese Culture Since 1600,"(3, 3)",,Undergraduate,
JPN 30402,Japanese Food Culture in Japanese,"(3, 3)",,Undergraduate,
HIST 34156,Japanese in the U.S.,"(3, 3)",,Undergraduate,
ASIAN 33004,Japanese in the United States,"(3, 3)",,Undergraduate,
ASIAN 32009,Japanese Internment,"(3, 3)",,Undergraduate,
JPN 26170,Japanese Kimono - The Wearable Art,"(3, 3)",,Undergraduate,
JPN 40402,Japanese Linguistics: Pragmatics,"(3, 3)",,Undergraduate,
JPN 20N04,Japanese Listening and Speaking,"(3, 3)",,Undergraduate,
JPN 26161,"Japanese Myths, Legends & Folklore: Building a Nation Through Fact & Fiction","(3, 3)",,Undergraduate,
JPN 40401,Japanese Pragmatics,"(3, 3)",,Undergraduate,
JPN 27100,Japanese Reading: Recitation and Comprehension,"(3, 3)",,Undergraduate,
THEA 39735,Japanese Theatre: Performance and Production,"(3, 3)",,Undergraduate,
JPN 40335,Japanese Theatre: Performance and Production,"(3, 3)",,Undergraduate,
JPN 40403,Japanese Translation Seminar,"(3, 3)",,Undergraduate,
JPN 40307,Japanese Video Games: Visual Culture and Narrative,"(3, 3)",,Undergraduate,
CSCI 39570,Javascript Game Programming,"(3, 3)",,Undergraduate,
HONS 2011K,Jazz Age and Machine Age,"(3, 3)",,Undergraduate,
MUSPF 25000,Jazz and Popular Music Combos,"(1, 1)",,Undergraduate,
MUSTH 46160,Jazz Arranging,"(3, 3)",,Undergraduate,
MUSPF 29952,Jazz Band,"(1, 1)",,Undergraduate,
MUSPF 29953,Jazz Band,"(1, 1)",,Undergraduate,
MUSPF 29900,Jazz Band,"(1, 1)",,Undergraduate,
MUSPF 29955,Jazz Band,"(1, 1)",,Undergraduate,
DAN 25300,Jazz Dance 1,"(2, 2)",,Undergraduate,
DAN 25400,Jazz Dance 2,"(2, 2)",,Undergraduate,
MUSPF 24900,Jazz Ensemble,"(1, 1)",,Undergraduate,
MUSTH 37000,Jazz Harmony and Arranging,"(3, 3)",,Undergraduate,
MUSTH 37100,Jazz Improvisation,"(3, 3)",,Undergraduate,
MUSPF 36352,Jazz Theory & Impro,"(3, 3)",,Undergraduate,
MUSTH 46159,Jazz Theory and Improv II,"(3, 3)",,Undergraduate,
MUSPF 25100,Jazz Vocal Workshop Ensemble,"(1, 1)",,Undergraduate,
MUSPF 25157,Jazz Workshop,"(1, 1)",,Undergraduate,
MUSPF 35156,Jazz Workshop,"(1, 1)",,Undergraduate,
MUSPF 25154,Jazz Workshop,"(1, 1)",,Undergraduate,
MUSPF 25156,Jazz Workshop,"(1, 1)",,Undergraduate,
MUSPF 25155,Jazz Workshop,"(1, 1)",,Undergraduate,
MUSPF 35154,Jazz Workshop,"(1, 1)",,Undergraduate,
MUSPF 35151,Jazz Workshop,"(1, 1)",,Undergraduate,
MUSPF 35153,Jazz Workshop,"(1, 1)",,Undergraduate,
MUSPF 35156,Jazz Workshop,"(1, 1)",,Undergraduate,
MUSPF 25157,Jazz Workshop,"(1, 1)",,Undergraduate,
MUSPF 35152,Jazz Workshop,"(1, 1)",,Undergraduate,
MUSPF 25153,Jazz Workshop,"(1, 1)",,Undergraduate,
MUSPF 25154,Jazz Workshop,"(1, 1)",,Undergraduate,
ENGL 38994,Jean Luc Godard,"(3, 3)",,Undergraduate,
HONS 20148,Jeanj. Rousseau,"(3, 3)",,Undergraduate,
HIST 38217,Jerualem in the 20th Century,"(3, 3)",,Undergraduate,
HONS 20155,Jerusalem Under the Mandate,"(3, 3)",,Undergraduate,
ENGL 39968,Jewish Amer Lit:Imm-Acc,"(3, 3)",,Undergraduate,
JS 25003,Jewish Americans on the Screen,"(3, 3)",,Undergraduate,
ANTHC 32010,Jewish Diaspora Europe,"(3, 3)",,Undergraduate,
JS 35012,Jewish History in the Ancient World,"(3, 3)",,Undergraduate,
HIST 30900,Jewish History in the Ancient World,"(3, 3)",,Undergraduate,
HIST 31000,Jewish History in the Medieval and Early Modern Periods,"(3, 3)",,Undergraduate,
HIST 31900,Jewish History in the Medieval And Early Modern Periods,"(3, 3)",,Undergraduate,
HIST 32000,Jewish History in the Modern World,"(3, 3)",,Undergraduate,
ENGL 49417,"Jewish Modernisms: Literature, Culture, History 1900-1950","(3, 3)",,Undergraduate,
JS 41002,"Jewish Modernisms: Literature, Culture, History 1900-1950","(3, 3)",,Undergraduate,
HEBR 25076,Jewish Mysticism and Science Fiction,"(3, 3)",,Undergraduate,
PHILO 20001,Jewish Philosophy,"(3, 3)",,Undergraduate,
RUSS 25611,Jewish Qstn Russ Lit,"(3, 3)",,Undergraduate,
HONS 2012G,Jewish Soldiers of World War II,"(3, 3)",,Undergraduate,
JS 31004,Jewish Studies:Fieldwork,"(4, 4)",,Undergraduate,
REL 32555,Jewish Theology,"(3, 3)",,Undergraduate,
ENGL 25070,Jewish-American Literature,"(3, 3)",,Undergraduate,
POL 26053,Jews & Poles;Poland & USA,"(3, 3)",,Undergraduate,
POL 26061,Jewsh Thm Polish Culture,"(3, 3)",,Undergraduate,
ENGL 38755,Jhnson/Boswell Circl,"(3, 3)",,Undergraduate,
POLSC 27214,Jihadist Movement,"(3, 3)",,Undergraduate,
POLSC 27306,Jihadist Movement,"(3, 3)",,Undergraduate,
HEBR 29400,"Job, Ecclesiastes, and the Human Predicament","(3, 3)",,Undergraduate,
HR 22041,Journalism & Human Rights,"(3, 3)",,Undergraduate,
MEDIA 21000,Journalism & Society,"(3, 3)",,Undergraduate,
MEDPL 37300,Journalism as Literature,"(3, 3)",,Undergraduate,
CHIN 30100,Journalistic Chinese Literature 1,"(3, 3)",,Undergraduate,
CHIN 30200,Journalistic Chinese Literature 2,"(3, 3)",,Undergraduate,
ENGL 38861,Joyce & Beckett,"(3, 3)",,Undergraduate,
ENGL 4941L,Joyce's Finnegans Wake,"(3, 3)",,Undergraduate,
ENGL 49056,Joyce's Finnegans Wake,"(3, 3)",,Undergraduate,
JS 31003,JS Fieldwork,"(3, 3)",,Undergraduate,
JS 31005,JS Fieldwork,"(5, 5)",,Undergraduate,
JS 31006,JS Fieldwork,"(6, 6)",,Undergraduate,
REL 36255,Judaism,"(3, 3)",,Undergraduate,
COMPL 37051,Jungian Approach to Literature,"(3, 3)",,Undergraduate,
HR 22026,Justice for MeToo: Violence Against Women and the American Criminal Justice System,"(3, 3)",,Undergraduate,
ENGL 4941U,Kafka and Beckett,"(3, 3)",,Undergraduate,
ENGL 49012,Kafka and Beckett,"(3, 3)",,Undergraduate,
PHILO 38068,Kant,"(3, 3)",,Undergraduate,
PHILO 33855,Kant's Ethics,"(3, 3)",,Undergraduate,
PHILO 39353,Kant's Ethics,"(3, 3)",,Undergraduate,
PHILO 39357,Kant's Moral&Pol Philosophy,"(3, 3)",,Undergraduate,
PHILO 39481,Kant's Practical Philosophy,"(3, 3)",,Undergraduate,
JPN 40306,Kawaii: The Culture of Cuteness in Japan,"(3, 3)",,Undergraduate,
JPN 26171,Kawaii: The Culture of Cuteness in Japan,"(3, 3)",,Undergraduate,
ENGL 38957,Keats,"(3, 3)",,Undergraduate,
ENGL 39999,Kennedy Family,"(3, 3)",,Undergraduate,
HIST 49205,Kennedys 1940-95,"(3, 3)",,Undergraduate,
PHILO 39355,Kierkegaard,"(3, 3)",,Undergraduate,
BIOL 47066,Kinetics of Biol System,"(2, 2)",,Undergraduate,
ENGL 49487,King Arthur,"(3, 3)",,Undergraduate,
ENGL 38785,King Arthur & his Court,"(3, 3)",,Undergraduate,
COMPL 38080,King Arthur & His Court,"(3, 3)",,Undergraduate,
ENGL 38691,King Arthur&His Cour,"(3, 3)",,Undergraduate,
ANTHC 30300,Kinship and Social Organization,"(3, 3)",,Undergraduate,
CHIN 25161,Knight-Errant (Wuxia) Fiction,"(3, 3)",,Undergraduate,
PHILO 26600,Knowledge and Reality,"(3, 3)",,Undergraduate,
PHILO 201HE,Knowledge and Reality,"(3, 3)",,Undergraduate,
PHILO 201HS,Knowledge and Reality,"(3, 3)",,Undergraduate,
CSCI 49353,Knowledge Representation,"(3, 3)",,Undergraduate,
GRK 22000,Koine Greek,"(3, 3)",,Undergraduate,
REL 36353,"Koran: Language, Religion and Meaning","(3, 3)",,Undergraduate,
ASIAN 22007,Korean American Literature,"(3, 3)",,Undergraduate,
ENGL 25656,Korean American Literature,"(3, 3)",,Undergraduate,
ASIAN 24051,Korean Americans,"(3, 3)",,Undergraduate,
WGS 30048,Korean Americans,"(3, 3)",,Undergraduate,
SOC 22506,Korean Americans,"(3, 3)",,Undergraduate,
SOC 32536,Koreans in the U.S.,"(3, 3)",,Undergraduate,
URBS 40371,Koreans in the U.S.,"(3, 3)",,Undergraduate,
ARTH 48005,La Frontera: Visual Culture & the Mexico-US Borderlands,"(3, 3)",,Undergraduate,
BIOL 39200,Lab: In Cell Ultrastructure,"(4, 4)",,Undergraduate,
PUPOL 30N05,"Labor and Employment Rights: Law, Policy, and History","(3, 3)",,Undergraduate,
ENGL 37150,Labor Class Romantic Poetry,"(3, 3)",,Undergraduate,
ECO 49559,Labor Economic Seminar,"(3, 3)",,Undergraduate,
ASTRO 10700,Laboratory Exercises in Astronomy,"(1, 1)",,Undergraduate,
ASTRO 10200,Laboratory Explorations in Astronomy,"(3, 3)",,Undergraduate,
BIOL 39100,Laboratory in Cell Structure - Biological Electron Microscopy,"(4, 4)",,Undergraduate,
BIOL 39000,Laboratory in Cell Structure-Light Microscopy,"(5, 5)",,Undergraduate,
SOC 3252H,Laboring New York,"(3, 3)",,Undergraduate,
ENGL 39890,Labr & Amer Lit 1880-1920,"(3, 3)",,Undergraduate,
LACS 33057,Lacs In-Service,"(3, 3)",,Undergraduate,
HONS 20133,Land of Hunger,"(3, 3)",,Undergraduate,
POLSC 31755,"Landmark Supreme Court Decisions and Race, Sex and Privacy","(3, 3)",,Undergraduate,
ENGL 49450,Landscape and Nature,"(3, 3)",,Undergraduate,
ENGL 38666,Landscapes & Identity,"(3, 3)",,Undergraduate,
GEOG 30505,Landscapes of the Other,"(3, 3)",,Undergraduate,
PSYCH 29555,Lang Acquis Spc Tpcs,"(3, 3)",,Undergraduate,
AFPRL 39025,Language & Ethnicity,"(3, 3)",,Undergraduate,
ASIAN 39017,Language & Ethnicity,"(3, 3)",,Undergraduate,
EDUC 35600,Language & Learning,"(3, 3)",,Undergraduate,
EDUC 35600,Language & Learning,"(3, 3)",,Undergraduate,
ENGL 49202,Language & Social Justice,"(3, 3)",,Undergraduate,
PSYCH 39576,Language Acquisition,"(3, 3)",,Undergraduate,
ANTHC 32002,Language and Body,"(3, 3)",,Undergraduate,
ENGL 33377,Language and Body,"(3, 3)",,Undergraduate,
ARB 25700,Language and Culture in Contemporary North Africa,"(3, 3)",,Undergraduate,
AFPRL 18100,Language and Ethnic Identity,"(3, 3)",,Undergraduate,
ENGL 34700,Language and Ethnicity,"(3, 3)",,Undergraduate,
ANTHC 32007,Language and Gender,"(3, 3)",,Undergraduate,
ENGL 33367,Language and Gender,"(3, 3)",,Undergraduate,
ENGL 33358,Language and Human Rights,"(3, 3)",,Undergraduate,
ENGL 33371,Language and Identity,"(3, 3)",,Undergraduate,
ECC 30500,Language and Literacy for Children of Diverse Backgrounds (B-Prekindergarten),"(3, 3)",,Undergraduate,
ECC 30600,"Language and Literacy for Children of Diverse Backgrounds, Kindergarten through 2nd Grade","(3, 3)",,Undergraduate,
ENGL 33360,Language And Literacy In An African Country,"(3, 3)",,Undergraduate,
ENGL 25152,Language and Literature,"(3, 3)",,Undergraduate,
ANTHC 40101,Language and Nationalism,"(3, 3)",,Undergraduate,
ENGL 33376,Language and Power,"(3, 3)",,Undergraduate,
ANTHC 32081,Language and Power,"(3, 3)",,Undergraduate,
ANTHC 32045,Language and Race,"(3, 3)",,Undergraduate,
HONS 20141,Language and Racism,"(3, 3)",,Undergraduate,
ENGL 33380,Language and Sport,"(3, 3)",,Undergraduate,
ENGL 4941T,Language Ideology,"(3, 3)",,Undergraduate,
ENGL 49203,Language Ideology,"(3, 3)",,Undergraduate,
ENGL 33351,Language in America,"(3, 3)",,Undergraduate,
ANTHC 35100,Language in Culture ind Society,"(3, 3)",,Undergraduate,
ENGL 33369,Language Learning Teaching,"(3, 3)",,Undergraduate,
ENGL 48451,Language of Poetry,"(3, 3)",,Undergraduate,
ENGL 38362,Language of Power,"(3, 3)",,Undergraduate,
CSCI 45000,Language Translation,"(3, 3)",,Undergraduate,
ANTHC 32018,"Language, Health & Medicine","(3, 3)",,Undergraduate,
ENGL 33361,"Language, Identity and Education","(3, 3)",,Undergraduate,
ENGL 33362,"Language, Identity, and Power","(3, 3)",,Undergraduate,
ANTHC 32076,"Language, Sex & Gender","(3, 3)",,Undergraduate,
WGS 30053,"Language,Sex & Gender","(3, 3)",,Undergraduate,
ANTHC 40191,Languages in Contact,"(3, 3)",,Undergraduate,
PHYS 23200,Laser and Electro-Optics Technology,"(5, 5)",,Undergraduate,
PHYS 23300,Laser Electro-Optics Devices,"(4, 4)",,Undergraduate,
LACS 43449,Lat Am:Change Front,"(3, 3)",,Undergraduate,
HIST 38254,Lat Amer in 20 Cent,"(3, 3)",,Undergraduate,
LACS 43492,Lat Amer Pol Thought,"(3, 3)",,Undergraduate,
POLSC 48021,Lat Amer So Mvmt:Hon,"(3, 3)",,Undergraduate,
HIST 49259,Lat An 20C (Honors),"(3, 3)",,Undergraduate,
LACS 33060,Lat.Am&Carib Fld Wrk,"(3, 3)",,Undergraduate,
PHILO 39389,Late Heidegger,"(3, 3)",,Undergraduate,
PHILO 33860,Late Heidegger,"(3, 3)",,Undergraduate,
HIST 37500,Late Imperial Russia and the Soviet Union,"(3, 3)",,Undergraduate,
ENGL 39954,Late Nov H James,"(3, 3)",,Undergraduate,
ENGL 39954,Late Nov H James(W),"(3, 3)",,Undergraduate,
ENGL 38562,Late Romantic Literature,"(3, 3)",,Undergraduate,
ARTH 22100,Later Medieval Art,"(3, 3)",,Undergraduate,
POLSC 48093,Latin Am:Debt & Demo,"(3, 3)",,Undergraduate,
LACS 43494,Latin Amer Civiliztn,"(3, 3)",,Undergraduate,
ANTHC 40185,Latin Amer Migration & Settle,"(3, 3)",,Undergraduate,
LACS 43436,Latin Amer Migration & Settle,"(3, 3)",,Undergraduate,
LACS 43412,Latin Amer Pol Econy,"(3, 3)",,Undergraduate,
AFPRL 29096,Latin Amer Politcal Economy,"(3, 3)",,Undergraduate,
SOC 32519,Latin Amer Societies,"(3, 3)",,Undergraduate,
ANTHC 40059,Latin America: Change Front,"(3, 3)",,Undergraduate,
ANTHC 21300,Latin America: Societies and Cultures,"(3, 3)",,Undergraduate,
LACS 43440,Latin America:Societies and Cultures,"(3, 3)",,Undergraduate,
ARTH 39915,Latin American Art,"(3, 3)",,Undergraduate,
ARTH 20400,Latin American Art: From Independence to Now,"(3, 3)",,Undergraduate,
SPAN 33600,Latin American Civilization,"(3, 3)",,Undergraduate,
LACS 43431,Latin American Essay,"(3, 3)",,Undergraduate,
SPAN 36700,Latin American Essay,"(3, 3)",,Undergraduate,
LACS 43405,Latin American Government,"(3, 3)",,Undergraduate,
ENGL 25660,Latin American Literature,"(3, 3)",,Undergraduate,
HONS 2012F,Latin American Literature & Philosophy,"(3, 3)",,Undergraduate,
MUSPF 36109,Latin American Music: Performance and Repertoire,"(1, 1)",,Undergraduate,
POLSC 20460,Latin American Political Thought,"(3, 3)",,Undergraduate,
POLSC 37203,Latin American Social Movement,"(3, 3)",,Undergraduate,
HONS 30138,Latin American Thought,"(3, 3)",,Undergraduate,
FILM 29954,Latin American Women Directors,"(3, 3)",,Undergraduate,
LAT 10300,Latin Composition,"(2, 2)",,Undergraduate,
LAT 10400,Latin Composition,"(2, 2)",,Undergraduate,
LAT 20600,Latin Composition,"(2, 2)",,Undergraduate,
LAT 20500,Latin Composition,"(2, 2)",,Undergraduate,
CLA 30752,Latin Literature Augustan Age,"(3, 3)",,Undergraduate,
LAT 21200,Latin Reading: Poetry,"(3, 3)",,Undergraduate,
LAT 21100,Latin Reading: Prose,"(3, 3)",,Undergraduate,
AFPRL 39039,Latina Fem Thought,"(3, 3)",,Undergraduate,
AFPRL 39089,Latina Life Stories,"(3, 3)",,Undergraduate,
WGS 30091,Latina Life Stories,"(3, 3)",,Undergraduate,
LACS 43498,Latina Life Stories,"(3, 3)",,Undergraduate,
WGS 20084,Latina Women,"(3, 3)",,Undergraduate,
AFPRL 29017,Latina Women,"(3, 3)",,Undergraduate,
WGS 20087,Latina Writing,"(3, 3)",,Undergraduate,
AFPRL 29043,Latina Writing,"(3, 3)",,Undergraduate,
LACS 43497,Latina Writing,"(3, 3)",,Undergraduate,
ENGL 25078,Latina Writing,"(3, 3)",,Undergraduate,
ANTHC 32008,Latina/o Urban Ethnography and the Literacy Landscape Seminar,"(3, 3)",,Undergraduate,
AFPRL 39026,Latina/o Urban Ethnography and the Literacy Landscape Seminar,"(3, 3)",,Undergraduate,
ENGL 32652,Latina/o Youth Culture,"(3, 3)",,Undergraduate,
AFPRL 10200,Latino Communities in United States,"(3, 3)",,Undergraduate,
AFPRL 42802,Latino Health: Anthropological Perspectives,"(3, 3)",,Undergraduate,
AFPRL 39009,Latino Intlct Hist,"(3, 3)",,Undergraduate,
AFPRL 22800,Latino Media and Popular Culture,"(3, 3)",,Undergraduate,
MEDIA 22800,Latino Media and Popular Culture,"(3, 3)",,Undergraduate,
AFPRL 29070,Latino Music,"(3, 3)",,Undergraduate,
AFPRL 39095,Latino Politics,"(3, 3)",,Undergraduate,
POLSC 31768,Latino Politics,"(3, 3)",,Undergraduate,
AFPRL 39091,Latino Pop Culture,"(3, 3)",,Undergraduate,
AFPRL 29064,"Latino Voices, Immigration and Identity","(3, 3)",,Undergraduate,
WGSS 20001,"Latino, Gender & Sexuality","(3, 3)",,Undergraduate,
AFPRL 29067,"Latino, Gender & Sexuality","(3, 3)",,Undergraduate,
AFPRL 19055,Latino/Puerto Rican Youth Identity and Psychosocial Health,"(3, 3)",,Undergraduate,
AFPRL 26000,Latinos and Citizenship,"(3, 3)",,Undergraduate,
AFPRL 29051,Latinos and US Citizenship,"(3, 3)",,Undergraduate,
AFPRL 39036,Latinx Archetypes,"(3, 3)",,Undergraduate,
AFPRL 35600,Latinx Literatures,"(3, 3)",,Undergraduate,
ENGL 32654,Latinx New York,"(3, 3)",,Undergraduate,
SOC 22518,Latinxs in the U.S.,"(3, 3)",,Undergraduate,
HIST 34164,Law & American Society,"(3, 3)",,Undergraduate,
HONS 20135,Law & Literature,"(3, 3)",,Undergraduate,
POLSC 31715,Law & Pol LGBT Rights,"(3, 3)",,Undergraduate,
THEA 39768,Law and American Drama,"(3, 3)",,Undergraduate,
ECO 37000,Law and Economics,"(3, 3)",,Undergraduate,
HUM 25066,Law and Economics,"(3, 3)",,Undergraduate,
POLSC 31754,Law and Morality,"(3, 3)",,Undergraduate,
POLSC 21745,Law and Public Education,"(3, 3)",,Undergraduate,
POLSC 31732,Law and Social Change,"(3, 3)",,Undergraduate,
SOSCI 22000,Law and Society,"(3, 3)",,Undergraduate,
HIST 25054,Law in Western Soc,"(3, 3)",,Undergraduate,
HIST 20900,Law in Western Society,"(3, 3)",,Undergraduate,
ANTHC 35500,"Law, Justice, Reconciliation","(3, 3)",,Undergraduate,
POLSC 31716,"Law, Pol & Policy LGBT","(3, 3)",,Undergraduate,
SOC 32000,"Law, Society and Civil Rights","(3, 3)",,Undergraduate,
ENGL 38958,Lawrence,"(3, 3)",,Undergraduate,
POLSC 37373,Laws of War,"(3, 3)",,Undergraduate,
HR 22031,Laws of War,"(3, 3)",,Undergraduate,
NURS 49955,Lead for Nurs Pract,"(3, 3)",,Undergraduate,
URBS 40361,Lead Skills Urb Env,"(3, 3)",,Undergraduate,
AFPRL 30400,Leaders and Movements of Black Urban Communities,"(3, 3)",,Undergraduate,
WGS 49000,Leadership Fieldwork,"(4, 4)",,Undergraduate,
POLSC 49817,Leadership Fieldwork,"(4, 4)",,Undergraduate,
WGSP 49000,Leadership Fieldwork,"(4, 4)",,Undergraduate,
COMSC 30700,Learn Proc Spch Lang,"(3, 3)",,Undergraduate,
PSYCH 35000,Learning,"(3, 3)",,Undergraduate,
EDUC 40350,Learning to Learn,"(3, 3)",,Undergraduate,
DAN 44000,Lecture/Demonstration Touring Group,"(2, 2)",,Undergraduate,
HIST 34198,Legal & Soc History,"(3, 3)",,Undergraduate,
NURS 49957,Legal Aspects of Nsg,"(3, 3)",,Undergraduate,
NURS 49954,Legal Aspects of Nursing,"(3, 3)",,Undergraduate,
POLSC 21707,Legal Reasoning,"(3, 3)",,Undergraduate,
POLSC 29202,Legal Writing,"(1, 1)",,Undergraduate,
POLSC 31200,Legislative Process,"(3, 3)",,Undergraduate,
HIST 38266,Leisr/Pleasr - US History,"(3, 3)",,Undergraduate,
SOC 20700,"Leisure, Recreation and Sports","(3, 3)",,Undergraduate,
HONS 20126,Leonardo & His Time,"(3, 3)",,Undergraduate,
ENGL 39089,Lesbian Bodies,"(3, 3)",,Undergraduate,
WGS 30043,Lesbian Bodies,"(3, 3)",,Undergraduate,
WGS 30018,Lesbian Cultural Standard,"(3, 3)",,Undergraduate,
ENGL 39889,Lesbian Texts,"(3, 3)",,Undergraduate,
WGS 30029,Lesbian Texts,"(3, 3)",,Undergraduate,
WGSS 29003,"Lesbian, Gay, Bi-Sexual and Transgender Health","(3, 3)",,Undergraduate,
ARTCR 20800,Lettering and Typography,"(3, 3)",,Undergraduate,
SPAN 37109,Leyendo Neruda - Reading Neruda,"(3, 3)",,Undergraduate,
MEDIA 29601,LGBT Film & Media,"(3, 3)",,Undergraduate,
FILM 22301,LGBT Film & Media,"(3, 3)",,Undergraduate,
HIST 3411S,LGBT History,"(3, 3)",,Undergraduate,
WGSS 29017,LGBT History,"(3, 3)",,Undergraduate,
HIST 38225,LGBT Living in the Global 20th Century,"(3, 3)",,Undergraduate,
WGS 3001C,LGBT Policy,"(3, 3)",,Undergraduate,
SOC 3251K,LGBT Policy,"(3, 3)",,Undergraduate,
SOC 42565,LGBT Social Movements Project,"(3, 3)",,Undergraduate,
WGSP 20003,Lgbt Social Policy,"(3, 3)",,Undergraduate,
PSYCH 39046,LGBT Social Science Policy,"(3, 3)",,Undergraduate,
ASIAN 39023,LGBTQ Asian America,"(3, 3)",,Undergraduate,
HEBR 21069,Lgcy-Sholem Aleichem,"(3, 3)",,Undergraduate,
ENGL 39769,"Lhtng Hea, Film Vid","(3, 3)",,Undergraduate,
POLSC 20431,Liberalism and its Critics,"(3, 3)",,Undergraduate,
ENGL 38564,Liberty Victorian Age,"(3, 3)",,Undergraduate,
LIBR 20N01,Library Research Strategies,"(3, 3)",,Undergraduate,
ARTCR 36063,Life Size Drawing,"(3, 3)",,Undergraduate,
HONS 2012R,"Life, Death, & Power","(3, 3)",,Undergraduate,
POLSC 21740,"Life, Liberty, and the Pursuit of Happiness in NYC","(3, 3)",,Undergraduate,
THEA 39769,"Lighting for T.,F.,V","(3, 3)",,Undergraduate,
MATH 26000,Linear Algebra,"(4, 4)",,Undergraduate,
EDUC 43400,Ling for Biling Tchr,"(3, 3)",,Undergraduate,
AFPRL 2901D,Linguistic Justice & the Politics of Language,"(3, 3)",,Undergraduate,
ENGL 49201,Linguistic Justice & the Politics of Language,"(3, 3)",,Undergraduate,
JPN 40405,Linguistic: Approaches to Japanese Translation,"(3, 3)",,Undergraduate,
ENGL 48494,Linguistics Field Techniques,"(3, 3)",,Undergraduate,
ENGL 49467,Lit & Art:18th Century,"(3, 3)",,Undergraduate,
ENGL 39058,Lit & Catastrophe,"(3, 3)",,Undergraduate,
HONS 30164,Lit & Pol:Cent Amer,"(3, 3)",,Undergraduate,
POL 26057,Lit & Revolution,"(3, 3)",,Undergraduate,
RUSS 25653,Lit & Revolutn Engl,"(3, 3)",,Undergraduate,
RUSS 24653,Lit & Revolutn Russ,"(3, 3)",,Undergraduate,
ENGL 38459,Lit & Rights 18th Cen Lit,"(3, 3)",,Undergraduate,
EDUC 40062,Lit & The El Sch Children,"(3, 3)",,Undergraduate,
QSTA 41080,Lit Across Content,"(2, 2)",,Undergraduate,
HEBR 21068,Lit Lgcy-I.B.Singer,"(3, 3)",,Undergraduate,
RUSS 24656,Lit Memoirs Russ,"(3, 3)",,Undergraduate,
AFPRL 29029,Lit of Post Clnl Cit,"(3, 3)",,Undergraduate,
ENGL 39873,"Lit Theory,Amer Lit","(3, 3)",,Undergraduate,
WGS 20088,Lit Vc of as Am Wom,"(3, 3)",,Undergraduate,
ENGL 38692,Lit.&Cult. Theory,"(3, 3)",,Undergraduate,
ENGL 39984,Lit: Amer Revolution,"(3, 3)",,Undergraduate,
QSTAP 41000,Literacy Across the Content Areas,"(2, 2)",,Undergraduate,
COMPL 38074,Literary & Cultural Theory,"(3, 3)",,Undergraduate,
COMPL 38055,Literary Approaches to Adolescent's Literature,"(3, 3)",,Undergraduate,
COMPL 38054,Literary Approaches to Children's Literature,"(3, 3)",,Undergraduate,
COMPL 37058,Literary Aspects of Folklore,"(3, 3)",,Undergraduate,
ENGL 33700,Literary Aspects of Folklore,"(3, 3)",,Undergraduate,
SPAN 37134,Literary Cartographies in Latin America,"(3, 3)",,Undergraduate,
FREN 25700,Literary Cross-Currents,"(3, 3)",,Undergraduate,
ENGL 25161,Literary Dublin,"(3, 3)",,Undergraduate,
ENGL 48452,Literary Editing,"(3, 3)",,Undergraduate,
COMPL 35152,Literary Movements,"(3, 3)",,Undergraduate,
ENGL 38200,Literary Study - New Testament,"(3, 3)",,Undergraduate,
ENGL 38100,Literary Study of the Old Testament,"(3, 3)",,Undergraduate,
ENGL 48462,Literary Translation,"(3, 3)",,Undergraduate,
ENGL 38454,Literature & Art in 18th Cen,"(3, 3)",,Undergraduate,
ENGL 49493,Literature & Art:18th Cen,"(3, 3)",,Undergraduate,
COMPL 38167,Literature & Catastrophe,"(3, 3)",,Undergraduate,
CLA 24072,Literature & Cult:Muslim Spn,"(3, 3)",,Undergraduate,
ARB 25300,Literature & Culture of Muslim Spain in Translation,"(3, 3)",,Undergraduate,
ENGL 35812,Literature & Decolonization,"(3, 3)",,Undergraduate,
ITAL 37040,Literature & Fascism,"(3, 3)",,Undergraduate,
COMPL 38164,Literature & Fascism,"(3, 3)",,Undergraduate,
ENGL 49498,Literature & Globalization,"(3, 3)",,Undergraduate,
HONS 20192,Literature & Science,"(3, 3)",,Undergraduate,
COMPL 38075,Literature & Technology,"(3, 3)",,Undergraduate,
HONS 30186,Literature and Art in the Italian Renaissance,"(3, 3)",,Undergraduate,
COMPL 32058,Literature and Culture of Muslim Spain in Translation,"(3, 3)",,Undergraduate,
ENGL 39085,Literature and Film,"(3, 3)",,Undergraduate,
ENGL 49409,Literature and Human Rights,"(3, 3)",,Undergraduate,
ENGL 49019,Literature and Human Rights,"(3, 3)",,Undergraduate,
ENGL 38694,Literature and Law,"(3, 3)",,Undergraduate,
ENGL 25066,Literature and Law,"(3, 3)",,Undergraduate,
ENGL 39094,Literature and Technology,"(3, 3)",,Undergraduate,
HUM 15057,Literature and the Good Life,"(3, 3)",,Undergraduate,
HONS 3011W,Literature and the Question of Human Rights,"(3, 3)",,Undergraduate,
RUSS 32400,Literature f Kievan Rus' and Early Russian Literature through the Age of Classicism,"(3, 3)",,Undergraduate,
ARB 25200,Literature Islamic World,"(3, 3)",,Undergraduate,
ENGL 32350,"Literature of Asian Diaspora: Nation, Self and Asian Identity","(3, 3)",,Undergraduate,
ENGL 49020,Literature of Empire in English Renaissance,"(3, 3)",,Undergraduate,
ENGL 4941F,Literature of Empire in English Renaissance,"(3, 3)",,Undergraduate,
COMPL 38087,Literature of Islamic World,"(3, 3)",,Undergraduate,
CLA 24069,Literature of Islamic World,"(3, 3)",,Undergraduate,
AFPRL 29082,Literature of Puerto Rican/Latino Migration,"(3, 3)",,Undergraduate,
ENGL 32160,Literature of the African Diaspora,"(3, 3)",,Undergraduate,
ENGL 49406,Literature of the Great War,"(3, 3)",,Undergraduate,
ENGL 38802,"Literature of the Great War: Modernism, Memory, and the Poetics of History","(3, 3)",,Undergraduate,
GERMN 34500,Literature of Weimar Republic,"(3, 3)",,Undergraduate,
ENGL 25055,Literature on Banned Books,"(3, 3)",,Undergraduate,
ENGL 49425,Literature's Wake,"(3, 3)",,Undergraduate,
ENGL 25098,Literature: American Values and Ideals,"(3, 3)",,Undergraduate,
ENGL 25854,Literature: Fin-De-Siecle,"(3, 3)",,Undergraduate,
ENGL 25173,Literature: Harlem Renaissance,"(3, 3)",,Undergraduate,
ENGL 39868,Literature:Amer Val & Ideals,"(3, 3)",,Undergraduate,
COMPL 38003,Literatures from the Islamic World in Translation,"(3, 3)",,Undergraduate,
LAT 31200,Livy,"(3, 3)",,Undergraduate,
ENGL 35551,Lndn in Lit:Shkspr,"(3, 3)",,Undergraduate,
POLSC 21755,Lobbying and Political Pressure,"(3, 3)",,Undergraduate,
CSCI 39580,Location Based Services,"(3, 3)",,Undergraduate,
GTECH 38516,Location Based Services,"(3, 3)",,Undergraduate,
FILMP 28600,Location Sound,"(3, 3)",,Undergraduate,
FILMP 28600,Location Sound,"(3, 3)",,Undergraduate,
PHILO 37200,Logic and Computers,"(3, 3)",,Undergraduate,
CSCI 37200,Logic and Computers,"(3, 3)",,Undergraduate,
MATH 37200,Logic and Computers,"(3, 3)",,Undergraduate,
CSCI 49101,Logic Basis Programming,"(1, 1)",,Undergraduate,
PHILO 10200,Logical Thinking,"(3, 3)",,Undergraduate,
GRK 32001,Longus: Daphnis and Chloe,"(3, 3)",,Undergraduate,
HIST 25088,Looking at History Through Art,"(3, 3)",,Undergraduate,
MUSHL 26181,Love & Rom in Ger Op,"(3, 3)",,Undergraduate,
RUSS 25616,Love and Death in Literature and Film: Theory and Creative Practice,"(3, 3)",,Undergraduate,
ITAL 36220,Love and Sex in the Baroque,"(3, 3)",,Undergraduate,
HONS 2011Y,Love in Early Modern European Philosophy and Literature,"(3, 3)",,Undergraduate,
RUSS 25925,Love in Russian Literature: The Changing Theme of Love in the Works of Major Russian Writers,"(3, 3)",,Undergraduate,
MUSHL 26160,Love-Wagner's Ring,"(3, 3)",,Undergraduate,
WGS 30071,Lt Plgr:Blk Wmn Auth,"(3, 3)",,Undergraduate,
ENGL 25084,Lt Res to Revblk-Dic,"(3, 3)",,Undergraduate,
LACS 43457,Ltn Americanist Geog,"(3, 3)",,Undergraduate,
LAT 30700,Lucretius De Rerum Natura,"(3, 3)",,Undergraduate,
HIST 49265,Lvg & Dyng Rn Eur(Hnr),"(3, 3)",,Undergraduate,
HIST 38260,Lvng&Dyng in Ren Eur,"(3, 3)",,Undergraduate,
LAT 30900,Lyric Poetry of the Golden Age,"(3, 3)",,Undergraduate,
ENGL 38649,Lyricism and the Novel,"(3, 3)",,Undergraduate,
EDUC 40059,M-Computer in Elementary Educ,"(3, 3)",,Undergraduate,
ITAL 36152,Machiavelli,"(3, 3)",,Undergraduate,
POLSC 30413,Machiavelli and Methods of Interpretation,"(3, 3)",,Undergraduate,
CSCI 35300,Machine Learning,"(3, 3)",,Undergraduate,
BIOL 47106,Machine Learning Bioinformatic,"(3, 3)",,Undergraduate,
PGEOG 38304,Macro-Hydrology,"(3, 3)",,Undergraduate,
ANTHP 40181,"Madagascar Biodiversity, Culture, and Conservation","(3, 3)",,Undergraduate,
HONS 2011W,Madness,"(3, 3)",,Undergraduate,
ENGL 39088,Madonna:Empt & Eman,"(3, 3)",,Undergraduate,
MEDPL 29400,Magazine Writing,"(3, 3)",,Undergraduate,
CLA 24052,Magic & Sci in Antqty,"(3, 3)",,Undergraduate,
CLA 30656,Magic & Science in Antiquity,"(3, 3)",,Undergraduate,
CLA 30800,Magic and Science in Antiquity,"(3, 3)",,Undergraduate,
ANTHC 32152,"Magic, Wtchcraft & Religion","(3, 3)",,Undergraduate,
MUSHL 26106,Mahler and Strauss,"(3, 3)",,Undergraduate,
MUSHL 22759,Mahler Song and Symphony,"(3, 3)",,Undergraduate,
ENGL 39951,Mailer & Updike,"(3, 3)",,Undergraduate,
HEBR 21400,Maimonides Guide to the Perplexed,"(3, 3)",,Undergraduate,
MAM OOO,Maintaining Matric,"(None, None)",,Undergraduate,
HIST 25075,Maj Iss Envron Hist,"(3, 3)",,Undergraduate,
ENGL 38689,Major 20th Century British & American Playwright,"(3, 3)",,Undergraduate,
PHILO 38200,Major Figure in Early Modern Philosophy,"(3, 3)",,Undergraduate,
PHILO 38300,Major Figure in Early Modern Philosophy,"(3, 3)",,Undergraduate,
PHILO 38000,Major Figures in Philosophy,"(3, 3)",,Undergraduate,
ENGL 25151,Major Poets,"(3, 3)",,Undergraduate,
POLSC 48016,Major Powers:Honors,"(3, 3)",,Undergraduate,
AFPRL 35100,Major Puerto Rican Figures,"(3, 3)",,Undergraduate,
COMPL 20100,Major Themes in Comparative Literature,"(3, 3)",,Undergraduate,
MUSPF 41353,Major-Instr or Voice,"(3, 3)",,Undergraduate,
HIST 38265,Make Nation 19C Eur,"(3, 3)",,Undergraduate,
THEA 29100,Make-Up for the Stge,"(3, 3)",,Undergraduate,
THEA 29400,Makeup for the Stage,"(3, 3)",,Undergraduate,
THEA 28400,Makeup for the Stage,"(3, 3)",,Undergraduate,
THEA 39400,Makeup for the Stge,"(3, 3)",,Undergraduate,
URBS 40318,Making a Difference:,"(3, 3)",,Undergraduate,
AFPRL 42852,Making a Difference:,"(3, 3)",,Undergraduate,
MUSTH 36103,Making Opera an Interdisciplinary Project,"(3, 3)",,Undergraduate,
AFPRL 39087,Malcolm X-Kingvsracsm,"(3, 3)",,Undergraduate,
AFPRL 39004,Malcolm X:History & Phil,"(3, 3)",,Undergraduate,
ENGL 39857,Male View Point in Fiction,"(3, 3)",,Undergraduate,
GERMN 44459,Man family gender role,"(3, 3)",,Undergraduate,
ACCP 37400,Managerial Accounting (Cost Accounting),"(3, 3)",,Undergraduate,
ECO 37400,Managerial Accounting (Cost Accounting),"(3, 3)",,Undergraduate,
ECO 36000,Managerial Economics,"(3, 3)",,Undergraduate,
POLSC 24100,Managing American Government,"(3, 3)",,Undergraduate,
URBS 40100,Managing Urban Physical Environment,"(3, 3)",,Undergraduate,
WGST 30001,Manhood and Theory,"(3, 3)",,Undergraduate,
ARTH 43002,Mannerism & Gender,"(3, 3)",,Undergraduate,
HONS 30151,Map Reading/Reading Maps,"(3, 3)",,Undergraduate,
JS 21500,Mapping Jewish NY,"(3, 3)",,Undergraduate,
HIST 25084,Mapping Jewish NY,"(3, 3)",,Undergraduate,
SOC 42519,Mapping Social Science Data,"(3, 3)",,Undergraduate,
HONS 20197,Maps and 20th Century Literature,"(3, 3)",,Undergraduate,
HONS 2012H,Maps and Culture,"(3, 3)",,Undergraduate,
HONS 30184,"Maps in History, Art and Literature","(3, 3)",,Undergraduate,
GEOL 28000,Marine Geology,"(3, 3)",,Undergraduate,
ENGL 38969,Mark Twain,"(3, 3)",,Undergraduate,
LAT 32008,Martial,"(3, 3)",,Undergraduate,
PHILO 38076,Marx,"(3, 3)",,Undergraduate,
RUSS 25610,Marx Cult Theory,"(3, 3)",,Undergraduate,
PHILO 33856,Marx Nietzsche Freud,"(3, 3)",,Undergraduate,
POLSC 30459,Marxism,"(3, 3)",,Undergraduate,
POLSC 30800,Marxism & Post-Indus,"(3, 3)",,Undergraduate,
PHILO 39479,Marxist and Critical Theory,"(3, 3)",,Undergraduate,
PHILO 31900,Marxist and Critical Theory,"(3, 3)",,Undergraduate,
COMPL 38066,Marxist Cultural Theory,"(3, 3)",,Undergraduate,
POLSC 29409,Masculinities,"(3, 3)",,Undergraduate,
WGSS 28700,Masculinities,"(3, 3)",,Undergraduate,
WGS 28700,Masculinities,"(3, 3)",,Undergraduate,
WGSS 20010,Masculinities and Sexualities in Education and Society,"(3, 3)",,Undergraduate,
ENGL 38872,"Mask & Gothic: Symbolism, Representation and Meaning","(3, 3)",,Undergraduate,
THEA 39780,Mask Design in Global South,"(3, 3)",,Undergraduate,
THEA 36700,Masks and Mime,"(3, 3)",,Undergraduate,
HR 22047,Mass Atrocity in the 21st Century,"(3, 3)",,Undergraduate,
SOC 25900,"Mass Media, Communication and Public Opinion","(3, 3)",,Undergraduate,
MUSHL 22755,Master Composers,"(3, 3)",,Undergraduate,
MUSHL 22754,Master Composers,"(3, 3)",,Undergraduate,
MUSHL 22752,Master Composers,"(3, 3)",,Undergraduate,
MUSHL 22753,Master Composers: Chopin,"(3, 3)",,Undergraduate,
HEBR 39100,Master Yiddish Literature in Translation,"(3, 3)",,Undergraduate,
POL 26058,Masterpcs of Polish Literature,"(3, 3)",,Undergraduate,
RUSS 25900,Masterpieces f Russian Literature in English Translation,"(1, 1)",,Undergraduate,
HEBR 28100,Masterpieces of Ancient Hebraic Literature in Translation,"(3, 3)",,Undergraduate,
GERMN 37800,Masterpieces of German Drama in English Translation,"(3, 3)",,Undergraduate,
GERMN 37400,Masterpieces of German Literature in English Translation,"(3, 3)",,Undergraduate,
ITAL 27500,Masterpieces of Italian Literature,"(3, 3)",,Undergraduate,
HEBR 21100,Masterpieces of Medieval Hebraic Literaturein Translation,"(3, 3)",,Undergraduate,
GERMN 37600,Masterpieces of Modern German Prose in English Translation,"(3, 3)",,Undergraduate,
MUSHL 21200,Masterpieces of Opera,"(3, 3)",,Undergraduate,
HEBR 21800,Masterpieces of Yiddish Literature in Translation,"(3, 3)",,Undergraduate,
MATH 10150,Mastery of Symbolic Computation,"(1, 1)",,Undergraduate,
MATH 11300,"Mat,Vect,Linear Prog","(3, 3)",,Undergraduate,
ARTCR 40N01,"Material, Method, and Meaning","(3, 3)",,Undergraduate,
PH 32200,Maternal and Child Health,"(3, 3)",,Undergraduate,
MATH 10500,Math for Elementary Education 2,"(3, 3)",,Undergraduate,
MATH 10200,Math in Everyday Life,"(3, 3)",,Undergraduate,
QSTA 40680,Math Tchg/Lrng,"(2, 2)",,Undergraduate,
MATH 35200,Mathematical Analysis 2,"(3, 3)",,Undergraduate,
MATH 35100,Mathematical Analysis I,"(3, 3)",,Undergraduate,
ECO 33700,Mathematical Foundations of Economics,"(3, 3)",,Undergraduate,
MATH 37000,Mathematical Logic,"(3, 3)",,Undergraduate,
MATH 30100,Mathematical Methods for the Physical Sciences,"(3, 3)",,Undergraduate,
MATH 14000,Mathematical Reasoning Workshop,"(1, 1)",,Undergraduate,
HONS 20182,Mathematical Thought in the Humanities and Sciences,"(3, 3)",,Undergraduate,
MATH 10400,Mathematics for Elementary Education I,"(3, 3)",,Undergraduate,
ECC 31000,Mathematics in Early Childhood,"(3, 3)",,Undergraduate,
MATH 26100,Mathematics in Human History,"(3, 3)",,Undergraduate,
QSTAP 40600,Mathematics Teaching and Learning in Elementary School,"(2, 2)",,Undergraduate,
MATH 16000,Matrix Algebra,"(3, 3)",,Undergraduate,
CSCI 39574,Mcroproc Prg Sys Des,"(3, 3)",,Undergraduate,
HIST 49202,Md Eur:Vsn-Apch-Meth,"(3, 3)",,Undergraduate,
ENGL 39096,"Mdrn Queer,Can,Dia","(3, 3)",,Undergraduate,
ENGL 38698,Mdrnsm to Pstmdrnsm,"(3, 3)",,Undergraduate,
HIST 34149,Mdvl&Refrm Chrst'Nty,"(3, 3)",,Undergraduate,
BIOL 47001,Mechs Immun Disorder,"(2, 2)",,Undergraduate,
NURS 33300,Med Admin in Nursing,"(3, 3)",,Undergraduate,
NURS 39955,Med Admin in Nursing,"(3, 3)",,Undergraduate,
SOC 42552,Med Anlsys Motn Pics,"(3, 3)",,Undergraduate,
WGS 20007,Med Wmn: Sexlty & Power,"(3, 3)",,Undergraduate,
ENGL 49479,Med Women in Literature,"(3, 3)",,Undergraduate,
ENGL 25081,Med Women:Sexuality & Power,"(3, 3)",,Undergraduate,
HIST 38251,Medcn&Soc 1300-1600,"(3, 3)",,Undergraduate,
HONS 20162,Medea,"(3, 3)",,Undergraduate,
MEDIA 28500,Media & Society,"(3, 3)",,Undergraduate,
GEOG 30616,Media and Climate Change,"(3, 3)",,Undergraduate,
FILMP 16000,Media and Film in a Digital Age,"(3, 3)",,Undergraduate,
MEDIA 39400,Media and Law in the Digital Age,"(3, 3)",,Undergraduate,
HR 30N03,Media and Policy in the Digital Age,"(3, 3)",,Undergraduate,
MEDIA 37500,Media And Politics,"(3, 3)",,Undergraduate,
MEDIA 39300,Media Criticism,"(3, 3)",,Undergraduate,
MEDIA 38600,Media Ethics,"(3, 3)",,Undergraduate,
CHIN 40106,Media in Contemporary Chinese Societies,"(3, 3)",,Undergraduate,
ENGL 33381,Media Language,"(3, 3)",,Undergraduate,
ENGL 34261,Media Rhetoric,"(3, 3)",,Undergraduate,
MEDIA 37400,"Media, Sports, and Society","(3, 3)",,Undergraduate,
ANTHC 33200,Medical Anthropology,"(3, 3)",,Undergraduate,
ANTHC 40148,Medical Anthropology: Politics of Humanitarian Aid,"(3, 3)",,Undergraduate,
GEOG 24200,Medical Geography,"(3, 3)",,Undergraduate,
NFS 34300,Medical Nutrition Therapy I,"(3, 3)",,Undergraduate,
NFS 44200,Medical Nutrition Therapy II,"(3, 3)",,Undergraduate,
SOC 30100,Medical Sociology,"(3, 3)",,Undergraduate,
PH 40083,Medical Sociology,"(3, 3)",,Undergraduate,
RUSS 32000,Medical Translation and Interpretation,"(3, 3)",,Undergraduate,
CHEM 37000,Medicinal Chemistry,"(3, 3)",,Undergraduate,
HIST 49256,Medicine and Society from 1300 to 1600,"(3, 3)",,Undergraduate,
CLA 30611,"Medicine, Magic, Miracle: Healthcare in the Greco-Roman World","(3, 3)",,Undergraduate,
CLA 30672,"Medicine, Magic, Miracle: Healthcare in the Greco-Roman World","(3, 3)",,Undergraduate,
HEBR 25066,Mediev Heb Travl Lit,"(3, 3)",,Undergraduate,
FREN 34300,Medieval and Renaissance French Literature,"(3, 3)",,Undergraduate,
ENGL 31989,Medieval and Renaissance Women Writers,"(3, 3)",,Undergraduate,
ARTH 25300,Medieval Architecture,"(3, 3)",,Undergraduate,
HIST 21100,Medieval Civilization,"(3, 3)",,Undergraduate,
ENGL 38254,Medieval Death,"(3, 3)",,Undergraduate,
FREN 36130,Medieval French Literature 12/13 Centuries,"(3, 3)",,Undergraduate,
HEBR 33100,Medieval Hebrew Philosophic Texts,"(3, 3)",,Undergraduate,
HEBR 35768,Medieval Hebrew Travel Literature,"(3, 3)",,Undergraduate,
ENGL 25186,Medieval in the Mod.,"(3, 3)",,Undergraduate,
LAT 22000,Medieval Latin,"(3, 3)",,Undergraduate,
HEBR 32200,Medieval Literature,"(3, 3)",,Undergraduate,
ENGL 33600,Medieval Literature (1100-1500),"(3, 3)",,Undergraduate,
COMPL 38163,Medieval Literature (1100-1500),"(3, 3)",,Undergraduate,
ENGL 49468,Medieval Outlaws,"(3, 3)",,Undergraduate,
PHILO 21400,Medieval Philosophy,"(3, 3)",,Undergraduate,
HONS 3011T,Medieval Plague,"(3, 3)",,Undergraduate,
CLARC 32957,Medit in Bronze Age,"(3, 3)",,Undergraduate,
CHIN 21151,Meditation in Chinese Culture,"(3, 3)",,Undergraduate,
ITAL 37047,Mediterranean Crime Fiction,"(3, 3)",,Undergraduate,
HUM 40100,Mellon Public Humanities Senior Seminar 1,"(3, 3)",,Undergraduate,
HUM 40N02,Mellon Public Humanities Senior Seminar 2,"(3, 3)",,Undergraduate,
ENGL 38952,Melville,"(3, 3)",,Undergraduate,
ENGL 25034,Meme as Internet Discourse: A Theory of Dankness,"(3, 3)",,Undergraduate,
ENGL 48474,Memoir Reading & Writing,"(3, 3)",,Undergraduate,
ENGL 49482,Memoir Writing,"(3, 3)",,Undergraduate,
ENGL 31962,Memoirs by Women Writers,"(3, 3)",,Undergraduate,
WGSA 31962,Memoirs by Women Writers,"(3, 3)",,Undergraduate,
PSYCH 39042,Memory & Attention,"(3, 3)",,Undergraduate,
HONS 2011B,Memory Across the Disciplines,"(3, 3)",,Undergraduate,
PSYCH 33000,Memory and Attention,"(3, 3)",,Undergraduate,
RUSS 25665,Memory of Communism,"(3, 3)",,Undergraduate,
POLSC 27302,Memory of Communist,"(3, 3)",,Undergraduate,
SPAN 37108,Memory of the Dictatorships of Argentina and Chile,"(3, 3)",,Undergraduate,
HIST 3412U,"Memory, Myth and History in the Post 1945 Europe","(3, 3)",,Undergraduate,
REL 31600,Men and Religion,"(3, 3)",,Undergraduate,
COMPL 38162,Men and Women:Medieval Literature,"(3, 3)",,Undergraduate,
HIST 25006,"Men, Women and Sex in 20th Century U.S.","(3, 3)",,Undergraduate,
WGSS 29010,"Men, Women and Sex in 20th Century U.S.","(3, 3)",,Undergraduate,
ANTHC 40170,"Men,Women&Work:Afric","(3, 3)",,Undergraduate,
AFPRL 39094,Men:Afrikan Diaspora,"(3, 3)",,Undergraduate,
NURS 46000,Mental And Behavioral Health Nursing,"(4, 4)",,Undergraduate,
EDFDN 41100,Mental and Educational Testing-Teachers,"(2, 2)",,Undergraduate,
HED 30100,Mental Health For The Health Educator,"(3, 3)",,Undergraduate,
PH 40001,Mental Health Promotion and Suicide: Principles and Practice,"(3, 3)",,Undergraduate,
PSYCH 40001,Mental Health Promotion and Suicide: Principles and Practice,"(3, 3)",,Undergraduate,
SOC 22516,Meritocracy & Race: Myth & Reality,"(3, 3)",,Undergraduate,
ASIAN 23016,Meritocracy & Race: Myth & Reality,"(3, 3)",,Undergraduate,
ENGL 31858,"Mestizo, Mulatto Literature","(3, 3)",,Undergraduate,
PHILO 36000,Metaphysics,"(3, 3)",,Undergraduate,
PHILO 39460,Metaphysics 2,"(3, 3)",,Undergraduate,
ENGL 35564,Metatheatrica Shakes,"(3, 3)",,Undergraduate,
HONS 20145,Metfic/Metafilm,"(3, 3)",,Undergraduate,
EDUC 36700,Methd Teach Chinese Second Sch,"(3, 3)",,Undergraduate,
EDUC 36800,Methd Teach French Second Sch,"(3, 3)",,Undergraduate,
EDUC 36900,Methd Teach German Second Sch,"(3, 3)",,Undergraduate,
EDUC 37000,Methd Teach Hebrew Second Sch,"(3, 3)",,Undergraduate,
EDUC 37100,Methd Teach Italian Second Sch,"(3, 3)",,Undergraduate,
EDUC 37200,Methd Teach Lat/Grk Second Sch,"(3, 3)",,Undergraduate,
EDUC 37300,Methd Teach Russian Second Sch,"(3, 3)",,Undergraduate,
THEA 39796,Method Acting in America,"(3, 3)",,Undergraduate,
THEA 39746,Method Acting in America,"(3, 3)",,Undergraduate,
EDUC 36400,Method Earth Science Sec,"(3, 3)",,Undergraduate,
EDUC 36500,Method Physics Secondary Sch,"(3, 3)",,Undergraduate,
EDUC 36100,Method Teach Bio Secondary Sch,"(3, 3)",,Undergraduate,
EDUC 36600,Method Teach Eng Secondary Sch,"(3, 3)",,Undergraduate,
EDUC 37500,Method Teach Health Second Sch,"(3, 3)",,Undergraduate,
EDUC 38200,Method Teach Sp & The Sec,"(3, 3)",,Undergraduate,
SEDC 21200,"Methods 1: Foundations of Literacy, Language and Learning in the Foreign/Heritage Language Classroom","(3, 3)",,Undergraduate,
DANED 30200,Methods 1: Theory and Practice of Teaching Dance PreK-12,"(3, 3)",,Undergraduate,
DANED 30300,Methods 2: Advanced Theory and Practice of Teaching Dance PreK-12,"(3, 3)",,Undergraduate,
SEDC 32200,"Methods 2: Instructional Planning for Literacy, Language, and Learning in the Foreign/Heritage Lan","(3, 3)",,Undergraduate,
SEDC 70N03,Methods 2: Intensive Study of Teaching Diverse Learners in Math Part 2,"(1, 1)",,Undergraduate,
SEDC 70N04,Methods 2: Intensive Study of Teaching Diverse Learners in Math Part 3,"(1, 1)",,Undergraduate,
SEDC 70N02,"Methods 2: Intensive Study of Teaching Diverse Learners in Math, Grades 7-12 - Part 1","(1, 1)",,Undergraduate,
SEDC 32300,"Methods 2: Teaching Diverse Learners in Mathematics, Grades 7-12","(3, 3)",,Undergraduate,
SEDC 32400,"Methods 2: Teaching Diverse Learners Science, Grades 7-12","(3, 3)",,Undergraduate,
SEDC 323FW,"Methods 2: Teaching for Diverse Learners in Math, Grades 7-12","(3, 3)",,Undergraduate,
SEDC 325FW,"Methods 2: Teaching for Diverse Learners in Social Studies, Grades 7-12","(3, 3)",,Undergraduate,
EDUC 36200,Methods Chem Secondary School,"(3, 3)",,Undergraduate,
EDUC 36300,Methods Gen Sci Secondary Sch,"(3, 3)",,Undergraduate,
EDUC 37700,Methods Home Ec 1 Secondary School,"(2, 2)",,Undergraduate,
EDUC 37800,Methods Home Ec 2 Secondary School,"(2, 2)",,Undergraduate,
SEDC 21300,"Methods I: Classroom Organization, Management, and Instruction in Mathematics and Science, Grades 7","(3, 3)",,Undergraduate,
SEDC 21500,"Methods I: Classroom Organization, Management, and Instruction in Social Studies, Grades 7-12","(3, 3)",,Undergraduate,
SEDC 32500,"Methods II: Teaching Diverse Learners in Social Studies, Grades 7-12","(3, 3)",,Undergraduate,
SEDC 324FW,"Methods II: Teaching for Diverse Learners in Science, Grades 7-12","(3, 3)",,Undergraduate,
ANTHC 12700,Methods In Archaeological Science,"(3, 3)",,Undergraduate,
SEDC 30700,Methods in Teaching Writing and Digital Literacies to Adolescent Learners,"(3, 3)",,Undergraduate,
EDUC 36000,Methods of Teaching a Subject (Art) in Secondary Schools,"(3, 3)",,Undergraduate,
EDUC 37600,Methods of Teaching a Subject (Physical Education) in Secondary Schools,"(3, 3)",,Undergraduate,
HED 31000,Methods Of Teaching Health Education K-12,"(3, 3)",,Undergraduate,
EDUC 37400,Methods of Teaching Spanish in Secondary School,"(3, 3)",,Undergraduate,
EDUC 37900,Methods Teaching Math Secondary School,"(3, 3)",,Undergraduate,
EDUC 38000,Methods Teaching Music Sec,"(3, 3)",,Undergraduate,
EDUC 38100,Methods Teaching Soc Std Sec,"(3, 3)",,Undergraduate,
ANTHC 32062,Methods:Cross Culture Res,"(3, 3)",,Undergraduate,
POLSC 31763,Metropolis at 2001,"(3, 3)",,Undergraduate,
URBS 20100,Metropolitan Landscapes,"(3, 3)",,Undergraduate,
HIST 25024,Mexican History Since Independence,"(3, 3)",,Undergraduate,
ARTH 39934,Michalangelo to De Kooning,"(3, 3)",,Undergraduate,
RUSS 25673,Mickiewicz in Russia,"(3, 3)",,Undergraduate,
POL 26069,Mickiewicz in Russia,"(3, 3)",,Undergraduate,
RUSS 26089,Mickiewicz Russ & West,"(3, 3)",,Undergraduate,
POL 25090,Mickiewicz Russ & West,"(3, 3)",,Undergraduate,
CSCI 26700,Micro Processing & Embedded System,"(3, 3)",,Undergraduate,
BIOL 47046,Micro-Rna & Dev,"(2, 2)",,Undergraduate,
BIOL 47146,Micro-RNA & Development,"(3, 3)",,Undergraduate,
BIOL 47093,Microbial Pathogenesis,"(2, 2)",,Undergraduate,
BIOL 47148,Microbial Pathogenesis,"(3, 3)",,Undergraduate,
BIOL 47118,Microbiome Bioinformatics,"(3, 3)",,Undergraduate,
BIOL 47142,Microbiomes,"(3, 3)",,Undergraduate,
BIOL 47143,Microbiomes & Human Pathologies,"(3, 3)",,Undergraduate,
BIOL 37103,Microbiomics,"(3, 3)",,Undergraduate,
PSYCH 39390,Microcomp Practicum,"(3, 3)",,Undergraduate,
PSYCH 39090,Microcomp Practicum,"(3, 3)",,Undergraduate,
PSYCH 38000,Microcomputers in Psychological Research,"(3, 3)",,Undergraduate,
FREN 36100,Middle Ages and the Renaissance: Special Topics,"(3, 3)",,Undergraduate,
ANTHC 32083,Middle East Prehistory,"(3, 3)",,Undergraduate,
HIST 37651,Middle East today,"(3, 3)",,Undergraduate,
HIST 27650,Middle Eastern History from the Beginning of Islam to 1800,"(3, 3)",,Undergraduate,
ENGL 32956,Migra & Immigra 20th Cen Women,"(3, 3)",,Undergraduate,
WGS 3001R,Migration,"(3, 3)",,Undergraduate,
SOC 30700,Migration,"(3, 3)",,Undergraduate,
WGS 30061,Migration & Immigration 20th Century Women,"(3, 3)",,Undergraduate,
ENGL 39848,Militarization and Narratives of Healing,"(3, 3)",,Undergraduate,
HIST 33300,Military History: The Armed Forces and Society from the French Revolution to World War 2,"(3, 3)",,Undergraduate,
POLSC 48057,Military in Latin America,"(3, 3)",,Undergraduate,
ENGL 36100,Milton,"(3, 3)",,Undergraduate,
ENGL 38784,Milton & His Influence,"(3, 3)",,Undergraduate,
ENGL 49455,Milton & Pop Culture,"(3, 3)",,Undergraduate,
ENGL 38782,Milton and Blake,"(3, 3)",,Undergraduate,
ENGL 36350,Milton and his Influence,"(3, 3)",,Undergraduate,
ENGL 49473,Milton's Afterlife,"(3, 3)",,Undergraduate,
ENGL 49428,Milton's Influence,"(3, 3)",,Undergraduate,
ENGL 49484,Milton's Romanticism,"(3, 3)",,Undergraduate,
ENGL 36351,Milton: Convention and Alternative,"(3, 3)",,Undergraduate,
THEA 36400,Mime and Masks,"(3, 3)",,Undergraduate,
PHILO 26800,"Mind, Language, and Cognition","(3, 3)",,Undergraduate,
HONS 2012N,"Mind, Medicine, & Culture","(3, 3)",,Undergraduate,
HONS 2012N,"Mind, Medicine, & Culture","(3, 3)",,Undergraduate,
ENGL 25076,Minority and Colony Literature,"(3, 3)",,Undergraduate,
POLSC 48650,Minority Pol in NYC,"(3, 3)",,Undergraduate,
POLSC 21761,Minority Politics,"(3, 3)",,Undergraduate,
POLSC 31773,Minority Politics and Represention,"(3, 3)",,Undergraduate,
SOC 42578,Misogynoir in Digital Spaces,"(3, 3)",,Undergraduate,
BIOL 47128,Mitochondrial Role in Stem Cells,"(3, 3)",,Undergraduate,
ENGL 33374,Mixed Language,"(3, 3)",,Undergraduate,
ASIAN 33056,Mixed Race Asian America,"(3, 3)",,Undergraduate,
SOC 3251U,Mixed Race in America,"(3, 3)",,Undergraduate,
SPAN 37020,Mjr Wrks:Spn Baroque,"(3, 3)",,Undergraduate,
HIST 49267,Mkt Rev/Creat New Ec,"(3, 3)",,Undergraduate,
HIST 38261,Mkt Rev/Creat New Ec,"(3, 3)",,Undergraduate,
WGS 30031,Mltclt Wm Self Wrtgs,"(3, 3)",,Undergraduate,
ENGL 32959,Mltclt Wm Slf Wtgs,"(3, 3)",,Undergraduate,
PSYCH 39095,Mltimedia Tech:Sc Ed,"(3, 3)",,Undergraduate,
MEDPL 38700,Mobile Journalism,"(3, 3)",,Undergraduate,
HIST 49251,Mod African Intel Hi,"(3, 3)",,Undergraduate,
HEBR 34053,Mod Heb Essay In Eng,"(3, 3)",,Undergraduate,
HEBR 34055,Mod Heb Lit in Trans,"(3, 3)",,Undergraduate,
RUSS 24650,Mod Soviet Short Sty,"(3, 3)",,Undergraduate,
RUSS 25650,Mod Soviet Sht Story,"(3, 3)",,Undergraduate,
POLSC 21706,Model City Council,"(3, 3)",,Undergraduate,
POLSC 48002,Model Oas,"(3, 3)",,Undergraduate,
POLSC 29401,Model U.N.,"(3, 3)",,Undergraduate,
POLSC 27218,Model U.N.,"(3, 3)",,Undergraduate,
POLSC 29205,Model UN 2,"(1, 1)",,Undergraduate,
STAT 48600,Modeling and Visualization,"(3, 3)",,Undergraduate,
POLSC 37358,Modern African International Relations,"(3, 3)",,Undergraduate,
AFPRL 30600,Modern African International Relations,"(3, 3)",,Undergraduate,
ENGL 39974,Modern Amer Poetry,"(3, 3)",,Undergraduate,
ARTH 45004,Modern American Art,"(3, 3)",,Undergraduate,
ARB 25600,Modern Arab Theatre,"(3, 3)",,Undergraduate,
THEA 29750,Modern Arab Theatre,"(3, 3)",,Undergraduate,
ARTH 25600,Modern Architecture 2 (1950 until today),"(3, 3)",,Undergraduate,
URBS 40386,Modern Architecture 2 (1950 until today),"(3, 3)",,Undergraduate,
ARTH 24700,Modern Art in Latin America (until c. 1945),"(3, 3)",,Undergraduate,
ARTH 35104,Modern Art: 19th Century,"(3, 3)",,Undergraduate,
ARTH 35106,Modern Art: Photography in Latin America,"(3, 3)",,Undergraduate,
ARTH 35105,Modern Art: Sound Art,"(3, 3)",,Undergraduate,
HONS 20181,Modern Biology and Concepts of Human Nature,"(3, 3)",,Undergraduate,
HIST 3412R,Modern China & the World: History of Chinese International Relations,"(3, 3)",,Undergraduate,
CHIN 40160,Modern Chinese Fiction,"(3, 3)",,Undergraduate,
CHIN 40157,Modern Chinese Literature in Translation,"(3, 3)",,Undergraduate,
CHIN 25155,Modern Chinese Literature: English Translation,"(3, 3)",,Undergraduate,
CSCI 49364,Modern Computing Methods,"(3, 3)",,Undergraduate,
HIST 33200,Modern Culture from the 18th to the 20th Centuries,"(3, 3)",,Undergraduate,
FREN 24200,Modern French Civilization: From Revolution to Present,"(3, 3)",,Undergraduate,
FREN 26100,Modern French Novel in Translation (1900-Present),"(3, 3)",,Undergraduate,
FREN 25300,Modern French Theatre: Theory and Practice,"(3, 3)",,Undergraduate,
HEBR 31100,Modern Hebrew Literature 2,"(3, 3)",,Undergraduate,
HEBR 31000,Modern Hebrew Literature I,"(3, 3)",,Undergraduate,
HEBR 35752,Modern Hebrew Press,"(3, 3)",,Undergraduate,
HIST 38100,Modern Imperialism,"(3, 3)",,Undergraduate,
ENGL 39067,Modern in American Literature,"(3, 3)",,Undergraduate,
POLSC 20462,Modern Islamic Political Thought,"(3, 3)",,Undergraduate,
HEBR 22100,Modern Israeli Culture,"(3, 3)",,Undergraduate,
ITAL 26000,Modern Italian Short Story,"(3, 3)",,Undergraduate,
RUSS 25614,Modern Lit in Exile,"(3, 3)",,Undergraduate,
COMPL 38021,Modern Literature in Exile,"(3, 3)",,Undergraduate,
AFPRL 31000,Modern Nigeria,"(3, 3)",,Undergraduate,
REL 26203,Modern Paganisms,"(3, 3)",,Undergraduate,
COMPL 38172,Modern Palestinian Culture,"(3, 3)",,Undergraduate,
ARB 25500,Modern Palestinian Culture,"(3, 3)",,Undergraduate,
DAN 25263,Modern Partnering,"(2, 2)",,Undergraduate,
PHILO 32200,Modern Philosophical Idealism,"(3, 3)",,Undergraduate,
PHYS 23500,Modern Physics Laboratory,"(2, 2)",,Undergraduate,
ENGL 39050,Modern Poetry and Poetics,"(3, 3)",,Undergraduate,
POL 25071,Modern Polish Prose,"(3, 3)",,Undergraduate,
POLSC 20200,Modern Political Thought (1600-1900),"(3, 3)",,Undergraduate,
RUSS 34200,Modern Russian Literature,"(3, 3)",,Undergraduate,
RUSS 25200,Modern Russian Literature in English Translation,"(3, 3)",,Undergraduate,
RUSS 32300,Modern Russian Poetry,"(3, 3)",,Undergraduate,
ARTH 45024,Modern Seminar,"(3, 3)",,Undergraduate,
ENGL 25171,Modern Sexualities-Literature,"(3, 3)",,Undergraduate,
AFPRL 29063,Modern South Africa,"(3, 3)",,Undergraduate,
GERMN 32700,Modern Swiss Literature,"(3, 3)",,Undergraduate,
REL 39000,Modern Theories in Religion,"(3, 3)",,Undergraduate,
REL 36150,Modern Theories of Religion,"(3, 3)",,Undergraduate,
REL 36001,Modern Theories of Religion: Alternative Canon,"(3, 3)",,Undergraduate,
COMPL 35153,Modernism,"(3, 3)",,Undergraduate,
ENGL 39969,Modernism & American Literature,"(3, 3)",,Undergraduate,
COMPL 33060,Modernism & The Great War,"(3, 3)",,Undergraduate,
ENGL 39072,Modernism & the Great War,"(3, 3)",,Undergraduate,
ENGL 39095,Modernism and Post Modernism,"(3, 3)",,Undergraduate,
ENGL 38648,Modernism and the Image,"(3, 3)",,Undergraduate,
HONS 20157,"Modernism, Post-Modernism & Evolution of Scientific Thought","(3, 3)",,Undergraduate,
PHILO 39459,Modernism/Postmodern,"(3, 3)",,Undergraduate,
HONS 20163,"Modernism:1880-1930 (Modernism: Writers, Artists,Spectacles, Movements, 1880-1930)","(3, 3)",,Undergraduate,
ENGL 38653,Modernist Poetry,"(3, 3)",,Undergraduate,
ENGL 39068,Modernist Poetry,"(3, 3)",,Undergraduate,
HIST 38552,Modrn & Nat in Asia,"(3, 3)",,Undergraduate,
HIST 48552,Modrn & Nat in Asia,"(3, 3)",,Undergraduate,
THEA 29778,Modrn Frnch Thea,"(3, 3)",,Undergraduate,
THEA 39751,Modrn Israeli Drama,"(3, 3)",,Undergraduate,
HONS 20173,Modrn Polit Economy,"(3, 3)",,Undergraduate,
HONS 30169,Modrnty & Post Modrn,"(3, 3)",,Undergraduate,
BIOL 47056,Mol Bio:Dna Tum Vir,"(2, 2)",,Undergraduate,
BIOL 47186,Mol Mech:Learn & Mem,"(3, 3)",,Undergraduate,
BIOL 47147,Mol Mechanisms Aging,"(3, 3)",,Undergraduate,
BIOL 47067,Mol Mechanisms Aging,"(2, 2)",,Undergraduate,
BIOL 47145,Molecular Basis of Brain and Heart Disorders,"(3, 3)",,Undergraduate,
BIOL 47057,Molecular Biological Chromosome,"(2, 2)",,Undergraduate,
BIOL 47172,Molecular Biology : Ecocyanobac,"(2, 2)",,Undergraduate,
BIOL 20300,Molecular Biology and Genetics,"(5, 5)",,Undergraduate,
BIOL 47125,Molecular Biology of Sensory Transduction,"(3, 3)",,Undergraduate,
BIOL 47062,Molecular Biology: Aids Virus Hiv,"(2, 2)",,Undergraduate,
BIOL 47162,Molecular Biology:Mic/Plant in,"(2, 2)",,Undergraduate,
BIOL 37500,Molecular Evolution,"(3, 3)",,Undergraduate,
BIOL 47188,Molecular Evolution,"(2, 2)",,Undergraduate,
BIOL 30200,Molecular Genetics,"(5, 5)",,Undergraduate,
BIOL 38000,Molecular Neurobiology,"(3, 3)",,Undergraduate,
ECO 49551,Monetary Policy,"(3, 3)",,Undergraduate,
ECO 49568,Monetary Theory & Politics,"(3, 3)",,Undergraduate,
ECO 21000,Money and Banking,"(3, 3)",,Undergraduate,
POLSC 27313,Money and Power,"(3, 3)",,Undergraduate,
WGSL 29002,"Money, Sexuality and Race","(3, 3)",,Undergraduate,
POLSC 48058,Monitoring NYC CouncilMonitoring NYC Council,"(3, 3)",,Undergraduate,
ARTCR 36072,Monoprints -Painters,"(3, 3)",,Undergraduate,
HR 32051,"Monuments, Memory, Heritage: Archaeology & Human Rights","(3, 3)",,Undergraduate,
ANTHC 32020,"Monuments, Memory, Heritage: Archaeology & Human Rights","(3, 3)",,Undergraduate,
POLSC 29402,Moot Court,"(3, 3)",,Undergraduate,
POLSC 29201,Moot Court,"(1, 1)",,Undergraduate,
POLSC 20453,Moral & Politics in Society,"(3, 3)",,Undergraduate,
PHILO 20079,Moral Issues:Social& Culture,"(3, 3)",,Undergraduate,
PHILO 24400,Moral Philosophy,"(3, 3)",,Undergraduate,
WGS 22000,Motherhood,"(3, 3)",,Undergraduate,
ANTHC 32059,Motherhood: Imagy & Sym,"(3, 3)",,Undergraduate,
MEDP 26200,Motion Graphics,"(3, 3)",,Undergraduate,
SOC 42532,Motion Pictures,"(3, 3)",,Undergraduate,
PSYCH 32700,Motivation and Emotion,"(3, 3)",,Undergraduate,
FREN 36031,"Movement, Travel & Displacement","(3, 3)",,Undergraduate,
MEDIA 39964,Movies as Mass Commu,"(3, 3)",,Undergraduate,
MEDIA 23000,Movies in Amer Cult,"(3, 3)",,Undergraduate,
FILM 23000,Movies in American Culture,"(3, 3)",,Undergraduate,
MUSHL 36158,Mozart Style,"(3, 3)",,Undergraduate,
SOC 42511,Mthd of Eval Rsrch,"(3, 3)",,Undergraduate,
SEDC 322FW,"Mthds 2: Instructional Planning for Lit., Lang. & Learning in Foreign/Heritage Lang. Classrm., 7-12","(3, 3)",,Undergraduate,
ANTHC 40188,Mthrhd-X Cult Perspectives,"(3, 3)",,Undergraduate,
SPAN 37041,Mujeres en la Literatura del Siglo de Oro,"(3, 3)",,Undergraduate,
SPAN 37145,Mujeres que Cuentan,"(3, 3)",,Undergraduate,
CSCI 49357,Mult-Valued Logic,"(3, 3)",,Undergraduate,
WGS 30005,Mult. Lesbian Texts,"(3, 3)",,Undergraduate,
AFPRL 29045,Mult. Pers: Latino,"(3, 3)",,Undergraduate,
ENGL 39864,Multi Culture Amer Writers,"(3, 3)",,Undergraduate,
ENGL 32000,Multi-Ethnic American Literature,"(3, 3)",,Undergraduate,
ENGL 39252,Multi-Ethnic American Poetry,"(3, 3)",,Undergraduate,
FILM 21401,Multicult Perspectives Musical,"(3, 3)",,Undergraduate,
WGS 25850,Multicult Wmn Wtrs,"(3, 3)",,Undergraduate,
FILM 21400,Multicultural Perspectives in Cinema,"(3, 3)",,Undergraduate,
THEA 21400,Multicultural Perspectives in Theatrical Performance,"(3, 3)",,Undergraduate,
ASIAN 23011,Multicultural Theatre Performance,"(3, 3)",,Undergraduate,
THEA 21401,Multicultural Theatre Performance,"(3, 3)",,Undergraduate,
ENGL 25850,Multicultural Women Writers,"(3, 3)",,Undergraduate,
ENGL 31955,Multicultural Women Writing,"(3, 3)",,Undergraduate,
SOC 32559,Multiculturalism,"(3, 3)",,Undergraduate,
PH 40055,Multidisc: South Bx,"(3, 3)",,Undergraduate,
WGS 30004,Multidisciplinary: South Bronx,"(3, 3)",,Undergraduate,
HONS 30123,Multiple Narratives,"(3, 3)",,Undergraduate,
PSYCH 38702,Multivariable Statistics,"(3, 3)",,Undergraduate,
MUSHL 26157,Mus in the City,"(3, 3)",,Undergraduate,
MUSHL 35600,Mus of Classical Pd,"(3, 3)",,Undergraduate,
MUSHL 26189,Mus of War:1943-45,"(3, 3)",,Undergraduate,
ANTHC 40195,Mus: Hispanic Caribbean,"(3, 3)",,Undergraduate,
AFPRL 29033,Mus:Caribbean & Latin Amer,"(3, 3)",,Undergraduate,
THEA 29781,Muscl Thea Writing,"(3, 3)",,Undergraduate,
HUM 12600,Muse First Year Seminar,"(1, 1)",,Undergraduate,
HUM 25001,MUSE Scholar Seminar,"(3, 3)",,Undergraduate,
ANTHC 40164,Museum Exhibit Prep,"(3, 3)",,Undergraduate,
ANTHC 38900,Museum Methodology,"(3, 3)",,Undergraduate,
ANTHC 31152,Music and Art in the Caribbean,"(3, 3)",,Undergraduate,
MUSHL 26120,Music and Politics,"(3, 3)",,Undergraduate,
AFPRL 29068,Music and Sports in the Caribbean,"(3, 3)",,Undergraduate,
QSTA 40402,Music and the Curriculum,"(3, 3)",,Undergraduate,
MUSHL 26131,Music and War,"(3, 3)",,Undergraduate,
ANTHC 40197,Music Culture of World,"(3, 3)",,Undergraduate,
EDUC 35300,Music Education,"(2, 2)",,Undergraduate,
MUSHL 21000,Music for the Piano,"(3, 3)",,Undergraduate,
MUSHL 20600,Music History 2,"(3, 3)",,Undergraduate,
MUSHL 30600,Music History 4,"(3, 3)",,Undergraduate,
MUSHL 20500,Music History I,"(3, 3)",,Undergraduate,
MUSHL 30500,Music History III,"(3, 3)",,Undergraduate,
MUSHL 36172,Music in America,"(3, 3)",,Undergraduate,
EDUC 31000,Music in Elem School,"(2, 2)",,Undergraduate,
MUSHL 26195,Music in Vienna'99,"(3, 3)",,Undergraduate,
MUSHL 24500,Music of Africa,"(3, 3)",,Undergraduate,
AFPRL 29003,Music of Africa,"(3, 3)",,Undergraduate,
MUSHL 24100,Music of Asia,"(3, 3)",,Undergraduate,
LACS 43472,Music of Hispn Carib,"(3, 3)",,Undergraduate,
MUSHL 36156,Music of J S Bach,"(3, 3)",,Undergraduate,
MUSHL 26123,Music of Latin America,"(3, 3)",,Undergraduate,
MUSHL 24000,Music of the Caribbean and Latin America,"(3, 3)",,Undergraduate,
MUSHL 26114,Music of the Middle East,"(3, 3)",,Undergraduate,
MUSHL 24300,Music of the Middle East,"(3, 3)",,Undergraduate,
ARB 20057,Music of the Middle East,"(3, 3)",,Undergraduate,
MUSPF 36301,Music Technology and Performance,"(3, 3)",,Undergraduate,
MUSPF 36254,Music Theater Wkshp 2,"(2, 2)",,Undergraduate,
MUSPF 36253,Music Theater Workshop,"(2, 2)",,Undergraduate,
MUSPF 36257,Music Theater Workshop 3,"(2, 2)",,Undergraduate,
THEA 39772,Music Theatre Worshop,"(3, 3)",,Undergraduate,
MUSTH 22100,Music Theory 2,"(3, 3)",,Undergraduate,
MUSTH 10100,Music Theory Fundamentals,"(3, 3)",,Undergraduate,
MUSTH 22000,Music Theory I,"(3, 3)",,Undergraduate,
MUSTH 32000,Music Theory III,"(3, 3)",,Undergraduate,
MUSTH 32100,Music Theory IV,"(3, 3)",,Undergraduate,
HONS 30134,Music to My Eyes,"(3, 3)",,Undergraduate,
ANTHC 31153,"Music, Healing and Medicine","(3, 3)",,Undergraduate,
MUSHL 26133,"Music, Modes of Listening, and Nostalgia","(3, 3)",,Undergraduate,
MUSHL 36167,"Music, Text, & Context in Baroque Music","(3, 3)",,Undergraduate,
MUSHL 36168,Musical Quotes and Allusion,"(3, 3)",,Undergraduate,
THEA 25357,Musical Thea Wrksp 1,"(3, 3)",,Undergraduate,
THEA 29787,Musical Thea Wrksp 2,"(3, 3)",,Undergraduate,
THEA 25356,Musical Thea Wrksp 2,"(3, 3)",,Undergraduate,
THEA 39770,Musical Theater Performance,"(3, 3)",,Undergraduate,
THEA 29756,Musical Theater Performance,"(3, 3)",,Undergraduate,
THEA 25358,Musical Theatre Intensive,"(3, 3)",,Undergraduate,
THEA 39779,Musical Theatre: Showcase,"(3, 3)",,Undergraduate,
MUSTH 23000,Musicianship 1,"(2, 2)",,Undergraduate,
MUSTH 23100,Musicianship 2,"(2, 2)",,Undergraduate,
MUSTH 33000,Musicianship 3,"(2, 2)",,Undergraduate,
MUSTH 33100,Musicianship 4,"(2, 2)",,Undergraduate,
ASIAN 33008,Muslim Diasporas,"(3, 3)",,Undergraduate,
ENGL 31755,Muslim Diasporas,"(3, 3)",,Undergraduate,
SOC 22515,Muslim Diasporas,"(3, 3)",,Undergraduate,
REL 36354,Muslim Minorities,"(3, 3)",,Undergraduate,
QSTA 40403,Mvmnt Educ/Elem Schl,"(3, 3)",,Undergraduate,
SOC 3252N,Mysogynoir in Digital Space,"(3, 3)",,Undergraduate,
ENGL 35804,Mystery Japan: The Japanese Detective Novel,"(3, 3)",,Undergraduate,
JPN 40304,Mystery Japan: The Japanese Detective Novel,"(3, 3)",,Undergraduate,
ENGL 25159,Mystery Short Story,"(3, 3)",,Undergraduate,
REL 33400,Mysticism,"(3, 3)",,Undergraduate,
ENGL 39883,"Mysticism, Literature, and Connection","(3, 3)",,Undergraduate,
HONS 20166,Myth & Creativity,"(3, 3)",,Undergraduate,
COMPL 37054,Myth & Folklore,"(3, 3)",,Undergraduate,
REL 33500,Myth and Ritual,"(3, 3)",,Undergraduate,
ANTHC 32164,Myth of Equal Access,"(3, 3)",,Undergraduate,
CLA 30603,Mythology in Classical Art,"(3, 3)",,Undergraduate,
FILM 33200,Myths and Images in the Media,"(3, 3)",,Undergraduate,
MEDIA 33200,Myths and Images in the Media,"(3, 3)",,Undergraduate,
THEA 39753,N.Y. Thea Experience,"(3, 3)",,Undergraduate,
ANTHC 32086,Na Indians: Ethnology,"(3, 3)",,Undergraduate,
ENGL 38975,Nabokov,"(3, 3)",,Undergraduate,
RUSS 25698,Nabokov:Two Cultures,"(3, 3)",,Undergraduate,
ARTH 45008,"Napoleon: Art, Revolution and Propaganda","(3, 3)",,Undergraduate,
SOC 32515,Naratives of the City,"(3, 3)",,Undergraduate,
HONS 3011A,Narrating Violence in Latin America,"(3, 3)",,Undergraduate,
FILMP 38200,Narrative Editing,"(3, 3)",,Undergraduate,
ENGL 48476,Narrative Forms: Strategies in Fiction Writing,"(3, 3)",,Undergraduate,
ENGL 25039,Narrative Medicine,"(3, 3)",,Undergraduate,
WGS 30006,Narrative of Trauma,"(3, 3)",,Undergraduate,
ENGL 38682,Narrative of Trauma,"(3, 3)",,Undergraduate,
FILM 32400,Narrative Strategies,"(3, 3)",,Undergraduate,
COMPL 30101,Narrative Theory,"(3, 3)",,Undergraduate,
ENGL 38657,Narrative Theory,"(3, 3)",,Undergraduate,
COMPL 32049,Narratives of Adultery in the 19th Century Literature,"(3, 3)",,Undergraduate,
ENGL 38572,Narratives of Adultery in the 19th Century Literature,"(3, 3)",,Undergraduate,
RUSS 25668,Narratives of Adultery in the 19th Century Literature,"(3, 3)",,Undergraduate,
ENGL 49429,Narratives of Disability,"(3, 3)",,Undergraduate,
ENGL 39997,Narratives of the Civil War,"(3, 3)",,Undergraduate,
HIST 3412T,Nas's New York,"(3, 3)",,Undergraduate,
HIST 34197,Nat Women in Amer History,"(3, 3)",,Undergraduate,
ENGL 39053,"Nat,Self& Asian Id","(3, 3)",,Undergraduate,
ENGL 38976,Nathan. Hawthorne,"(3, 3)",,Undergraduate,
SPAN 37146,Nation and Narration,"(3, 3)",,Undergraduate,
ASIAN 32001,Nation Self and Asian Identity,"(3, 3)",,Undergraduate,
FILM 21300,National Cinema,"(3, 3)",,Undergraduate,
FILM 21307,National Cinema France,"(3, 3)",,Undergraduate,
FILM 21305,National Cinema Italy,"(3, 3)",,Undergraduate,
FILM 21306,National Cinema: Brazil,"(3, 3)",,Undergraduate,
FILM 21308,National Cinema: Egypt,"(3, 3)",,Undergraduate,
FILM 21354,National Cinema: Japan,"(3, 3)",,Undergraduate,
FILM 21351,National Cinema:French New,"(3, 3)",,Undergraduate,
POLSC 21751,National Policy Making,"(3, 3)",,Undergraduate,
HR 22013,"National Security & Human Rights: Mass Surveillance, Torture and Discrimination in the Post 9-11 Era","(3, 3)",,Undergraduate,
HONS 20154,Nationalism,"(3, 3)",,Undergraduate,
HIST 14162,Nationalism in Asia,"(3, 3)",,Undergraduate,
HIST 34132,Native American History in U.S,"(3, 3)",,Undergraduate,
ENGL 49414,Native American Literature,"(3, 3)",,Undergraduate,
HIST 25020,Native Americans and the U.S. to 1900,"(3, 3)",,Undergraduate,
POL 25058,Native Americans Polish Lit,"(3, 3)",,Undergraduate,
ANTHC 21100,Native North America: Societies and Cultures,"(3, 3)",,Undergraduate,
WGS 30085,Native Women in American History,"(3, 3)",,Undergraduate,
POLSC 27216,Natnlism & Ethnic Conf,"(3, 3)",,Undergraduate,
ENGL 25068,Natrlst Cty:American Lit & Fl,"(3, 3)",,Undergraduate,
SCI 30000,Natur & Limit of Sci,"(3, 3)",,Undergraduate,
LAT 32005,Natural Disasters in Roman Literature,"(3, 3)",,Undergraduate,
CSCI 49362,Natural Language Processing,"(3, 3)",,Undergraduate,
POLSC 30408,Natural Laws and Rights,"(3, 3)",,Undergraduate,
REL 110,Nature of Rel,"(3, 3)",,Undergraduate,
REL 11000,Nature of Religion,"(3, 3)",,Undergraduate,
ENGL 38856,Nature Poetry,"(3, 3)",,Undergraduate,
ENGL 38644,"Nature Writing, Writing Nature","(3, 3)",,Undergraduate,
CHIN 21157,Nature-Chinese Literature & Art,"(3, 3)",,Undergraduate,
HONS 20129,Navigation and Literature of Discovery,"(3, 3)",,Undergraduate,
URBS 40380,Neighborhd Oral Hist,"(3, 3)",,Undergraduate,
MEDPL 37700,Neighborhood News,"(3, 3)",,Undergraduate,
JPN 30306,Neighborhood Tokyo,"(3, 3)",,Undergraduate,
ARTH 24400,Neo-Classicism and Romanticism: The Age of Revolution 1789-1848,"(3, 3)",,Undergraduate,
POLSC 317H1,Neoliberalism in the United States,"(3, 3)",,Undergraduate,
POLSC 31728,Neoliberalism in the United States,"(3, 3)",,Undergraduate,
PHILO 39365,Neoplatonism,"(3, 3)",,Undergraduate,
PHILO 22300,Neoplatonism,"(3, 3)",,Undergraduate,
CSCI 49375,Network Security,"(3, 3)",,Undergraduate,
BIOL 47187,Neural Damage:Amphet,"(2, 2)",,Undergraduate,
BIOL 47177,Neural Development,"(2, 2)",,Undergraduate,
BIOL 47072,Neuroactive Peptides,"(2, 2)",,Undergraduate,
BIOL 47155,Neurobio Visualadapt,"(2, 2)",,Undergraduate,
BIOL 47179,Neurobio:Cocaine Ad,"(2, 2)",,Undergraduate,
BIOL 47138,Neurobiology of Learning and Memory,"(3, 3)",,Undergraduate,
PSYCH 38202,Neurobiology of Predation,"(3, 3)",,Undergraduate,
BIOL 47158,Neuron Development,"(2, 2)",,Undergraduate,
PSYCH 32000,Neuronal Basis of Behavior (Neuroethology),"(3, 3)",,Undergraduate,
PSYCH 38201,Neuronal Basis of Learning and Memory,"(3, 3)",,Undergraduate,
PSYCH 22400,Neuroscience,"(3, 3)",,Undergraduate,
BIOL 47082,Neurotrophins Signal,"(2, 2)",,Undergraduate,
FREN 25500,New Approaches to Modern French Literature,"(3, 3)",,Undergraduate,
ASIAN 34005,New Dir in Asian Amer Cinema,"(3, 3)",,Undergraduate,
POLSC 37390,New Econ East Europe,"(3, 3)",,Undergraduate,
ENGL 32965,New Englishes,"(3, 3)",,Undergraduate,
ARTCR 29000,New Genres,"(3, 3)",,Undergraduate,
ARTCR 36021,New Genres Special Topics: Art & Protest,"(3, 3)",,Undergraduate,
ENGL 25004,New Journalism as Literature,"(3, 3)",,Undergraduate,
ENGL 49478,New Media and Novel,"(3, 3)",,Undergraduate,
AFPRL 29004,New Movement in Africana and Latino Theater,"(3, 3)",,Undergraduate,
THEA 29797,New Play Development,"(3, 3)",,Undergraduate,
POLSC 27203,New Pol Eco East Eur,"(3, 3)",,Undergraduate,
POLSC 27210,New Pol Movements,"(3, 3)",,Undergraduate,
RUSS 25671,New Russ Cult-Film,"(3, 3)",,Undergraduate,
REL 32550,New Testament Relig,"(3, 3)",,Undergraduate,
REL 33000,New Testament Religion,"(3, 3)",,Undergraduate,
BIOL 20N04,New Therapeutic Approaches to Cancer,"(3, 3)",,Undergraduate,
ARTH 35114,New York City Architecture,"(3, 3)",,Undergraduate,
ENGL 33382,New York City English,"(3, 3)",,Undergraduate,
POLSC 21793,New York City Law and Politics,"(3, 3)",,Undergraduate,
HIST 34101,New York Neighborhoods,"(3, 3)",,Undergraduate,
THEA 39727,New York Theatre Now,"(3, 3)",,Undergraduate,
ENGL 25166,New York Writers,"(3, 3)",,Undergraduate,
ENGL 39070,New York Writers,"(3, 3)",,Undergraduate,
MEDIA 21100,News Literacy in a Digital Age,"(3, 3)",,Undergraduate,
PHILO 38078,Nietzsche,"(3, 3)",,Undergraduate,
AFPRL 39093,Nile Valley Civilization,"(3, 3)",,Undergraduate,
POLSC 21797,Nominating the President,"(3, 3)",,Undergraduate,
CSCI 37700,Non-Classical Logic,"(3, 3)",,Undergraduate,
PHILO 37700,Non-Classical Logic,"(3, 3)",,Undergraduate,
MATH 37700,Non-Classical Logic,"(3, 3)",,Undergraduate,
SOC 42530,Non-Prof Soc Marktng,"(3, 3)",,Undergraduate,
SOC 42523,Non-Profit Marketing,"(3, 3)",,Undergraduate,
CSCI 49390,Non-Standard Computers,"(3, 3)",,Undergraduate,
ELECT 11112,Non-Transferable Course,"(None, None)",,Undergraduate,
FILM 31500,Nonfiction Film and Video,"(3, 3)",,Undergraduate,
MEDIA 31500,Nonfiction Film and Video,"(3, 3)",,Undergraduate,
URBS 4031K,Nonprofit Management,"(3, 3)",,Undergraduate,
URBS 40315,"Nonproft,Cvl Soc,Pub","(3, 3)",,Undergraduate,
PSYCH 39081,Nonverbal Behavior,"(3, 3)",,Undergraduate,
ANTHC 40140,North America Ind Lang & Cult,"(3, 3)",,Undergraduate,
ENGL 32964,North American Chinese Literature,"(3, 3)",,Undergraduate,
ANTHC 26000,North American Indian Languages and Cultures,"(3, 3)",,Undergraduate,
HONS 30178,Northern Renaissance,"(3, 3)",,Undergraduate,
ARTH 22700,Northern Renaissance Art,"(3, 3)",,Undergraduate,
MUS P0101,"Not'N Theory, Skills","(None, None)",,Undergraduate,
SPAN 34400,Nov & Lyr Ptry Gold Ag,"(3, 3)",,Undergraduate,
ENGL 49461,Novel & The Net,"(3, 3)",,Undergraduate,
FILM 29965,Novel into Film,"(3, 3)",,Undergraduate,
ENGL 39065,Novel into Film,"(3, 3)",,Undergraduate,
COMPL 32057,Novels:Death:Rebirth,"(3, 3)",,Undergraduate,
NURS 48100,Nsng & Soc Forces,"(3, 3)",,Undergraduate,
BIOL 47059,Nuclear Functions,"(2, 2)",,Undergraduate,
BIOL 47191,Nuclear Transport,"(3, 3)",,Undergraduate,
BIOL 47053,Nuclear Transport,"(2, 2)",,Undergraduate,
CSCI 38500,Numerical Methods 1,"(3, 3)",,Undergraduate,
MATH 38500,Numerical Methods 1,"(3, 3)",,Undergraduate,
MATH 48500,Numerical Methods 2,"(3, 3)",,Undergraduate,
CSCI 48500,Numerical Methods 2,"(3, 3)",,Undergraduate,
PHYS 38500,Numerical Methods for Classical Physics,"(3, 3)",,Undergraduate,
PHYS 48500,Numerical Methods for Modern Physics,"(3, 3)",,Undergraduate,
NURS 49965,Nur Mgt Ldsp Hlt Sys,"(2, 2)",,Undergraduate,
NURS 41200,Nursing 4,"(8, 8)",,Undergraduate,
NURS 37900,Nursing and Societal Forces,"(3, 3)",,Undergraduate,
NURS 42100,Nursing And Society,"(2, 2)",,Undergraduate,
NURS 47100,Nursing Care in Domestic and Global Disasters,"(2, 2)",,Undergraduate,
NURS 44200,Nursing Care of Acute and Critically ill Clients,"(3, 3)",,Undergraduate,
NURS 36000,"Nursing Care of Infants, Children, and Adolescents","(4, 4)",,Undergraduate,
NURS 35200,Nursing Care of Women and Childbearing Families,"(4, 4)",,Undergraduate,
NURS 38400,Nursing Culturally Diverse Families,"(3, 3)",,Undergraduate,
NURS 21000,Nursing Fundamentals and Health Assessments,"(4, 4)",,Undergraduate,
NURS 31000,Nursing I,"(8, 8)",,Undergraduate,
NURS 31200,Nursing II,"(8, 8)",,Undergraduate,
NURS 41000,Nursing III,"(8, 8)",,Undergraduate,
NURS 42000,Nursing Leadership and Ethics,"(3, 3)",,Undergraduate,
NURS 41900,Nursing Management and Leadership in the Health Care System,"(2, 2)",,Undergraduate,
NURS 29950,Nursing Proc & Comm,"(3, 3)",,Undergraduate,
NURS 38000,Nursing Theory and Research,"(3, 3)",,Undergraduate,
NURS 49951,Nutrition & Aged,"(3, 3)",,Undergraduate,
NFS 34200,Nutrition and Human Development,"(3, 3)",,Undergraduate,
NFS 33300,Nutrition Education,"(3, 3)",,Undergraduate,
NFS 40300,Nutrition for Exercise and Sport,"(3, 3)",,Undergraduate,
NFS 43400,Nutrition for the Elderly,"(3, 3)",,Undergraduate,
NFS 14100,Nutrition I,"(3, 3)",,Undergraduate,
NURS 33200,Nutrition in the Nursing Process,"(2, 2)",,Undergraduate,
ANTHC 40056,Nutritional Anthropology,"(3, 3)",,Undergraduate,
COMPL 38157,Nvl & Nat Since WW2,"(3, 3)",,Undergraduate,
HIST 34116,NY Lives: Biography Autobiography,"(3, 3)",,Undergraduate,
THEA 29757,NY Theatre Experience,"(3, 3)",,Undergraduate,
URBS 40331,NY Transport Policy & Planning,"(3, 3)",,Undergraduate,
URBS 40384,NYC Law & Politics,"(3, 3)",,Undergraduate,
PGEOG 38363,NYC Water Supply,"(3, 3)",,Undergraduate,
NFS 41306,"Obesity: Etiology, Prevention, Treatment","(3, 3)",,Undergraduate,
CSCI 39564,Object-Oriented Technology,"(3, 3)",,Undergraduate,
SOC 21551,Occupations and Professions,"(3, 3)",,Undergraduate,
SOC 21500,Occupations and Professions,"(3, 3)",,Undergraduate,
ENGL 39975,Off the Page,"(3, 3)",,Undergraduate,
HEBR 25900,Old Testament Religion,"(3, 3)",,Undergraduate,
ONFIL OOO,On File Grad,"(None, None)",,Undergraduate,
ONFIL 11111,On File-Graduation,"(None, None)",,Undergraduate,
ENGL 49003,On Narrative Theory & Dialectical Thinking,"(3, 3)",,Undergraduate,
ENGL 4941D,On Narrative Theory & Dialectical Thinking,"(3, 3)",,Undergraduate,
ENGL 49439,On Spirals: Modernism and It's Aftermaths,"(3, 3)",,Undergraduate,
ITAL 36515,One Major Writer: Elena Ferrante's Neopolitan Quartet,"(3, 3)",,Undergraduate,
ENGL 38993,One Major Writer: Elena Ferrante's Neopolitan Quartet,"(3, 3)",,Undergraduate,
ENGL 38991,"One Major Writer: Ralph Ellison, Words and Music","(3, 3)",,Undergraduate,
MEDPL 29500,Online Journalism,"(3, 3)",,Undergraduate,
CSCI 39586,Open Source Software Development,"(3, 3)",,Undergraduate,
MUSPF 36258,Opera Characterization,"(2, 2)",,Undergraduate,
MUSPF 36907,Opera Music Theater Workshop,"(1, 1)",,Undergraduate,
MUSHL 36160,Opera on the Stage,"(3, 3)",,Undergraduate,
MUSHL 26151,Opera on the Stage,"(3, 3)",,Undergraduate,
HONS 30171,"Opera on the Stage: Music, Drama and Theatre","(3, 3)",,Undergraduate,
MUSPF 37000,Opera Performance,"(3, 3)",,Undergraduate,
MUSPF 36356,Opera Production,"(3, 3)",,Undergraduate,
MUSPF 36901,Opera Scenes,"(1, 1)",,Undergraduate,
MUSHL 36152,Opera Workshop,"(3, 3)",,Undergraduate,
MUSHL 26163,Opera- Romantic Scene,"(3, 3)",,Undergraduate,
MUSHL 26168,Operas of Puccini,"(3, 3)",,Undergraduate,
CSCI 34000,Operating Systems,"(3, 3)",,Undergraduate,
ENGL 25064,Oppress & Res in Literature,"(3, 3)",,Undergraduate,
THEA 40152,Opra on Stge:Mu-D-Th,"(3, 3)",,Undergraduate,
PHYS 34200,Optics,"(3, 3)",,Undergraduate,
SPAN 10600,Oral and Written Skills for Native Speakers of Spanish,"(3, 3)",,Undergraduate,
HIST 49250,Oral His NY Women,"(3, 3)",,Undergraduate,
HIST 34148,Oral Hist & Doc Trad,"(3, 3)",,Undergraduate,
HIST 48350,Oral Hist: N Y Woman,"(3, 3)",,Undergraduate,
HIST 25055,Oral Hist:Fam NY'ers,"(3, 3)",,Undergraduate,
HIST 38350,Oral Hist:NY Woman,"(3, 3)",,Undergraduate,
ASIAN 33052,"Oral History, Culture Id, Art","(3, 3)",,Undergraduate,
RUSS 24611,Oral Interpretation,"(3, 3)",,Undergraduate,
POL 25010,Oral Interpretation,"(3, 3)",,Undergraduate,
HEBR 35750,Oral&Writ Presnt-Heb,"(3, 3)",,Undergraduate,
MUSPF 36905,Oratorio: Arias and Ensembles,"(1, 1)",,Undergraduate,
MUSTH 33500,Orchestration,"(3, 3)",,Undergraduate,
MATH 25400,Ordinary Differential Equations,"(3, 3)",,Undergraduate,
PSYCH 47000,Org Psy Rel Soc Chng,"(3, 3)",,Undergraduate,
EDUC 35100,Org Sp&H Prog:El&Sec,"(3, 3)",,Undergraduate,
CHEM 22204,Organic Chemistry 1 (Lec),"(4, 4)",,Undergraduate,
CHEM 222H1,Organic Chemistry 1 (Lec),"(4, 4)",,Undergraduate,
CHEM 22206,Organic Chemistry 1 (Lec),"(4, 4)",,Undergraduate,
CHEM 22500,Organic Chemistry 2 (Lab),"(3, 3)",,Undergraduate,
CHEM 22404,Organic Chemistry 2 (Lec),"(4, 4)",,Undergraduate,
CHEM 22406,Organic Chemistry 2 (Lec),"(4, 4)",,Undergraduate,
CHEM 224LC,Organic Chemistry 2 (Lecture),"(4, 4)",,Undergraduate,
CHEM 22501,Organic Chemistry 2 (Rec),"(None, None)",,Undergraduate,
CHEM 222LC,Organic Chemistry I (Lec),"(4, 4)",,Undergraduate,
CHEM 222RC,Organic Chemistry I (Lab),"(None, None)",,Undergraduate,
CHEM 22301,Organic Chemistry I (Rec),"(None, None)",,Undergraduate,
CHEM 22300,Organic Chemistry Laboratory I,"(3, 3)",,Undergraduate,
CHEM 32200,Organic Chemistry Lecture 3,"(3, 3)",,Undergraduate,
SOC 42546,Organization Dynamics,"(3, 3)",,Undergraduate,
ACSK 6500,Orientation-Success,"(None, None)",,Undergraduate,
ACSK 16500,Orientation-Success,"(1, 1)",,Undergraduate,
ARTH 45007,Originalities and Repetition in Contemporary Art,"(3, 3)",,Undergraduate,
ANTHC 32088,Origins of Agricultrure,"(3, 3)",,Undergraduate,
BIOL 47173,Origins:Neuroscience,"(2, 2)",,Undergraduate,
HIST 34176,Orth Church Rus Cult,"(3, 3)",,Undergraduate,
ENGL 38984,Oscar Wilde,"(3, 3)",,Undergraduate,
CLA 30702,Ostia,"(3, 3)",,Undergraduate,
ENGL 39998,Other Peoples Lives,"(3, 3)",,Undergraduate,
POLSC 29421,"Our Bodies, Our Politics","(3, 3)",,Undergraduate,
WGSS 26600,"Our Bodies, Our Politics","(3, 3)",,Undergraduate,
HONS 30144,Our Energy Future: Hydrogen or Else?,"(3, 3)",,Undergraduate,
POLSC 27362,Outbreak of War,"(3, 3)",,Undergraduate,
LAT 20100,Ovid's Metamorphoses,"(3, 3)",,Undergraduate,
ASIAN 32008,Pacific Islander Literature,"(3, 3)",,Undergraduate,
ENGL 32356,Pacific Islander Literature,"(3, 3)",,Undergraduate,
CLA 30400,Pagans and Christians,"(3, 3)",,Undergraduate,
ARTCR 36061,"Paint, Photography, Photoshop","(3, 3)",,Undergraduate,
ARTCR 23500,Painting,"(3, 3)",,Undergraduate,
CLARC 32966,Painting and Mosaic,"(3, 3)",,Undergraduate,
ARTCR 36042,Painting into Sculpture,"(3, 3)",,Undergraduate,
ARTCR 36029,Painting on Paper,"(3, 3)",,Undergraduate,
POLSC 37262,Palestine & Israel,"(3, 3)",,Undergraduate,
POLSC 27248,Palestine/Israel,"(3, 3)",,Undergraduate,
AFPRL 39080,"Pan Africa History, Culture","(3, 3)",,Undergraduate,
POL 25057,Pan Tadeusz English,"(3, 3)",,Undergraduate,
AFPRL 40100,Pan-Africanism,"(3, 3)",,Undergraduate,
ANTHC 32006,Pandemics & Global Health,"(3, 3)",,Undergraduate,
PH 40004,Pandemics and Public Health,"(3, 3)",,Undergraduate,
HONS 20125,Paradigms Lost,"(3, 3)",,Undergraduate,
HONS 30162,Paradise Apocalypse,"(3, 3)",,Undergraduate,
CSCI 49365,Parallel Computing,"(3, 3)",,Undergraduate,
FREN 20151,Paris in NY,"(2, 2)",,Undergraduate,
POLSC 37252,Parliamentary Democracy,"(3, 3)",,Undergraduate,
POLSC 37204,Parties & Movement Western Europe,"(3, 3)",,Undergraduate,
POLSC 48022,"Parties, W Eur: Hon","(3, 3)",,Undergraduate,
ENGL 32167,Passing in African American Fiction,"(3, 3)",,Undergraduate,
RUSS 25851,Pasternak: Zhivago,"(1, 1)",,Undergraduate,
NURS 33400,Pathopharmacology,"(4, 4)",,Undergraduate,
NURS 34300,Pathophysiology and Nursing Care,"(3, 3)",,Undergraduate,
HONS 30192,Patterns/Exp in Arts,"(3, 3)",,Undergraduate,
ANTHC 32155,Peasant Society & Rebellions,"(3, 3)",,Undergraduate,
PSYCH 29501,Peer Advising in Psy,"(3, 3)",,Undergraduate,
PSYCH 29560,Peer Psychology,"(3, 3)",,Undergraduate,
CHEM 15000,Peer-Led Teaching in Chemistry,"(1, 1)",,Undergraduate,
SPAN 37056,Peninsular Teatro,"(3, 3)",,Undergraduate,
LACS 43470,Peo&Cult: Caribbean,"(3, 3)",,Undergraduate,
HIST 25058,People & Culture in North America,"(3, 3)",,Undergraduate,
ANTHC 20900,People & Culture: Europe,"(3, 3)",,Undergraduate,
ANTHC 21450,People & Culture: Medit,"(3, 3)",,Undergraduate,
ANTHC 20600,People & Culture:Oceania,"(3, 3)",,Undergraduate,
ANTHC 20300,People & Culture:South Asia,"(3, 3)",,Undergraduate,
ANTHC 40192,People & Envn:Amazonia,"(3, 3)",,Undergraduate,
ANTHC 21000,People and Culture of Circumpolar Region,"(3, 3)",,Undergraduate,
GEOG 10100,People and their Environment,"(3, 3)",,Undergraduate,
ANTHC 21200,Peoples and Cultures of Mesoamerica,"(3, 3)",,Undergraduate,
MHC 15000,Peopling: NY,"(3, 3)",,Undergraduate,
PHILO 39467,Perception,"(3, 3)",,Undergraduate,
PHILO 39458,Perception:Literature & the Arts,"(3, 3)",,Undergraduate,
ENGL 38978,Percy Shelley,"(3, 3)",,Undergraduate,
MUS P0103,Perf Aud-Inst/Voice,"(None, None)",,Undergraduate,
MUSHL 36151,Perf Cls in Voc Lt,"(3, 3)",,Undergraduate,
MUSHL 36154,Perf Cls in Voc Lt,"(3, 3)",,Undergraduate,
AFPRL 39005,Perf the Indiv/Comm.,"(3, 3)",,Undergraduate,
THEA 39799,Perf the Indiv/Comm.,"(3, 3)",,Undergraduate,
MUSPF 36552,Perfmnc Cl for Piano,"(1, 1)",,Undergraduate,
ENGL 25657,Perfor&Cncrte Ptry,"(3, 3)",,Undergraduate,
MUSPF 36551,Performance Cl for Piano,"(1, 1)",,Undergraduate,
DAN P0101,Performance 1,"(None, None)",,Undergraduate,
MUSPF 36500,Performance Class for Pianists,"(1, 1)",,Undergraduate,
ARTCR 36017,Performative Objects,"(3, 3)",,Undergraduate,
CLA 30662,Performing Greek Tragedy,"(3, 3)",,Undergraduate,
THEA 39710,Performing Spaces,"(3, 3)",,Undergraduate,
HONS 20183,Performing the Self,"(3, 3)",,Undergraduate,
CLA 30663,Periclean Athens,"(3, 3)",,Undergraduate,
ENGL 42100,Periods In E&A Lit,"(3, 3)",,Undergraduate,
PERM 4X,Permit Course,"(None, None)",,Undergraduate,
PERM 3X,Permit Course,"(None, None)",,Undergraduate,
PERM 10006,Permit Course,"(None, None)",,Undergraduate,
PERM 10001,Permit Course - 1 Credit,"(None, None)",,Undergraduate,
PERM 10010,Permit Course - 10 Credits,"(None, None)",,Undergraduate,
PERM 10012,Permit Course - 12 Credits,"(None, None)",,Undergraduate,
PERM 10005,Permit Course - 5 Credits,"(None, None)",,Undergraduate,
PERM 10007,Permit Course - 7 Credits,"(None, None)",,Undergraduate,
PERM 10008,Permit Course - 8 Credits,"(None, None)",,Undergraduate,
PERM 10009,Permit Course-9 Credits,"(None, None)",,Undergraduate,
POLSC 20351,"Person, Planet & Polish","(3, 3)",,Undergraduate,
PSYCH 19551,Personal Adjustment,"(3, 3)",,Undergraduate,
BUS 12000,Personal Finance,"(3, 3)",,Undergraduate,
ECO 26600,Personal Financial Economics,"(3, 3)",,Undergraduate,
PSYCH 39065,Personal Relationship,"(3, 3)",,Undergraduate,
PSYCH 22000,Personality,"(3, 3)",,Undergraduate,
FREN 34000,Perspec on Literature & Arts,"(3, 3)",,Undergraduate,
PHILO 20058,Perspective: Human Nature,"(3, 3)",,Undergraduate,
COMPL 34000,Perspectives on Literature and the Arts,"(3, 3)",,Undergraduate,
CLA 24080,Perspectives on Myth and the Arts,"(3, 3)",,Undergraduate,
POLSC 27321,"Perspectives on Peace: Gandhi, King, Mandela and Ikeda","(3, 3)",,Undergraduate,
FREN 26200,Perspectives on Women in French Literature,"(3, 3)",,Undergraduate,
COMPL 34052,Perspectives- Literature and The Arts,"(3, 3)",,Undergraduate,
COMPL 34053,Perspectives-Lit & The Arts,"(3, 3)",,Undergraduate,
ITAL 36151,Petrarch Special Topic,"(3, 3)",,Undergraduate,
ITAL 34600,"Petrarch, Boccaccio, and the Literature of Humanism","(3, 3)",,Undergraduate,
ITAL 36140,Petrarchist Trad:Eur,"(3, 3)",,Undergraduate,
NURS 33100,Pharmacology 1,"(3, 3)",,Undergraduate,
NURS 33900,Pharmacology 2,"(3, 3)",,Undergraduate,
PHILO 10800,Phil Ideas in Lit,"(3, 3)",,Undergraduate,
PHILO 20052,Phil of the Mystries,"(3, 3)",,Undergraduate,
HR 22020,Philanthropy and Human Rights,"(3, 3)",,Undergraduate,
PHILO 39476,Philo Prob: Philosophy Biology,"(3, 3)",,Undergraduate,
PHILO 20049,Philosophical Issues in Science,"(3, 3)",,Undergraduate,
PHILO 39482,Philosophical Problems: 20th Century Continental,"(3, 3)",,Undergraduate,
PHILO 39477,Philosophical Problems: Philosophy of Religion,"(3, 3)",,Undergraduate,
PHILO 39473,Philosophical Problems: Sense and Perception,"(3, 3)",,Undergraduate,
PHILO 39300,Philosophical Systems,"(3, 3)",,Undergraduate,
PHILO 39359,Philosophical Systems,"(3, 3)",,Undergraduate,
MUSHL 36173,Philosophies of Identity in Western Art Music,"(3, 3)",,Undergraduate,
PHILO 39356,Philosophy & Cult Crit,"(3, 3)",,Undergraduate,
PHILO 39450,Philosophy & Technology,"(3, 3)",,Undergraduate,
PHILO 20094,Philosophy and Film,"(3, 3)",,Undergraduate,
PHILO 20057,Philosophy and Lit,"(3, 3)",,Undergraduate,
PHILO 25600,Philosophy and Literature,"(3, 3)",,Undergraduate,
HONS 30195,Philosophy and Literature,"(3, 3)",,Undergraduate,
HIST 3411Z,Philosophy History,"(3, 3)",,Undergraduate,
PHILO 44444,Philosophy of Action,"(5, 5)",,Undergraduate,
PHILO 39468,Philosophy of Biology,"(3, 3)",,Undergraduate,
PHILO 37800,Philosophy of Biology,"(3, 3)",,Undergraduate,
PHILO 20091,Philosophy of Body and Sport,"(3, 3)",,Undergraduate,
PHILO 20006,Philosophy of Emotion,"(3, 3)",,Undergraduate,
HIST 3411Z,Philosophy of History,"(3, 3)",,Undergraduate,
PHILO 37300,Philosophy of History,"(3, 3)",,Undergraduate,
PHILO 34800,Philosophy of Human Rights,"(3, 3)",,Undergraduate,
PHILO 39471,Philosophy of Human Rights,"(3, 3)",,Undergraduate,
PHILO 36400,Philosophy of Language,"(3, 3)",,Undergraduate,
PHILO 20092,Philosophy of Love and Sex,"(3, 3)",,Undergraduate,
MATH 37600,Philosophy of Mathematics,"(3, 3)",,Undergraduate,
PHILO 37600,Philosophy of Mathematics,"(3, 3)",,Undergraduate,
PHILO 36600,Philosophy of Mind,"(3, 3)",,Undergraduate,
PHILO 39413,Philosophy of Music,"(3, 3)",,Undergraduate,
MUSTH 36113,Philosophy of Music,"(3, 3)",,Undergraduate,
PHILO 26200,Philosophy of Religion,"(3, 3)",,Undergraduate,
PHILO 37900,Philosophy of Science,"(3, 3)",,Undergraduate,
PHILO 20076,Philosophy of Taoism,"(3, 3)",,Undergraduate,
PHILO 20098,"Philosophy, Life, and Literature","(3, 3)",,Undergraduate,
PHILO 10600,"Philosophy, Politics, and Society","(3, 3)",,Undergraduate,
PHILO 27000,"Philosophy, Science, and Culture","(3, 3)",,Undergraduate,
PHILO 20073,"Philosophy,Science & Culture","(3, 3)",,Undergraduate,
ENGL 33363,Phon Analysis & Theory,"(3, 3)",,Undergraduate,
COMSC 30400,Phonetics,"(3, 3)",,Undergraduate,
ENGL 33375,"Phonetics & Phonology: The Production, Perception, and Organization of Sounds","(3, 3)",,Undergraduate,
ENGL 39845,Phono-Graphy: Music & American Literature 1850-1930,"(3, 3)",,Undergraduate,
ANTHC 35300,Phonological Analysis and Theory,"(3, 3)",,Undergraduate,
ENGL 33373,Phonology and Morphology: The Composition of Sounds and Words,"(3, 3)",,Undergraduate,
ARTH 36071,Photo Essay Bk Proj,"(3, 3)",,Undergraduate,
ARTCR 36043,Photography and Biography,"(3, 3)",,Undergraduate,
ARTH 35115,Photography and Curatorial Practice in an Era of Radical Change,"(3, 3)",,Undergraduate,
ARTCR 36046,Photography in the extended field: The Art of Sites and Communities,"(3, 3)",,Undergraduate,
ARTCR 36049,Photography: Lighting,"(3, 3)",,Undergraduate,
ARTCR 36026,Photography:Alter Approach,"(3, 3)",,Undergraduate,
PHYS 42800,Photonics and Laboratory,"(4, 4)",,Undergraduate,
CHEM 131LB,Phy Sci (Chem),"(3, 3)",,Undergraduate,
BIOL 27900,Phys Nervous Sys Lab,"(1, 1)",,Undergraduate,
BIOL 27800,Phys Nervous System,"(2, 2)",,Undergraduate,
PHYS 151WS,Phys Workshop,"(None, None)",,Undergraduate,
BIOL 27400,Phys:Muscle Activity,"(3, 3)",,Undergraduate,
THEA 39756,Physical Character,"(3, 3)",,Undergraduate,
HONS 20176,Physical Characteristics of and Human Impact on Tropical Rainforests,"(3, 3)",,Undergraduate,
CHEM 35200,Physical Chemistry 1-Lec,"(3, 3)",,Undergraduate,
CHEM 35600,Physical Chemistry 2,"(3, 3)",,Undergraduate,
CHEM 35400,Physical Chemistry 2 - F,"(3, 3)",,Undergraduate,
CHEM 35500,Physical Chemistry Lab 1,"(2, 2)",,Undergraduate,
CHEM 35700,Physical Chemistry Laboratory II,"(2, 2)",,Undergraduate,
MEDP 35500,Physical Computing: Interactive Installation,"(3, 3)",,Undergraduate,
EDUC 31500,Physical Education in Elementary School,"(2, 2)",,Undergraduate,
THEA 29759,Physical Perf Tech,"(3, 3)",,Undergraduate,
DAN 35257,Physical Training,"(2, 2)",,Undergraduate,
PHYS 24000,Physics of Biology System,"(3, 3)",,Undergraduate,
PHYS 152WS,Physics Workshop,"(None, None)",,Undergraduate,
PSYCH 30000,Physiological Psychology,"(3, 3)",,Undergraduate,
BIOL 37000,Physiology of the Nervous System,"(4, 4)",,Undergraduate,
MUSPF 21300,Piano 1,"(1, 1)",,Undergraduate,
MUSPF 21400,Piano 2,"(1, 1)",,Undergraduate,
MUS P0104,Piano Proficiency,"(None, None)",,Undergraduate,
ARTH 47004,Picturing Buddhist Biographies,"(3, 3)",,Undergraduate,
ARTH 46002,"Picturing the Orient: Images of the Ottomansin Western Art, 1453-1800","(3, 3)",,Undergraduate,
ITAL 37050,Pirandello&Roots:Mod,"(3, 3)",,Undergraduate,
URBS 4032J,Planning and Policy in New York City - Field Study,"(3, 3)",,Undergraduate,
URBS 4031E,Planning for a Sustainable Environment: Issues and Challenges,"(3, 3)",,Undergraduate,
URBS 40311,"Planning for fhe Future: Problems, Issues, and Policies","(3, 3)",,Undergraduate,
URBS 4031I,"Planning for Urban Water Sustainability, and Resilience","(3, 3)",,Undergraduate,
URBS 40313,"Plans, Pol & Poltcs","(3, 3)",,Undergraduate,
BIOL 47161,Plant Biotechnology,"(2, 2)",,Undergraduate,
BIOL 34000,Plant Physiology,"(3, 3)",,Undergraduate,
URBS 40327,PLANYC: Planning for a Sustainable Future,"(3, 3)",,Undergraduate,
PHYS 42400,Plasma Physics,"(3, 3)",,Undergraduate,
WGST 29009,Plastics and Bodies,"(3, 3)",,Undergraduate,
GEOL 10200,Plate Tectonics and the Earth's Evolution,"(4, 4)",,Undergraduate,
POLSC 30402,Plato,"(3, 3)",,Undergraduate,
GRK 20200,Plato,"(3, 3)",,Undergraduate,
PHILO 33859,Plato,"(3, 3)",,Undergraduate,
PHILO 38010,Plato,"(3, 3)",,Undergraduate,
POLSC 48003,Plato & Dem Theory,"(3, 3)",,Undergraduate,
PHILO 39457,Plato & Democratic Theory,"(3, 3)",,Undergraduate,
GRK 30100,Plato 2,"(3, 3)",,Undergraduate,
CLA 30655,Plato and Democracy,"(3, 3)",,Undergraduate,
POLSC 30461,Plato and Democratic Theory,"(3, 3)",,Undergraduate,
GRK 31102,Plato's Symposium,"(3, 3)",,Undergraduate,
PHILO 39380,Plato-The Republic,"(3, 3)",,Undergraduate,
THEA 32100,Play Analysis,"(3, 3)",,Undergraduate,
COMPL 38001,Play and Illusion,"(3, 3)",,Undergraduate,
THEA 29795,Playmaking Workshop,"(3, 3)",,Undergraduate,
THEA 37900,Playwriting,"(3, 3)",,Undergraduate,
THEA 37700,Playwriting 2,"(3, 3)",,Undergraduate,
THEA 37600,Playwriting I,"(3, 3)",,Undergraduate,
PHILO 38020,Plotinus,"(3, 3)",,Undergraduate,
PHILO 39351,Plotinus & Augustine,"(3, 3)",,Undergraduate,
ENGL 35554,Poet & His Contmporary,"(3, 3)",,Undergraduate,
WGSA 31973,Poetcs Wom Autobio,"(3, 3)",,Undergraduate,
ENGL 25075,Poetic Techniques,"(3, 3)",,Undergraduate,
ENGL 49477,Poetics of Nature,"(3, 3)",,Undergraduate,
ENGL 38661,Poetics of Space,"(3, 3)",,Undergraduate,
COMPL 38084,Poetics of Space,"(3, 3)",,Undergraduate,
ENGL 31973,Poetics Women Autobiography,"(3, 3)",,Undergraduate,
ENGL 48484,Poetry & Experimentation,"(3, 3)",,Undergraduate,
ITAL 36141,Poetry & Humanism Petrarchist,"(3, 3)",,Undergraduate,
ENGL 4941N,Poetry & Play: The Art of Revision,"(3, 3)",,Undergraduate,
ENGL 48411,Poetry & Play: The Art of Revision,"(3, 3)",,Undergraduate,
ENGL 48467,Poetry and Memory,"(3, 3)",,Undergraduate,
ENGL 25094,Poetry and Politics,"(3, 3)",,Undergraduate,
ENGL 48490,Poetry and the Arts,"(3, 3)",,Undergraduate,
ENGL 49440,Poetry and The Arts of Memory,"(3, 3)",,Undergraduate,
POL 26066,Poetry of Milosz Tran,"(3, 3)",,Undergraduate,
ENGL 39202,Poetry of the African Diaspora,"(3, 3)",,Undergraduate,
HEBR 32300,Poetry of the Modern Hebrew Renaissance Period,"(3, 3)",,Undergraduate,
POL 26064,Poetry Rej to Milosz,"(3, 3)",,Undergraduate,
THEA 29749,Poetry-Performance,"(3, 3)",,Undergraduate,
POLSC 37369,Pol Chng in So.Afrca,"(3, 3)",,Undergraduate,
POLSC 31710,Pol Dimen: Economic Development,"(3, 3)",,Undergraduate,
POLSC 37370,Pol Eco in Estrn Eur,"(3, 3)",,Undergraduate,
AFPRL 29050,Pol Econ Caribbean,"(3, 3)",,Undergraduate,
LACS 43424,Pol Econ Caribbean,"(3, 3)",,Undergraduate,
RUSS 25680,Pol Film Post 1945,"(3, 3)",,Undergraduate,
HIST 77470,Pol Hist-20 Cent US,"(3, 3)",,Undergraduate,
POLSC 27222,Pol India Since Ind,"(3, 3)",,Undergraduate,
POLSC 37249,Pol India Since Indp,"(3, 3)",,Undergraduate,
POLSC 27215,Pol Islamic Rsrgence,"(3, 3)",,Undergraduate,
POL 25053,Pol Lit: 1890-Present,"(3, 3)",,Undergraduate,
POLSC 37202,Pol of Development,"(3, 3)",,Undergraduate,
POLSC 21766,Pol of Energy Crisis,"(3, 3)",,Undergraduate,
POLSC 27396,Pol of Global Econom,"(3, 3)",,Undergraduate,
POLSC 27385,Pol of Global Environment,"(3, 3)",,Undergraduate,
POLSC 31703,Pol of Les&Gay Rights,"(3, 3)",,Undergraduate,
POLSC 31776,Pol of Public Budget,"(3, 3)",,Undergraduate,
POLSC 48019,Pol oOf Developmt:Hon,"(3, 3)",,Undergraduate,
WGS 20066,Pol Queer Sexuality,"(3, 3)",,Undergraduate,
WGS 26600,Pol Queer Sexuality,"(3, 3)",,Undergraduate,
POLSC 30403,Pol Theory Enlitmnt,"(3, 3)",,Undergraduate,
PHILO 20085,Pol Thght Since 1900,"(3, 3)",,Undergraduate,
POL 25070,Pol-Church/State Rel,"(3, 3)",,Undergraduate,
ENGL 49494,Pol:Annihilation,"(3, 3)",,Undergraduate,
POLSC 21712,Pol:Poverty & Welfare,"(3, 3)",,Undergraduate,
ANTHC 32097,Polan's Economy Eastern Europe,"(3, 3)",,Undergraduate,
POLSC 27282,Poland:Soc in Crisis,"(3, 3)",,Undergraduate,
POL 25012,Poles in America,"(3, 3)",,Undergraduate,
POLSC 21721,Policing and the American State,"(3, 3)",,Undergraduate,
HIST 38222,Policing Sexuality in 20th Century U.S.,"(3, 3)",,Undergraduate,
GEOG 30506,Policing the American City,"(3, 3)",,Undergraduate,
POLSC 29204,"Policy Entrepreneurship: Issues, Actors, and Opportunities","(1, 1)",,Undergraduate,
RUSS 26070,Polish Cinema,"(3, 3)",,Undergraduate,
POL 26070,Polish Cinema,"(3, 3)",,Undergraduate,
POL 25056,Polish Cinema,"(3, 3)",,Undergraduate,
POL 25080,Polish Film Post 1945,"(3, 3)",,Undergraduate,
POL 26052,Polish Literature in English,"(3, 3)",,Undergraduate,
COMPL 37158,Polish Literature in English,"(3, 3)",,Undergraduate,
POL 25060,Polish Literature Post Solidarity,"(3, 3)",,Undergraduate,
COMPL 37159,Polish Literature Post Solidarity,"(3, 3)",,Undergraduate,
POL 26067,Polish Literture Tday Trans,"(3, 3)",,Undergraduate,
POL 26062,Polish Modernism,"(3, 3)",,Undergraduate,
POL 26055,Polish Poetry in Polish,"(3, 3)",,Undergraduate,
POL 25073,Polish Romanticism,"(3, 3)",,Undergraduate,
POL 26051,Polish Urb Folklore,"(3, 3)",,Undergraduate,
POLSC 37353,Polit Econ-3rd World,"(3, 3)",,Undergraduate,
LACS 43493,Polit Nat'l in PR,"(3, 3)",,Undergraduate,
ECO 29556,Political Econ:3rd World,"(3, 3)",,Undergraduate,
HONS 30125,Political and Economic Transitions in Post-Communist Countries,"(3, 3)",,Undergraduate,
POLSC 21754,Political Communication,"(3, 3)",,Undergraduate,
URBS 4032H,Political Communications for Policy and Planning,"(3, 3)",,Undergraduate,
POLSC 21794,Political Eco of Women: US,"(3, 3)",,Undergraduate,
ANTHC 32163,Political Ecology,"(3, 3)",,Undergraduate,
ECO 29553,Political Economics of Africa,"(3, 3)",,Undergraduate,
ECO 39550,Political Economics of Oil,"(3, 3)",,Undergraduate,
POLSC 27285,Political Economy Contemporary Africa,"(3, 3)",,Undergraduate,
AFPRL 29085,Political Economy Contemporary Africa,"(3, 3)",,Undergraduate,
GEOG 24400,Political Geography,"(3, 3)",,Undergraduate,
POLSC 20466,Political Ideologies,"(3, 3)",,Undergraduate,
PHILO 39488,Political Interpretation on Meaning and Power,"(3, 3)",,Undergraduate,
POLSC 30417,Political Interpretation on Meaning and Power,"(3, 3)",,Undergraduate,
WGS 30099,Political Islam&Womn,"(3, 3)",,Undergraduate,
POLSC 30452,Political Knowledge,"(3, 3)",,Undergraduate,
HONS 3011C,Political Leadership,"(3, 3)",,Undergraduate,
AFPRL 34200,Political Nationalism in Puerto Rico,"(3, 3)",,Undergraduate,
POLSC 37207,Political Order and Political Decay,"(3, 3)",,Undergraduate,
POLSC 22700,Political Parties,"(3, 3)",,Undergraduate,
POLSC 21300,Political Parties and Elections,"(3, 3)",,Undergraduate,
POLSC 21795,Political Parties and Groups,"(3, 3)",,Undergraduate,
POLSC 21400,Political Parties and Interest Groups,"(3, 3)",,Undergraduate,
PHILO 24600,Political Philosophy,"(3, 3)",,Undergraduate,
POLSC 20401,Political Philosophy,"(3, 3)",,Undergraduate,
POLSC 20467,Political Rhetoric,"(3, 3)",,Undergraduate,
SOC 21300,Political Sociology,"(3, 3)",,Undergraduate,
POLSC 20406,Political Theory and Film,"(3, 3)",,Undergraduate,
POLSC 31600,Political Theory of Human Rights,"(3, 3)",,Undergraduate,
POLSC 30464,Political Theory of Police,"(3, 3)",,Undergraduate,
POLSC 20300,Political Thought Since 1900,"(3, 3)",,Undergraduate,
POLSC 20404,Political Trials,"(3, 3)",,Undergraduate,
POLSC 20352,Political Utopias,"(3, 3)",,Undergraduate,
POLSC 21748,Politics & Asian Ident,"(3, 3)",,Undergraduate,
ASIAN 39014,Politics & Asian Identity,"(3, 3)",,Undergraduate,
ARTCR 36014,Politics & Painting,"(3, 3)",,Undergraduate,
ENGL 25191,Politics & The Novel,"(3, 3)",,Undergraduate,
HONS 30122,Politics and Culture Between the World Wars,"(3, 3)",,Undergraduate,
POLSC 20463,Politics and Language,"(3, 3)",,Undergraduate,
POLSC 20407,Politics and Literature,"(3, 3)",,Undergraduate,
POLSC 20459,Politics and Masculinity,"(3, 3)",,Undergraduate,
ANTHC 31000,Politics and Power in Anthropological Perspective,"(3, 3)",,Undergraduate,
AFPRL 36000,Politics in Puerto Rico,"(3, 3)",,Undergraduate,
WGS 40055,Politics of A.I.D.S,"(3, 3)",,Undergraduate,
POLSC 21760,Politics of 1980's,"(3, 3)",,Undergraduate,
POLSC 25100,"Politics of Africa, Asia, and Latin America","(3, 3)",,Undergraduate,
POLSC 48252,Politics of Aids,"(3, 3)",,Undergraduate,
POLSC 37290,Politics of China,"(3, 3)",,Undergraduate,
POLSC 25800,Politics of Climate Change,"(3, 3)",,Undergraduate,
ENGL 39056,Politics of Color,"(3, 3)",,Undergraduate,
ENGL 49433,Politics of Color,"(3, 3)",,Undergraduate,
AFPRL 39041,Politics of Color,"(3, 3)",,Undergraduate,
POLSC 31774,Politics of Criminalization,"(3, 3)",,Undergraduate,
POLSC 27236,Politics of Culture,"(3, 3)",,Undergraduate,
POLSC 20469,Politics of Culture,"(3, 3)",,Undergraduate,
POLSC 27211,Politics of Development,"(3, 3)",,Undergraduate,
POLSC 31775,Politics of Education,"(3, 3)",,Undergraduate,
WGSS 29023,Politics of Fatness,"(3, 3)",,Undergraduate,
POLSC 38600,Politics of Finance,"(4, 4)",,Undergraduate,
POLSC 37308,Politics of Finance,"(3, 3)",,Undergraduate,
NURS 48300,Politics of Health,"(3, 3)",,Undergraduate,
NURS 49959,Politics of Health,"(3, 3)",,Undergraduate,
POLSC 21792,Politics of Higher Education,"(3, 3)",,Undergraduate,
POLSC 27213,Politics of India,"(3, 3)",,Undergraduate,
POLSC 21717,"Politics of Inequality: Class, Race and Gender","(3, 3)",,Undergraduate,
POLSC 27291,Politics of Japan,"(3, 3)",,Undergraduate,
WGS 20003,Politics of LGBT Rights,"(3, 3)",,Undergraduate,
POLSC 21713,Politics of LGBT Rights,"(3, 3)",,Undergraduate,
ANTHC 32167,Politics of Love,"(3, 3)",,Undergraduate,
POLSC 21722,Politics of Marriage,"(3, 3)",,Undergraduate,
WGSP 29020,Politics of Marriage,"(3, 3)",,Undergraduate,
WGS 20078,Politics of Masculinity,"(3, 3)",,Undergraduate,
ANTHC 32900,Politics of Memory,"(3, 3)",,Undergraduate,
ANTHC 32016,Politics of Migration,"(3, 3)",,Undergraduate,
POLSC 21783,Politics of N.Y.C.,"(3, 3)",,Undergraduate,
POLSC 31781,Politics of NYC in a Time of Crisis,"(3, 3)",,Undergraduate,
POLSC 30407,Politics of Privacy,"(3, 3)",,Undergraduate,
POLSC 32300,Politics of Public Budgeting,"(4, 4)",,Undergraduate,
POLSC 31724,Politics of Race,"(3, 3)",,Undergraduate,
WGS 30082,Politics of Reproduction,"(3, 3)",,Undergraduate,
ANTHC 32165,Politics of Reproduction,"(3, 3)",,Undergraduate,
POLSC 21789,Politics of Social Movements,"(3, 3)",,Undergraduate,
POLSC 21750,Politics of the 1960's,"(3, 3)",,Undergraduate,
POLSC 27250,Politics of the Arts,"(3, 3)",,Undergraduate,
POLSC 27500,Politics of the Global Economy,"(3, 3)",,Undergraduate,
POLSC 32000,"Politics, Identity, and Representation","(4, 4)",,Undergraduate,
POLSC 30411,"Politics, Lit & Arts","(3, 3)",,Undergraduate,
ENGL 38662,"Politics, Literature & Arts","(3, 3)",,Undergraduate,
POLSC 48253,Politics: Gay and Lesbian Rights,"(3, 3)",,Undergraduate,
ANTHC 32153,Politics:Race & Racism,"(3, 3)",,Undergraduate,
SOC 32520,Poltical Islam & Women,"(3, 3)",,Undergraduate,
POLSC 37206,Poltics of Devlopment,"(3, 3)",,Undergraduate,
POLSC 21785,Poltics-Revolution US,"(3, 3)",,Undergraduate,
CLA 30610,Pop Mor in an Greece,"(3, 3)",,Undergraduate,
MUSTH 46151,Pop Song Writing,"(3, 3)",,Undergraduate,
ANTHC 30250,Popular Culture,"(3, 3)",,Undergraduate,
ANTHC 35000,Popular Culture: Anthropological Perspectives,"(3, 3)",,Undergraduate,
THEA 29752,Popular Entertainmnt,"(3, 3)",,Undergraduate,
MEDIA 38300,Popular Music and the Music Industry,"(3, 3)",,Undergraduate,
MUSHL 26193,Popular Music and the Music Industry,"(3, 3)",,Undergraduate,
MUSPF 36103,Popular Music Combo,"(1, 1)",,Undergraduate,
MUSHL 26127,Popular Music of South American and the Caribbean,"(3, 3)",,Undergraduate,
ANTHC 32082,Population & Society,"(3, 3)",,Undergraduate,
SOC 31100,Population Dynamics,"(3, 3)",,Undergraduate,
GEOG 24100,Population Geography,"(3, 3)",,Undergraduate,
SOC 32542,Populatn & Develop,"(3, 3)",,Undergraduate,
HONS 2012A,"Porcelain: Collecting, Display, and Global Circulation","(3, 3)",,Undergraduate,
PORT 34100,Portuguese and Brazilian Literature,"(3, 3)",,Undergraduate,
PORT 27000,Portuguese Grammar and Composition,"(3, 3)",,Undergraduate,
ENGL 49446,Post Colonial African Narratives,"(3, 3)",,Undergraduate,
POLSC 20477,Post Colonial Feminist Thought,"(3, 3)",,Undergraduate,
WGST 29003,Post Colonial Feminist Thought,"(3, 3)",,Undergraduate,
SPAN 37107,Post Colonial Literature of the Hispanophone Island,"(3, 3)",,Undergraduate,
POLSC 37310,Post Communist Trans,"(3, 3)",,Undergraduate,
POLSC 37243,Post Conflict Peace Building and State Building,"(3, 3)",,Undergraduate,
ENGL 49474,Post Modern Afro American Literature,"(3, 3)",,Undergraduate,
ENGL 32157,Post Soul,"(3, 3)",,Undergraduate,
ENGL 39064,Post Stonewall,"(3, 3)",,Undergraduate,
WGS 30090,Post Stonewall,"(3, 3)",,Undergraduate,
ENGL 39254,Post WW2 American Poetry,"(3, 3)",,Undergraduate,
SPAN 35800,Post-Civil War Spanish Literature,"(3, 3)",,Undergraduate,
ENGL 32500,Post-Colonial Literature in English,"(3, 3)",,Undergraduate,
COMPL 38166,Post-Colonial Literature in English,"(3, 3)",,Undergraduate,
ANTHC 32161,Post-Colonial Theory,"(3, 3)",,Undergraduate,
GERMN 32400,Post-Feminist German Literature and Film,"(3, 3)",,Undergraduate,
ARTH 39968,Post-Impressionism,"(3, 3)",,Undergraduate,
ARTH 22300,Post-Impressionism and Symbolism,"(3, 3)",,Undergraduate,
GERMN 37952,Postcol & Germn Thgt,"(3, 3)",,Undergraduate,
ENGL 32970,Postcol Irish Literature,"(3, 3)",,Undergraduate,
DAN 43157,Postural Retraining,"(2, 2)",,Undergraduate,
LACS 4341B,Postwar and Contemporary Art in Latin America,"(3, 3)",,Undergraduate,
ARTH 25700,Postwar and Contemporary Art in Latin America,"(3, 3)",,Undergraduate,
POLSC 37298,"Pov,Rce,Ethn,Rel&Dem","(3, 3)",,Undergraduate,
URBS 4031C,Poverty and Inequality,"(3, 3)",,Undergraduate,
SOC 42520,Poverty and Inequality,"(3, 3)",,Undergraduate,
POLSC 21719,Poverty and Policy in the U.S.,"(3, 3)",,Undergraduate,
SOC 3252D,Poverty in Society,"(3, 3)",,Undergraduate,
AFPRL 38400,Poverty in Society,"(3, 3)",,Undergraduate,
HONS 30148,Poverty in the US:Sociological & Psychological Dimensions,"(3, 3)",,Undergraduate,
POLSC 30466,Power,"(3, 3)",,Undergraduate,
POLSC 31727,Power and Democracy in the U.S.,"(3, 3)",,Undergraduate,
POLSC 37399,Power Politics,"(3, 3)",,Undergraduate,
PHILO 20008,Power Structure and Injustice,"(3, 3)",,Undergraduate,
WGST 29008,Power Structure and Injustice,"(3, 3)",,Undergraduate,
AFPRL 35200,Power Structure in Puerto Rico,"(3, 3)",,Undergraduate,
POLSC 37350,"Power, Capitalism, and Difference: Critical International Relations","(3, 3)",,Undergraduate,
URBS 40303,Ppl & Neighborhood NYC,"(3, 3)",,Undergraduate,
AFPRL 29058,PR & International Community,"(3, 3)",,Undergraduate,
WGS 30057,PR & Other Hisp Women,"(3, 3)",,Undergraduate,
AFPRL 39054,PR & Other Hispanic Women,"(3, 3)",,Undergraduate,
LACS 43425,PR History Since 1898,"(3, 3)",,Undergraduate,
POLSC 37362,PR Politics in NY,"(3, 3)",,Undergraduate,
ANTHC 32552,Prac Museum Work,"(3, 3)",,Undergraduate,
SOC 32546,Prac:Actn Agnst Hngr,"(3, 3)",,Undergraduate,
ASTRO 101LC,Pract Astro Lec,"(4, 4)",,Undergraduate,
ANTHC 40165,Pract in Museum Work,"(3, 3)",,Undergraduate,
ANTHC 40158,Pract in Museum Work,"(3, 3)",,Undergraduate,
QSTB 40700,Pract of Teaching,"(2, 2)",,Undergraduate,
EDFDN 36400,Pract:Working with Adults,"(3, 3)",,Undergraduate,
RUSS 31700,Practical Aspects of Translation,"(3, 3)",,Undergraduate,
POLSC 21753,Practical Politics,"(3, 3)",,Undergraduate,
POL 25013,Practical Translation in Polish,"(3, 3)",,Undergraduate,
CSCI 13200,Practical Unix and Programming with Lab,"(3, 3)",,Undergraduate,
CSCI 39548,Practical Web Development,"(3, 3)",,Undergraduate,
NFS 44351,Practicum in Nutrition and Food Science,"(3, 3)",,Undergraduate,
PHILO 32600,Pragmatism,"(3, 3)",,Undergraduate,
ENGL 49401,Pragmatism & Amer Literature: Ralph Waldo Emerson to Ralph Waldo Ellison,"(3, 3)",,Undergraduate,
ENGL 39991,Pragmatism & American Lit,"(3, 3)",,Undergraduate,
ACSK 3,Pre Anat Physiol 1,"(None, None)",,Undergraduate,
MATH 13200,Pre Professional Science: Core 3,"(2, 2)",,Undergraduate,
MATH 10N03,Pre-Discrete Mathematics Workshop,"(1, 1)",,Undergraduate,
POLSC 31770,Pre-Law Colloquium,"(3, 3)",,Undergraduate,
ENGL 39700,Pre-Twentieth Century American Poetry,"(3, 3)",,Undergraduate,
MATH 12300,Precalculus,"(4, 4)",,Undergraduate,
MATH 12500,Precalculus,"(4, 4)",,Undergraduate,
MATH 12600,Precalculus Technology Laboratory,"(1, 1)",,Undergraduate,
MATH 12550,Precalculus with Workshop,"(4, 4)",,Undergraduate,
ENGL 25182,Preconceptions & Stereotype,"(3, 3)",,Undergraduate,
ANTHC 32700,Prehistoric Cultural Ecology,"(3, 3)",,Undergraduate,
ANTHC 23000,Prehistory of North American Indians,"(3, 3)",,Undergraduate,
HIST 34185,Premod Japn-1800,"(3, 3)",,Undergraduate,
PHYS 13000,Preprofessional Science Lab 1,"(2, 2)",,Undergraduate,
PHYS 13100,Preprofessional Science Lab 2,"(2, 2)",,Undergraduate,
PHYS 13300,Preprofessional Science Lab 4,"(2, 2)",,Undergraduate,
PHYS 13200,Preprofessional Science Lab III,"(2, 2)",,Undergraduate,
CHEM 13000,Preprofessional Science: Core 1,"(2, 2)",,Undergraduate,
MATH 13000,Preprofessional Science: Core 1,"(2, 2)",,Undergraduate,
MATH 13100,Preprofessional Science: Core 2,"(2, 2)",,Undergraduate,
CHEM 13100,Preprofessional Science: Core 2,"(2, 2)",,Undergraduate,
CHEM 13200,Preprofessional Science: Core 3,"(2, 2)",,Undergraduate,
MATH 13300,Preprofessional Science: Core 4,"(1, 1)",,Undergraduate,
CHEM 13300,Preprofessional Science: Core 4,"(2, 2)",,Undergraduate,
POLSC 21798,Pres Convention 2000,"(3, 3)",,Undergraduate,
POLSC 31778,Pres Power War Peace,"(3, 3)",,Undergraduate,
POLSC 21705,Pres. Election 2000,"(3, 3)",,Undergraduate,
RUSS 24664,Present Day Russ Lit,"(3, 3)",,Undergraduate,
RUSS 25663,Present Day Russian Literature,"(3, 3)",,Undergraduate,
URBS 40369,Preservation Planning Workshop - Study Abroad Spain,"(3, 3)",,Undergraduate,
URBS 4031T,Preserving New York City Neighborhoods,"(3, 3)",,Undergraduate,
POLSC 21720,Presidency in Crisis,"(3, 3)",,Undergraduate,
POLSC 21703,President Campaigns,"(3, 3)",,Undergraduate,
POLSC 21780,Presidentional Elections,"(3, 3)",,Undergraduate,
RUSS 24659,Presnt Day Russ Lit,"(3, 3)",,Undergraduate,
PHILO 20075,Presocratics,"(3, 3)",,Undergraduate,
MEDIA 28600,Press & The Public,"(3, 3)",,Undergraduate,
THEA 39773,"Prfrm Art Kerala,Ind","(3, 3)",,Undergraduate,
ANTHP 31200,Prim Evol Genet&Behv,"(3, 3)",,Undergraduate,
ANTHP 40179,Primate Conservation,"(3, 3)",,Undergraduate,
ANTHP 40171,Primate Ecology & Behavior,"(3, 3)",,Undergraduate,
ANTHP 31000,Primate Ecology and Behavior,"(3, 3)",,Undergraduate,
ANTHP 40180,Primate Ecosystems,"(3, 3)",,Undergraduate,
ANTHP 31100,Primate Evolution,"(3, 3)",,Undergraduate,
ANTHP 31800,Primate Nutritional Ecology,"(3, 3)",,Undergraduate,
ANTHP 40152,Primate Paleontology,"(3, 3)",,Undergraduate,
ANTHP 40176,Primate Reproduction Ecology,"(3, 3)",,Undergraduate,
ANTHC 32557,Primitivism: Lit & Eth,"(3, 3)",,Undergraduate,
ECO 10100,Prin Eco 1-Macroeconomics,"(3, 3)",,Undergraduate,
ECO 10200,Prin Eco 2-Microeco,"(3, 3)",,Undergraduate,
ECO 20200,Principles Eco 2-Microeconomic,"(3, 3)",,Undergraduate,
ECO 27200,Principles of Accounting 2,"(3, 3)",,Undergraduate,
ECO 27100,Principles of Accounting 1,"(3, 3)",,Undergraduate,
BIOL 10000,Principles of Biology 1,"(5, 5)",,Undergraduate,
BIOL 10200,Principles of Biology 2,"(5, 5)",,Undergraduate,
STAT 29556,Principles of Data Science,"(3, 3)",,Undergraduate,
PH 33000,Principles of Epidemiology,"(3, 3)",,Undergraduate,
GEOL 23100,Principles of Geomorphology,"(3, 3)",,Undergraduate,
COUNS 41100,Principles of Interviewing,"(3, 3)",,Undergraduate,
ECO 20100,Principles of Macroeconomics,"(3, 3)",,Undergraduate,
ECO 200HE,Principles of Microeconomics,"(3, 3)",,Undergraduate,
ECO 20000,Principles of Microeconomics,"(3, 3)",,Undergraduate,
ARTCR 27100,Principles of Photography,"(3, 3)",,Undergraduate,
ARTCR 22500,Printmaking,"(3, 3)",,Undergraduate,
ARTCR 36077,Printmaking & Comp,"(3, 3)",,Undergraduate,
ARTCR 36082,Printmaking through Performance,"(3, 3)",,Undergraduate,
WGSP 29007,Prison Human Rights & Gender,"(3, 3)",,Undergraduate,
WGSC 20070,Prison Human Rights & Gender,"(3, 3)",,Undergraduate,
WGS 20070,Prison Human Rights & Gender,"(3, 3)",,Undergraduate,
WGSC 29002,Prison Writing Memoirs,"(3, 3)",,Undergraduate,
POLSC 31766,"Privacy,Publcty,Law","(3, 3)",,Undergraduate,
MUSTH 38500,Private Lessons in Composition,"(3, 3)",,Undergraduate,
HIST 38362,Prob Environmt Hist,"(3, 3)",,Undergraduate,
HIST 48362,Prob Envrn Hist-Hnrs,"(3, 3)",,Undergraduate,
HIST 25071,Prob US Urban Hist,"(3, 3)",,Undergraduate,
HIST 38454,Prob-Hist Ottoman Em,"(3, 3)",,Undergraduate,
HIST 38364,Prob/Prot US Urb,"(3, 3)",,Undergraduate,
STAT 31100,Probability Theory,"(3, 3)",,Undergraduate,
ENGL 25165,Probing:Female Psyche,"(3, 3)",,Undergraduate,
HIST 48454,Problems and History of the Ottoman Empire -Hons,"(3, 3)",,Undergraduate,
HIST 48355,Problems in American Education ( Honors),"(3, 3)",,Undergraduate,
HIST 38354,Problems in American Education,"(3, 3)",,Undergraduate,
ANTHC 32000,Problems in Anthropology,"(3, 3)",,Undergraduate,
SPAN 37300,Problems in Criticism,"(3, 3)",,Undergraduate,
HIST 14165,Problems in Environmental History,"(3, 3)",,Undergraduate,
HIST 38400,Problems in European History,"(3, 3)",,Undergraduate,
HIST 48400,Problems in History (Honors),"(3, 3)",,Undergraduate,
HIST 38500,Problems in Non-Western History,"(3, 3)",,Undergraduate,
HIST 48500,Problems in Non-Western History (Honors),"(3, 3)",,Undergraduate,
HIST 38300,Problems in U.S. History,"(3, 3)",,Undergraduate,
HIST 48300,Problems in U.S. History (Honors),"(3, 3)",,Undergraduate,
PHILO 25000,Problems of Ethics and Society,"(3, 3)",,Undergraduate,
PHILO 25200,Problems of Law and Morality,"(3, 3)",,Undergraduate,
NURS 39950,Probs:Professional Nursing,"(3, 3)",,Undergraduate,
BIOL 47064,Procaryotic Genetics,"(2, 2)",,Undergraduate,
ANTHC 40162,Prod Exchange & Soc,"(3, 3)",,Undergraduate,
MEDP 39912,Producing for TV,"(3, 3)",,Undergraduate,
FILMP 34100,Producing the Film,"(3, 3)",,Undergraduate,
DAN 42400,Production,"(2, 2)",,Undergraduate,
DAN 12400,Production Crew,"(1, 1)",,Undergraduate,
DAN P0301,Production Crew 1,"(None, None)",,Undergraduate,
DAN P0302,Production Crew 2,"(None, None)",,Undergraduate,
THEA P0102,Production Crew 2,"(None, None)",,Undergraduate,
THEA P0101,Production Crew I,"(None, None)",,Undergraduate,
THEA 38600,"Production Design II for Theatre, Film, and Television","(3, 3)",,Undergraduate,
THEA 38500,"Production Design in for Theatre, Film, and Television","(3, 3)",,Undergraduate,
THEA 29794,Production Seminar : Brecht Project,"(3, 3)",,Undergraduate,
THEA 29786,Prof Prodc Process,"(3, 3)",,Undergraduate,
ARTCR 45900,Professional Experience in Art 1,"(7, 7)",,Undergraduate,
ARTCR 46000,Professional Experience in Art 2,"(7, 7)",,Undergraduate,
MLSP 41000,Professional Practice,"(3, 3)",,Undergraduate,
SOC 42526,Professional Presentation Skills,"(3, 3)",,Undergraduate,
CSCI 23300,Program Project Sem Minor,"(1, 1)",,Undergraduate,
CSCI 13300,Programing for Everyone,"(3, 3)",,Undergraduate,
BIOL 47105,Programming in Python for Bioinformatics,"(3, 3)",,Undergraduate,
CSCI 22700,Programming Methods,"(3, 3)",,Undergraduate,
CSCI 49385,Programming Techniques in Scala,"(3, 3)",,Undergraduate,
CSCI 39451,Programmng in Python,"(2, 2)",,Undergraduate,
ARTCR 36003,Project in Clay & Casting,"(3, 3)",,Undergraduate,
ARTCR 36006,Projects in 2-D,"(3, 3)",,Undergraduate,
ARTCR 36002,Projects in 3-D,"(3, 3)",,Undergraduate,
CSCI 39547,Projects in Computer Science,"(3, 3)",,Undergraduate,
NURS 48000,Promotion of Wellness in the Community,"(4, 4)",,Undergraduate,
MEDIA 38100,Propaganda and the Mass Media,"(3, 3)",,Undergraduate,
ENGL 25163,Prose & Poetry: Great Depression,"(3, 3)",,Undergraduate,
ITAL 37001,Prose Works of Dante,"(3, 3)",,Undergraduate,
POLSC 29203,Protecting the Arts: Issues in Law and Policy,"(1, 1)",,Undergraduate,
BIOL 47089,Protein Bioinformati,"(2, 2)",,Undergraduate,
POLSC 37218,Protest & Dissent,"(3, 3)",,Undergraduate,
POLSC 36500,Protest and Dissent,"(4, 4)",,Undergraduate,
POLSC 22800,Protest Movements in American Politics,"(3, 3)",,Undergraduate,
ENGL 39045,Proust Kafka Joyce,"(3, 3)",,Undergraduate,
ENGL 49407,Proust Kafka Joyce,"(3, 3)",,Undergraduate,
AFPRL 29002,Prsns Racsm & Mins,"(3, 3)",,Undergraduate,
LACS 43479,Prtct Intnl Hum Rght,"(3, 3)",,Undergraduate,
EDFDN 21100,Psy Fdtns1:Elementry Educ,"(3, 3)",,Undergraduate,
EDFDN 31200,Psy Fdtns2:Elem Educ,"(3, 3)",,Undergraduate,
EDFDN 36200,Psy Foundations 2: Ed Psych,"(3, 3)",,Undergraduate,
WGSS 17000,Psy of Hum Sexuality,"(3, 3)",,Undergraduate,
QSTB 41380,Psy of Teach and Lrn,"(2, 2)",,Undergraduate,
PSYCH 39080,"Psy Std:Les,Gay & Bisx","(3, 3)",,Undergraduate,
PSYCH 29554,Psy Wom Work & Careers,"(3, 3)",,Undergraduate,
NURS 39953,Psy-Soc-Cul Patt:Fam,"(3, 3)",,Undergraduate,
POLSC 27378,Psych App Int'l Pol,"(3, 3)",,Undergraduate,
PSYCH 39076,Psych East/West Pers,"(3, 3)",,Undergraduate,
EDFDN 20100,Psych Fdtns & Educ Organ,"(3, 3)",,Undergraduate,
PSYCH 39047,Psych Intimate Rel,"(3, 3)",,Undergraduate,
PSYCH 39557,Psych of Adult Dev,"(3, 3)",,Undergraduate,
PSYCH 39562,Psych of Primate Beh,"(3, 3)",,Undergraduate,
PSYCH 39563,Psych of Sex Diffren,"(3, 3)",,Undergraduate,
PSYCH 39566,Psych of Stress,"(3, 3)",,Undergraduate,
PSYCH 39062,Psych of the Blk Exp,"(3, 3)",,Undergraduate,
PSYCH 49555,Psych: Relig Experce,"(3, 3)",,Undergraduate,
THEA 27454,Psychan/Women &Drama,"(3, 3)",,Undergraduate,
HUM 25060,Psychiatry Diagnosis,"(3, 3)",,Undergraduate,
ENGL 38650,Psychoanaly Persp Lt,"(3, 3)",,Undergraduate,
SPAN 37114,Psychoanalysis & Narra,"(3, 3)",,Undergraduate,
POLSC 30420,Psychoanalysis & Polth,"(3, 3)",,Undergraduate,
PSYCH 22100,Psychoanalytic Theories,"(3, 3)",,Undergraduate,
PSYCH 14000,Psychological Adjustment,"(3, 3)",,Undergraduate,
ANTHC 30500,Psychological Anthropology,"(3, 3)",,Undergraduate,
PSYCH 36200,Psychological Determinants of Health Disparities,"(3, 3)",,Undergraduate,
EDFDN 26100,Psychological Foundations 1:Growth and Development,"(3, 3)",,Undergraduate,
PSYCH 36100,Psychological Tests,"(3, 3)",,Undergraduate,
PSYCH 39083,Psychological Theory,"(3, 3)",,Undergraduate,
PSYCH 49552,Psychology and Art,"(3, 3)",,Undergraduate,
PSYCH 29553,Psychology and the Law,"(3, 3)",,Undergraduate,
PSYCH 39564,Psychology of Adolescence,"(3, 3)",,Undergraduate,
EDFDN 36300,Psychology of Aging,"(3, 3)",,Undergraduate,
PSYCH 19558,Psychology of Gender,"(3, 3)",,Undergraduate,
PSYCH 17000,Psychology of Human Sexuality,"(3, 3)",,Undergraduate,
PSYCH 32200,Psychology of Language,"(3, 3)",,Undergraduate,
QSTB 41300,Psychology of Teaching and Learning,"(2, 2)",,Undergraduate,
AFPRL 39060,Psychology of the Black Experience,"(3, 3)",,Undergraduate,
PSYCH 39553,Psychology of Women,"(3, 3)",,Undergraduate,
PSYCH 39088,Psychology of Women's Health,"(3, 3)",,Undergraduate,
REL 30550,Psychology&Religion,"(3, 3)",,Undergraduate,
PSYCH 39059,Psychology: War and Peace,"(3, 3)",,Undergraduate,
POLSC 27304,Psychology:War & Peace,"(3, 3)",,Undergraduate,
PSYCH 39045,Psysoc Hlth Lat Womn,"(3, 3)",,Undergraduate,
PSYCH 39092,"Psythpy, Sprt & Estn Th","(3, 3)",,Undergraduate,
ECO 27300,Public Accounting Internship,"(3, 3)",,Undergraduate,
POLSC 34800,Public Administration and Public Policy,"(3, 3)",,Undergraduate,
ECO 31500,Public Finance,"(3, 3)",,Undergraduate,
ECO 49560,Public Finance Seminar,"(3, 3)",,Undergraduate,
HED 20000,Public Health 1,"(3, 3)",,Undergraduate,
PH 32800,Public Health Biology,"(3, 3)",,Undergraduate,
PH 40009,Public Health Informatics,"(3, 3)",,Undergraduate,
HED 30053,Public Health Issues,"(3, 3)",,Undergraduate,
NURS 45500,Public Health Nursing,"(4, 4)",,Undergraduate,
POLSC 21500,Public Opinion and Political Participation,"(3, 3)",,Undergraduate,
POLSC 31713,Public Pol Analysis,"(3, 3)",,Undergraduate,
POLSC 21701,Public Policy,"(3, 3)",,Undergraduate,
SOC 42554,Public Policy Analysis,"(3, 3)",,Undergraduate,
SOC 42542,Public Policy Analysis,"(3, 3)",,Undergraduate,
URBS 4031H,Public Policy Analysis and Methods,"(3, 3)",,Undergraduate,
URBS 4031B,Public Policy in New York City,"(3, 3)",,Undergraduate,
SOC 42521,Public Policy in New York City,"(3, 3)",,Undergraduate,
MEDIA 21400,Public Relations: Theory and Practice,"(3, 3)",,Undergraduate,
URBS 49806,Public Service Scholar Program Internship,"(3, 6)",,Undergraduate,
POLSC 30478,Public Spaces,"(3, 3)",,Undergraduate,
WGS 12100,Public Speaking in Gender Studies,"(3, 3)",,Undergraduate,
URBS 4032G,Public Transit Planning,"(3, 3)",,Undergraduate,
AFPRL 38700,Puerto Rican and Latino Politics in the United States,"(3, 3)",,Undergraduate,
LACS 43469,Puerto Rican and United States Politics,"(3, 3)",,Undergraduate,
AFPRL 29054,Puerto Rican Art,"(3, 3)",,Undergraduate,
AFPRL 24300,Puerto Rican Culture,"(3, 3)",,Undergraduate,
LACS 43414,Puerto Rican Culture,"(3, 3)",,Undergraduate,
AFPRL 14100,Puerto Rican Folklore,"(3, 3)",,Undergraduate,
AFPRL 24200,Puerto Rican History Since 1898,"(3, 3)",,Undergraduate,
AFPRL 24100,Puerto Rican History to 1897,"(3, 3)",,Undergraduate,
LACS 43428,Puerto Rican History to 1897,"(3, 3)",,Undergraduate,
LACS 43426,Puerto Rican Lit. 2,"(3, 3)",,Undergraduate,
AFPRL 24500,Puerto Rican Literature 1,"(3, 3)",,Undergraduate,
AFPRL 24600,Puerto Rican Literature 2,"(3, 3)",,Undergraduate,
AFPRL 29052,Puerto Rican Migration,"(3, 3)",,Undergraduate,
LACS 43454,Puerto Rican Music,"(3, 3)",,Undergraduate,
MUSHL 26105,Puerto Rican Music,"(3, 3)",,Undergraduate,
AFPRL 29057,Puerto Rican Music,"(3, 3)",,Undergraduate,
AFPRL 25500,Puerto Rican/Latino Children in North American Schools,"(3, 3)",,Undergraduate,
AFPRL 24700,Puerto Ricans in the U.S. as a Literary Theme,"(3, 3)",,Undergraduate,
AFPRL 24400,Puerto Ricans in the United States,"(3, 3)",,Undergraduate,
LACS 43448,Puerto Ricans in U.S,"(3, 3)",,Undergraduate,
ENGL 25190,Pulitzer Prize Winner,"(3, 3)",,Undergraduate,
URBS 40312,Punching Out and Beyond: Labor in New York,"(3, 3)",,Undergraduate,
SOC 22584,"Punishment, Rehabilitation, Reentry and Legal Professions","(3, 3)",,Undergraduate,
MUSHL 26130,Punk Rock and Rebellion,"(3, 3)",,Undergraduate,
THEA 39767,Puppets and Performing Objects,"(3, 3)",,Undergraduate,
RUSS 24640,Pushkin Poetry Prose,"(3, 3)",,Undergraduate,
RUSS 24651,Pushkin Ptry Prose,"(3, 3)",,Undergraduate,
RUSS 25756,Pushkin Stories Eng,"(1, 1)",,Undergraduate,
POLSC 217.9,"Pwr,Poverty & The Law","(3, 3)",,Undergraduate,
WGS 30075,Qr Voltlty:Lt & Flm,"(3, 3)",,Undergraduate,
ENGL 39097,Qr Voltlty:Lt&Flm,"(3, 3)",,Undergraduate,
ANTHC 40104,Qualitative Methods in Linguistics,"(3, 3)",,Undergraduate,
PH 40016,Qualitative Research Methods,"(3, 3)",,Undergraduate,
SOC 35000,Qualitative Research Methods,"(3, 3)",,Undergraduate,
URBS 31100,Quant Approach Analysis,"(3, 3)",,Undergraduate,
CHEM 24900,Quantitative Analysis,"(3, 3)",,Undergraduate,
ANTHC 40102,Quantitative Data Linguistic Analysis,"(3, 3)",,Undergraduate,
SOC 42568,Quantitative Digital Research Methods,"(3, 3)",,Undergraduate,
ANTHC 40103,Quantitative Linguistics,"(3, 3)",,Undergraduate,
ANTHC 31600,Quantitative Methods in Anthropology,"(3, 3)",,Undergraduate,
GTECH 30100,Quantitative Methods in Geography,"(3, 3)",,Undergraduate,
PHYS 42500,Quantum Theory,"(3, 3)",,Undergraduate,
WGSS 29026,Queer and Trans NYC from World War 2 to AIDS,"(3, 3)",,Undergraduate,
WGSS 29019,"Queer and Trans Spaces: Politics, Identities, Movements","(3, 3)",,Undergraduate,
WGSS 29014,"Queer Crips: Gender, Disability and Embodiment","(3, 3)",,Undergraduate,
ENGL 25014,"Queer Crips: Gender, Disability and Embodiment","(3, 3)",,Undergraduate,
HIST 3412W,Queer Europe,"(3, 3)",,Undergraduate,
SOC 3251G,Queer Kids/Straight Schools,"(3, 3)",,Undergraduate,
WGSS 30003,Queer Kids/Straight Schools,"(3, 3)",,Undergraduate,
AFPRL 2901E,Queer Latin America in Film and Literature,"(3, 3)",,Undergraduate,
WGSS 29021,Queer Latin America in Film and Literature,"(3, 3)",,Undergraduate,
ENGL 32253,Queer Literature in the United States after 1945,"(3, 3)",,Undergraduate,
ENGL 49444,Queer Literature in US,"(3, 3)",,Undergraduate,
ENGL 25149,Queer Melancholia,"(3, 3)",,Undergraduate,
POLSC 33400,Queer Policy & Politics,"(4, 4)",,Undergraduate,
POLSC 31734,Queer Policy & Politics,"(3, 3)",,Undergraduate,
REL 36102,Queer Religiosities,"(3, 3)",,Undergraduate,
ENGL 34260,Queer Rhetorics,"(3, 3)",,Undergraduate,
WGS 38700,Queer Theory,"(3, 3)",,Undergraduate,
WGST 30009,Queer Theory,"(3, 3)",,Undergraduate,
WGSS 38700,Queer Theory,"(3, 3)",,Undergraduate,
WGS 30009,Queer Theory,"(3, 3)",,Undergraduate,
WGSS 29028,Queer Theory and Christianity,"(3, 3)",,Undergraduate,
WGSA 30050,Queer Voices,"(3, 3)",,Undergraduate,
ENGL 32250,Queer Voices,"(3, 3)",,Undergraduate,
WGSS 29035,Queering Straight,"(3, 3)",,Undergraduate,
URBS 40385,Ques Nat & Urbn Dev,"(3, 3)",,Undergraduate,
URBS 40314,Ques Nature & Urb Dev,"(3, 3)",,Undergraduate,
FREN 36012,Question De Culture,"(3, 3)",,Undergraduate,
ENGL 31860,Questions of Citizenship in Latina/o Literature,"(3, 3)",,Undergraduate,
ENGL 38676,Questions of Faith,"(3, 3)",,Undergraduate,
PHILO 39452,Questns of War & Peace,"(3, 3)",,Undergraduate,
HONS 30182,Quill and Brush in Golden Age Spain: Cervantes and Velazquez,"(3, 3)",,Undergraduate,
ARB 30003,Qur'anic Arabic,"(3, 3)",,Undergraduate,
ARB 20052,Quran in Translation,"(3, 3)",,Undergraduate,
JS 35009,"Rabbis, Radicals and Racketeers: Jewish New York","(3, 3)",,Undergraduate,
HIST 25015,"Rabbis, Radicals and Racketeers: Jewish New York","(3, 3)",,Undergraduate,
FREN 36151,Rabelais-Montaigne,"(3, 3)",,Undergraduate,
ENGL 25089,Race & Class:20th Cent Fiction,"(3, 3)",,Undergraduate,
POLSC 31705,Race & Ethnc Pol in NY,"(3, 3)",,Undergraduate,
ENGL 39989,Race & Ethnicity,"(3, 3)",,Undergraduate,
ASIAN 39004,Race & Ethnicity Pol NY,"(3, 3)",,Undergraduate,
POLSC 37220,Race & Human Rights in Comparative Perspective,"(3, 3)",,Undergraduate,
AFPRL 39034,Race & Human Rights in Comparative Perspective,"(3, 3)",,Undergraduate,
MEDIA 39923,Race & The Internet,"(3, 3)",,Undergraduate,
POLSC 21729,Race and Ethnic Politics : An Introduction,"(3, 3)",,Undergraduate,
SOC 21700,Race and Ethnicity,"(3, 3)",,Undergraduate,
POLSC 27314,Race and Human Rights,"(3, 3)",,Undergraduate,
AFPRL 29099,Race and Human Rights,"(3, 3)",,Undergraduate,
POLSC 20471,Race and Political Thought,"(3, 3)",,Undergraduate,
AFPRL 29097,Race and Public Policy,"(3, 3)",,Undergraduate,
HIST 49211,Race and Racism in United States History,"(3, 3)",,Undergraduate,
ENGL 39996,Race and Visual Culture,"(3, 3)",,Undergraduate,
HONS 3011N,"Race and Visual Culture: Cognition, Perception, and Affect.","(3, 3)",,Undergraduate,
WGS 40056,Race Class and Gendr,"(3, 3)",,Undergraduate,
POLSC 21704,Race Gender & Represnt,"(3, 3)",,Undergraduate,
POLSC 21711,Race in American Politics,"(3, 3)",,Undergraduate,
POLSC 21702,Race&Ethncty Urb Pol,"(3, 3)",,Undergraduate,
ENGL 38647,"Race, Class, Gender in 19th Century Transatlantic Literature","(3, 3)",,Undergraduate,
ANTHC 40141,"Race, Colonialism and Language","(3, 3)",,Undergraduate,
ANTHC 31300,"Race, Culture, Power","(3, 3)",,Undergraduate,
AFPRL 42801,"Race, Ethnicity and Communication Form","(3, 3)",,Undergraduate,
AFPRL 39028,"Race, Gender & Education: Anthropological Analysis of African Am & Latinx Youth in Urban Schools","(3, 3)",,Undergraduate,
ANTHC 30153,"Race, Gender & Education: Anthropological Analysis of African Am & Latinx Youth in Urban Schools","(3, 3)",,Undergraduate,
AFPRL 29087,"Race, Gender and Culture in Latinx Communities","(3, 3)",,Undergraduate,
WGSS 29011,"Race, Gender and Culture in Latinx Communities","(3, 3)",,Undergraduate,
DAN 25271,"Race, Gender and Sexuality in Contemporary Dance","(2, 2)",,Undergraduate,
ANTHC 32028,"Race, Gender, Colonialism and Climate Change","(3, 3)",,Undergraduate,
AFPRL 39086,"Race, Gender, Colonialism and Climate Change","(3, 3)",,Undergraduate,
WGS 20025,"Race, Migration, and Labor","(3, 3)",,Undergraduate,
POLSC 29408,"Race, Migration, and Labor","(3, 3)",,Undergraduate,
POLSC 31735,"Race, Policing, & Criminal Justice","(3, 3)",,Undergraduate,
HONS 2012J,"Race, Rebellions, Riots","(3, 3)",,Undergraduate,
WGSS 29006,"Race, Sex and Science","(3, 3)",,Undergraduate,
WGSP 29011,"Race, Sex and Science","(3, 3)",,Undergraduate,
WGS 30051,"Race,Gender & Amer Pol","(3, 3)",,Undergraduate,
SOC 32513,"Race,Gender&Amer Pol","(3, 3)",,Undergraduate,
ENGL 32168,Race/Writing/Technology,"(3, 3)",,Undergraduate,
ENGL 49435,Racial Mixing In Early Native and African American Literature,"(3, 3)",,Undergraduate,
AFPRL 39021,Racialized Identities in Latin America and the Spanish-Speaking Caribbean,"(3, 3)",,Undergraduate,
PHILO 20065,Racism & Philosophy,"(3, 3)",,Undergraduate,
POLSC 30463,Radical Political Thought,"(3, 3)",,Undergraduate,
MEDPL 28400,Radio Reporting and Podcasting,"(3, 3)",,Undergraduate,
THEA 39792,Radio Theatre in North America,"(3, 3)",,Undergraduate,
ENGL 32159,Ralph Ellison's Invisible Man and It's Readers,"(3, 3)",,Undergraduate,
ENGL 32162,Ralph Ellison's Invisible Man and It's Readers,"(3, 3)",,Undergraduate,
ENGL 38983,Ralph Waldo Emerson,"(3, 3)",,Undergraduate,
MUSHL 36170,Rap Music In HipHop Culture,"(3, 3)",,Undergraduate,
WGS 30042,Rape as a War Crime,"(3, 3)",,Undergraduate,
POLSC 37312,Rape as a War Crime,"(3, 3)",,Undergraduate,
CSCI 39565,Rapid Appl. Devel,"(3, 3)",,Undergraduate,
LACS 43482,Rc Reln-Carib&Lat Am,"(3, 3)",,Undergraduate,
QSTA 40110,Rdg Instr El Schl,"(3, 3)",,Undergraduate,
EDUC 49500,Rdg/Wrtg Workshop,"(3, 3)",,Undergraduate,
SPAN 276HS,Rdgs Mod Sp-Amer Lit,"(3, 3)",,Undergraduate,
WGS 20082,Rdng Lit by Women,"(3, 3)",,Undergraduate,
LACS 43416,Rdng:Mod Span Am Lit,"(3, 3)",,Undergraduate,
JPN 26160,Re-Imaging Modern Japan: Technology Society and the Uncanny Valley,"(3, 3)",,Undergraduate,
POLSC 48064,Reactions to Racial,"(3, 3)",,Undergraduate,
HEBR 38300,Read Mod Heb Lit-Tra,"(3, 3)",,Undergraduate,
EDUC 32000,Reading & Lang Arts Elem School,"(3, 3)",,Undergraduate,
EDUC 40057,Reading & Writing Through Drama,"(3, 3)",,Undergraduate,
THEA 40156,Reading & Writing Through Drama,"(3, 3)",,Undergraduate,
SPAN 37093,Reading and Translating the Baroque,"(3, 3)",,Undergraduate,
SPAN 37104,Reading Borges,"(3, 3)",,Undergraduate,
ANTHC 27500,Reading Ethnographic,"(3, 3)",,Undergraduate,
ENGL 2,Reading II,"(3, 3)",,Undergraduate,
ENGL 2SL,Reading II,"(2, 2)",,Undergraduate,
CHIN 40156,Reading in Taoism,"(3, 3)",,Undergraduate,
ENGL 25158,Reading India,"(3, 3)",,Undergraduate,
EDUC 40060,Reading Mat & Young Adult,"(3, 3)",,Undergraduate,
ENGL 25192,Reading Poetry,"(3, 3)",,Undergraduate,
ENGL 39860,Reading Pop Culture,"(3, 3)",,Undergraduate,
RUSS 31400,Reading Russian 1,"(3, 3)",,Undergraduate,
RUSS 31500,Reading Russian II,"(3, 3)",,Undergraduate,
ENGL 38250,Readings in Chaucer,"(3, 3)",,Undergraduate,
GERMN 34400,Readings in Classical Period of German Literature,"(3, 3)",,Undergraduate,
HEBR 35770,Readings in Hebrew Bible,"(3, 3)",,Undergraduate,
HEBR 21200,Readings in Modern Hebrew Literature in Translation,"(3, 3)",,Undergraduate,
SPAN 275HS,Readings in Modern Literature,"(3, 3)",,Undergraduate,
SPAN 27500,Readings in Modern Spanish Literature,"(3, 3)",,Undergraduate,
SPAN 27600,Readings in Modern Spanish-American Literature,"(3, 3)",,Undergraduate,
PHILO 49206,Readings in Philosophy,"(6, 6)",,Undergraduate,
PHILO 49204,Readings in Philosophy,"(4, 4)",,Undergraduate,
PHILO 49203,Readings in Philosophy,"(3, 3)",,Undergraduate,
PHILO 49205,Readings in Philosophy,"(5, 5)",,Undergraduate,
PHILO 49202,Readings in Philosophy,"(2, 2)",,Undergraduate,
PHILO 49201,Readings in Philosophy,"(1, 1)",,Undergraduate,
CHIN 40152,Readings: Chinese Prose,"(3, 3)",,Undergraduate,
ENGL 38561,Realism & Discontnts,"(3, 3)",,Undergraduate,
FREN 36610,Realist Cinema,"(3, 3)",,Undergraduate,
FREN 36502,Realist Trd: French Cinema,"(3, 3)",,Undergraduate,
MUSTH 46158,Realizing Sound Syn,"(3, 3)",,Undergraduate,
HIST 34195,Realsm in Am. Thght,"(3, 3)",,Undergraduate,
PHILO 20077,Reas&Emo in Mor Thry,"(3, 3)",,Undergraduate,
PHILO 20095,Reason & Argument,"(3, 3)",,Undergraduate,
HIST 49219,Rebel in Ear US Hist,"(3, 3)",,Undergraduate,
HIST 38219,Rebel in Ear US Hist,"(3, 3)",,Undergraduate,
AFPRL 39010,Rebellion and Revolution in the Black Atlantic World,"(3, 3)",,Undergraduate,
AFPRL 31400,Rebellions and Revolutions in the Black Atlantic World,"(3, 3)",,Undergraduate,
RUSS 25953,Rec Sov Prose in Trn,"(1, 1)",,Undergraduate,
HIST 3411P,Recent American History: 1968 - 2008,"(3, 3)",,Undergraduate,
BIOL 47156,Recombinant DNA Tech,"(2, 2)",,Undergraduate,
BIOL 47166,Recombination DNA Technology,"(2, 2)",,Undergraduate,
AFPRL 39002,Redefining Latina Health,"(3, 3)",,Undergraduate,
WGS 30030,Redefining Latina Health,"(3, 3)",,Undergraduate,
PH 40099,Redefining Latina health,"(3, 3)",,Undergraduate,
HIST 38210,Reformation and Wars of Rel,"(3, 3)",,Undergraduate,
POLSC 48097,Reforming Leninism,"(3, 3)",,Undergraduate,
SOC 32531,Refrmg Child Welfare,"(3, 3)",,Undergraduate,
ANTHC 32030,Refugees and Asylum,"(3, 3)",,Undergraduate,
ANTHC 32031,Refugees and Displaced Population,"(3, 3)",,Undergraduate,
HIST 38228,Refugees and the Making of the Modern World,"(3, 3)",,Undergraduate,
LACS 43452,Reg Geog: S. America,"(3, 3)",,Undergraduate,
BIOL 47069,Reg: Develop Process,"(2, 2)",,Undergraduate,
BIOL 47974,Reg:Gene Exp.Prokary,"(2, 2)",,Undergraduate,
BIOL 47074,Reg:Gene Exp.Prokary,"(2, 2)",,Undergraduate,
POLSC 30455,Regimes of Tot. Powr,"(3, 3)",,Undergraduate,
ECO 33600,Regional Economics,"(3, 3)",,Undergraduate,
GEOG 27700,Regional Geography of East Asia,"(3, 3)",,Undergraduate,
GEOG 27200,Regional Geography of Europe,"(3, 3)",,Undergraduate,
GEOG 27000,"Regional Geography of Mexico, Central America and the Caribbean","(3, 3)",,Undergraduate,
GEOG 27800,Regional Geography of Russia and Central Asia,"(3, 3)",,Undergraduate,
GEOG 27100,Regional Geography of South America,"(3, 3)",,Undergraduate,
GEOG 27500,Regional Geography of Sub-Saharan Africa,"(3, 3)",,Undergraduate,
GEOG 27400,Regional Geography of The Middle East and North Africa,"(3, 3)",,Undergraduate,
URBS 40305,Rel & Public Policy,"(3, 3)",,Undergraduate,
REL 30856,Rel & The Arts,"(3, 3)",,Undergraduate,
ENGL 38251,Rel & Vlnce Mid Ages,"(3, 3)",,Undergraduate,
REL 25700,Rel Anc Cen & Sou Amer,"(3, 3)",,Undergraduate,
REL 26255,Rel Anc Cen&Sou Amer,"(3, 3)",,Undergraduate,
POLSC 31772,Rel and American Pol,"(3, 3)",,Undergraduate,
REL 26156,Rel and Human Rights,"(3, 3)",,Undergraduate,
AFPRL 29037,Rel Blfs & Pra Af Disa,"(3, 3)",,Undergraduate,
REL 26251,Rel China and Japan,"(3, 3)",,Undergraduate,
HUM 25056,Rel Human Rights & Violence,"(3, 3)",,Undergraduate,
REL 36156,Rel Ideas Anc Lit,"(3, 3)",,Undergraduate,
REL 30855,Rel Ideas Anc Lit,"(3, 3)",,Undergraduate,
MUSHL 36157,Rel Ideas West Mus,"(3, 3)",,Undergraduate,
REL 30853,Rel Ideas West Music,"(3, 3)",,Undergraduate,
REL 26254,Rel of Early Europe,"(3, 3)",,Undergraduate,
HUM 25057,"Rel,Fundamenta& Viol","(3, 3)",,Undergraduate,
REL 25800,Rel:Ancient Europe,"(3, 3)",,Undergraduate,
CSCI 23200,"Relational Databases and SQL Programming, with Lab","(3, 3)",,Undergraduate,
REL 26252,Relig of Two Gods,"(3, 3)",,Undergraduate,
POLSC 20458,Religion & Politics,"(3, 3)",,Undergraduate,
REL 26153,Religion & Sports,"(3, 3)",,Undergraduate,
REL 31400,Religion & Sports,"(3, 3)",,Undergraduate,
REL 26155,Religion and Astrology,"(3, 3)",,Undergraduate,
REL 26154,Religion and Dance,"(3, 3)",,Undergraduate,
REL 36101,Religion and Environmental Justice,"(3, 3)",,Undergraduate,
REL 31700,Religion and Film,"(3, 3)",,Undergraduate,
REL 36151,Religion and Film,"(3, 3)",,Undergraduate,
REL 21200,Religion and Healing,"(3, 3)",,Undergraduate,
HUM 25055,Religion and Human Rights,"(3, 3)",,Undergraduate,
REL 20900,Religion and Human Rights,"(3, 3)",,Undergraduate,
REL 36254,Religion and Men,"(3, 3)",,Undergraduate,
REL 36159,Religion and Music,"(3, 3)",,Undergraduate,
REL 36158,Religion and Poetry,"(3, 3)",,Undergraduate,
REL 31200,Religion and Politics,"(3, 3)",,Undergraduate,
LACS 43433,Religion and Politics in Latin America,"(3, 3)",,Undergraduate,
REL 27000,Religion and Psychology,"(3, 3)",,Undergraduate,
POLSC 31726,Religion and Public Policy,"(3, 3)",,Undergraduate,
REL 31800,Religion and Science,"(3, 3)",,Undergraduate,
REL 20800,Religion and Social Justice,"(3, 3)",,Undergraduate,
REL 30800,Religion and the Arts,"(3, 3)",,Undergraduate,
REL 31900,Religion and the Body,"(3, 3)",,Undergraduate,
HONS 30132,Religion and Violence in Medieval Europe,"(3, 3)",,Undergraduate,
POLSC 21715,Religion in American Politics,"(3, 3)",,Undergraduate,
LACS 43437,Religion in P.R.,"(3, 3)",,Undergraduate,
REL 30655,Religion in Politics,"(3, 3)",,Undergraduate,
RUSS 25658,Religion in Russian People,"(3, 3)",,Undergraduate,
REL 30652,"Religion Meaning Love, Sex","(3, 3)",,Undergraduate,
CLA 30300,Religion of Ancient Greece,"(3, 3)",,Undergraduate,
CLARC 32958,Religion of Rome,"(3, 3)",,Undergraduate,
REL 32554,Religion of Two Gods,"(3, 3)",,Undergraduate,
RUSS 24658,Religion Russ People,"(3, 3)",,Undergraduate,
REL 26152,Religion&Soc Justice,"(3, 3)",,Undergraduate,
SOC 3251M,"Religion, Citizenship, and the Secular","(3, 3)",,Undergraduate,
HIST 38227,"Religion, Witchcraft, and Dissent in Early America","(3, 3)",,Undergraduate,
REL 25500,Religions of Two Gods,"(3, 3)",,Undergraduate,
HR 30N16,Religious and Ethnic Conflict in Asia,"(3, 3)",,Undergraduate,
REL 26157,"Religious Belief and Physical Practice: Taming the Body, Training the Mind","(3, 3)",,Undergraduate,
REL 20400,Religious Experience,"(3, 3)",,Undergraduate,
REL 30854,Religious Ideas in Modern Art,"(3, 3)",,Undergraduate,
REL 30700,Religious Ideas in Modern Literature,"(3, 3)",,Undergraduate,
REL 32600,Religious Meanings in the Qur'an,"(3, 3)",,Undergraduate,
REL 20700,Religious Sources for Morality,"(3, 3)",,Undergraduate,
ANTHC 32009,Religious Words & Worlds,"(3, 3)",,Undergraduate,
ANTHC 32561,Religious Worlds NYC,"(3, 3)",,Undergraduate,
ARTH 34101,Rembrandt’s Etchings,"(3, 3)",,Undergraduate,
HIST 3412D,Remembering and Forgetting in Postwar Europe,"(3, 3)",,Undergraduate,
GTECH 32100,Remote Sensing,"(3, 3)",,Undergraduate,
ENGL 38356,Ren Engl Literature Re:Women,"(3, 3)",,Undergraduate,
WGS 30076,Ren Engl Wrt Wom,"(3, 3)",,Undergraduate,
ENGL 38351,Ren Topics: Myth,"(3, 3)",,Undergraduate,
ENGL 38350,Ren Topics: Pol,"(3, 3)",,Undergraduate,
ARTH 33101,Renaissance Art Titian,"(3, 3)",,Undergraduate,
HONS 30158,Renaissance Cities,"(3, 3)",,Undergraduate,
ENGL 35000,Renaissance Drama,"(3, 3)",,Undergraduate,
ENGL 38360,Renaissance Pastoral,"(3, 3)",,Undergraduate,
ITAL 36210,Renaissance Tragedy,"(3, 3)",,Undergraduate,
ENGL 49427,Renaissance Women,"(3, 3)",,Undergraduate,
WGSA 31961,Renaissance Women Literature,"(3, 3)",,Undergraduate,
ENGL 31961,Renaissance Women Literature,"(3, 3)",,Undergraduate,
ENGL 38359,Renaissance Women Writers,"(3, 3)",,Undergraduate,
MUSHL 36153,Renaissance-Baroque: Art and Music,"(3, 3)",,Undergraduate,
HONS 20139,Rep: Nwe Wmn US,"(3, 3)",,Undergraduate,
DAN 43200,Repertory 1,"(1, 1)",,Undergraduate,
DAN 43300,Repertory 2,"(1, 1)",,Undergraduate,
MEDPL 20100,Reporting and Writing 1,"(3, 3)",,Undergraduate,
MEDPL 20200,Reporting and Writing 2,"(3, 3)",,Undergraduate,
ENGL 39062,Repres:Adol Ex Lit,"(3, 3)",,Undergraduate,
MEDIA 22700,Representations of Race and Ethnicity in U.S. Media,"(3, 3)",,Undergraduate,
FILM 22700,Representations of Race and Ethnicity in U.S. Media,"(3, 3)",,Undergraduate,
ENGL 25047,Representations of the Disabled Body in Contemporary Literature,"(3, 3)",,Undergraduate,
HONS 20160,Representations of War,"(3, 3)",,Undergraduate,
PH 40054,Repro Health Policy,"(3, 3)",,Undergraduate,
WGSP 29006,Reproductive Justice,"(3, 3)",,Undergraduate,
POLSC 30479,Reproductive Rights in the U.S.,"(3, 3)",,Undergraduate,
WGSS 30002,Reproductive Rights in the U.S.,"(3, 3)",,Undergraduate,
HONS 30120,Reps Wounded Psyche,"(3, 3)",,Undergraduate,
SOC 42535,Res on NYC Food Syst,"(3, 3)",,Undergraduate,
MUSHL 26180,Research & Wrtg Re:Mus,"(3, 3)",,Undergraduate,
PH 40079,Research Action Workshop on Food Policy in East Harlem,"(3, 3)",,Undergraduate,
ENGL 48477,Research and Writing,"(3, 3)",,Undergraduate,
SOC 42518,Research Design,"(3, 3)",,Undergraduate,
ANTHC 31400,Research Design in Anthropology,"(3, 3)",,Undergraduate,
POLSC 20600,Research Design in Political Science,"(3, 3)",,Undergraduate,
CSCI 49389,Research in AI and ML,"(3, 3)",,Undergraduate,
PH 40005,Research Methods & Data Analysis,"(3, 3)",,Undergraduate,
SOC 42515,Research Methods 1,"(3, 3)",,Undergraduate,
URBS 31000,Research Methods and Policy Analysis,"(3, 3)",,Undergraduate,
SOC 42503,Research Methods II,"(3, 3)",,Undergraduate,
CLA 30100,Research Methods in Classical Studies,"(1, 1)",,Undergraduate,
PSYCH 31000,Research Methods in Developmental Psychology,"(3, 3)",,Undergraduate,
ARTH 30000,Research Methods of Art History,"(3, 3)",,Undergraduate,
SOC 34100,Research Practicum,"(3, 3)",,Undergraduate,
SOC 32534,Research Practicum,"(3, 3)",,Undergraduate,
URBS 4031Q,Research Practicum in Education Policy,"(3, 3)",,Undergraduate,
URBS 4031D,Research Practicum: Income Inequality and Poverty in the United States and New York City,"(3, 3)",,Undergraduate,
SOC 42514,Research Practicum: New Media,"(3, 3)",,Undergraduate,
AFPRL 39019,Research Strategies in Africana and Latinx Studies,"(3, 3)",,Undergraduate,
PH 41300,Research Symposium,"(3, 3)",,Undergraduate,
AFPRL 39000,Research Topics in Africana and Puerto Rican/Latino Studies,"(3, 3)",,Undergraduate,
HONS 30198,Research/Writing,"(3, 3)",,Undergraduate,
POLSC 27220,Resistance and Reform in South and Southeast Asia,"(3, 3)",,Undergraduate,
HR 32005,"Resource Extraction, Development, and Human Rights","(3, 3)",,Undergraduate,
SOC 42560,Rethinking Develpmnt,"(3, 3)",,Undergraduate,
HONS 2012P,Rethinking Visibility,"(3, 3)",,Undergraduate,
SOC 42562,Rethkng Devl Globl,"(3, 3)",,Undergraduate,
BIOL 47163,Retina and the Brain,"(2, 2)",,Undergraduate,
BIOL 47070,Retinal Neurophysiology,"(2, 2)",,Undergraduate,
AFPRL 29062,Rev & React Cent Amer,"(3, 3)",,Undergraduate,
LACS 43451,Rev & React-Lat Amer,"(3, 3)",,Undergraduate,
ENGL 38659,Rev & Reprss:Brit & Amer Lit,"(3, 3)",,Undergraduate,
BIOL 47153,Rev/Evol:Archaebact,"(2, 2)",,Undergraduate,
HONS 3011L,Revelation: East and West,"(3, 3)",,Undergraduate,
ENGL 32153,Revisions of Blackness,"(3, 3)",,Undergraduate,
ENGL 32151,Revisions of Blackness,"(3, 3)",,Undergraduate,
HIST 48550,Revol in Asia,"(3, 3)",,Undergraduate,
HIST 38550,Revol in Asia,"(3, 3)",,Undergraduate,
HIST 38212,Revolution in England 1603-1714,"(3, 3)",,Undergraduate,
COMPL 38076,Revolution Terror Art,"(3, 3)",,Undergraduate,
POLSC 27900,"Revolutionary Mass Movements: Communism, Fascism, Anarchism","(3, 3)",,Undergraduate,
HIST 3411M,Revolutionary New York City,"(3, 3)",,Undergraduate,
ENGL 32710,Revolutionary Thought of Frantz Fanon as a Framework to Read Caribbean Literature,"(3, 3)",,Undergraduate,
PHILO 31800,Revolutions in Modern Philosophy,"(3, 3)",,Undergraduate,
HIST 34155,Rfrm Mvts US 1815-65,"(3, 3)",,Undergraduate,
ENGL 34053,Rhetoric in Film,"(3, 3)",,Undergraduate,
ENGL 34259,Rhetoric of Disability and Illness,"(3, 3)",,Undergraduate,
ENGL 49430,Rhetoric of Literacy,"(3, 3)",,Undergraduate,
ENGL 34055,Rhetoric of Politics,"(3, 3)",,Undergraduate,
ENGL 34254,Rhetoric of Science,"(3, 3)",,Undergraduate,
ENGL 34258,Rhetoric of Science Fiction,"(3, 3)",,Undergraduate,
ENGL 34054,Rhetoric of Space and Place,"(3, 3)",,Undergraduate,
ENGL 34249,Rhetoric of Space and Place,"(3, 3)",,Undergraduate,
ENGL 25150,Rhetoric Pres Speech,"(3, 3)",,Undergraduate,
ENGL 34262,"Rhetoric, Sex, and Freedom","(3, 3)",,Undergraduate,
ENGL 34252,Rhetorical Criticism,"(3, 3)",,Undergraduate,
ENGL 34100,Rhetorical Criticism,"(3, 3)",,Undergraduate,
ENGL 34150,Rhetorical Principles of Expository Writing,"(3, 3)",,Undergraduate,
ENGL 34256,Rhetorics of American Masculinity,"(3, 3)",,Undergraduate,
ANTHC 32600,Rise of Old and New World Civilizations,"(3, 3)",,Undergraduate,
HR 22037,Rising China's Challenge to the Rules-based Order,"(3, 3)",,Undergraduate,
POLSC 38300,"Rising Powers, China, the U.S. and World Order","(4, 4)",,Undergraduate,
HONS 30127,Risk and Randomness,"(3, 3)",,Undergraduate,
BIOL 47075,RNA Interference,"(2, 2)",,Undergraduate,
MUSHL 22751,Robert Schumann,"(3, 3)",,Undergraduate,
MUSHL 26153,Rock Music,"(3, 3)",,Undergraduate,
ARTH 34104,Rococo,"(3, 3)",,Undergraduate,
HIST 36600,Role of Women in American History,"(3, 3)",,Undergraduate,
SPAN 39005,Roles in the Language Services Industry Freelance in House and Project Management,"(3, 3)",,Undergraduate,
MUSHL 26117,Rom Revl & The Piano,"(3, 3)",,Undergraduate,
CLARC 22200,"Roman Archaeology I: Etruscans, Monarchy, Republic","(3, 3)",,Undergraduate,
CLARC 22300,Roman Archeology II: The Archaeology of the Roman Empire,"(3, 3)",,Undergraduate,
ARTH 21600,Roman Art,"(3, 3)",,Undergraduate,
LAT 20200,Roman Biography,"(3, 3)",,Undergraduate,
CLA 20300,Roman Civilization,"(3, 3)",,Undergraduate,
LAT 30300,Roman Comedy,"(3, 3)",,Undergraduate,
CLA 24087,Roman Empire,"(3, 3)",,Undergraduate,
HIST 34111,Roman Empire,"(3, 3)",,Undergraduate,
LAT 30800,Roman Epic,"(3, 3)",,Undergraduate,
LAT 32011,Roman Friendship,"(3, 3)",,Undergraduate,
CLA 30757,Roman History,"(3, 3)",,Undergraduate,
CLA 24058,Roman History,"(3, 3)",,Undergraduate,
HIST 30300,Roman History,"(3, 3)",,Undergraduate,
LAT 30200,Roman Letters,"(3, 3)",,Undergraduate,
CLARC 32980,Roman Paint & Mosaics,"(3, 3)",,Undergraduate,
LAT 32001,Roman Religion in Latin Literature,"(3, 3)",,Undergraduate,
LAT 30400,Roman Satire,"(3, 3)",,Undergraduate,
CLA 30756,Roman Satire,"(3, 3)",,Undergraduate,
CLA 30756,Roman Satire,"(3, 3)",,Undergraduate,
CLA 24050,Roman World at Work,"(3, 3)",,Undergraduate,
ENGL 38788,Romantcism: Iso Indv,"(3, 3)",,Undergraduate,
MUSHL 26169,Romantic Concerto,"(3, 3)",,Undergraduate,
MUSHL 26269,Romantic Concerto,"(3, 3)",,Undergraduate,
ENGL 49448,Romantic Novel,"(3, 3)",,Undergraduate,
ENGL 37151,Romantic Novels,"(3, 3)",,Undergraduate,
ENGL 37200,Romantic Poetry,"(3, 3)",,Undergraduate,
ENGL 31980,Romantic Women Writers,"(3, 3)",,Undergraduate,
WGSA 31980,Romantic Women Writers,"(3, 3)",,Undergraduate,
ENGL 38559,Romantics:2nd Generation,"(3, 3)",,Undergraduate,
ARTCR 36059,Rome Program,"(3, 3)",,Undergraduate,
MUSPF 36108,Roots and Rhythms of Latin Jazz,"(1, 1)",,Undergraduate,
ENGL 25196,Roots of Contemp Amer Poetry,"(3, 3)",,Undergraduate,
HIST 49203,Rothschild Family,"(3, 3)",,Undergraduate,
URBS 40376,Rptg:Lcl Pol & Invstgv,"(3, 3)",,Undergraduate,
GEOG 37100,Rural Water Supply in Developing Regions,"(3, 3)",,Undergraduate,
RUSS 24652,Rus Nov: Lit & Ideolog,"(3, 3)",,Undergraduate,
THEA 29779,Russ & E. Eurpn Thea,"(3, 3)",,Undergraduate,
RUSS 25661,Russ East Europ Thar,"(3, 3)",,Undergraduate,
THEA 29765,Russ Exper Stg Arts,"(3, 3)",,Undergraduate,
RUSS 25659,Russ Experim Stage,"(3, 3)",,Undergraduate,
RUSS 24665,Russ Humor Satire,"(3, 3)",,Undergraduate,
RUSS 24660,Russ Lang & Litt,"(3, 3)",,Undergraduate,
RUSS 24662,Russ Lang & Litt 3,"(3, 3)",,Undergraduate,
RUSS 24661,Russ Lge & Lit,"(3, 3)",,Undergraduate,
RUSS 24666,Russ Science Fiction,"(3, 3)",,Undergraduate,
RUSS 25656,Russ Science Fiction,"(3, 3)",,Undergraduate,
HIST 34171,Russ Sov Intel Hist,"(3, 3)",,Undergraduate,
PHILO 38081,Russell,"(3, 3)",,Undergraduate,
GEOG 30602,"Russia Beyond Neoliberalism: Economy, Society, Migration","(3, 3)",,Undergraduate,
POLSC 37800,Russia in a Globalized World,"(4, 4)",,Undergraduate,
POLSC 48012,Russia Nat Int: Hon,"(3, 3)",,Undergraduate,
HONS 30137,Russia Thru Opr,"(3, 3)",,Undergraduate,
HIST 37400,Russia to the 20th Century,"(3, 3)",,Undergraduate,
RUSS 25615,Russian Avant Garde Art: Examination of Major Movements in Russian Art: Late 19 Early 20 Century,"(3, 3)",,Undergraduate,
FILM 29764,Russian Cinema and Society,"(3, 3)",,Undergraduate,
POL 25077,Russian Cinema and Society,"(3, 3)",,Undergraduate,
RUSS 27000,Russian Cinema and Society,"(3, 3)",,Undergraduate,
POL 25059,Russian Eastern Europe Thar,"(3, 3)",,Undergraduate,
COMPL 37154,Russian Folklore,"(3, 3)",,Undergraduate,
RUSS 25500,Russian Folklore in Translation,"(3, 3)",,Undergraduate,
COMPL 37156,Russian Folklore in Translation,"(3, 3)",,Undergraduate,
RUSS 24500,Russian Folklore: Slavic Myths and Traditions,"(3, 3)",,Undergraduate,
RUSS 24612,Russian for the Global Workforce,"(3, 3)",,Undergraduate,
HIST 14166,Russian Foreign Policy in History Perspect,"(3, 3)",,Undergraduate,
RUSS 24663,Russian Language and Literature II,"(3, 3)",,Undergraduate,
RUSS 24630,Russian Literary Translation Workshop,"(3, 3)",,Undergraduate,
RUSS 25619,Russian Literature in Exile,"(3, 3)",,Undergraduate,
MUSHL 26126,Russian Opera,"(3, 3)",,Undergraduate,
COMPL 32059,Russian Science Fiction in Film And Literature: A Comparative Study,"(3, 3)",,Undergraduate,
RUSS 25666,Russian Science Fiction in Film and Literature: A Comparative Study,"(3, 3)",,Undergraduate,
RUSS 32100,Russian Short Story and Novella,"(3, 3)",,Undergraduate,
RUSS 25634,Russian Short Story conducted in English,"(3, 3)",,Undergraduate,
THEA 29782,Russian Thea:Eng Tran,"(3, 3)",,Undergraduate,
RUSS 34300,Russian Theater,"(3, 3)",,Undergraduate,
COMPL 33065,Russian Theater in English Translation,"(3, 3)",,Undergraduate,
RUSS 25300,Russian Theater in English Translation,"(3, 3)",,Undergraduate,
RUSS 25660,Russian Thought,"(3, 3)",,Undergraduate,
COMPL 32055,Russian Urban Novel,"(3, 3)",,Undergraduate,
WGSA 36100,Russian Women Writers,"(3, 3)",,Undergraduate,
RUSS 36000,Russian Women Writers,"(3, 3)",,Undergraduate,
RUSS 26000,Russian Women Writers in English Translation,"(3, 3)",,Undergraduate,
WGSA 26000,Russian Women Writersin English Translation,"(3, 3)",,Undergraduate,
RUSS 24699,Russian Writers of 21st Century,"(3, 3)",,Undergraduate,
HIST 34167,Russian-Jewish Hist,"(3, 3)",,Undergraduate,
WGS 25852,S. Asian Women Literature,"(3, 3)",,Undergraduate,
URBS 40368,S. Asians in the US,"(3, 3)",,Undergraduate,
HED 35100,Safety Education And Emergency Care,"(3, 3)",,Undergraduate,
POLSC 31722,Same Sex Marriage,"(3, 3)",,Undergraduate,
WGS 30028,"Same Sex Marriage: Law, Politics and Morality","(3, 3)",,Undergraduate,
ARTCR 36020,Sampling,"(3, 3)",,Undergraduate,
STAT 29554,Sampling for Polling & Surveys,"(3, 3)",,Undergraduate,
ENGL 38970,Samuel Beckett,"(3, 3)",,Undergraduate,
COMPL 33150,Samuel Beckett,"(3, 3)",,Undergraduate,
ENGL 38977,Samuel Coleridge,"(3, 3)",,Undergraduate,
HONS 2011P,Sanskrit Epic and Hindu Thought,"(3, 3)",,Undergraduate,
CLA 30670,Sappho and her Legacy,"(3, 3)",,Undergraduate,
FREN 36022,Savoir et anxiete a la Renaissance,"(3, 3)",,Undergraduate,
THEA 39500,Scene Design 1,"(3, 3)",,Undergraduate,
THEA 38200,Scene Design 2,"(3, 3)",,Undergraduate,
THEA 38100,Scene Design I,"(3, 3)",,Undergraduate,
THEA 39600,Scene Design II,"(3, 3)",,Undergraduate,
HED 30057,Sch Hlth Cur&Hlth Ap,"(3, 3)",,Undergraduate,
MUSHL 26175,Schbt-Brahms Chamb,"(3, 3)",,Undergraduate,
SAS 10N01,"Scholar Seminar: Explorations in Careers, Majors, & Self","(1, 1)",,Undergraduate,
HED 30700,School Health Curric,"(3, 3)",,Undergraduate,
PHILO 39368,Schopenhauer and Nietzsche,"(3, 3)",,Undergraduate,
MUSHL 26113,Schubert & Brahms,"(3, 3)",,Undergraduate,
MUSHL 36159,Schubert and Sonata Idea,"(3, 3)",,Undergraduate,
MUSHL 22758,Schubert-Master Composer,"(3, 3)",,Undergraduate,
CHEM 38862,Science & Diplomacy in the Fourth Industrial Revolution,"(3, 3)",,Undergraduate,
HONS 30149,Science & Politics of Global Warming,"(3, 3)",,Undergraduate,
HONS 20124,Science and Sin: AIDS and the Politics of Risk,"(3, 3)",,Undergraduate,
MHC 20000,Science and Technology - NYC,"(3, 3)",,Undergraduate,
ENGL 25086,Science Fiction,"(3, 3)",,Undergraduate,
HONS 30176,Science Human Values,"(3, 3)",,Undergraduate,
HONS 20132,Science in Art,"(3, 3)",,Undergraduate,
ANTHP 40106,Scientific Communication for Human Biologists,"(3, 3)",,Undergraduate,
MUSTH 46155,Scoring Mus for Film,"(3, 3)",,Undergraduate,
THEA 36500,Screen Acting,"(3, 3)",,Undergraduate,
FILMP 37200,Screen Directing 2,"(3, 3)",,Undergraduate,
FILMP 37100,Screen Directing I,"(3, 3)",,Undergraduate,
THEA 37601,Screen Writing 1,"(3, 3)",,Undergraduate,
FILPL 37700,Screen Writing 2,"(3, 3)",,Undergraduate,
FILPL 27600,Screenwriting I,"(3, 3)",,Undergraduate,
FILMP 39989,Screenwriting-Adaptation,"(3, 3)",,Undergraduate,
ARTCR 25100,Sculpture,"(3, 3)",,Undergraduate,
ARTCR 36001,Sculpture Now,"(3, 3)",,Undergraduate,
ARTCR 36009,Sculpture:Method & Material,"(3, 3)",,Undergraduate,
ENGL 35814,Sea Narratives,"(3, 3)",,Undergraduate,
AFPRL 39058,Second Gen Black Immigrants,"(3, 3)",,Undergraduate,
AFPRL 39059,Second Generation Caribbean American,"(3, 3)",,Undergraduate,
RUSS 39900,Second Language Acquisition,"(3, 3)",,Undergraduate,
FREN 39900,Second Language Acquisition,"(3, 3)",,Undergraduate,
HEBR 39900,Second Language Acquisition,"(3, 3)",,Undergraduate,
GERMN 39900,Second Language Acquisition,"(3, 3)",,Undergraduate,
CHIN 39900,Second Language Acquisition,"(3, 3)",,Undergraduate,
ITAL 39900,Second Language Acquisition,"(3, 3)",,Undergraduate,
SPAN 39900,Second Language Acquisition,"(3, 3)",,Undergraduate,
EDUC 35400,Secondary Educ-Org Curr Method,"(2, 2)",,Undergraduate,
EDUC 35500,Secondary School Programs & Practices,"(2, 2)",,Undergraduate,
HIST 34118,Secular Judaism,"(3, 3)",,Undergraduate,
SOC 32526,Seculrztn & Soc of Rel,"(3, 3)",,Undergraduate,
POLSC 37240,Securitization in the Middle East,"(3, 3)",,Undergraduate,
ECO 36600,Security and Investment Analysis,"(3, 3)",,Undergraduate,
POLSC 27394,Security:Nuclear Age,"(3, 3)",,Undergraduate,
ITAL 37088,See Naples and Die: Representations of Naples From Serao to Ferrante,"(3, 3)",,Undergraduate,
ENGL 38752,Sel St: Literature and Biography,"(3, 3)",,Undergraduate,
ENGL 38757,Sel St: London in Lit,"(3, 3)",,Undergraduate,
ENGL 38753,Sel St:Shaw-Yts-Wlde,"(3, 3)",,Undergraduate,
ENGL 39875,Sel Std 3 poets,"(3, 3)",,Undergraduate,
WGS 30044,Sel Std in Amr Lit,"(3, 3)",,Undergraduate,
ENGL 38777,Sel Std:British Lit,"(3, 3)",,Undergraduate,
ENGL 48457,Sel Std:Creatv Act,"(3, 3)",,Undergraduate,
ENGL 48458,Sel Std:Rmntcsm&Coln,"(3, 3)",,Undergraduate,
NURS 49900,Sel Stdies-Nurs Res,"(3, 3)",,Undergraduate,
COMPL 38002,Sel Stds in Compl,"(3, 3)",,Undergraduate,
ENGL 39885,Sel Stu In Amer Lit,"(3, 3)",,Undergraduate,
ENGL 39863,Sel Stud Am Lit,"(3, 3)",,Undergraduate,
ENGL 39874,Sel Stud Am Lit,"(3, 3)",,Undergraduate,
HEBR 34000,Sel Stud Heb Lit-Tra,"(3, 3)",,Undergraduate,
CHIN 31100,Sel Stud-Chinese Culture,"(3, 3)",,Undergraduate,
ENGL 38751,Sel Stud:Apocalypse,"(3, 3)",,Undergraduate,
ENGL 39867,Sel Studs in Amer Literature,"(3, 3)",,Undergraduate,
POLSC 21770,Sel Top in American Politics,"(3, 3)",,Undergraduate,
ENGL 38155,Sel Top. in Comp Lit,"(3, 3)",,Undergraduate,
URBS 40304,Sel Tp: New Orleans,"(3, 3)",,Undergraduate,
ENGL 38151,Sel Tpcs in Comp Lit,"(3, 3)",,Undergraduate,
FILM 23105,Sel. Directors: Coen Brothers,"(3, 3)",,Undergraduate,
ENGL 38769,Selctd Stud:Brit Lit,"(3, 3)",,Undergraduate,
ENGL 38776,Select St Brit. Lit,"(3, 3)",,Undergraduate,
ENGL 38774,Select St: Brit Lit,"(3, 3)",,Undergraduate,
ENGL 39869,Select Std in Amer Literature,"(3, 3)",,Undergraduate,
ENGL 39871,Select Std in Amer Literature,"(3, 3)",,Undergraduate,
ENGL 39872,Select Std in Amer Literature,"(3, 3)",,Undergraduate,
ENGL 39870,Select Stds in Amer Literature,"(3, 3)",,Undergraduate,
COMPL 38069,Select Studies in Compar Lit,"(3, 3)",,Undergraduate,
COMPL 38068,Select Studies in Comparative Literature,"(3, 3)",,Undergraduate,
COMPL 38064,Select Studies in COMPL,"(3, 3)",,Undergraduate,
COMPL 38065,Select Studies in COMPL,"(3, 3)",,Undergraduate,
COMPL 38154,Select Top in Comparative Lit,"(3, 3)",,Undergraduate,
COMPL 38058,Select Top:Women 20th Cent Lit,"(3, 3)",,Undergraduate,
COMPL 38051,Select Topics Comp Literature,"(3, 3)",,Undergraduate,
COMPL 38062,Select Topics Comparative Literature,"(3, 3)",,Undergraduate,
COMPL 38061,Select Topics in Comparative Literature,"(3, 3)",,Undergraduate,
COMPL 38059,Select Topics on Comparative Literature,"(3, 3)",,Undergraduate,
FILM 23103,Selected Directors: Ackerman,"(3, 3)",,Undergraduate,
FILM 23106,Selected Directors: Luis Bunuel,"(3, 3)",,Undergraduate,
FILM 23104,Selected Directors: New Latin American Cinema,"(3, 3)",,Undergraduate,
FREN 27500,Selected Masterpieces of French Literature,"(3, 3)",,Undergraduate,
ENGL 39888,Selected Stds:Amer Literature,"(3, 3)",,Undergraduate,
ENGL 39878,Selected Stud: Amer Lit,"(3, 3)",,Undergraduate,
ENGL 38768,Selected Studies British Lierature,"(3, 3)",,Undergraduate,
HEBR 21000,Selected Studies in Hebrew Literature in Translation,"(3, 3)",,Undergraduate,
NURS 44100,Selected Studies in Nursing Research,"(3, 3)",,Undergraduate,
ENGL 39879,Selected Studies: American Lit,"(3, 3)",,Undergraduate,
COMPL 38161,Selected Topic :Comparatve Lit,"(3, 3)",,Undergraduate,
AFPRL 42800,Selected Topics in Africana and Puerto Rican Studies,"(3, 3)",,Undergraduate,
AFPRL 29000,Selected Topics in Africana and Puerto Rican Studies,"(3, 3)",,Undergraduate,
ECO 39500,Selected Topics in Economics,"(3, 3)",,Undergraduate,
ECO 49500,Selected Topics in Economics,"(3, 3)",,Undergraduate,
ECO 29500,Selected Topics in Economics,"(3, 3)",,Undergraduate,
URBS 40300,Selected Topics in Urban Affairs,"(3, 3)",,Undergraduate,
ENGL 31857,Self in African American Lit,"(3, 3)",,Undergraduate,
ENGL 25661,Self in Arican Amer Literature,"(3, 3)",,Undergraduate,
ENGL 39966,Self Study in Amer Literature,"(3, 3)",,Undergraduate,
ENGL 39960,Self Study in Amer Literature,"(3, 3)",,Undergraduate,
ENGL 39979,Self Study in Amer Literature,"(3, 3)",,Undergraduate,
ENGL 39977,Self Study in Amer Literature,"(3, 3)",,Undergraduate,
ENGL 39971,Self Study in Amer Literature,"(3, 3)",,Undergraduate,
ENGL 39972,Self Study in Amer Literature,"(3, 3)",,Undergraduate,
ENGL 39962,Self Study in American Literature,"(3, 3)",,Undergraduate,
HR 22055,Self-determination and Human Rights,"(3, 3)",,Undergraduate,
ENGL 39963,Sellf Study in Amer Literature,"(3, 3)",,Undergraduate,
ENGL 39964,Sellf Study in Amer Literature,"(3, 3)",,Undergraduate,
HEBR 45163,Sem Agnon-Love Story,"(3, 3)",,Undergraduate,
ANTHC 40175,Sem in Eco Anthropology,"(3, 3)",,Undergraduate,
NURS 49950,Sem in Nursing,"(3, 3)",,Undergraduate,
ANTHP 40100,Sem in Sel Topics,"(3, 3)",,Undergraduate,
ANTHC 40172,Sem Reg Persp Anthro,"(3, 3)",,Undergraduate,
ANTHC 40182,Sem S. Eur. Fam Soc,"(3, 3)",,Undergraduate,
POLSC 41300,Sem/Intern Comp&Int1,"(4, 4)",,Undergraduate,
POLSC 22200,Sem/Intern N.Y. Gov,"(4, 4)",,Undergraduate,
POLSC 22300,Sem/Intern N.Y. Gov,"(4, 4)",,Undergraduate,
HEBR 45172,Sem: A.B. Yehoshua,"(3, 3)",,Undergraduate,
HIST 38208,Sem: Alexander the Great,"(3, 3)",,Undergraduate,
POLSC 48656,Sem: Bdy Pltcs Repro,"(3, 3)",,Undergraduate,
ANTHC 40159,Sem: Creole Language,"(3, 3)",,Undergraduate,
LACS 43474,Sem: Ethnomusicology,"(3, 3)",,Undergraduate,
SOC 32566,Sem: Food & Society,"(3, 3)",,Undergraduate,
ANTHC 49251,Sem: History Archaeology,"(3, 3)",,Undergraduate,
COUNS 40000,Sem: Independant Study,"(3, 3)",,Undergraduate,
HIST 49252,Sem: Int Rel in 20 C,"(3, 3)",,Undergraduate,
ANTHC 42655,Sem: Lithic Analysis,"(3, 3)",,Undergraduate,
ANTHC 40156,Sem: Museum Experience,"(3, 3)",,Undergraduate,
ANTHC 42654,Sem: New World Archaeology,"(3, 3)",,Undergraduate,
ANTHC 42657,Sem: Orig Agriculture,"(3, 3)",,Undergraduate,
THEA 40158,Sem: Pol Thea 20 Cen,"(3, 3)",,Undergraduate,
ANTHC 40167,Sem: Remote Sensing,"(3, 3)",,Undergraduate,
DAN 46151,Sem: Technology & Arts,"(3, 3)",,Undergraduate,
ANTHC 49250,Sem: Urban Anthropology,"(3, 3)",,Undergraduate,
CLARC 32955,Sem:Aegean Prehistory,"(3, 3)",,Undergraduate,
HEBR 45175,Sem:Agnon's Nrtv Art,"(3, 3)",,Undergraduate,
PH 40092,Sem:AIDS & HIV Education 2,"(3, 3)",,Undergraduate,
ANTHC 42651,Sem:Archeo Field Methods,"(3, 3)",,Undergraduate,
EDFDN 40051,Sem:Beh Mod&Wgt Cont,"(3, 3)",,Undergraduate,
HEBR 45177,Sem:Bib Thm-Md Hb Lt,"(3, 3)",,Undergraduate,
ANTHC 40154,Sem:Circumpolar Regs,"(3, 3)",,Undergraduate,
CSCI 49358,Sem:Comput Geomty,"(3, 3)",,Undergraduate,
CSCI 49359,Sem:Cryptography,"(3, 3)",,Undergraduate,
POLSC 30474,Sem:Fem Theory & Meth,"(3, 3)",,Undergraduate,
WGS 31000,Sem:Fem Theory & Meth,"(3, 3)",,Undergraduate,
SOC 42504,Sem:Games Self&Socty,"(3, 3)",,Undergraduate,
GERMN 44455,Sem:Germn Narrative,"(3, 3)",,Undergraduate,
HEBR 45167,Sem:Hebr Lit-Agnon,"(3, 3)",,Undergraduate,
HEBR 45169,Sem:Hebr Short Story,"(3, 3)",,Undergraduate,
ANTHC 40155,Sem:Hunters & Gatherer,"(3, 3)",,Undergraduate,
REL 45053,Sem:Issues Buddhism,"(3, 3)",,Undergraduate,
HEBR 45168,Sem:Kibutz In Hbr Lt,"(3, 3)",,Undergraduate,
POLSC 48050,Sem:Lat Am Dependncy,"(3, 3)",,Undergraduate,
POLSC 48062,Sem:Latin America,"(3, 3)",,Undergraduate,
ANTHC 40150,Sem:Pastoralism,"(3, 3)",,Undergraduate,
ANTHP 40198,Sem:Rainforest Ecology,"(3, 3)",,Undergraduate,
EDFDN 40050,Sem:Rights of Children,"(3, 3)",,Undergraduate,
EDFDN 40000,Sem:Spec Topics,"(3, 3)",,Undergraduate,
HED 30058,Sem:Stress Mngment,"(3, 3)",,Undergraduate,
HEBR 45165,Sem:Yehosh & Oz-Novl,"(3, 3)",,Undergraduate,
ANTHC 40169,Semantic Analysis,"(3, 3)",,Undergraduate,
ANTHC 49200,Semantic Analysis,"(3, 3)",,Undergraduate,
ANTHC 49269,Semantic Analysis,"(3, 3)",,Undergraduate,
ANTHC 32070,Semantic Res Anlsys,"(3, 3)",,Undergraduate,
ENGL 33359,"Semantics, Semiotics And Discourse","(3, 3)",,Undergraduate,
WGS 40000,Seminar,"(3, 3)",,Undergraduate,
CSCI 49300,Seminar,"(3, 3)",,Undergraduate,
THEA 40100,Seminar,"(3, 3)",,Undergraduate,
CSCI 49100,Seminar,"(1, 1)",,Undergraduate,
ECC 30100,Seminar / Clinical Experiences 1,"(1, 1)",,Undergraduate,
ECC 30200,Seminar / Clinical Experiences 2,"(1, 1)",,Undergraduate,
ECC 30300,Seminar / Clinical Experiences 3,"(2, 2)",,Undergraduate,
AFPRL 39047,Seminar Afro-Latinos in the U.S.,"(3, 3)",,Undergraduate,
LACS 43427,Seminar Afro-Latinos in the US,"(3, 3)",,Undergraduate,
SAS 30001,Seminar Civic Undrst,"(1, 1)",,Undergraduate,
SAS 30003,Seminar Civic Undrst,"(3, 3)",,Undergraduate,
SAS 30002,Seminar Civic Undrst,"(2, 2)",,Undergraduate,
POLSC 31779,Seminar Civic Undrst,"(3, 3)",,Undergraduate,
ECO 49576,Seminar Environmental Economics,"(3, 3)",,Undergraduate,
PHILO 39453,Seminar for Majors,"(3, 3)",,Undergraduate,
HEBR 45170,Seminar in Amos Oz,"(3, 3)",,Undergraduate,
SOC 42527,Seminar in Applied Evaluation Research,"(3, 3)",,Undergraduate,
ANTHC 42600,Seminar in Archaeological Field Methods,"(3, 3)",,Undergraduate,
ECO 49567,Seminar in Comparative Economic Systems,"(3, 3)",,Undergraduate,
DAN 46100,Seminar in Dance,"(3, 3)",,Undergraduate,
PSYCH 39094,Seminar in Evolutionary Psychology,"(3, 3)",,Undergraduate,
FREN 37500,Seminar in French Literary History,"(3, 3)",,Undergraduate,
ANTHC 42652,Seminar in Historical Archaeology,"(3, 3)",,Undergraduate,
ITAL 37500,Seminar in Italian Literary History,"(3, 3)",,Undergraduate,
REL 45052,Seminar in Paul,"(3, 3)",,Undergraduate,
PSYCH 30600,Seminar in Psychological Services,"(4, 4)",,Undergraduate,
PSYCH 30700,Seminar in Psychological Services 2,"(3, 3)",,Undergraduate,
REL 45054,Seminar in Religion,"(3, 3)",,Undergraduate,
REL 32500,Seminar in Religious Tradition,"(3, 3)",,Undergraduate,
POLSC 48000,Seminar in Selected Problems of Political Science,"(3, 3)",,Undergraduate,
SOC 22500,Seminar in Selected Problems of Sociology,"(3, 3)",,Undergraduate,
ANTHC 32054,Seminar in Sociobiology,"(3, 3)",,Undergraduate,
SPAN 37500,Seminar in Spanish Literary History,"(3, 3)",,Undergraduate,
EDUC 40000,Seminar in Special Topics in Educational Theory,"(3, 3)",,Undergraduate,
ANTHC 40174,Seminar in Urban Anthropology,"(3, 3)",,Undergraduate,
POLSC 41400,Seminar Intern Comp & International II,"(4, 4)",,Undergraduate,
HONS 3011P,Seminar on Caribbean Philosopher and Political Militant Frantz Fanon,"(3, 3)",,Undergraduate,
URBS 40354,Seminar on the City,"(3, 3)",,Undergraduate,
ARTH 45017,Seminar Photo,"(3, 3)",,Undergraduate,
EDUC 40054,Seminar Special Topic: Drug Abuse,"(1, 1)",,Undergraduate,
SOC 22505,Seminar-Selected Prob,"(5, 5)",,Undergraduate,
POLSC 41200,Seminar/Internship in New York Government,"(4, 4)",,Undergraduate,
HEBR 45166,Seminar: Women on Hebrew Literature,"(3, 3)",,Undergraduate,
CSCI 49351,Seminar: Apl,"(3, 3)",,Undergraduate,
COMPL 30100,Seminar: Approaches to Comparative Literature,"(3, 3)",,Undergraduate,
CSCI 49371,Seminar: Big Data,"(3, 3)",,Undergraduate,
CSCI 49372,Seminar: Computer Law,"(3, 3)",,Undergraduate,
PUPOL 30N02,Seminar: Contemporary Issues in Education Policy,"(3, 3)",,Undergraduate,
ARTH 45018,Seminar: Cubism,"(3, 3)",,Undergraduate,
REL 45050,Seminar: Ecology & Religion,"(3, 3)",,Undergraduate,
ANTHC 42658,Seminar: Europe Archaeology,"(3, 3)",,Undergraduate,
GERMN 44463,Seminar: German Relationships,"(3, 3)",,Undergraduate,
DAN 46152,Seminar: Live Art in Visual Environment,"(3, 3)",,Undergraduate,
ARTH 45016,Seminar: Paris 17th-19th Century,"(3, 3)",,Undergraduate,
THEA 40150,Seminar: Production,"(3, 3)",,Undergraduate,
PUPOL 30N01,Seminar: Public Policy in New York City,"(3, 3)",,Undergraduate,
ARTH 41001,Seminar: Roman Architecture,"(3, 3)",,Undergraduate,
HED 40000,Seminar: Selected Topics In Health I,"(3, 3)",,Undergraduate,
HIST 38206,Seminar:Cleopatra,"(3, 3)",,Undergraduate,
HEBR 45173,Seminar:Yehoshua&Oz,"(3, 3)",,Undergraduate,
ANTHC 40100,Seminars in Selected Topics,"(3, 3)",,Undergraduate,
HONS 20170,Semiotics of Eating,"(3, 3)",,Undergraduate,
HIST 38215,Semnr: Enlightenment,"(3, 3)",,Undergraduate,
GERMN 44454,Semnr: Germn Poetry,"(3, 3)",,Undergraduate,
REL 30657,Semnr: Myth & Ritual,"(3, 3)",,Undergraduate,
LAT 32009,Seneca,"(3, 3)",,Undergraduate,
LAT 32010,"Senecan Tragedy: Fate, Furies, and the Pathologies of Love","(3, 3)",,Undergraduate,
POLSC 48600,Senior Colloquium,"(3, 3)",,Undergraduate,
ARTCR 40400,Senior Honors Project,"(3, 3)",,Undergraduate,
MUS P0105,Senior Recital,"(None, None)",,Undergraduate,
MLSP 45700,Senior Seminar,"(3, 3)",,Undergraduate,
ECO 40000,Senior Seminar: The big (economics) picture and getting ready for life after college,"(3, 3)",,Undergraduate,
PHYS 39900,Senior Thesis,"(3, 3)",,Undergraduate,
PHYS 49900,Senior Thesis,"(3, 3)",,Undergraduate,
PSYCH 30100,Sensation and Perception,"(3, 3)",,Undergraduate,
ENGL 31976,Sensational and Reel: Women Writing the Fallen Woman,"(3, 3)",,Undergraduate,
WGSA 31976,Sensational and Reel: Women Writing the Fallen Woman,"(3, 3)",,Undergraduate,
POLSC 31760,Setting Natl Priorts,"(3, 3)",,Undergraduate,
ARTH 31104,Seven Wonders of the Ancient World,"(3, 3)",,Undergraduate,
HONS 20195,Sex and Death,"(3, 3)",,Undergraduate,
WGSA 29005,Sex and Gender in the Harlem Renaissance,"(3, 3)",,Undergraduate,
AFPRL 2901B,Sex and Gender in the Harlem Renaissance,"(3, 3)",,Undergraduate,
ENGL 25031,Sex and Gender in the Harlem Renaissance,"(3, 3)",,Undergraduate,
ENGL 32252,Sex and Gender in the Middle Ages,"(3, 3)",,Undergraduate,
WGS 3001E,Sex and Gender in the Middle Ages,"(3, 3)",,Undergraduate,
HONS 2011L,Sex And Gender in the Middles Ages,"(3, 3)",,Undergraduate,
SOC 25700,Sex and Gender Roles,"(3, 3)",,Undergraduate,
SOC 25700,Sex and Gender Roles,"(3, 3)",,Undergraduate,
WGSP 20011,Sex Education and Public Policy,"(3, 3)",,Undergraduate,
WGSP 29003,Sex Education Policy,"(3, 3)",,Undergraduate,
SOC 22513,Sex Education Policy,"(3, 3)",,Undergraduate,
ENGL 49441,Sex Gender Middle Ages,"(3, 3)",,Undergraduate,
HONS 3011Q,Sex in the 20th and 21st Century,"(3, 3)",,Undergraduate,
WGS 30055,Sex Race & Gentri NY,"(3, 3)",,Undergraduate,
ENGL 38552,Sex Role 19th Cen British Lit,"(3, 3)",,Undergraduate,
PH 40007,Sex Role in Family Health,"(3, 3)",,Undergraduate,
EDFDN 40053,Sex Roles-Family and School,"(3, 3)",,Undergraduate,
WGSS 29005,Sex Wars: Feminist Perspectives on Pornography,"(3, 3)",,Undergraduate,
WGSA 30005,"Sex, Gender, and Politics in the American Horror Film","(3, 3)",,Undergraduate,
ENGL 38787,"Sex, Identity and Literature","(3, 3)",,Undergraduate,
BIOL 47092,"Sex,Drugs,Gender,Pol","(2, 2)",,Undergraduate,
WGS 30066,Sexual Abuse,"(3, 3)",,Undergraduate,
ENGL 38678,Sexual Abuse,"(3, 3)",,Undergraduate,
WGS 30077,Sexual Health Edu,"(3, 3)",,Undergraduate,
CEDC 30500,Sexual Health Education,"(3, 3)",,Undergraduate,
EDF 70N01,"Sexual Literacy in 20th-Century America: A History of Sex Education in the United States, 1880-1990","(1, 1)",,Undergraduate,
HR 30N17,"Sexual Orientation, Gender Identity & Human Rights","(3, 3)",,Undergraduate,
WGS 3001A,"Sexual Orientation, Gender Identity and Human Rights","(3, 3)",,Undergraduate,
BIOL 47122,Sexual Selection: Current Evolutionary Approaches,"(3, 3)",,Undergraduate,
HONS 2011M,Sexual-Textual Politics in Mozart's Operas,"(3, 3)",,Undergraduate,
WGSS 29016,Sexuality & Capitalism,"(3, 3)",,Undergraduate,
WGSS 29018,Sexuality & Capitalism,"(3, 3)",,Undergraduate,
PSYCH 36400,Sexuality and Health,"(3, 3)",,Undergraduate,
HIST 20N01,Sexuality Today: Connecting Past and Present,"(1, 1)",,Undergraduate,
WGS 20063,"Sexuality, Gender and Science","(3, 3)",,Undergraduate,
WGSS 20063,"Sexuality, Gender and Science","(3, 3)",,Undergraduate,
ANTHC 30152,Sexuality: Anthropological Perspective,"(3, 3)",,Undergraduate,
PSYCH 39060,Sexualty & Pblc Plcy,"(3, 3)",,Undergraduate,
CSCI 49368,Sftwr Mdl&Dsg Mth,"(3, 3)",,Undergraduate,
MUSPF 28000,Sght Sing&Ear Trn 1,"(1, 1)",,Undergraduate,
ENGL 35559,Shakes: Roman Plays,"(3, 3)",,Undergraduate,
ENGL 35400,Shakespeare 2,"(3, 3)",,Undergraduate,
ENGL 49007,Shakespeare and Feminism,"(3, 3)",,Undergraduate,
ENGL 4941B,Shakespeare and Feminism,"(3, 3)",,Undergraduate,
ENGL 35566,Shakespeare and Performance,"(3, 3)",,Undergraduate,
ENGL 49436,Shakespeare First and Last,"(3, 3)",,Undergraduate,
ENGL 35300,Shakespeare I,"(3, 3)",,Undergraduate,
THEA 39701,Shakespeare in America,"(3, 3)",,Undergraduate,
THEA 39778,Shakespeare in Performance,"(3, 3)",,Undergraduate,
ENGL 35553,Shakespeare in/on Love,"(3, 3)",,Undergraduate,
ENGL 49442,Shakespeare New Worlds,"(3, 3)",,Undergraduate,
ENGL 35557,Shakespeare on Film,"(3, 3)",,Undergraduate,
ENGL 35200,Shakespeare Survey,"(3, 3)",,Undergraduate,
ENGL 35563,Shakespeare Tragedy,"(3, 3)",,Undergraduate,
THEA 39706,Shakespeare Workshop,"(3, 3)",,Undergraduate,
ENGL 38352,Shakespeare's Contemporaries,"(3, 3)",,Undergraduate,
WGS 3001F,Shakespeare's Heroines,"(3, 3)",,Undergraduate,
ENGL 35565,Shakespeare's Heroines,"(3, 3)",,Undergraduate,
ENGL 35589,Shakespeare's History Plays,"(3, 3)",,Undergraduate,
ITAL 36150,Shakespeare's Italy,"(3, 3)",,Undergraduate,
COMPL 33061,Shakespeare's Italy,"(3, 3)",,Undergraduate,
ENGL 38361,Shakespeare's Italy,"(3, 3)",,Undergraduate,
ENGL 35560,Shakespeare's New Worlds,"(3, 3)",,Undergraduate,
ENGL 25153,Shakespeare's Roman Plays,"(3, 3)",,Undergraduate,
CLA 24073,Shakespeare's Roman Plays,"(3, 3)",,Undergraduate,
ENGL 35556,Shakespeare's Women,"(3, 3)",,Undergraduate,
ENGL 38353,Shakespeare's World,"(3, 3)",,Undergraduate,
HONS 20164,Shakespeare: From the Globe to the Global,"(3, 3)",,Undergraduate,
ENGL 35561,Shakespeare: Text and Performance,"(3, 3)",,Undergraduate,
ENGL 35567,"Shakespeare: Women, Gender, Sex and Power","(3, 3)",,Undergraduate,
ENGL 35550,Shakespeare:Comedy,"(3, 3)",,Undergraduate,
ENGL 35558,Shakspeare Politcal Science,"(3, 3)",,Undergraduate,
HIST 34181,Shaping of Modn Cuba,"(3, 3)",,Undergraduate,
HONS 2011S,"Ships, Seafaring & Mediterranean Civilization, 3000 BC-1000AD: Nautical Archaeology in Context","(3, 3)",,Undergraduate,
ENGL 25032,Shirtwaist Factory,"(3, 3)",,Undergraduate,
WGSA 29004,Shirtwaist Factory,"(3, 3)",,Undergraduate,
HONS 30157,Shkspear-Page/Stage,"(3, 3)",,Undergraduate,
ENGL 35552,Shkspr & Drm Romntc,"(3, 3)",,Undergraduate,
MUSHL 26186,Shostakovich World,"(3, 3)",,Undergraduate,
RUSS 25613,Shostkovich His World,"(3, 3)",,Undergraduate,
MHC 25000,Shpg the Fut:Ct,"(3, 3)",,Undergraduate,
CLARC 32963,Shrines and Sanctuaries,"(3, 3)",,Undergraduate,
HEBR 21062,Shtetl in Hebrew Literature English,"(3, 3)",,Undergraduate,
ITAL 37030,Sicilian Writers,"(3, 3)",,Undergraduate,
ITAL 37063,Sicily in Contemporary Imagination,"(3, 3)",,Undergraduate,
POL 25050,Sienkewicz Quo Vadis,"(3, 3)",,Undergraduate,
POL 25074,Sienkiewicz Trilogy,"(3, 3)",,Undergraduate,
POL 25075,Sienkiewicz's American,"(3, 3)",,Undergraduate,
BIOL 47183,Signal Trans: Micro,"(2, 2)",,Undergraduate,
WGSS 29027,Silencing Queer: A Case Study in Southeast Asia,"(3, 3)",,Undergraduate,
SPAN 38400,"Simultaneous Interpretation, Spanish-English and English-Spanish","(3, 3)",,Undergraduate,
THEA 39719,Singing,"(3, 3)",,Undergraduate,
HIST 25079,Sister Revolutions,"(3, 3)",,Undergraduate,
ARTCR 36005,Site-Special Painting,"(3, 3)",,Undergraduate,
COMPL 38056,Sl Tp:Play&Illusion,"(3, 3)",,Undergraduate,
ENGL 31863,Slave Narratives,"(3, 3)",,Undergraduate,
AFPRL 31300,Slavery,"(3, 3)",,Undergraduate,
THEA 39702,Slavery and Performance,"(3, 3)",,Undergraduate,
ENGL 38458,Slavery and the 18th Century Literature,"(3, 3)",,Undergraduate,
ENGL 49472,Slavery in 18th Century British Literature,"(3, 3)",,Undergraduate,
HIST 34172,Slavery in Comp Pers,"(3, 3)",,Undergraduate,
HIST 14156,Slavery in the U.S.,"(3, 3)",,Undergraduate,
ENGL 38760,Slctd Stds Brit Lit,"(3, 3)",,Undergraduate,
ENGL 38759,Slctd Stds Brit Lit,"(3, 3)",,Undergraduate,
PSYCH 19550,Sleep Disorders,"(3, 3)",,Undergraduate,
ENGL 25062,Slf Rprsnt:American Poetry,"(3, 3)",,Undergraduate,
ENGL 38859,Sltd Stds:British Lt,"(3, 3)",,Undergraduate,
HIST 34184,Soc & Eco Hist Mod Eur,"(3, 3)",,Undergraduate,
LACS 43499,Soc Chnge:Devpng Soc,"(3, 3)",,Undergraduate,
PSYCH 39066,Soc Cog:Infant-Adult,"(3, 3)",,Undergraduate,
EDFDN 22200,Soc Fdtns:Elementry Educ,"(3, 3)",,Undergraduate,
QSTB 40302,Soc Funds Urban Ed,"(2, 2)",,Undergraduate,
QSTB 40303,Soc Funds Urban Ed,"(3, 3)",,Undergraduate,
LACS 43447,Soc Human Rights:Latin America,"(3, 3)",,Undergraduate,
LACS 43450,Soc Intntl Hum Rghts,"(3, 3)",,Undergraduate,
PSYCH 39570,Soc Iss Lf Spn Dv Ps,"(3, 3)",,Undergraduate,
SOC 3251A,Soc of Cognition,"(3, 3)",,Undergraduate,
SOC 32549,Soc of Corrections,"(3, 3)",,Undergraduate,
SOC 32502,Soc of Human Rights,"(3, 3)",,Undergraduate,
SOC 32543,"Soc of Imm,Refug & Hth","(3, 3)",,Undergraduate,
JS 41050,Soc of Jewish Family,"(3, 3)",,Undergraduate,
SOC 3251V,Soc of Mental Health,"(3, 3)",,Undergraduate,
SOC 32572,Soc of Migration,"(3, 3)",,Undergraduate,
SOC 20551,Soc of Religion,"(3, 3)",,Undergraduate,
SOC 42541,Soc Policy & Planning,"(3, 3)",,Undergraduate,
SOC 22551,Soc Roots of Violence,"(3, 3)",,Undergraduate,
SOC 32528,Soc thru Shakespeare,"(3, 3)",,Undergraduate,
HIST 48459,Soc+Cult Tx Renaisnc,"(3, 3)",,Undergraduate,
HIST 38459,Soc+Cult Tx Renaisnc,"(3, 3)",,Undergraduate,
EDFDN 27200,"Soc,Hist,Phil Fdtns","(3, 3)",,Undergraduate,
SOC 32544,Soc:Intntl Hum Rghts,"(3, 3)",,Undergraduate,
POLSC 30462,Social & Pol Phil,"(3, 3)",,Undergraduate,
PSYCH 39037,Social and Cooperative Behavior of Animals,"(3, 3)",,Undergraduate,
HIST 33000,Social and Economic History of Modern Europe,"(3, 3)",,Undergraduate,
POLSC 31500,Social and Economic Policies in Western Europe and the United States,"(3, 3)",,Undergraduate,
ECF 20100,Social and Historical Foundations of Early Childhood Care and Education,"(2, 2)",,Undergraduate,
CHIN 40113,Social and Political Affairs Studies in Chinese,"(3, 3)",,Undergraduate,
SOC 36300,Social Change,"(3, 3)",,Undergraduate,
SOC 3252F,Social Change & Change Makers,"(3, 3)",,Undergraduate,
PSYCH 39068,Social Cognit: Gendr,"(3, 3)",,Undergraduate,
PSYCH 33100,Social Cognition of Gender,"(3, 3)",,Undergraduate,
HONS 20128,Social Construction of Knowledge & Its Impact on Policy Construction,"(3, 3)",,Undergraduate,
ANTHC 32099,Social Culture Eastern Europe,"(3, 3)",,Undergraduate,
POLSC 20411,Social Democracy and Democratic Socialism,"(3, 3)",,Undergraduate,
SEDF 20300,"Social Foundations Of Education, Grades 7-12","(3, 3)",,Undergraduate,
QSTB 40380,Social Foundations of Urban Education,"(3, 3)",,Undergraduate,
QSTB 40300,Social Foundations of Urban Education,"(3, 3)",,Undergraduate,
SOC 57263,Social Inequality,"(3, 3)",,Undergraduate,
SOC 26300,Social Inequality,"(3, 3)",,Undergraduate,
SOC 21800,Social Inequality,"(3, 3)",,Undergraduate,
URBS 4032R,Social Infrastructure & Civic Engagement: A Seminar with SUNY Board Chair Merryl Tisch,"(3, 3)",,Undergraduate,
POLSC 30415,Social Justice,"(3, 3)",,Undergraduate,
MEDPL 39901,Social Justice Journalism,"(3, 3)",,Undergraduate,
MEDP 39961,Social Justice Journalism,"(3, 3)",,Undergraduate,
PH 40057,Social Justice Public Health,"(3, 3)",,Undergraduate,
AFPRL 29031,Social Media in Black and Latino Communities,"(3, 3)",,Undergraduate,
SOC 3252R,Social Medicine,"(3, 3)",,Undergraduate,
SOC 30900,Social Movements and Social Change,"(3, 3)",,Undergraduate,
POLSC 27243,Social Movements Compd,"(3, 3)",,Undergraduate,
POLSC 27270,Social Movements in Latin America,"(3, 3)",,Undergraduate,
ANTHC 30351,"Social Movements Theory, Practice and Ethnography","(3, 3)",,Undergraduate,
POLSC 35300,"Social Movements, Civil Society, and the State in Latin America","(4, 4)",,Undergraduate,
POLSC 37270,Social Mvmts Lat Am,"(3, 3)",,Undergraduate,
URBS 40393,Social Policy and Planning,"(3, 3)",,Undergraduate,
HONS 3011X,"Social Practice: Art, Science, and the Collective Body","(3, 3)",,Undergraduate,
PSYCH 38501,Social Psych and Human Rights,"(3, 3)",,Undergraduate,
PSYCH 23000,Social Psychology,"(3, 3)",,Undergraduate,
SOC 24100,Social Statistics,"(3, 3)",,Undergraduate,
PH 30300,Social Structure and Health,"(3, 3)",,Undergraduate,
POLSC 48060,Social Utopias,"(3, 3)",,Undergraduate,
SOC 23751,Social Welfare,"(3, 3)",,Undergraduate,
SOC 23700,Social Welfare Policy,"(3, 3)",,Undergraduate,
SW 35000,Social Work Policy in Care Coordination,"(3, 3)",,Undergraduate,
SW 34000,Social Work Policy in Child Welfare,"(3, 3)",,Undergraduate,
SW 31000,Social Work Practice and Learning Lab 1,"(3, 3)",,Undergraduate,
SW 31100,Social Work Practice and Learning Lab 2,"(3, 3)",,Undergraduate,
SW 42000,Social Work Practice in Care Coordination 1,"(3, 3)",,Undergraduate,
SW 42100,Social Work Practice in Care Coordination 2,"(3, 3)",,Undergraduate,
SW 41000,Social Work Practice in Child Welfare 1,"(3, 3)",,Undergraduate,
SW 41000,Social Work Practice in Child Welfare 1,"(3, 3)",,Undergraduate,
SW 41100,Social Work Practice in Child Welfare 2,"(3, 3)",,Undergraduate,
SW 44000,Social Work Research,"(3, 3)",,Undergraduate,
HONS 2011D,"Social, Political, & Cultural Constructions of Food and Eating in China From Ancient Time To Present","(3, 3)",,Undergraduate,
PHILO 39401,Socialism and Democracy,"(3, 3)",,Undergraduate,
POLSC 37360,Socialst Intnl Systm,"(3, 3)",,Undergraduate,
SOC 32514,Society and Culture,"(3, 3)",,Undergraduate,
PSYCH 29552,Sociobiology,"(3, 3)",,Undergraduate,
HONS 20168,Sociol. of Knowledge,"(3, 3)",,Undergraduate,
ANTHC 32090,Sociolgy Human Rights,"(3, 3)",,Undergraduate,
AFPRL 37000,Sociolinguistic Fieldwork in Black and Puerto Rican Speech Communities,"(3, 3)",,Undergraduate,
ENGL 33000,Sociolinguistics,"(3, 3)",,Undergraduate,
ANTHC 32567,Sociolinguistics,"(3, 3)",,Undergraduate,
SOC 22400,Sociological Theory,"(3, 3)",,Undergraduate,
HONS 3011Z,Sociology and Memoir,"(3, 3)",,Undergraduate,
SOC 3252J,Sociology and Memoir,"(3, 3)",,Undergraduate,
WGS 3001M,Sociology and Memoir,"(3, 3)",,Undergraduate,
ASIAN 32061,Sociology and Memoir,"(3, 3)",,Undergraduate,
AFPRL 39061,Sociology and Memoir,"(3, 3)",,Undergraduate,
SOC 3252B,Sociology of Aging,"(3, 3)",,Undergraduate,
SOC 3251T,Sociology of American Jews,"(3, 3)",,Undergraduate,
JS 35001,Sociology of American Jews,"(3, 3)",,Undergraduate,
AFPRL 29024,Sociology of Blk Men,"(3, 3)",,Undergraduate,
SOC 25800,Sociology of Deviant Behavior,"(3, 3)",,Undergraduate,
SOC 32518,Sociology of Film,"(3, 3)",,Undergraduate,
SOC 31800,Sociology of Human Rights in Latin,"(3, 3)",,Undergraduate,
SOC 3251S,Sociology of Humor,"(3, 3)",,Undergraduate,
SOC 32563,Sociology of Islam,"(3, 3)",,Undergraduate,
SOC 34500,Sociology of Knowledge,"(3, 3)",,Undergraduate,
SOC 3251L,Sociology of Online Communities,"(3, 3)",,Undergraduate,
SOC 32100,Sociology of Organization,"(3, 3)",,Undergraduate,
SOC 3251E,Sociology of Pop Culture,"(3, 3)",,Undergraduate,
SOC 32600,Sociology of Punishment,"(3, 3)",,Undergraduate,
SOC 20500,Sociology of Religion,"(3, 3)",,Undergraduate,
SOC 42566,Sociology of Reproduction,"(3, 3)",,Undergraduate,
WGSS 29025,Sociology of the Body,"(3, 3)",,Undergraduate,
SOC 3251J,Sociology of the Body,"(3, 3)",,Undergraduate,
SOC 20100,Sociology of the Family,"(3, 3)",,Undergraduate,
WGSP 22300,Sociology of the Family,"(3, 3)",,Undergraduate,
SOC 42563,Sociology of the Gig Economy,"(3, 3)",,Undergraduate,
SOC 3251HHE,Sociology of the Internet and New Media,"(3, 3)",,Undergraduate,
SOC 3251H,Sociology of the Internet and New Media,"(3, 3)",,Undergraduate,
SOC 22565,Sociology of the Jewish Family,"(3, 3)",,Undergraduate,
SOC 3252P,Sociology of Violence and Genocide,"(3, 3)",,Undergraduate,
SOC 42561,"Socl Dev,Asesmt & Eval","(3, 3)",,Undergraduate,
RUSS 25089,Soclst Int'l Syst,"(3, 3)",,Undergraduate,
CSCI 39567,Soft.Eng.Pro.Models,"(3, 3)",,Undergraduate,
CSCI 13500,Software Analysis and Design 1,"(4, 4)",,Undergraduate,
CSCI 23500,Software Analysis and Design 2,"(3, 3)",,Undergraduate,
CSCI 33500,Software Analysis and Design 3,"(3, 3)",,Undergraduate,
CSCI 40500,Software Engineering,"(3, 3)",,Undergraduate,
CSCI 49352,Software Management,"(3, 3)",,Undergraduate,
CSCI 49363,Software Metric,"(3, 3)",,Undergraduate,
MUSTH 18100,Solfege 2,"(2, 2)",,Undergraduate,
MUSTH 28300,Solfege 4,"(2, 2)",,Undergraduate,
MUSTH 38400,Solfege 5,"(2, 2)",,Undergraduate,
MUSTH 28200,Solfege III,"(2, 2)",,Undergraduate,
PHYS 44500,Solid State Physics,"(3, 3)",,Undergraduate,
POL 25072,Solidarity & Beyond,"(3, 3)",,Undergraduate,
POLSC 27293,Solidarity and Beyond,"(3, 3)",,Undergraduate,
RUSS 25951,Solzhenitsyn,"(1, 1)",,Undergraduate,
HONS 2012K,Sonic Scholarship: Exploring Voices of Resistance,"(3, 3)",,Undergraduate,
HONS 20101,Soph Honors Colloq,"(1, 1)",,Undergraduate,
GRK 30700,Sophocles,"(3, 3)",,Undergraduate,
HONS 20102,Sophomore Honors Colloquium,"(2, 2)",,Undergraduate,
HONS 20150,Sophomore Honors Colloquium,"(3, 3)",,Undergraduate,
THEA 29706,Sound Design,"(3, 3)",,Undergraduate,
FILMP 38300,Sound Design,"(3, 3)",,Undergraduate,
FILMP 38300,Sound Design,"(3, 3)",,Undergraduate,
MEDP 38300,Sound Design,"(3, 3)",,Undergraduate,
FILM 29600,Sound for Film & Video I,"(3, 3)",,Undergraduate,
ANTHC 42664,Source: Ancient Egypt,"(3, 3)",,Undergraduate,
HONS 30179,Sources 20C Thought,"(3, 3)",,Undergraduate,
HONS 30167,South Africa & Southern Africa After Apartheid,"(3, 3)",,Undergraduate,
HONS 2012C,South Africa & Southern Africa During & After Apartheid,"(3, 3)",,Undergraduate,
POLSC 37250,South Africa After Apartheid,"(3, 3)",,Undergraduate,
AFPRL 39035,South Africa After Apartheid,"(3, 3)",,Undergraduate,
ENGL 39077,South African Literature,"(3, 3)",,Undergraduate,
ASIAN 33003,South Asian Communities in the US,"(3, 3)",,Undergraduate,
ASIAN 34051,South Asian Community in US,"(3, 3)",,Undergraduate,
ASIAN 39008,South Asian Migration History,"(3, 3)",,Undergraduate,
ENGL 25852,South Asian Women Literature,"(3, 3)",,Undergraduate,
ASIAN 22005,South Asian Women's Literature,"(3, 3)",,Undergraduate,
ENGL 32980,South Asian Writing in a Global Context,"(3, 3)",,Undergraduate,
ANTHC 20250,South East Asia:Peopls&Culture,"(3, 3)",,Undergraduate,
ENGL 39849,South Writers Race,"(3, 3)",,Undergraduate,
ASIAN 33007,Southeast Asians in Contemporary U.S.,"(3, 3)",,Undergraduate,
AFPRL 29015,Southern African Politics,"(3, 3)",,Undergraduate,
ARTH 23500,Southern Baroque,"(3, 3)",,Undergraduate,
RUSS 25956,Sov Women Writrs/Eng,"(1, 1)",,Undergraduate,
ECO 39553,Soviet Economy,"(3, 3)",,Undergraduate,
HIST 37600,Soviet Foreign Policy,"(3, 3)",,Undergraduate,
POLSC 37356,Soviet Foreign Policy,"(3, 3)",,Undergraduate,
HIST 14154,Soviet Foreign Policy,"(3, 3)",,Undergraduate,
POLSC 37359,Soviet-U.S. Relations,"(3, 3)",,Undergraduate,
POLSC 27382,Soviets and the 3D World,"(3, 3)",,Undergraduate,
POLSC 37364,Soviets and Third World,"(3, 3)",,Undergraduate,
SPAN 34700,Sp Am Lit Org-Rom-Rl,"(3, 3)",,Undergraduate,
FILM 26900,Sp Am Wm Lt & Cine,"(3, 3)",,Undergraduate,
ANTHC 32553,Sp Prj:Remote Snsing,"(3, 3)",,Undergraduate,
ENGL 48459,Sp Sd: Inr Lives,"(3, 3)",,Undergraduate,
ENGL 48450,Sp St: Allegory,"(3, 3)",,Undergraduate,
THEA 29783,Sp Tc:Russ Drma Eng,"(3, 3)",,Undergraduate,
SOSCI 29800,Sp Top Soc Sci,"(3, 3)",,Undergraduate,
THEA 29760,Sp Top: Adv Make-Up,"(3, 3)",,Undergraduate,
SPAN 36251,Sp Top: Galdos,"(3, 3)",,Undergraduate,
ITAL 37060,Sp Top: Novella Genre,"(3, 3)",,Undergraduate,
PSYCH 39075,Sp Top: Psy of Comm,"(3, 3)",,Undergraduate,
PSYCH 49556,Sp Top: Psych & Art,"(3, 3)",,Undergraduate,
PSYCH 39575,Sp Top:Psy of Comm,"(3, 3)",,Undergraduate,
PSYCH 39555,Sp Top:Psy of Stress,"(3, 3)",,Undergraduate,
GEOG 38251,Sp Top:Severe Storms,"(2, 2)",,Undergraduate,
THEA 29766,Sp Topics in Theater,"(3, 3)",,Undergraduate,
ARTCR 36035,Sp Topics: Figure Drawing,"(3, 3)",,Undergraduate,
MEDIA 39904,"Sp Topics: Race, Gender & AI","(3, 3)",,Undergraduate,
SOSCI 29751,Sp Tp Sosci:Interp,"(3, 3)",,Undergraduate,
POL 25051,Sp Tp: Adv Pol Convs,"(3, 3)",,Undergraduate,
PSYCH 19553,Sp Tp: Dvpmnt Gen Rol,"(3, 3)",,Undergraduate,
ITAL 37031,Sp Tp: Italian Literature,"(3, 3)",,Undergraduate,
POLSC 27290,Sp Tp:20th Century Carib Politics,"(3, 3)",,Undergraduate,
PSYCH 39578,Sp Tp:Cognitive Psy,"(3, 3)",,Undergraduate,
ENGL 32960,Sp Tp:Cross-Cullture Literature,"(3, 3)",,Undergraduate,
PSYCH 29564,Sp Tp:Drugs & Society,"(3, 3)",,Undergraduate,
POLSC 27294,Sp Tp:European Community,"(3, 3)",,Undergraduate,
PSYCH 39572,"Sp Tp:Gndr,Ethn,Race","(3, 3)",,Undergraduate,
SOC 32509,Sp Tp:Gndr-3rd Wrld,"(3, 3)",,Undergraduate,
ENGL 25093,Sp Tp:Multiclt Amer Writers,"(3, 3)",,Undergraduate,
PSYCH 39078,Sp Tp:Neurobio Memor,"(3, 3)",,Undergraduate,
PSYCH 29563,Sp Tp:Prof of Psych,"(3, 3)",,Undergraduate,
ITAL 36120,Sp Tp:Renaissance,"(3, 3)",,Undergraduate,
PSYCH 29562,Sp Tp:Tutoring-Psych,"(3, 3)",,Undergraduate,
ENGL 25091,Sp Tp:War & Literature Imagin,"(3, 3)",,Undergraduate,
PSYCH 39051,Sp Tp:Winnicott,"(3, 3)",,Undergraduate,
PSYCH 39568,Sp Tpc: Art & Psych,"(3, 3)",,Undergraduate,
ANTHC 32094,Sp Tpc: Historical Anthopology,"(3, 3)",,Undergraduate,
PSYCH 39567,Sp Tpc:Advn So Psych,"(3, 3)",,Undergraduate,
ITAL 36130,Sp Tpc:Novella Genre,"(3, 3)",,Undergraduate,
PSYCH 39571,Sp Tpc:Thrs in Psych,"(3, 3)",,Undergraduate,
THEA 39774,Sp. Top.Asian Am Wom,"(3, 3)",,Undergraduate,
ANTHC 40199,Space & Time in Ethnology,"(3, 3)",,Undergraduate,
ANTHC 30252,Space and Place,"(3, 3)",,Undergraduate,
ANTHC 30251,"Space, Politics & Culture: NYC","(3, 3)",,Undergraduate,
URBS 40399,"Space,Pol & Cult: NYC","(3, 3)",,Undergraduate,
LACS 43418,Span Am Lit Colonial,"(3, 3)",,Undergraduate,
LACS 43419,"Span Am Rom,Relsm","(3, 3)",,Undergraduate,
SPAN 37102,Span Amer Short story,"(3, 3)",,Undergraduate,
SPAN 22271,Span for Oral Comm,"(3, 3)",,Undergraduate,
SPAN 27100,Span for Oral Comm,"(3, 3)",,Undergraduate,
THEA 39791,Span Thea in Perfrmn,"(3, 3)",,Undergraduate,
LACS 43443,Span-Am Mod & Postmd,"(3, 3)",,Undergraduate,
SPAN 37110,Spanish American Fiction I,"(3, 3)",,Undergraduate,
SPAN 37112,Spanish American Literature Poetry Seminar,"(3, 3)",,Undergraduate,
SPAN 26900,Spanish American Women's Literature and Cinema,"(3, 3)",,Undergraduate,
WGSA 26900,Spanish American Women’s Literature and Cinema,"(3, 3)",,Undergraduate,
HONS 2011J,Spanish Civil War in Literature and Film,"(3, 3)",,Undergraduate,
SPAN 33500,Spanish Civilization,"(3, 3)",,Undergraduate,
SPAN 27000,Spanish Composition for Spanish-Speaking Students,"(3, 3)",,Undergraduate,
SPAN 34500,Spanish Drama of Golden Age,"(3, 3)",,Undergraduate,
SPAN 21200,Spanish for Classroom Communication,"(3, 3)",,Undergraduate,
SPAN 37143,Spanish for Global Work,"(3, 3)",,Undergraduate,
SPAN 22100,Spanish for Oral Communication,"(3, 3)",,Undergraduate,
SPAN 21000,Spanish for Social Service Fields,"(3, 3)",,Undergraduate,
SPAN 21100,Spanish Grammar and Composition,"(3, 3)",,Undergraduate,
SPAN 35500,Spanish Literature from Realism to World War I,"(3, 3)",,Undergraduate,
SPAN 34300,Spanish Literature of the Middle Ages,"(3, 3)",,Undergraduate,
SPAN 34800,Spanish Neoclassicism and Romanticism,"(3, 3)",,Undergraduate,
SPAN 35300,Spanish Neoclassicism and Romanticism,"(3, 3)",,Undergraduate,
PHILO 20054,Spanish Philosophy,"(3, 3)",,Undergraduate,
SPAN 33100,Spanish Phonetics and Diction,"(3, 3)",,Undergraduate,
SPAN 37036,Spanish Poetry - Middle Ages,"(3, 3)",,Undergraduate,
SPAN 35000,Spanish Poetry of the Golden Age,"(3, 3)",,Undergraduate,
SPAN 34900,Spanish Prose of the Golden Age,"(3, 3)",,Undergraduate,
SPAN 31300,Spanish Stylistics,"(3, 3)",,Undergraduate,
SPAN 37030,"Spanish Then & Now: History, Evolution, and Current Trends in Linguistics","(3, 3)",,Undergraduate,
SPAN 32100,Spanish Translation,"(3, 3)",,Undergraduate,
SPAN 31500,Spanish Writing Workshop 2: Narrative,"(3, 3)",,Undergraduate,
SPAN 31400,Spanish Writing Workshop I: Poetry,"(3, 3)",,Undergraduate,
SPAN 37127,Spanish-American Literature Colonial Period,"(3, 3)",,Undergraduate,
SPAN 36000,Spanish-American Literature of the Colonial Period,"(3, 3)",,Undergraduate,
SPAN 36400,Spanish-American Modernism and Postmodernism,"(3, 3)",,Undergraduate,
SPAN 36200,"Spanish-American Romanticism, Realism, and Naturalism","(3, 3)",,Undergraduate,
GTECH 33100,Spatial Data Science 1,"(3, 3)",,Undergraduate,
CLA 34051,Spc Top: Beg Arabic,"(3, 3)",,Undergraduate,
COMSC 42000,Spch Path 1,"(4, 4)",,Undergraduate,
PSYCH 29565,Spec Fld Wrk W/Sem,"(3, 3)",,Undergraduate,
MUSPF 36355,Spec Std:Recital,"(3, 3)",,Undergraduate,
THEA 29751,Spec Top: Improv,"(3, 3)",,Undergraduate,
ITAL 37020,Spec Topic: Ital Lit,"(3, 3)",,Undergraduate,
EDUC 40061,Spec topics: Issue Health Educ,"(3, 3)",,Undergraduate,
FILM 39760,Spec Topics:The 60's,"(3, 3)",,Undergraduate,
FILM 39754,Spec Topics:The 80's,"(3, 3)",,Undergraduate,
ARTCR 36088,Special Program: Ste Sp Art,"(3, 3)",,Undergraduate,
ARTCR 36060,Special Project in 2D & 3D,"(3, 3)",,Undergraduate,
ARTCR 36069,Special Project: Color Photography,"(3, 3)",,Undergraduate,
ANTHC 32510,Special Projects and Independent Research,"(3, 3)",,Undergraduate,
ANTHC 32500,Special Projects and Independent Research In Anthropology,"(3, 3)",,Undergraduate,
ARTCR 36062,Special Projects: Chem of Glazes,"(3, 3)",,Undergraduate,
ARTCR 36024,Special Projects: Painting the Body,"(3, 3)",,Undergraduate,
ARTCR 36016,Special Projects: Sound Studies,"(3, 3)",,Undergraduate,
CLA 30700,Special Studies in Ancient Roman Culture,"(3, 3)",,Undergraduate,
MUSPF 36300,Special Studies in Performance of Music,"(3, 3)",,Undergraduate,
MUSPF 36100,Special Studies in Performance of Music,"(1, 1)",,Undergraduate,
ENGL 48468,Special Studies Seminar,"(3, 3)",,Undergraduate,
ENGL 48461,Special Studies Seminar,"(3, 3)",,Undergraduate,
ENGL 48478,Special Studies Seminar,"(3, 3)",,Undergraduate,
ENGL 48471,Special Studies Seminar,"(3, 3)",,Undergraduate,
ENGL 48466,Special Studies Seminar,"(3, 3)",,Undergraduate,
ENGL 48400,Special Studies Seminar,"(3, 3)",,Undergraduate,
ENGL 48200,Special Studies Seminar,"(1, 1)",,Undergraduate,
ENGL 38363,Special Studies Seminar,"(3, 3)",,Undergraduate,
ENGL 48455,Special Studies Seminar,"(3, 3)",,Undergraduate,
ENGL 48363,Special Studies Seminar,"(3, 3)",,Undergraduate,
ENGL 48454,Special Studies Seminar,"(3, 3)",,Undergraduate,
ENGL 48456,Special Studies Seminar,"(3, 3)",,Undergraduate,
ENGL 48466,Special Studies Seminar,"(3, 3)",,Undergraduate,
ENGL 48475,Special Studies Seminar,"(3, 3)",,Undergraduate,
ENGL 48465,Special Studies Seminar,"(3, 3)",,Undergraduate,
ENGL 48471,Special Studies Seminar,"(3, 3)",,Undergraduate,
ENGL 48400,Special Studies Seminar,"(3, 3)",,Undergraduate,
ENGL 48460,Special Studies Seminar,"(3, 3)",,Undergraduate,
SPAN 36252,Special Topic: Cevantes,"(3, 3)",,Undergraduate,
PSYCH 39569,Special Topic: Community Psychology,"(3, 3)",,Undergraduate,
PSYCH 29558,Special Topic: Sex and Gender,"(3, 3)",,Undergraduate,
PSYCH 29570,Special Topic: Translational Neuroscience 3,"(3, 3)",,Undergraduate,
PSYCH 29561,Special Topics,"(3, 3)",,Undergraduate,
ARTCR 36000,Special Topics,"(3, 3)",,Undergraduate,
SPAN 37116,Special Topics,"(3, 3)",,Undergraduate,
ENGL 38770,Special Topics,"(3, 3)",,Undergraduate,
PSYCH 39079,Special Topics : Neuropsy of Em,"(3, 3)",,Undergraduate,
ARB 30002,Special Topics Arabic Translation,"(3, 3)",,Undergraduate,
SPAN 37101,Special Topics Borges,"(3, 3)",,Undergraduate,
ARTH 47002,Special Topics Contemporary Art in China,"(3, 3)",,Undergraduate,
ENGL 38641,Special Topics Deconstructing Whiteness,"(3, 3)",,Undergraduate,
BIOL 40000,Special Topics in Advanced Laboratory Techniques,"(2, 2)",,Undergraduate,
ARTH 31103,Special Topics in Ancient Art: Byzantine,"(3, 3)",,Undergraduate,
ARTH 38103,Special Topics in Art History: Art and Visual Culture of the African Diaspora in Latin America,"(3, 3)",,Undergraduate,
ARTH 34103,Special Topics in Baroque Art: Vermeer and his Contemporaries,"(3, 3)",,Undergraduate,
BIOL 47100,Special Topics in Biology,"(3, 3)",,Undergraduate,
BIOL 47135,Special Topics in Biology: Mitochondrial Impairment in Neurodegeneration,"(3, 3)",,Undergraduate,
BIOL 47192,Special Topics in Cell Biology of the Nervous System,"(3, 3)",,Undergraduate,
THEA 39721,Special Topics in Character Body and Speech for the Actor,"(3, 3)",,Undergraduate,
CHEM 38863,Special Topics in Chemistry - Solid State Chemistry,"(3, 3)",,Undergraduate,
SAS 10001,"Special Topics in Civic Understanding: Children, Youth and Families","(3, 3)",,Undergraduate,
SAS 10002,Special Topics in Civic Understanding: The Opportunities and Hazards of Presidential Transitions,"(3, 3)",,Undergraduate,
GEOG 30600,Special Topics in Contemporary and Regional Geographies,"(3, 3)",,Undergraduate,
JPN 40300,Special Topics in Contemporary Japanese Culture,"(3, 3)",,Undergraduate,
PGEOG 38300,Special Topics in Environmental Studies,"(3, 3)",,Undergraduate,
BIOL 37100,Special Topics in Experimental Biology,"(3, 3)",,Undergraduate,
WGST 29000,Special Topics in Feminist Thought and Theory,"(3, 3)",,Undergraduate,
GEOL 38200,Special Topics in Geology and Oceanography,"(None, None)",,Undergraduate,
GEOL 38100,Special Topics in Geology and Oceanography,"(None, None)",,Undergraduate,
PH 40058,Special Topics in Health Care and Latin America,"(3, 3)",,Undergraduate,
MUSHL 26100,Special Topics in History and Literature of Music,"(3, 3)",,Undergraduate,
HR 22000,Special Topics in Human Rights,"(3, 3)",,Undergraduate,
HR 32000,Special Topics in Human Rights,"(3, 3)",,Undergraduate,
JS 35000,Special Topics in Jewish Studies,"(3, 3)",,Undergraduate,
JS 25000,Special Topics in Jewish Studies,"(3, 3)",,Undergraduate,
JS 35008,Special Topics in Jewish Studies: Jewish Novels that Changed the World,"(3, 3)",,Undergraduate,
ENGL 35810,Special Topics in Jewish Studies: Jewish Novels that Changed the World,"(3, 3)",,Undergraduate,
JS 35002,Special Topics in Jewish Studies: Sociology of Jewish Humor,"(3, 3)",,Undergraduate,
SOC 3251Y,Special Topics in Jewish Studies: Sociology of Jewish Humor,"(3, 3)",,Undergraduate,
MEDPL 39900,Special Topics in Journalism,"(3, 3)",,Undergraduate,
MEDP 39906,Special Topics in Journalism: Political Reporting,"(3, 3)",,Undergraduate,
MUSTH 36109,Special Topics in Music Theory: Introduction to Digital Audio,"(3, 3)",,Undergraduate,
MUSTH 36171,Special Topics in Music Theory: Introduction to Max/MSP,"(3, 3)",,Undergraduate,
STAT 39551,Special Topics in Nonparametric Statistics,"(3, 3)",,Undergraduate,
ARTCR 36083,Special Topics in Painting,"(3, 3)",,Undergraduate,
MUSPF 36207,Special Topics in Performance: Music as a Career,"(2, 2)",,Undergraduate,
PSYCH 29500,Special Topics in Psychology,"(3, 3)",,Undergraduate,
PSYCH 40000,Special Topics in Psychology 4,"(3, 3)",,Undergraduate,
WGSS 29000,Special Topics in Sexualities,"(3, 3)",,Undergraduate,
RUSS 24600,Special Topics in Slavic Literature and Cultures,"(3, 3)",,Undergraduate,
RUSS 25600,Special Topics in Slavic Literatures and Cultures in English Translation,"(3, 3)",,Undergraduate,
SPAN 37100,Special Topics in Spanish-American Literature,"(3, 3)",,Undergraduate,
SOSCI 29700,Special Topics in the Social Sciences,"(3, 3)",,Undergraduate,
THEA 29700,Special Topics in Theatre,"(3, 3)",,Undergraduate,
THEA 25301,Special Topics in Theatre Performance,"(3, 3)",,Undergraduate,
JPN 30300,Special Topics in Traditional Japanese Culture,"(3, 3)",,Undergraduate,
GEOG 30500,Special Topics in Urban and Regional Dynamics,"(3, 3)",,Undergraduate,
MUSPF 36908,Special Topics in Vocal Performance: Pocket Opera,"(1, 1)",,Undergraduate,
FILM 21500,Special Topics in Women and Film,"(3, 3)",,Undergraduate,
ARTH 36101,Special Topics Islamic Art: Great Builidngs if Islam,"(3, 3)",,Undergraduate,
ARTH 38106,Special Topics Lecture in Art History: Asian Art,"(3, 3)",,Undergraduate,
ARTH 37100,Special Topics Lecture in Asian Art,"(3, 3)",,Undergraduate,
ARTH 37101,Special Topics Lecture in Asian Art - Chinese Calligraphy,"(3, 3)",,Undergraduate,
ARTH 36000,Special Topics Lecture in Islamic Art,"(3, 3)",,Undergraduate,
ARTH 36102,"Special Topics Lecture in Islamic Art, Islamic Albums","(3, 3)",,Undergraduate,
ARTH 32100,Special Topics Lecture in Medieval Art,"(3, 3)",,Undergraduate,
ARTH 35100,Special Topics Lecture in Modern Art,"(3, 3)",,Undergraduate,
ARTH 35101,Special Topics Lecture in Modern Art - Contemporary Art,"(3, 3)",,Undergraduate,
ARTH 35111,Special Topics Lecture in Modern Art: European Avant-Garde,"(3, 3)",,Undergraduate,
ARTH 35112,Special Topics Lecture in Modern Art: Mexican Renaissance,"(3, 3)",,Undergraduate,
ENGL 35588,Special Topics Problem Women,"(3, 3)",,Undergraduate,
ENGL 34257,Special Topics Visual Rehetoric,"(3, 3)",,Undergraduate,
ARTH 34106,Special Topics: 17th-Century French Art,"(3, 3)",,Undergraduate,
SPAN 37119,Special Topics: 19th Century Disparate Poetics: Guachesa and Modernismo,"(3, 3)",,Undergraduate,
ARTH 35103,Special Topics: 19th Century Photo,"(3, 3)",,Undergraduate,
POLSC 29412,Special Topics: 2016 Presidential Elections,"(3, 3)",,Undergraduate,
PSYCH 38203,Special Topics: Affective Neuroscience,"(3, 3)",,Undergraduate,
HIST 3412B,Special Topics: Africa Great Lakes,"(3, 3)",,Undergraduate,
AFPRL 2901J,Special Topics: African American Political Thought,"(3, 3)",,Undergraduate,
POLSC 20403,Special Topics: African American Political Thought,"(3, 3)",,Undergraduate,
REL 26163,Special Topics: African American Theology,"(3, 3)",,Undergraduate,
DAN 25275,Special Topics: African Diasporic Forms,"(2, 2)",,Undergraduate,
DAN 25272,Special Topics: African-American Social Dance,"(2, 2)",,Undergraduate,
ENGL 39843,Special Topics: American Literature and Ecocriticism,"(3, 3)",,Undergraduate,
ARTH 31102,Special Topics: Ancient Art - Pre Columbian,"(3, 3)",,Undergraduate,
CSCI 39454,Special Topics: Android Application Development,"(2, 2)",,Undergraduate,
ANTHC 32562,Special Topics: Anthropology China and Central Asia,"(3, 3)",,Undergraduate,
ARTH 35113,Special Topics: Art and Revolution Mexican Modernisms,"(3, 3)",,Undergraduate,
PSYCH 39077,Special Topics: Attitudes and Attitude Change,"(3, 3)",,Undergraduate,
MEDIA 39919,Special Topics: Changing Media Landscape US Policy and Politics,"(3, 3)",,Undergraduate,
THEA 25349,Special Topics: Chekhov,"(3, 3)",,Undergraduate,
URBS 4031P,Special Topics: Cities and Nature,"(3, 3)",,Undergraduate,
DAN 25299,Special Topics: College Now,"(2, 2)",,Undergraduate,
CHEM 38864,Special Topics: Computational Chemistry,"(3, 3)",,Undergraduate,
THEA 29704,Special Topics: Computer Aided Design,"(3, 3)",,Undergraduate,
PSYCH 49553,Special Topics: Computer Psych Research,"(3, 3)",,Undergraduate,
DAN 25264,Special Topics: Contemporary Ballet Partnering,"(2, 2)",,Undergraduate,
THEA 39733,Special Topics: Devising Theatre for Young Audiences Laboratory,"(3, 3)",,Undergraduate,
ENGL 49402,"Special Topics: Early Modern British Women, Marriage and the Law","(3, 3)",,Undergraduate,
ENGL 49403,Special Topics: Early Native Amer Literature 1555-1854,"(3, 3)",,Undergraduate,
MUSPF 36205,Special Topics: Ensemble Middle East,"(2, 2)",,Undergraduate,
ARTCR 36050,Special Topics: Everything is Personal/ The Autobiographic Narrative,"(3, 3)",,Undergraduate,
PGEOG 38367,Special Topics: Field Ecology of New York City,"(3, 3)",,Undergraduate,
THEA 39725,Special Topics: Filmmaking for Actors,"(3, 3)",,Undergraduate,
MEDP 39966,Special Topics: Food in Film and Media,"(3, 3)",,Undergraduate,
DAN 25277,Special Topics: Fundamental Street/Club Forms,"(2, 2)",,Undergraduate,
DAN 25276,Special Topics: Fundamentals of Hip Hop,"(2, 2)",,Undergraduate,
ARTH 38102,"Special Topics: Gender, Sexuality and Art","(3, 3)",,Undergraduate,
ENGL 39003,Special Topics: Global Modernisms,"(3, 3)",,Undergraduate,
DAN 35266,Special Topics: Hip Hop Dance 3,"(2, 2)",,Undergraduate,
HIST 25014,Special Topics: History and Theater,"(3, 3)",,Undergraduate,
HIST 3412C,Special Topics: History of Anti-Semitism,"(3, 3)",,Undergraduate,
HONS 3011M,Special Topics: History of the Book,"(3, 3)",,Undergraduate,
SPAN 39004,Special Topics: History of Translation Canonical texts from Cicoro to Venuti,"(3, 3)",,Undergraduate,
PHILO 20096,Special Topics: Human and Animals,"(3, 3)",,Undergraduate,
RUSS 25618,Special Topics: Humor and Satire to Russian Literature,"(3, 3)",,Undergraduate,
URBS 40377,Special Topics: Independent Research,"(3, 3)",,Undergraduate,
POLSC 29413,"Special Topics: International Humanitarian Law, Wartime Law and Justice","(3, 3)",,Undergraduate,
WGSL 29004,Special Topics: International Sex Tourism,"(3, 3)",,Undergraduate,
ENGL 33378,Special Topics: Interpersonal Communication,"(3, 3)",,Undergraduate,
ARTH 37102,Special Topics: Islamic Art,"(3, 3)",,Undergraduate,
REL 36100,Special Topics: Issues in Religion,"(3, 3)",,Undergraduate,
POLSC 29419,Special Topics: Labor Rights and US Public Policy,"(3, 3)",,Undergraduate,
HIST 3412A,Special Topics: Later Imperial China,"(3, 3)",,Undergraduate,
PSYCH 19555,Special Topics: Latino/Puerto Rican Youth Identity and Psychosocial Health,"(3, 3)",,Undergraduate,
AFPRL 39014,Special Topics: Leadership and Movements of Puerto Rican/Latino Urban Communities,"(3, 3)",,Undergraduate,
ARTH 32001,Special Topics: Lecture in Medieval Art,"(3, 3)",,Undergraduate,
ITAL 36510,Special Topics: Mapping Italy''s National Consciousness,"(3, 3)",,Undergraduate,
MEDIA 29905,Special Topics: Media in Africa,"(3, 3)",,Undergraduate,
MEDIA 29939,Special Topics: Media in Africa,"(3, 3)",,Undergraduate,
MLSP 40067,Special Topics: Medical Technology,"(3, 3)",,Undergraduate,
SPAN 37103,Special Topics: Mexico-Literature and Nation,"(3, 3)",,Undergraduate,
JPN 26140,Special Topics: Modern Japanese Literature and Society,"(3, 3)",,Undergraduate,
DAN 25262,Special Topics: Modern Partnering,"(2, 2)",,Undergraduate,
ENGL 39004,Special Topics: Modernism in the Arts,"(3, 3)",,Undergraduate,
PSYCH 29568,Special Topics: Neuroscience 1,"(3, 3)",,Undergraduate,
PSYCH 29569,Special Topics: Neuroscience 2,"(3, 3)",,Undergraduate,
PSYCH 29571,Special Topics: Neuroscience IIII,"(3, 3)",,Undergraduate,
PSYCH 39556,Special Topics: Obesity,"(3, 3)",,Undergraduate,
ENGL 25036,Special Topics: Paranoia in Literature,"(3, 3)",,Undergraduate,
ARTH 45013,Special Topics: Performance Art,"(3, 3)",,Undergraduate,
ARTH 45012,Special Topics: Photojournalism,"(3, 3)",,Undergraduate,
ENGL 48202,Special Topics: Poetry Reading and Writing,"(1, 1)",,Undergraduate,
ANTHC 31001,Special Topics: Politics of Memory,"(3, 3)",,Undergraduate,
ANTHC 32004,Special Topics: Postcards to Pinterest: Privacy and Accessibility in Our Online World,"(3, 3)",,Undergraduate,
ANTHP 40102,Special Topics: Primate Disease Ecology,"(3, 3)",,Undergraduate,
THEA 39724,Special Topics: Producing,"(3, 3)",,Undergraduate,
POLSC 29415,Special Topics: Protecting the Arts: Law & Policy,"(3, 3)",,Undergraduate,
WGS 10101,Special Topics: Psychosocial Health of Puerto Rican Latina Women,"(3, 3)",,Undergraduate,
PSYCH 19556,Special Topics: Psychosocial Health of Puerto Rican Latina Women,"(3, 3)",,Undergraduate,
AFPRL 19056,Special Topics: Psychosocial Health of Puerto Rican/Latina Women,"(3, 3)",,Undergraduate,
ENGL 39842,Special Topics: Radical U.S. Literature,"(3, 3)",,Undergraduate,
POLSC 37315,Special Topics: Refugees and Global Politics,"(3, 3)",,Undergraduate,
REL 26162,Special Topics: Religion and Capitalism,"(3, 3)",,Undergraduate,
REL 26161,Special Topics: Religion and Law,"(3, 3)",,Undergraduate,
POLSC 29414,Special Topics: Religion and the Constitution,"(3, 3)",,Undergraduate,
REL 26200,Special Topics: Religious Traditions,"(3, 3)",,Undergraduate,
ITAL 37035,Special Topics: Renaissance,"(3, 3)",,Undergraduate,
ARTCR 36027,Special Topics: Risography at Governor's Island,"(3, 3)",,Undergraduate,
RUSS 25617,Special Topics: Russian and European Immigrant NY,"(3, 3)",,Undergraduate,
PSYCH 19554,Special Topics: Sexism and Racism,"(3, 3)",,Undergraduate,
ENGL 25050,Special Topics: Short Story,"(3, 3)",,Undergraduate,
MEDIA 29904,Special Topics: Showrunners,"(3, 3)",,Undergraduate,
ANTHC 32005,Special Topics: Social Media Lang Tech,"(3, 3)",,Undergraduate,
POLSC 29420,Special Topics: Social Welfare Politics in the US,"(3, 3)",,Undergraduate,
THEA 39762,Special Topics: Solo Performance,"(3, 3)",,Undergraduate,
SPAN 37042,Special Topics: Spanish Anarchist and Feminist Women Writer,"(3, 3)",,Undergraduate,
DAN 25266,Special Topics: Street/Club Forms 1,"(2, 2)",,Undergraduate,
DAN 35267,Special Topics: Street/Club Forms 3,"(2, 2)",,Undergraduate,
DAN 35268,Special Topics: Study Abroad: Teaching Practices Based on Embodied Research,"(2, 2)",,Undergraduate,
ITAL 36171,Special Topics: Tasso's Jerusalem Delievered the Pastoral and his Poetry Genius and Melancholy,"(3, 3)",,Undergraduate,
MUSPF 36206,Special Topics: The Art of A Cappella II,"(2, 2)",,Undergraduate,
SPAN 37120,Special Topics: The Latin American Boom in Perspective,"(3, 3)",,Undergraduate,
ENGL 38869,Special Topics: The Vampire in the Arts,"(3, 3)",,Undergraduate,
THEA 25350,Special Topics: Theater Performance,"(3, 3)",,Undergraduate,
THEA 40159,Special Topics: Theatre CoLab,"(3, 3)",,Undergraduate,
REL 36000,Special Topics: Theoretical Studies in Religion,"(3, 3)",,Undergraduate,
HUM 15054,Special Topics: Thinking Through Poetry,"(3, 3)",,Undergraduate,
DAN 25200,Special Topics: Traditional Dance 1,"(2, 2)",,Undergraduate,
DAN 35200,Special Topics: Traditional Dance 2,"(2, 2)",,Undergraduate,
URBS 4031N,Special Topics: Urban Heat Island,"(3, 3)",,Undergraduate,
ITAL 36550,Special Topics: Women in the City - A Comparative Study of Women Film Makers,"(3, 3)",,Undergraduate,
ENGL 30992,Special Topics: Zora Neale Hurston,"(3, 3)",,Undergraduate,
ENGL 38992,Special Topics: Zora Neale Hurston's Spy Glass,"(3, 3)",,Undergraduate,
ARTH 39923,Special Topics:Architec in NYC,"(3, 3)",,Undergraduate,
ARTH 38107,Special Topics:Cuban ART,"(3, 3)",,Undergraduate,
PH 40002,Special Topics:Infectious Disease Control,"(3, 3)",,Undergraduate,
ARTH 39922,Special Topics:Modern Art,"(3, 3)",,Undergraduate,
PSYCH 19557,Special Topics:The Psychology of Thinking and Social Influence,"(3, 3)",,Undergraduate,
ENGL 32950,Special Topics:Voyages & Journeys,"(3, 3)",,Undergraduate,
EDUC 49064,Sped Top: Rdg/Wrtg,"(3, 3)",,Undergraduate,
COMSC 30600,Speech Acoust Percpt,"(3, 3)",,Undergraduate,
PHILO 39484,Speech Acts,"(3, 3)",,Undergraduate,
COMSC 42100,Speech Path 2,"(3, 3)",,Undergraduate,
WGSP 20021,Speech Prtcptn Wkshp,"(3, 3)",,Undergraduate,
ENGL 38357,Spenser,"(3, 3)",,Undergraduate,
ENGL 38355,Spensers Fairie Queene,"(3, 3)",,Undergraduate,
ENGL 38671,"Spies, Paranoids","(3, 3)",,Undergraduate,
PHILO 38040,Spinoza,"(3, 3)",,Undergraduate,
HONS 20156,Spirals in the 20th Century,"(3, 3)",,Undergraduate,
PSYCH 39057,Spirituality and Psychology,"(3, 3)",,Undergraduate,
NURS 46500,Spirituality in Nursing Care,"(2, 2)",,Undergraduate,
ARB 24901,Spoken Egyptian Arabic,"(3, 3)",,Undergraduate,
PSYCH 39091,Sport & Exercise Psych,"(3, 3)",,Undergraduate,
CLA 30657,Sports in Ancient World,"(3, 3)",,Undergraduate,
MEDPL 39902,Sports Reporting,"(3, 3)",,Undergraduate,
MEDPL 39902,Sports Reporting,"(3, 3)",,Undergraduate,
SOSCI 29752,Sptp:Asian in the US,"(3, 3)",,Undergraduate,
EDUC 46100,St Tch Biol Sec Schl,"(6, 6)",,Undergraduate,
EDUC 46200,St Tch Chem Sec Schl,"(6, 6)",,Undergraduate,
EDUC 46700,St Tch Chin Sec Schl,"(6, 6)",,Undergraduate,
EDUC 48300,St Tch Dance Sec Sch,"(6, 6)",,Undergraduate,
EDUC 46400,St Tch Earth Sci Sec,"(6, 6)",,Undergraduate,
EDUC 46600,St Tch Engl Sec Schl,"(6, 6)",,Undergraduate,
EDUC 46800,St Tch Fren Sec Schl,"(6, 6)",,Undergraduate,
EDUC 46300,St Tch Gen Sc Sec Sc,"(6, 6)",,Undergraduate,
EDUC 46900,St Tch Germ Sec Schl,"(6, 6)",,Undergraduate,
EDUC 47000,St Tch Hebr Sec Schl,"(6, 6)",,Undergraduate,
EDUC 47500,St Tch Hlth Sec Schl,"(6, 6)",,Undergraduate,
EDUC 45200,St Tch Home Eco Sec,"(6, 6)",,Undergraduate,
EDUC 47100,St Tch Ital Sec Schl,"(6, 6)",,Undergraduate,
EDUC 47900,St Tch Math Sec Schl,"(6, 6)",,Undergraduate,
EDUC 48000,St Tch Music Sec Sch,"(6, 6)",,Undergraduate,
EDUC 46500,St Tch Phys Sec Schl,"(6, 6)",,Undergraduate,
EDUC 47300,St Tch Russ Sec Schl,"(6, 6)",,Undergraduate,
EDUC 48100,St Tch Soc Std Sec,"(6, 6)",,Undergraduate,
EDUC 48200,St Tch Sp&The Sec Sc,"(6, 6)",,Undergraduate,
EDUC 47400,St Tch Span Sec Schl,"(6, 6)",,Undergraduate,
PSYCH 39084,St: Adolescent Dev,"(3, 3)",,Undergraduate,
PHYS 33700,Sta Th App Chem Biol,"(4, 4)",,Undergraduate,
THEA 29793,Stage Combat,"(3, 3)",,Undergraduate,
THEA 25353,Stage Combat,"(3, 3)",,Undergraduate,
THEA 29763,Stage Costume Tech,"(3, 3)",,Undergraduate,
THEA 38400,Stage Lighting,"(3, 3)",,Undergraduate,
DAN 22400,Stagecraft,"(1, 1)",,Undergraduate,
THEA 28300,Stagecraft,"(3, 3)",,Undergraduate,
THEA 29200,Stagecraft,"(3, 3)",,Undergraduate,
REL 30651,Stages in Life's Way,"(3, 3)",,Undergraduate,
THEA 39722,Staging History,"(3, 3)",,Undergraduate,
THEA 29705,Staging Social Justice,"(3, 3)",,Undergraduate,
MUSHL 26170,Star-Crossed Lovers,"(3, 3)",,Undergraduate,
ENGL 48463,Starting a Novel,"(3, 3)",,Undergraduate,
STAT 21700,Stat Data Process 2,"(3, 3)",,Undergraduate,
CSCI 39558,Stat Packages- Spssx,"(3, 3)",,Undergraduate,
PSYCH 34800,Stat Practicum Psych,"(3, 3)",,Undergraduate,
POLSC 35200,State and Society in Africa,"(3, 3)",,Undergraduate,
POLSC 27233,State Formation & Corruption,"(3, 3)",,Undergraduate,
POLSC 21100,State Government and Politics,"(3, 3)",,Undergraduate,
POLSC 37253,State Society Africa,"(3, 3)",,Undergraduate,
HONS 20179,State&Socy in Africa,"(3, 3)",,Undergraduate,
POLSC 48011,"State, Soc Africa: Ho","(3, 3)",,Undergraduate,
ENGL 49419,Statecraft/Stagecraft: Theory and Text Explorations in Performance Studies,"(3, 3)",,Undergraduate,
PSYCH 32800,States of Consciousness,"(3, 3)",,Undergraduate,
STAT 11700,Statistic Data Processing I,"(3, 3)",,Undergraduate,
PSYCH 24800,Statistical Methods in Psychological Research,"(4, 4)",,Undergraduate,
SOC 42502,Statistics 2,"(3, 3)",,Undergraduate,
GERMN 32051,Std-Germn Lit & Lang,"(3, 3)",,Undergraduate,
ASTRO 182LB,Stellar Astronomy Lab,"(None, None)",,Undergraduate,
ASTRO 182LC,Stellar Astronomy Lec,"(4, 4)",,Undergraduate,
STAT 31200,Stochastic Processes,"(3, 3)",,Undergraduate,
PHILO 20004,Stoicism,"(3, 3)",,Undergraduate,
ENGL 25181,Storyteller&Tale,"(3, 3)",,Undergraduate,
THEA 39731,Storytelling and Contemporary Culture,"(3, 3)",,Undergraduate,
MUSPF 36110,Storytelling through Performance,"(1, 1)",,Undergraduate,
MUSHL 26190,Stras: Life of Hero,"(3, 3)",,Undergraduate,
MEDPL 35100,Strategic Communication and Marketing for the Arts,"(3, 3)",,Undergraduate,
ECO 33900,Strategies and Games in Economics,"(3, 3)",,Undergraduate,
PSYCH 29551,Strategies of Psych,"(3, 3)",,Undergraduate,
EDUC 40063,Strategy for Teach Literature,"(3, 3)",,Undergraduate,
PSYCH 49557,Stratof Inq Humn Beh,"(3, 3)",,Undergraduate,
MUSHL 26164,Strav-Debussy-Bart,"(3, 3)",,Undergraduate,
DAN 25267,Street/Club Forms 2,"(2, 2)",,Undergraduate,
PSYCH 39550,Stress and Coping,"(3, 3)",,Undergraduate,
PSYCH 17100,Stress and Coping,"(3, 3)",,Undergraduate,
NURS 44000,Stress Management for Nurses,"(3, 3)",,Undergraduate,
NURS 49958,Stress Mgmt in Nurs,"(3, 3)",,Undergraduate,
PSYCH 34100,"Stress, Trauma, and Resilience","(3, 3)",,Undergraduate,
PSYCH 39049,"Stress, Trauma, and Resilience","(3, 3)",,Undergraduate,
BIOL 47165,Strs Res: Pro & Euc,"(2, 2)",,Undergraduate,
BIOL 47171,Struc. Biol Macromol,"(2, 2)",,Undergraduate,
BIOL 47073,Struc:Biol Macmolecu,"(2, 2)",,Undergraduate,
PT 56500,Struct & Funct of NS,"(3, 3)",,Undergraduate,
CHEM 36800,Structural Biology,"(3, 3)",,Undergraduate,
HONS 20188,Structure and Function in Architecture and Biology,"(3, 3)",,Undergraduate,
CHEM 38861,Structure and Function of Nucleic Acids,"(3, 3)",,Undergraduate,
URBS 40358,Structure of Urban Region,"(3, 3)",,Undergraduate,
URBS 10200,Structure of Urban Region,"(3, 3)",,Undergraduate,
HIST 34142,Strugl for Equal- US,"(3, 3)",,Undergraduate,
HIST 38258,Stu Mvmts-19&20C Eur,"(3, 3)",,Undergraduate,
HIST 49263,Stu Mvts 19-20C Eur,"(3, 3)",,Undergraduate,
EDUC 44000,Stu Tch Nrs Sch-Gr 6,"(8, 8)",,Undergraduate,
THEA 40157,Stud in Greek Theatre,"(3, 3)",,Undergraduate,
POLSC 21762,Student Government and Politics,"(3, 3)",,Undergraduate,
QSTAP 41580,Student Teaching,"(4, 4)",,Undergraduate,
QSTAP 41500,Student Teaching,"(4, 4)",,Undergraduate,
SEDCP 45410,"Student Teaching in Biology, Grades 7-12","(4, 4)",,Undergraduate,
SEDCP 45420,"Student Teaching in Chemistry, Grades 7-12","(4, 4)",,Undergraduate,
SEDCP 45210,"Student Teaching in Chinese, Grades 7-12","(4, 4)",,Undergraduate,
SEDCP 45600,"Student Teaching in Dance, Grades Pre-K-12","(4, 4)",,Undergraduate,
ECC 40100,Student Teaching in Early Childhood,"(4, 4)",,Undergraduate,
SEDCP 45100,"Student Teaching in English, Grades 7-12","(4, 4)",,Undergraduate,
SEDCP 45220,"Student Teaching in French, Grades 7-12","(4, 4)",,Undergraduate,
SEDC 45230,"Student Teaching in German, Grades 7-12","(5, 5)",,Undergraduate,
SEDC 45250,"Student Teaching in Hebrew, Grades 7-12","(5, 5)",,Undergraduate,
SEDCP 45260,"Student Teaching in Italian, Grades 7-12","(4, 4)",,Undergraduate,
SEDC 45260,"Student Teaching in Italian, Grades 7-12","(5, 5)",,Undergraduate,
SEDCP 45300,"Student Teaching in Mathematics, Grades 7-12","(4, 4)",,Undergraduate,
SEDCP 45430,"Student Teaching in Physics, Grades 7-12","(4, 4)",,Undergraduate,
SEDC 45270,"Student Teaching in Russian, Grades 7-12","(5, 5)",,Undergraduate,
SEDCP 45500,"Student Teaching in Social Science, Grades 7-12","(4, 4)",,Undergraduate,
SEDCP 45280,"Student Teaching in Spanish, Grades 7-12","(4, 4)",,Undergraduate,
AFPRL 39081,Studies Abroad:Haiti,"(3, 3)",,Undergraduate,
ENGL 32100,Studies in African-American Literature,"(3, 3)",,Undergraduate,
ENGL 30500,Studies in Children's Literature,"(3, 3)",,Undergraduate,
ENGL 32957,Studies in Cross Culture Literature,"(3, 3)",,Undergraduate,
ITAL 36020,Studies in Dantes,"(3, 3)",,Undergraduate,
FILMP 39900,Studies in Film,"(3, 3)",,Undergraduate,
GERMN 32000,Studies in German Literature and Language,"(3, 3)",,Undergraduate,
ENGL 39080,Studies in Modernism,"(3, 3)",,Undergraduate,
ENGL 32400,Studies in Native-American Literature,"(3, 3)",,Undergraduate,
COMPL 38151,Studies in Novela,"(3, 3)",,Undergraduate,
REL 30500,Studies in Religious Theory,"(3, 3)",,Undergraduate,
SOSCI 39700,Studies in the Social Sciences,"(3, 3)",,Undergraduate,
THEA 39700,Studies in Theatre,"(3, 3)",,Undergraduate,
THEA 39800,Studies in Theatre and Film,"(3, 3)",,Undergraduate,
ARTH 39933,Studies of Cavaggio,"(3, 3)",,Undergraduate,
FILM 23100,Studies of Selected Directors,"(3, 3)",,Undergraduate,
FILM 23101,Studies of Selected Directors: Cassavetes,"(3, 3)",,Undergraduate,
FILM 23102,Studies of Selected Directors: Fritz Lang,"(3, 3)",,Undergraduate,
GERMN 37900,Studies/Seminar Studies in German Literature in English Translation,"(3, 3)",,Undergraduate,
ARTCR 40202,Studio Art:Ind Study,"(2, 2)",,Undergraduate,
ARTCR 40201,Studio Art:Ind Study,"(1, 1)",,Undergraduate,
ARTCR 40203,Studio Art:Ind Study,"(3, 3)",,Undergraduate,
MEDPL 38800,Studio News Production,"(3, 3)",,Undergraduate,
MEDP 28200,Studio Television Production,"(3, 3)",,Undergraduate,
STABD 10003,Study Abroad - 3 credits - External,"(None, None)",,Undergraduate,
STABD 11106,Study Abroad - 6 Credits,"(None, None)",,Undergraduate,
STABD 10006,Study Abroad - 6 credits - External,"(None, None)",,Undergraduate,
HIST 34144,Study: Slav Lit,"(3, 3)",,Undergraduate,
MUSTH 36166,Style&Struct 20 Century Mus,"(3, 3)",,Undergraduate,
FILM 33300,Styles and Theories of Film Acting,"(3, 3)",,Undergraduate,
SPAN 37111,Stylistics & Creat Wri,"(3, 3)",,Undergraduate,
PSYCH 39561,Substance Abuse,"(3, 3)",,Undergraduate,
URBS 40317,"Suburb:Ppl,Place,Pol","(3, 3)",,Undergraduate,
RUSS 25679,Subversive Ideals: Russia's Literary Utopias,"(3, 3)",,Undergraduate,
HONS 3011R,"Suffrage 2020: Gender, Race, & Citizenship","(3, 3)",,Undergraduate,
REL 36251,Sufism,"(3, 3)",,Undergraduate,
REL 33700,Sufism,"(3, 3)",,Undergraduate,
REL 32559,Sufism,"(3, 3)",,Undergraduate,
REL 36350,Sufism,"(3, 3)",,Undergraduate,
CHIN 40112,Superior-Level Chinese Language Practicum 2,"(3, 3)",,Undergraduate,
POLSC 48096,Superpowers in Decline,"(3, 3)",,Undergraduate,
CSCI 13600,Supervised Programming Lab,"(1, 1)",,Undergraduate,
CSCI 49600,Supervised Research,"(1, 1)",,Undergraduate,
CSCI 49700,Supervised Research,"(2, 2)",,Undergraduate,
CSCI 49800,Supervised Research,"(3, 3)",,Undergraduate,
EDUC 46000,Supervised Student Teaching (Art) In Secondary Schools,"(6, 6)",,Undergraduate,
EDUC 47600,Supervised Student Teaching (Physical Education) in Secondary Schools,"(6, 6)",,Undergraduate,
EDUC 41500,Supporting Multilingual Learners Across the Curriculum,"(3, 3)",,Undergraduate,
ECC 46500,Supporting Young Multilingual Learners Across Settings,"(3, 3)",,Undergraduate,
POLSC 31720,Supreme Court in America,"(3, 3)",,Undergraduate,
POLSC 48651,Supreme Crt&Amer Gov,"(3, 3)",,Undergraduate,
ENGL 39203,Surrealism in American Poetry,"(3, 3)",,Undergraduate,
ENGL 49410,Surrealist Aesthetics & the Political Unconscious in American Poetry Since 1900,"(3, 3)",,Undergraduate,
ENGL 33900,Surv Brit Lt2:18C-Pr,"(3, 3)",,Undergraduate,
LACS 43442,Surv Span-Am Theatro,"(3, 3)",,Undergraduate,
POLSC 20405,Surv. Political Thought,"(3, 3)",,Undergraduate,
ENGL 49445,Surveillance & You,"(3, 3)",,Undergraduate,
HONS 3011S,Surveillance and You,"(3, 3)",,Undergraduate,
ENGL 25088,Survey African-Amer Literature,"(3, 3)",,Undergraduate,
ENGL 25096,Survey Asian American Literature,"(3, 3)",,Undergraduate,
BUS 22500,Survey of Accounting,"(3, 3)",,Undergraduate,
ENGL 30700,Survey of American Literature: From Origins to the Civil War,"(3, 3)",,Undergraduate,
ENGL 25400,Survey of British Literature 2: The Eighteenth Century to the Present,"(3, 3)",,Undergraduate,
ENGL 30400,Survey of British Literature I: Early Texts to the Eighteenth Century,"(3, 3)",,Undergraduate,
DAN 34100,Survey of Dance Notation Systems,"(2, 2)",,Undergraduate,
ENGL 25189,Survey of Detective Fiction: Inspector Meets Private Eye,"(3, 3)",,Undergraduate,
ENGL 25145,Survey of Detective Fiction: Playing Detective,"(3, 3)",,Undergraduate,
ENGL 25300,Survey of English Literature 1,"(3, 3)",,Undergraduate,
FREN 35300,Survey of Francophone Literature,"(3, 3)",,Undergraduate,
FREN 34200,Survey of French Literature from the 18th Century to the Modern Period,"(3, 3)",,Undergraduate,
FREN 34100,Survey of French Literature from the Middle Ages to the End of the 17th Century,"(3, 3)",,Undergraduate,
CLA 24051,Survey of Latin Literature,"(3, 3)",,Undergraduate,
SPAN 36500,Survey of Spanish-American Theatre,"(3, 3)",,Undergraduate,
POL 26056,Survey Polish Language,"(3, 3)",,Undergraduate,
CHIN 15100,Survey:Chinese Lit in English,"(3, 3)",,Undergraduate,
ENGL 31754,Surveying the Black Experience in Literature,"(3, 3)",,Undergraduate,
AFPRL 39013,Surveying the Black Experience in Literature,"(3, 3)",,Undergraduate,
URBS 40388,Sustainability and the Built Environment,"(3, 3)",,Undergraduate,
SW 45100,SW Field Instruction 2,"(3, 3)",,Undergraduate,
SW 45000,SW Field Instruction I,"(3, 3)",,Undergraduate,
AFPRL 29018,Swahili 2 Ind Study,"(3, 3)",,Undergraduate,
AFPRL 29025,Swahili Indep Study 4,"(3, 3)",,Undergraduate,
AFPRL 29027,Swahili Independant Study 3,"(3, 3)",,Undergraduate,
ENGL 38851,Swift & Pope,"(3, 3)",,Undergraduate,
ENGL 25003,Sylvia Plath,"(3, 3)",,Undergraduate,
ANTHC 32050,Symbolic Anthropology,"(3, 3)",,Undergraduate,
CSCI 27500,Symbolic Logic,"(3, 3)",,Undergraduate,
PHILO 27500,Symbolic Logic,"(3, 3)",,Undergraduate,
MATH 27500,Symbolic Logic,"(3, 3)",,Undergraduate,
PHILO 20086,Symbolic Logic,"(3, 3)",,Undergraduate,
CHIN 21154,Symbolism in Chinese Myth,"(3, 3)",,Undergraduate,
MUSHL 26185,Symphny Golden Age,"(3, 3)",,Undergraduate,
NURS 39961,Synth of Nursing Knowledge,"(3, 3)",,Undergraduate,
CSCI 49350,System Theory,"(3, 3)",,Undergraduate,
DAN 35254,T'Ai Chi 2,"(2, 2)",,Undergraduate,
DAN 25254,T'Ai Chi I,"(2, 2)",,Undergraduate,
ENGL 38973,T.S. Eliot,"(3, 3)",,Undergraduate,
LAT 31400,Tacitus,"(3, 3)",,Undergraduate,
LAT 314HE,Tacitus,"(3, 3)",,Undergraduate,
FREN 36007,Tales & Shortstories,"(3, 3)",,Undergraduate,
MEDP 29981,Talk Radio,"(3, 3)",,Undergraduate,
ENGL 38699,Talking & Singing: 20th & 21st Century Poems from U.S. & U.K.,"(3, 3)",,Undergraduate,
POLSC 37309,Talking with the Enemy,"(3, 3)",,Undergraduate,
HEBR 25057,Talmudic Law & Lore,"(3, 3)",,Undergraduate,
CHIN 25154,Taoism Literature in English,"(3, 3)",,Undergraduate,
ITAL 36172,Tasso's Melancholy in European Perspective,"(3, 3)",,Undergraduate,
POLSC 21758,Taxes & Politics,"(3, 3)",,Undergraduate,
NURS 49966,Tch/Lrn Acr Dev Hlth,"(3, 3)",,Undergraduate,
MUSHL 22760,Tchaikovsky,"(3, 3)",,Undergraduate,
JPN 30309,Tea Ceremony - Practice and Philosophy,"(3, 3)",,Undergraduate,
EDUC 43300,Teach Els: Prosp Teach,"(3, 3)",,Undergraduate,
EDUC 33000,Teach & Learn Math Elem School,"(3, 3)",,Undergraduate,
EDUC 33500,Teach & Learn Science Elementary School,"(3, 3)",,Undergraduate,
EDUC 43500,Teach Reading Elementary School,"(3, 3)",,Undergraduate,
EDUC 43200,Teach Second Lang Teachers,"(3, 3)",,Undergraduate,
EDUC 32500,Teach Soc Students Elem School,"(3, 3)",,Undergraduate,
QSTA 41280,Teach Soc Studies,"(2, 2)",,Undergraduate,
EDUC 27150,Teaching and Learning in Urban Schools,"(3, 3)",,Undergraduate,
ARB 20051,Teaching Arabic as a Foreign Language,"(3, 3)",,Undergraduate,
DAN 34200,Teaching Dance,"(3, 3)",,Undergraduate,
SEDC 321FW,Teaching English Methods to a Diverse Population in Grades 7-12,"(3, 3)",,Undergraduate,
EDUC 35000,Teaching Reading Sec School,"(3, 3)",,Undergraduate,
EDUC 43100,Teaching Reading-Bilg Program,"(3, 3)",,Undergraduate,
QSTA 41480,Teaching Science,"(2, 2)",,Undergraduate,
QSTAP 41400,Teaching Science in Elementary Schools,"(2, 2)",,Undergraduate,
QSTAP 41200,"Teaching Social Studies through Literature, the Arts, and Technology in Elementary Schools","(2, 2)",,Undergraduate,
SPED 30800,Teaching Students with Disabilities in Inclusive Classrooms,"(3, 3)",,Undergraduate,
NURS 44500,Teaching-Learning across the Developmentaland Health Continua,"(3, 3)",,Undergraduate,
ENGL 39057,Tech & Textuality,"(3, 3)",,Undergraduate,
HIST 49260,Tech&Chng - US,"(3, 3)",,Undergraduate,
HIST 38255,Tech&Soc Chng-US,"(3, 3)",,Undergraduate,
HONS 20198,Techngs Resrch Wrtng,"(3, 3)",,Undergraduate,
ARTCR 26100,Technical Drawing,"(3, 3)",,Undergraduate,
ECO 12000,Technique-Ecological Analysis,"(3, 3)",,Undergraduate,
FILMP 38100,Techniques of Cinematography,"(3, 3)",,Undergraduate,
NFS 40100,Techniques of Communication in Nutrition,"(3, 3)",,Undergraduate,
CSCI 35700,Techniques of Data Science,"(3, 3)",,Undergraduate,
ECO 22000,Techniques of Economic Analysis,"(3, 3)",,Undergraduate,
SOC 32553,Technology and Globalization,"(3, 3)",,Undergraduate,
ANTHC 32800,Technology and Material Culture,"(3, 3)",,Undergraduate,
QSTA 40500,Technology in Education,"(3, 3)",,Undergraduate,
THEA 29702,Tectonic Theatre Project,"(3, 3)",,Undergraduate,
THEA 25355,Tectonic Theatre Project,"(3, 3)",,Undergraduate,
AFPRL 39090,Telenovela & Daytime Serial,"(3, 3)",,Undergraduate,
MEDIA 27100,Television Culture,"(3, 3)",,Undergraduate,
MEDIA 37800,Television Genres,"(3, 3)",,Undergraduate,
SPAN 37192,Telling (His)story - Telling Stories in Latin American Novel Film and Visual Arts,"(3, 3)",,Undergraduate,
BIOL 47151,Temp Accl Pro/Eucary,"(2, 2)",,Undergraduate,
ENGL 35555,Tempests after Shakespeare,"(3, 3)",,Undergraduate,
URBS 4032B,Tenant Advocacy and Engagement,"(3, 3)",,Undergraduate,
HIST 35100,Terror and the Constitution: Free Speech in the U.S. Since 1886,"(3, 3)",,Undergraduate,
POLSC 28300,Terrorism,"(3, 3)",,Undergraduate,
POLSC 27207,Terrorism & Natl Confl,"(3, 3)",,Undergraduate,
HIST 25059,Testimony of Holocaust,"(3, 3)",,Undergraduate,
ARTCR 36076,Text & Image,"(3, 3)",,Undergraduate,
WGSL 29007,The #MeToo Movement and Sexual Harassment,"(3, 3)",,Undergraduate,
ENGL 36000,The 17th Century,"(3, 3)",,Undergraduate,
FREN 36200,The 17th Century: Special Topics,"(3, 3)",,Undergraduate,
ITAL 36200,The 17th Century: Special Topics,"(3, 3)",,Undergraduate,
ITAL 36300,The 18th Century: Special Topics,"(3, 3)",,Undergraduate,
FREN 36300,The 18th Century: Special Topics,"(3, 3)",,Undergraduate,
ENGL 36800,The 18th-Century English Novel,"(3, 3)",,Undergraduate,
HIST 38351,The 1920's in Am Hist,"(3, 3)",,Undergraduate,
ARTH 45020,The 1970's in Latin America,"(3, 3)",,Undergraduate,
ITAL 36400,The 19th Century: Special Topics,"(3, 3)",,Undergraduate,
FREN 36400,The 19th Century: Special Topics,"(3, 3)",,Undergraduate,
ENGL 36900,The 19th-Century English Novel,"(3, 3)",,Undergraduate,
FREN 36500,The 20th Century: Special Topics,"(3, 3)",,Undergraduate,
ITAL 36500,The 20th Century: Special Topics,"(3, 3)",,Undergraduate,
ENGL 39093,The 60's in Literature,"(3, 3)",,Undergraduate,
AFPRL 35500,The African Image in 19th and 20th Centuries: Spanish Antillean Poetry,"(3, 3)",,Undergraduate,
ENGL 36400,The Age of Satire,"(3, 3)",,Undergraduate,
HIST 30500,The Age of the Crusades,"(3, 3)",,Undergraduate,
RUSS 15700,The Age of the Great Masters,"(3, 3)",,Undergraduate,
ENGL 39090,The Amer Sublime,"(3, 3)",,Undergraduate,
ENGL 39987,The American 1850's,"(3, 3)",,Undergraduate,
HIST 35400,The American Colonies in the 17th Century,"(3, 3)",,Undergraduate,
HIST 35500,The American Colonies in the 18th Century,"(3, 3)",,Undergraduate,
POLSC 23500,The American Congress,"(3, 3)",,Undergraduate,
ENGL 25654,The American Fifties,"(3, 3)",,Undergraduate,
ENGL 25053,The American Fifties,"(3, 3)",,Undergraduate,
POLSC 24000,The American Judiciary,"(3, 3)",,Undergraduate,
POLSC 23800,The American Legal System,"(3, 3)",,Undergraduate,
POLSC 23000,The American Presidency,"(3, 3)",,Undergraduate,
CLA 25400,The Ancient Novel in Translation,"(3, 3)",,Undergraduate,
ENGL 49453,The Animal Estate,"(3, 3)",,Undergraduate,
ENGL 38665,The Animal Estate,"(3, 3)",,Undergraduate,
WGSL 20013,The Anthropology of Black America,"(3, 3)",,Undergraduate,
AFPRL 29053,The Anthropology of Black America,"(3, 3)",,Undergraduate,
ANTHC 21500,The Anthropology of Black America,"(3, 3)",,Undergraduate,
ANTHC 21800,The Anthropology of the Civil Rights Movement in the U.S.,"(3, 3)",,Undergraduate,
ARB 25000,The Arab Novel in Translation,"(3, 3)",,Undergraduate,
ARB 49000,The Arabic Senior Capstone,"(3, 3)",,Undergraduate,
ARTH 41003,"The Archaeology of Architecture, Buildings and Society in the Ancient Mediterranean","(3, 3)",,Undergraduate,
HONS 2011G,The Art & Science of Anatomy,"(3, 3)",,Undergraduate,
HONS 3011U,The Art and Science of Predictions,"(3, 3)",,Undergraduate,
MUSPF 36204,The Art of A Cappella,"(2, 2)",,Undergraduate,
MUSPF 36906,The Art of Cabaret,"(1, 1)",,Undergraduate,
QSTAP 40000,The Art of Effective Teaching,"(3, 3)",,Undergraduate,
ARTH 38109,The Art of Race,"(3, 3)",,Undergraduate,
HONS 3011Y,The Art of the Revolution: Global Perspective,"(3, 3)",,Undergraduate,
HIST 25025,The Artist Historian,"(3, 3)",,Undergraduate,
MUSHL 26172,The Arts in N.Y.C.,"(3, 3)",,Undergraduate,
QSTAP 40700,The Arts: An Interdisciplinary Learning Experience,"(3, 3)",,Undergraduate,
ENGL 31753,The Asian Diaspora,"(3, 3)",,Undergraduate,
ENGL 38456,The Augustan Age,"(3, 3)",,Undergraduate,
POLSC 30418,The Authoritarian Personality,"(3, 3)",,Undergraduate,
HIST 38223,The Balkans in the 20th Century,"(3, 3)",,Undergraduate,
RUSS 25674,The Baltic Transit: Russian Writers en route to the West (conducted in English),"(3, 3)",,Undergraduate,
JS 41007,The Baltic Transit: Russian Writers en route to the West (conducted in English),"(3, 3)",,Undergraduate,
COMPL 37157,The Baltic Transit: Russian Writers en route to the West (conducted in English),"(3, 3)",,Undergraduate,
RUSS 24674,The Baltic Transit: Russian Writers en route to the West (conducted in Russian).,"(3, 3)",,Undergraduate,
MUSHL 26102,The Beatles,"(3, 3)",,Undergraduate,
ARTCR 39901,The Beg. of Impress.,"(3, 3)",,Undergraduate,
POLSC 20421,The Bible in American Political Thought,"(3, 3)",,Undergraduate,
POLSC 21746,The Bill of Rights,"(3, 3)",,Undergraduate,
BIOL 35000,The Biology of Cancer,"(3, 3)",,Undergraduate,
AFPRL 39022,The Black Arts Movement,"(3, 3)",,Undergraduate,
AFPRL 29065,The Black Child,"(3, 3)",,Undergraduate,
AFPRL 42000,The Black Church and Social Change,"(3, 3)",,Undergraduate,
AFPRL 29066,The Black Family,"(3, 3)",,Undergraduate,
WGS 20077,The Black Family,"(3, 3)",,Undergraduate,
ENGL 38630,The Blessed Nouvelle: The Long Story in 19th Century and 20th Century American Literature,"(3, 3)",,Undergraduate,
HONS 20174,The Body in Medieval Culture,"(3, 3)",,Undergraduate,
SPAN 37022,The Canary Islands and the Americas,"(3, 3)",,Undergraduate,
GEOL 38343,The Carbon Cycle,"(3, 3)",,Undergraduate,
AFPRL 39074,The Caribbean Diaspora in Britain,"(3, 3)",,Undergraduate,
HIST 3412F,The Caribbean Diaspora in Britain,"(3, 3)",,Undergraduate,
ANTHC 21400,The Caribbean: Societies and Cultures,"(3, 3)",,Undergraduate,
COMPL 38160,The Case of India,"(3, 3)",,Undergraduate,
ENGL 32963,The Case of India,"(3, 3)",,Undergraduate,
HONS 20169,The Changing Nature Of Work In Modern Society: Implications For Individual Choice And Public Policy,"(3, 3)",,Undergraduate,
SOSCI 39750,The Changing World of Work,"(3, 3)",,Undergraduate,
URBS 40351,The City in Film,"(3, 3)",,Undergraduate,
SPAN 37160,The Civil War in Contemporary Spanish Literature,"(3, 3)",,Undergraduate,
COMPL 38053,The Classical Epic: Homer & Vergil in Translation,"(3, 3)",,Undergraduate,
ENGL 38569,The Cmnng of Age Nvl,"(3, 3)",,Undergraduate,
MUSPF 22151,The College Choir,"(1, 1)",,Undergraduate,
MUSPF 22156,The College Choir,"(1, 1)",,Undergraduate,
MUSPF 22152,The College Choir,"(1, 1)",,Undergraduate,
MUSPF 22155,The College Choir,"(1, 1)",,Undergraduate,
MUSPF 22153,The College Choir,"(1, 1)",,Undergraduate,
MUSPF 22158,The College Choir,"(1, 1)",,Undergraduate,
MUSPF 22157,The College Choir,"(1, 1)",,Undergraduate,
MUSPF 22154,The College Choir,"(1, 1)",,Undergraduate,
MUSHL 36165,The Concerto,"(3, 3)",,Undergraduate,
HUM 25063,The Constitution,"(3, 3)",,Undergraduate,
HIST 25083,The Construction of Race and Ethnicity in Antiquity,"(3, 3)",,Undergraduate,
HIST 49210,The Consumer Revolution: 1600-1800,"(3, 3)",,Undergraduate,
SPAN 37026,The Contemporary Spanish Novel,"(3, 3)",,Undergraduate,
ENGL 38680,The Craft of Poetry,"(3, 3)",,Undergraduate,
HR 32003,The Critics of Human Rights,"(3, 3)",,Undergraduate,
HIST 14157,The Cuban Revolution,"(3, 3)",,Undergraduate,
ENGL 49415,The Cultural Roots of Ralph Ellison's Invisible Man,"(3, 3)",,Undergraduate,
HONS 30187,The Culture of Human Sexuality,"(3, 3)",,Undergraduate,
RUSS 15500,The Culture of old Russia,"(3, 3)",,Undergraduate,
MEDIA 31300,The Culture of Publicity,"(3, 3)",,Undergraduate,
HEBR 29600,The Dead Sea Scrolls in English,"(3, 3)",,Undergraduate,
HR 22024,The Death Penalty: Human Rights and Criminal Justice,"(3, 3)",,Undergraduate,
WGSL 29012,The Debt Trap: Implications for Race and Gender,"(3, 3)",,Undergraduate,
HONS 2012L,The Debt Trap: Implications for Race and Gender,"(3, 3)",,Undergraduate,
POLSC 29440,The Debt Trap: Implications for Race and Gender,"(3, 3)",,Undergraduate,
LAT 32004,The Domus in Latin Literature,"(3, 3)",,Undergraduate,
HIST 38465,The Dreyfus Affair,"(3, 3)",,Undergraduate,
HIST 49209,The Dreyfus Affair,"(3, 3)",,Undergraduate,
JS 41052,The Dreyfus Affair: French Anti-Semitism before the Holocaust,"(3, 3)",,Undergraduate,
HIST 35600,The Early Republic,"(3, 3)",,Undergraduate,
MUSHL 26104,The Early Romantics,"(3, 3)",,Undergraduate,
ARB 20055,The Egyptian Seminar,"(3, 3)",,Undergraduate,
GERMN 34900,"The End of East Germany in Literature, Film, and Memory","(3, 3)",,Undergraduate,
CLA 34057,The Epic Tradition,"(3, 3)",,Undergraduate,
COMPL 38088,The Epic Tradition,"(3, 3)",,Undergraduate,
ITAL 37070,The Epic Tradition,"(3, 3)",,Undergraduate,
CLA 24082,The Epic Tradition,"(3, 3)",,Undergraduate,
CSCI 39546,The Ethic Challenges of Information Technology,"(3, 3)",,Undergraduate,
PHILO 20002,The Ethical Challenges of Information Technology,"(3, 3)",,Undergraduate,
MUSPF 36106,The Evolution and Development of Big Band Jazz,"(1, 1)",,Undergraduate,
CHEM 38858,The Evolution of Scientific Thought,"(3, 3)",,Undergraduate,
HONS 2011V,"The Experience of War: Moral Transformation, Injury, and Repair","(3, 3)",,Undergraduate,
ENGL 48479,The False Memoir,"(3, 3)",,Undergraduate,
ENGL 39846,The False Memoir,"(3, 3)",,Undergraduate,
ENGL 25065,The Fantastic in Lit,"(3, 3)",,Undergraduate,
COMPL 38168,The Fantastic in Literature,"(3, 3)",,Undergraduate,
WGSA 31986,The Female Bildungsroman,"(3, 3)",,Undergraduate,
ENGL 31986,The Female Bildungsroman,"(3, 3)",,Undergraduate,
ARTH 48002,The Forbidden City,"(3, 3)",,Undergraduate,
PHILO 39362,The Frankfurt School,"(3, 3)",,Undergraduate,
GERMN 34200,The German Novel,"(3, 3)",,Undergraduate,
GERMN 38100,The German Press of Today: Reading and Understanding Newspapers and Magazines,"(3, 3)",,Undergraduate,
GERMN 38501,The German Press of Today: Reading and Understanding Newspapers and Magazines,"(3, 3)",,Undergraduate,
GERMN 33400,The German Short Story and Novelle,"(3, 3)",,Undergraduate,
HR 22012,"The Global Food System: Power, Politics, and Human Rights","(3, 3)",,Undergraduate,
ENGL 38860,The Gothic,"(3, 3)",,Undergraduate,
ENGL 38858,The Gothic Imagination in Art and Literature,"(3, 3)",,Undergraduate,
HONS 20147,The Gothic in Literature and Visual Culture,"(3, 3)",,Undergraduate,
CLARC 32961,The Great Sanctuaries of the Medit,"(3, 3)",,Undergraduate,
CLA 11000,The Greek and Latin Roots of English,"(3, 3)",,Undergraduate,
CLA 21000,The Greek and Roman Theatre,"(3, 3)",,Undergraduate,
MUSHL 36100,The Gypsy in Hungari,"(3, 3)",,Undergraduate,
HEBR 29200,The Hebrew Prophets,"(3, 3)",,Undergraduate,
HONS 30170,The Hellenistic World: Athens and Alexandria,"(3, 3)",,Undergraduate,
CLA 30659,The Hero & The City,"(3, 3)",,Undergraduate,
HR 32002,The History of Human Rights: A View From Latin America,"(3, 3)",,Undergraduate,
HEBR 34054,The Holocaust Theme,"(3, 3)",,Undergraduate,
HIST 24200,The Holocaust: An Introduction,"(3, 3)",,Undergraduate,
BIOL 10700,The Human Barcode: Biology and Genetics of Personal Identification,"(3, 3)",,Undergraduate,
BIOL 47185,The Human Genome Pro,"(2, 2)",,Undergraduate,
NFS 31000,The Human Organism,"(3, 3)",,Undergraduate,
PH 31000,The Human Organism,"(3, 3)",,Undergraduate,
HR 22038,The Human Rights of Minorities and Indigenous Peoples,"(3, 3)",,Undergraduate,
ANTHP 10500,The Human Species,"(3, 3)",,Undergraduate,
HUM 25067,"The Human, The Animal, The Nonhuman, The Posthuman","(3, 3)",,Undergraduate,
MUSPF 23154,The Hunter Symphony,"(1, 1)",,Undergraduate,
MUSPF 23152,The Hunter Symphony,"(1, 1)",,Undergraduate,
MUSPF 23155,The Hunter Symphony,"(1, 1)",,Undergraduate,
MUSPF 23154,The Hunter Symphony,"(1, 1)",,Undergraduate,
MUSPF 23158,The Hunter Symphony,"(1, 1)",,Undergraduate,
MUSPF 23153,The Hunter Symphony,"(1, 1)",,Undergraduate,
MUSPF 23151,The Hunter Symphony,"(1, 1)",,Undergraduate,
MUSPF 23155,The Hunter Symphony,"(1, 1)",,Undergraduate,
ANTHC 32101,The Idea of Immunity: Comparative Perspectives on Public Health,"(3, 3)",,Undergraduate,
ENGL 49452,The Idea of the Book,"(3, 3)",,Undergraduate,
ARTH 42003,The Illuminated Manuscript in it's Cultural Context,"(3, 3)",,Undergraduate,
ENGL 49005,The Illustrated Word,"(3, 3)",,Undergraduate,
AFPRL 14300,The Image of the Puerto Rican National Identity in its Literature,"(3, 3)",,Undergraduate,
HONS 20138,The Imagined Epidemic and Modern Responses to Contagion,"(3, 3)",,Undergraduate,
HONS 3011H,"The Islamic City in Architecture, History, and Literature","(3, 3)",,Undergraduate,
ITAL 28000,The Italian Renaissance: An Introduction,"(3, 3)",,Undergraduate,
ENGL 39944,"The Jewish Experience in Anglo-American Literature, 1837-1970","(3, 3)",,Undergraduate,
ENGL 48487,The Kennedy Family,"(3, 3)",,Undergraduate,
HIST 49204,The Kennedy Family,"(3, 3)",,Undergraduate,
ENGL 48488,The Kennedys 1940-95,"(3, 3)",,Undergraduate,
ECO 34600,The Labor Movement,"(3, 3)",,Undergraduate,
ENGL 36500,The Later 18th Century,"(3, 3)",,Undergraduate,
MHC 30N01,The Law of Contracts and Torts,"(3, 3)",,Undergraduate,
POLSC 21756,The Law of Democracy,"(3, 3)",,Undergraduate,
POLSC 31771,The Law of Privacy,"(3, 3)",,Undergraduate,
HONS 20190,"The Liberty Tree: Social Radicalism and Literature in England, 1790 - 1820","(3, 3)",,Undergraduate,
SPAN 37123,The Literature of Memory in Latin America,"(3, 3)",,Undergraduate,
HUM 25068,The Literature of Skepticism,"(3, 3)",,Undergraduate,
ENGL 25146,The Literature of Waiting,"(3, 3)",,Undergraduate,
ENGL 37601,"The Literature of War, 1914-2019","(3, 3)",,Undergraduate,
ENGL 38631,"The Literature of War: Men, Women, and the Poetics of History, 1895-2019","(3, 3)",,Undergraduate,
HONS 3011G,The Lost Promise Of Weimer Germany 1918-1933,"(3, 3)",,Undergraduate,
THEA 39715,The Lulu Project,"(3, 3)",,Undergraduate,
POLSC 37303,The Major Powers,"(3, 3)",,Undergraduate,
HUM 11000,The Map of Knowledge,"(3, 3)",,Undergraduate,
HONS 30147,The Margins of Medieval European Society 1000-1400 Ce,"(3, 3)",,Undergraduate,
REL 30650,The Meaning of Death,"(3, 3)",,Undergraduate,
ARTH 42004,The Medieval Body,"(3, 3)",,Undergraduate,
THEA 39734,The Medium Matters: Adapting Theatre for Film,"(3, 3)",,Undergraduate,
BIOL 47107,The Microbiome Gut-Brain Axis,"(3, 3)",,Undergraduate,
ANTHC 20100,The Middle East: Societies and Cultures,"(3, 3)",,Undergraduate,
GEOG 30606,The Middle-East and North Africa,"(3, 3)",,Undergraduate,
HR 22011,The Migration Crisis: Refugee and Immigrant Rights in Policy and Practice,"(3, 3)",,Undergraduate,
HEBR 32400,The Modern Hebrew Essay,"(3, 3)",,Undergraduate,
HEBR 32700,The Modern Hebrew Novel,"(3, 3)",,Undergraduate,
HEBR 32000,The Modern Hebrew Short Story,"(3, 3)",,Undergraduate,
ITAL 34900,The Modern Italian Lyric,"(3, 3)",,Undergraduate,
ITAL 35000,The Modern Italian Novel,"(3, 3)",,Undergraduate,
ITAL 35100,The Modern Italian Theatre,"(3, 3)",,Undergraduate,
HIST 27651,The Modern Middle East from 1800 to the Present,"(3, 3)",,Undergraduate,
RUSS 24649,The Modern Russian Short Story,"(3, 3)",,Undergraduate,
ENGL 38780,The Modernist Novel,"(3, 3)",,Undergraduate,
ENGL 25073,The Moderns,"(3, 3)",,Undergraduate,
MUSHL 36155,The Music Industry,"(3, 3)",,Undergraduate,
MUSPF 36104,The Music of Charlie Parker,"(1, 1)",,Undergraduate,
MUSPF 36105,The Music of Jelly Roll Martin,"(1, 1)",,Undergraduate,
PHILO 20062,The Nature of Time,"(3, 3)",,Undergraduate,
COMPL 38115,The Neapolitan Novels,"(3, 3)",,Undergraduate,
ITAL 36513,The Neapolitan Novels,"(3, 3)",,Undergraduate,
ENGL 4941A,The New York School,"(3, 3)",,Undergraduate,
ENGL 49002,The New York School,"(3, 3)",,Undergraduate,
BIOL 47150,The Nobel Lectures,"(3, 3)",,Undergraduate,
COMPL 38072,The Novel & The Modern,"(3, 3)",,Undergraduate,
COMPL 32051,The Novella,"(3, 3)",,Undergraduate,
ENGL 38696,The Novella,"(3, 3)",,Undergraduate,
POLSC 38500,"The Nuclear Age: Nuclear Weapons, War and Peace","(4, 4)",,Undergraduate,
THEA 39714,The O'Neill Project,"(3, 3)",,Undergraduate,
MUSHL 36164,The Oratorio,"(3, 3)",,Undergraduate,
HONS 30175,The Other Sex,"(3, 3)",,Undergraduate,
ENGL 25052,The Outsider in Literature,"(3, 3)",,Undergraduate,
ENGL 32972,The Partition Nar,"(3, 3)",,Undergraduate,
COMPL 38081,The Partition Narrative,"(3, 3)",,Undergraduate,
ITAL 37086,The Past viewed through the Binocular of Present: 20th Cent Narrative perspective early modern Italy,"(3, 3)",,Undergraduate,
PHILO 20005,The Philosophy of Horror,"(3, 3)",,Undergraduate,
HR 22023,The Philosophy of Human Rights,"(3, 3)",,Undergraduate,
RUSS 25657,The Picaresque Novel,"(3, 3)",,Undergraduate,
HR 22006,The Plight of Refugees: Can Rights Survive Politics?,"(3, 3)",,Undergraduate,
ENGL 49412,The Poetics of Survival,"(3, 3)",,Undergraduate,
RUSS 25670,The Polish Cinema,"(3, 3)",,Undergraduate,
POL 26054,The Polish Film,"(3, 3)",,Undergraduate,
POL 26065,The Polish Theater,"(3, 3)",,Undergraduate,
URBS 40329,The Political Economy of Congestion Pricing,"(3, 3)",,Undergraduate,
POLSC 29411,The Politics of Education Policy,"(3, 3)",,Undergraduate,
POLSC 29423,The Politics of Food,"(3, 3)",,Undergraduate,
POLSC 27322,The Politics of International Human Rights Enforcement,"(3, 3)",,Undergraduate,
POLSC 21759,The Politics of Less,"(3, 3)",,Undergraduate,
POLSC 29406,The Politics of Policing,"(3, 3)",,Undergraduate,
POLSC 31723,The Politics of Rage: The Populist Insurgency in the U.S Today,"(3, 3)",,Undergraduate,
POLSC 26700,The Politics of Southern Africa,"(3, 3)",,Undergraduate,
POLSC 21714,The Politics of Welfare Policy,"(3, 3)",,Undergraduate,
POLSC 31712,The Presidency at War,"(3, 3)",,Undergraduate,
MEDIA 37000,The Press and the Public,"(3, 3)",,Undergraduate,
REL 31500,The Problem of Evil,"(3, 3)",,Undergraduate,
PSYCH 20500,The Profession of Psychology,"(3, 3)",,Undergraduate,
PSYCH 38701,The Psychology of Cancer,"(3, 3)",,Undergraduate,
WGSP 23500,The Psychology of Women,"(3, 3)",,Undergraduate,
PSYCH 23500,The Psychology of Women,"(3, 3)",,Undergraduate,
AFPRL 27600,The Puerto Rican Family,"(3, 3)",,Undergraduate,
SOC 3251X,The Queer Decades: History Activism and Policy,"(3, 3)",,Undergraduate,
POLSC 31780,The Queer Decades: History Activism and Policy,"(3, 3)",,Undergraduate,
WGSS 29022,The Queer Global South,"(3, 3)",,Undergraduate,
AFPRL 2901H,The Queer Global South,"(3, 3)",,Undergraduate,
ENGL 25022,The Queer Global South,"(3, 3)",,Undergraduate,
REL 31000,The Religious Meaning of Death,"(3, 3)",,Undergraduate,
REL 30900,The Religious Meaning of Love and Sex,"(3, 3)",,Undergraduate,
REL 36356,The Religious Meanings of the Quran,"(3, 3)",,Undergraduate,
COMPL 35155,The Renaissance: Petrarchist Tradition in Europe,"(3, 3)",,Undergraduate,
POLSC 21709,The Right to Vote,"(3, 3)",,Undergraduate,
LAT 31000,The Roman Novel,"(3, 3)",,Undergraduate,
HIST 34113,The Roman Republic,"(3, 3)",,Undergraduate,
RUSS 29700,The Russian Urban Novel in English Translation,"(3, 3)",,Undergraduate,
COMPL 32155,The Satirical Novel,"(3, 3)",,Undergraduate,
HED 30900,The School Health Program,"(3, 3)",,Undergraduate,
HONS 2011H,The Search for Knowledge,"(3, 3)",,Undergraduate,
HONS 2011T,The Silk Road,"(3, 3)",,Undergraduate,
RUSS 34400,The Silver Age of Russian Literature,"(3, 3)",,Undergraduate,
RUSS 25400,The Silver Age of Russian Literature in English Translation,"(3, 3)",,Undergraduate,
JS 41051,The Social Construction of Jewishness in Diaspora,"(3, 3)",,Undergraduate,
SOC 42548,The Sociology of Databases,"(3, 3)",,Undergraduate,
SOC 36200,The Sociology of Islam,"(3, 3)",,Undergraduate,
SOC 32537,The Sociology of NYC,"(3, 3)",,Undergraduate,
SOC 3252L,The Sociology of Social Entrepreneurship,"(3, 3)",,Undergraduate,
HIST 3412M,The Sounds of Black Folks: Debating Aural History,"(3, 3)",,Undergraduate,
HIST 25085,The Soviet Union: Socialism and Empire,"(3, 3)",,Undergraduate,
ENGL 28000,The Structure of Modern English,"(3, 3)",,Undergraduate,
SPAN 31100,The Structure of Modern Spanish,"(3, 3)",,Undergraduate,
POLSC 21730,The Supreme Court: Bad Opinions and Great Dissents,"(3, 3)",,Undergraduate,
ENGL 25147,The Teacher and Student in Literature,"(3, 3)",,Undergraduate,
ENGL 38667,The Transatlantic 19th Century,"(3, 3)",,Undergraduate,
HIST 15200,The United States From the Civil War Era to the Present,"(3, 3)",,Undergraduate,
HIST 15100,The United States from the Colonial Era to the Civil War,"(3, 3)",,Undergraduate,
PHILO 20069,The Utopian Vision,"(3, 3)",,Undergraduate,
WGSA 20062,The Vagina Monologues: Play Production,"(3, 3)",,Undergraduate,
RUSS 29500,The Vampire in Lore and Literature,"(3, 3)",,Undergraduate,
ENGL 38565,The Victorian City,"(3, 3)",,Undergraduate,
HIST 14152,The Vietnamese Rev,"(3, 3)",,Undergraduate,
HIST 25057,The Vietnamese Revol,"(3, 3)",,Undergraduate,
ENGL 38253,The Vikings in Britain and Ireland,"(3, 3)",,Undergraduate,
SPAN 37167,The Ways of the Fantastic in Latin American Shorty Story,"(3, 3)",,Undergraduate,
HIST 37000,The West in American History,"(3, 3)",,Undergraduate,
HUM 38000,The Western Tradition I,"(3, 3)",,Undergraduate,
HUM 38100,The Western Tradition II,"(3, 3)",,Undergraduate,
JPN 26150,The World of Manga and Anime,"(3, 3)",,Undergraduate,
MUSHL 10700,The World of Music,"(3, 3)",,Undergraduate,
HONS 20137,The World of Othello,"(3, 3)",,Undergraduate,
HIST 25003,The World of the Bible,"(3, 3)",,Undergraduate,
ENGL 48464,The Writer's Memory,"(3, 3)",,Undergraduate,
THEA 29753,Thea & Film Mgmt,"(3, 3)",,Undergraduate,
THEA 29796,Thea & Stage Mngmnt,"(3, 3)",,Undergraduate,
THEA 40154,Thea with the Aging,"(3, 3)",,Undergraduate,
THEA 29788,Thea Wrkhp for Desb.,"(3, 3)",,Undergraduate,
LACS 43439,Thea: Form of Pop Ed,"(3, 3)",,Undergraduate,
THEA 39798,Thea:Form of Pop Ed,"(3, 3)",,Undergraduate,
THEA 39713,Theater and Urban Space,"(3, 3)",,Undergraduate,
THEA 29701,Theater Management and Advanced Production,"(3, 3)",,Undergraduate,
THEA 38850,Theater Proj: Black Theater,"(3, 3)",,Undergraduate,
REL 30850,Theatre and Religion,"(3, 3)",,Undergraduate,
THEA 39771,Theatre and War,"(3, 3)",,Undergraduate,
THEA 24200,Theatre for Young Audiences,"(3, 3)",,Undergraduate,
THEA 24300,Theatre for Young Audiences: Laboratory,"(3, 3)",,Undergraduate,
FREN 36253,Theatre of Moliere,"(3, 3)",,Undergraduate,
THEA 39787,Theatre of Protest,"(3, 3)",,Undergraduate,
THEA 33200,Theatre of Realism and Naturalism,"(3, 3)",,Undergraduate,
COMPL 33058,Theatre of the Absurd,"(3, 3)",,Undergraduate,
ENGL 39055,Theatre of the Absurd,"(3, 3)",,Undergraduate,
THEA 25200,Theatre Prod. 2,"(3, 3)",,Undergraduate,
THEA 25100,Theatre Production,"(3, 3)",,Undergraduate,
THEA 39736,Theatre Project: Theatre for Young Audience Production,"(3, 3)",,Undergraduate,
THEA 39100,Theatre Projects,"(3, 3)",,Undergraduate,
THEA 29792,Theatre Sports,"(3, 3)",,Undergraduate,
THEA 37300,Theatre Theory & Crit,"(3, 3)",,Undergraduate,
THEA 32200,Theatre Theory and Criticism,"(3, 3)",,Undergraduate,
THEA 28700,Theatre Workshop,"(2, 2)",,Undergraduate,
THEA 35100,Theatre Workshop,"(3, 3)",,Undergraduate,
THEA 38800,Theatres and Movie Palaces: Contemporary Culture,"(3, 3)",,Undergraduate,
THEA 28200,Theatrical Design Techniques,"(3, 3)",,Undergraduate,
FILM 33400,Theatricality and the Presentation of Self,"(3, 3)",,Undergraduate,
POLSC 48059,Thematic Course,"(3, 3)",,Undergraduate,
THEA 39788,Theo.& Styles of Act,"(3, 3)",,Undergraduate,
AFPRL 42854,Theor: White Racism,"(3, 3)",,Undergraduate,
PHYS 41100,Theoretical Mechanics,"(3, 3)",,Undergraduate,
PHYS 40100,Theoretical Physics,"(4, 4)",,Undergraduate,
PHYS 30100,Theoretical Physics,"(3, 3)",,Undergraduate,
SOC 3252K,Theories and Methods for Researching Asian American Communities,"(3, 3)",,Undergraduate,
ASIAN 33014,Theories and Methods for Researching Asian American Communities,"(3, 3)",,Undergraduate,
SOC 32547,Theories in Modernity and Postmodernity,"(3, 3)",,Undergraduate,
POLSC 37700,Theories of International Politics,"(4, 4)",,Undergraduate,
WGST 30003,Theorizing Film: Horror and Sci-Fi,"(3, 3)",,Undergraduate,
WGSA 30006,Theorizing the Horror Film: Writing Seminar,"(3, 3)",,Undergraduate,
EDUC 40053,Theory & Pract:Biling,"(3, 3)",,Undergraduate,
CLA 328HE,Theory and Method in Classical Archaeology,"(3, 3)",,Undergraduate,
CLARC 32800,Theory and Method in Classical Archaeology,"(3, 3)",,Undergraduate,
WGS 30050,Theory and Practice of Development,"(3, 3)",,Undergraduate,
DAN 30200,Theory and Practice of Teaching Dance (K-12),"(3, 3)",,Undergraduate,
DAN 30100,Theory and Practice of Teaching Dance in Elementary School,"(2, 2)",,Undergraduate,
ITAL 37085,Theory and Practice of Translation (Italian and English),"(3, 3)",,Undergraduate,
ANTHP 21400,Theory of Evolution,"(3, 3)",,Undergraduate,
ECO 49569,Theory of Financial Economics,"(3, 3)",,Undergraduate,
POLSC 37366,Theory of International Relations,"(3, 3)",,Undergraduate,
POLSC 30473,Theory of Justice,"(3, 3)",,Undergraduate,
PHILO 39363,Theory of Justice,"(3, 3)",,Undergraduate,
PHILO 36200,Theory of Knowledge,"(3, 3)",,Undergraduate,
MATH 31300,Theory of Numbers,"(3, 3)",,Undergraduate,
POLSC 30700,Theory of Revolution,"(3, 3)",,Undergraduate,
PSYCH 39574,Ther & Mtds:Psych Thpy,"(3, 3)",,Undergraduate,
BIOL 47127,Therapeutic Resistance,"(3, 3)",,Undergraduate,
PHYS 336LC,Thermo & Stat Mech,"(4, 4)",,Undergraduate,
CHEM 11200,Thermodynamics and Solution Chemistry,"(6, 6)",,Undergraduate,
PHYS 33600,Thermodynamics and Statistical Mechanics,"(4, 4)",,Undergraduate,
HONS 2011Z,Thinking About Animals,"(3, 3)",,Undergraduate,
SOC 42528,Thinking Critically in a Digital Society,"(3, 3)",,Undergraduate,
ENGL 38956,Thomas Hardy,"(3, 3)",,Undergraduate,
POLSC 48017,Thries Int Rel: Hon,"(3, 3)",,Undergraduate,
GRK 31000,Thucydides,"(3, 3)",,Undergraduate,
HONS 30133,Til Death Do Us Part,"(3, 3)",,Undergraduate,
ENGL 32986,Time and Narrative,"(3, 3)",,Undergraduate,
ARTCR 36023,Time Based Media,"(3, 3)",,Undergraduate,
ECO 49572,Time Ser & Forecasting,"(3, 3)",,Undergraduate,
SPAN 37600,"Time, Love and Death in Spanish Poetry from the Middle Ages to the Postmodern Age","(3, 3)",,Undergraduate,
HONS 20131,Timeless Don Juan,"(3, 3)",,Undergraduate,
POLSC 30470,Tocqueville Rethgt,"(3, 3)",,Undergraduate,
POLSC 30457,Tocqueville's Theory,"(3, 3)",,Undergraduate,
POLSC 48082,Tocqueville:Theorist,"(3, 3)",,Undergraduate,
JPN 30305,Tokyo: History & Cultural Topography,"(3, 3)",,Undergraduate,
POLSC 31752,Tol & Intol in Am Pol,"(3, 3)",,Undergraduate,
RUSS 25855,Tolstoy & War & Peac,"(1, 1)",,Undergraduate,
RUSS 34100,Tolstoy and Dostoevsky,"(3, 3)",,Undergraduate,
RUSS 25100,Tolstoy and Dostoevsky in English Translation,"(3, 3)",,Undergraduate,
ENGL 38967,Toni Morrison,"(3, 3)",,Undergraduate,
ENGL 32170,Toni Morrison: Writer & Editor,"(3, 3)",,Undergraduate,
WGS 20091,Top Asian-Amer Litt.,"(3, 3)",,Undergraduate,
ECO 49563,Top Economic Analysis,"(3, 3)",,Undergraduate,
HIST 34199,Top in African Hist,"(3, 3)",,Undergraduate,
ENGL 38358,Top in Renaissance Literature,"(3, 3)",,Undergraduate,
UKR 25000,Top Ukranian Lit,"(3, 3)",,Undergraduate,
HIST 34114,Top: Afro-Amer Hist,"(3, 3)",,Undergraduate,
NURS 49963,Top: Death & Dying,"(3, 3)",,Undergraduate,
COMPL 32151,Top: Decadence Period,"(3, 3)",,Undergraduate,
CSCI 39568,Top: Internetworking,"(3, 3)",,Undergraduate,
ECO 49564,Top: Labor Economics,"(3, 3)",,Undergraduate,
ECO 49556,Top: Latin-America Development,"(3, 3)",,Undergraduate,
HIST 34151,Topic : Era of the American Revolution,"(3, 3)",,Undergraduate,
ENGL 38558,Topic in 19th Cen Literature,"(3, 3)",,Undergraduate,
ENGL 39161,Topic in 20th Cen Literature,"(3, 3)",,Undergraduate,
ENGL 38066,Topic in Comprehensive Literature,"(3, 3)",,Undergraduate,
CSCI 39559,Topic: Computer Geometry,"(3, 3)",,Undergraduate,
ENGL 25082,Topic: Irish Literature,"(3, 3)",,Undergraduate,
COMPL 38063,Topic: Modern Polish Prose,"(3, 3)",,Undergraduate,
CSCI 39556,Topic: Neural Networks,"(3, 3)",,Undergraduate,
CSCI 39580,Topic:Capstone Computer Science,"(3, 3)",,Undergraduate,
CSCI 39571,Topic:Data Comm & Networking,"(3, 3)",,Undergraduate,
HIST 34126,Topic:Non-West Hist.,"(3, 3)",,Undergraduate,
ENGL 38679,Topics,"(3, 3)",,Undergraduate,
ENGL 38663,Topics Brit & Amer Literature,"(3, 3)",,Undergraduate,
ENGL 38664,Topics Brit & Amer Literature,"(3, 3)",,Undergraduate,
FILM 39749,Topics Film History,"(3, 3)",,Undergraduate,
ECO 49555,Topics Hist Eco Thot,"(3, 3)",,Undergraduate,
ECO 49955,Topics History Economic Thought,"(3, 3)",,Undergraduate,
ENGL 38555,Topics in 19th Cen Literature,"(3, 3)",,Undergraduate,
ENGL 38556,Topics in 19th Cen Literature,"(3, 3)",,Undergraduate,
NURS 49953,Topics in Aging,"(3, 3)",,Undergraduate,
NURS 49968,Topics in Aids,"(3, 3)",,Undergraduate,
HONS 30143,Topics in Arabic Culture & Literature,"(3, 3)",,Undergraduate,
ARB 20000,Topics in Arabic Literature and Culture,"(3, 3)",,Undergraduate,
ASIAN 23002,Topics in Asian American Society: Asian American Communities and Mental Health,"(3, 3)",,Undergraduate,
BIOL 47060,Topics in Biotech,"(2, 2)",,Undergraduate,
BIOL 47140,Topics in Biotech,"(3, 3)",,Undergraduate,
ENGL 38766,Topics in Brit Literature,"(3, 3)",,Undergraduate,
ENGL 38674,Topics in Britain & Amer Lit,"(3, 3)",,Undergraduate,
ENGL 38765,Topics in British & America Literature,"(3, 3)",,Undergraduate,
ENGL 38688,Topics in British and American Literature,"(3, 3)",,Undergraduate,
COMPL 38082,Topics in Caribbean Literature,"(3, 3)",,Undergraduate,
ENGL 32700,Topics in Caribbean Literature,"(3, 3)",,Undergraduate,
CHIN 25100,Topics in Chinese Literature in English Translation,"(3, 3)",,Undergraduate,
CLA 24000,Topics in Classics,"(3, 3)",,Undergraduate,
GEOG 38371,Topics in Climatic Change,"(3, 3)",,Undergraduate,
PH 40010,Topics in Comhe & PH: Grant Writing,"(3, 3)",,Undergraduate,
PH 40000,Topics in Community Health Education and Public Health,"(3, 3)",,Undergraduate,
ENGL 34300,Topics in Composition Studies,"(3, 3)",,Undergraduate,
CSCI 39500,Topics in Computer Science,"(3, 3)",,Undergraduate,
CSCI 39593,Topics in Computer Science: Algorithms for Bioinformatics,"(3, 3)",,Undergraduate,
CSCI 39453,Topics in Computer Science: Object Oriented Programming using JAVA,"(2, 2)",,Undergraduate,
COMSC 40000,Topics in Comsc,"(3, 3)",,Undergraduate,
THEA 39723,Topics in Contemporary Theatre of Japan,"(3, 3)",,Undergraduate,
JPN 40301,Topics in Contemporary Theatre of Japan,"(3, 3)",,Undergraduate,
CSCI 17200,Topics in Creative Problem Solving,"(1, 1)",,Undergraduate,
ENGL 48201,Topics in Cross-Cultural Writing,"(1, 1)",,Undergraduate,
ECO 39558,Topics in Economic Growth,"(3, 3)",,Undergraduate,
PHILO 39455,Topics in Ethics,"(3, 3)",,Undergraduate,
FILM 39752,Topics in Film History: (The 1930's),"(3, 3)",,Undergraduate,
FILM 39751,Topics in Film History: The 70s,"(3, 3)",,Undergraduate,
BIOL 22000,Topics in Genetics and Evolution,"(3, 3)",,Undergraduate,
FILM 22200,Topics in Genre Studies,"(3, 3)",,Undergraduate,
FILM 22240,Topics in Genre Studies: The Essay Film 3 4,"(3, 3)",,Undergraduate,
FILM 22252,Topics in Genre Studies: The Woman'S Film of the 1940's,"(3, 3)",,Undergraduate,
MATH 49050,Topics in Geometry,"(3, 3)",,Undergraduate,
GRK 32000,Topics in Greek Literature,"(3, 3)",,Undergraduate,
HIST 34100,Topics in History,"(3, 3)",,Undergraduate,
DAN 43156,Topics in Jazz,"(2, 2)",,Undergraduate,
LAT 32000,Topics in Latin Literature,"(3, 3)",,Undergraduate,
LAT 32006,Topics in Latin Literature: Roman Slavery,"(3, 3)",,Undergraduate,
ENGL 25170,Topics in Literature,"(3, 3)",,Undergraduate,
ENGL 25083,Topics in Literature,"(3, 3)",,Undergraduate,
ENGL 25187,Topics in Literature,"(3, 3)",,Undergraduate,
ENGL 25170,Topics in Literature,"(3, 3)",,Undergraduate,
ENGL 25188,Topics in Literature,"(3, 3)",,Undergraduate,
ENGL 25083,Topics in Literature,"(3, 3)",,Undergraduate,
ENGL 25100,Topics in Literature,"(3, 3)",,Undergraduate,
ENGL 25099,Topics in Literature,"(3, 3)",,Undergraduate,
ENGL 25180,Topics in Literature,"(3, 3)",,Undergraduate,
ENGL 25000,Topics In Literature,"(3, 3)",,Undergraduate,
ENGL 25175,Topics in Literature,"(3, 3)",,Undergraduate,
ENGL 32358,Topics in Literature by Women: Asian American Feminism,"(3, 3)",,Undergraduate,
WGS 25854,Topics in Literature by Women: Sexual Anarchy: Literature of Fin-De-Siecle,"(3, 3)",,Undergraduate,
PHYS 40300,Topics in Mod Physics,"(3, 3)",,Undergraduate,
NURS 39951,Topics in Nursing Practice,"(3, 3)",,Undergraduate,
NURS 39957,Topics in Nutrition,"(3, 3)",,Undergraduate,
NURS 39901,Topics in Nutrition,"(1, 1)",,Undergraduate,
NURS 39900,Topics in Nutrition,"(3, 3)",,Undergraduate,
NFS 41300,Topics in Nutrition and Food Science (variable NFS topics),"(3, 3)",,Undergraduate,
NFS 41100,Topics in Nutrition and Food Science (variable NFS topics),"(1, 1)",,Undergraduate,
NFS 41200,Topics in Nutrition and Food Science (variable NFS topics),"(2, 2)",,Undergraduate,
MUSHL 36120,Topics in Opera Studies: African-American Composers,"(3, 3)",,Undergraduate,
PHILO 20000,Topics in Philosophy,"(3, 3)",,Undergraduate,
PHYS 20N01,Topics in Planetary Exploration,"(3, 3)",,Undergraduate,
POL 25000,Topics in Polish Literature,"(3, 3)",,Undergraduate,
POLSC 29200,Topics in Political Science,"(1, 1)",,Undergraduate,
ENGL 34200,Topics In Rhetoric,"(3, 3)",,Undergraduate,
ENGL 37100,Topics in Romantic Literature,"(3, 3)",,Undergraduate,
HIST 34123,Topics in Span Hist,"(3, 3)",,Undergraduate,
MATH 11000,Topics in the Mathematical Sciences,"(3, 3)",,Undergraduate,
UKR 26000,Topics in Ukr Lit,"(3, 3)",,Undergraduate,
ECO 49554,Topics Marxian Economics,"(3, 3)",,Undergraduate,
ENGL 39002,Topics Modernism's Child,"(3, 3)",,Undergraduate,
NURS 49962,Topics Moral Development,"(3, 3)",,Undergraduate,
ECO 49575,Topics on Appld Finance,"(3, 3)",,Undergraduate,
ENGL 38354,Topics-Renaissance Literature,"(3, 3)",,Undergraduate,
ASIAN 23000,Topics: Asian American Society,"(3, 3)",,Undergraduate,
MLSP 40066,Topics: Biohazards & Emer Resp,"(3, 3)",,Undergraduate,
ENGL 38686,Topics: Brit & Amer Lit,"(3, 3)",,Undergraduate,
CSCI 39552,Topics: Coding Theory,"(3, 3)",,Undergraduate,
HIST 34134,Topics: Europe Hist,"(3, 3)",,Undergraduate,
CSCI 39555,Topics: Expert System,"(3, 3)",,Undergraduate,
CSCI 39554,Topics: Networking,"(3, 3)",,Undergraduate,
POL 25052,Topics: Polish Culture,"(3, 3)",,Undergraduate,
CSCI 39566,Topics: Practicum,"(3, 3)",,Undergraduate,
CSCI 39592,Topics: Quantum Computing,"(3, 3)",,Undergraduate,
CSCI 39551,Topics: Software Testing,"(3, 3)",,Undergraduate,
ENGL 38675,Topics:British American Literature,"(3, 3)",,Undergraduate,
CSCI 39583,Topics:Cloud Computing,"(3, 3)",,Undergraduate,
CSCI 39582,Topics:Computer Forensics,"(3, 3)",,Undergraduate,
CSCI 39553,Topics:Genetic Algs,"(3, 3)",,Undergraduate,
WGS 25800,Topics:Lit By Wom,"(3, 3)",,Undergraduate,
MATH 34000,Topology,"(3, 3)",,Undergraduate,
RUSS 24657,Tops: Lermontov,"(3, 3)",,Undergraduate,
ENGL 38450,Tops: Pope & Swift,"(3, 3)",,Undergraduate,
POLSC 30456,Totalitarianism & Dict,"(3, 3)",,Undergraduate,
ENGL 38681,Tp:British & Amer Lt,"(3, 3)",,Undergraduate,
ENGL 38453,Tp:Restoratn&18 C Lt,"(3, 3)",,Undergraduate,
ENGL 38764,Tpc in Brit & Am Lit,"(3, 3)",,Undergraduate,
ENGL 38762,Tpcs Brit & Amer Lit,"(3, 3)",,Undergraduate,
WGS 30039,Tpcs in 19th C. Lit,"(3, 3)",,Undergraduate,
ENGL 38763,Tpcs in Brit & Am Lt,"(3, 3)",,Undergraduate,
ENGL 38451,Tpcs Restrtn&18C Lit,"(3, 3)",,Undergraduate,
HED 30054,Tpcs: Hlth Is. Clsrm,"(3, 3)",,Undergraduate,
POL 25033,Tpcs: Min East Euro,"(3, 3)",,Undergraduate,
POL 25333,Tpcs: Min. Eadt Euro,"(3, 3)",,Undergraduate,
RUSS 25633,Tpcs:Min. East Euro.,"(3, 3)",,Undergraduate,
POLSC 27289,Tpcs:Minrties E.Euro,"(3, 3)",,Undergraduate,
HEBR 35766,Tr Contmp Hbr Poetry,"(3, 3)",,Undergraduate,
HIST 25021,Tradition and Transformation: Russian and East European Jewry,"(3, 3)",,Undergraduate,
RUSS 25609,Tradition and Transformation: Russian and East European Jewry,"(3, 3)",,Undergraduate,
JS 25002,Tradition and Transformation: Russian and East European Jewry,"(3, 3)",,Undergraduate,
JPN 30301,Traditional Japanese Theatre,"(3, 3)",,Undergraduate,
THEA 39718,Traditional Japanese Theatre,"(3, 3)",,Undergraduate,
THEA 39785,Tragedy,"(3, 3)",,Undergraduate,
PHILO 39465,Tragedy & Philosophy,"(3, 3)",,Undergraduate,
ENGL 25059,Tragic Vision,"(3, 3)",,Undergraduate,
BIOL 47129,Training the Immune System,"(3, 3)",,Undergraduate,
ENGL 32265,Trans and Nonbinary Poetry,"(3, 3)",,Undergraduate,
WGSA 29007,Trans and Nonbinary Poetry,"(3, 3)",,Undergraduate,
SPAN 39001,Trans&Intrp:Literary,"(3, 3)",,Undergraduate,
POLSC 37254,Trans:USSR & Euro,"(3, 3)",,Undergraduate,
ENGL 39082,"Transformations of Modernity, 1914 - Present","(3, 3)",,Undergraduate,
WGSA 30007,Transgender Literature,"(3, 3)",,Undergraduate,
ENGL 32255,Transgender Literature,"(3, 3)",,Undergraduate,
ENGL 31990,Transgender Memoir: A Re-examination of the Bildungsroman,"(3, 3)",,Undergraduate,
WGSA 31990,Transgender Memoir: A Re-examination of the Bildungsroman,"(3, 3)",,Undergraduate,
ENGL 32257,Transgender Poetry,"(3, 3)",,Undergraduate,
WGSS 30027,Transgender Theory and Politics,"(3, 3)",,Undergraduate,
RUSS 25669,Transgressions: Narratives of Adultery in 20th Century and Beyond,"(3, 3)",,Undergraduate,
HR 30N11,Transitional Justice,"(3, 3)",,Undergraduate,
HR 22014,Transitional Justice after Mass Atrocity,"(3, 3)",,Undergraduate,
COMPL 32060,Translating Culture: Introduction to Theory and Practice of Translation,"(3, 3)",,Undergraduate,
RUSS 21500,Translating Culture: Introduction to Theory and Practice of Translation,"(3, 3)",,Undergraduate,
ENGL 25042,Translating Culture: Introduction to Theory and Practice of Translation,"(3, 3)",,Undergraduate,
RUSS 24655,Translating Russian,"(3, 3)",,Undergraduate,
SPAN 37082,Translating Tales of Chivalry Medieval and early Modern Iberian Literature,"(3, 3)",,Undergraduate,
WGS 30060,Translating Wmn,"(3, 3)",,Undergraduate,
ENGL 32971,Translating Women,"(3, 3)",,Undergraduate,
SPAN 39000,Translation and Interpretation for the Professions,"(3, 3)",,Undergraduate,
SPAN 39002,Translation and Interpretation: for the Medical Profession,"(3, 3)",,Undergraduate,
RUSS 24620,Translation and Interpretation: for the Medical Profession,"(3, 3)",,Undergraduate,
SPAN 38300,Translation from English into Spanish,"(3, 3)",,Undergraduate,
SPAN 38100,Translation from Spanish into English,"(3, 3)",,Undergraduate,
SPAN 39006,Translation tools and Technology,"(3, 3)",,Undergraduate,
POL 26063,Translation Workshop,"(3, 3)",,Undergraduate,
SPAN 39003,Translation: Legal Professional,"(3, 3)",,Undergraduate,
ENGL 25087,Transnational American,"(3, 3)",,Undergraduate,
WGSL 29017,"Transnational Bangladesh: Revolution, Remittance, and Resistance","(3, 3)",,Undergraduate,
WGS 20054,Transnational Feminism,"(3, 3)",,Undergraduate,
WGS 24400,Transnational Feminisms,"(3, 3)",,Undergraduate,
GEOG 32100,Transportation Geography,"(3, 3)",,Undergraduate,
URBS 4031J,Transporting New York: Sustainable Mobility in the 21st Century,"(3, 3)",,Undergraduate,
URBS 4031U,Transporting New York: Sustainable Mobility in the 21st Century,"(3, 3)",,Undergraduate,
HONS 30172,Travels and Journeys,"(3, 3)",,Undergraduate,
SPAN 49251,Trayectoria-Poetica,"(3, 3)",,Undergraduate,
REL 25400,Tribal Religions: from Australia to the Americas,"(3, 3)",,Undergraduate,
ANTHP 31700,Tropical Forest Conservation,"(3, 3)",,Undergraduate,
HUM 25065,Trth & Consequences,"(3, 3)",,Undergraduate,
FREN 36651,Truth and Lies,"(3, 3)",,Undergraduate,
ARTCR 10700,TTT Art,"(3, 3)",,Undergraduate,
HIST 38213,Tudor England,"(3, 3)",,Undergraduate,
BIOL 47054,Tumor Immunology,"(2, 2)",,Undergraduate,
ENGL 32256,Turn of Century Sexuality,"(3, 3)",,Undergraduate,
PHYS 19000,Tutorial in Mathematical Physics,"(2, 2)",,Undergraduate,
SOC 42531,TV Program & Audnc,"(3, 3)",,Undergraduate,
GERMN 32052,Tvdrama:Germn In'90s,"(3, 3)",,Undergraduate,
ENGL 39876,Twain and James,"(3, 3)",,Undergraduate,
ENGL 39953,"Twain, James and Howell","(3, 3)",,Undergraduate,
ENGL 39001,Twentieth Century Poetry and Poetics,"(3, 3)",,Undergraduate,
ARTH 25000,Twentieth-Century Art 2,"(3, 3)",,Undergraduate,
ARTH 24900,Twentieth-Century Art I,"(3, 3)",,Undergraduate,
PHILO 32000,Twentieth-Century Philosophy,"(3, 3)",,Undergraduate,
ASIAN 34002,Twi: Asian Media,"(3, 3)",,Undergraduate,
POLSC 30467,Type of Total Domintn,"(3, 3)",,Undergraduate,
ENGL 34251,U.S Nationl Rhetoric,"(3, 3)",,Undergraduate,
HIST 38231,U.S. African-American History: Black Powers,"(3, 3)",,Undergraduate,
AFPRL 39032,U.S. African-American History: Black Powers,"(3, 3)",,Undergraduate,
HIST 48352,U.S. and China,"(3, 3)",,Undergraduate,
HIST 34157,U.S. and the Holocaust,"(3, 3)",,Undergraduate,
POLSC 31730,U.S. Border Politics,"(3, 3)",,Undergraduate,
POLSC 27284,U.S. Intelligence,"(3, 3)",,Undergraduate,
HIST 25004,U.S. Latino History,"(3, 3)",,Undergraduate,
HIST 3411R,U.S. Latino History,"(3, 3)",,Undergraduate,
ENGL 32651,U.S. Latino/a Literature,"(3, 3)",,Undergraduate,
POLSC 37305,U.S. Nat Security,"(3, 3)",,Undergraduate,
ENGL 34052,U.S. National Rhetoric,"(3, 3)",,Undergraduate,
ENGL 25097,U.S. Originals,"(3, 3)",,Undergraduate,
POLSC 24300,U.S. Political Economy,"(3, 3)",,Undergraduate,
HIST 34180,U.S. Progrssive Era,"(3, 3)",,Undergraduate,
HIST 3412J,U.S. Public History,"(3, 3)",,Undergraduate,
HIST 34136,U.S. Since 1945,"(3, 3)",,Undergraduate,
BIOL 47088,Ubiquitin/Proteasome,"(3, 3)",,Undergraduate,
BIOL 47110,Ubiquitin/Proteasome,"(3, 3)",,Undergraduate,
BIOL 47090,Ubiquitin/Proteasome,"(2, 2)",,Undergraduate,
CSCI 39535,UI/UX Design,"(3, 3)",,Undergraduate,
ENGL IS04,UISP - Skills for Education Students,"(None, None)",,Undergraduate,
UKR 25051,Ukrainian Culture 2,"(3, 3)",,Undergraduate,
ENGL 38871,Ulysses at 100,"(3, 3)",,Undergraduate,
POLSC 27307,UN & Int'l Politics,"(3, 3)",,Undergraduate,
HR 22049,UN Human Rights Mechanisms,"(3, 3)",,Undergraduate,
ANTHC 32003,Unacceptable Risk: Language and Health,"(3, 3)",,Undergraduate,
ENGL 35562,Uncommon Shakespeare,"(3, 3)",,Undergraduate,
ARTCR 36010,Unconventional Approach:Drawing,"(3, 3)",,Undergraduate,
QSTB 27150,Undergraduate Seminar Designed to Prepare PreService Teachers to Teach in Culturally Responsive Ways,"(1, 1)",,Undergraduate,
PSYCH 39061,Underst. Human Behav,"(3, 3)",,Undergraduate,
THEA 39793,Understand Meth.Act,"(3, 3)",,Undergraduate,
ENGL 39076,Understanding 60's,"(3, 3)",,Undergraduate,
BIOL 47136,Understanding Immunotherapy,"(3, 3)",,Undergraduate,
MEDIA 28000,Understanding New Media,"(3, 3)",,Undergraduate,
CHIN 40101,Understanding Taiwan Through Literature and Cinema,"(3, 3)",,Undergraduate,
POLSC 37215,Understanding the Arab Uprising,"(3, 3)",,Undergraduate,
MUSHL 26115,Understandng Opera,"(3, 3)",,Undergraduate,
MUSTH 46157,Undrstndng Snd Synth,"(3, 3)",,Undergraduate,
POLSC 27379,United States and Asia,"(3, 3)",,Undergraduate,
HIST 38352,United States and China,"(3, 3)",,Undergraduate,
POLSC 27398,United States Defense Terrorism,"(3, 3)",,Undergraduate,
HIST 48351,United States in the 1920's,"(3, 3)",,Undergraduate,
HIST 34173,United States in the Late 19th Century,"(3, 3)",,Undergraduate,
HIST 38360,United States Since 1945,"(3, 3)",,Undergraduate,
CSCI 49366,Unix Tools,"(3, 3)",,Undergraduate,
THEA 39729,Unlocking the Performance,"(3, 3)",,Undergraduate,
ENGL 32983,Unorthodox Writing: Modern Jewish Literature,"(3, 3)",,Undergraduate,
HONS 30150,Upper-Level Honors Colloquium,"(3, 3)",,Undergraduate,
ENGL 25172,Upton Fiction&Social Disorder,"(3, 3)",,Undergraduate,
GEOG 38330,Urb Dimens: Global Climate Change,"(3, 3)",,Undergraduate,
RUSS 25655,Urb Flklr Russ Ngbhd,"(3, 3)",,Undergraduate,
URBS 40301,Urb Perspc Cic/Com,"(3, 3)",,Undergraduate,
URBS 40352,Urb Policy & NYC,"(3, 3)",,Undergraduate,
URBS 40357,Urb Soc & Eco Devpmt,"(3, 3)",,Undergraduate,
SOC 42537,Urban Aging Policy,"(3, 3)",,Undergraduate,
PH 40037,Urban Aging Policy,"(3, 3)",,Undergraduate,
ANTHC 32056,Urban Anthropology,"(3, 3)",,Undergraduate,
ANTHC 32060,Urban Archaeology,"(3, 3)",,Undergraduate,
URBS 40400,Urban Budgeting and Fiscal Policy,"(3, 3)",,Undergraduate,
NURS 39997,Urban Disasters,"(3, 3)",,Undergraduate,
PH 40093,Urban Disasters,"(3, 3)",,Undergraduate,
URBS 4031S,"Urban Economic Systems, Sustainability, and Environmental Government","(3, 3)",,Undergraduate,
ECO 33500,Urban Economics,"(3, 3)",,Undergraduate,
GEOG 32800,Urban Environmental Problems: Evaluations and Solutions,"(3, 3)",,Undergraduate,
PHILO 20064,Urban Ethics,"(3, 3)",,Undergraduate,
URBS 41000,Urban Fieldwork,"(3, 3)",,Undergraduate,
URBS 40356,Urban Futures,"(3, 3)",,Undergraduate,
URBS 20200,Urban Futures,"(3, 3)",,Undergraduate,
URBS 4032Q,Urban Futures: Environment and Imagination,"(3, 3)",,Undergraduate,
GEOG 34300,Urban Geographic Theory,"(3, 3)",,Undergraduate,
GEOG 24300,Urban Geography,"(3, 3)",,Undergraduate,
URBS 40387,Urban Infrastructure around the World,"(3, 3)",,Undergraduate,
URBS 403H1,Urban Infrastructure around the World,"(3, 3)",,Undergraduate,
URBS 10100,Urban Life: Personal and Observational View,"(3, 3)",,Undergraduate,
URBS 40372,Urban Politics,"(3, 3)",,Undergraduate,
POLSC 21200,Urban Politics,"(3, 3)",,Undergraduate,
URBS 40359,Urban Regionalism,"(3, 3)",,Undergraduate,
URBS 40398,Urban Research Workshop,"(3, 3)",,Undergraduate,
URBS 40390,Urban Revitalization,"(3, 3)",,Undergraduate,
ENGL 37153,Urban Romanticism,"(3, 3)",,Undergraduate,
RUSS 25662,Urban Russian Novel,"(3, 3)",,Undergraduate,
SOC 21100,Urban Sociology,"(3, 3)",,Undergraduate,
URBS 49803,Urban Std: Internship,"(3, 3)",,Undergraduate,
URBS 40900,Urban Std:Internship,"(3, 3)",,Undergraduate,
URBS 42000,Urban Studies Internship,"(3, 3)",,Undergraduate,
URBS 4031W,Urban Water: Supply and Management,"(3, 3)",,Undergraduate,
HONS 3011B,Urban Women: New Visions in the Industrial City in Europe and the United States,"(3, 3)",,Undergraduate,
GEOG 30503,Urban World Regional Development,"(3, 3)",,Undergraduate,
URBS 41002,Urbn Fieldwrk-Mentor,"(3, 3)",,Undergraduate,
URBS 40378,"Urbn Food,Env Justic","(3, 3)",,Undergraduate,
URBS 40200,Urbn Studies Studio,"(3, 3)",,Undergraduate,
POLSC 37304,US & East Asia,"(3, 3)",,Undergraduate,
HIST 34128,US & Mexico Beynd Brdr,"(3, 3)",,Undergraduate,
ANTHC 32162,US & Mexico Beyond Border,"(3, 3)",,Undergraduate,
HIST 38359,US Cap & Chng 19C,"(3, 3)",,Undergraduate,
HIST 48359,US Cap & Ind Cng 19C,"(3, 3)",,Undergraduate,
HIST 34108,US Col Hist to 1763,"(3, 3)",,Undergraduate,
HIST 38302,US Empire Since 1787,"(3, 3)",,Undergraduate,
POLSC 27373,US for Pol & 3D Wrld,"(3, 3)",,Undergraduate,
POLSC 37367,US for Pol Cur't Cha,"(3, 3)",,Undergraduate,
POLSC 48098,Us for Pol: Curt Chal,"(3, 3)",,Undergraduate,
POLSC 37393,US Foreign Policy,"(3, 3)",,Undergraduate,
POLSC 37306,US Forgn Pol Challen,"(3, 3)",,Undergraduate,
POLSC 37307,US Forgn Pol Post911,"(3, 3)",,Undergraduate,
HIST 38361,US Gay and Lesbian History,"(3, 3)",,Undergraduate,
HIST 49253,US in the 18th Cent,"(3, 3)",,Undergraduate,
POLSC 21782,US Intelligence Politics,"(3, 3)",,Undergraduate,
ENGL 49460,US National Rhetoric,"(3, 3)",,Undergraduate,
POLSC 48095,US Post Cold War Era,"(3, 3)",,Undergraduate,
HIST 48360,US since 1945,"(3, 3)",,Undergraduate,
HIST 38218,US Social History,"(3, 3)",,Undergraduate,
POLSC 27391,US-China Relations,"(3, 3)",,Undergraduate,
POLSC 37372,US-China Relations,"(3, 3)",,Undergraduate,
POLSC 48001,US-Japan Relations,"(3, 3)",,Undergraduate,
HIST 25023,US-Latin American Relations,"(3, 3)",,Undergraduate,
HIST 38202,US-Progressive Era,"(3, 3)",,Undergraduate,
POLSC 27361,US-USSR-China Poltcs,"(3, 3)",,Undergraduate,
HIST 34131,Us: 1890 - 1945,"(3, 3)",,Undergraduate,
HIST 34138,US:Civ Rts/Civ Libty,"(3, 3)",,Undergraduate,
HIST 48354,USA as a World Power,"(3, 3)",,Undergraduate,
PHILO 39489,Use and Abuse of Language,"(3, 3)",,Undergraduate,
MATH PRE02,USIP - Calculus Workshop,"(None, None)",,Undergraduate,
ENGL IS01,USIP - ESL Advanced Grammar,"(None, None)",,Undergraduate,
ENGL R01,USIP - ESL Reading Workshop,"(None, None)",,Undergraduate,
ENGL IS03,USIP - ESL Vocabulary Workshop,"(None, None)",,Undergraduate,
ENGL IS02,USIP - ESL Writing & Reading,"(None, None)",,Undergraduate,
ENGL W01,USIP - ESL Writing Workshop,"(None, None)",,Undergraduate,
MATH PRE01,USIP - Pre-Math 101 Workshop,"(None, None)",,Undergraduate,
ACSK S01,USIP SEEK CHEM 100 Workshop,"(None, None)",,Undergraduate,
ACSK S02,USIP SEEK CHEM 102 Workshop,"(None, None)",,Undergraduate,
ACSK M01,USIP SEEK Math 101 Workshop,"(None, None)",,Undergraduate,
ACSK M02,USIP SEEK Math 125 Workshop,"(None, None)",,Undergraduate,
ACSK M03,USIP SEEK Math 150 Workshop,"(None, None)",,Undergraduate,
ACSK RW01,USIP SEEK Rdng&Wrtg Workshop,"(None, None)",,Undergraduate,
ACSK M04,USIP SEEK Stat 113 Workshop,"(None, None)",,Undergraduate,
ACSK W01,USIP SEEK Writing Workshop,"(None, None)",,Undergraduate,
ENGL IS05,USIP-Language Skills for Nursing Students,"(None, None)",,Undergraduate,
ENGL 32981,Utopian Fictions: Literature and Human Rights,"(3, 3)",,Undergraduate,
POLSC 20356,Utopian Future,"(3, 3)",,Undergraduate,
POLSC 31100,Utopian Theory,"(3, 3)",,Undergraduate,
ENGL 38690,Utpn Fic&Soc Disordr,"(3, 3)",,Undergraduate,
ANTHC 32013,UX Research for Anthropologists,"(3, 3)",,Undergraduate,
LACS 43420,V.S. Naipaul,"(3, 3)",,Undergraduate,
ENGL 38979,V.S. Naipaul,"(3, 3)",,Undergraduate,
WGS 20062,Vagina Monolog:Play,"(3, 3)",,Undergraduate,
SPAN 37115,Valle-Inclan:Soc/Cul,"(3, 3)",,Undergraduate,
ENGL 49456,Vampire in Literature & Art,"(3, 3)",,Undergraduate,
COMPL 37059,Vampires in Lore & Lit,"(3, 3)",,Undergraduate,
HIST 34106,Var of Jewish Identity,"(3, 3)",,Undergraduate,
ANTHC 32065,Varieties of Culture,"(3, 3)",,Undergraduate,
HIST 3411G,Varieties of Jewish Nationalism and Zionism,"(3, 3)",,Undergraduate,
ENGL 38672,Vctrn Inhr Slf as Db,"(3, 3)",,Undergraduate,
MATH 25500,Vector Analysis,"(3, 3)",,Undergraduate,
MATH 22500,Vector Analysis,"(3, 3)",,Undergraduate,
ARTH 40N01,Venetian Art & Architecture,"(3, 3)",,Undergraduate,
MUSHL 26165,Verdi & Shakespeare,"(3, 3)",,Undergraduate,
LAT 20300,Vergil's Aeneid,"(3, 3)",,Undergraduate,
LAT 30500,Vergil's Eclogues and Georgics,"(3, 3)",,Undergraduate,
HONS 30190,Versions of Reality,"(3, 3)",,Undergraduate,
BIOL 47175,Vesicular Transport,"(2, 2)",,Undergraduate,
JS 41003,Victims of Holocaust,"(3, 3)",,Undergraduate,
ENGL 38568,Victorian Cosmopolitanism,"(3, 3)",,Undergraduate,
ENGL 49434,Victorian Liberalism and Global Neo Liberalism,"(3, 3)",,Undergraduate,
ENGL 37300,Victorian Literature,"(3, 3)",,Undergraduate,
ENGL 38863,Victorian Novels & Films,"(3, 3)",,Undergraduate,
ENGL 25195,Victorian Novels & Films,"(3, 3)",,Undergraduate,
ENGL 38772,Victorian Soc Novel,"(3, 3)",,Undergraduate,
ENGL 25185,Victorian Women Writers,"(3, 3)",,Undergraduate,
ARTCR 36090,Video Based Art,"(3, 3)",,Undergraduate,
ARTCR 36070,Video for Artists,"(3, 3)",,Undergraduate,
ARTCR 36071,Video for Artists 2,"(3, 3)",,Undergraduate,
MUSHL 26103,"Vienna, 1790-1830","(3, 3)",,Undergraduate,
ASIAN 34004,Vietnam thru Literature & Film,"(3, 3)",,Undergraduate,
ENGL 39098,Vietnam thru Literature & Film,"(3, 3)",,Undergraduate,
HONS 30161,Vietnam: Fact and Fiction,"(3, 3)",,Undergraduate,
ENGL 25179,Villains,"(3, 3)",,Undergraduate,
HONS 30146,Violence & Ethnic Conflict in South Asia,"(3, 3)",,Undergraduate,
HIST 3411X,Violence and Healing in African History,"(3, 3)",,Undergraduate,
WGS 20061,Violence and Lesbianism,"(3, 3)",,Undergraduate,
JS 35011,Violence in 20th Century Europe,"(3, 3)",,Undergraduate,
HIST 3412O,Violence in 20th Century Europe,"(3, 3)",,Undergraduate,
ENGL 49496,Violence in America,"(3, 3)",,Undergraduate,
POLSC 30477,"Violence, Justice & Reconciliation","(3, 3)",,Undergraduate,
ENGL 38954,Virginia Woolf,"(3, 3)",,Undergraduate,
WGS 30094,Virginia Woolf,"(3, 3)",,Undergraduate,
ARTH 35117,Visions & Visuality in the 19th Century,"(3, 3)",,Undergraduate,
ANTHC 32051,Visual Anthopology & Art,"(3, 3)",,Undergraduate,
ANTHC 32058,Visual Anthropology,"(3, 3)",,Undergraduate,
ANTHC 40057,Visual Anthropology,"(3, 3)",,Undergraduate,
QSTA 40401,Visual Arts & Curr,"(3, 3)",,Undergraduate,
PSYCH 19560,Visual Arts and the Sciences,"(3, 3)",,Undergraduate,
MEDPL 15000,Visual Communication and Interactive Design,"(3, 3)",,Undergraduate,
THEA 29000,Visual Elements 1,"(3, 3)",,Undergraduate,
THEA 28100,Visual Elements of Theatre,"(3, 3)",,Undergraduate,
MEDPL 28300,Visual Storytelling for Journalists,"(3, 3)",,Undergraduate,
ARTCR 20400,Visual Studies 2,"(3, 3)",,Undergraduate,
ARTCR 20300,Visual Studies I,"(3, 3)",,Undergraduate,
EDUC 40055,Visual Workshop: Teachers,"(2, 2)",,Undergraduate,
BIOL 47065,Vital Frce to Chemio,"(2, 2)",,Undergraduate,
COMPL 32053,Vladimir Nabokov Between Two Cultures,"(3, 3)",,Undergraduate,
RUSS 29600,Vladimir Nabokov Between Two Cultures,"(3, 3)",,Undergraduate,
MUSPF 36350,Vocal Lit Perf Class,"(3, 3)",,Undergraduate,
MUSPF 36351,Vocal Lit Performance II,"(3, 3)",,Undergraduate,
MUSPF 36951,Vocal Lit-Solo Voice,"(2, 2)",,Undergraduate,
MUSPF 36952,Vocal Lit-Solo Voice,"(2, 2)",,Undergraduate,
MUSPF 36954,Vocal Lit-Solo Voice,"(2, 2)",,Undergraduate,
MUSPF 36951,Vocal Lit-Solo Voice,"(2, 2)",,Undergraduate,
MUSPF 36956,Vocal Lit-Solo Voice,"(2, 2)",,Undergraduate,
MUSPF 36955,Vocal Lit-Solo Voice,"(2, 2)",,Undergraduate,
MUSPF 36957,Vocal Lit-Solo Voice,"(2, 2)",,Undergraduate,
MUSPF 36953,Vocal Lit-Solo Voice,"(2, 2)",,Undergraduate,
MUSPF 36902,Vocal Ornamentation for Classical Singers,"(1, 1)",,Undergraduate,
COUNS 40500,Vocational Guidance,"(3, 3)",,Undergraduate,
MUSPF 22000,Voice 2,"(2, 2)",,Undergraduate,
MUSPF 21200,Voice 2,"(1, 1)",,Undergraduate,
MUSPF 21100,Voice I,"(1, 1)",,Undergraduate,
MUSPF 11900,Voice I,"(2, 2)",,Undergraduate,
THEA 29851,Voice Prod & Movemnt,"(3, 3)",,Undergraduate,
ENGL 32164,Voiced Expressions of Radiant Blackness,"(3, 3)",,Undergraduate,
FREN 36322,Voltaire and Rousseau,"(3, 3)",,Undergraduate,
POLSC 21716,Voting and Elections,"(3, 3)",,Undergraduate,
CSCI 49383,"VR, AR, Mixed Reality","(3, 3)",,Undergraduate,
ENGL 38968,W H Auden,"(3, 3)",,Undergraduate,
SOSCI 29755,Wall Street for Liberal Arts Majors,"(3, 3)",,Undergraduate,
URBS 40321,Wall Street to Main Street: Fundamentals of Public Finance,"(3, 3)",,Undergraduate,
ENGL 49462,Walt Whitman,"(3, 3)",,Undergraduate,
ENGL 49462,Walt Whitman,"(3, 3)",,Undergraduate,
POL 26059,War & Occupation,"(3, 3)",,Undergraduate,
POLSC 31708,War & US Constitution,"(3, 3)",,Undergraduate,
ITAL 36516,War and Literature in the 20th Century Italy,"(3, 3)",,Undergraduate,
POLSC 27295,War and Occupation,"(3, 3)",,Undergraduate,
POLSC 37302,War and Peace in Africa,"(3, 3)",,Undergraduate,
SOC 33500,War and Society,"(3, 3)",,Undergraduate,
HIST 38267,War and Society in the 20th Century America,"(3, 3)",,Undergraduate,
POLSC 37397,War and Strategy,"(3, 3)",,Undergraduate,
POLSC 27392,War and Strategy,"(3, 3)",,Undergraduate,
POLSC 37900,War and Strategy,"(4, 4)",,Undergraduate,
HONS 20136,"War in Literature, Visual Arts, Film, and Scholarship","(3, 3)",,Undergraduate,
WGSC 29001,"War, Drones, and Terror: Feminist Reflections","(3, 3)",,Undergraduate,
POLSC 31718,"War,Terrsm & Int Justice","(3, 3)",,Undergraduate,
POLSC 37392,"Wars,Crises & Interv","(3, 3)",,Undergraduate,
HONS 2012B,Water: Interdisc Survey,"(3, 3)",,Undergraduate,
ARTCR 24000,Watercolor Painting,"(3, 3)",,Undergraduate,
URBS 40306,We Built this City,"(3, 3)",,Undergraduate,
PGEOG 13000,Weather and Climate,"(4, 4)",,Undergraduate,
MEDP 34500,Web Design Projects,"(3, 3)",,Undergraduate,
MEDP 33100,Web Production 2,"(3, 3)",,Undergraduate,
MEDP 28500,Web Production I,"(3, 3)",,Undergraduate,
MEDP 34100,Web Programming,"(3, 3)",,Undergraduate,
GTECH 38400,WebGIS,"(4, 4)",,Undergraduate,
POLSC 31729,Welfare Politics,"(3, 3)",,Undergraduate,
SOC 32521,Welfare Right Init.,"(3, 3)",,Undergraduate,
HED 30059,Wellness&Hlth Promo,"(3, 3)",,Undergraduate,
DAN 25251,West African Dance 1,"(2, 2)",,Undergraduate,
DAN 35251,West African Dance 2,"(2, 2)",,Undergraduate,
ASIAN 34003,Western Asian Amer Lit & Film,"(3, 3)",,Undergraduate,
ENGL 31853,Western Asian American Literature and Film,"(3, 3)",,Undergraduate,
ANTHC 31851,Western Europe Soc & Culture,"(3, 3)",,Undergraduate,
ENGL 30300,Western Literary Backgrounds to British and American Literature,"(3, 3)",,Undergraduate,
REL 32560,Western Religions,"(3, 3)",,Undergraduate,
ENGL 25156,Wharton & James,"(3, 3)",,Undergraduate,
ENGL 39952,Wharton & Porter,"(3, 3)",,Undergraduate,
ARTH 35109,What is Postmodernism,"(3, 3)",,Undergraduate,
WGS 30002,What is Queer Culture,"(3, 3)",,Undergraduate,
ENGL 25033,What reading does with the Body,"(3, 3)",,Undergraduate,
POLSC 29426,White Supremacy,"(3, 3)",,Undergraduate,
WGST 29004,White Supremacy,"(3, 3)",,Undergraduate,
POLSC 29426,White Supremacy,"(3, 3)",,Undergraduate,
ENGL 25041,Whiteness Studies,"(3, 3)",,Undergraduate,
ENGL 38643,Whiteness Studies,"(3, 3)",,Undergraduate,
ENGL 38656,Whitman & Wilde,"(3, 3)",,Undergraduate,
ENGL 49454,Whitman & Wilde,"(3, 3)",,Undergraduate,
ANTHP 40168,"Wildlife Conservation, Ecology and Health","(3, 3)",,Undergraduate,
ENGL 38981,Willa Cather,"(3, 3)",,Undergraduate,
ENGL 38960,William Blake,"(3, 3)",,Undergraduate,
ENGL 49011,"William Butler Yeats, George Bernard Shaw, and Oscar Wilde","(3, 3)",,Undergraduate,
ENGL 4941Q,"William Butler Yeats, George Bernard Shaw, and Oscar Wilde","(3, 3)",,Undergraduate,
CSCI 49373,Windows Programming,"(3, 3)",,Undergraduate,
REL 32558,Witchcraft & Relgion,"(3, 3)",,Undergraduate,
REL 36351,Witchcraft & Religion,"(3, 3)",,Undergraduate,
PHILO 38080,Wittgenstein,"(3, 3)",,Undergraduate,
PHILO 33853,Wittgenstein,"(3, 3)",,Undergraduate,
EDUC 40052,Wksh Alcohol Education,"(3, 3)",,Undergraduate,
THEA 17000,Wkshp:Dramatic Proc,"(3, 3)",,Undergraduate,
WGS 30058,Wld Lt:Pstcl Wm Wt,"(3, 3)",,Undergraduate,
ENGL 32967,Wld Lt:Pstcl Wm Wt,"(3, 3)",,Undergraduate,
WGS 30013,Wm Brt Wrt 1780-1830,"(3, 3)",,Undergraduate,
WGSA 31971,Wm Intertext Narr,"(3, 3)",,Undergraduate,
WGS 20085,Wmn & Dom Pub Pol,"(3, 3)",,Undergraduate,
WGS 30072,Wmn & Soc-Vict Englnd,"(3, 3)",,Undergraduate,
WGS 30054,Wmn Glo Pub Pol 1960,"(3, 3)",,Undergraduate,
ENGL 39886,"Wmn Lyr,Poets&Fm Exp","(3, 3)",,Undergraduate,
ENGL 39087,Wmn Nar: Fem Id & Rep,"(3, 3)",,Undergraduate,
WGS 30035,Wmn Pub Pol 1960s,"(3, 3)",,Undergraduate,
WGS 30068,Wmn Wrtrs&Short Stry,"(3, 3)",,Undergraduate,
WGST 20900,Wmn&Gnd:Wpol Thought,"(3, 3)",,Undergraduate,
WGS 20074,Wmn&Marriag:Fmle Plt,"(3, 3)",,Undergraduate,
SOC 32529,Wmn:Chng Multc Socty,"(3, 3)",,Undergraduate,
WGS 20090,Wom in Bible/Engl Tr,"(3, 3)",,Undergraduate,
HIST 48457,Wom in Late Vict Soc,"(3, 3)",,Undergraduate,
HIST 38457,Wom in Late Vict Soc,"(3, 3)",,Undergraduate,
PSYCH 19552,"Wom,Wk,Crers:Psy Iss","(3, 3)",,Undergraduate,
WGS 30093,Wom:Early Europ Soc,"(3, 3)",,Undergraduate,
POLSC 21747,Woman for President,"(3, 3)",,Undergraduate,
WGS 20081,Woman for President,"(3, 3)",,Undergraduate,
ANTHC 32053,Woman in Dev World,"(3, 3)",,Undergraduate,
WGSA 22252,Woman's Film: 1940s,"(3, 3)",,Undergraduate,
ENGL 39950,Woman19th Cen/20th Cen American Lit,"(3, 3)",,Undergraduate,
PH 40008,Women Health & Society,"(3, 3)",,Undergraduate,
SOC 32562,Women & Development,"(3, 3)",,Undergraduate,
WGS 30088,Women & Devt in Caribb,"(3, 3)",,Undergraduate,
ANTHC 32151,Women & Devt in Caribbean,"(3, 3)",,Undergraduate,
HIST 3411A,Women & French Revs,"(3, 3)",,Undergraduate,
HIST 34120,Women & Gender - Islam,"(3, 3)",,Undergraduate,
WGS 3001P,Women & Gender in US Policy Formation,"(3, 3)",,Undergraduate,
WGS 32100,Women & Globalization,"(3, 3)",,Undergraduate,
WGS 30041,Women & Leadership,"(3, 3)",,Undergraduate,
SOC 32541,Women & Leadership,"(3, 3)",,Undergraduate,
WGSL 34500,Women & Men:Labor Market,"(3, 3)",,Undergraduate,
PSYCH 39554,Women & Mental Hlth,"(3, 3)",,Undergraduate,
POLSC 21764,Women & Pol Influence,"(3, 3)",,Undergraduate,
AFPRL 39050,Women & Violence African Diasp,"(3, 3)",,Undergraduate,
ENGL 31968,Women & Writing: Middle Ages,"(3, 3)",,Undergraduate,
WGSA 31968,Women & Writing:Middle Ages,"(3, 3)",,Undergraduate,
WGS 30062,Women and Developmnt,"(3, 3)",,Undergraduate,
WGS 20008,Women and Film,"(3, 3)",,Undergraduate,
WGS 3001H,Women and Gender Caribbean History,"(3, 3)",,Undergraduate,
AFPRL 39038,Women and Gender Caribbean History,"(3, 3)",,Undergraduate,
POLSC 20900,Women and Gender in Western Political Thought,"(3, 3)",,Undergraduate,
ANTHC 32100,Women and Globalization,"(3, 3)",,Undergraduate,
WGSP 25100,Women and Health,"(3, 3)",,Undergraduate,
HED 20100,Women And Health,"(3, 3)",,Undergraduate,
ENGL 25048,Women and Language,"(3, 3)",,Undergraduate,
WGSA 28400,Women and Media,"(3, 3)",,Undergraduate,
MEDIA 28400,Women and Media,"(3, 3)",,Undergraduate,
ECO 34500,Women and Men in the Labor Market,"(3, 3)",,Undergraduate,
MUSHL 25000,Women and Music,"(3, 3)",,Undergraduate,
WGSA 25000,Women and Music,"(3, 3)",,Undergraduate,
MUSHL 26176,Women and Music: World Culture,"(3, 3)",,Undergraduate,
WGSP 26100,Women and Politics,"(3, 3)",,Undergraduate,
REL 31100,Women and Religion,"(3, 3)",,Undergraduate,
WGSC 29004,Women and Revolution,"(3, 3)",,Undergraduate,
WGSC 30500,Women and Slaves in Classical Antiquity,"(3, 3)",,Undergraduate,
CLA 30500,Women and Slaves in Classical Antiquity,"(3, 3)",,Undergraduate,
HIST 34500,Women and Society in Victorian England,"(3, 3)",,Undergraduate,
MEDIA 39931,Women and Television,"(3, 3)",,Undergraduate,
POLSC 217A1,Women and The Law,"(3, 3)",,Undergraduate,
POLSC 48004,Women and the Law,"(3, 3)",,Undergraduate,
WGSP 21900,Women and the Law,"(3, 3)",,Undergraduate,
WGS 30087,Women and Work,"(3, 3)",,Undergraduate,
ARTH 33103,Women Artists in the Renaissance,"(3, 3)",,Undergraduate,
ITAL 37096,Women at War: Conflict and Gender in 20 Century Italian Literature,"(3, 3)",,Undergraduate,
FREN 36009,Women Autobiogph Voice,"(3, 3)",,Undergraduate,
ENGL 38566,Women British Writer 1780-1830,"(3, 3)",,Undergraduate,
WGSA 31977,Women Centered Literature,"(3, 3)",,Undergraduate,
ENGL 31977,Women Centered Literature,"(3, 3)",,Undergraduate,
ENGL 25072,Women Centered Literature,"(3, 3)",,Undergraduate,
ANTHC 20350,Women Contemporary China,"(3, 3)",,Undergraduate,
ENGL 31982,Women Exper Fiction,"(3, 3)",,Undergraduate,
WGS 30007,Women Gender and Family: Chinese History,"(3, 3)",,Undergraduate,
WGS 40008,Women Hlth & Society,"(3, 3)",,Undergraduate,
POLSC 27366,Women in 3rd World,"(3, 3)",,Undergraduate,
AFPRL 31800,Women in Africa,"(3, 3)",,Undergraduate,
WGS 31800,Women in Africa,"(3, 3)",,Undergraduate,
ENGL 39865,Women in African Fiction,"(3, 3)",,Undergraduate,
HIST 34127,Women in British History,"(3, 3)",,Undergraduate,
HIST 34127,Women in British History,"(3, 3)",,Undergraduate,
CLA 24085,Women in Classical Myth,"(3, 3)",,Undergraduate,
WGS 25859,Women in Culture,"(3, 3)",,Undergraduate,
ENGL 25859,Women in Culture,"(3, 3)",,Undergraduate,
WGS 20020,Women in French Lit,"(3, 3)",,Undergraduate,
COMPL 38169,Women in French Literature,"(3, 3)",,Undergraduate,
GERMN 32300,Women in German Literature,"(3, 3)",,Undergraduate,
ENGL 38554,Women in Hawthn Fict,"(3, 3)",,Undergraduate,
HEBR 21064,Women in Hebr Lit,"(3, 3)",,Undergraduate,
EDFDN 40020,Women in Higher Education,"(3, 3)",,Undergraduate,
WGS 22100,Women in Islam World,"(3, 3)",,Undergraduate,
ANTHC 32073,Women in Islamic World,"(3, 3)",,Undergraduate,
CLA 34054,Women in Japanese Literature,"(3, 3)",,Undergraduate,
HIST 34125,Women in Jewish Hist,"(3, 3)",,Undergraduate,
WGS 20089,Women in Jewish Hist,"(3, 3)",,Undergraduate,
HIST 25063,Women in Jewish Hist,"(3, 3)",,Undergraduate,
HIST 34163,Women in Lat Amer History,"(3, 3)",,Undergraduate,
HIST 14163,Women in Latin American History,"(3, 3)",,Undergraduate,
WGSS 29086,Women in Latino/X Communities,"(3, 3)",,Undergraduate,
AFPRL 29086,Women in Latino/X Communities,"(3, 3)",,Undergraduate,
WGS 20000,Women in Literature,"(3, 3)",,Undergraduate,
ANTHC 32157,Women in Migration,"(3, 3)",,Undergraduate,
WGS 30067,Women in Migration,"(3, 3)",,Undergraduate,
HEBR 21060,Women in Mod Heb Lit,"(3, 3)",,Undergraduate,
HIST 49223,Women in Modern Europe,"(3, 3)",,Undergraduate,
MUSHL 26188,Women in Mus:Crs Cul,"(3, 3)",,Undergraduate,
MUSHL 26152,Women in Music,"(3, 3)",,Undergraduate,
HIST 30400,Women in Pre-Modern European Society,"(3, 3)",,Undergraduate,
WGS 30000,Women in Prehist Soc,"(3, 3)",,Undergraduate,
ANTHC 32029,Women in Prehist Soc,"(3, 3)",,Undergraduate,
ANTHC 32079,Women in Prehistoric Society,"(3, 3)",,Undergraduate,
WGSA 29009,Women in Red: Writing for Wikipedia,"(3, 3)",,Undergraduate,
ENGL 25046,Women in Renaissance,"(3, 3)",,Undergraduate,
WGS 40057,Women in Revol Socty,"(3, 3)",,Undergraduate,
LACS 43471,Women in Revolution Social Cuba,"(3, 3)",,Undergraduate,
ENGL 38758,Women in Romanticism,"(3, 3)",,Undergraduate,
RUSS 25612,Women in Rus Culture,"(3, 3)",,Undergraduate,
NURS 49970,Women in Science: Mythology and Real,"(3, 3)",,Undergraduate,
ENGL 35568,Women in Shakespeare,"(3, 3)",,Undergraduate,
WGS 21100,Women in the 3rd Wld,"(3, 3)",,Undergraduate,
WGSC 32900,Women in the African Diaspora,"(3, 3)",,Undergraduate,
AFPRL 31900,Women in the African Diaspora,"(3, 3)",,Undergraduate,
WGSA 31983,Women in the Avant Garde,"(3, 3)",,Undergraduate,
ENGL 31983,Women in the Avant Garde,"(3, 3)",,Undergraduate,
COMPL 38090,Women in the City - A Comparative Study of Women Film Makers,"(3, 3)",,Undergraduate,
WGS 22200,Women in the Dev Wld,"(3, 3)",,Undergraduate,
ECO 29550,Women in the Economy,"(3, 3)",,Undergraduate,
WGS 30064,Women in the Middle East,"(3, 3)",,Undergraduate,
HIST 25087,Women in the US from 1869,"(3, 3)",,Undergraduate,
WGSS 29088,Women in the US from 1869,"(3, 3)",,Undergraduate,
WGSS 29087,Women in the US to 1869,"(3, 3)",,Undergraduate,
HIST 25086,Women in the US to 1869,"(3, 3)",,Undergraduate,
COMPL 37155,Women in Tibetan & Western Myth,"(3, 3)",,Undergraduate,
HEBR 21065,Women in Yiddish Lit,"(3, 3)",,Undergraduate,
ENGL 31971,Women Intertext Narrative,"(3, 3)",,Undergraduate,
ENGL 31981,Women Journalists,"(3, 3)",,Undergraduate,
ENGL 33357,Women Language & Literature,"(3, 3)",,Undergraduate,
LACS 43421,Women Lat Amer Hist,"(3, 3)",,Undergraduate,
ENGL 39858,Women Lesbian Voice 20th Cen,"(3, 3)",,Undergraduate,
WGS 20022,Women Mozart Operas,"(3, 3)",,Undergraduate,
MUSHL 26122,Women Mozart Operas,"(3, 3)",,Undergraduate,
WGS 30023,Women of Color,"(3, 3)",,Undergraduate,
AFPRL 39066,Women of Color,"(3, 3)",,Undergraduate,
LACS 43410,Women of Color,"(3, 3)",,Undergraduate,
ENGL 31949,Women of Color Feminism,"(3, 3)",,Undergraduate,
WGSA 31949,Women of Color Feminism,"(3, 3)",,Undergraduate,
ANTHC 32093,Women of East Asia,"(3, 3)",,Undergraduate,
COMPL 32157,Women on Women,"(3, 3)",,Undergraduate,
PHILO 39360,Women Philosophers,"(3, 3)",,Undergraduate,
WGS 21600,Women Philosophers,"(3, 3)",,Undergraduate,
PHILO 21600,Women Philosophers of the Past,"(3, 3)",,Undergraduate,
HEBR 34051,Women Profil Hebrew Literature,"(3, 3)",,Undergraduate,
ANTHC 40193,Women Revol Society,"(3, 3)",,Undergraduate,
ENGL 49475,Women Rhetoric Theory,"(3, 3)",,Undergraduate,
ANTHC 40184,Women Social Change & Dev,"(3, 3)",,Undergraduate,
WGS 30078,Women W/Disablties,"(3, 3)",,Undergraduate,
WGS 20051,Women With Disabilities,"(3, 3)",,Undergraduate,
ENGL 31965,Women Writers & Metro,"(3, 3)",,Undergraduate,
ENGL 31958,Women Writers Short Story,"(3, 3)",,Undergraduate,
WGSA 31958,Women Writers Short Sty,"(3, 3)",,Undergraduate,
ENGL 49411,Women Writers You Never Knew Existed,"(3, 3)",,Undergraduate,
WGSA 31965,Women Wrters & Metro,"(3, 3)",,Undergraduate,
HIST 14153,Women's Education in the U.S.,"(3, 3)",,Undergraduate,
NURS 34000,Women's Health,"(3, 3)",,Undergraduate,
POLSC 30416,Women's Political Thought,"(3, 3)",,Undergraduate,
ENGL 49437,Women's Rhetorical Theory and Practice,"(3, 3)",,Undergraduate,
ENGL 49237,Women's Rhetorical Theory and Practice,"(3, 3)",,Undergraduate,
HR 30N15,Women's Rights in the UN System,"(3, 3)",,Undergraduate,
WGS 20080,Women's Search for Self,"(3, 3)",,Undergraduate,
SPAN 37087,Women's Voices in Modern Spain,"(3, 3)",,Undergraduate,
WGS 20012,"Women, Gender and the Latin American Family","(3, 3)",,Undergraduate,
WGSA 31951,"Women, Language and Literature","(3, 3)",,Undergraduate,
ENGL 31951,"Women, Language and Literature","(3, 3)",,Undergraduate,
HONS 3011D,"Women, Law and Literature","(3, 3)",,Undergraduate,
ANTHC 32087,"Women, Muslim & World Culture","(3, 3)",,Undergraduate,
HR 22027,"Women, Peace and Security","(3, 3)",,Undergraduate,
POLSC 27575,"Women, War & Peace","(3, 3)",,Undergraduate,
POLSC 28000,"Women, War, and Peace","(3, 3)",,Undergraduate,
POLSC 48051,"Women,Law & Poverty","(3, 3)",,Undergraduate,
WGSP 26200,"Women,War & Peace","(3, 3)",,Undergraduate,
HIST 34165,Women-Modern Europe,"(3, 3)",,Undergraduate,
HONS 30166,Women: Ancient & Modern,"(3, 3)",,Undergraduate,
ENGL 25861,Women: Ancient Greece,"(3, 3)",,Undergraduate,
CLA 24070,Women: Ancient Greece,"(3, 3)",,Undergraduate,
WGS 20004,Women: Ancient Greece,"(3, 3)",,Undergraduate,
POLSC 21772,Women:Crime & Punishmt,"(3, 3)",,Undergraduate,
HIST 38259,Womn & Gender in Islam,"(3, 3)",,Undergraduate,
HIST 49264,Womn & Gndr-Islam:Hons,"(3, 3)",,Undergraduate,
WGS 22067,Womn & Mus in Wrld Cul,"(3, 3)",,Undergraduate,
WGS 30097,Womn in 20th C Am Lt,"(3, 3)",,Undergraduate,
HEBR 34060,Womn in Heb Lit-Eng,"(3, 3)",,Undergraduate,
SOC 32560,Womn in Middl East,"(3, 3)",,Undergraduate,
WGS 20013,Womn in Russian Cult,"(3, 3)",,Undergraduate,
WGS 20059,Womn Stry & Repro Rght,"(3, 3)",,Undergraduate,
WGS 40060,Womn W/Disabilities,"(3, 3)",,Undergraduate,
HIST 34143,Womn-Med Eur Soc&Rel,"(3, 3)",,Undergraduate,
HONS 30155,Words & Music,"(3, 3)",,Undergraduate,
ENGL 33350,Words and Meaning,"(3, 3)",,Undergraduate,
ENGL 38971,Wordsworth,"(3, 3)",,Undergraduate,
ENGL 38567,Wordsworth & Coleridge: The Poetry of Friendship,"(3, 3)",,Undergraduate,
ENGL 37152,Wordsworth/Coleridge,"(3, 3)",,Undergraduate,
WGS 30092,Work and Family,"(3, 3)",,Undergraduate,
WGS 30083,Work and Family,"(3, 3)",,Undergraduate,
SOC 32567,Work and Family,"(3, 3)",,Undergraduate,
SOC 31500,Work and Society,"(3, 3)",,Undergraduate,
ENGL 39005,Work Class Literature in the Era of Globalization,"(3, 3)",,Undergraduate,
HUM 25059,Work Made Visible,"(3, 3)",,Undergraduate,
SOC 32507,Work Made Visible,"(3, 3)",,Undergraduate,
ENGL 32962,"Workers,Immgrants & Modsm","(3, 3)",,Undergraduate,
WGS 20069,Working Class Women in the U.S.,"(3, 3)",,Undergraduate,
AFPRL 39084,Works by: Audre Lorde,"(3, 3)",,Undergraduate,
WGST 30084,Works by: Audre Lorde,"(3, 3)",,Undergraduate,
POLSC 30484,Works by: Audre Lorde,"(3, 3)",,Undergraduate,
BIOL 41000,Workshop in Biotechnology,"(4, 4)",,Undergraduate,
ENGL 31300,Workshop in Fiction 2,"(3, 3)",,Undergraduate,
ENGL 31100,Workshop in Fiction I,"(3, 3)",,Undergraduate,
SOC 42507,Workshop in Information Technology,"(3, 3)",,Undergraduate,
ENGL 30800,Workshop in Non-Fiction 1,"(3, 3)",,Undergraduate,
ENGL 30900,Workshop in Non-Fiction 2,"(3, 3)",,Undergraduate,
ENGL 31600,Workshop in Poetry 2,"(3, 3)",,Undergraduate,
ENGL 31400,Workshop in Poetry I,"(3, 3)",,Undergraduate,
ENGL 33353,World Englishes,"(3, 3)",,Undergraduate,
HIST 11200,World History from 1500 to the Present,"(3, 3)",,Undergraduate,
HIST 11100,World History to 1500,"(3, 3)",,Undergraduate,
THEA 39760,World Lit: Drama,"(3, 3)",,Undergraduate,
ENGL 32982,World Literature and Question of Human Rights,"(3, 3)",,Undergraduate,
ENGL 39400,World Literature: Drama,"(3, 3)",,Undergraduate,
HIST 25053,World of Marco Polo,"(3, 3)",,Undergraduate,
ANTHC 42668,World of The Vikings,"(3, 3)",,Undergraduate,
GEOG 15000,World Regions in Global Context,"(3, 3)",,Undergraduate,
THEA 21100,World Theatre 1,"(3, 3)",,Undergraduate,
THEA 20200,World Theatre 2,"(3, 3)",,Undergraduate,
THEA 21300,World Theatre 3,"(3, 3)",,Undergraduate,
THEA 21200,World Theatre II,"(3, 3)",,Undergraduate,
COMPL 38091,World's Fairy Tales,"(3, 3)",,Undergraduate,
RUSS 25651,World's Fairy Tales,"(3, 3)",,Undergraduate,
COMPL 33059,World's Literature: Drama,"(3, 3)",,Undergraduate,
ENGL 25655,World:Contempory Black & Latin,"(3, 3)",,Undergraduate,
SPAN 37139,Worlds Reimagined: Utopias & Dystopias in Latin American Fiction,"(3, 3)",,Undergraduate,
HIST 38466,Writ Womens Biog,"(3, 3)",,Undergraduate,
HIST 48466,Writ Womens Biog,"(3, 3)",,Undergraduate,
WGS 30065,Writ Womens Biography,"(3, 3)",,Undergraduate,
ENGL 25160,Writer as Reporter,"(3, 3)",,Undergraduate,
ENGL 39074,Writer in his Time,"(3, 3)",,Undergraduate,
ENGL 25169,Writer In his Time,"(3, 3)",,Undergraduate,
ENGL 25045,"Writers and Artists: Woolf, Joyce and Stein","(3, 3)",,Undergraduate,
ENGL 25035,Writers Behind Bars: The Gulag and Its Cultural Legacy,"(3, 3)",,Undergraduate,
COMPL 32035,Writers Behind Bars: The Gulag and Its Cultural Legacy,"(3, 3)",,Undergraduate,
RUSS 25691,Writers Behind Bars: The Gulag and Its Cultural Legacy,"(3, 3)",,Undergraduate,
ENGL 48482,Writing New South Africa,"(3, 3)",,Undergraduate,
ENGL 38640,Writing Abjection,"(3, 3)",,Undergraduate,
HIST 34141,Writing Ancient Past,"(3, 3)",,Undergraduate,
CLA 30751,Writing Ancient Past,"(3, 3)",,Undergraduate,
ENGL 39081,Writing Captivity,"(3, 3)",,Undergraduate,
NURS 49500,Writing for Health Professionals: A Course for Undergraduates,"(3, 3)",,Undergraduate,
HIST 25074,Writing for History,"(3, 3)",,Undergraduate,
MEDPL 37800,Writing for TV,"(3, 3)",,Undergraduate,
FILPL 37800,Writing for TV,"(3, 3)",,Undergraduate,
FILMP 39988,Writing for TV: Limited Run Series,"(3, 3)",,Undergraduate,
MEDP 39988,Writing for TV: Limited Run Series,"(3, 3)",,Undergraduate,
ENGL 25553,Writing from Pt Colony,"(3, 3)",,Undergraduate,
HUM 25069,Writing in the Arts,"(3, 3)",,Undergraduate,
ENGL 32975,Writing New South Africa,"(3, 3)",,Undergraduate,
ENGL 39947,Writing Poverty in Contemporary America,"(3, 3)",,Undergraduate,
ENGL 48492,Writing the Chapbook,"(3, 3)",,Undergraduate,
EDUC 22000,Writing the Personal Essay for Nationally Competitive Fellowships,"(3, 3)",,Undergraduate,
HIST 3412E,Writing Women's Biography,"(3, 3)",,Undergraduate,
ENGL 15,Writing Workshop 2,"(2, 2)",,Undergraduate,
WGS 30020,Writing Wounded Body,"(3, 3)",,Undergraduate,
ENGL 48493,"Writing, Multimedia, & Performance","(3, 3)",,Undergraduate,
ENGL 25044,"Writings from Detention: Repression, Gender and Politics","(3, 3)",,Undergraduate,
WGSC 29003,"Writings from Detention: Repression, Gender and Politics","(3, 3)",,Undergraduate,
ENGL 32974,Writtng Aganist Empire,"(3, 3)",,Undergraduate,
AFPRL 42858,Wrks-Cheik Anta Diop,"(3, 3)",,Undergraduate,
AFPRL 42860,Wrks:Ayi Kwei Armah,"(3, 3)",,Undergraduate,
HIST 25078,Wrld At War:1914-50,"(3, 3)",,Undergraduate,
HIST 38450,Wrld of Marco Polo,"(3, 3)",,Undergraduate,
HIST 48450,Wrld of Marco Polo,"(3, 3)",,Undergraduate,
ENGL 38683,Wrtg:The Wounded Bdy,"(3, 3)",,Undergraduate,
GRK 32003,Xenophon of Ephesus: An Ephesian Tale,"(3, 3)",,Undergraduate,
MEDP 27600,XR Design & Development,"(3, 3)",,Undergraduate,
ENGL 38857,Yeats and Joyce,"(3, 3)",,Undergraduate,
RUSS 25952,Yevtushenko:Prot Lit,"(1, 1)",,Undergraduate,
RUSS 25856,Yng Tolstoy in Engl,"(1, 1)",,Undergraduate,
REL 36157,Yogis Mystics Shaman,"(3, 3)",,Undergraduate,
SEDC 21100,Young Adult Literature in our Diverse Society,"(3, 3)",,Undergraduate,
SOC 25500,Youth and Adulthood,"(3, 3)",,Undergraduate,
ANTHC 32047,Youth and Language,"(3, 3)",,Undergraduate,
ENGL 33366,Youth and Language,"(3, 3)",,Undergraduate,
REL 33600,Zen,"(3, 3)",,Undergraduate,
ENGL 39995,Zombies,"(3, 3)",,Undergraduate,
ENGL 49426,Zombies,"(3, 3)",,Undergraduate,
HONS 3011E,Zombies and Other Monsters Fact and Fiction,"(3, 3)",,Undergraduate,
ANTHC 42667,Zooarchaelogy,"(3, 3)",,Undergraduate,
ENGL 25040,Zora Neale Hurston,"(3, 3)",,Undergraduate,
