courseId,courseName,courseCredits,courseSubject,courseLevel,courseCampus
ACC 02314,Individual Taxation,3,Accounting,,
ACC 03150,Introduction to Business and Analytics for Financial Information,3,Accounting,,
ACC 03210,Principles of Accounting I,3,Accounting,,
ACC 03211,Principles of Accounting II,3,Accounting,,
ACC 03300,Supervised Internship in Accounting,3,Accounting,,
ACC 03301,Accounting Analytics,3,Accounting,,
ACC 03310,Intermediate Accounting I,3,Accounting,,
ACC 03311,Intermediate Accounting II,3,Accounting,,
ACC 03320,Accounting Information Systems,,Accounting,,
ACC 03326,Strategic Cost Analysis,3,Accounting,,
ACC 03405,Foundations of Accounting,3,Accounting,,
ACC 03410,Auditing,3,Accounting,,
ACC 03411,Advanced Auditing and Analytics,3,Accounting,,
ACC 03415,Independent Study-Accounting,1,Accounting,,
ACC 03416,Advanced Accounting,3,Accounting,,
ACC 03419,Forensic Accounting and Fraud Investigation,3,Accounting,,
ACC 03425,International Accounting,3,Accounting,,
ACC 03428,Integrative Accounting Seminar,3,Accounting,,
ACC 03430,Individual Taxation,3,Accounting,,
ACC 03431,Taxation of Business Entities,3,Accounting,,
ACC 03432,Federal Taxation,3,Accounting,,
ACC 03499,Accounting CPA Apprenticeship,1,Accounting,,
ACC 03500,Financial and Managerial Accounting,3,Accounting,,
ACC 03507,Government and Not-For-Profit Accounting,3,Accounting,,
ACC 03510,Financial Statement Analysis,3,Accounting,,
ACC 03511,Introduction to Federal Taxation,3,Accounting,,
ACC 03512,Advanced Accounting Information Systems and Business Process Controls,3,Accounting,,
ACC 03516,Innovation and Analytics in Accounting,3,Accounting,,
ACC 03599,Special Topics in Accounting,3,Accounting,,
ACC 98300,Law for Accountants,3,Accounting,,
ADV 04232,Advertising Media Budgeting,3,Advertising,,
ADV 04330,Introduction to Advertising,3,Advertising,,
ADV 04352,Advertising Strategies,3,Advertising,,
ADV 04355,Advertising Practicum,1,Advertising,,
ADV 04360,Integrated Marketing Communication,3,Advertising,,
ADV 04370,Essentials of Design,3,Advertising,,
ADV 04375,Advertising Copywriting,3,Advertising,,
ADV 04405,Independent Study - Advertising,1,Advertising,,
ADV 04420,Portfolio Preparation,3,Advertising,,
ADV 04421,Account Planning,3,Advertising,,
ADV 04432,Media Planning,3,Advertising,,
ADV 04433,Digital Advertising Strategies,3,Advertising,,
ADV 04434,Advertising Campaigns - WI,3,Advertising,,
AFST 11104,Introduction to Africana Studies,3,Africana Studies,,
AFST 11304,Africana Social Thought,3,Africana Studies,,
AFST 11350,Topics in Africana Studies,3,Africana Studies,,
AFST 11450,Senior Seminar in Africana Studies,3,Africana Studies,,
AFST 53535,Black History for Educators: An Interdisciplinary Approach,3,Africana Studies,,
ASL 01101,Elementary American Sign Language I,3,American Sign Language,,
ASL 01102,Elementary American Sign Language II,3,American Sign Language,,
ASL 01201,Intermediate American Sign Language I,3,American Sign Language,,
ASL 01211,Intermediate American Sign Language II,3,American Sign Language,,
ASL 01301,American Sign Language Literature,3,American Sign Language,,
ASL 01320,Deaf Culture and Communities,3,American Sign Language,,
ASL 01440,Special Topics in World Languages,3,American Sign Language,,
AMST 13101,Introduction to American Studies,3,American Studies,,
AMST 13301,Interdisciplinary Research and Writing,3,American Studies,,
AMST 13320,American Studies in the Classroom-WI,3,American Studies,,
AMST 13402,Senior Seminar in American Studies - WI,3,American Studies,,
ANS 00501,Clinically Integrated Human Anatomy,8,Anatomical Sciences,,
ANS 00502,Clinical Neuroscience,3,Anatomical Sciences,,
ANS 00503,Teaching Practicum in Human Anatomy Dissection I,3,Anatomical Sciences,,
ANS 00504,Human Anatomy in Diagnostic Imaging,3,Anatomical Sciences,,
ANS 00505,Human Developmental Anatomy,3,Anatomical Sciences,,
ANS 00506,Teaching Practicum in Human Anatomy Dissection II,2,Anatomical Sciences,,
ANS 00507,Teaching Practicum in Human Anatomy Dissection III,1,Anatomical Sciences,,
ANTH 02200,Introduction to Bioarcheology,3,Anthropology,,
ANTH 02202,Introduction to Cultural Anthropology,3,Anthropology,,
ANTH 02203,Introduction to Archeology,3,Anthropology,,
ANTH 02205,Mummies and Burial Practices of Ancient Cultures,3,Anthropology,,
ANTH 02210,Natives of South America,3,Anthropology,,
ANTH 02215,Medical Anthropology,3,Anthropology,,
ANTH 02221,Human Variation,3,Anthropology,,
ANTH 02225,Arts and Medicine,3,Anthropology,,
ANTH 02240,Food and Culture,3,Anthropology,,
ANTH 02245,Sport and Culture,3,Anthropology,,
ANTH 02250,Introduction to Anthropological Linguistics,3,Anthropology,,
ANTH 02251,Language & Culture,3,Anthropology,,
ANTH 02270,New World Archaeology,3,Anthropology,,
ANTH 02275,Anthropology of Race and Ethnicity,3,Anthropology,,
ANTH 02280,Old World Archeology,3,Anthropology,,
ANTH 02290,Museum Studies,3,Anthropology,,
ANTH 02295,Introduction to Qualitative Research,3,Anthropology,,
ANTH 02301,Human Evolution,3,Anthropology,,
ANTH 02305,Primatology,3,Anthropology,,
ANTH 02310,Native North America,3,Anthropology,,
ANTH 02311,People and Cultures of Africa,3,Anthropology,,
ANTH 02312,Anthropological Perspectives on Physical Growth and Development.,3,Anthropology,,
ANTH 02315,Forensic Anthropology,4,Anthropology,,
ANTH 02321,Cultural Ecology,3,Anthropology,,
ANTH 02322,Sex and Sex Roles in a Cross Cultural Perspective,3,Anthropology,,
ANTH 02323,Anthropology of Magic and Religion,3,Anthropology,,
ANTH 02324,Archaeological Field Methods,4,Anthropology,,
ANTH 02326,The Maya,3,Anthropology,,
ANTH 02335,Archaeology of Ancient Egypt,3,Anthropology,,
ANTH 02336,Visual Culture of Ancient Egypt,3,Anthropology,,
ANTH 02350,Comparative Cultures,3,Anthropology,,
ANTH 02355,Global Health in Anthropological Perspective,3,Anthropology,,
ANTH 02359,"Borders, Boundaries, and Frontiers",3,Anthropology,,
ANTH 02375,Anthropology of Media,3,Anthropology,,
CMS 04310,Images of Gender in Popular Culture,3,Communication Studies,,
CMS 04313,Environmental Communication,3,Communication Studies,,
CMS 04314,Social Impact of Sport,3,Communication Studies,,
CMS 04315,Digital Media Processes,3,Communication Studies,,
CMS 04316,Mediated Interpersonal Communication,3,Communication Studies,,
CMS 04317,Social Media Strategies,3,Communication Studies,,
CMS 04318,Leadership Communication,3,Communication Studies,,
CMS 04319,Organizational Communication in Sports,3,Communication Studies,,
CMS 04320,Communicating Gender,3,Communication Studies,,
CMS 04323,Images of Athletes in Popular Culture,3,Communication Studies,,
CMS 04327,Women and Nonbinary Identities in Sports Communication,3,Communication Studies,,
CMS 04330,International Media Communication,3,Communication Studies,,
CMS 04333,Special Topics in Sports Communication,3,Communication Studies,,
CMS 04340,Family Communication,3,Communication Studies,,
CMS 04350,Communication Studies Research Methods,4,Communication Studies,,
CMS 04355,Communication Studies Internship I,3,Communication Studies,,
CMS 04356,Communication Studies Internship II,3,Communication Studies,,
CMS 04357,Communication Studies Internship III,,Communication Studies,,
CMS 04360,Intercultural Communication,3,Communication Studies,,
CMS 04365,Research Practicum in Communication Studies,1,Communication Studies,,
CMS 04370,Political Communication,3,Communication Studies,,
CMS 04375,Special Topics in Communication,3,Communication Studies,,
CMS 04380,Health Communication,3,Communication Studies,,
CMS 04382,Communication in Health Campaigns and Interventions,3,Communication Studies,,
CMS 04385,Constructing Health,3,Communication Studies,,
CMS 04390,Rhetorical Criticism,3,Communication Studies,,
CMS 04393,"Rhetoric of Science, Technology, and Medicine-WI",3,Communication Studies,,
CMS 04395,Rhetoric of Sport,3,Communication Studies,,
CMS 04405,Independent Study - Communication Studies,1,Communication Studies,,
CMS 04425,Ethical Issues in Human Communication,3,Communication Studies,,
CMS 04440,Rhetoric of Reality Television,3,Communication Studies,,
CMS 04450,Seminar in Communication Studies - WI,3,Communication Studies,,
CMS 04455,Senior Transition,1,Communication Studies,,
CBS 01510,Molecular Foundations of Biological Systems,3,,,
CBS 01520,Cellular Foundations of Biological Systems,3,,,
CBS 01530,Organismal Foundations of Biological Systems,3,,,
CBS 01540,Biological Networks and Systems,3,,,
CBS 01550,Thesis Research,1,,,
CBS 01560,Fundamentals of Teaching for Biological Sciences,3,,,
CBS 01570,Computational Methods and Data Analysis in Biological Systems,3,,,
CBS 01580,Integrative Analysis of Biological Problems,3,,,
CBS 01590,Graduate Seminar,0,,,
COMP 01103,Foundations for College Writing,3,Composition,,
COMP 01105,Intensive College Composition I,4,Composition,,
COMP 01111,College Composition I,3,Composition,,
COMP 01112,College Composition II,3,Composition,,
CS 00100,Computer Science Learning Community-RS,1,Computer Science,,
CS 00500,Computer Science Graduate Seminar,0,Computer Science,,
CS 01101,Computer Science Principles,3,Computer Science,,
CS 01102,Introduction to Programming,3,Computer Science,,
CS 01104,Introduction to Programming and Problem Solving,3,Computer Science,,
CS 01105,Web Literacy,3,Computer Science,,
CS 01107,Introduction to Programming for Business Applications,3,Computer Science,,
CS 01110,Computing Environments,3,Computer Science,,
CS 01190,Introduction to Computer Game Modeling,3,Computer Science,,
CS 01211,Principles of Information Security,3,Computer Science,,
CS 01295,Special Topics in Computer Science,0.5,Computer Science,,
CS 01303,Bioinformatics - Computational Aspects,3,Computer Science,,
CS 01395,Topics in Computer Science,1,Computer Science,,
CS 01400,Independent Study,1,Computer Science,,
CS 01501,Essentials of Computer Science I,3,Computer Science,,
CS 01502,Essentials of Computer Science II,3,Computer Science,,
CS 01541,Bioinformatics - Advanced Computational Aspects,3,Computer Science,,
CS 02370,Introduction to Information Visualization,3,Computer Science,,
CS 02421,Big Data Tools and Techniques,3,Computer Science,,
CS 02435,Database Systems: Theory and Programming,3,Computer Science,,
CS 02440,Data Warehousing,3,Computer Science,,
CS 02480,Introduction to Data Mining,3,Computer Science,,
CS 02485,Web and Text Mining,3,Computer Science,,
CS 02505,Data Mining I,3,Computer Science,,
CS 02516,Big Data Tools and Techniques,3,Computer Science,,
CS 02530,Advanced Database Systems: Theory and Programming,3,Computer Science,,
CS 02570,Information Visualization,3,Computer Science,,
CS 02605,Data Mining II,3,Computer Science,,
CS 02620,Data Warehousing,3,Computer Science,,
CS 02625,Data Quality and Web/Text Mining,3,Computer Science,,
CS 02630,Advanced Topics in Database Systems,3,Computer Science,,
CS 03351,"Cyber Security: Fundamentals, Principles and Applications",3,Computer Science,,
CS 03353,Security of Mobile Devices,3,Computer Science,,
CS 03355,"Cybersecurity Management, Policy and Risk",3,Computer Science,,
CS 03440,Cloud Computing and the Internet of Things,3,Computer Science,,
CS 03470,Cyber Operations,3,Computer Science,,
CS 03500,Foundations of Cybersecurity,3,Computer Science,,
CS 03506,"Cybersecurity Management, Policy, and Risk",3,Computer Science,,
CS 03551,Advanced Cyber Security: Principles and Applications,3,Computer Science,,
CS 03552,Graduate Digital Forensics,3,Computer Science,,
CS 03570,Cyber Defense of Operating Systems,3,Computer Science,,
CS 03580,Cloud Computing and the Internet of Things,3,Computer Science,,
CS 03695,Advanced Topics in Cybersecurity,1,Computer Science,,
CS 04103,Computer Science and Programming,4,Computer Science,,
CS 04111,Intensive Introduction to Object Oriented Programming,5,Computer Science,,
CS 04113,Introduction to Object Oriented Programming,4,Computer Science,,
CS 04114,Object Oriented Programming and Data Abstraction,3,Computer Science,,
CS 04210,Advanced Programming Workshop,2,Computer Science,,
CS 04215,Computer Laboratory Techniques,3,Computer Science,,
CS 04222,Data Structures and Algorithms,4,Computer Science,,
CS 04225,Principles of Data Structures,3,Computer Science,,
CS 04305,Web Programming,,Computer Science,,
CS 04315,Programming Languages,3,Computer Science,,
CS 04320,Software Engineering Laboratory,1,Computer Science,,
CHE 06406,Chemical Plant Design,3,Chemical Engineering,,
CHE 06407,Chemical Process Safety,2,Chemical Engineering,,
CHE 06441,Process Safety,3,Chemical Engineering,,
CHE 06442,Fluid Flow In Processing And Manufacturing,3,Chemical Engineering,,
CHE 06445,Process Control Design and Practice,3,Chemical Engineering,,
CHE 06450,Principles of Pharmaceutical and Personal Care Product Engineering,3,Chemical Engineering,,
CHE 06451,Pharmaceutical and Personal Care Product Manufacturing Processes,3,Chemical Engineering,,
CHE 06462,Bioprocess Engineering,3,Chemical Engineering,,
CHE 06463,Green Engineering of Chemical Processes,3,Chemical Engineering,,
CHE 06464,Advanced Separation Technology,3,Chemical Engineering,,
CHE 06465,Advanced Design Of Reactors,3,Chemical Engineering,,
CHE 06466,Polymer Processing,3,Chemical Engineering,,
CHE 06468,Principles Of Electrochemical Engineering,3,Chemical Engineering,,
CHE 06470,Principles of Air Pollution Control,3,Chemical Engineering,,
CHE 06472,Principles of Biomedical Processes,3,Chemical Engineering,,
CHE 06473,Principles of Biomaterials Engineering,3,Chemical Engineering,,
CHE 06474,Fundamentals of Particle Technology,3,Chemical Engineering,,
CHE 06475,Principles of Biopharmaceutical and Industrial Fluid Mixing,3,Chemical Engineering,,
CHE 06476,Principles of Bioseparation Processes,3,Chemical Engineering,,
CHE 06477,Fundamentals of Engineering Process Analysis and Experimental Design,3,Chemical Engineering,,
CHE 06478,Tissue Engineering Fundamentals,3,Chemical Engineering,,
CHE 06479,Industrial Process Pathways,3,Chemical Engineering,,
CHE 06480,Project Optimization in Engineering,3,Chemical Engineering,,
CHE 06481,Advanced Process Analysis,3,Chemical Engineering,,
CHE 06482,Principles of Food Engineering,3,Chemical Engineering,,
CHE 06483,Principles Of Engineering Exercise Physiology,4,Chemical Engineering,,
CHE 06485,Fundamentals of Engineering Quality Control,3,Chemical Engineering,,
CHE 06486,Membrane Processes,3,Chemical Engineering,,
CHE 06487,Applied Process Optimization,3,Chemical Engineering,,
CHE 06490,Special Topics in Chemical Engineering: Topic,3,Chemical Engineering,,
CHE 06501,Chemical Engineering Seminar,0,Chemical Engineering,,
CHE 06502,Special Topics in Chemical Engineering,3,Chemical Engineering,,
CHE 06510,Biochemical Engineering,3,Chemical Engineering,,
CHE 06512,Safety in the Process Industries,3,Chemical Engineering,,
CHE 06514,Transport Phenomena for Engineers,3,Chemical Engineering,,
CHE 06515,Advanced Reactor Design,3,Chemical Engineering,,
CHE 06518,Polymer Engineering,3,Chemical Engineering,,
CHE 06519,Research Methods and Practice,3,Chemical Engineering,,
CHE 06530,Experimental Methods in Chemical Engineering,3,Chemical Engineering,,
CHE 06568,Electrochemical Engineering,3,Chemical Engineering,,
CHE 06572,Biomedical Process Engineering,3,Chemical Engineering,,
CHE 06573,Biomaterials Engineering,3,Chemical Engineering,,
CHE 06575,Biopharmaceutical and Industrial Fluid Mixing,3,Chemical Engineering,,
CHE 06577,Advanced Engineering Process Analysis and Experimental Design,3,Chemical Engineering,,
CHE 06578,Tissue Engineering,3,Chemical Engineering,,
CHE 06585,Engineering Quality Control,3,Chemical Engineering,,
CHE 06586,Advanced Engineering Thermodynamics.,3,Chemical Engineering,,
CHE 06587,Process Optimization,3,Chemical Engineering,,
CHE 06588,Advanced Process Control Automation and Design,3,Chemical Engineering,,
CHE 06640,Engineering Process Analysis,3,Chemical Engineering,,
CHE 06641,Engineering Statistical Process Control,3,Chemical Engineering,,
CHE 06642,Quality Control Methods and Metrics,3,Chemical Engineering,,
CHEM L5105,General Organic and Biological Chemistry Laboratory,0,Chemistry,,
CHEM L6100,Chemistry I Laboratory,0,Chemistry,,
CHEM L6101,Chemistry II Laboratory,0,Chemistry,,
CHEM L7200,Organic Chemistry I Laboratory,0,Chemistry,,
CHEM L7201,Organic Chemistry II Laboratory,0,Chemistry,,
CHEM L7220,Cosmetic Formulations Lab,0,Chemistry,,
CHEM 05011,Chemistry Workshop,0,Chemistry,,
CHEM 05100,Essentials of General Chemistry,3,Chemistry,,
CHEM 05102,Chemistry of Everyday Life,4,Chemistry,,
CHEM 05103,Chemistry in the World Around Us,3,Chemistry,,
CHEM 05104,Introduction to Cannabis- A Chemistry Perspective,3,Chemistry,,
CHEM 05105,General Organic and Biological Chemistry,4,Chemistry,,
CHEM 05110,Professional Development I,1,Chemistry,,
CHEM 05210,Professional Development II,1,Chemistry,,
CHEM 05249,Introduction to Forensic Science,3,Chemistry,,
CHEM 05300,Chemistry Learning Assistant for General and Organic Chemistry,2,Chemistry,,
CHEM 05301,Chemistry in the Environment,3,Chemistry,,
CHEM 05310,Independent Study-Chemistry,1,Chemistry,,
CHEM 05311,Professional Development III,1,Chemistry,,
CHEM 05350,Forensic Chemistry,4,Chemistry,,
CHEM 05430,Advanced Topics in Chemistry,3,Chemistry,,
CHEM 05435,Cooperative Experience in Chemistry,3,Chemistry,,
CHEM 05440,Research I,3,Chemistry,,
CHEM 05441,Research II,3,Chemistry,,
CHEM 05450,Seminar I,1,Chemistry,,
CHEM 05500,Teaching Pedagogy in Chemistry Instruction,3,Chemistry,,
CHEM 05501,Principles of Chemistry,3,Chemistry,,
CHEM 05502,Clinical Laboratory Science Seminar,1,Chemistry,,
CHEM 05504,Introduction to Cannabis - A Chemistry Perspective,3,Chemistry,,
CHEM 05530,Special Topics in Chemistry,3,Chemistry,,
CHEM 05544,Intro to Research,3,Chemistry,,
CHEM 05550,Advanced Seminar,1,Chemistry,,
CHEM 06100,Chemistry I,4,Chemistry,,
CHEM 06101,Chemistry II,4,Chemistry,,
CHEM 06105,Advanced College Chemistry I (Lecture and Lab),4,Chemistry,,
CHEM 06106,Advanced College Chemistry II (Lecture and Lab),4,Chemistry,,
CHEM 06300,Advanced Inorganic Chemistry,4,Chemistry,,
CHEM 06301,Inorganic Chemistry,3,Chemistry,,
CHEM 06302,General Chemistry,4,Chemistry,,
CHEM 06400,Advanced Inorganic Chemistry Lecture,3,Chemistry,,
CHEM 06401,Advanced Inorganic Chemistry Laboratory,2,Chemistry,,
CHEM 06500,Modern Inorganic Chemistry,3,Chemistry,,
CHEM 06501,Modern Inorganic Chemistry Laboratory,2,Chemistry,,
CHEM 07101,Cosmetic Chemistry I,3,Chemistry,,
CHEM 07102,Cosmetic Chemistry II,3,Chemistry,,
CHEM 07200,Organic Chemistry I,4,Chemistry,,
CHEM 07201,Organic Chemistry II,4,Chemistry,,
CHEM 07202,Industrial Organic Chemistry,3,Chemistry,,
CHEM 07205,Biochemical Foundations of Nutrition,3,Chemistry,,
CHEM 07220,Cosmetic Formulations Lecture,4,Chemistry,,
CHEM 07348,Biochemistry (Lecture And Lab),4,Chemistry,,
CHEM 07357,Chemical Biology,3,Chemistry,,
CHEM 07388,Natural Products Chemistry,3,Chemistry,,
CHEM 07400,Independent Study-Biochemistry,1,Chemistry,,
CHEM 07405,Introduction to Polymer Chemistry,3,Chemistry,,
CHEM 07407,Advanced Biochemistry Lecture,3,Chemistry,,
CHEM 07408,Advanced Biochemistry,4,Chemistry,,
CHEM 07409,Advanced Biochemistry Laboratory,2,Chemistry,,
CHEM 07410,Medicinal Chemistry,3,Chemistry,,
CHEM 07412,Introduction to Antibiotics,3,Chemistry,,
CHEM 07431,Advanced Topics In Biochemistry,,Chemistry,,
CHEM 07442,Biochemical Research Methods,,Chemistry,,
CHEM 07464,Advanced Organic Chemistry I- WI,3,Chemistry,,
CHEM 07465,Physical Organic Chemistry,3,Chemistry,,
CHEM 07466,Advanced Organic Chemistry II (Lecture),3,Chemistry,,
CHEM 07467,Organic Preparations,3,Chemistry,,
CHEM 07470,Organic Spectroscopic Analysis,3,Chemistry,,
CHEM 07472,Organometallic Chemistry,3,Chemistry,,
CHEM 07475,Polymer Synthesis,4,Chemistry,,
CHEM 07478,Polymer Characterization,4,Chemistry,,
CHEM 07490,General Aspects of Pharmacology,3,Chemistry,,
CHEM 07492,Pharmaceutical Chemistry,3,Chemistry,,
CHEM 07493,Introduction to Regulatory Affairs,3,Chemistry,,
CHEM 07494,Good Laboratory Practice (GLP) Techniques,3,Chemistry,,
CHEM 07512,Antibiotics,3,Chemistry,,
CHEM 07531,Special Topics in Biochemistry,3,Chemistry,,
CHEM 07548,Biochemistry,4,Chemistry,,
CHEM 07557,Chemical Biology,3,Chemistry,,
CHEM 07558,Advanced Biochemistry,4,Chemistry,,
CHEM 07560,Advanced Biochemistry Lecture,3,Chemistry,,
CHEM 07561,Advanced Biochemistry Laboratory,2,Chemistry,,
CHEM 07564,Advanced Organic Synthesis,3,Chemistry,,
CHEM 07565,Organic Reactions And Mechanisms,3,Chemistry,,
CHEM 07567,Advanced Organic Preparations (Lecture and Lab),3,Chemistry,,
CHEM 07568,Medicinal Chemistry,3,Chemistry,,
CHEM 07570,Organic Spectroscopy,3,Chemistry,,
CHEM 07572,Advanced Organometallic Chemistry,3,Chemistry,,
CHEM 07575,Polymer Chemistry,3,Chemistry,,
CHEM 07580,Synthesis of Polymers,4,Chemistry,,
CHEM 07582,Characterization of Polymers,4,Chemistry,,
CHEM 07588,Advanced Natural Products Chemistry,3,Chemistry,,
CHEM 07590,General Aspects of Pharmacology,3,Chemistry,,
CHEM 07592,Advanced Pharmaceutical Chemistry,3,Chemistry,,
CHEM 07593,Regulatory Affairs,3,Chemistry,,
CHEM 07594,Good Laboratory Practice (GLP)/Good Manufacturing Practice (GMP) Techniques,3,Chemistry,,
CHEM 08305,Biophysical Chemistry,4,Chemistry,,
CHEM 08306,Introduction to Biophysical Spectroscopy,2,Chemistry,,
CHEM 08400,Physical Chemistry I,3,Chemistry,,
CHEM 08401,Physical Chemistry II,3,Chemistry,,
CHEM 08402,Physical Chemistry Laboratory I,2,Chemistry,,
CHEM 08403,Physical Chemistry Laboratory II,2,Chemistry,,
CHEM 08405,Applications in Experimental and Computational Chemistry,3,Chemistry,,
CHEM 08410,Survey of Molecular Modeling Methods,3,Chemistry,,
CHEM 08505,Advanced Biophysical Chemistry,3,Chemistry,,
CHEM 08510,Advanced Survey of Molecular Modeling Methods,3,Chemistry,,
CHEM 09200,Clinical Chemistry,3,Chemistry,,
CHEM 09201,Clinical Chemistry Lab,1,Chemistry,,
CHEM 09202,Quality Assurance,3,Chemistry,,
CHEM 09249,Analytical Chemistry,4,Chemistry,,
CHEM 09250,Quantitative Analysis,4,Chemistry,,
CHEM 09300,Environmental Chemistry,3,Chemistry,,
CHEM 09322,Bioanalytical Chemistry,,Chemistry,,
CHEM 09330,Chemical Analysis of Cannabinoids,3,Chemistry,,
CHEM 09351,Chemical Characterization of Surfaces and Materials,3,Chemistry,,
CHEM 09410,Instrumental Methods,4,Chemistry,,
CHEM 09411,Electrochemistry,3,Chemistry,,
CHEM 09415,Analytical Chemistry I,3,Chemistry,,
CHEM 09420,Supramolecular Chemistry,3,Chemistry,,
CHEM 09500,Advanced Clinical Chemistry,3,Chemistry,,
CHEM 09501,Advanced Clinical Chemistry Laboratory,1,Chemistry,,
CHEM 09502,Quality Assurance,3,Chemistry,,
CHEM 09510,Instrumental Analysis,4,Chemistry,,
CHEM 09520,Advanced Supramolecular Chemistry,3,Chemistry,,
CHEM 09522,Advanced Bioanalytical Chemistry,3,Chemistry,,
CHEM 09530,Advanced Chemical Analysis of Cannabinoids,3,Chemistry,,
CHEM 09592,Pharmaceutical Techniques I,3,Chemistry,,
CHEM 09593,Pharmaceutical Techniques II,3,Chemistry,,
CHEM 09594,Pharmaceutical Techniques III,3,Chemistry,,
CHEM 09596,MS Thesis Research I,3,Chemistry,,
CHEM 09597,MS Thesis Research II,3,Chemistry,,
CHEM 09598,MS Thesis Research III,3,Chemistry,,
CHEM 09599,MS Thesis Research IV,3,Chemistry,,
CHEM 09600,MS Thesis Research V,3,Chemistry,,
CHEM 09601,PhD Dissertation Research,1,Chemistry,,
CHEM 09602,Graduate Seminar,0,Chemistry,,
CHEM 09603,Professional Development and Doctoral Candidacy,3,Chemistry,,
INTR 01486,Interdisciplinary Materials Science,3,Chemistry,,
CHIN 07101,Elementary Chinese I,3,Chinese,,
CHIN 07102,Elementary Chinese II,3,Chinese,,
CHIN 07201,Intermediate Chinese I,3,Chinese,,
CHIN 07211,Intermediate Chinese II,3,Chinese,,
CHIN 07212,Intermediate Chinese III,3,Chinese,,
CHIN 07440,Special Topics in World Languages,3,Chinese,,
CEE 08102,Engineering Graphics,2,,,
CEE 08103,Field Surveying,2,,,
CEE 08301,Civil Engineering Materials,2,,,
CEE 08302,Applications of CAD in Site Design,3,,,
CEE 08305,Civil Engineering Systems,3,,,
ATR 00530,Pharmacology,3,Athletic Training,,
ATR 00531,Therapeutic Interventions I,4,Athletic Training,,
ATR 00533,Therapeutic Interventions II,4,Athletic Training,,
ATR 00535,Behavioral Health,3,Athletic Training,,
ATR 00537,Residency in Athletic Training I,3,Athletic Training,,
ATR 00538,Residency in Athletic Training II,3,Athletic Training,,
ATR 00540,Fellowship in Athletic Training I,6,Athletic Training,,
ATR 00541,Fellowship in Athletic Training II,6,Athletic Training,,
ATR 00560,Clinical Reasoning in Athletic Training I,3,Athletic Training,,
ATR 00561,Clinical Reasoning in Athletic Training II,3,Athletic Training,,
ATR 00570,Seminar in Healthcare Inter-professional Education and Practice,2,Athletic Training,,
BLED 40405,Current Policy and Practice in ESL and Bilingual Education,3,Bilingual Education,,
BLED 40412,Linguistics and Second Language Acquisition for Teaching Languages,3,Bilingual Education,,
BLED 40415,"Understanding Immigrant, Bilingual, and English Learner Students",3,Bilingual Education,,
BLED 40420,"Planning, Teaching, and Assessing in ESL Classrooms",3,Bilingual Education,,
BLED 40421,Teaching Bilingual/Bicultural Education: Process and Practice,3,Bilingual Education,,
BLED 40422,"Integrating Language, Literacy, and Content in ESL and Bilingual Classrooms",3,Bilingual Education,,
BLED 40424,Biliteracies and Translanguaging in the Bilingual Education Classroom,3,Bilingual Education,,
BLED 40510,Issues of Language and Cultural Diversity in ESL/Bilingual Programs,3,Bilingual Education,,
BLED 40512,Linguistics and Second Language Acquisition for Teaching Languages,3,Bilingual Education,,
BLED 40513,Extending Foreign Language Instruction K-12,3,Bilingual Education,,
BLED 40515,"Understanding Immigrant-Origin Students: Language, Culture, and Mobility",3,Bilingual Education,,
BLED 40520,"Planning, Teaching, and Assessment in ESL Classrooms",3,Bilingual Education,,
BLED 40521,Teaching Bilingual/Bicultural Education: Process and Practice,3,Bilingual Education,,
BLED 40522,Integrating Language and Content in the ESL/Bilingual Education Classroom,3,Bilingual Education,,
BINF 05355,Bioinformatics: Biological Applications,3,Bioinformatics,,
BINF 05360,Programming for Molecular Biology,3,Bioinformatics,,
BINF 05555,Bioinformatics: Advanced Biological Applications,3,Bioinformatics,,
BINF 05560,Advanced Programming for Molecular Biology,3,Bioinformatics,,
BINF 07310,Introduction to Bioinformatics,3,Bioinformatics,,
BINF 07399,Bioinformatics: Biochemical Applications,3,Bioinformatics,,
BINF 07500,Bioinformatics Seminar,3,Bioinformatics,,
BINF 07501,MS Thesis Research I,3,Bioinformatics,,
BINF 07502,MS Thesis Research II,3,Bioinformatics,,
BINF 07503,MS Thesis Research III,3,Bioinformatics,,
BINF 07504,MS Thesis Research IV,3,Bioinformatics,,
BINF 07505,MS Thesis Research V,3,Bioinformatics,,
BINF 07510,Bioinformatics,3,Bioinformatics,,
BINF 07595,Bioinformatics: Advanced Biochemical Applications,3,Bioinformatics,,
BIOL L0210,Human Anatomy and Physiology I - Laboratory,0,Biological Sciences,,
BIOL L0212,Human Anatomy and Physiology II - Laboratory,0,Biological Sciences,,
BIOL L1113,General Biology - Human Focus Laboratory,0,Biological Sciences,,
BIOL 01100,Biology I,4,Biological Sciences,,
BIOL 01101,Biology II,4,Biological Sciences,,
BIOL 01103,Independent Study-Biology,1,Biological Sciences,,
BIOL 01104,Introduction to Evolution and Scientific Inquiry,4,Biological Sciences,,
BIOL 01106,Introduction to Genetics,4,Biological Sciences,,
BIOL 01110,Human Biology,3,Biological Sciences,,
BIOL 01112,General Biology: Environmental Focus,4,Biological Sciences,,
BIOL 01113,General Biology: Human Focus,4,Biological Sciences,,
BIOL 01120,MEDacademy I,3,Biological Sciences,,
BIOL 01121,MEDacademy II,2,Biological Sciences,,
BIOL 01203,Introduction to Cell Biology,4,Biological Sciences,,
BIOL 01204,Introduction to Ecology,4,Biological Sciences,,
BIOL 01301,Data Science for Biologists,4,Biological Sciences,,
BIOL 01310,Advanced Evolution,4,Biological Sciences,,
BIOL 01315,Cancer Biology,3,Biological Sciences,,
BIOL 01325,Introduction To Mycology,4,Biological Sciences,,
BIOL 01341,Darwinian Medicine,3,Biological Sciences,,
BIOL 01342,Molecular Evolution,3,Biological Sciences,,
BIOL 01345,Animals and Society,3,Biological Sciences,,
BIOL 01350,Biodiversity and the History of Life,3,Biological Sciences,,
BIOL 01351,Climate Change Biology,3,Biological Sciences,,
BIOL 01352,Ornithology,4,Biological Sciences,,
BIOL 01356,Parasitology,4,Biological Sciences,,
BIOL 01360,Animal Behavior,4,Biological Sciences,,
BIOL 01405,Conservation Biology,4,Biological Sciences,,
BIOL 01409,Regenerative Biology,3,Biological Sciences,,
BIOL 01428,Developmental Biology,4,Biological Sciences,,
BIOL 01430,Advanced Cell Biology,4,Biological Sciences,,
BIOL 01444,Special Topics in Biological and Biomedical Sciences,1,Biological Sciences,,
BIOL 01445,Special Topics In Biological Sciences - WI,3,Biological Sciences,,
BIOL 01454,Herpetology,4,Biological Sciences,,
BIOL 01458,Mammalogy,4,Biological Sciences,,
BIOL 01459,Genome Sciences,4,Biological Sciences,,
BIOL 01465,Animal Histology,4,Biological Sciences,,
BIOL 01470,Ichthyology,4,Biological Sciences,,
BIOL 01475,Biology Lab/Field Research,3,Biological Sciences,,
BIOL 01544,Advanced Topics in Biological and Biomedical Sciences,1,Biological Sciences,,
BIOL 01546,Tumor Biology,3,Biological Sciences,,
BIOL 02301,Plant Diversity,4,Biological Sciences,,
BIOL 02405,Plant Physiology,3,Biological Sciences,,
BIOL 02410,Stream Ecology,4,Biological Sciences,,
BIOL 03300,Hematology,4,Biological Sciences,,
BIOL 03401,Immunohematology,4,Biological Sciences,,
BIOL 03500,Advanced Hematology,4,Biological Sciences,,
BIOL 03501,Advanced Immunohematology,4,Biological Sciences,,
BIOL 03502,Practicum in Clinical Lab Science,6,Biological Sciences,,
BIOL 03503,Lab Administration,3,Biological Sciences,,
BIOL 04300,Concepts in Biology for Health Professions and Biology Education,3,Biological Sciences,,
BIOL 07300,Invertebrate Zoology,4,Biological Sciences,,
BIOL 07301,Comparative Vertebrate Anatomy,4,Biological Sciences,,
BIOL 07400,Comparative Biomechanics,4,Biological Sciences,,
BIOL 10210,Human Anatomy and Physiology I,4,Biological Sciences,,
BIOL 10212,Human Anatomy and Physiology II,4,Biological Sciences,,
BIOL 10401,Animal Physiology,4,Biological Sciences,,
BIOL 11220,Clinical Microbiology,4,Biological Sciences,,
BIOL 11330,Microbiology,4,Biological Sciences,,
BIOL 11405,Environmental Microbiology,4,Biological Sciences,,
BIOL 11407,Molecular Microbiology,4,Biological Sciences,,
MBS 00680,Laboratory Research A - MBS,2,Biomedical Sciences,,
MBS 00681,Laboratory Research B - MBS,2,Biomedical Sciences,,
MBS 00699,Master of Science Thesis Continuation,1,Biomedical Sciences,,
BUS 01100,How to Succeed in Business School,0,Business,,
BUS 01105,Business Perspectives,3,Business,,
BUS 01303,Business Practicum,3,Business,,
BUS 01401,Issues in Business: Directed Research-WI,3,Business,,
BUS 01444,Business Consultancy,3,Business,,
BUS 01488,Business Career Planning and Development,2,Business,,
BUS 01505,MBA Supervised Internship,3,Business,,
BUS 01550,Independent Study,1,Business,,
BUS 01600,Special Topics in Business Administration,3,Business,,
CANN 03101,"Cannabis History, Culture, and Social Institutions",3,,,
CANN 03201,Cannabis Legislation and Society,3,,,
CANN 03301,Cannabis Industry,3,,,
CANN 03501,"Cannabis Legislation, Regulations, and Policy Evaluation",3,,,
CANN 03502,"Marijuana Legalization and Decriminalization in Work, Leisure and Other Settings",3,,,
CANN 03503,"Cannabis Research, Program Evaluation, and Policy Development",3,,,
CASE 90510,Power and Privilege: The Social Construction of Difference,3,,,
CASE 90512,"Examining Intersectionality in Critical Theories of Race, Class, Gender, Sexuality and Citizenship",3,,,
CASE 90513,History of Urban Education and Communities,3,,,
CASE 90514,Education Reform in the US: Theories of Change,3,,,
CASE 90519,Urban Inquiry and Social Justice Research Methods,3,,,
CASE 90520,Participatory Research Methods in Context,3,,,
CASE 90521,Ethnography in Urban Settings,3,,,
CASE 90524,Capstone Thesis Project,3,,,
CASE 90530,Curriculum Theories in Urban Education,3,,,
CASE 90531,Critical Consciousness: Sharing Power and Voice with Students,3,,,
CASE 90532,Working with Families and Communities,3,,,
CASE 90533,Critical Pedagogy,3,,,
CASE 90534,Disability Studies,3,,,
CASE 90540,Urban Education Policy and Reform,3,,,
CASE 90541,Leadership for Social Justice and Educational Equity,3,,,
CASE 90542,Engaging in Education and Community,3,,,
CASE 90550,Urban Education and Community Studies Special Topics,1,,,
CASE 90551,Artistic Expression in Action: Building Stronger Communities Through Fine Arts Outreach,3,,,
CASE 90710,Power and Privilege: The Social Construction of Difference,3,,,
CASE 90718,Research Literature Analysis and Writing in Education,3,,,
CASE 90800,"Current Issues and Research in Access, Success, and Equity in Education",3,,,
CASE 90801,"Research Seminar in Access, Success, and Equity",3,,,
CASE 90802,Internship in the Academic Profession and Professoriate for Promoting Student Success,3,,,
CASE 90803,"Equity, Success, and Access Educational Research",3,,,
CASE 90810,Quantitative Research Methods in Education,3,,,
CASE 90811,Multivariate Research Methods in Education,3,,,
CASE 90812,Qualitative Research Methods in Education,3,,,
CASE 90814,Advanced Qualitative Research Methods in Education,3,,,
CASE 90816,Mixed Methods Research Methods in Education,3,,,
CASE 90818,Introduction to Educational Research,3,,,
CASE 90820,"Advocacy, Leadership, and Professional Issues in Counselor Education",3,,,
CASE 90821,Advanced Practicum in Counseling for Equitable Career and College Readiness,3,,,
CASE 90822,"Advanced Theories of Indiv and Group Counseling for Academic, Soc/Emotional, and Career Development",3,,,
CASE 90823,Supervision in Counselor Education,3,,,
CASE 90825,Practicum in Supervision for Counselor Education,3,,,
CASE 90831,Organizational Analysis and Administration of Postsecondary Education,3,,,
CASE 90833,Public Policy and Analysis in Postsecondary Education,3,,,
CASE 90834,Student Learning and Development: Impact of Postsecondary Education,3,,,
CASE 90835,Theoretical and Conceptual Frameworks in Higher Education,3,,,
CASE 90840,Theoretical Perspectives in the Study of Literacy,3,,,
CASE 90841,Transliteracy and Translingualism,3,,,
CASE 90842,Multicultural and Multilingual Issues in Literacy Education,3,,,
CASE 90843,Literacy as Practice In and Outside of School,3,,,
CASE 90844,First and Second Language Acquisition,3,,,
CASE 90845,The Pedagogy of Literature for Children and Adolescents,3,,,
CASE 90846,Sociolinguistics and Discourse Analysis in Literacy Studies,3,,,
CASE 90850,"Access, Success and Equity in Special Education",3,,,
CASE 90851,Research to Practice in Special Education,3,,,
CASE 90852,Program Evaluation and Planning in Special Education,3,,,
CASE 90853,"Leadership, Policy, and Ethics in Special Education",3,,,
CASE 90854,Personnel Preparation and Effective Teaching in Special Education,3,,,
CASE 90859,Special Topics in Special Education,3,,,
CASE 90890,Dissertation Research,1,,,
CASE 98801,Doctoral Dissertation Continuation,9,,,
CAS 01125,Introduction To The Study Of Alcoholism/Drug Abuse,3,,,
CAS 01215,The Study Of The Adolescent Alcoholic/Drug Abuser,3,,,
CAS 01217,The Study Of Gender And Alcoholism/Drug Abuse,3,,,
CAS 01250,Psychopharmacology/Physiology Of Addiction,4,,,
CAS 01350,The Study Of Treatment And Counseling Of The Alcoholic/Drug Abuser,3,,,
CAS 01425,The Study Of Family And Alcoholism/Drug Abuse,3,,,
CSSR 99501,Data Literacy for Civil/Public Service,3,,,
CSSR 99502,Data Analysis for Civil/Public Service,3,,,
CSSR 99503,Policy Agendas Project New Jersey,3,,,
CHE 06201,Principles of Chemical Processes I,2,Chemical Engineering,,
CHE 06202,Principles of Chemical Processes II,2,Chemical Engineering,,
CHE 06203,Principles of Chemical Processes,4,Chemical Engineering,,
CHE 06241,Chemical Engineering Fluid Mechanics,3,Chemical Engineering,,
CHE 06307,Transport Phenomena,4,Chemical Engineering,,
CHE 06309,Process Fluid Transport,2,Chemical Engineering,,
CHE 06310,Chemical Engineering Thermodynamics I,3,Chemical Engineering,,
CHE 06311,Heat Transfer Processes,3,Chemical Engineering,,
CHE 06312,Separation Processes I,2,Chemical Engineering,,
CHE 06314,Separation Processes,3,Chemical Engineering,,
CHE 06315,Chemical Engineering Thermodynamics II,3,Chemical Engineering,,
CHE 06316,Chemical Reaction Engineering,4,Chemical Engineering,,
CHE 06317,Chemical Engineering Technologies,2,Chemical Engineering,,
CHE 06381,Chemical Engineering Materials,2,Chemical Engineering,,
CHE 06385,Chemical Engineering Modeling,2,Chemical Engineering,,
CHE 06401,Chemical Process Component Design,3,Chemical Engineering,,
CHE 06403,Unit Operations Experimental Design and Analysis,3,Chemical Engineering,,
CHE 06404,Unit Operations Laboratory II,2,Chemical Engineering,,
CHE 06405,Process Dynamics and Control,3,Chemical Engineering,,
BIOL 11507,Advanced Molecular Microbiology,4,Biological Sciences,,
BIOL 14440,Introduction to Biochemistry - Lecture Only,3,Biological Sciences,,
BIOL 14540,Introduction to Biochemistry I,3,Biological Sciences,,
BIOL 18304,Pine Barrens Ecology,4,Biological Sciences,,
BIOL 18360,Marine Biology,4,Biological Sciences,,
BIOL 18400,Limnology,4,Biological Sciences,,
BIOL 18402,Aquaculture,1,Biological Sciences,,
BIOL 20310,Advanced Ecology,4,Biological Sciences,,
BIOL 20330,Environmental Science,4,Biological Sciences,,
BIOL 20474,Tidal Marsh Ecology,4,Biological Sciences,,
BIOL 21401,Entomology,4,Biological Sciences,,
BIOL 22335,Advanced Genetics,4,Biological Sciences,,
BIOL 85301,Brewing Science and Raw Materials,3,Biological Sciences,,
BIOL 85302,Brewery Design and Operations,3,Biological Sciences,,
BIOL 85303,Yeast Management,3,Biological Sciences,,
BIOL 85304,Sensory Training,3,Biological Sciences,,
BIOL 85305,Packaging Technology and Operations,3,Biological Sciences,,
BIOL 85306,Brewing Science Internship,3,Biological Sciences,,
BMV 09251,Introduction to Figure Anatomy for the Artist,3,,,
BMV 09252,Introduction to Natural Science and Zoological Illustration,3,,,
BMV 09253,Introduction to Digital 3D Modeling,3,,,
BMV 09356,Introduction to Digital Rendering and Illustration Methods,3,,,
BMV 09360,Storyboarding and Animation,3,,,
BMV 09361,Scientific and Medical Sculpture,3,,,
BMV 09366,Introduction to 3D Animation,3,,,
BMV 09373,Advanced Problems in Biomedical Art,3,,,
BMV 09400,Independent Study,0.5,,,
BMV 09453,Introduction to Game Media Design,3,,,
BMV 09454,Surgical Illustration and Media,3,,,
BMV 09456,Biomedical Art Senior Thesis Exhibition & Portfolio Capstone,3,,,
BME 11100,Biomedical Engineering Seminar,1,Biomedical Engineering,,
BME 11101,BME First Year Seminar,0,Biomedical Engineering,,
BME 11201,Chemical Foundations in Biomedical Engineering,4,Biomedical Engineering,,
BME 11290,Special Topics in Biomedical Engineering,1,Biomedical Engineering,,
BME 11301,Physiological Foundations in Biomedical Engineering,4,Biomedical Engineering,,
BME 11302,Electrical Foundations in Biomedical Engineering,4,Biomedical Engineering,,
BME 11303,Mechanical Foundations in Biomedical Engineering,4,Biomedical Engineering,,
BME 11390,Advanced Topics in Biomedical Engineering,1,Biomedical Engineering,,
BME 11411,Modeling and Simulation for Analysis and Design in Biomedical Engineering,4,Biomedical Engineering,,
BME 11450,Biocompatibility and Immunoengineering,3,Biomedical Engineering,,
BME 11451,Mechanobiology,3,Biomedical Engineering,,
BME 11453,Regulatory Practices in Biomedical Engineering,3,Biomedical Engineering,,
BME 11454,Introduction to Stem Cell Engineering,3,Biomedical Engineering,,
BME 11455,Introduction to Synthetic Biology,3,Biomedical Engineering,,
BME 11456,Principles of Nanoparticle Design and Engineering,3,Biomedical Engineering,,
BME 11468,Biophysics Phenomena in Biomaterials Science,3,Biomedical Engineering,,
BME 11470,Introduction to Biomechanics,3,Biomedical Engineering,,
BME 11471,Principles of Biomedical Control Systems,3,Biomedical Engineering,,
BME 11472,Principles of Biomedical Processes,3,Biomedical Engineering,,
BME 11473,Principles of Biomaterials Engineering,3,Biomedical Engineering,,
BME 11474,Fundamentals of Controlled Release,3,Biomedical Engineering,,
BME 11475,Principles of Engineering Exercise Physiology,3,Biomedical Engineering,,
BME 11476,Introduction to Biotransport,3,Biomedical Engineering,,
BME 11477,Introduction to Biomaterial Mechanics,3,Biomedical Engineering,,
BME 11478,Tissue Engineering Fundamentals,3,Biomedical Engineering,,
BME 11479,Instrumentation for Biomedical Sciences,3,Biomedical Engineering,,
BME 11480,Topics in Biomedical Engineering,1,Biomedical Engineering,,
BME 11481,Emerging Topics in Stem Cell Engineering,1,Biomedical Engineering,,
BME 11482,Emerging Topics in Tissue Engineering,1,Biomedical Engineering,,
BME 11483,Emerging Topics in Regenerative Medicine,1,Biomedical Engineering,,
BME 11484,Emerging Topics in Cellular Engineering,1,Biomedical Engineering,,
BME 11485,Emerging Topics in Biomaterials Engineering,1,Biomedical Engineering,,
BME 11486,Emerging Topics in Biomechanics,1,Biomedical Engineering,,
BME 11487,Emerging Topics in Orthopedic Engineering,1,Biomedical Engineering,,
BME 11488,Emerging Topics in Pharmaceutical Engineering,1,Biomedical Engineering,,
BME 11490,Emerging Topics in Biomedical Engineering,1,Biomedical Engineering,,
BME 11550,Advanced Biocompatibility and Immunoengineering,3,Biomedical Engineering,,
BME 11551,Advanced Mechanobiology,3,Biomedical Engineering,,
BME 11552,Advanced Cell Bioelectricity,3,Biomedical Engineering,,
BME 11553,Regulatory Strategies in Biomedical Engineering,3,Biomedical Engineering,,
BME 11554,Advanced Stem Cell Engineering,3,Biomedical Engineering,,
BME 11555,Fundamentals of Synthetic Biology,3,Biomedical Engineering,,
BME 11556,Advanced Nanoparticle Design and Engineering,3,Biomedical Engineering,,
BME 11561,Advanced Topics in Biomedical Instrumentation,3,Biomedical Engineering,,
BME 11568,Advanced Phenomena in Biomaterials Science,3,Biomedical Engineering,,
BME 11573,Biomaterials Engineering,3,Biomedical Engineering,,
BME 11574,Advanced Topics in Controlled Release,3,Biomedical Engineering,,
BME 11590,Advanced Emerging Topics in Biomedical Engineering,1,Biomedical Engineering,,
BME 11600,Graduate Seminar in Biomedical Engineering Topics,0,Biomedical Engineering,,
BME 11602,Writing and Winning Grant Proposals in the Biomedical Field,2,Biomedical Engineering,,
BME 11610,Special Topics for Doctoral Students in Biomedical Engineering,3,Biomedical Engineering,,
BME 11611,Biological Transport Phenomena,3,Biomedical Engineering,,
MBS 00501,Biochemistry and Molecular Biology,3,Biomedical Sciences,,
MBS 00502,Cell Biology,3,Biomedical Sciences,,
MBS 00503,Systems Physiology,3,Biomedical Sciences,,
MBS 00505,Human Genetics,3,Biomedical Sciences,,
MBS 00506,Biomedical Anatomy,3,Biomedical Sciences,,
MBS 00602,Antimicrobial Drugs: Mechanisms of Action & Resistance,3,Biomedical Sciences,,
MBS 00603,Immunology,3,Biomedical Sciences,,
MBS 00606,Essential Neuroscience,3,Biomedical Sciences,,
MBS 00607,Exercise Physiology,3,Biomedical Sciences,,
MBS 00609,Mechanisms of Disease,3,Biomedical Sciences,,
MBS 00610,Microbiology,3,Biomedical Sciences,,
MBS 00611,Pathophysiology of the Cardiovascular System,3,Biomedical Sciences,,
MBS 00612,Principles of Pharmacology,3,Biomedical Sciences,,
MBS 00613,MBS Independent Study,2,Biomedical Sciences,,
MBS 00616,Biomedical Data Analysis,3,Biomedical Sciences,,
MBS 00617,Immunohematology,4,Biomedical Sciences,,
MBS 00618,Clinical Bioscience,3,Biomedical Sciences,,
CEE 08311,Environmental Engineering,3,,,
CEE 08312,Environmental Engineering II,3,,,
CEE 08342,Water Resources Engineering,3,,,
CEE 08351,Geotechnical Engineering,3,,,
CEE 08361,Transportation Engineering,3,,,
CEE 08382,Structural Analysis,3,,,
CEE 08383,Steel Design,3,,,
CEE 08412,Environmental Treatment Process Principles,3,,,
CEE 08422,Site Remediation Engineering Principles,3,,,
CEE 08431,Solid and Hazardous Waste Management,3,,,
CEE 08432,Pollutant Fate and Transport Principles,3,,,
CEE 08433,Principles of Integrated Solid Waste Management,3,,,
CEE 08436,Sustainable Technologies for Built Environments,3,,,
CEE 08437,Sustainable Buildings,3,,,
CEE 08441,Surface Hydrology,3,,,
CEE 08442,Hydrometeorology,3,,,
CEE 08443,Advanced Water Resources Engineering for Seniors,3,,,
CEE 08444,Principles of Hydraulic Design,3,,,
CEE 08446,River Engineering Principles,3,,,
CEE 08447,Watershed Engineering Principles,3,,,
CEE 08448,Introduction to Water and Environmental Monitoring,3,,,
CEE 08452,Foundation Engineering for Seniors,3,,,
CEE 08453,Earth Retaining Systems for Seniors,3,,,
CEE 08454,Introduction to Geosynthethics,3,,,
CEE 08463,"Transportation Planning, Demand, and Data Analysis",3,,,
CEE 08465,Pavement Analysis and Evaluation,3,,,
CEE 08466,Introduction to Transportation Systems Modeling,3,,,
CEE 08467,Introduction to Transportation Safety Systems,3,,,
CEE 08468,Introduction to Intelligent Transportation System,3,,,
CEE 08473,Introduction to Matrix Analysis of Structures,3,,,
CEE 08474,Structural Mechanics,3,,,
CEE 08476,Portland Cement Concrete,3,,,
CEE 08481,Reinforced Concrete Design,3,,,
CEE 08483,Steel Design II,3,,,
CEE 08484,Prestressed Concrete for Seniors,3,,,
CEE 08485,Reinforced Concrete Design II,3,,,
CEE 08486,Bridge Engineering for Seniors,3,,,
CEE 08488,Pavement Rehabilitation Method,3,,,
CEE 08490,Civil Engineering Practice,1,,,
CEE 08491,Civil Engineering Design Project I,2,,,
CEE 08492,Civil Engineering Design Project II,2,,,
CEE 08493,Selected Topics in Civil and Environmental Engineering,1,,,
CEE 08503,Special Topics Civil Engineering,1,,,
CEE 08504,Engineering Estimating,3,,,
CEE 08505,Data Analysis for Civil Engineering Applications,3,,,
CEE 08512,Advanced Environmental Treatment Process Principles,3,,,
CEE 08522,Site Remediation Engineering,3,,,
CEE 08531,Solid and Hazardous Waste Management,3,,,
CEE 08532,Pollutant Fate and Transport,3,,,
CEE 08533,Integrated Solid Waste Management,3,,,
CEE 08537,Sustainable Facilities,3,,,
CEE 08538,Advanced Biological Treatment Processes for Engineers,3,,,
CEE 08541,Advanced Surface Hydrology,3,,,
CEE 08542,Advanced Hydrometeorology,3,,,
CEE 08543,Advanced Water Resources Engineering,3,,,
CEE 08544,Hydraulic Design,3,,,
CEE 08546,River Engineering,3,,,
CEE 08547,Watershed Engineering,3,,,
CEE 08548,Water and Environmental Monitoring,3,,,
CEE 08552,Foundation Engineering,3,,,
CEE 08553,Earth Retaining Systems,3,,,
CEE 08554,Design of Geosynthetic Systems,3,,,
CEE 08562,Advanced Transportation Engineering,3,,,
CEE 08565,Advanced Pavement Analysis and Evaluation,3,,,
CEE 08566,Transportation Systems Modeling,3,,,
CEE 08567,Transportation Safety System,3,,,
CEE 08568,Intelligent Transportation System,3,,,
CEE 08569,Advanced Pavement Rehabilitation Methods,3,,,
CEE 08573,Advanced Structural Analysis,3,,,
CEE 08574,Advanced Structural Mechanics,3,,,
CEE 08576,Advanced Portland Cement Concrete,3,,,
CEE 08583,Advanced Steel Design,3,,,
CEE 08584,Prestressed Concrete,3,,,
CEE 08585,Advanced Reinforced Concrete,3,,,
CEE 08586,Bridge Engineering,3,,,
CEE 08587,Masonry and Wood Structures,3,,,
CEE 08603,Special Topics for Doctoral Students in Civil Engineering,3,,,
CEE 08635,Anaerobic Treatment Processes,3,,,
CEE 08643,Coastal Engineering,3,,,
CEE 08658,Engineering Geology and Rock Engineering,3,,,
CEE 08673,Structural Reliability,3,,,
CEE 08674,Dynamics of Structures,3,,,
CEE 08675,Fracture Mechanics,3,,,
COSM 00352,Co-op in Science and Mathematics,1,,,
COSM 03300,Internship,1,,,
COSM 06101,Introduction to Chemical Information and Modeling,3,,,
CMS 04200,Introduction to Communication Studies,3,Communication Studies,,
CMS 04205,Public Speaking,3,Communication Studies,,
CMS 04206,Digital Presentations,3,Communication Studies,,
CMS 04208,Business and Professional Communication,3,Communication Studies,,
CMS 04210,Mass Media and Their Influences,3,Communication Studies,,
CMS 04215,Fiction to Film,3,Communication Studies,,
CMS 04220,Interpersonal Communication,3,Communication Studies,,
CMS 04223,"Sports Communication, Culture and Identity",3,Communication Studies,,
CMS 04240,Small Group Communication,3,Communication Studies,,
CMS 04250,Communication Theory,3,Communication Studies,,
CMS 04255,Nonverbal Communication,3,Communication Studies,,
CMS 04260,Organizational Communication,3,Communication Studies,,
CMS 04270,Persuasion and Social Influence,3,Communication Studies,,
CMS 04290,Rhetorical Theory,3,Communication Studies,,
ANTH 02376,Anthropology Through Film,3,Anthropology,,
ANTH 02378,Public Archaeology,3,Anthropology,,
ANTH 02395,Anthropological Theory,3,Anthropology,,
ANTH 02400,Field Methods in Egyptology,3,Anthropology,,
ANTH 02420,Psychological Anthropology,3,Anthropology,,
ANTH 02450,Anthropology Senior Seminar - WI,3,Anthropology,,
ANTH 02451,"Language, Ideology, and Policy",3,Anthropology,,
ANTH 02491,Independent Study in Anthropology,3,Anthropology,,
ANTH 02492,Undergraduate Research Seminar in Anthropology: Special Topics,3,Anthropology,,
ANTH 02510,Qualitative Research,3,Anthropology,,
ARAB 12101,Elementary Arabic I,3,Arabic,,
ARAB 12102,Elementary Arabic II,3,Arabic,,
ARAB 12201,Intermediate Arabic I,3,Arabic,,
ARAB 12211,Intermediate Arabic II,3,Arabic,,
ARAB 12212,Intermediate Arabic III,3,Arabic,,
ARAB 12301,Advanced Arabic I,3,Arabic,,
ARAB 12302,Advanced Arabic II,3,Arabic,,
ARAB 12320,Arabic Civilization and Culture,3,Arabic,,
ARAB 12440,Special Topics in World Languages,3,Arabic,,
ARHS 03103,Art History Survey I: Prehistory to Medieval,3,Art History,,
ARHS 03104,Art History Survey II: Renaissance to Modern,3,Art History,,
ARHS 03130,Art Appreciation,3,Art History,,
ARHS 03220,Modern Art,3,Art History,,
ARHS 03230,Survey: Women Artists,3,Art History,,
ARHS 03231,Survey of Asian Art,3,Art History,,
ARHS 03241,History of Photography,3,Art History,,
ARHS 03252,Concepts In Art Criticism - WI,3,Art History,,
ARHS 03310,History of American Art,3,Art History,,
ARHS 03340,Survey of Women Artists,3,Art History,,
ARHS 03350,History of Graphic Design,3,Art History,,
ARHS 03400,Independent Study - Art History,3,Art History,,
ARHS 03420,Contemporary Art,3,Art History,,
ARHS 03425,Special Problems in Art History,3,Art History,,
ARHS 03525,Graduate Problems In Art History,3,Art History,,
SMED 01120,Foundations of Music Education,3,,,
SMED 01282,Introduction to Instruction and Assessment in the Art Classroom,3,,,
SMED 01284,Introduction to Instruction and Assessment for the Music Educator,3,,,
SMED 03313,Clinical Practice I: Elementary Music,1,,,
SMED 03314,Clinical Practice I Secondary Music,1,,,
SMED 10300,Picture Inquiry with Children,3,,,
SMED 31350,Elementary Art Methods: Teaching and Learning Art A,3,,,
SMED 31351,Clinical Practice I: Elementary and Secondary Art Education,2,,,
SMED 31360,Secondary Art Methods: Teaching and Learning Art B,3,,,
SMED 31450,Clinical Practice II: Elementary and Secondary Art,10,,,
SMED 31451,Clinical Practice II: Seminar for Art Education,1,,,
SMED 32329,Teaching/Learning Music A: Elementary General Music,3,,,
SMED 32330,Teaching/Learning Music B: Vocal Methods and Techniques,3,,,
SMED 32331,Teaching/Learning Music B: Instrumental Methods and Techniques,3,,,
SMED 32332,Teaching & Learning in General Music Classrooms: 5-12,3,,,
SMED 32410,Advanced Instructional Strategies in the Inclusive Music Classroom,3,,,
SMED 32412,Clinical Practice Seminar in Music,1,,,
SMED 32413,Clinical Practice II: Elementary Music,5,,,
SMED 32414,Clinical Practice II Secondary Music,5,,,
SMED 32502,Teaching of Music Theory,3,,,
SMED 32506,Guitar Pedagogy,3,,,
SMED 32507,Piano Pedagogy,3,,,
SMED 33220,Educational Technology,1,,,
SMED 40450,Schools & Society: Foundations for Secondary Teaching,3,,,
SMED 40462,Clinical Practice I,3,,,
SMED 40463,Clinical Practice II,9,,,
SMED 50330,Humanities Teaching Methods II: English,3,,,
SMED 50331,Humanities Teaching Methods III: English,3,,,
SMED 51330,Humanities Teaching Methods II: World Language,3,,,
SMED 51331,Humanities Teaching Methods III: World Language,3,,,
SMED 52330,Humanities Teaching Methods II: Social Studies,3,,,
SMED 52331,Humanities Teaching Methods III: Social Studies,3,,,
SMED 60550,Schools and Society: Foundations for Secondary Teaching,3,,,
SMED 60552,Teaching Content in Diverse Classrooms,3,,,
SMED 60553,Humanities Teaching Methods I: Creating Supportive Learning Environments,3,,,
SMED 60560,Humanities Teaching Methods II,3,,,
SMED 60561,Humanities Teaching Methods III,3,,,
SMED 60562,Clinical Practice I,3,,,
SMED 60563,Clinical Practice II,9,,,
ASTR 11100,Introductory Astronomy: Stars and Galaxies,3,Astronomy,,
ASTR 11120,Introduction to Astronomy,4,Astronomy,,
ASTR 11200,Introductory Astronomy: Solar System and Exoplanets,3,Astronomy,,
ASTR 11230,Introductory Astrophysics,4,Astronomy,,
ASTR 11240,Observational Astronomy,4,Astronomy,,
ASTR 11250,Astronomy Research I,1,Astronomy,,
ASTR 11251,Astronomy Research II,1,Astronomy,,
ASTR 11301,Planetary Astronomy,3,Astronomy,,
ASTR 11302,Stellar Astrophysics,3,Astronomy,,
ASTR 11303,Galactic Astronomy and Cosmology,3,Astronomy,,
ASTR 11350,Astronomy Research III,1,Astronomy,,
ASTR 11450,Astronomy Research IV,1,Astronomy,,
ATR 00105,Introduction to Healthcare in Sports Medicine,3,Athletic Training,,
ATR 00210,Foundations in Sports Medicine I,3,Athletic Training,,
ATR 00339,Foundations in Sports Medicine II,3,Athletic Training,,
ATR 00340,Foundations in Sports Medicine III,3,Athletic Training,,
ATR 00347,Applied Biomechanics,3,Athletic Training,,
ATR 00360,Residency in Athletic Training III,3,Athletic Training,,
ATR 00477,Psychosocial Aspects of Physical Activity,3,Athletic Training,,
ATR 00505,Principles in Evidence-based Practice,3,Athletic Training,,
ATR 00510,Cadaver Anatomy,4,Athletic Training,,
ATR 00511,Management of Medical Emergencies,3,Athletic Training,,
ATR 00519,Clinical Assessment I,4,Athletic Training,,
ATR 00520,Clinical Assessment II,4,Athletic Training,,
ATR 00521,Clinical Assessment III,4,Athletic Training,,
ATR 00524,Injury Risk Management to Enhance Human Performance,3,Athletic Training,,
ATR 00526,Healthcare Management and Quality Improvement,3,Athletic Training,,
WA 01356,Self Publishing,3,Writing Arts,,
WA 01358,Teaching the Writer’s Workshop-WI,3,Writing Arts,,
WA 01375,Writing about Popular Culture,3,Writing Arts,,
WA 01404,Special Topics Writing Arts,1,Writing Arts,,
WA 01406,Professional Practices and Partnerships I,3,Writing Arts,,
WA 01407,Professional Practices and Partnerships II,3,Writing Arts,,
WA 01408,Writing as Managers,3,Writing Arts,,
WA 01415,Situating Writing,3,Writing Arts,,
WA 01445,Senior Seminar: Methods of Analysis and Evaluation of Writing,3,Writing Arts,,
WA 01450,Writing Arts Portfolio Seminar,1,Writing Arts,,
WA 07290,Creative Writing I,3,Writing Arts,,
WA 07291,Creative Writing II,3,Writing Arts,,
WA 07309,Writing Children’s Stories,3,Writing Arts,,
WA 07391,Writing Fiction,3,Writing Arts,,
WA 07392,Fundamentals of Playwriting,3,Writing Arts,,
WA 07395,Writing Poetry,3,Writing Arts,,
WA 07396,Worldbuilding,3,Writing Arts,,
WA 07415,Writing the Young Adult Novel-WI,3,Writing Arts,,
ART 09401,Senior Show or Project,0,,,
ART 09411,Advanced Metals and Jewelry,3,,,
ART 09419,Advanced Illustration,3,,,
ART 09430,Animation Practicum,3,,,
ART 09436,3D Digital Fabrication,3,,,
ART 09450,Advanced Ceramics,3,,,
ART 09453,Introduction to Game Media Design,3,,,
ART 09454,Surgical Illustration and Media,3,,,
ART 09456,Biomedical Art Senior Thesis Exhibition and Portfolio Capstone,3,,,
ART 09463,Advanced Graphic Design VII: Internship,0,,,
ART 09464,Advanced Graphic Design VIII: Identity Systems and Portfolio,3,,,
ART 09490,B.F.A. Senior Thesis Exhibition,0,,,
DHUM 52500,Digital Humanities Debates and Methods,3,Digital Humanities,,
DHUM 52525,Digital Humanities Internship,3,Digital Humanities,,
DHUM 52550,Digital Humanities Capstone,3,Digital Humanities,,
DPEM 00101,Introduction to Emergency Management and Homeland Security,3,,,
DPEM 00211,Incident Command: Theory and Practice,3,,,
DPEM 00222,Search and Rescue Operations: Wilderness and Natural Environments,3,,,
DPEM 00223,"Borders, Ports, and Homeland Security",3,,,
DPEM 00240,"Diverse Populations, Inclusion, and Understanding Bias for First Responders",3,,,
DPEM 00280,Global Catastrophes,3,,,
DPEM 00282,"Drones: Foundations, Design, and Maintenance",3,,,
DPEM 00290,U.S. Military Commands and Disaster Relief Operations,3,,,
DPEM 00300,Bioterrorism and Weapons of Mass Destruction,3,,,
DPEM 00310,Critical Infrastructure in Emergency Management and Homeland Security,3,,,
DPEM 00321,Humanitarian Response: Evacuation and Shelter Management,3,,,
DPEM 00325,Technology and Border Surveillance in Homeland Security,3,,,
DPEM 00333,Search and Rescue: Management and Lost Person Behavior,3,,,
DPEM 00356,"Mass Casualty, Active Shooter, and Major Events Response",3,,,
DPEM 00360,Disaster Equity in Emergency Management Practice,3,,,
DPEM 00370,Research and Data Analysis in Emergency Management and Homeland Security,3,,,
DPEM 00380,Drone Applications in Emergency Management,3,,,
DPEM 00381,"Drones: Legal, Ethical, and Security Issues",3,,,
DPEM 00391,Natural and Technological Hazards: Mitigation and Response,3,,,
DPEM 00400,"Disaster Planning, Mitigation and Recovery",3,,,
DPEM 00410,Public Leadership in Crisis Management & Communications,3,,,
DPEM 00412,Health Operations Management,3,,,
DPEM 00416,Cyber Security and Cyber Defense in Homeland Security,3,,,
DPEM 00422,Health Care Organization Leadership,3,,,
DPEM 00429,Grant Acquisition and Administration for Emergency Managers,3,,,
DPEM 00431,Global Disaster Risk Management,3,,,
DPEM 00432,"Security, Securitization, and Migration in Emergency Management and Homeland Security",3,,,
DPEM 00442,Public Health Emergency Preparedness and Response,3,,,
DPEM 00444,Emerging Health Threats: Risks and Surveillance,3,,,
DPEM 00451,Counterterrorism and National Security Issues: Theory and Practice,3,,,
DPEM 00476,Human Trafficking,3,,,
DPEM 00480,Advanced Topics in Emergency Management Homeland Security,3,,,
DPEM 00492,Intelligence Analysis: Global Areas Threat Assessment,3,,,
DPEM 00500,Complex Organizational Theory in Emergency Services,3,,,
DPEM 00505,All-Hazards Threat Response Management,3,,,
DPEM 00522,"Emergency Preparedness, Prevention, and Community Partnerships",3,,,
DPEM 00528,Research Methods and Statistics in Emergency Management and Homeland Security,3,,,
DPEM 00529,Human Trafficking in Homeland Security,3,,,
DPEM 00531,Cyber Security Risk Analysis in Homeland Security,3,,,
DPEM 00542,Public Health Emergency Preparedness and Response,3,,,
DPEM 00544,"Emerging Health Threats: Risks, Surveillance, and Policy",3,,,
DPEM 00550,Disaster Policy and Legal Environment in Emergency Management,3,,,
DPEM 00572,Cyberthreat Intelligence and Response Operations,3,,,
DPEM 00581,Disaster Mental Health,3,,,
DPEM 00600,Public Budgeting and Finance for Emergency Managers,3,,,
DPEM 00603,"Disaster, Risk, and Vulnerability Theory",3,,,
DPEM 00605,Disaster Public Health,3,,,
DPEM 00610,Advanced Exercise Design and Evaluation,3,,,
DPEM 00615,Management of First Responder Organizations,3,,,
DPEM 00616,Cyberwarfare and Cyber Defense,3,,,
DPEM 00617,Critical Infrastructure and Cyberdefense,3,,,
DPEM 00618,National Security Issues in Cybersecurity,3,,,
DPEM 00619,Violent Intruder and Mass Casualty in School Settings,3,,,
DPEM 00622,School-Based Threat Assessment and Planning,3,,,
DPEM 00624,Trauma-Informed Crisis and Emergency Response,3,,,
DPEM 00631,"Security, Securitization, and Migration in Emergency Management and Homeland Security",3,,,
DPEM 00632,Disaster Recovery Strategies and Planning for Emergency Managers,3,,,
DPEM 00633,"Global Crisis Monitoring, Conflict Analysis and Early Warning Systems",3,,,
DPEM 00634,Rural Emergency Management,3,,,
DPEM 00635,Urban Emergency Management,3,,,
DPEM 00639,Post-Disaster Sustainable Recovery and Community Resilience,3,,,
DPEM 00645,Advanced Incident Command: Leadership and Ethics,3,,,
DPEM 00646,Fire Services Executive Leadership Clinical,3,,,
DPEM 00651,"Foundations of Global Threats, Risks and Response",3,,,
DPEM 00652,Continuity of Operations,3,,,
DPEM 00655,Threat Assessment in Homeland Security,3,,,
DPEM 00660,"Border Control Management, Migration, and Human Rights",3,,,
DPEM 00668,Theory and Principles in Emergency Management and Homeland Security,3,,,
DPEM 00669,Program Evaluation,3,,,
DPEM 00670,Fire Services Administration,3,,,
DPEM 00671,Advanced Fire Services Administration and Community Risk Reduction,3,,,
DPEM 00672,Child and Family Resilience in Disaster Management,3,,,
DPEM 00673,Industrial Emergency Planning and Management,3,,,
DPEM 00674,Advanced Seminar in Hazard Mitigation,3,,,
DPEM 00675,Disaster Analytics: Evidence-Based Emergency Management and Professional Practice,3,,,
DPEM 00676,Disaster and Crisis Forensics,3,,,
DPEM 00679,Critical Infrastructure Protection and National Security,3,,,
DPEM 00680,Capstone Experience in Emergency and Threat Response Management,3,,,
DPEM 00681,Advanced Topics in Crisis Management,3,,,
DPEM 00689,Thesis: Emergency and Threat Response Management I,3,,,
DPEM 00691,Administrative Public Policy and Law for Public Managers,3,,,
DPEM 00692,Labor Relations and Collective Bargaining,3,,,
DPEM 00699,Thesis: Emergency and Threat Response Management II,3,,,
DPEM 43355,"Emergency Exercises-Design, Implementation and Evaluation",3,,,
DPEM 43395,Emergency Operations and Business Continuity,3,,,
CJ 09529,Community Justice,3,Criminal Justice,,
CJ 09530,International Criminal Law Seminar,3,Criminal Justice,,
CJ 09531,Sentencing: Philosophy and Policy,3,Criminal Justice,,
CJ 09532,"Race, Ethnicity, Class and Justice",3,Criminal Justice,,
CJ 09600,Independent Study,1,Criminal Justice,,
CJ 09601,Master’s Thesis in Criminal Justice I,3,Criminal Justice,,
CJ 09602,Master’s Thesis in Criminal Justice II,3,Criminal Justice,,
CURR 29504,Understanding Adult Learning and Development,3,Curriculum,,
CURR 29590,Curriculum Evaluation,3,Curriculum,,
DA 01350,Research Methods and Ethical Issues in Data Analytics,3,Data Analytics,,
DA 01451,Risk Simulation Queuing,3,Data Analytics,,
DA 01453,Forecasting Analytics,3,Data Analytics,,
DA 01454,Customer and Client Analytics,3,Data Analytics,,
DA 01491,Data Analytics Capstone I,3,Data Analytics,,
DA 01492,Data Analytics Capstone II - WI,3,Data Analytics,,
DA 01505,Data Science Capstone Practicum,3,Data Analytics,,
DA 03510,Patient Data Understanding,3,Data Analytics,,
DA 03511,Patient Data Privacy and Ethics,3,Data Analytics,,
DS 01100,Introduction to Data Science,3,Data Science,,
DS 01101,In-Depth Introduction to Data Science,4,Data Science,,
DS 01390,Data Science Research I,3,Data Science,,
DS 01490,Data Science Research II,3,Data Science,,
DS 01505,Data Analytics Capstone Practicum,3,Data Science,,
DS 02395,Topics in Data Science,1,Data Science,,
DS 02510,Visual Analytics,3,Data Science,,
DS 02695,Advanced Topics in Data Science,1,Data Science,,
DS 02799,Doctoral Research and Dissertation,1,Data Science,,
DS 03650,Thesis I in Data Science,3,Data Science,,
DS 03651,Thesis II in Data Science,3,Data Science,,
DS 03652,Thesis III in Data Science,3,Data Science,,
ART 02100,Drawing I: Representational Drawing,3,,,
ART 02105,Color and Design: Two Dimensional,3,,,
ART 02110,Figure Drawing,3,,,
ART 02200,Expressive Drawing,3,,,
ART 02211,Intermediate Drawing IV,3,,,
ART 02220,Introduction to Painting,3,,,
ART 02222,Studio Core Portfolio Review,0,,,
ART 02239,Introduction to Glass Working,3,,,
ART 02240,Introduction to Sculpture,3,,,
ART 02245,Intermediate Figure Sculpture,3,,,
ART 02260,Introduction to Printmaking,3,,,
ART 02300,Workshop in Art,3,,,
ART 02301,Intermediate Sculpture,3,,,
ART 02304,Intermediate Glass Working,3,,,
ART 02315,Intermediate Painting,3,,,
ART 02317,Intermediate Printmaking,3,,,
ART 02318,Special Topics in Printmaking,3,,,
ART 02325,Intermediate Figure/Life Painting and Drawing,3,,,
ART 02327,Introduction to Watercolor,3,,,
ART 02332,Mural Painting,3,,,
ART 02400,Independent Study,0.5,,,
ART 02401,Advanced Sculpture,3,,,
ART 02414,Advanced Painting,3,,,
ART 02430,Advanced Printmaking,3,,,
ART 02535,Advanced Graduate Problems in Art,2,,,
ART 02560,Independent Study-Art,3,,,
ART 09200,Theory and Analysis of Art Education,3,,,
ART 09201,Community Art Education for Elementary through Middle Grades,3,,,
ART 09202,Community Art Education for Secondary Grades,3,,,
ART 09210,Introduction to Metals and Jewelry,3,,,
ART 09212,Jewelry and Metal Casting,3,,,
ART 09228,Introduction to Illustration,3,,,
ART 09240,Introduction to Ceramics,3,,,
ART 09251,Introduction to Figure Anatomy for the Artist,3,,,
ART 09252,Introduction to Natural Science & Zoological Illustration,3,,,
ART 09253,Introduction to Digital 3D Modeling,3,,,
ART 09301,Digital Media and Techniques,3,,,
ART 09303,Professional Practices in Art I,3,,,
ART 09304,Digital Painting,3,,,
ART 09306,Special Topics in Art,1,,,
ART 09307,Special Topics in Art Studio,1,,,
ART 09308,Color Theory,3,,,
ART 09311,Intermediate Metals and Jewelry,3,,,
ART 09314,Special Topics in Metals/Jewelry,3,,,
ART 09322,Public Art and Social Practice Studio,3,,,
ART 09323,Public Art and Social Practice,3,,,
ART 09324,Art and Environment Studio,3,,,
ART 09326,Art and Environment,3,,,
ART 09327,Visual Narrative,3,,,
ART 09329,"Smell Studio - Art, Nature, Place",3,,,
ART 09336,Intermediate Illustration,3,,,
ART 09343,Introduction to Graphic Design I,3,,,
ART 09344,Intermediate Graphic Design II: Typography,3,,,
ART 09346,Computer Aided Design (CAD): 3D Modeling for the Artist/Designer,3,,,
ART 09349,Intermediate Graphic Design III: Visual Identity,3,,,
ART 09350,Intermediate Graphic Design IV: Packaging,3,,,
ART 09352,Intermediate Ceramics,3,,,
ART 09354,Special Topics in Graphic Design,1,,,
ART 09355,Enameling I,3,,,
ART 09356,Introduction to Digital Rendering and Illustration Methods,3,,,
ART 09358,Web Design: Designing For The World Wide Web,3,,,
ART 09359,Design: Interactivity and Motion Graphics,3,,,
ART 09360,Storyboarding & Animation,3,,,
ART 09361,Scientific and Medical Sculpture,3,,,
ART 09363,Advanced Graphic Design V: Publication Design,3,,,
ART 09364,Advanced Graphic Design VI: Infographics and Professional Practice,3,,,
ART 09365,Motion Graphics I,3,,,
ART 09366,Introduction to 3D Animation,3,,,
ART 09373,Advanced Problems in Biomedical Art,3,,,
ART 09390,Work In Progress Review,0,,,
CS 04321,Software Engineering I,4,Computer Science,,
CS 04323,Modern Software Development,,Computer Science,,
CS 04350,Blockchain Programming,3,Computer Science,,
CS 04372,Advanced Android Programming,3,Computer Science,,
CS 04376,Advanced iOS Application Programming,3,Computer Science,,
CS 04380,Object Oriented Design,3,Computer Science,,
CS 04391,Parallel and Concurrent Programming,3,Computer Science,,
CS 04394,Distributed Systems,3,Computer Science,,
CS 04400,Computer Science - Senior Project,3,Computer Science,,
CS 04401,Compiler Design,3,Computer Science,,
CS 04444,Human-Computer Interaction,3,Computer Science,,
CS 04471,Topics in Mobile Programming,3,Computer Science,,
CS 04515,Embedded Systems Programming,3,Computer Science,,
CS 04524,Agile Software Engineering,3,Computer Science,,
CS 04548,"Programming Languages: Theory, Implementation and Application",3,Computer Science,,
CS 04563,Parallel and Concurrent Programming,3,Computer Science,,
CS 04564,Compiler Design Theory,3,Computer Science,,
CS 04565,Systems Programming,3,Computer Science,,
CS 04580,Human Centered Computing,3,Computer Science,,
CS 04590,Computer Game Design and Development,3,Computer Science,,
CS 04605,Advanced Web Programming,3,Computer Science,,
CS 04623,Advanced Software Engineering,3,Computer Science,,
CS 04670,Advanced Object Oriented Design,3,Computer Science,,
CS 06205,Computer Organization,3,Computer Science,,
CS 06210,Advanced Computing Technologies,3,Computer Science,,
CS 06310,Principles of Digital Computers,3,Computer Science,,
CS 06390,Introduction to Systems Simulation and Modeling,3,Computer Science,,
CS 06395,Operating Systems,3,Computer Science,,
CS 06420,Embedded Systems Programming,3,Computer Science,,
CS 06447,Introduction to IoT Upper Stack,3,Computer Science,,
CS 06560,Design/Implement Operating Systems,3,Computer Science,,
CS 07210,Foundations of Computer Science,3,Computer Science,,
CS 07310,Robotics,3,Computer Science,,
CS 07340,Design and Analysis of Algorithms,3,Computer Science,,
CS 07342,Algorithms for the Data Scientist,3,Computer Science,,
CS 07350,Computer Cryptography,3,Computer Science,,
CS 07422,Theory of Computing,3,Computer Science,,
CS 07450,Artificial Intelligence (AI),3,Computer Science,,
CS 07455,Machine Learning,3,Computer Science,,
CS 07459,Models of Deep Learning,3,Computer Science,,
CS 07460,Computer Vision,3,Computer Science,,
CS 07510,Mathematical Foundations of Computer Science,3,Computer Science,,
CS 07530,Computer Science Thesis I,3,Computer Science,,
CS 07540,Advanced Design and Analysis of Algorithms,3,Computer Science,,
CS 07556,Machine Learning I,3,Computer Science,,
CS 07559,Advanced Models of Deep Learning,3,Computer Science,,
CS 07565,Computer Vision,3,Computer Science,,
CS 07622,Advanced Theory of Computing,3,Computer Science,,
CS 07631,Computer Science Thesis II,3,Computer Science,,
CS 07632,Computer Science Thesis III,3,Computer Science,,
CS 07645,Advanced Robotics,3,Computer Science,,
CS 07650,Concepts in Artificial Intelligence,3,Computer Science,,
CS 07652,Cryptographic Algorithms,3,Computer Science,,
CS 07655,Natural Language Processing,3,Computer Science,,
CS 07656,Machine Learning II,3,Computer Science,,
CS 07695,Advanced Topics in Computer Science,1,Computer Science,,
CS 08360,Introduction to Computer Graphics,3,Computer Science,,
CS 08380,Introduction to Computer Animation,3,Computer Science,,
CS 08390,Introduction to Computer Game Design and Development,3,Computer Science,,
CS 08560,Computer Graphics,3,Computer Science,,
CS 08680,Computer Animation,3,Computer Science,,
CS 09410,Data Communications and Networking,3,Computer Science,,
CS 09415,"Wireless Networks, Protocols and Applications",3,Computer Science,,
CS 09416,Tcp/Ip and Internet Protocols and Technologies,3,Computer Science,,
CS 09427,Principles of Network Security,3,Computer Science,,
CS 09510,Computer Networks,3,Computer Science,,
CS 09605,Wireless Networks and Systems,3,Computer Science,,
CS 09612,Network Security,3,Computer Science,,
CS 09675,TCP/IP and Internet Protocols and Technologies,3,Computer Science,,
CS 10200,Fundamentals of Network Security,3,Computer Science,,
CS 10250,Cryptography and Blockchain Essentials,3,Computer Science,,
CS 10271,Introduction to Android Programming,3,Computer Science,,
CS 10275,Introduction to iOS Application Programming,3,Computer Science,,
CS 10310,Introduction to Web Development,3,Computer Science,,
CS 10337,Applied Database Technologies,3,Computer Science,,
CS 10338,SQL In-depth,1,Computer Science,,
CS 10339,Database Modeling and Design,2,Computer Science,,
CS 10340,Systems Administration,3,Computer Science,,
CS 10342,Web Server Platforms,3,Computer Science,,
CS 10344,Concepts of Computing Technologies,3,Computer Science,,
CS 10430,Computing and Informatics Capstone Experience,3,Computer Science,,
CS 60600,STEM Teaching and Research Methods III: Computer Science,5,Computer Science,,
CS 99210,Introductory Learning Assistant Experience in Computer Science,1,Computer Science,,
CS 99300,Computer Field Experience,3,Computer Science,,
CS 99310,Advanced Learning Assistant Seminar in Computer Science,3,Computer Science,,
CS 99390,Computer Science Research I,1,Computer Science,,
CS 99490,Computer Science Research II,3,Computer Science,,
CST 01110,Information Technology Foundations,3,,,
CST 01111,Computer Hardware and Operations,3,,,
CST 02110,Implementations of SQL I,3,,,
CST 02210,Implementations of SQL II,3,,,
CST 02220,Database Administration I,3,,,
CST 02230,Database Development,3,,,
CST 02250,Database Security,3,,,
CST 02320,Database Administration II,3,,,
CST 02330,Database Programming,3,,,
CST 02400,Database Warehouse Principles,3,,,
CST 03201,Security+,3,,,
CST 03215,Penetration Testing Fundamentals,3,,,
CST 03218,Ethical Hacking Fundamentals,3,,,
CST 03252,Foundations of Computer Forensics,3,,,
CST 03253,Applications for Computer Forensics,3,,,
CST 03270,Introduction to Intrusion Detection,3,,,
CST 03315,Advanced Penetration Testing,3,,,
CST 03352,Digital Incident Handling,3,,,
CST 03370,IDS/IPS Administration,3,,,
CST 03372,Knowledge Management in IDS/IPS,3,,,
CST 03410,Cyber Defense,3,,,
CST 03418,Advanced Topics in Ethical Hacking,3,,,
CST 03452,Advanced Digital Forensics Investigation,3,,,
CST 03472,IDS/IPS for Cloud,3,,,
CST 06220,Linux/Unix Essentials,3,,,
CST 06225,Linux/Unix Administration,3,,,
CST 06230,Microcomputer Operating Systems I: Workstation,3,,,
CST 06235,Microcomputer Operating Systems II: Server Systems,3,,,
CST 06240,Linux Systems and Services,3,,,
CST 06340,Introduction to Azure Cloud Services,3,,,
CST 06343,Azure Management Tools and Security,3,,,
CST 06440,"Azure Security, Compliance, and Identity",3,,,
CST 09210,Introduction to Computer Networks and Data Communications,3,,,
CST 09290,Intermediate Networking,3,,,
CST 09310,Network Support and Troubleshooting,3,,,
CST 09320,"Network Architectures, Models, and Protocols",3,,,
CST 09325,Network Communication and Configuration,3,,,
CST 09430,"Switching, Routing and Wireless Essentials",3,,,
CST 09435,"Enterprise Networking, Security, and Automation",3,,,
CM 01301,Fundamentals of the Construction Industry I,3,Construction Management,,
CM 01302,Fundamentals of the Construction Industry II,3,Construction Management,,
CM 01303,Project Building Systems,3,Construction Management,,
CM 01304,Project Administration,3,Construction Management,,
CM 01305,Construction Cost Estimating,3,Construction Management,,
CM 01306,Construction Project Planning and Scheduling,3,Construction Management,,
CM 01407,Advanced Leadership and Communication,3,Construction Management,,
CM 01408,Industrial Relations in the Construction Industry,3,Construction Management,,
CM 01409,Building Energy Systems for Construction Managers,3,Construction Management,,
CM 01410,Building Construction Systems and Codes,3,Construction Management,,
CM 01411,Construction Safety and Loss Prevention,3,Construction Management,,
CM 01412,Capstone Project - WI,3,Construction Management,,
CM 04201,Construction Blueprint Reading,3,Construction Management,,
CM 04202,Understanding Construction Specifications,3,Construction Management,,
CM 04203,Fundamentals of Surveying,3,Construction Management,,
CM 04204,Soil Mechanics,3,Construction Management,,
COUN 26450,Mental Health Awareness and (Emotional) Crisis Management in Educational Settings,3,,,
COUN 26451,Trauma Informed Practices to Promote Social Emotional Development in Educational Settings,3,,,
COUN 26452,Neurodiverse Learning and Social Emotional Development in Educational Settings,3,,,
COUN 26453,Promoting Self-Care and Wellness in Educational and Professional Settings,3,,,
COUN 26501,Introduction to Counseling and Guidance,3,,,
COUN 26509,Group Counseling in Educational Settings,3,,,
COUN 26520,Design and Coordination of Developmental Counseling Programs,3,,,
COUN 26523,Counseling Interviewing Skills and Techniques,3,,,
COUN 26524,Assessment and Appraisal Procedures in Counseling in Educational Settings,3,,,
COUN 26525,Multicultural Counseling and Advocacy in Educational Settings,3,,,
COUN 26526,Individual Counseling Procedures,3,,,
COUN 26527,Practicum in Counseling in Educational Settings,3,,,
COUN 26540,Post-Secondary and College Counseling,3,,,
COUN 26550,Introduction to Play Therapy,3,,,
COUN 26582,Career Counseling in Educational Settings,3,,,
COUN 26597,Intervention and Referral Services/School Teams and Community Resources,3,,,
COUN 26601,Internship in Counseling in Educational Settings (Fall),3,,,
COUN 26603,Research and Evaluation Procedures in Counseling in Educational Settings,3,,,
COUN 26605,Special Topics in Counseling in Educational Settings,1,,,
COUN 26606,"Ethics, Leadership, and Advocacy",3,,,
COUN 26607,Children and Adolescent Counseling in Schools and Communities,3,,,
COUN 26608,Diagnosis in Educational Setting,3,,,
COUN 26609,Internship in Counseling in Educational Settings (Spring),3,,,
COUN 26650,Mental Health Awareness and (Emotional) Crisis,3,,,
COUN 26651,Trauma Informed Practices for Social Emotional Development in Educational Settings,3,,,
COUN 26652,Neurodiverse Learning and Social Emotional Development in Educational Settings,3,,,
COUN 26653,Promoting Self-Care and Wellness in Educational and Professional Settings,3,,,
COUN 26654,An Ecological Approach to Family and Systems Counseling in Educational Settings,3,,,
CRTY 10801,Creativity Immersion,3,Creativity,,
CRTY 10821,Dissertation Proposal Development,3,Creativity,,
CRTY 10822,Dissertation Literature,5,Creativity,,
CRTY 10831,Dissertation Methods I,5,Creativity,,
CRTY 10832,Dissertation Methods II,5,Creativity,,
CRTY 10835,Creativity Paradigms I,1,Creativity,,
CRTY 10836,Creative Paradigms II,1,Creativity,,
CRTY 10841,Dissertation Research I,5,Creativity,,
CRTY 10842,Dissertation Research II,5,Creativity,,
CRTY 10843,Dissertation Research III,5,Creativity,,
CRTY 10851,Dissertation Writing I,5,Creativity,,
CRTY 10852,Dissertation Writing II,5,Creativity,,
CRTY 10891,Dissertation Defense,0,Creativity,,
CJ 09510,Contemporary Issues In Criminal Justice,3,Criminal Justice,,
CJ 09511,Research Methods I,3,Criminal Justice,,
CJ 09512,Research Methods II,3,Criminal Justice,,
CJ 09515,Law and Society,3,Criminal Justice,,
CJ 09516,Administrative Law/Ethics,3,Criminal Justice,,
CJ 09517,Criminal Justice Policy Analysis,3,Criminal Justice,,
CJ 09518,Contemporary Developments in Theory,3,Criminal Justice,,
CJ 09519,Seminar in Criminal Justice Planning,3,Criminal Justice,,
CJ 09520,Courts And Supportive Agencies,3,Criminal Justice,,
CJ 09521,Prevention and Rehabilitation,3,Criminal Justice,,
CJ 09522,Seminar in Violence,3,Criminal Justice,,
CJ 09523,White-Collar Crime,3,Criminal Justice,,
CJ 09524,Police and Society,3,Criminal Justice,,
CJ 09525,"Altruism, Cooperation, and Criminal Justice",3,Criminal Justice,,
CJ 09526,Management of Criminal Justice Organizations,3,Criminal Justice,,
CJ 09527,Gender and Crime,3,Criminal Justice,,
CJ 09528,Seminar In Juvenile Justice and Delinquency,3,Criminal Justice,,
DPEM 43420,Risk Analysis for Disaster Preparedness and Homeland Security,3,,,
DPEM 43495,Internship in Disaster Preparedness and Emergency Management,3,,,
DPEM 43496,Advanced Internship in Disaster Preparedness and Emergency Management,3,,,
DI 68501,Introduction to Diversity and Inclusion,3,Diversity & Inclusion,,
DI 68520,Topics in Diversity and Inclusion,3,Diversity & Inclusion,,
DI 68590,Applied Diversity and Inclusion,3,Diversity & Inclusion,,
DI 68591,Capstone in Applied Diversity and Inclusion,3,Diversity & Inclusion,,
THD 07103,Voice for the Stage,3,Dramatic Arts,,
THD 07104,Acting Studio,1,Dramatic Arts,,
THD 07105,Introduction to Performance,3,Dramatic Arts,,
THD 07107,Introduction to Design for Performance,3,Dramatic Arts,,
THD 07108,Foundations of Acting,3,Dramatic Arts,,
THD 07111,Colloquium in Theatre I,0.5,Dramatic Arts,,
THD 07112,Colloquium in Theatre II,0.5,Dramatic Arts,,
THD 07113,Colloquium in Theatre III,0.5,Dramatic Arts,,
THD 07114,Colloquium in Theatre IV,0.5,Dramatic Arts,,
THD 07115,Colloquium in Theatre V,0.5,Dramatic Arts,,
THD 07116,Colloquium in Theatre VI,0.5,Dramatic Arts,,
THD 07130,The Living Theatre,3,Dramatic Arts,,
THD 07195,Exploring Social Issues Through Theatre,3,Dramatic Arts,,
THD 07201,Introduction to Theatre and Dance,3,Dramatic Arts,,
THD 07202,Script Analysis,3,Dramatic Arts,,
THD 07203,Costuming I,1.5,Dramatic Arts,,
THD 07205,Costuming II,1.5,Dramatic Arts,,
THD 07206,Speech and Dialects,3,Dramatic Arts,,
THD 07210,Introduction to CAD for Entertainment Design,3,Dramatic Arts,,
THD 07215,Experiencing Acting,3,Dramatic Arts,,
THD 07216,Experiencing Acting II,3,Dramatic Arts,,
THD 07230,Stagecraft Fundamentals,3,Dramatic Arts,,
THD 07231,Stagecraft II,1.5,Dramatic Arts,,
THD 07232,Stagecraft III,1.5,Dramatic Arts,,
THD 07233,Stagecraft IV,1.5,Dramatic Arts,,
THD 07234,Stagecraft V - Intermediate Concepts,1.5,Dramatic Arts,,
THD 07235,Acting I (Majors Only),3,Dramatic Arts,,
THD 07236,Acting II,3,Dramatic Arts,,
THD 07240,Practicum - Performance Ensemble,0,Dramatic Arts,,
THD 07241,Practicum - Production Ensemble,0,Dramatic Arts,,
THD 07245,Stage Makeup,2,Dramatic Arts,,
THD 07246,Stage Combat,3,Dramatic Arts,,
THD 07247,Costume Construction,3,Dramatic Arts,,
THD 07250,Introduction to Theatre Education,3,Dramatic Arts,,
THD 07255,Stage Management,3,Dramatic Arts,,
THD 07270,Theatre Study Off-Campus,1,Dramatic Arts,,
THD 07300,Drawing and Rendering for the Theatre,3,Dramatic Arts,,
THD 07301,"African, African-American Theatre: Intercultural Definitions",3,Dramatic Arts,,
THD 07305,"Drafting, CAD and Model Making for the Theatre",3,Dramatic Arts,,
THD 07310,Foundations of Theatrical Design,3,Dramatic Arts,,
THD 07325,Painting Scenery for the Theatre,3,Dramatic Arts,,
THD 07335,Advanced Acting,3,Dramatic Arts,,
THD 07336,Stagecraft VI - Intermediate Concepts,1.5,Dramatic Arts,,
THD 07338,Touring the Theatre Production,3,Dramatic Arts,,
THD 07339,Theatre History I,3,Dramatic Arts,,
THD 07340,Theatre History II,3,Dramatic Arts,,
THD 07345,Rehearsal and Performance,0.5,Dramatic Arts,,
THD 07350,Scene Design Studio,3,Dramatic Arts,,
THD 07353,Stage Lighting Design and Practice,3,Dramatic Arts,,
THD 07354,Costume Construction,1.5,Dramatic Arts,,
THD 07356,Costume Design,3,Dramatic Arts,,
THD 07359,Fundamentals of Entertainment Technology I,3,Dramatic Arts,,
THD 07360,Musical Theatre,3,Dramatic Arts,,
THD 07363,Singing for the Actor,3,Dramatic Arts,,
THD 07364,Acting for the Musical Theatre,3,Dramatic Arts,,
THD 07365,Theatre Management,3,Dramatic Arts,,
THD 07366,Entrepreneurship for the Artist,3,Dramatic Arts,,
THD 07369,Devising,3,Dramatic Arts,,
THD 07370,Independent Study,1,Dramatic Arts,,
THD 07375,Theatre Workshop,3,Dramatic Arts,,
THD 07376,Seminar in Dramatic Styles,3,Dramatic Arts,,
THD 07401,Independent Study-Theatre/Dance,1,Dramatic Arts,,
THD 07405,Seminar in Theatre,3,Dramatic Arts,,
THD 07410,Internship in Theatre,3,Dramatic Arts,,
THD 07430,Directing I,3,Dramatic Arts,,
THD 07431,Directing II,3,Dramatic Arts,,
THD 07432,"Avant-Garde Performance: History, Theory, and Practice",3,Dramatic Arts,,
THD 07435,Creative Dramatics,3,Dramatic Arts,,
THD 07436,Stagecraft VII - Advanced Concepts,1.5,Dramatic Arts,,
THD 07437,Stagecraft VIII - Advanced Concepts,1.5,Dramatic Arts,,
THD 07440,Contemporary World Theatre - WI,3,Dramatic Arts,,
THD 07442,Theatre of the Holocaust - WI,3,Dramatic Arts,,
THD 07453,Advanced Theatre Education,3,Dramatic Arts,,
THD 07455,Professional Preparation for Actors,3,Dramatic Arts,,
THD 07460,Senior Project in Theatre Arts,2,Dramatic Arts,,
THD 07480,Internship in Theatre,15,Dramatic Arts,,
THD 07505,Independent Study in Graduate Theatre and Arts Administration,1,Dramatic Arts,,
THD 07511,Production/Performance/Arts Administration Project,3,Dramatic Arts,,
THD 07515,Internship in the Arts,3,Dramatic Arts,,
THD 07520,Thesis Research and Writing,3,Dramatic Arts,,
THD 07530,Arts Administration Leadership,3,Dramatic Arts,,
THD 07531,Producing and the Arts,3,Dramatic Arts,,
THD 07532,Arts Planning: An Elegant Process,3,Dramatic Arts,,
THD 07533,Audience Development,3,Dramatic Arts,,
THD 07534,Education and Outreach Programs in the Arts,3,Dramatic Arts,,
THD 07535,Curatorial Practice in the Arts,3,Dramatic Arts,,
THD 07536,Fundraising and Development for the Arts,3,Dramatic Arts,,
THD 07537,Advocacy and Arts Policy,3,Dramatic Arts,,
THD 07542,Theatre of the Holocaust,3,Dramatic Arts,,
THD 07551,Devised Performance Ensemble I,9,Dramatic Arts,,
THD 07552,Devised Performance Ensemble II,9,Dramatic Arts,,
THD 07553,Devised Performance Ensemble III,9,Dramatic Arts,,
THD 07554,Devised Performance Ensemble IV,9,Dramatic Arts,,
ENGL 02311,British Literature II,3,English,,
ENGL 02313,US Literature I,3,English,,
ENGL 02315,US Literature II,3,English,,
ENGL 02317,Children’s Literature: Texts and Contexts,3,English,,
ENGL 02322,Literature of the American Renaissance,3,English,,
ENGL 02324,American Realism and Naturalism,3,English,,
ENGL 02327,Modern and Contemporary American Poetry,3,English,,
ENGL 02330,Classical Literature in Translation,3,English,,
ENGL 02340,Literary Theory,3,English,,
ENGL 02345,Shakespeare I,3,English,,
ENGL 02360,Asian American Literature,3,English,,
ENGL 02362,Native American Literature,3,English,,
ENGL 02365,U.S. Latino/a Literature,3,English,,
ENGL 02380,African American Literature,3,English,,
ENGL 02392,Independent Study (English),1,English,,
ENGL 02410,Internship in English,3,English,,
ENGL 02417,Special Topics in Literature,3,English,,
ENGL 02424,American Drama,3,English,,
ENGL 02425,Contemporary Literature,3,English,,
ENGL 02430,Anglo-Saxon and Medieval Literature,3,English,,
ENGL 02440,Chaucer,3,English,,
ENGL 02441,English Renaissance Literature,3,English,,
ENGL 02445,Shakespeare II,3,English,,
ENGL 02460,British Literature: The Long Eighteenth Century,3,English,,
ENGL 02470,Special Topics in Multiethnic Literatures of the United States,3,English,,
ENGL 02471,English Romanticism,3,English,,
ENGL 02472,Victorian Literature,3,English,,
ENGL 02473,Global Modernisms,3,English,,
ENGL 02475,Special Topics in Global Literatures in English,3,English,,
ENGL 02482,Modern European Literature,3,English,,
ENGL 02493,Practical Criticism,3,English,,
ENGL 02499,Senior Seminar - WI,3,English,,
ENGL 02530,"Diversity, Equity, and Inclusion in U.S. Literature",3,English,,
ENGL 02605,Graduate Studies in Adolescent Literature,3,English,,
ENGL 02617,Teaching Shakespeare,3,English,,
ENGL 02638,Teaching World Literature,3,English,,
ENGL 05301,American English Grammar,3,English,,
ENGL 05501,Teaching American English Grammar,3,English,,
ENT 06110,Interdisciplinary Perspectives on Entrepreneurship,3,Entrepreneurship,,
ENT 06240,Entrepreneurship and Innovation,3,Entrepreneurship,,
ENT 06312,Scaling New Ventures,3,Entrepreneurship,,
ENT 06325,Entrepreneurship Mentorship Program,3,Entrepreneurship,,
ENT 06326,Entrepreneurship and Small Business Management,3,Entrepreneurship,,
ENT 06327,Small and Family Business Venturing,3,Entrepreneurship,,
ENT 06328,Evaluating Franchising Opportunities,3,Entrepreneurship,,
ENT 06333,Special Topics in Entrepreneurship,0,Entrepreneurship,,
ENT 06342,Financing and Legal Aspects of Entrepreneurship,3,Entrepreneurship,,
ENT 06344,Global Entrepreneurship Growth Strategies,3,Entrepreneurship,,
ENT 06346,Social Entrepreneurship,3,Entrepreneurship,,
ENT 06347,Real Estate Entrepreneurship,3,Entrepreneurship,,
ENT 06348,Foundations of Real Estate,3,Entrepreneurship,,
ENT 06349,Real Estate Licensure Exam Prep,3,Entrepreneurship,,
ENT 06351,Entrepreneurship in the Cannabis Industry,3,Entrepreneurship,,
ENT 06352,Business Models in Cannabis,3,Entrepreneurship,,
ENT 06361,Supervised Internship in Entrepreneurship,3,Entrepreneurship,,
ENT 06404,Independent Study,1,Entrepreneurship,,
ENT 06415,Entrepreneurship Capstone,3,Entrepreneurship,,
ENT 06426,New Venture Development,3,Entrepreneurship,,
ENT 06450,Technology Entrepreneurship,3,Entrepreneurship,,
ENT 06505,Entrepreneurship and Innovation,3,Entrepreneurship,,
ENT 06506,Corporate Entrepreneurship,3,Entrepreneurship,,
ENT 06520,Evolution of the Cannabis Industry,3,Entrepreneurship,,
ENT 06521,Business Model Innovation Cannabis,3,Entrepreneurship,,
ENT 06555,Driving Innovation,3,Entrepreneurship,,
ENT 06599,Special Topics in Entrepreneurship,0,Entrepreneurship,,
EVSC 01101,Planet in Peril: Environmental Science in the 21st Century,3,Environmental Science,,
EVSC 01110,The Environmental Experience,1,Environmental Science,,
EVSC 01115,Environment in the Headlines,1,Environmental Science,,
EVSC 01120,Oceans in Crisis,3,Environmental Science,,
EVSC 01121,Global Environmental Change,3,Environmental Science,,
EVSC 01122,Future of Food,3,Environmental Science,,
EVSC 01125,Pollution,3,Environmental Science,,
EVSC 01202,Environmental Science Research Methods and Data Analysis,4,Environmental Science,,
EVSC 01220,Global Climate Crisis,3,Environmental Science,,
EVSC 01225,Global Field Study,0,Environmental Science,,
EVSC 01290,Special Topics in Environmental Science,3,Environmental Science,,
EVSC 01305,Contaminants in the Environment,4,Environmental Science,,
EVSC 01310,Internship Experience in Environmental Science,3,Environmental Science,,
EVSC 01315,Foraging for Edible Plants,3,Environmental Science,,
EVSC 01325,Renewable Energy in the Northeast,3,Environmental Science,,
EVSC 01326,Energy Transitions and Environmental Tradeoffs,3,Environmental Science,,
EVSC 01330,Scientific Computing and Analytics in Environmental Science,3,Environmental Science,,
EVSC 01350,Field Methods in Environmental Science,4,Environmental Science,,
EVSC 01379,Soil Science,4,Environmental Science,,
EVSC 01380,Principles of Atmospheric and Climate Science,4,Environmental Science,,
EVSC 01381,"Sea-Level Change: Past, Present, and Future",3,Environmental Science,,
EVSC 01382,Understanding and Analyzing Climate Change Impacts,4,Environmental Science,,
EVSC 01385,Oceans,4,Environmental Science,,
EVSC 01386,Climate and Coasts,3,Environmental Science,,
EVSC 01410,Environmental Science Clinic,3,Environmental Science,,
EVSC 01411,Independent Research in Environmental Science,3,Environmental Science,,
EVSC 01412,Research Capstone in Environmental Science,3,Environmental Science,,
EVSC 01420,Environmental Science Senior Seminar,3,Environmental Science,,
EVSC 01425,The Shaping of Earth Systems,3,Environmental Science,,
EVSC 01430,Radioactivity in the Environment,3,Environmental Science,,
EVSC 01435,Aquatic Biogeochemistry,3,Environmental Science,,
EVSC 01436,Stream Ecology,4,Environmental Science,,
EVSC 01442,Persistence and Cycling of Environmental Pollutants,3,Environmental Science,,
EVSC 01485,Principles of Environmental Science Consulting,3,Environmental Science,,
EVSC 01490,Advanced Special Topics in Environmental Science,3,Environmental Science,,
POSC 07401,Contemporary Political Thought,3,Political Science,,
POSC 07410,Selected Problems In Constitutional Law,3,Political Science,,
POSC 07420,International Law,3,Political Science,,
POSC 07421,International Organizations,3,Political Science,,
POSC 07441,Political Problems Of Modern Africa,3,Political Science,,
POSC 07489,Seminar in Political Science - WI,3,Political Science,,
POSC 07530,Colloquium in Political Science,3,Political Science,,
PMED 01210,Introduction to Public Health,3,Pre-Medical Studies,,
PMED 01220,Applied Medical Ethics,3,Pre-Medical Studies,,
PMED 01310,"Medical Biochemistry, A Clinical Approach",3,Pre-Medical Studies,,
PMED 01320,Cellular Basis of Molecular and Regenerative Medicine,3,Pre-Medical Studies,,
PMED 01410,Medical Genetics,3,Pre-Medical Studies,,
PMED 01420,Human Physiology,3,Pre-Medical Studies,,
PMED 01430,Medical Microbiology,3,Pre-Medical Studies,,
PMED 01440,Mechanisms of Disease,3,Pre-Medical Studies,,
PSY 00371,Social Psychology of Sport,3,Psychology,,
PSY 01105,The Psychology of Ethnic Identity and Community In America,3,Psychology,,
PSY 01107,Essentials of Psychology,3,Psychology,,
PSY 01108,Essentials of Psychology for Pre-Health Students,3,Psychology,,
PSY 01199,Navigating Psychology,1,Psychology,,
PSY 01200,Psychology of Women and Cultural Experience,3,Psychology,,
PSY 01230,Psychology of Personality,3,Psychology,,
PSY 01235,African American Psychology,3,Psychology,,
PSY 01301,Psychology of Scientific Thinking,3,Psychology,,
PSY 01305,Psychology and Law,3,Psychology,,
PSY 01310,"Psychology of Racism and Ethnocentrism: Causes, Development, Consequences, Solutions",3,Psychology,,
PSY 01326,Perception,3,Psychology,,
PSY 01327,Cognitive Psychology,3,Psychology,,
PSY 01329,Health Psychology,3,Psychology,,
PSY 01331,Occupational Health Psychology,3,Psychology,,
PSY 01336,Positive Psychology,3,Psychology,,
PSY 01399,Special Topics in Psychology,1,Psychology,,
PSY 01419,Independent Study in Psychology,5,Psychology,,
PSY 01420,Advanced Research I-WI,3,Psychology,,
PSY 01421,Advanced Research II-WI,3,Psychology,,
PSY 01422,Field Experiences in Psychology,3,Psychology,,
PSY 01423,Seminar in Psychology: Topics,3,Psychology,,
PSY 01424,Professional Issues in Applied Behavior Analysis,3,Psychology,,
PSY 01425,Fieldwork in Applied Behavior Analysis,3,Psychology,,
PSY 01426,Research Experience in Psychology,3,Psychology,,
PSY 01429,History and Systems in Psychology,3,Psychology,,
PSY 01499,Psychology Senior Capstone,1,Psychology,,
PSY 01500,Professional Skills for Behavior Analysts,3,Psychology,,
PSY 01510,"Philosophy, History, and Conceptual Foundations of Behavior Analysis",3,Psychology,,
PSY 01564,Counseling Theory and Techniques I,3,Psychology,,
PSY 01566,Counseling Theory and Techniques II,3,Psychology,,
PSY 01570,Research Methodology and Statistics in Counseling Psychology,3,Psychology,,
PSY 01572,Research Methodology and Statistics in Counseling Psychology I: Basics,3,Psychology,,
PSY 01574,Research Methodology and Statistics in Counseling Psychology II: Applied,3,Psychology,,
PSY 01612,Group Counseling and Psychotherapy,3,Psychology,,
PSY 01615,Professional Proseminar,1,Psychology,,
PSY 01620,"Legal, Ethical, and Professional Issues in Counseling",3,Psychology,,
PSY 01623,Psychopathology I: Diagnosis and Epidemiology,3,Psychology,,
PSY 01624,Psychopathology II: Conceptualization and Etiology,3,Psychology,,
PSY 01630,Family Systems Theory and Family Therapy,3,Psychology,,
PSY 01650,Practicum in Counseling,1,Psychology,,
PSY 01660,Practicum in Applied Behavior Analysis I,3,Psychology,,
PSY 01661,Practicum in Applied Behavior Analysis II,3,Psychology,,
PSY 01750,Multicultural Perspectives,3,Psychology,,
PSY 01855,Dissertation Research,1,Psychology,,
PSY 01856,Dissertation Continuation,1,Psychology,,
PSY 02200,Essential Skills for Behavior Technicians,3,Psychology,,
PSY 02300,Psychology as a Profession and Practice,3,Psychology,,
PSY 02305,Applied Behavior Analysis,3,Psychology,,
PSY 02310,Learning and Behavior,3,Psychology,,
PSY 02320,Single-Subject Research Methodology,3,Psychology,,
PSY 02325,Functional Behavior Assessment,3,Psychology,,
PSY 02500,Basic Principles of Behavior,3,Psychology,,
PSY 02510,Research Methods in Behavior Analysis,3,Psychology,,
PSY 02513,Clinical Addictions Assessment,3,Psychology,,
PSY 02520,Assessment and Interventions for Social Skills and Relationships in Children,3,Psychology,,
PSY 02523,Clinical Addictions Treatment,3,Psychology,,
PSY 02600,ABC’s of Applied Behavior Analysis,3,Psychology,,
PSY 02610,Applied Behavior Analysis,3,Psychology,,
PSY 02620,Behavioral Assessment and Functional Analysis,3,Psychology,,
PSY 02630,Experimental Foundations of Behavior Therapy of Psychology,3,Psychology,,
PSY 02633,Case Management in Addictions,3,Psychology,,
PSY 02643,Ethical Responsibility and Professional Development in Addictions,3,Psychology,,
PSY 02660,Research Project in Applied Behavior Analysis I,3,Psychology,,
PSY 02662,Research Project in Applied Behavior Analysis II,3,Psychology,,
PSY 02670,Ethics in Applied Behavior Analysis,3,Psychology,,
PSY 02671,"Behavioral Consultation, Supervision, and Management",3,Psychology,,
PSY 02672,Performance Management,3,Psychology,,
PSY 02680,Advanced Practice in Applied Behavior Analysis,3,Psychology,,
PSY 02690,Comprehensive Exam in Applied Behavior Analysis,1,Psychology,,
PSY 02706,Research Methods,3,Psychology,,
PSY 02710,Advanced Experimental Analysis of Behavior,3,Psychology,,
PSY 03200,Psychological Disorders,3,Psychology,,
PSY 03320,Introduction to Clinical and Counseling Psychology,3,Psychology,,
PSY 03400,Motivational Interviewing Processes in Psychology,3,Psychology,,
PSY 03403,Introduction to Clinical Skills in Psychology,3,Psychology,,
PSY 03406,Eating Disorders,3,Psychology,,
PSY 03415,Psychology in Film,3,Psychology,,
PSY 03518,Psychological Evaluation and Counseling Services to Combat Alcohol and Drug Abuse,3,Psychology,,
PSY 03624,Psychopathology of Children and Adolescents,3,Psychology,,
PSY 03701,Assessment I: Psychometrics and Cognitive Testing,3,Psychology,,
PSY 03704,Assessment II: Individual Differences and Personality,3,Psychology,,
PSY 03710,Intervention I: Foundational Clinical Skills,3,Psychology,,
PSY 03712,Intervention II: Evidence-Based Interventions with Adults,3,Psychology,,
PSY 03715,Intervention III: Evidence-Based Interventions with Children and Adolescents,3,Psychology,,
PSY 03717,Advanced Cognitive-Behavioral Assessment and Treatment,3,Psychology,,
PSY 03721,Professional Proseminar I,1,Psychology,,
PSY 03722,Professional Proseminar II,1,Psychology,,
PSY 03723,Professional Proseminar III,1,Psychology,,
PSY 03724,Professional Proseminar IV,1,Psychology,,
PSY 03725,Professional Proseminar V,1,Psychology,,
PSY 03726,Professional Proseminar VI,1,Psychology,,
PSY 03727,Professional Proseminar VII,1,Psychology,,
PSY 03728,Professional Proseminar VIII,1,Psychology,,
PSY 03740,"Professional, Ethical, and Legal Issues in Clinical Psychology",3,Psychology,,
PSY 03742,Introductory Practicum,3,Psychology,,
PSY 03743,Foundational Proseminar and Practicum I,3,Psychology,,
PSY 03744,Foundational Practicum,3,Psychology,,
PSY 03745,Foundational Proseminar and Practicum II,3,Psychology,,
PSY 03746,Foundational Practicum II,3,Psychology,,
PSY 03748,Foundational Practicum III,3,Psychology,,
PSY 03800,Intermediate Practicum,3,Psychology,,
PSY 03801,Intermediate Proseminar and Practicum I,3,Psychology,,
PSY 03802,Intermediate Practicum II,3,Psychology,,
PSY 03803,Intermediate Proseminar and Practicum II,3,Psychology,,
PSY 03804,Intermediate Practicum III,3,Psychology,,
PSY 03815,Thesis Research,1,Psychology,,
PSY 03820,Advanced Practicum,3,Psychology,,
PSY 03821,Advanced Proseminar and Practicum I,3,Psychology,,
PSY 03822,Advanced Practicum II,3,Psychology,,
PSY 03824,Advanced Practicum Continuation,1,Psychology,,
PSY 03825,Advanced Proseminar and Practicum II,3,Psychology,,
PSY 03830,Health Psychology,3,Psychology,,
PSY 03832,Behavioral Medicine,3,Psychology,,
PSY 03834,Neuropsychological Assessment,3,Psychology,,
PSY 03835,Pediatric Psychology,3,Psychology,,
PSY 03838,Health Care Models and Service Delivery,3,Psychology,,
PSY 03860,Internship,0,Psychology,,
PSY 03900,Advanced Seminar in Health Psychology and Behavioral Medicine,3,Psychology,,
PSY 03902,Advanced Seminar in Evidence Based Practice,3,Psychology,,
PSY 05205,Environmental Psychology,3,Psychology,,
PSY 05206,Social Psychology,3,Psychology,,
PSY 05310,Psychology of Human Sexuality,3,Psychology,,
PSY 05320,Introduction to Sport and Exercise Psychology,3,Psychology,,
PSY 05402,Psychology of Conflict and Conflict Resolution,3,Psychology,,
PSY 05410,Community Psychology,3,Psychology,,
PSY 05502,Fundamentals of Drug and Alcohol Abuse and Dependency,3,Psychology,,
PSY 05610,Social and Cultural Diversity,3,Psychology,,
PSY 05621,Social Issues in Health and Wellness,3,Psychology,,
PSY 05652,Advanced Seminar in Clinical Practice,3,Psychology,,
PSY 05700,Social Psychology,3,Psychology,,
PSY 06300,Psychological Tests and Measurements,3,Psychology,,
PSY 06533,Tests and Measurements,3,Psychology,,
PSY 06625,"Assessment I: Psychometrics, Evaluation, and Treatment Planning",3,Psychology,,
PSY 06626,"Assessment II: Assessment of Career/Vocational Interests, Treatments, and Programs",3,Psychology,,
PSY 07300,Psychology Learning Assistant Seminar,3,Psychology,,
PSY 07301,Statistics in Psychology,3,Psychology,,
PSY 07303,Research Methods in Psychology,3,Psychology,,
PSY 07400,Advanced Statistics in Psychology,3,Psychology,,
PSY 07714,Statistics for Clinical Psychology I: Univariate,3,Psychology,,
PSY 07740,Statistics for Clinical Psychology II: Multivariate and Advanced Statistics,3,Psychology,,
PSY 07745,Statistics in Clinical Psychology III - Advanced Multivariate,3,Psychology,,
PSY 08215,Consumer Psychology,3,Psychology,,
PSY 08220,Personnel Psychology,3,Psychology,,
PSY 08310,Industrial/Organizational Psychology,3,Psychology,,
PSY 09209,Child and Adolescent Development,3,Psychology,,
PSY 09210,Adolescent Development,3,Psychology,,
PSY 09218,Lifespan Development,3,Psychology,,
PSY 09305,Developmental Psychopathology,3,Psychology,,
PSY 09400,Introduction to Human Factors,3,Psychology,,
PSY 09401,Human Factors Methodology,3,Psychology,,
PSY 09500,Fundamentals of Human Factors,3,Psychology,,
PSY 09512,Developmental Psychology of Alcohol and Drug Abuse,3,Psychology,,
PSY 09523,Graduate Seminar in Psychology,3,Psychology,,
PSY 09524,Applied Statistics in Psychology I,3,Psychology,,
PSY 09525,Applied Statistics in Psychology II,3,Psychology,,
PSY 09526,Sensation and Perception,3,Psychology,,
PSY 09527,Human Cognition,3,Psychology,,
PSY 09560,Lifespan Development,3,Psychology,,
PSY 09595,Introduction to Counseling: Development of Basic Skills,3,Psychology,,
PSY 09600,Experimental Methods in Human Factors,3,Psychology,,
PSY 09601,Applications of Human Factors,3,Psychology,,
PSY 09699,Master’s Thesis Research,1,Psychology,,
PSY 09700,Human Development,3,Psychology,,
PSY 10315,Physiological Psychology,3,Psychology,,
PSY 10375,"Drugs, the Brain, and Behavior",3,Psychology,,
PSY 10385,European Research Methods in Neuroscience,3,Psychology,,
PSY 10415,Neuroplasticity and Learning,3,Psychology,,
PSY 10425,"Hormones, the Brain, and Behavior",3,Psychology,,
PSY 10480,Cognitive Neuroscience,3,Psychology,,
PSY 10610,Psychopharmacology and Biological Bases of Behavior,3,Psychology,,
PSY 10630,Biological Bases of Behavior,3,Psychology,,
PSY 22215,Educational Psychology,3,Psychology,,
PSY 22507,Development and Learning,3,Psychology,,
PSY 22600,Seminar I in Applied Research: School Psychology,3,Psychology,,
PSY 22601,Seminar II in Applied Research: School Psychology,3,Psychology,,
EDPA 02320,Public Administration,3,Public Administration,,
EDPA 02345,Budgeting and Public Finance for Public Administration,3,Public Administration,,
EDPA 02347,Non-Profit Organization and Management,3,Public Administration,,
EDPA 02349,Program Evaluation for Public Administration,3,Public Administration,,
EDPA 02410,Public Policy,3,Public Administration,,
EDPA 02490,Public Service Internship,3,Public Administration,,
EDPA 02510,Introduction to Policy Analysis,3,Public Administration,,
EDPA 02512,Quantitative Methods in Public Policy,3,Public Administration,,
EDPA 02514,Essentials of Economics for Public Policy,3,Public Administration,,
ECE 09402,Topics in Electrical and Computer Engineering,1,,,
ECE 09403,Sustainable Design in Engineering,3,,,
ECE 09404,Principles of Biomedical Systems and Devices,3,,,
ECE 09405,Product Engineering,3,,,
ECE 09406,Forensic Engineering and Product Liability,3,,,
ECE 09408,Power System Engineering,3,,,
ECE 09409,Introduction to Virtual Reality,3,,,
ECE 09410,Alternate Energy Systems,3,,,
ECE 09411,Modern Solid State Devices,3,,,
ECE 09414,Very Large Scale Integration Design,3,,,
ECE 09415,Fundamentals of Emerging Electricity Market,3,,,
ECE 09416,Power Electronic Converter Fundamentals,3,,,
ECE 09417,Fundamental Technologies Towards Green Energy Future,3,,,
ECE 09418,Fundamentals of Wind Energy System Planning and Operation,3,,,
ECE 09421,Introduction to Systems Engineering,3,,,
ECE 09422,Systems and Control II,3,,,
ECE 09423,Introduction to Radar Systems,3,,,
ECE 09424,Introduction to War Gaming and C4ISR,3,,,
ECE 09425,Introduction to Command and Control,3,,,
ECE 09426,Introduction to Weapon Systems,3,,,
ECE 09427,Introduction to Model Based Systems Engineering,3,,,
ECE 09430,Introduction to RF Electronics,3,,,
ECE 09431,Introduction to Optical Fiber Communications,3,,,
ECE 09432,Wireless Communications,3,,,
ECE 09433,Electrical Communications Systems,3,,,
ECE 09436,Introduction to Systems on Chips,3,,,
ECE 09437,Principles of Microsystems and Microfabrication,3,,,
ECE 09438,"Principles of Nanoelectronics, Nanophotonics and Nanotechnology",3,,,
ECE 09444,Computer Architecture II: Specialized Systems,3,,,
ECE 09451,Architectures for Digital Signal Processing,3,,,
ECE 09452,Introduction to Digital Image Processing,3,,,
ECE 09453,Adaptive Filters,3,,,
ECE 09454,Introduction to Artificial Neural Networks,3,,,
ECE 09455,Introduction to Machine Learning,3,,,
ECE 09456,Embedded Software Design,3,,,
ECE 09457,Introduction to Biometric Systems,3,,,
ECE 09458,Introduction to Reinforcement Learning,3,,,
ECE 09461,Professionalism and Consulting in Engineering,1,,,
ECE 09466,"Systems, Devices, and Algorithms in Bioinformatics",3,,,
ECE 09468,Introduction to Discrete Event Systems,3,,,
ECE 09469,Introduction to System-On-Chip Verification,3,,,
ECE 09471,Instrumentation,3,,,
ECE 09472,Smart Grid,3,,,
ECE 09473,Smart Sensors,3,,,
ECE 09474,Electricity Supply Procurement,3,,,
ECE 09480,Introduction to Internet of Things,3,,,
ECE 09482,Introduction to Memristors and Nanoelectronic VLSI,3,,,
ECE 09483,Digital Design with VDHL,3,,,
ECE 09484,Mixed Signal Technology,3,,,
ECE 09485,Introduction to Engineering Cyber Security,3,,,
ECE 09486,Introduction ot Portable Platform Development,3,,,
ECE 09487,Intro to IoT Hardware Engineering and Security,3,,,
ECE 09488,Introduction to Cloud Hardware Architecture and Security,3,,,
ECE 09490,Emerging Topics in Computer Engineering,1,,,
ECE 09495,"Emerging Topics in Computational Intelligence, Machine Learning and Data Mining",1,,,
ECE 09498,Seminar: Engineering Frontiers,1,,,
ECE 09499,Co-op Experience in Electrical and Computer Engineering,3,,,
ECE 09504,Special Topics in Electrical and Computer Engineering,1,,,
ECE 09508,Advanced Power System Engineering,3,,,
ECE 09509,Virtual Reality Systems,3,,,
ECE 09510,Advanced Alternate Energy Systems,3,,,
ECE 09515,Emerging Electricity Market,3,,,
ECE 09517,Technologies Towards Green Energy Future,3,,,
ECE 09518,Wind Energy System Planning and Operation,3,,,
ECE 09521,Fundamentals of Systems Engineering,3,,,
ECE 09523,Advanced Radar Systems,3,,,
ECE 09524,Advanced War Gaming and C4ISR,3,,,
ECE 09525,Advanced Command and Control,3,,,
ECE 09526,Advanced Weapon Systems,3,,,
ECE 09527,Advanced Model Based Systems Engineering,3,,,
ECE 09528,Reliability in Systems Engineering,3,,,
ECE 09529,Project Management in Systems Engineering,3,,,
ECE 09531,Advanced Optical Fiber Communications,3,,,
ECE 09536,Systems On Chips: Design and Analysis,3,,,
ECE 09537,Microsystems and Microfabrication,3,,,
ECE 09538,"Nanoelectronics, Nanophotonics and Nanotechnology",3,,,
ECE 09551,Advanced Digital Signal Processing,3,,,
ECE 09552,Digital Image Processing,3,,,
ECE 09553,Digital Speech Processing,3,,,
ECE 09554,Theory and Engineering Applications of Wavelets,3,,,
ECE 09555,Machine Learning,3,,,
ECE 09556,Advanced Embedded Software Design,3,,,
ECE 09557,Advanced Biometric Systems,3,,,
ECE 09558,Reinforcement Learning,3,,,
ECE 09560,Artificial Neural Networks,3,,,
ECE 09566,"Advanced Topics in Systems, Devices, and Algorithms in Bioinformatics",3,,,
ECE 09568,Discrete Event Systems,3,,,
ECE 09569,System-On-Chip Verification,3,,,
ECE 09571,Instrumentation,3,,,
ECE 09572,Advanced Smart Grid,3,,,
ECE 09573,Advanced Smart Sensors,3,,,
ECE 09580,Internet of Things,3,,,
ECE 09582,Advanced Memristors and Nanoelectronic VLSI,3,,,
ECE 09585,Advanced Engineering Cyber Security,3,,,
ECE 09586,Advanced Portable Platform Development,3,,,
ECE 09587,IoT Hardware Engineering and Security,3,,,
ECE 09588,Cloud Hardware Architecture and Security,3,,,
ECE 09590,Advanced Emerging Topics in Computer Engineering,1,,,
ECE 09595,"Advanced Emerging Topics in Computational Intelligence, Machine Learning and Data Mining",1,,,
ECE 09651,Estimation and Detection Theory,3,,,
PHYS 00375,Introduction to Radiation Physics,4,Physics,,
PHYS 00410,Quantum Mechanics I,4,Physics,,
PHYS 00411,Quantum Mechanics II,3,Physics,,
PHYS 00430,Statistical Physics,3,Physics,,
PHYS 00450,Physics Research IV,1,Physics,,
PHYS 00451,Biophysics Research I,2,Physics,,
PHYS 00452,Biophysics Research II,2,Physics,,
PHYS 00470,Selected Topics in Advanced Physics,3,Physics,,
PHYS 00475,Radiation Physics,3,Physics,,
PHYS 00477,Radiation: Effects and Applications,3,Physics,,
PHYS 00479,Radiation Instrumentation,2,Physics,,
PHYS 00499,Independent Study - Physics,1,Physics,,
PHYS 00500,Atomic Physics,3,Physics,,
PHYS 00510,Classical Mechanics,3,Physics,,
PHYS 00520,Advanced Electricity and Magnetism I,3,Physics,,
PHYS 00521,Advanced Electricity and Magnetism II,3,Physics,,
PHYS 00525,Electronics,3,Physics,,
PHYS 00530,Math Methods for Advanced Physics,3,Physics,,
PHYS 00540,Light,3,Physics,,
PHYS 00544,Fourier Optics,3,Physics,,
PHYS 00545,Geometric Optical Design,3,Physics,,
PHYS 00546,Advanced Optical Design,3,Physics,,
PHYS 00547,Lasers,3,Physics,,
PHYS 00548,Electro-Optic Devices,3,Physics,,
PHYS 00549,Applied Nonlinear Optics,3,Physics,,
PHYS 00570,Advanced Molecular Biophysics,3,Physics,,
PHYS 00571,Advanced Biophysics: Fundamentals of Biomaterials,3,Physics,,
PHYS 00575,Radiation Physics,3,Physics,,
PHYS 00598,Master’s Thesis Research Continuation,9,Physics,,
PHYS 00599,Master’s Thesis Research,1,Physics,,
PHYS 00610,Advanced Quantum Mechanics I,3,Physics,,
PHYS 00611,Advanced Quantum Mechanics II,3,Physics,,
PHYS 00630,Advanced Statistical Physics,3,Physics,,
PHYS 00640,Lab Methods for Advanced Physics,3,Physics,,
PHYS 00670,Topics in Advance Physics,3,Physics,,
PHYS 00699,Independent Study in Advanced Physics,3,Physics,,
PHYS 02599,Independent Study in Physical Science,3,Physics,,
PHYS 08305,Biophysical Chemistry,4,Physics,,
PHYS 08500,Independent Study in Chemistry,3,Physics,,
PLAN 31100,"Earth, People, Environment",3,Planning,,
PLAN 31280,Introduction to City Planning,3,Planning,,
PLAN 31340,Introduction to Historic Preservation,3,Planning,,
PLAN 31350,Quantitative and Qualitative Methods,3,Planning,,
PLAN 31351,Planning Methods,3,Planning,,
PLAN 31377,"Airport Planning, Systems Design, and Management",3,Planning,,
PLAN 31380,"Planning History, Theory, and Ethics",3,Planning,,
PLAN 31381,Introduction to Smart Cities and Society,3,Planning,,
PLAN 31383,Metropolitan/Regional Planning,3,Planning,,
PLAN 31384,Water Resources Planning,3,Planning,,
PLAN 31385,New Jersey Applied Planning Practice,3,Planning,,
PLAN 31386,Land Use and Conservation,3,Planning,,
PLAN 31387,Food Systems Planning,3,Planning,,
PLAN 31389,Environmental / Sustainable Planning,3,Planning,,
PLAN 31390,Planning Clinic,1,Planning,,
PLAN 31486,"Community Planning, Engagement, and Design",3,Planning,,
PLAN 31490,Research Seminar in Planning-WI,3,Planning,,
PLAN 31495,Planning Studio-WI,3,Planning,,
PLAN 31507,Transportation Planning and Policy,3,Planning,,
PLAN 31513,Urban Policy: From Global City to Local Reality,3,Planning,,
PLAN 31540,Advanced Historic Preservation,3,Planning,,
PLAN 31580,"Introduction to Planning: Past, Present, and Future",3,Planning,,
PLAN 31587,Graduate Seminar in Food Systems Planning,3,Planning,,
PLAN 31589,Environment and Sustainability Planning,3,Planning,,
PLAN 31590,Research Methods in Planning,3,Planning,,
PLAN 31593,Planning Communication,3,Planning,,
PLAN 31685,"Planning Practice, Law, and Ethics",3,Planning,,
PLAN 31686,"Community Planning, Engagement, and Design",3,Planning,,
PLAN 31695,Planning Studio,6,Planning,,
POSC 07100,Introduction to Government and Politics,3,Political Science,,
POSC 07110,American Government,3,Political Science,,
POSC 07200,Survey of Western Political Theory,3,Political Science,,
POSC 07220,State and Local Government,3,Political Science,,
POSC 07230,Comparative Political Systems,3,Political Science,,
POSC 07302,Public Opinion and Propaganda,3,Political Science,,
POSC 07303,"Campaigns, Political Parties and Interest Groups",3,Political Science,,
POSC 07305,The Legislative Process,3,Political Science,,
POSC 07306,The Presidency,3,Political Science,,
POSC 07310,American Constitutional Law,3,Political Science,,
POSC 07311,Women and American Politics,3,Political Science,,
POSC 07312,Freedom of Expression,3,Political Science,,
POSC 07315,Selected Topics-Political Thought,3,Political Science,,
POSC 07319,International Security,3,Political Science,,
POSC 07320,International Relations,3,Political Science,,
POSC 07321,Contemporary World Problems,3,Political Science,,
POSC 07323,"The Politics of Poverty: Class, Gender, and Race in America",3,Political Science,,
POSC 07324,The Politics of Race in American Society,3,Political Science,,
POSC 07327,Social Movements and Political Activism,3,Political Science,,
POSC 07335,Mass Media and Politics,3,Political Science,,
POSC 07340,Civil Rights and Civil Liberties,3,Political Science,,
POSC 07341,"Russian, East European and Eurasian Politics",3,Political Science,,
POSC 07344,Government & Politics of Latin America,3,Political Science,,
POSC 07345,Government & Politics of the Middle East,3,Political Science,,
POSC 07347,Politics of the Middle East,3,Political Science,,
POSC 07350,Introduction to Asian Political Systems,3,Political Science,,
POSC 07360,Methodology and Statistics in Political Science Research,3,Political Science,,
POSC 07370,Special Topics in Political Science,3,Political Science,,
POSC 07375,Politics and the Judicial Process,3,Political Science,,
POSC 07380,Politics on Film,3,Political Science,,
POSC 07385,Environmental Policy,3,Political Science,,
POSC 07400,American Political Thought,3,Political Science,,
THD 07555,Devised Performance Ensemble V,9,Dramatic Arts,,
THD 07561,Voice I,1.5,Dramatic Arts,,
THD 07562,Voice II,1.5,Dramatic Arts,,
THD 07563,Music Skills,3,Dramatic Arts,,
THD 07571,Being a Critical Consumer of Live Art,1.5,Dramatic Arts,,
THD 07572,Contemporary Art and Culture,1.5,Dramatic Arts,,
THD 07573,"History, Theory and Practice of Ensemble",1.5,Dramatic Arts,,
THD 07574,Thinking Like a Producer,1.5,Dramatic Arts,,
THD 07575,Creating and Leading a Healthy and Fulfilling Life as an Artist,1.5,Dramatic Arts,,
THD 07576,MFA Thesis Seminar,2,Dramatic Arts,,
THD 07577,Performance Documentation,1.5,Dramatic Arts,,
THD 07581,Foundations of Teaching and Learning Theory,2,Dramatic Arts,,
THD 07582,Pedagogies of Performance/Teaching Methods,2,Dramatic Arts,,
THD 07583,Teaching Practicum,2,Dramatic Arts,,
THD 07590,Object Performance,3,Dramatic Arts,,
THD 08126,Movement for the Actor,3,Dramatic Arts,,
THD 08135,Elements of Dance,3,Dramatic Arts,,
THD 08140,Dance Improvisation I,3,Dramatic Arts,,
THD 08141,Dance Improvisation II,3,Dramatic Arts,,
THD 08142,Contact Improvisation,3,Dramatic Arts,,
THD 08146,World Dance Forms,3,Dramatic Arts,,
THD 08190,Ballroom Dance,3,Dramatic Arts,,
THD 08202,Fundamentals of Tap,3,Dramatic Arts,,
THD 08203,Advanced Tap Dance,3,Dramatic Arts,,
THD 08210,Dance as Narrative in American 20th Century Film - WI,3,Dramatic Arts,,
THD 08222,Dance for the Musical Theatre,3,Dramatic Arts,,
THD 08225,Dance Composition I,3,Dramatic Arts,,
THD 08236,Fundamentals of Modern Dance,3,Dramatic Arts,,
THD 08237,Modern Dance I,3,Dramatic Arts,,
THD 08246,Fundamentals of Ballet Dance,3,Dramatic Arts,,
THD 08247,Advanced Ballet,3,Dramatic Arts,,
THD 08256,Fundamentals of Jazz Dance,3,Dramatic Arts,,
THD 08257,Advanced Jazz Dance,3,Dramatic Arts,,
THD 08311,African Influences in American Dance,3,Dramatic Arts,,
THD 08315,Creative Dance for Children,3,Dramatic Arts,,
THD 08337,Choreography,3,Dramatic Arts,,
THD 08377,Modern Dance II,3,Dramatic Arts,,
THD 08378,Modern Dance III,3,Dramatic Arts,,
THD 08400,Fundamentals of the Lester Horton Technique,3,Dramatic Arts,,
THD 08401,Independent Study: Dance,1,Dramatic Arts,,
THD 08410,Advanced Styles in Modern Dance,3,Dramatic Arts,,
THD 08411,Intermediate/Advanced Horton Technique,3,Dramatic Arts,,
THD 08436,Dance History - WI,3,Dramatic Arts,,
THD 08437,Dance Theatre Workshop,3,Dramatic Arts,,
THD 08442,Advanced Dance Improvisation,3,Dramatic Arts,,
THD 08465,Dynamics of Human Movement,3,Dramatic Arts,,
ECED 23211,Seminar: Principles and Pedagogies in the Inclusive Classroom,1,,,
ECED 23220,Contemporary Child in the Family and Community,3,,,
ECED 23320,Building Brains: Competency and Resiliency,3,,,
ECED 23321,Effective Learning Environments for Diverse Children,3,,,
ECED 23322,"Planning, Integrating, and Adapting Curriculum: Math and Science",3,,,
ECED 23412,Independent Study in Early Childhood Education,3,,,
ECED 23430,"Observation, Assessment, and Evaluation of Diverse Learners",2,,,
ECED 23431,"Planning, Integrating and Adapting Curriculum Across Content Areas",3,,,
ECED 23432,Clinical Practice I in Early Childhood Education,1,,,
ECED 23441,Leadership and Staff Development in Early Care and Education,3,,,
ECED 23442,Defining and Enhancing Family Partnership in Early Care and Education,3,,,
ECED 23443,Public Policy and Global Perspectives in Early Care and Education,3,,,
ECED 23444,Administration of Early Care and Education Programs,3,,,
ECED 23445,Capacity Building in Early Care and Education Programs,3,,,
ECED 23446,Clinical Practice II in Early Childhood Education,10,,,
ECED 23447,Early Childhood Education Clinical Seminar,1,,,
ECED 23515,"Young Scientists: Science, Technology, Engineering, and Math Experiences in Early Childhood",3,,,
ECED 23521,Continuous Quality Improvement in Early Childhood: Research & Policy,3,,,
ECED 23522,Critical Perspectives on Coaching and Mentoring in Diverse Early Childhood Settings,3,,,
ECED 23523,Access and Equity: Culturally Responsive Practices in Technical Assistance,3,,,
ECED 23524,Implementation Science and Quality Improvement Initiatives,3,,,
ECED 23526,Developing Expertise as an Agent of Change within Early Childhood Systems,3,,,
ECED 23531,Equity and Social Justice in Early Childhood STEM Education,3,,,
ECED 23532,Experimenting with Art and Matter in Early Childhood,3,,,
ECED 23533,"Math, Engineering and Technology in Early Childhood",3,,,
ECED 23534,Environment and Nature in the Early Years,3,,,
ECED 23535,Inquiry for Early Childhood Educators,3,,,
ECSE 10500,Characteristics of Young Children with Disabilities (birth-5) and Their Families,3,,,
ECSE 10501,Methods for Assessing and Teaching Infants and Toddlers with Disabilities,3,,,
ECSE 10502,Methods for Assessing and Teaching Preschool Children (3-5) with Disabilities,3,,,
ECSE 10503,"Supporting Diverse Families, Community Partnerships, and Transitions",3,,,
ECSE 10504,Self-Study Project Inquiry in Early Childhood Special Education,3,,,
ECON 04101,An Introduction to Economics-A Macroeconomic Perspective,3,Economics,,
ECON 04102,An Introduction to Economics-A Microeconomic Perspective,3,Economics,,
ECON 04205,American Economic History,3,Economics,,
ECON 04210,Environmental Economics,3,Economics,,
ECON 04215,Current Economic Problems & Policies,3,Economics,,
ECON 04225,Women in the Economy,3,Economics,,
ECON 04269,Selected Topics in Economics,3,Economics,,
ECON 04301,Intermediate Macroeconomics,3,Economics,,
ECON 04302,Intermediate Microeconomics,3,Economics,,
ECON 04303,Principles Of Economics: A Survey,3,Economics,,
ECON 04305,Money And Banking,3,Economics,,
ECON 04307,Economic Development M/G,3,Economics,,
ECON 04310,Global Economics - M/G,3,Economics,,
ECON 04315,Public Finance,3,Economics,,
ECON 04320,Contemporary Economic Systems M/G,3,Economics,,
ECON 04325,International Trade,3,Economics,,
ECON 04335,Socio-Economic Applications of Blockchain,3,Economics,,
ECON 04345,Labor Economics,3,Economics,,
ECON 04351,Health Economics,3,Economics,,
ECON 04352,Industrial Organization,3,Economics,,
ECON 04353,Law and Economics,3,Economics,,
ECON 04360,Urban Economics,3,Economics,,
NUT 00495,Micronutrient Metabolism,3,Nutrition,,
NUT 00500,Advanced Nutritional Assessment,3,Nutrition,,
NUT 00501,Nutrition Research Seminar,1,Nutrition,,
NUT 00511,Advanced Nutrition Therapy,3,Nutrition,,
NUT 00518,Nutrition and Epidemiology,3,Nutrition,,
NUT 00520,Supervised Practice,6,Nutrition,,
NUT 00530,Medical Nutrition Therapy Supervised Practice,6,Nutrition,,
NUT 00540,Metabolic Basis of Disease,3,Nutrition,,
PHIL 09110,The Logic of Everyday Reasoning,3,Philosophy,,
PHIL 09120,Introduction to Philosophy,3,Philosophy,,
PHIL 09121,Introduction to Philosophy - WI,3,Philosophy,,
PHIL 09130,Introduction to Symbolic Logic,3,Philosophy,,
PHIL 09150,Introduction to Ethics,3,Philosophy,,
PHIL 09151,Introduction to Ethics - WI,3,Philosophy,,
PHIL 09200,Philosophy of Religion,3,Philosophy,,
PHIL 09211,Ancient Philosophy - WI,3,Philosophy,,
PHIL 09213,Modern Philosophy - WI,3,Philosophy,,
PHIL 09218,Environmental Ethics,3,Philosophy,,
PHIL 09219,Existentialism,3,Philosophy,,
PHIL 09222,Business Ethics,3,Philosophy,,
PHIL 09228,American Philosophy,3,Philosophy,,
PHIL 09240,Social and Political Philosophy,3,Philosophy,,
PHIL 09241,Social and Political Philosophy - WI,3,Philosophy,,
PHIL 09245,Philosophy of Sport,3,Philosophy,,
PHIL 09261,Philosophical Perspectives on Science-WI,3,Philosophy,,
PHIL 09310,Aesthetics,3,Philosophy,,
PHIL 09311,Aesthetics - WI,3,Philosophy,,
PHIL 09324,Philosophy of Law,3,Philosophy,,
PHIL 09326,Philosophy of Mind,3,Philosophy,,
PHIL 09327,Philosophy and Race - WI,3,Philosophy,,
PHIL 09328,Philosophy and Gender,3,Philosophy,,
PHIL 09329,Philosophy and Gender - WI,3,Philosophy,,
PHIL 09341,Biomedical Ethics-WI,3,Philosophy,,
PHIL 09346,Feminist Ethics - WI,3,Philosophy,,
PHIL 09368,Philosophy of Science,3,Philosophy,,
PHIL 09370,Epistemology,3,Philosophy,,
PHIL 09376,Philosophy of Medicine - WI,3,Philosophy,,
PHIL 09380,Intermediate Symbolic Logic,3,Philosophy,,
PHIL 09392,Contemporary Moral Problems,3,Philosophy,,
PHIL 09393,Contemporary Moral Problems- WI,3,Philosophy,,
PHIL 09440,Topics in Philosophy,3,Philosophy,,
PHIL 09472,Topics in the History of Philosophy,3,Philosophy,,
PHIL 09490,Independent Study,3,Philosophy,,
PHIL 09495,Senior Seminar in Philosophy,3,Philosophy,,
PHIL 09521,"Philosophical Approaches to Diversity, Equity, and Identity",3,Philosophy,,
PHIL 09531,Applied Ethics,3,Philosophy,,
PHIL 09231,Asian Thought,3,,,
PHRE 11269,Introduction to Queer Theory,3,,,
PHRE 11310,Buddhism,3,,,
PHRE 11330,Daoism,3,,,
PHRE 11361,Ethics In and Out of Religions,3,,,
PHRE 11440,Topics in Philosophy and World Religions,3,,,
PHRE 11469,Topics in Queer Theory,3,,,
PHOT 09375,Video Art,3,Photography,,
PHOT 11251,Introduction to Film Photography,3,Photography,,
PHOT 11276,Intermediate Film Photography,3,Photography,,
PHOT 11350,Intermediate Digital Photography,3,Photography,,
PHOT 11380,Digital Photography,3,Photography,,
PHOT 11386,Photographic Lighting,3,Photography,,
PHOT 11387,Editorial Photography,3,Photography,,
PHOT 11388,Contemporary Issues in Photography,3,Photography,,
PHOT 11390,Special Topics in Photography,3,Photography,,
PHOT 11406,Advanced Photography,3,Photography,,
PHOT 11407,Capstone in Photography,3,Photography,,
PHOT 11408,Expanded Photography,3,Photography,,
PHOT 39330,General Photography,3,Photography,,
PHYS L0210,Physics I Without Calculus Laboratory,0,Physics,,
PHYS L0211,Physics II Without Calculus Laboratory,0,Physics,,
PHYS L0220,Introductory Mechanics Laboratory,0,Physics,,
PHYS L0222,Introduction to Electricity and Magnetism Laboratory,0,Physics,,
PHYS 00011,Physics Workshop,0,Physics,,
PHYS 00120,Selected Topics in Physics,3,Physics,,
PHYS 00130,Building Momentum as a Physics Student at Rowan and Beyond-RS,1,Physics,,
PHYS 00150,Physics of Everyday Life,4,Physics,,
PHYS 00175,Physics of Sound and Music,4,Physics,,
PHYS 00210,Physics I without Calculus,4,Physics,,
PHYS 00211,Physics II without Calculus,4,Physics,,
PHYS 00220,Introductory Mechanics,4,Physics,,
PHYS 00221,"Introductory Thermodynamics, Fluids, Waves, and Optics",4,Physics,,
PHYS 00222,Introductory Electricity and Magnetism,4,Physics,,
PHYS 00250,Physics Research I,1,Physics,,
PHYS 00251,Physics Research II,1,Physics,,
PHYS 00300,Modern Physics,4,Physics,,
PHYS 00310,Analytical Mechanics,4,Physics,,
PHYS 00315,Instrumentation for Biomedical Sciences,3,Physics,,
PHYS 00320,Electricity and Magnetism I,4,Physics,,
PHYS 00321,Electricity and Magnetism II,3,Physics,,
PHYS 00325,Electric Circuits,4,Physics,,
PHYS 00330,Mathematical Methods for Physics,3,Physics,,
PHYS 00340,Optics and Light,4,Physics,,
PHYS 00345,Introduction to Optical Design,4,Physics,,
PHYS 00347,Laser Physics,3,Physics,,
PHYS 00350,Physics Research III,1,Physics,,
PHYS 00351,Physics Research Methods I,2,Physics,,
PHYS 00352,Physics Research Methods II,2,Physics,,
PHYS 00361,Physics Learning Assistant for Introductory Mechanics,2,Physics,,
PHYS 00362,"Physics Learning Assistant for Introductory Thermodynamics, Fluids, Waves, and Optics",2,Physics,,
PHYS 00363,Physics Learning Assistant for Introductory Electricity and Magnetism,2,Physics,,
PHYS 00370,Molecular Biophysics,4,Physics,,
PHYS 00371,Biophysics: Fundamentals of Biomaterials,3,Physics,,
ECON 04363,Sports Economics,3,Economics,,
ECON 04392,Econometrics,3,Economics,,
ECON 04395,The Economics of Personal Financial Planning,3,Economics,,
ECON 04410,Internship in Economics,3,Economics,,
ECON 04440,Currrent Economic Problems and Policy,3,Economics,,
ECON 04492,Seminar In Economics WI,3,Economics,,
ECON 04495,Independent Study-Economics,1,Economics,,
ECON 07520,Colloquium in Economics,3,Economics,,
EDUC 01220,Context of Education,3,Education,,
EDUC 01270,Humanities Teaching Methods I: Creating Supportive Learning Environments,3,Education,,
EDUC 01272,Teaching Content in Diverse Classrooms,3,Education,,
EDUC 01624,Educational Change,3,Education,,
EDUC 21230,Characteristics of Knowledge Acquisition,3,Education,,
ELEM 02350,Instruction and Assessment in the Elementary Classroom,3,Education,,
EDAM 27510,Change for School Improvement,3,,,
EDAM 27521,Introduction to the Principalship,3,,,
EDAM 27535,School Finance and Records,3,,,
EDAM 27559,Law and Ethics for School Leadership,3,,,
EDAM 27600,Practicum/Seminar in Administration/Supervision I,3,,,
EDAM 27601,Practicum/Seminar in Administration/Supervision II,3,,,
EDAM 27741,Current Issues in Higher Education,3,,,
EDAM 27746,Higher Education Governance,3,,,
EDAM 27780,Community College Leadership and Governance,3,,,
EDAM 27781,Community College Budgeting and Finance,3,,,
EDAM 27782,The American Community College,3,,,
EDAM 27783,Student Development and Adult Learning Theory,3,,,
EDAM 27790,Instructional Leadership and the Curriculum,3,,,
EDST 24504,Action Research in Education,3,Educational Statistics,,
EDST 24795,Dissertation Research,1,Educational Statistics,,
EDST 27801,Leadership for Social Justice,3,Educational Statistics,,
EDST 27802,Inquiry I: Theory to Practice,3,Educational Statistics,,
EDST 27803,Reforming Organizations,3,Educational Statistics,,
EDST 27804,Inquiry II - Program Evaluation,3,Educational Statistics,,
EDST 27805,"Public Policy, Ethics, and Contemporary Issues",3,Educational Statistics,,
EDST 27806,"Inquiry III: Policy Inquiry, Analysis, and Entrepreneurship",3,Educational Statistics,,
EDST 27807,Sustainable Institutional Change,3,Educational Statistics,,
EDST 27808,Inquiry IV - Inquiry for Improvement,3,Educational Statistics,,
EDST 27809,Introduction to Writing a Research Literature Review,3,Educational Statistics,,
EDST 27810,Leader Scholar Community I,3,Educational Statistics,,
EDST 27811,Leader Scholar Community II,3,Educational Statistics,,
EDST 27812,Leading Scholar Community III,3,Educational Statistics,,
EDST 27820,Educational Leadership for Equity and Diversity,3,Educational Statistics,,
EDST 27821,Instructional Leadership,3,Educational Statistics,,
EDST 27822,Equitable Finance and Budgeting,3,Educational Statistics,,
EDST 27823,Building Board and Community Relationships,3,Educational Statistics,,
EDST 27830,Curriculum Development and Instructional Design,3,Educational Statistics,,
EDST 27831,Assessment and Evaluation for Nurse Educators,3,Educational Statistics,,
EDST 27840,History and Context of American Higher Education,3,Educational Statistics,,
EDST 27841,Higher Education Governance and Leadership,3,Educational Statistics,,
EDST 27842,Legal and Administrative Issues in Postsecondary Education,3,Educational Statistics,,
EDST 27843,Leadership and Advocacy for Student Success,3,Educational Statistics,,
EDST 27850,History and Context of American Community Colleges,3,Educational Statistics,,
EDST 27851,Community College Governance and Leadership,3,Educational Statistics,,
EDST 27852,Legal and Administrative Issues in Community Colleges,3,Educational Statistics,,
EDST 27853,Leadership and Advocacy for Community College Student Success,3,Educational Statistics,,
EDSU 28100,Leadership and Innovation,3,Educational Supervision,,
EDSU 28110,Leading Among Diverse Perspectives,3,Educational Supervision,,
EDSU 28120,Grant Acquisition and Management,3,Educational Supervision,,
EDSU 28130,Designing and Evaluating Organizational Initiatives,3,Educational Supervision,,
EDSU 28205,Leadership Seminar I,3,Educational Supervision,,
EDSU 28210,Educational Organizations,3,Educational Supervision,,
EDSU 28211,"Access, Success, and Equity in Education",3,Educational Supervision,,
EDSU 28212,Education and Empowerment for Social Change,3,Educational Supervision,,
EDSU 28305,Leadership Seminar II (Capstone),3,Educational Supervision,,
EDSU 28510,Curriculum Design and Development for Instructional Leaders,3,Educational Supervision,,
EDSU 28511,Leading Curricular Implementation and Assessment for School Improvement,3,Educational Supervision,,
EDSU 28522,Instructional Leadership and Supervision,3,Educational Supervision,,
EDSU 28523,Building Organizational Capacity,3,Educational Supervision,,
EDSU 28546,Educational Organizations and Leadership,3,Educational Supervision,,
EDSU 28602,Field Service in Supervision: District Internship,1,Educational Supervision,,
EDSU 28706,Diversity and Educational Leadership,3,Educational Supervision,,
EDSU 28715,Leadership Theory,3,Educational Supervision,,
EDSU 29210,Sustainability Education: An Introduction,3,Educational Supervision,,
EDSU 29211,Leading Sustainable Organizations,3,Educational Supervision,,
EDSU 29212,Integrating Climate Change Education Across Contexts,3,Educational Supervision,,
EDTC 33510,Emerging Technology Tools and the Curriculum,3,Educational Technology,,
EDTC 33531,Coding and Logical Thinking to Support Learning,3,Educational Technology,,
EDTC 33540,Developing Online Resources for P-12 Students,3,Educational Technology,,
EDTC 33550,Learning through Gamification,3,Educational Technology,,
EDTC 33561,Leading for Effective Educational Technology,3,Educational Technology,,
EDTC 33570,Researching and Analyzing Educational Technology,3,Educational Technology,,
EDTC 33580,Introduction to Educational Technology,3,Educational Technology,,
EDTC 33584,Digital Citizenship in 21st Century Schools,3,Educational Technology,,
EDTC 33585,Internet in the Classroom,3,Educational Technology,,
EDTC 33600,Seminar in Educational Technology,3,Educational Technology,,
EDTC 33700,Teaching and Research Methods II: Computer Science,4,Educational Technology,,
ECE 09101,Electrical and Computer Engineering: Solving Tomorrow’s Problems,2,,,
ECE 09203,Principles of Electric Circuit Analysis,4,,,
ECE 09205,Principles and Applications of ECE for Nonmajors,3,,,
ECE 09240,Fundamentals of Digital Systems,3,,,
ECE 09241,Introduction to Digital Systems,2,,,
ECE 09243,Computer Architecture,3,,,
ECE 09303,Engineering Electromagnetics,3,,,
ECE 09311,Electronics I,3,,,
ECE 09312,Electronics II,3,,,
ECE 09321,Systems and Control I,3,,,
ECE 09341,Signals and Systems,2,,,
ECE 09342,Introduction to Embedded Systems,3,,,
ECE 09351,Digital Signal Processing,3,,,
ECE 09363,Modules in Electrical and Computer Engineering,1,,,
ECE 09655,Advanced Computational Intelligence and Machine Learning,3,,,
ECE 09702,Strategic Technical Writing and Winning Grant Proposals,3,,,
ECE 09704,Special Topics for Doctoral Students in Electrical Engineering,1,,,
EET 03121,Electrical Circuits I,3,,,
EET 03222,Electrical Circuits II,3,,,
EET 03230,Introduction to Electronics,3,,,
EET 03251,Robotics and Motion Control,3,,,
EET 03300,Technology Focus Elective,1,,,
EET 03330,Instrumentation and Measurement,3,,,
EET 03332,Analog Integrated Circuits,3,,,
EET 03340,Embedded Systems and the Internet of Things,4,,,
EET 03350,Applied Digital Signal Processing,4,,,
EET 03360,Rapid Prototyping and Fabrication,4,,,
EET 03370,Control Systems and Programmable Logic Controllers,3,,,
EET 03380,Applied Communication Systems,3,,,
EET 03390,Electric Power and Energy Systems,3,,,
EET 03400,Emerging Topics in EET,3,,,
EET 03490,Project Management,3,,,
ELEM 02199,Contemporary Elementary Education: Special Topics,1,Elementary Education,,
ELEM 02210,Seminar: Principles and Pedagogies in the Inclusive Classroom,1,Elementary Education,,
ELEM 02211,Positive Learning Environments in Elementary Education,3,Elementary Education,,
ELEM 02300,Mathematics for Elementary Teachers: Number Sense and Operations,3,Elementary Education,,
ELEM 02303,Mathematics for Elementary Teachers: Shapes Space and Data Analysis,3,Elementary Education,,
ELEM 02304,Teaching Science in the Elementary Classroom,3,Elementary Education,,
ELEM 02308,Clinical Experience in the Elementary Classroom,1,Elementary Education,,
ELEM 02310,Clinical Practice I in Elementary Education,1,Elementary Education,,
ELEM 02311,Differentiating Instruction in Elementary Education,3,Elementary Education,,
ELEM 02312,Teaching Social Studies in the Elementary Classroom,3,Elementary Education,,
ELEM 02448,Clinical Practice II in Elementary Education,10,Elementary Education,,
ENGR 01101,First-Year Engineering Clinic I-RS,2,Engineering,,
ENGR 01102,First-Year Engineering Clinic II,2,Engineering,,
ENGR 01201,Sophomore Engineering Clinic I,4,Engineering,,
ENGR 01202,Sophomore Engineering Clinic II,4,Engineering,,
ENGR 01203,Sophomore Engineering Clinic Project,3,Engineering,,
ENGR 01217,Engineering in a Global Context,3,Engineering,,
ENGR 01271,Statics,2,Engineering,,
ENGR 01272,Solid Mechanics,2,Engineering,,
ENGR 01273,Strength of Materials,3,Engineering,,
ENGR 01281,Material Science,2,Engineering,,
ENGR 01283,Materials Science and Manufacturing,3,Engineering,,
ENGR 01291,Dynamics,2,Engineering,,
ENGR 01299,Special Topics in Engineering,1,Engineering,,
ENGR 01303,Junior Engineering Clinic,2,Engineering,,
ENGR 01341,Fluid Mechanics I,2,Engineering,,
ENGR 01342,Engineering Fluid Mechanics,3,Engineering,,
ENGR 01391,Independent Study in Engineering,0,Engineering,,
ENGR 01395,Applied Product Development,1,Engineering,,
ENGR 01403,Senior Engineering Clinic - WI,2,Engineering,,
ENGR 01410,Introduction to Finite Element Analysis,3,Engineering,,
ENGR 01480,Viscoelasticity,3,Engineering,,
ENGR 01496,New Product Development,3,Engineering,,
ENGR 01501,Special Topics in Engineering,1,Engineering,,
ENGR 01510,Finite Element Analysis,3,Engineering,,
ENGR 01580,Advanced Viscoelasticity,3,Engineering,,
ENGR 01591,Independent Graduate Study in Engineering,0,Engineering,,
ENGR 01597,Engineering Graduate Research,1,Engineering,,
ENGR 01598,Master’s Thesis Continuation,9,Engineering,,
ENGR 01599,Master’s Research and Thesis,1,Engineering,,
ENGR 01700,Graduate Seminar: What is Next in Engineering?,0,Engineering,,
ENGR 01798,Doctoral Dissertation Continuation,9,Engineering,,
ENGR 01799,Doctoral Research and Dissertation,1,Engineering,,
EM 01441,Introduction to Engineering Law and Ethics,3,Engineering Management,,
EM 01442,Introduction to Facilities and Operations,3,Engineering Management,,
EM 01443,Introduction to Systems for Engineering Management,3,Engineering Management,,
EM 01501,Engineering Economics,3,Engineering Management,,
EM 01511,Strategic Risk Management,3,Engineering Management,,
EM 01512,Quality in Engineering Management,3,Engineering Management,,
EM 01513,Engineering Decision Making,3,Engineering Management,,
EM 01521,Construction Management,3,Engineering Management,,
EM 01522,Construction Scheduling,3,Engineering Management,,
EM 01523,Cost Engineering,3,Engineering Management,,
EM 01541,Engineering Law and Ethics,3,Engineering Management,,
EM 01542,Facilities Management,3,Engineering Management,,
EM 01543,Systems for Engineering Management,3,Engineering Management,,
EGR 02351,Junior Technology Clinic I,2,Engineering Technology,,
EGR 02352,Junior Technology Clinic II,2,Engineering Technology,,
EGR 02451,Senior Technology Clinic I,2,Engineering Technology,,
EGR 02452,Senior Technology Clinic II,2,Engineering Technology,,
ENGL 02101,Critical Methods I for English Majors,3,English,,
ENGL 02110,Introduction to British Literature,3,English,,
ENGL 02112,Readings in Asian Literature,3,English,,
ENGL 02113,Introduction to U.S. Literature,3,English,,
ENGL 02116,Introduction to Global Literatures in English,3,English,,
ENGL 02123,Topics in Literature,3,English,,
ENGL 02151,Readings in Shakespeare,3,English,,
ENGL 02200,"Gender, Sexuality, and Literature",3,English,,
ENGL 02202,Critical Methods II for English Majors,3,English,,
ENGL 02205,Young Adult Literature,3,English,,
ENGL 02218,Multiethnic Literatures of the United States,3,English,,
ENGL 02223,Selected Topics in Multiethnic Literatures of the US,3,English,,
ENGL 02228,Genre Studies: Short Fiction,3,English,,
ENGL 02231,World Mythologies,3,English,,
ENGL 02234,Genre Studies: Drama,3,English,,
ENGL 02235,Genre Studies: Poetry,3,English,,
ENGL 02269,Queer Literature,3,English,,
ENGL 02270,The English Novel,3,English,,
ENGL 02285,The American Novel,3,English,,
ENGL 02301,Literary Study Off-Campus,3,English,,
ENGL 02305,Contemporary Children’s Literature for Non-Majors,3,English,,
ENGL 02309,British Literature I,3,English,,
ESL 00047,High Intermediate Oral Presentation Skills,0,,,
ESL 00048,High Intermediate Grammar,0,,,
ESL 00051,ESL Level V Academic Writing,0,,,
ESL 00052,ESL Level V Academic Reading,0,,,
ESL 00053,ESL Level V Oral Presentation Skills,0,,,
ESL 00054,ESL Level V Grammar,0,,,
ESL 00055,Advanced Academic Writing,0,,,
ESL 00056,Advanced Academic Reading,0,,,
ESL 00057,Advanced Oral Presentation Skills,0,,,
ESL 00058,Advanced Grammar,0,,,
ESL 00071,Low-Intermediate Writing and Grammar,0,,,
ESL 00072,Low-Intermediate Reading and Vocabulary,0,,,
ESL 00073,Low-Intermediate Listening and Speaking,0,,,
ESL 00081,Intermediate Writing and Grammar,0,,,
ESL 00082,Intermediate Reading and Vocabulary,0,,,
ESL 00083,Intermediate Listening and Speaking,0,,,
ESL 00085,High Intermediate Writing and Grammar,0,,,
ESL 00086,High Intermediate Reading and Vocabulary,0,,,
ESL 00087,High Intermediate Listening and Speaking,0,,,
ESL 00091,Advanced Writing and Grammar,0,,,
ESL 00092,Advanced Reading and Vocabulary,0,,,
ESL 00093,Advanced Listening and Speaking,0,,,
ESL 08120,Advanced Academic English for Non-Native Speakers of English,9,,,
TBS 01105,Scientific Communication in Biomedical Sciences I,2,,,
TBS 01110,Scientific Communication in Biomedical Sciences II,2,,,
TBS 01220,Translational Biomedical Research I,3,,,
TBS 01230,Translational Biomedical Research II,3,,,
TBS 01315,Biomedical Technologies I,3,,,
TBS 01320,Translational Biomedical Research III,3,,,
TBS 01330,Translational Biomedical Research IV,3,,,
TBS 01370,Biomedical Technologies II,4,,,
TBS 01420,Translational Biomedical Research V,3,,,
TBS 01430,Translational Biomedical Research VI,3,,,
TBS 01450,Biomedical Frontiers Seminar I,1,,,
TBS 01451,Biomedical Frontiers Seminar II,1,,,
TBS 01570,Advanced Topics in Biomedical Instrumentation,3,,,
TODE 10501,Orthopedic Device Engineering-I,4,,,
TODE 10502,Orthopedic Device Engineering-II,2,,,
TODE 10504,Orthopedic Device Technology Transfer,2,,,
TODE 10505,"Orthopedic Clinical Immersion in Materials, Devices, and Surgical Technologies-I",3,,,
TODE 10506,"Orthopedic Clinical Immersion in Materials, Devices, and Surgical Technologies-II",3,,,
TODE 10507,Applied Orthopedic Engineering-I,4,,,
TODE 10508,Applied Orthopedic Engineering-II,4,,,
TODE 10509,Orthopedic Device Engineering Seminars-I,1,,,
TODE 10510,Orthopedic Device Engineering Seminars-II,1,,,
UNIV 01107,Rowan 101: College Success-Rowan Seminar,2,University College,,
UNIV 01108,Financial Wellness: Planning for Personal Financial Success,2,University College,,
UNIV 01110,Well-Being and Thriving in Action,3,University College,,
UNIV 01111,Introduction to Health Professions,1,University College,,
UNIV 01488,Career Planning and Development,1,University College,,
WLM 00512,Understanding and Applying the Professional Literature in HES,3,,,
WLM 00530,Leadership and Management in Health Promotion Programs,3,,,
WLM 00541,Wellness Coaching and Behavior Change,3,,,
WLM 00542,Program Planning in Health Promotion,3,,,
WLM 00575,Wellness in the Workplace,3,,,
WLM 00580,Obesity and Diabetes Prevention and Management,3,,,
WLM 00590,Integrating Wellness into School Settings,3,,,
WLM 00600,Promoting Human Wellness Across the Lifespan,3,,,
WLM 00610,Positive Perceptions and Performance Wellness,3,,,
WLM 00620,Internship in Wellness and Lifestyle Management,3,,,
WLM 00621,Practicum in Wellness Coaching,3,,,
REL 10100,World Religions,3,World Religions,,
REL 10150,Religion on Film,3,World Religions,,
REL 10210,Religion in America,3,World Religions,,
REL 10214,Religions of the Western World,3,World Religions,,
REL 10219,Approaches to Religion,3,World Religions,,
REL 10230,Religions of Asia,3,World Religions,,
REL 10240,Introduction to the Bible,3,World Religions,,
REL 10301,Judaism,3,World Religions,,
REL 10320,Christianity,3,World Religions,,
REL 10325,Islam,3,World Religions,,
REL 10331,Spirituality and Nature,3,World Religions,,
REL 10335,Sex and the Bible,3,World Religions,,
REL 10340,Topics in World Religions,3,World Religions,,
REL 10350,Spirituality and Healing,3,World Religions,,
REL 10450,Senior Seminar in World Religions,3,World Religions,,
WA 01100,Writing Arts Learning Community,1,Writing Arts,,
WA 01200,Introduction to Writing Arts,3,Writing Arts,,
WA 01201,How Writers Read,3,Writing Arts,,
WA 01250,Tutoring Writing,3,Writing Arts,,
WA 01300,The Writer’s Mind - WI,3,Writing Arts,,
WA 01301,"Writing, Research and Technology",3,Writing Arts,,
WA 01302,Introduction to Technical Writing - WI,3,Writing Arts,,
WA 01304,Writing Creative Nonfiction-WI,3,Writing Arts,,
WA 01305,Writing Comedy,3,Writing Arts,,
WA 01306,Writing Genre Fiction,3,Writing Arts,,
WA 01308,Spoken Word Poetry,3,Writing Arts,,
WA 01311,Research Practicum in Writing Arts I,1,Writing Arts,,
WA 01312,Research Practicum in Writing Arts II,1,Writing Arts,,
WA 01313,Research Practicum in Writing Arts III,1,Writing Arts,,
WA 01315,Writing with Technologies,3,Writing Arts,,
WA 01320,Internship I in Writing Arts,3,Writing Arts,,
WA 01321,Internship II in Writing Arts,3,Writing Arts,,
WA 01322,Writing for the Workplace-WI,3,Writing Arts,,
WA 01325,Scientific Writing and Rhetoric,3,Writing Arts,,
WA 01326,Writing for Nonprofits-WI,3,Writing Arts,,
WA 01330,Medical Writing and Rhetoric-WI,3,Writing Arts,,
WA 01335,Environmental Writing and Rhetoric-WI,3,Writing Arts,,
WA 01350,Rhetorics of Style-WI,3,Writing Arts,,
WA 01355,Editing for Publication,3,Writing Arts,,
SOC 08551,Colloquium in Urban Sociology,3,Sociology,,
SOC 08552,Colloquium in Medical Social Science,3,Sociology,,
SOC 08553,Colloquium in Gender Studies,3,Sociology,,
SOC 08570,Integrating Qualitative and Quantitative Methods,3,Sociology,,
SOC 08575,Social Determinants of Health: Theory and Intervention in Urban Settings,3,Sociology,,
SOC 08578,Critical Race Theory: Application and Intervention,3,Sociology,,
SOC 08580,Survey Design and Analysis,3,Sociology,,
SOC 08590,Social Change,3,Sociology,,
SOC 08591,"Social Dynamics of Political Violence, Insurgency and Civil Unrest",3,Sociology,,
SOC 08599,Urban Environmental Health,3,Sociology,,
SOC 08600,Social Experience of City Life and Urban Inequalities,3,Sociology,,
SOC 08642,Global Environmental Justice and Social Change,3,Sociology,,
SOC 08690,Urban Research Studio,3,Sociology,,
SOC 09323,Sociology of Crime and Criminal Law,3,Sociology,,
SOC 15322,Sociology of Population,3,Sociology,,
LING 11250,Introduction to Anthropological Linguistics,3,Spanish,,
SPAN 05100,Masterpieces of Hispanic Literature in English Translation,3,Spanish,,
SPAN 05101,Spanish I,3,Spanish,,
SPAN 05102,Spanish II,3,Spanish,,
SPAN 05140,Spanish Topics in English,3,Spanish,,
SPAN 05201,Spanish III,3,Spanish,,
SPAN 05211,Spanish Reading and Conversation,3,Spanish,,
SPAN 05212,Spanish Reading and Composition,3,Spanish,,
SPAN 05300,Spanish Phonetics,3,Spanish,,
SPAN 05301,Appreciation of Hispanic Literature,3,Spanish,,
SPAN 05302,Introduction to Hispanic Linguistics,3,Spanish,,
SPAN 05305,Oral Spanish,3,Spanish,,
SPAN 05312,Spanish for Business A,3,Spanish,,
SPAN 05313,Spanish for Medical Personnel,3,Spanish,,
SPAN 05314,Spanish for Business B,3,Spanish,,
SPAN 05315,Spanish for Law,3,Spanish,,
SPAN 05316,Spanish for Medical Emergencies and Disaster Response,3,Spanish,,
SPAN 05320,Spanish Civilization and Culture,3,Spanish,,
SPAN 05324,Spanish American Civilization and Culture,3,Spanish,,
SPAN 05325,Readings in Contemporary Spanish Literature,3,Spanish,,
SPAN 05326,Spanish Novel,3,Spanish,,
SPAN 05327,Spanish American Poetry,3,Spanish,,
SPAN 05328,Spanish-American Theater,3,Spanish,,
SPAN 05340,Introduction to Spanish Translation,3,Spanish,,
SPAN 05350,Introduction to Spanish Interpretation,3,Spanish,,
SPAN 05381,Contemporary Spanish Theater,3,Spanish,,
SPAN 05383,Spanish-American Short Story,3,Spanish,,
SPAN 05400,History of The Spanish Language,3,Spanish,,
SPAN 05409,Advanced Spanish Grammar and Composition-WI,3,Spanish,,
SPAN 05410,Advanced Spanish Grammar and Composition,3,Spanish,,
SPAN 05411,Advanced Spanish Conversation,3,Spanish,,
SPAN 05426,Spanish-American Novel,3,Spanish,,
SPAN 05440,Special Topics in World Languages,3,Spanish,,
SPAN 05441,Advanced Spanish Translation,3,Spanish,,
SPAN 05451,Cervantes,3,Spanish,,
SPAN 05452,Internship in Spanish,3,Spanish,,
SPAN 05481,The Generation of 1898,3,Spanish,,
SPAN 05482,Contemporary Spanish Novel,3,Spanish,,
SPAN 05499,Study Abroad,1,Spanish,,
SPED 02340,Teaching Autistic Students in Inclusive Classrooms,3,Special Education,,
SPED 08110,Introduction to Special Education,3,Special Education,,
SPED 08130,Disability as Diversity,3,Special Education,,
SPED 08307,Assessment in Special and Inclusive Education,3,Special Education,,
SPED 08308,Assistive Technology and Transition Planning,3,Special Education,,
SPED 08316,Differentiated Instruction in the Inclusive Classroom,2,Special Education,,
SPED 08350,TOSD Clinical Experience I,1,Special Education,,
SPED 08351,TOSD Clinical Experience II,1,Special Education,,
SPED 08360,Positive Behavioral Support Systems,3,Special Education,,
SPED 08415,Specialized Instruction for Students with Exceptional Learning Needs,3,Special Education,,
SPED 08445,Clinical Seminar in Special Education,1,Special Education,,
SPED 08450,Clinical Practice in Special Education,3,Special Education,,
SPED 08515,"Curriculum, Instruction, and Transition in Special Education",3,Special Education,,
SPED 08520,Clinical Practice with Students with Disabilities,2,Special Education,,
SPED 08540,Technology For Students With Disabilities,3,Special Education,,
SPED 08555,Education and Psychology of Students with Disabilities,3,Special Education,,
SPED 90853,"Leadership, Policy, and Ethics in Special Education",3,Special Education,,
SPED 90854,Operational Leadership in Special Education,3,Special Education,,
LDTC 18503,Foundations of Learning Disabilities,3,,,
LDTC 18504,Assessment of Learning Disabilities,3,,,
LDTC 18505,Correction of Learning Disabilities,3,,,
LDTC 18510,Applied Theories of Learning,3,,,
LDTC 18516,Applied Tests and Measurements,3,,,
LDTC 18520,Neurological Bases of Educational Disorders,3,,,
LDTC 18525,Advanced Assessment Techniques,3,,,
LDTC 18650,Clinical and Field Experiences in Learning Disabilities,3,,,
SPRT 09101,Introduction to Sports Communication and Media,1,Sports Communication,,
SPRT 09110,Philadelphia Sports Past and Present,3,Sports Communication,,
SPRT 09201,Foundations of Esports,3,Sports Communication,,
SPRT 09210,Sports Betting and The Media,3,Sports Communication,,
SPRT 09220,Inside the Front Office,3,Sports Communication,,
SPRT 09301,Internship in Sports Communication and Media I,3,Sports Communication,,
SPRT 09302,Internship in Sports Communication Media II,3,Sports Communication,,
SPRT 09303,Internship in Sports Communication and Media III,3,Sports Communication,,
SPRT 09304,Special Topics in Sports Communication and Media,1,Sports Communication,,
SPRT 09315,Esports Characters and Communities,3,Sports Communication,,
SPRT 09316,Esports Reporting,3,Sports Communication,,
SPRT 09317,Esports Streaming and Social Platforms,3,Sports Communication,,
SPRT 09318,Esports Coverage: Shoutcasting and In-Game Observing,3,Sports Communication,,
SPRT 09319,Evolution of Esports,3,Sports Communication,,
SPRT 09401,Senior Seminar in Sports Communication and Media-WI,3,Sports Communication,,
SSCL 05340,Special Topics,3,,,
STAT 02102,Statistical Literacy,3,Statistics,,
STAT 02260,Statistics I,3,Statistics,,
STAT 02265,Basics of Statistical Computing,3,Statistics,,
STAT 02280,Biometry,4,Statistics,,
EDPA 02516,State and Local Politics in Policy Analysis,3,Public Administration,,
EDPA 02518,Public Finance and Cost-Benefit Analysis,3,Public Administration,,
EDPA 02520,Social Policy,3,Public Administration,,
EDPA 02530,Health Policy,3,Public Administration,,
EDPA 02540,Environmental Economic Policy,3,Public Administration,,
EDPA 02580,Public Policy Internship,3,Public Administration,,
EDPA 02590,Thesis in Public Policy I,3,Public Administration,,
EDPA 02592,Thesis in Public Policy II,3,Public Administration,,
EDPA 02690,Capstone in Public Policy,3,Public Administration,,
EDPA 07333,Social Policy and the Welfare State,3,Public Administration,,
EDPA 07520,Colloquium in Public Policy,3,Public Administration,,
PR 01403,Special Topics in Public Relations,1,Public Relations,,
PR 05219,International Public Relations,3,Public Relations,,
PR 05221,Contemporary Issues in Strategic Communication,3,Public Relations,,
PR 05317,Strategic Public Relations in Health Care,3,Public Relations,,
PR 05318,Strategic Visual Communication,3,Public Relations,,
PR 05320,Crisis Communication Survival Skills,3,Public Relations,,
PR 05321,Crisis Communication in Modern Media,3,Public Relations,,
PR 05350,Strategic Communication Overview,3,Public Relations,,
PR 05352,Fundraising and Friendraising in Non-Profits,3,Public Relations,,
PR 06301,Basic Public Relations Writing,3,Public Relations,,
PR 06305,Advanced Public Relations Writing,3,Public Relations,,
PR 06306,Social Media and Sports Communication,3,Public Relations,,
PR 06307,Sports and Entertainment Event Planning,3,Public Relations,,
PR 06308,Reputation Management and Crisis in Sports,3,Public Relations,,
PR 06309,Sports Branding and Fan Relations,3,Public Relations,,
PR 06310,Introduction to Public Relations/Advertising Research,3,Public Relations,,
PR 06317,Publication Layout and Design,3,Public Relations,,
PR 06324,Social Media Management and Metrics,3,Public Relations,,
PR 06350,Introduction to Public Relations,3,Public Relations,,
PR 06353,Case Studies in Public Relations - WI,3,Public Relations,,
PR 06354,News Trends and Media Relations,3,Public Relations,,
PR 06355,Public Relations/Advertising Law and Ethics,3,Public Relations,,
PR 06356,Digital Public Relations Strategies,3,Public Relations,,
PR 06359,Public Relations Practicum,1,Public Relations,,
PR 06360,Public Relations/Advertising Internship I,3,Public Relations,,
PR 06362,Public Relations/Advertising Internship II,3,Public Relations,,
PR 06405,Independent Study,1,Public Relations,,
PR 06425,Advanced Publication Layout and Design,3,Public Relations,,
PR 06453,Public Relations Planning,3,Public Relations,,
PR 06454,Public Relations Planning - WI,3,Public Relations,,
PR 99362,Public Opinion,3,Public Relations,,
QUEC 10100,"Modern Descendants of the Incas: Quechua Language, Culture, and History",3,Quechua,,
RTF 01402,Special Topics,3,"Radio, Television & Film",,
RTF 03100,Radio Production I,3,"Radio, Television & Film",,
RTF 03150,Survey of American Film and Television,3,"Radio, Television & Film",,
RTF 03200,Podcasting,3,"Radio, Television & Film",,
RTF 03201,Foundations of Media Production,3,"Radio, Television & Film",,
RTF 03202,Client Based Media Productions,3,"Radio, Television & Film",,
RTF 03205,TV History and Appreciation,3,"Radio, Television & Film",,
RTF 03206,"TV History and Appreciation, 1960s-1970s",3,"Radio, Television & Film",,
RTF 03210,Evolution of Quality TV,3,"Radio, Television & Film",,
RTF 03215,Motion Graphics,3,"Radio, Television & Film",,
RTF 03221,The Radio Industry,3,"Radio, Television & Film",,
RTF 03230,Television Production,3,"Radio, Television & Film",,
RTF 03270,Film History I,3,"Radio, Television & Film",,
RTF 03271,Film History II,3,"Radio, Television & Film",,
RTF 03274,Queer Film,3,"Radio, Television & Film",,
RTF 03275,Introduction to Media Aesthetics,3,"Radio, Television & Film",,
RTF 03276,Film/TV Theory and Criticism,3,"Radio, Television & Film",,
RTF 03280,African American Film History,3,"Radio, Television & Film",,
RTF 03285,Experiencing Documentary,3,"Radio, Television & Film",,
RTF 03290,The Media Industries,3,"Radio, Television & Film",,
RTF 03294,Contemporary International Cinema,3,"Radio, Television & Film",,
RTF 03295,Introduction to New Media,3,"Radio, Television & Film",,
RTF 03345,Live Event TV and Video Production,3,"Radio, Television & Film",,
RTF 03346,Sports TV Production,3,"Radio, Television & Film",,
RTF 03350,RTF Practicum,3,"Radio, Television & Film",,
RTF 03351,RTF Internship I,3,"Radio, Television & Film",,
RTF 03352,RTF Internship II,3,"Radio, Television & Film",,
RTF 03353,RTF Internship III,3,"Radio, Television & Film",,
RTF 03354,RTF Internship IV,3,"Radio, Television & Film",,
RTF 03370,Film Production I,3,"Radio, Television & Film",,
RTF 03371,Film Production II,3,"Radio, Television & Film",,
RTF 03372,American Film Directors,3,"Radio, Television & Film",,
RTF 03373,Film Noir,3,"Radio, Television & Film",,
RTF 03377,Animation History,3,"Radio, Television & Film",,
RTF 03378,The Hollywood Studio System,3,"Radio, Television & Film",,
RTF 03380,Acting for the Camera,3,"Radio, Television & Film",,
RTF 03393,Screenwriting I: Writing the Short - WI,3,"Radio, Television & Film",,
RTF 03394,New Media Production,3,"Radio, Television & Film",,
RTF 03395,Sound for Film and Video,3,"Radio, Television & Film",,
RTF 03396,Sports Broadcasting I,3,"Radio, Television & Film",,
RTF 03397,Sports Broadcasting II,3,"Radio, Television & Film",,
RTF 03433,Episodic Screenwriting I - WI,3,"Radio, Television & Film",,
RTF 03434,Episodic Screenwriting II - WI,3,"Radio, Television & Film",,
RTF 03450,Documentary Production for Film and Television,3,"Radio, Television & Film",,
RTF 03470,Advanced Film Production,3,"Radio, Television & Film",,
RTF 03471,Techniques of Documentary Film Production,3,"Radio, Television & Film",,
RTF 03473,Studies in Production Crafts,3,"Radio, Television & Film",,
RTF 03474,Film Censorship,3,"Radio, Television & Film",,
RTF 03475,RTF Senior Portfolio Seminar,1,"Radio, Television & Film",,
RTF 03485,Deconstructing Disney: From Mickey to Marvel,3,"Radio, Television & Film",,
RTF 03493,Screenwriting II: Writing the Feature - WI,3,"Radio, Television & Film",,
RTF 10510,Writing for Television,3,"Radio, Television & Film",,
RTF 10511,Research Methods in Television Studies,3,"Radio, Television & Film",,
RTF 10512,Television Genre and History,3,"Radio, Television & Film",,
RTF 10513,The Global Television Industry,3,"Radio, Television & Film",,
RTF 10514,Identity on Television,3,"Radio, Television & Film",,
RTF 10515,Special Topics,3,"Radio, Television & Film",,
RTF 10516,Television Auteurs,3,"Radio, Television & Film",,
RTF 10517,The Writer’s Room,3,"Radio, Television & Film",,
RTF 10518,The Evolution of Quality Television,3,"Radio, Television & Film",,
RTF 10519,Women and Television,3,"Radio, Television & Film",,
RTF 10523,Graduate Screenwriting,3,"Radio, Television & Film",,
RTF 10524,Master’s Project,3,"Radio, Television & Film",,
RTF 10525,Rhetoric of Reality TV,3,"Radio, Television & Film",,
RTF 10526,Script to Screen,3,"Radio, Television & Film",,
RTF 10527,Episodic Screenwriting I: Creating the Series,3,"Radio, Television & Film",,
RTF 10528,Episodic Screenwriting II: Writing the Pilot,3,"Radio, Television & Film",,
RTF 10529,Developing the Documentary Series,3,"Radio, Television & Film",,
RTF 10530,Master’s Project II,3,"Radio, Television & Film",,
READ 17100,Improving Personal Reading Skills,3,Reading,,
READ 30100,Critical Thinking and Reading of Academic Texts,3,Reading,,
READ 30311,Literacy Pedagogy I,3,Reading,,
READ 30319,Teaching Reading and Writing in the Content Area,3,Reading,,
READ 30320,"Language Development, Emergent Literacy, and Reading in Young Children",4,Reading,,
READ 30347,Phonics and Spelling Instruction,3,Reading,,
READ 30350,Using Children’s Literature in the Reading/Writing Classroom,3,Reading,,
READ 30351,Literacy Pedagogy II,2,Reading,,
READ 30421,Supervised Practicum in Literacy I-WI,3,Reading,,
READ 30451,Supervised Practicum in Literacy II,3,Reading,,
READ 30452,Advanced English Language Arts Methods for the Inclusive Classroom-WI,3,Reading,,
READ 30500,Theory and Practice in Literacy Education,3,Reading,,
READ 30515,"Literacy Foundations: Theory, Equity, and Practice",3,Reading,,
READ 30520,Adolescent Literacies,3,Reading,,
READ 30530,Teaching Literacy to Students with Disabilities,3,Reading,,
READ 30535,"Word Study: Phonics, Spelling, and Vocabulary Instruction",3,Reading,,
READ 30536,Reading and Writing Processes,3,Reading,,
READ 30540,Literacy Leadership in P-12 Schools,3,Reading,,
READ 30545,Using Multicultural Literature in the K-12 Literacy Classroom,3,Reading,,
READ 30547,Teaching Literacy to English Language Learners,3,Reading,,
READ 30550,Diagnosis of Reading and Writing Difficulties,3,Reading,,
READ 30552,Selected Topics In Reading,3,Reading,,
READ 30557,21st Century Literacies in Today’s Schools,3,Reading,,
READ 30560,Corrections of Reading and Writing Difficulties,3,Reading,,
READ 30566,Researching Classroom Practice,1,Reading,,
READ 30570,Clinical Experiences in Reading and Writing,6,Reading,,
READ 30599,Reading Research Seminar I,1,Reading,,
READ 30600,Reading Research Seminar II,3,Reading,,
READ 30611,Literacy Assessment,3,Reading,,
RFS 11300,Food Systems I: Agribusiness and “Big Food”,3,,,
RFS 11310,Fundamentals of Agricultural Practices,3,,,
RFS 12350,Food Systems II: Climate Change and Human Impact,3,,,
RESP 09300,Fundamentals of Respiratory Care Lecture,3,Respiratory Therapy,,
RESP 09301,Fundamentals of Respiratory Care Lab,2,Respiratory Therapy,,
RESP 09302,Cardiopulmonary Anatomy and Physiology,3,Respiratory Therapy,,
RESP 09303,Respiratory Care Pharmacology,2,Respiratory Therapy,,
RESP 09304,Critical Care,3,Respiratory Therapy,,
RESP 09305,Clinical Practice I,2,Respiratory Therapy,,
RESP 09306,Cardiopulmonary Evaluation,3,Respiratory Therapy,,
RESP 09307,Cardiopulmonary Pathophysiology,3,Respiratory Therapy,,
RESP 09310,Principles of Ventilatory Support I Lecture,3,Respiratory Therapy,,
RESP 09311,Principles of Ventilatory Support I Lab,2,Respiratory Therapy,,
RESP 09315,Clinical Practice II,2,Respiratory Therapy,,
RESP 09400,Introduction to Clinical Research,3,Respiratory Therapy,,
RESP 09401,Evidence-based Practice,3,Respiratory Therapy,,
RESP 09402,Pediatric and Neonatal Respiratory Care Lecture,3,Respiratory Therapy,,
RESP 09403,Pediatric and Neonatal Respiratory Care Lab,1,Respiratory Therapy,,
RESP 09404,"Respiratory Care in the Long Term, Home Care and Pulmonary Rehab Setting",3,Respiratory Therapy,,
RESP 09410,Principles of Ventilatory Support II,3,Respiratory Therapy,,
RESP 09411,Principles of Ventilatory Support II Lab,2,Respiratory Therapy,,
RESP 09425,Clinical Practice III,3,Respiratory Therapy,,
RESP 09435,Clinical Practice IV,3,Respiratory Therapy,,
RESP 09450,Senior Seminar,3,Respiratory Therapy,,
RESP 09460,Advanced Concepts in Respiratory and Critical Care,3,Respiratory Therapy,,
RESP 09461,Introduction to Disease Management,3,Respiratory Therapy,,
RESP 09462,Ethics and End of Life Issues,3,Respiratory Therapy,,
RESP 09463,Polysomnography and Topics in Sleep Medicine,3,Respiratory Therapy,,
RESP 09464,Leadership in Respiratory Care,3,Respiratory Therapy,,
RESP 09465,Capstone,3,Respiratory Therapy,,
RUSS 06101,Elementary Russian I,3,Russian,,
RUSS 06102,Elementary Russian II,3,Russian,,
RUSS 06201,Intermediate Russian I,3,Russian,,
RUSS 06211,Intermediate Russian II,3,Russian,,
RUSS 06440,Special Topics in World Languages,3,Russian,,
SNUR 92407,School and Family Issues for Children with Ongoing Health Care Needs,3,School Nursing,,
SNUR 92430,Methods and Materials in Health Teaching for School Nurses,3,School Nursing,,
SNUR 92444,Practicum in School Nursing,3,School Nursing,,
SNUR 92445,Internship in Health Teaching for School Nursing,3,School Nursing,,
SNUR 92466,School Health Services,3,School Nursing,,
SNUR 92751,Instructional Design and Curriculum Development in Nursing Education,3,School Nursing,,
SNUR 92752,Nursing Program Evaluation and Information Resources,3,School Nursing,,
SNUR 92753,Practicum in Nursing Education,3,School Nursing,,
SPSY 06627,Cognitive Assessment and Data-Based Decision Making,3,School Psychology,,
SPSY 06628,Psychoeducational Assessment and Data-Based Decision Making,3,School Psychology,,
SPSY 06629,Behavioral-Social Assessment and Data-Based Decision Making,3,School Psychology,,
SPSY 06632,"School Psychology: Consultation, Collaboration and Intervention",3,School Psychology,,
SPSY 08545,Home/School/Community Collaboration,3,School Psychology,,
SPSY 08547,Professional School Psychology,3,School Psychology,,
SPSY 22600,Applied Research Seminar I: School Psychology,3,School Psychology,,
SPSY 22601,Applied Research Seminar II: School Psychology,3,School Psychology,,
SPSY 22623,Internship in School Psychology,3,School Psychology,,
SPSY 22630,Practicum in School Psychology,3,School Psychology,,
SPSY 22634,Internship in School Psychology,6,School Psychology,,
SPSY 25600,Cognitive Assessment and Data-Based Decision Making,3,School Psychology,,
SPSY 25601,Psychoeducational Assessment and Data-Based Decision Making,3,School Psychology,,
SPSY 25602,Behavioral-Social Assessment and Data-Based Decision Making,3,School Psychology,,
SPSY 25630,Practicum in School Psychology,3,School Psychology,,
SPSY 25632,"School Psychology: Consultation, Collaboration and Intervention",3,School Psychology,,
GEOL 01570,Research Experience in Geology,2,Geology,,
GEOL 01701,Seminar in Geology,4,Geology,,
GEOL 01702,Advanced Seminar in Geology,4,Geology,,
GEOL 01703,Proposal Writing and Grant Management in Geology,3,Geology,,
GEOL 01704,Communication and Ethics in Geology,3,Geology,,
GEOL 01705,Graduate Colloquium,2,Geology,,
GEOL 01706,Advanced Graduate Colloquium,2,Geology,,
GEOL 01710,Fundamental Research I,6,Geology,,
GEOL 01711,Fundamental Research II,6,Geology,,
GEOL 01712,Topics in Graduate Geology,3,Geology,,
GEOL 01713,Advanced Topics in Graduate Geology,3,Geology,,
GEOL 01730,Dissertation Research in Geology,5,Geology,,
GERM 03100,Masterpieces of German Literature in English Translation,3,German,,
GERM 03101,Elementary German I,3,German,,
GERM 03102,Elementary German II,3,German,,
GERM 03201,Intermediate German I,3,German,,
GERM 03211,Intermediate German II,3,German,,
GERM 03212,German Reading and Composition,3,German,,
GERM 03320,German Civilization and Culture,3,German,,
GERM 03411,Advanced German Conversation,3,German,,
GERM 03435,Independent Study German,3,German,,
GERM 03440,Special Topics in World Languages,3,German,,
HLT 00103,Health and Wellness,3,Health,,
HLT 00170,Stress Management,3,Health,,
HLT 00200,Introduction to Public Health and Wellness,3,Health,,
HLT 00205,Introduction to Public Health and Medicine,2,Health,,
HLT 00227,Consumer Health Decisions,3,Health,,
HLT 00262,"Drugs, Alcohol, and Tobacco",3,Health,,
HLT 00300,Implementation and Assessment in Public Health,3,Health,,
HLT 00301,Health and Diverse Populations,3,Health,,
HLT 00302,Global Health,3,Health,,
HLT 00303,Environmental Issues and Health,3,Health,,
HLT 00304,Grant Writing for Public Health-WI,3,Health,,
HLT 00325,Global Public Health Justice,3,Health,,
HLT 00344,US Health Care Systems,3,Health,,
HLT 00345,"US Health Care Policy, Ethics, and Advocacy",3,Health,,
HLT 00347,Wellness Programming for Children Seminar,1,Health,,
HLT 00348,Public Health Epidemiology,3,Health,,
HLT 00355,Research Methods in Health Professions,3,Health,,
HLT 00370,Introduction to Sport and Exercise Psychology,3,Health,,
HLT 00371,Social Psychology of Sport,3,Health,,
HLT 00372,Evidence-Based Approach to Applied Sport Psychology and Exercise,3,Health,,
HLT 00410,Senior Seminar in Public Health and Wellness,3,Health,,
HLT 00415,Public Health Methods and Interventions,3,Health,,
HLT 00480,Internship in Public Health and Medicine,3,Health,,
HLT 00483,Internship in Public Health and Wellness,6,Health,,
HLT 00490,Wellness and Community Health Learning Assistant Seminar,3,Health,,
HLT 00550,Capstone Project,3,Health,,
HES 00105,Foundations of Exercise Science,3,,,
HES 00109,Adventure and Experiential Learning,2,,,
HES 00116,Safety First Aid Basic Understanding of Athletic Injuries,3,,,
HES 00201,Essentials of Strength Training,3,,,
HES 00202,Medical Terminology,3,,,
HES 00209,Adventure Processing and Facilitation,3,,,
HES 00241,Structure and Function of the Human Body I,3,,,
HES 00242,Structure and Function of the Human Body II,3,,,
HES 00243,Motor Control and Learning,3,,,
HES 00272,Technology and Assessment of Health and Exercise Science,3,,,
HES 00302,Research Methods in Exercise Science-WI,3,,,
HES 00309,Wilderness First Responder,4,,,
HES 00329,Laboratory in Personal Training Techniques,1,,,
HES 00343,Kinesiology,3,,,
HES 00344,Exercise Physiology (without lab),3,,,
HES 00346,Introduction to Biomechanics,3,,,
HES 00347,Wellness Programming for Children Seminar,1,,,
HES 00348,Human Disease and Epidemiology in Health and Exercise Science,3,,,
HES 00349,Exercise Physiology for the Health Care Professions,4,,,
HES 00350,Advanced Exercise Physiology,3,,,
HES 00401,Exercise Prescription,3,,,
HES 00402,EKG Interpretation and Basic Pharmacology in Health and Exercise Science,3,,,
HES 00409,Adventure Programming,3,,,
HES 00412,Exercise for Special Populations,3,,,
HES 00413,Senior Seminar in Exercise Science,3,,,
HES 00415,Nutrition for Fitness,3,,,
HES 00483,Senior Internship in Health and Exercise Science,6,,,
HES 00484,Senior Internship in Exercise Science,6,,,
HES 00490,Exercise Science Learning Assistant,3,,,
HES 00492,Independent Study Health and Exercise Science,1,,,
HLT 00375,The Pursuit of Happiness: Engaging Adventure Psychologically,3,,,
HLT 00504,"Data Analysis for Evidence-Based Research in Health, Wellness and Sport",3,,,
HLT 00505,Historical and Social Perspectives in Health Disparities,3,,,
HPE 00101,Swimming II: Intermediate,2,,,
HPE 00102,Lifeguard Training-Aquatics,3,,,
HPE 00103,Water Safety Instructor Training-Aquatics,3,,,
HPE 00104,Yoga and Mindfulness,2,,,
HPE 00109,Teaching Concepts of Driver Education,3,,,
HPE 00110,Karate I,2,,,
HPE 00111,"Walk, Jog, Run with Rowan",2,,,
HPE 00112,Capoiera Angola: Life Expression Through Martial Arts,2,,,
HPE 00113,Basic Training for Lifetime Wellness,2,,,
HPE 00118,Basketball Basics,2,,,
HPE 00119,Flag Football,2,,,
HPE 00240,Motor Development and Motor Learning,3,,,
HPE 00252,Foundations of Fitness,3,,,
HPE 00270,Technology in Health and Physical Education,2,,,
HPE 00286,Pedagogy and Instructional Practices in HPE,3,,,
HPE 00310,Teaching Concepts of Secondary Physical Education,3,,,
HPE 00316,Teaching Concepts of Dance in Physical Education,3,,,
HPE 00325,Teaching Concepts of Health Education I,3,,,
HPE 00326,Teaching Concepts of Health Education II,3,,,
STAT 02284,Statistics for the Biomedical Sciences,3,Statistics,,
STAT 02286,Probability and Statistics for Electrical and Computer Engineering,3,Statistics,,
STAT 02290,Probability and Statistical Inference for Computing Systems,3,Statistics,,
STAT 02311,Introduction to Statistical Computing,3,Statistics,,
STAT 02320,Concepts in Statistical Data Analysis,3,Statistics,,
STAT 02323,Special Topics in Statistics,3,Statistics,,
STAT 02331,Applied Statistical Analysis in Healthcare Professions,3,Statistics,,
STAT 02340,Elements of Statistical Learning,3,Statistics,,
STAT 02350,Regression Analysis,3,Statistics,,
STAT 02360,Probability and Random Variables,3,Statistics,,
STAT 02361,Mathematical Statistics,3,Statistics,,
STAT 02371,Design of Experiments: Analysis of Variance,3,Statistics,,
STAT 02450,Advanced Data Analysis (Multivariate and Bayesian),3,Statistics,,
STAT 02509,Probability and Statistics for Data Science,3,Statistics,,
STAT 02510,Introduction to Statistical Data Analysis,3,Statistics,,
STAT 02511,Statistical Computing,3,Statistics,,
STAT 02513,Applied Stochastic Processes,3,Statistics,,
STAT 02514,Decision Analysis,3,Statistics,,
STAT 02515,Applied Multivariate Data Analysis,3,Statistics,,
STAT 02525,Design and Analysis of Experiments,3,Statistics,,
STAT 02530,Applied Survival Analysis,3,Statistics,,
STAT 02585,Introduction to Bayesian Statistical Methods,3,Statistics,,
STAT 04501,Clinical Statistics,3,Statistics,,
SELN 10577,Collaborative Instruction in Inclusive Classrooms,3,,,
SELN 10578,"Special Education Policy, Advocacy, and Teacher Leadership",3,,,
SELN 10581,Implementing Positive Behavior Supports,3,,,
SELN 10582,Communication Skills for Students with Disabilities,3,,,
SELN 10585,Educational Assessment in Special Education,3,,,
SELN 10590,Introduction to Autism Spectrum Disorders,3,,,
SELN 10591,Instructional Methods for Students with Autism Spectrum Disorders,3,,,
SELN 10592,Clinical Experience and Seminar in Special Education,3,,,
SELN 10610,Inquiry in Special Education Settings,3,,,
SELN 10611,Practicum: Inquiry in Special Education Settings,3,,,
SELN 40477,"Effective Inclusive Instruction in English, Social Studies, and World Language Classrooms",3,,,
SELN 60576,Inclusive Instruction in STEM Classrooms,3,,,
SELN 60577,"Effective Inclusive Instruction in English, Social Studies, Theatre, and World Language Classrooms",3,,,
SCL 01320,Principles of Transportation,3,Supply Chain & Logistics,,
SCL 01330,Warehousing,3,Supply Chain & Logistics,,
SCL 01350,Procurement,3,Supply Chain & Logistics,,
SCL 01360,Lean Six Sigma for Supply Chain Management,3,Supply Chain & Logistics,,
SCL 01380,Global Supply Chain,3,Supply Chain & Logistics,,
SCL 01382,Supply Chain Analytics,3,Supply Chain & Logistics,,
SCL 01390,Selected Topics in Supply Chain Management,3,Supply Chain & Logistics,,
SCL 01410,Supervised Internship in Supply Chain and Logistics,3,Supply Chain & Logistics,,
SCL 01620,Analytics for Supply Chain Management,3,Supply Chain & Logistics,,
SET 01103,CADD I,3,,,
SET 01108,Introduction to Surveying,3,,,
SET 01113,CADD II,3,,,
SET 01201,"Codes, Contracts and Specifications",3,,,
SET 01203,3-D Modeling,3,,,
SET 01206,Evidence and Procedures for Boundary Location,3,,,
SET 01207,Hydraulics,3,,,
SET 01208,Route and Construction Surveying,3,,,
SET 01209,Map Projections and Coordinate Systems,3,,,
SET 01301,Legal Aspects of Surveying,3,,,
SET 01302,Adjustment Computations,4,,,
SET 01303,Boundaries and Adjacent Properties,3,,,
SET 01304,Digital Practices in Surveying,3,,,
SET 01305,Boundary Line Analysis,3,,,
SET 01306,Large Scale Topographic Surveying,3,,,
SET 01307,Photogrammetry,3,,,
SET 01308,Surveying from Unmanned Aerial Systems,3,,,
SET 01401,Geodetic Control Surveying,3,,,
SET 01402,Professional Practice in Surveying,2,,,
SET 01403,Fundamentals of Geodesy,3,,,
SET 01404,Terrestrial Laser Scanning,3,,,
SET 01405,Precise Positioning and Data Analysis,3,,,
SET 01406,Parcel-Based Information Systems,3,,,
SET 01490,Surveying Engineering Technology Capstone Course,4,,,
ESL 00001,English as a Second Language Level I,0,,,
ESL 00002,English as a Second Language Level II,0,,,
ESL 00003,English as a Second Language Level III,0,,,
ESL 00004,English as a Second Language Level IV,0,,,
ESL 00005,English as a Second Language Level V,0,,,
ESL 00011,ESL Level I Writing,0,,,
ESL 00012,ESL Level I Reading,0,,,
ESL 00013,ESL Level I Listening/Speaking,0,,,
ESL 00014,ESL Level I Grammar,0,,,
ESL 00021,ESL Level II Writing,0,,,
ESL 00022,ESL Level II Reading,0,,,
ESL 00023,ESL Level II Listening/Speaking,0,,,
ESL 00024,ESL Level II Grammar,0,,,
ESL 00025,Beginner Writing,0,,,
ESL 00026,Beginner Reading,0,,,
ESL 00027,Beginner Listening/Speaking,0,,,
ESL 00028,Beginner Grammar,0,,,
ESL 00031,ESL Level III Writing,0,,,
ESL 00032,ESL Level III Reading,0,,,
ESL 00033,ESL Level III Listening/Speaking,0,,,
ESL 00034,ESL Level III Grammar,0,,,
ESL 00035,Low Intermediate Writing,0,,,
ESL 00036,Low Intermediate Reading,0,,,
ESL 00037,Low Intermediate Listening/Speaking,0,,,
ESL 00038,Low Intermediate Grammar,0,,,
ESL 00041,ESL Level IV Academic Writing,0,,,
ESL 00042,ESL Level IV Academic Reading,0,,,
ESL 00043,Level IV Oral Presentation Skills,0,,,
ESL 00044,ESL Level IV Grammar,0,,,
ESL 00045,High Intermediate Academic Writing,0,,,
ESL 00046,High Intermediate Academic Reading,0,,,
HPE 00336,Teaching Concepts of Elementary Physical Education,3,,,
HPE 00392,Clinical Experience in Teaching Health and Physical Education,1,,,
HPE 00450,K-12 Health and Physical Education Curriculum and Instruction,3,,,
HPE 00452,Teaching Concepts of Adapted Physical Education,3,,,
HPE 00453,School Health Program Planning,2,,,
HPE 00457,Clinical Practice I in Health & Physical Education: Elementary,2,,,
HPE 00458,Clinical Practice I in Health and Physical Education: Secondary,2,,,
HPE 00459,Assessment Seminar in Health and Physical Education,3,,,
HPE 00460,Clinical Practice II in Health and Physical Education: Elementary,5,,,
HPE 00461,Clinical Practice II in Health and Physical Education: Secondary,5,,,
HPE 00465,Professional Seminar in Health and Physical Education,2,,,
HPE 00552,Curriculum and Assessment in Adapting Physical Activity,3,,,
HPE 00553,Community-Based Adapted Physical Activity,3,,,
HPE 00554,Pathology of Disability for the Adapted Physical Activity Specialist,3,,,
HPE 02210,Introduction to Health and Physical Education,1,,,
HSC 08100,Introduction to Health and Science Communication,3,,,
HSC 08101,Health and Science Communication Learning Community,1,,,
HSC 08200,Developing Health and Scientific Literacy,3,,,
HSC 08350,Special Topics in Health and Science Communication,3,,,
HSC 08450,Senior Seminar in Health and Science Communication,3,,,
HPW 00340,Program Planning and Leadership in Health Promotion and Wellness,3,,,
HPW 00350,Health Behavior Theory and Counseling,3,,,
HPW 00351,Wellness Coaching Seminar,1,,,
HPW 00360,Facility and Program Management in Wellness,3,,,
HPW 00430,Practicum in Health Promotion and Wellness Management,3,,,
HCNV 07401,Inter-professional Teamwork in Healthcare,2,Healthcare Innovation,,
HCM 51101,Introduction to Healthcare Management,3,Healthcare Management,,
HCM 51201,Healthcare Informatics,3,Healthcare Management,,
HCM 51204,Healthcare Marketing,3,Healthcare Management,,
HCM 51255,Data Analytics in Healthcare Management,3,Healthcare Management,,
HCM 51280,Healthcare Law and Ethics,3,Healthcare Management,,
HCM 51301,Healthcare Delivery and Quality,3,Healthcare Management,,
HCM 51327,Consumer Health Decisions,3,Healthcare Management,,
HCM 51329,Research Methods for Healthcare Managers,3,Healthcare Management,,
HCM 51344,Strategic Management in Healthcare,3,Healthcare Management,,
HCM 51351,Healthcare Finance and Decision Making,3,Healthcare Management,,
HCM 51488,Healthcare Management and Administration Internship I,3,Healthcare Management,,
HCM 51489,Healthcare Management and Administration Internship II,3,Healthcare Management,,
HCM 51498,Advanced Topics in Healthcare Management,3,Healthcare Management,,
HIED 06602,Higher Education Research and Assessment,3,Higher Education,,
HIED 06605,Higher Education in America,3,Higher Education,,
HIED 06606,Selected Topics in Higher Education,3,Higher Education,,
HIED 06607,Higher Education Administration,3,Higher Education,,
HIED 06614,College Student Development,3,Higher Education,,
HIED 06615,Academic Advising in Higher Education,3,Higher Education,,
HIED 06616,Planning and Resource Allocation in Higher Education,3,Higher Education,,
HIED 06617,Diversity in Higher Education,3,Higher Education,,
HIED 06618,Procedures and Evaluation in Research,3,Higher Education,,
HIED 06620,Legal Issues in Higher Education,3,Higher Education,,
HIED 06626,Crisis Management in Higher Education,3,Higher Education,,
HIED 06628,Seminar/Supervised Practice in Higher Education I,3,Higher Education,,
HIED 06629,Seminar/Internship in Higher Education Administration II,3,Higher Education,,
MHP 00610,Basic Laboratory Techniques-Biology,3,Histopathology,,
MHP 00611,Histology I: Basic Tissue Types,3,Histopathology,,
MHP 00612,Histology II: Techniques,4,Histopathology,,
MHP 00613,Histology III: Organ Systems,3,Histopathology,,
MHP 00614,Basic Laboratory Animal Techniques,4,Histopathology,,
MHP 00615,Advanced Animal Techniques,4,Histopathology,,
MHP 00616,Topics in Pathology,2,Histopathology,,
MHP 00640,Histopathology Independent Study,3,Histopathology,,
MHP 00650,Histopathology Internship,3,Histopathology,,
MHP 00690,Histopathology Thesis Research,9,Histopathology,,
HIST 00490,Seminar in Global Health Perspectives,3,History,,
HIST 05100,The West in the World to 1600,3,History,,
HIST 05101,The West in the World since 1600,3,History,,
HIST 05110,History of Now,3,History,,
HIST 05120,World History since 1500,3,History,,
HIST 05150,United States to 1865,3,History,,
HIST 05151,United States since 1865,3,History,,
HIST 05273,"American Military History, 1775-Present",3,History,,
HIST 05306,Historical Methods-WI,3,History,,
HIST 05307,Ancient Mediterranean World,3,History,,
HIST 05308,Modern Middle East,3,History,,
HIST 05310,Medieval Europe,3,History,,
HIST 05311,Renaissance and Reformation,3,History,,
HIST 05312,Age of Enlightenment 1648-1789,3,History,,
HIST 05314,Europe 1871-1914,3,History,,
HIST 05315,Twentieth Century Europe to 1945,3,History,,
HIST 05316,Twentieth Century Europe since 1945,3,History,,
HIST 05319,Ancient Greece,3,History,,
HIST 05320,Britain to 1715,3,History,,
HIST 05322,Civil War and Reconstruction,3,History,,
HIST 05334,US Urban History,3,History,,
HIST 05343,Russia to 1914,3,History,,
HIST 05344,Russia since 1914,3,History,,
HIST 05345,Topics in History,3,History,,
HIST 05346,Intellectual History of the U.S.,3,History,,
HIST 05347,Colonial Latin America,3,History,,
HIST 05350,Modern Latin America,3,History,,
HIST 05351,Modern Japan,3,History,,
HIST 05352,Chinese Cultural History,3,History,,
HIST 05353,Imperialism and Colonialism,3,History,,
HIST 05355,Modern China,3,History,,
HIST 05357,US Food History,3,History,,
HIST 05358,US Foreign Relations to 1900,3,History,,
HIST 05359,US Foreign Relations since 1900,3,History,,
HIST 05362,History of Mexico,3,History,,
HIST 05363,Ottoman History,3,History,,
HIST 05364,Topics in Global History,3,History,,
HIST 05365,History of the Cold War,3,History,,
SPSY 25634,Internship in School Psychology,6,School Psychology,,
STEM 60501,STEM: Teaching and Research Methods I,3,,,
STEM 60502,STEM: Teaching and Research Methods II: Mathematics,4,,,
STEM 60503,STEM: Teaching and Research Methods III: Mathematics,5,,,
STEM 60504,Professional Seminar for STEM Educators,3,,,
STEM 60510,Teaching STEM in Diverse Settings,3,,,
STEM 60512,STEM: Clinical Practice I,1,,,
STEM 60513,STEM: Clinical Practice II,3,,,
STEM 60522,STEM: Teaching and Research Methods II: Science,4,,,
STEM 60523,STEM: Teaching and Research Methods III: Science,5,,,
STEM 60524,STEM Teaching and Research Clinical Seminar I,1,,,
STEM 60525,Teaching and Research Clinical Seminar II,1,,,
SECD 03330,Clinical Experience in Teaching and Learning A Art,1,Secondary Education,,
SECD 03332,Clinical Experience in Teaching & Learning B Art,1,Secondary Education,,
SECD 03350,Teaching Students of Linguistic and Cultural Diversity,1,Secondary Education,,
SWK 01100,Introduction to Social Work,3,Social Work,,
SWK 01200,Introduction to Human Behavior in the Social Environment,3,Social Work,,
SWK 01205,Advanced Human Behavior in the Social Environment,3,Social Work,,
SWK 01310,Research Methods in Social Work,3,Social Work,,
SWK 01315,"Disparity, Systemic Inequality and Social Justice",3,Social Work,,
SWK 01325,Introduction to Generalist Social Work Practice,3,Social Work,,
SWK 01330,Social Work Policy and Practice,3,Social Work,,
SWK 01440,Introduction to Mental Health and Assessment for Social Work,3,Social Work,,
SWK 01445,Advanced Social Work Practice,3,Social Work,,
SWK 01450,Social Work Practicum I,3,Social Work,,
SWK 01451,Senior Seminar I,3,Social Work,,
SWK 01460,Social Work Practicum II,3,Social Work,,
SWK 01461,Senior Seminar II,3,Social Work,,
SWK 01510,Research Methods in Social Work,3,Social Work,,
SWK 01515,"Disparity, Systemic Inequality and Social Work Ethics",3,Social Work,,
SWK 01525,Introduction to Generalist Social Work Practice,3,Social Work,,
SWK 01530,"Social Policy, Advocacy and Practice",3,Social Work,,
SWK 01540,Mental Health Assessment Across the Lifespan,3,Social Work,,
SWK 01545,Advanced Social Work Practice,3,Social Work,,
SWK 01550,Generalist Field Work and Seminar in Social Work I,3,Social Work,,
SWK 01551,Generalist Field Experience and Seminar II,3,Social Work,,
SWK 01610,"Advanced Social Work Research, Evaluation, Planning and Administration",3,Social Work,,
SWK 01620,Social Work Supervision and Leadership,3,Social Work,,
SWK 01630,Mental Health and Healthcare Policy,3,Social Work,,
SWK 01640,"Impact and Intersections of Mental Health, Substance Abuse, and Trauma",3,Social Work,,
SWK 01650,Advanced Field Work and Seminar in Social Work I,4,Social Work,,
SWK 01651,Advanced Field Work and Seminar in Social Work II,4,Social Work,,
SWK 01660,Emerging Approaches to Integrative Health and Well Being,3,Social Work,,
SWK 01665,Special Topics in Social Work,3,Social Work,,
SWK 01670,Transdisciplinary Social Work Practice and Integrated Care,3,Social Work,,
SOC 08120,Introduction to Sociology,3,Sociology,,
SOC 08121,Introduction to Sociology for Premed Students,3,Sociology,,
SOC 08146,"Identity, Culture, and Democracy: Being an American",3,Sociology,,
SOC 08220,Sociology of the Family,3,Sociology,,
SOC 08221,Social Problems,3,Sociology,,
SOC 08223,Sociology of Social Welfare,3,Sociology,,
SOC 08228,"Science, Technology and Society",3,Sociology,,
SOC 08230,Sociology of Minority Groups,3,Sociology,,
SOC 08269,Self and Society,3,Sociology,,
SOC 08281,Sexuality and Society,3,Sociology,,
SOC 08320,Urban Sociology,3,Sociology,,
SOC 08321,Deviant Behavior and Social Control,3,Sociology,,
SOC 08322,The Sociology of Religion,3,Sociology,,
SOC 08323,The Sociology of Social Work,3,Sociology,,
SOC 08325,Deviant Behavior and Social Control - WI,3,Sociology,,
SOC 08326,Socialization of the Child Through Adolescence - WI,3,Sociology,,
SOC 08327,Comparative Education in Sociological Perspective,3,Sociology,,
SOC 08328,Sociology of Disasters and Crisis,3,Sociology,,
SOC 08330,Social Stratification,3,Sociology,,
SOC 08331,Classical Sociological Theory,3,Sociology,,
SOC 08332,Contemporary Sociological Theory,3,Sociology,,
SOC 08333,Sociology of Work,3,Sociology,,
SOC 08336,Sociology of Education,3,Sociology,,
SOC 08339,Sociological Practice,3,Sociology,,
SOC 08351,Political Sociology,3,Sociology,,
SOC 08353,Sociology of Complex Organizations,3,Sociology,,
SOC 08362,Sociology of Disability,3,Sociology,,
SOC 08365,Contemporary Jewish Life,3,Sociology,,
SOC 08370,Sociology of Women In Society,3,Sociology,,
SOC 08375,Sociological Research Methods,3,Sociology,,
SOC 08376,Social Statistics,3,Sociology,,
SOC 08377,Field Research Experience,3,Sociology,,
SOC 08399,Sociology of the Holocaust - WI,3,Sociology,,
SOC 08400,"Environment, Policy and Society",3,Sociology,,
SOC 08401,Human Service Organizations,3,Sociology,,
SOC 08403,"Sociology of Death, Dying, and Bereavement",3,Sociology,,
SOC 08405,Applied Community Development,3,Sociology,,
SOC 08422,"Social Determinants of Health: Theory, Method and Intervention",3,Sociology,,
SOC 08425,Sociology Senior Seminar,3,Sociology,,
SOC 08426,Sociology Senior Seminar - WI,3,Sociology,,
SOC 08427,Senior Seminar: Sociological Imagination-WI,3,Sociology,,
SOC 08429,Organizational Response to Disasters and Crisis,3,Sociology,,
SOC 08430,Case Management Intervention in Sociological Practice,3,Sociology,,
SOC 08431,Social Psychology of City Life,3,Sociology,,
SOC 08436,Sociology of Medicine,3,Sociology,,
SOC 08440,Selected Topics in Sociology,3,Sociology,,
SOC 08441,Sociology of Migration: Contemporary Perspectives,3,Sociology,,
SOC 08442,"Environmental Justice: Race, Class, and Gender",3,Sociology,,
SOC 08451,Health Movements in the Americas,3,Sociology,,
SOC 08488,"Critical Race Theory: Social Justice, Advocacy and Intervention",3,Sociology,,
SOC 08490,"Social Dynamics of Political Violence, Insurgency and Civil Unrest",3,Sociology,,
SOC 08491,Independent Study in Sociology,1,Sociology,,
SOC 08493,Seminar on Gender Roles,3,Sociology,,
SOC 08494,Field Experience Seminar in Sociology - WI,3,Sociology,,
SOC 08550,Colloquium in Social Justice,3,Sociology,,
MUS 40335,Sound Reinforcement II,3,Music,,
MUS 40341,Music Industry Contracts and Copyrights,3,Music,,
MUS 40342,Public Relations in the Music Industry,3,Music,,
MUS 40343,Songwriting,3,Music,,
MUS 40344,"Hip Hop Culture: Music, Lifestyle, Fashion and Politics",3,Music,,
MUS 40412,Capstone Project in Music Industry I,2,Music,,
MUS 40413,Capstone Project in Music Industry II,2,Music,,
MUS 40414,Artist Services II,2,Music,,
MUS 40415,Artist Services III,2,Music,,
MUS 40431,Mixing and Mastering,3,Music,,
MUS 50509,Music Education Workshop,2,Music,,
MUS 50510,Special Topics Seminars in Music Education,3,Music,,
MUS 50511,Research Methods in Music Education,3,Music,,
MUS 50540,Social and Psychological Environments of Music Learning,3,Music,,
MUS 50610,Master’s Final Presentation and Project,3,Music,,
MUS 50621,Master’s Thesis in Music Education,3,Music,,
MUS 50630,"Equity, Access, and Music Education",3,Music,,
MUS 50650,Philosophy of Music Education,3,Music,,
MUS 50660,Innovation in Curriculum and Instruction,3,Music,,
MUS 50670,Global Musics in Education,3,Music,,
MUS 50680,"Diversity, Inclusion, and Antiracism in Music Theory Pedagogy",3,Music,,
MUS 97100,Piano Class I,1,Music,,
MUS 97101,Piano Class II,1,Music,,
MUS 97102,Piano I for Non-Music Majors,3,Music,,
MUS 97111,String Class-Low,1,Music,,
MUS 97112,String Class-High,1,Music,,
MUS 97116,Woodwind Class,1,Music,,
MUS 97117,Brass Class,1,Music,,
MUS 97118,String Class,1,Music,,
MUS 97119,Instrumental Lab,1,Music,,
MUS 97200,Piano Class III,1,Music,,
MUS 97201,Piano Class IV,1,Music,,
MUS 97212,Conducting-Instrumental I,2,Music,,
MUS 97213,Conducting-Choral I,2,Music,,
MUS 97228,Classroom Guitar,1,Music,,
MUS 97229,Guitar Class I,3,Music,,
MUS 97230,Guitar Class II,3,Music,,
MUS 97300,French Horn Class,0.5,Music,,
MUS 97301,Trombone Class,0.5,Music,,
MUS 97302,Percussion Class,1,Music,,
MUS 97309,Trumpet Class,0.5,Music,,
MUS 97310,Tuba Class,0.5,Music,,
MUS 97312,Conducting-Instrumental II,2,Music,,
MUS 97313,Conducting-Choral II,2,Music,,
MUS 97400,Voice Class,1,Music,,
MUS 97401,Bassoon Class,0.5,Music,,
MUS 97402,Clarinet Class,0.5,Music,,
MUS 97403,Saxophone Class,0.5,Music,,
MUS 97409,Flute Class,0.5,Music,,
MUS 97410,Oboe Class,0.5,Music,,
MUS 98101,Foundations of Music Therapy,3,Music,,
MUS 98102,Principles of Music Therapy I,3,Music,,
MUS 98103,Music Therapy Practicum I,1,Music,,
MUS 98104,Therapeutic Principles for Music Therapists,1,Music,,
MUS 98105,Clinical Piano Skills I,2,Music,,
MUS 98106,Clinical Guitar Skills,2,Music,,
MUS 98107,Music Applications to Music Therapy I,1,Music,,
MUS 98108,Psychology of Music,3,Music,,
MUS 98109,Principles of Music Therapy II,3,Music,,
MUS 98110,Music Therapy Research Methods,3,Music,,
MUS 98111,Music Therapy Practicum II,1,Music,,
MUS 98112,Clinical Piano Skills II,2,Music,,
MUS 98113,Music Applications to Music Therapy II,1,Music,,
MUS 98115,Music Therapy Practicum III,1,Music,,
MUS 98116,Music Applications to Music Therapy III,1,Music,,
MUS 98117,Residency in Music Therapy,2,Music,,
MUS 98205,Clinical Piano Skills I,2,Music,,
MUS 98206,Clinical Guitar Skills,2,Music,,
MUS 98207,Recreative and Compositional Applications to Music Therapy,1,Music,,
MUS 98208,Psychology of Music,3,Music,,
MUS 98212,Clinical Piano Skills II,2,Music,,
MUS 98213,Receptive Applications to Music Therapy,1,Music,,
MUS 98301,Principles of Music Therapy I,3,Music,,
MUS 98303,Music Therapy Practicum I,1,Music,,
MUS 98307,Improvisational Applications to Music Therapy,1,Music,,
MUS 98310,Music Therapy Research Methods,3,Music,,
MUS 98401,Principles of Music Therapy II,3,Music,,
MUS 98403,Music Therapy Practicum II,1,Music,,
MUS 98404,Music Therapy Practicum III,1,Music,,
MUS 98406,Advanced Clinical Guitar Skills,2,Music,,
MUS 98409,Therapeutic Principles for Music Therapist,1,Music,,
MUS 98410,Residency in Music Therapy,2,Music,,
MUSG 05547,Music and the Related Arts,3,Music General,,
MUSG 06102,General Music History,3,Music General,,
MUSG 06109,Music Appreciation,3,Music General,,
MUSG 06115,Growth and Development of Jazz,3,Music General,,
MUSG 06117,Expressing Music Through Technology,3,Music General,,
MUSG 06120,Keyboard Literature,3,Music General,,
MUSG 06210,Vocal Literature,3,Music General,,
MUSG 06214,History and Literature of Western Music Repertories I,3,Music General,,
MUSG 06215,History and Literature of Western Music Repertories II,3,Music General,,
MUSG 06218,Music and The Child,3,Music General,,
MUSG 06220,The Singing Music of African-Americans,3,Music General,,
MUSG 06303,Choral Literature,2,Music General,,
MUSG 06335,History and Literature of Western Music Repertories III,3,Music General,,
MUSG 06435,Collegium Musicum,0,Music General,,
MUSG 06447,Music in World Cultures: Asia & Oceania,3,Music General,,
MUSG 06448,"Music in World Cultures: Africa, India, Near and Middle East",3,Music General,,
MUSG 06503,Jazz History,3,Music General,,
MUSG 06506,Art Song Literature,3,Music General,,
EVSC 01525,Advanced Global Field Study,4,Environmental Science,,
EVSC 04510,Earth’s Environment and Natural Systems,3,Environmental Science,,
EVSC 04511,The Science of Climate Change,3,Environmental Science,,
EVSC 04512,Applied Ecosystem Services,3,Environmental Science,,
EVSC 05550,Principles of Green Energy,3,Environmental Science,,
EVSC 05560,Industrial Health and Safety,3,Environmental Science,,
EVSC 05605,Case Studies in Applied Environmental Science,3,Environmental Science,,
EVSC 05610,Environmental Support Systems: Soils,3,Environmental Science,,
EVSC 05612,Environmental Support Systems: Fresh Water,3,Environmental Science,,
EVSC 05613,Environmental Support Systems: Native Plants in the Landscape,3,Environmental Science,,
EVSC 05614,Environmental Support Systems: Coast and Oceans,3,Environmental Science,,
EVSC 05620,Research Design in Environmental Science,3,Environmental Science,,
EVSC 05630,Communicating Environmental Science,3,Environmental Science,,
EVSC 05631,Protecting and Preserving Coastal Ecosystems,3,Environmental Science,,
EVSC 05656,Advanced Energy Transitions and Environmental Tradeoffs,3,Environmental Science,,
EVSC 05660,Risk Assessment,3,Environmental Science,,
EVSC 05685,Applied Environmental Science Graduate Clinic,3,Environmental Science,,
ENST 94101,Planet in Peril: Environmental Science in the 21st Century,3,Environmental Studies,,
ENST 94102,Human Nature: Intro to Environmental and Sustainability Studies,3,Environmental Studies,,
ENST 94201,Sustainability Assessment,3,Environmental Studies,,
ENST 94202,Environmental Science Research Methods and Data Analysis,4,Environmental Studies,,
ENST 94301,Environmental Ethics,3,Environmental Studies,,
ENST 94302,Technology and the Environment,3,Environmental Studies,,
ENST 94303,Environmental Advocacy,3,Environmental Studies,,
ENST 94400,Environmental Impact Assessment,3,Environmental Studies,,
ENST 94401,Senior Seminar in Environmental and Sustainability Studies-WI,3,Environmental Studies,,
ENST 94501,Sustainable Commerce,3,Environmental Studies,,
ENST 94502,Sustainability Assessment,3,Environmental Studies,,
ENST 94503,"Perspectives on Environmental Regulation, Policy, and Law",3,Environmental Studies,,
ENST 94504,Topics in Sustainability Innovation and Problem Solving,3,Environmental Studies,,
ESBN 03250,Esports Operations and Strategy,3,Esports Business,,
ESBN 03280,Esports Funding and Financial Management,3,Esports Business,,
ESBN 03301,Esports Business Development and Sponsorships,3,Esports Business,,
ESBN 03350,Esports Metrics and Analytics,3,Esports Business,,
XEED 01601,"Effective Teaching in Academic, Corporate and Government Settings",3,,,
XEED 01602,Experiential Engineering Education Graduate Research Seminar,0,,,
XEED 01650,Engineering Education Fundamentals,3,,,
XEED 01660,Research Design in Engineering Education,3,,,
FIN 04300,Principles of Finance,3,Finance,,
FIN 04310,Financial Analytics,3,Finance,,
FIN 04327,Selected Topics in Finance,0.5,Finance,,
FIN 04328,Selected Topics in Finance II,3,Finance,,
FIN 04330,Finance Internship,3,Finance,,
FIN 04350,Personal Financial Planning,3,Finance,,
FIN 04358,Bank Management,3,Finance,,
FIN 04400,Independent Study,1,Finance,,
FIN 04422,Financial Management I,3,Finance,,
FIN 04423,Financial Management II,3,Finance,,
FIN 04425,Financial Derivatives,3,Finance,,
FIN 04431,Investments,3,Finance,,
FIN 04433,Financial Institutions and Markets,3,Finance,,
FIN 04435,International Financial Management,3,Finance,,
FIN 04436,Insurance and Risk Management,3,Finance,,
FIN 04438,Portfolio Management,3,Finance,,
FIN 04439,Foundations of Fintech,3,Finance,,
FIN 04444,"Bitcoin, Cryptocurrency, and Blockchain Applications",3,Finance,,
FIN 04500,Financial Decision Making,3,Finance,,
FIN 04505,Advanced Financial Planning,3,Finance,,
FIN 04510,Independent Study: Finance,1,Finance,,
FIN 04511,Quantitative Methods in Finance,3,Finance,,
FIN 04512,Capital Budgeting,3,Finance,,
FIN 04518,Derivative Securities and Financial Risk Management,3,Finance,,
FIN 04520,Financial Modeling,3,Finance,,
FIN 04530,Multinational Financial Management,3,Finance,,
FIN 04540,Financial Institutions Management,3,Finance,,
FIN 04560,Fixed Income Securities,3,Finance,,
FIN 04599,Special Topics in Finance,3,Finance,,
FIN 04600,Investment Analysis and Portfolio Management,3,Finance,,
ARTG 01450,Internship,3,Fine Arts General,,
FNDS 21150,History of American Education,3,Foundations of Education,,
FREN 02100,Masterpieces of French Literature in English Translation,3,French,,
FREN 02101,Elementary French I,3,French,,
FREN 02102,Elementary French II,3,French,,
FREN 02201,Intermediate French I,3,French,,
FREN 02211,Intermediate French II,3,French,,
FREN 02212,French Reading and Composition,3,French,,
FREN 02300,French Phonetics,3,French,,
FREN 02305,Oral French,3,French,,
FREN 02311,Advanced French Conversation,3,French,,
FREN 02315,Introduction to French Literature,3,French,,
FREN 02320,French Civilization and Culture,3,French,,
FREN 02321,Survey of French Literature I,3,French,,
FREN 02322,Survey of French Literature II,3,French,,
FREN 02324,Appreciation of French Literature,3,French,,
FREN 02325,Readings in Contemporary French Literature,3,French,,
FREN 02326,The French Novel,3,French,,
FREN 02400,History of the French Language,3,French,,
FREN 02410,Advanced French Composition,3,French,,
FREN 02411,Advanced French Conversation,3,French,,
FREN 02420,Evolution of French Civilization,3,French,,
FREN 02421,The French Short Story,3,French,,
FREN 02440,Special Topics in World Languages,3,French,,
GEOG 16100,"Earth, People, and the Environment",3,Geography,,
GEOG 16101,Sustainability 101,1,Geography,,
GEOG 16110,Cultural Geography,3,Geography,,
GEOG 16130,Earth Sciences Laboratory I,4,Geography,,
GEOG 16131,Principles of Earth Science,3,Geography,,
GEOG 16133,Meteorology,4,Geography,,
GEOG 16140,World Regional Geography,3,Geography,,
GEOG 16160,Digital Earth: Mapping and Geographic Information Science,3,Geography,,
MGT 06350,Analytics for Quality Management,3,Management,,
MGT 06354,Managerial Data Analysis,3,Management,,
MGT 06361,Supervised Internship,3,Management,,
MGT 06381,Sustainable Business,3,Management,,
MGT 06401,Independent Study - Management,1,Management,,
MGT 06402,Business Policy,3,Management,,
MGT 06404,Quality Management,3,Management,,
MGT 06405,Business Management Simulation,3,Management,,
MGT 06406,Improving Business Processes,3,Management,,
MGT 06407,Business Analytics,3,Management,,
MGT 06408,Visual Business Intelligence,3,Management,,
MGT 06430,Business Field Research Experience,3,Management,,
MGT 06500,"Designing, Developing, and Leading High Performance Organizations",3,Management,,
MGT 06502,International Business and Society,3,Management,,
MGT 06503,Organization Development,3,Management,,
MGT 06510,Strategic Engineering Management,3,Management,,
MGT 06515,Employee Engagement and Performance,1.5,Management,,
MGT 06520,Global Leadership and Organization Culture,3,Management,,
MGT 06521,Leadership Theory and Practice,3,Management,,
MGT 06530,Sustainable Commerce,3,Management,,
MGT 06531,Sustainability Assessment,3,Management,,
MGT 06532,Topics in Sustainability Innovation and Problem Solving,3,Management,,
MGT 06555,Personal Leadership,3,Management,,
MGT 06567,"Responsible Leadership: Aligning the Interests of Stakeholders, Profit, and Planet",1.5,Management,,
MGT 06599,Special Topics in Management,3,Management,,
MGT 06601,Strategic Planning for Operating Managers,3,Management,,
MGT 06603,Process Analytics,3,Management,,
MGT 06629,Managing Organizational Strategy,3,Management,,
MGT 06666,Managing Engineering Teams,3,Management,,
MGT 06677,Management Skills for Engineers,3,Management,,
MGT 07500,Prospective Analytics,3,Management,,
MGT 07510,Quality Analytics,3,Management,,
MGT 07550,Operations Analytics,3,Management,,
MGT 07600,Predictive Analytics,3,Management,,
MGT 98242,Legal Environment of Business,3,Management,,
MIS 02234,Management Information Systems,3,,,
MIS 02301,Emerging Technologies I,1,,,
MIS 02302,Emerging Technologies II,1,,,
MIS 02303,Artificial Intelligence in Business,3,,,
MIS 02305,Business Applications of Blockchain,3,,,
MIS 02315,Principles of Information Security,3,,,
MIS 02318,Information Systems Risk Management,3,,,
MIS 02320,Seminar in Management Information Systems,3,,,
MIS 02322,Principles of System Design,3,,,
MIS 02325,Project Management,3,,,
MIS 02327,Network Management,3,,,
MIS 02328,Agile Project Management,3,,,
MIS 02329,Project Management Associate Exam Prep,3,,,
MIS 02330,Business Systems,3,,,
MIS 02331,Data Mining for Business,3,,,
MIS 02332,E-Business - Information Systems Perspectives,3,,,
MIS 02337,Applied Database Technologies,3,,,
MIS 02338,Design of Database Systems,3,,,
MIS 02339,Business Intelligence,3,,,
MIS 02344,Supervised Internship in Management Information Systems,3,,,
MIS 02400,Ind Study - Info Proc,3,,,
MIS 02428,Business Web Applications,3,,,
MIS 02450,MIS Capstone Experience,3,,,
MIS 02501,Information Systems for Managers,1.5,,,
MIS 02515,Electronic Commerce,3,,,
MIS 02522,Systems Analysis and Design,3,,,
MIS 02525,Project Management,3,,,
MIS 02526,Project Management for Engineers,3,,,
MIS 02530,Information Security for Managers,3,,,
MIS 02538,Database Design,3,,,
MIS 02540,Data Warehousing and Business Intelligence,3,,,
MIS 02599,Special Topics in Management Information Systems,3,,,
MKT 09101,Marketing and the Business Environment - RS,3,Marketing,,
MKT 09200,Principles of Marketing,3,Marketing,,
MKT 09305,Digital Marketing,3,Marketing,,
MKT 09307,Brand Management,3,Marketing,,
MKT 09315,Personal Selling,3,Marketing,,
MKT 09320,Independent Study-Marketing,,Marketing,,
MKT 09330,Marketing Channels,3,Marketing,,
MKT 09350,Management of Advertising and Promotion,3,Marketing,,
MKT 09360,Services Marketing,3,Marketing,,
MKT 09372,Retailing,3,Marketing,,
MKT 09375,Business Logistics,3,Marketing,,
MKT 09376,Consumer Behavior,3,Marketing,,
MKT 09378,"Product, Price, New Venture Management",3,Marketing,,
MKT 09379,International Marketing,3,Marketing,,
MKT 09382,Sales Force Management,3,Marketing,,
MKT 09384,Research Methods in Marketing-WI,3,Marketing,,
MKT 09386,The Marketing Plan,3,Marketing,,
MKT 09388,Advanced Marketing Research Methods,3,Marketing,,
MKT 09390,Selected Topics in Marketing,3,Marketing,,
MKT 09391,Business to Business Marketing,3,Marketing,,
MKT 09402,Marketing Consultancy,3,Marketing,,
MKT 09403,Strategic Marketing Management,3,Marketing,,
MKT 09406,Strategic Supply Chain Management,3,Marketing,,
MKT 09411,Supervised Internship in Marketing,3,Marketing,,
MKT 09501,Consumer Analysis,3,Marketing,,
MKT 09502,Marketing Research,3,Marketing,,
MKT 09503,Marketing Communication and Promotion,3,Marketing,,
MKT 09511,Marketing Management Fundamentals,1.5,Marketing,,
MKT 09575,Introduction to Logistics and Supply Chain Management,3,Marketing,,
MKT 09599,Special Topics in Marketing,3,Marketing,,
MKT 09600,International Marketing,3,Marketing,,
MKT 09605,Supply Chain Strategy,3,Marketing,,
MAPR 01524,Fundraising and Development,2,,,
MUS 08164,Percussion Ensemble,0,Music,,
MUS 08169,Percussion Ensemble,0,Music,,
MUS 08172,Guitar Ensemble,0,Music,,
MUS 08174,Guitar Ensemble,0,Music,,
MUS 08180,Flute Ensemble,0,Music,,
MUS 08188,Opera Company,0,Music,,
MUS 08193,Opera Company,0,Music,,
MUS 08196,Saxophone Ensemble,0,Music,,
MUS 08216,Soprano-Alto Chorus,1,Music,,
MUS 08218,Soprano-Alto Chorus,1,Music,,
MUS 08224,Tenor-Bass Chorus,1,Music,,
MUS 08226,Tenor-Bass Chorus,1,Music,,
MUS 08227,Jazz Guitar Ensemble,0,Music,,
MUS 08236,Composition Workshop,1,Music,,
MUS 08237,Composition Workshop,1,Music,,
MUS 08238,Composition Workshop,1,Music,,
MUS 08239,Composition Workshop,1,Music,,
MUS 08240,Composition Workshop,1,Music,,
MUS 08241,Composition Workshop,1,Music,,
MUS 08242,Composition Workshop,1,Music,,
MUS 08243,Clarinet Ensemble,0,Music,,
MUS 08248,Clarinet Ensemble,0,Music,,
MUS 08252,University Chorus,0,Music,,
MUS 08255,University Chorus,0,Music,,
MUS 08260,Chamber Choir,1,Music,,
MUS 08265,Chamber Choir,1,Music,,
MUS 08268,Marching Band,0,Music,,
MUS 09106,Symphonic Band,0,Music,,
MUS 09114,String Orchestra,0,Music,,
MUS 10501,Graduate Secondary Applied Instrument I,2,Music,,
MUS 10505,Graduate Secondary Applied Voice I,2,Music,,
MUS 10509,Graduate Applied Instrument I,4,Music,,
MUS 10510,Graduate Applied Instrument II,4,Music,,
MUS 10511,Graduate Applied Instrument III,4,Music,,
MUS 10512,Graduate Applied Instrument IV,4,Music,,
MUS 10513,Graduate Applied Voice I,4,Music,,
MUS 10514,Graduate Applied Voice II,4,Music,,
MUS 10515,Graduate Applied Voice III,4,Music,,
MUS 10516,Graduate Applied Voice IV,4,Music,,
MUS 10517,Graduate Applied Instrument I,6,Music,,
MUS 10518,Graduate Applied Instrument II,6,Music,,
MUS 10519,Graduate Applied Instrument III,6,Music,,
MUS 10520,Graduate Applied Instrument IV,6,Music,,
MUS 10521,Graduate Applied Voice I,6,Music,,
MUS 10522,Graduate Applied Voice II,6,Music,,
MUS 10523,Graduate Applied Voice III,6,Music,,
MUS 10524,Graduate Applied Voice IV,6,Music,,
MUS 10525,Graduate Music Composition I,4,Music,,
MUS 10526,Graduate Music Composition II,4,Music,,
MUS 10527,Graduate Music Composition I,6,Music,,
MUS 10528,Graduate Music Composition II,6,Music,,
MUS 10529,Graduate Conducting I,2,Music,,
MUS 10530,Graduate Conducting II,2,Music,,
MUS 10531,Graduate Conducting III,2,Music,,
MUS 10532,Graduate Conducting IV,4,Music,,
MUS 10533,Graduate Conducting I,6,Music,,
MUS 10534,Graduate Conducting II,6,Music,,
MUS 10537,Graduate Ensemble: Concert Choir,1,Music,,
MUS 10539,Graduate Ensemble: Concert Choir,1,Music,,
MUS 10541,Graduate Ensemble: Jazz Band,1,Music,,
MUS 10542,Graduate Ensemble: Jazz Band,1,Music,,
MUS 10543,Graduate Ensemble: Jazz Band,1,Music,,
MUS 10544,Graduate Ensemble: Jazz Band,1,Music,,
MUS 10545,Graduate Ensemble: Lab Band,1,Music,,
MUS 10546,Graduate Ensemble: Lab Band,1,Music,,
MUS 10547,Graduate Ensemble: Lab Band,1,Music,,
MUS 10548,Graduate Ensemble: Lab Band,1,Music,,
MUS 10549,Graduate Ensemble: Orchestra,1,Music,,
MUS 10550,Graduate Ensemble: Orchestra,1,Music,,
MUS 10551,Graduate Ensemble: Orchestra,1,Music,,
MUS 10552,Graduate Ensemble: Orchestra,1,Music,,
MUS 10553,Graduate Ensemble: Wind Ensemble,1,Music,,
MUS 10554,Graduate Ensemble: Wind Ensemble,1,Music,,
MUS 10555,Graduate Ensemble: Wind Ensemble,1,Music,,
MUS 10556,Graduate Ensemble: Wind Ensemble,1,Music,,
MUS 10573,Graduate String Orchestra,0,Music,,
MUS 32218,Vocal Pedagogy,3,Music,,
MUS 32219,Piano Pedagogy,1,Music,,
MUS 32220,Instrumental Pedagogy,1,Music,,
MUS 40111,Business of Music I,3,Music,,
MUS 40113,Business of Music II,3,Music,,
MUS 40121,Audio Recording I,3,Music,,
MUS 40122,Computer Technology and Music I,3,Music,,
MUS 40201,History of Popular Music,3,Music,,
MUS 40202,Introduction to Music Performance,3,Music,,
MUS 40211,Music Industry Internship I,3,Music,,
MUS 40212,Music Publishing,3,Music,,
MUS 40213,Touring and Concert Promotion,3,Music,,
MUS 40221,Audio Recording II,3,Music,,
MUS 40222,Computer Technology and Music II,3,Music,,
MUS 40223,Survey of Record Production,1,Music,,
MUS 40311,Music Industry Internship II,3,Music,,
MUS 40314,Artist Services I,2,Music,,
MUS 40315,Entrepreneurship in the Music Industry,3,Music,,
MUS 40321,Producing the Record,3,Music,,
MUS 40322,Audio for Video,3,Music,,
MUS 40323,Sound Reinforcement I,3,Music,,
MUS 40331,Game Audio,3,Music,,
MUS 40332,Recording Studio Design and Maintenance,3,Music,,
MUS 40333,Sound Synthesis and Remixing,3,Music,,
HIST 05366,History of Medicine in Africa,3,History,,
HIST 05367,"Gender, Sexuality and History",3,History,,
HIST 05368,Topics in United States History,3,History,,
HIST 05369,Indigenous History in the US,3,History,,
HIST 05371,U.S. Legal and Constitutional History to 1870,3,History,,
HIST 05372,U.S. Legal and Constitutional History since 1870,3,History,,
HIST 05373,Civil Rights/Black Power Movements,3,History,,
HIST 05375,The United States since 1945,3,History,,
HIST 05376,African American History to 1865,3,History,,
HIST 05377,African American History since 1865,3,History,,
HIST 05378,History of Camden,3,History,,
HIST 05379,Ancient Egypt,3,History,,
HIST 05383,Islamic Civilization,3,History,,
HIST 05384,Cultural History of U.S.,3,History,,
HIST 05386,History of New Jersey,3,History,,
HIST 05387,Public History,3,History,,
HIST 05389,History of U.S. Latin American Relations,3,History,,
HIST 05391,"History of Sports, Politics, and Society in Latin America",3,History,,
HIST 05392,Digital Public History,3,History,,
HIST 05394,Sub-Saharan Africa to 1800,3,History,,
HIST 05397,Sub-Saharan Africa since 1800,3,History,,
HIST 05398,Modern Germany,3,History,,
HIST 05399,Digital History,3,History,,
HIST 05404,Arab-Israeli Conflict,3,History,,
HIST 05406,Nazi Germany and the Holocaust,3,History,,
HIST 05407,History of World War II,3,History,,
HIST 05409,Latin American Revolutions and Reform,3,History,,
HIST 05411,Topics in Latin American History,3,History,,
HIST 05419,Women In Modern Europe,3,History,,
HIST 05420,British Empire/Commonwealth,3,History,,
HIST 05423,Women in Early American History,3,History,,
HIST 05424,Women in Modern American History,3,History,,
HIST 05425,History of Feminisms,3,History,,
HIST 05426,Colonial North America 1500-1775,3,History,,
HIST 05427,"The American Revolution and Early Republic, 1775-1828",3,History,,
HIST 05429,Topics in History,3,History,,
HIST 05437,Twentieth Century African Nationalism,3,History,,
HIST 05438,History of the Vietnam War,3,History,,
HIST 05443,Topics in Global History,3,History,,
HIST 05444,Islamist Movements,3,History,,
HIST 05446,"Race, Identity and History in East Asia",3,History,,
HIST 05448,Late Imperial China,3,History,,
HIST 05449,Holocaust Memory,3,History,,
HIST 05450,History of Childhood and Youth in America,3,History,,
HIST 05451,History of Human Rights in Latin America,3,History,,
HIST 05452,United States History 1820-1861,3,History,,
HIST 05453,"The Gilded Age and Progressive Era, 1877-1914",3,History,,
HIST 05454,"America from War to War, 1914-1945",3,History,,
HIST 05471,History of the American West,3,History,,
HIST 05492,Seminar,3,History,,
HIST 05493,Independent Study,3,History,,
HIST 05495,Internship in History,3,History,,
HIST 05506,Research Methods in History,3,History,,
HIST 05510,Readings and Research in Global History,3,History,,
HIST 05511,Colloquium in American History I,3,History,,
HIST 05512,Readings and Research In History II,3,History,,
HIST 05514,Colloquium in American History II,3,History,,
HIST 05516,Colloquium in American History III,3,History,,
HIST 05519,Political and Social Movements in the U.S.,3,History,,
HIST 05522,Colloquium in European History I,3,History,,
HIST 05523,Colloquium in European History II,3,History,,
HIST 05531,Colloquium in Global History I,3,History,,
HIST 05533,Colloquium in Global History II,3,History,,
HIST 05535,Colloquium in Global History III,3,History,,
HIST 05544,NJ in American History,3,History,,
HIST 05545,History of Crime,3,History,,
HIST 05551,Graduate Independent Study,3,History,,
HIST 05561,Early American History Seminar,3,History,,
HIST 05562,Nineteenth Century American History Seminar,3,History,,
HIST 05563,Twentieth Century American History Seminar,3,History,,
HIST 05571,Ancient Mediterranean History Seminar,3,History,,
HIST 05572,Medieval and Early Modern European History Seminar,3,History,,
HIST 05573,Modern European History Seminar,3,History,,
HIST 05581,African History Seminar,3,History,,
HIST 05582,Middle Eastern History Seminar,3,History,,
HIST 05583,Russian History Seminar,3,History,,
HIST 05584,Latin American History Seminar,3,History,,
HIST 05585,East Asian History Seminar,3,History,,
HIST 05586,South and Southeast Asian History Seminar,3,History,,
HIST 05601,Master’s Thesis in History I,3,History,,
HIST 05602,Master’s Thesis in History II,3,History,,
HIST 55392,History of Sports Diplomacy,3,History,,
HIST 55396,Oral History in the Digital Age,3,History,,
SSCL 05150,"Sports, Society, and Civil Leadership in a Global Age",3,History,,
HGS 70507,Introduction to Holocaust and Genocide Education,3,,,
HGS 70527,Colloquium in Holocaust and Genocide Studies,3,,,
HGS 70537,Holocaust and Genocide Education Program Evaluation and Creation,3,,,
HGS 70577,Student Assessment in Holocaust and Genocide Education,3,,,
HGS 70597,Capstone in Holocaust and Genocide Education,3,,,
HONR 01101,Leadership and Service Training,0,Honors,,
HONR 02210,Principles and Pedagogies in the Inclusive Classroom,3,Honors,,
HONR 05101,Honors: Participation,0,Honors,,
HONR 05202,"Biology, History, and the Fate of Human Society",3,Honors,,
HONR 05208,Principles of Personal Finance,3,Honors,,
HONR 05214,Songs of Praise and Protest,3,Honors,,
HONR 05301,Honors Capstone Proposal,0,Honors,,
HONR 05306,Teaching the Holocaust: History and Memory,3,Honors,,
HONR 05317,Honors Alternative Course Experience,0,Honors,,
HONR 05390,Selected Topics,3,Honors,,
HONR 05400,Honors Independent Study,1,Honors,,
MATH 01332,Introduction to Numerical Analysis,3,Mathematics,,
MATH 01340,Modern Algebra I,3,Mathematics,,
MATH 01341,Modern Algebra II,3,Mathematics,,
MATH 01352,Theory of Numbers,3,Mathematics,,
MATH 01354,Introduction to Topology,3,Mathematics,,
MATH 01361,Introduction to Real and Complex Variables,3,Mathematics,,
MATH 01386,Introduction to Partial Differential Equations,3,Mathematics,,
MATH 01390,Mathematics Research,3,Mathematics,,
MATH 01395,Selected Topics in Mathematics,1,Mathematics,,
MATH 01400,Independent Study Of Mathematics,1,Mathematics,,
MATH 01410,History of Mathematics,3,Mathematics,,
MATH 01421,Mathematics Field Experience,3,Mathematics,,
MATH 01430,Introduction to Complex Analysis,3,Mathematics,,
MATH 01497,Mathematics Seminar for Educators - WI,3,Mathematics,,
MATH 01498,Math Seminar-WI,3,Mathematics,,
MATH 01499,Mathematics Seminar,3,Mathematics,,
MATH 01502,Linear Algebra and Matrix Theory,3,Mathematics,,
MATH 01503,Number Theory,3,Mathematics,,
MATH 01504,Introduction To Mathematical Logic,3,Mathematics,,
MATH 01505,Probability and Mathematical Statistics I,3,Mathematics,,
MATH 01506,Probability and Mathematical Statistics II,3,Mathematics,,
MATH 01507,Differential Geometry,3,Mathematics,,
MATH 01510,Real Analysis I,3,Mathematics,,
MATH 01511,Real Analysis II,3,Mathematics,,
MATH 01512,Complex Analysis I,3,Mathematics,,
MATH 01513,Complex Analysis II,3,Mathematics,,
MATH 01515,Engineering Applications of Analysis,3,Mathematics,,
MATH 01517,ENGINEER PROB & STAT,3,Mathematics,,
MATH 01520,Topics in Applied Mathematics,3,Mathematics,,
MATH 01521,Nonlinear Differential Equations,3,Mathematics,,
MATH 01522,History of Mathematics,3,Mathematics,,
MATH 01523,Selected Topics in Mathematics,1,Mathematics,,
MATH 01524,Abstract Algebra I,3,Mathematics,,
MATH 01525,Modern Geometry,3,Mathematics,,
MATH 01526,Point Set Topology,3,Mathematics,,
MATH 01527,Abstract Algebra II,3,Mathematics,,
MATH 01528,Mathematical Modeling & Algebraic Reasoning,3,Mathematics,,
MATH 01529,Numerical Analysis,3,Mathematics,,
MATH 01533,Graduate Seminar in Mathematics,3,Mathematics,,
MATH 01550,Independent Study,1,Mathematics,,
MATH 01552,History of Math,3,Mathematics,,
MATH 01603,Analytic Number Theory,3,Mathematics,,
MATH 03125,Calculus: Techniques and Applications,3,Mathematics,,
MATH 03150,Discrete Mathematics,3,Mathematics,,
MATH 03400,Applications of Mathematics,3,Mathematics,,
MATH 03411,Deterministic Models in Operations Research,3,Mathematics,,
MATH 03412,Stochastic Models in Operations Research,3,Mathematics,,
MATH 03501,Mathematical Modeling for Biological Systems,3,Mathematics,,
MATH 03510,Mathematical Model/Algebra RSN,3,Mathematics,,
MATH 03511,Operations Research I,3,Mathematics,,
MATH 03512,Operations Research II,3,Mathematics,,
MATH 03525,Partial Differential Equations in Biomathematics,3,Mathematics,,
MATH 03550,Topics In Discrete Mathematics,3,Mathematics,,
MATH 03600,Topics In Elementary Mathematics,3,Mathematics,,
MATH 03610,Applied Statistical Epidemiology,3,Mathematics,,
MATH 03611,Special Topics in Biomathematics,3,Mathematics,,
MATH 03612,Masters Thesis,3,Mathematics,,
ME 10101,Introduction to Mechanical Design,3,Mechanical Engineering,,
ME 10210,Manufacturing and Measurement Techniques,2,Mechanical Engineering,,
ME 10301,Machine Design,4,Mechanical Engineering,,
ME 10310,Introduction to Thermal-Fluid Sciences,4,Mechanical Engineering,,
ME 10320,Principles of Mechanical Engineering for ECE Majors,3,Mechanical Engineering,,
ME 10330,Fluid Mechanics for Mechanical Engineers,3,Mechanical Engineering,,
ME 10335,Heat Transfer for Mechanical Engineers,3,Mechanical Engineering,,
ME 10342,Quality and Reliability in Design and Manufacture,3,Mechanical Engineering,,
ME 10345,Dynamic Systems and Control,4,Mechanical Engineering,,
ME 10401,Introduction to Computer Integrated Manufacturing and Automation,3,Mechanical Engineering,,
ME 10402,How it Worked,3,Mechanical Engineering,,
ME 10405,Special Topics in Mechanical Engineering,3,Mechanical Engineering,,
ME 10406,Introduction to Computational Materials Science,3,Mechanical Engineering,,
ME 10411,Introduction to Combustion,3,Mechanical Engineering,,
ME 10413,Advanced Heat and Mass Transfer,3,Mechanical Engineering,,
ME 10414,Introduction to Energy Conversion Systems,3,Mechanical Engineering,,
ME 10421,Introduction to Gas Dynamics,3,Mechanical Engineering,,
ME 10422,Introduction to Computational Fluid Dynamics,3,Mechanical Engineering,,
ME 10430,Introduction to Reliability Engineering,3,Mechanical Engineering,,
ME 10433,Introduction to Renewable Energy: Photovoltaics & Energy Harvesting,3,Mechanical Engineering,,
ME 10435,Introduction to Wind Energy,3,Mechanical Engineering,,
ME 10440,Introduction to Advanced Manufacturing,3,Mechanical Engineering,,
ME 10441,Advanced Mechanism Design for Undergraduates,3,Mechanical Engineering,,
ME 10442,Mechatronics,3,Mechanical Engineering,,
ME 10443,Design For X,3,Mechanical Engineering,,
ME 10444,Automotive Engineering I - Internal Combustion Engines,3,Mechanical Engineering,,
ME 10445,Automotive Engineering - Powertrains,3,Mechanical Engineering,,
ME 10446,Automotive Engineering - Vehicle Dynamics,3,Mechanical Engineering,,
ME 10450,Introduction to Advanced Solid Mechanics,3,Mechanical Engineering,,
ME 10451,Introduction To The Mechanics Of Continuous Media,3,Mechanical Engineering,,
ME 10452,Introduction to Structural Acoustics,3,Mechanical Engineering,,
ME 10453,Introduction to Analytic Dynamics,3,Mechanical Engineering,,
ME 10455,Introduction to Nanotechnology,3,Mechanical Engineering,,
ME 10456,Introduction to Special Topics in Mechatronics,3,Mechanical Engineering,,
ME 10460,Introduction to Composite Materials,3,Mechanical Engineering,,
ME 10461,Introduction to Engineering Optimization,3,Mechanical Engineering,,
ME 10462,Intro to FEA with ANSYS,3,Mechanical Engineering,,
ME 10466,Introduction to Soft Robotics,3,Mechanical Engineering,,
ME 10470,Introduction to Biomechanics,3,Mechanical Engineering,,
ME 10474,Introduction to Additive Manufacturing and Characterization,3,Mechanical Engineering,,
ME 10480,Intro to Aerospace Vehicles,3,Mechanical Engineering,,
ME 10481,Introduction to Aerodynamics,3,Mechanical Engineering,,
ME 10482,Intro to Flight Dynamics,3,Mechanical Engineering,,
GEOG 16240,US and Canada,3,Geography,,
GEOG 16241,Geography of New Jersey,3,Geography,,
GEOG 16250,Selected Topics in Geography and Environment,1,Geography,,
GEOG 16260,Fundamentals of Geographic Information Systems (GIS),4,Geography,,
GEOG 16261,Cartography,3,Geography,,
GEOG 16290,History and Methods of Modern Geography,3,Geography,,
GEOG 16301,"Natural Resources, Capitalism, and Society",3,Geography,,
GEOG 16302,Urban Geography,3,Geography,,
GEOG 16303,Political Geography,3,Geography,,
GEOG 16304,Population Geography,3,Geography,,
GEOG 16307,Transportation Planning and Policy,3,Geography,,
GEOG 16308,Sensing the Sustainable City,3,Geography,,
GEOG 16309,"Smell Studio: Art, Nature, Place",3,Geography,,
GEOG 16312,Cultural Landscapes,3,Geography,,
GEOG 16321,Geography of Beer,3,Geography,,
GEOG 16331,Geography of the National Parks,3,Geography,,
GEOG 16332,Geomorphology,3,Geography,,
GEOG 16333,"Suburbia: People, Place, and Politics",3,Geography,,
GEOG 16334,The Geography of Natural Disasters,3,Geography,,
GEOG 16335,Field Studies in Geography,3,Geography,,
GEOG 16338,Climatology,3,Geography,,
GEOG 16342,Geography of Europe,3,Geography,,
GEOG 16343,Geography of Asia,3,Geography,,
GEOG 16344,Geography of Latin America,3,Geography,,
GEOG 16345,Geography of Africa,3,Geography,,
GEOG 16346,Geography of Russia and its Neighbors,3,Geography,,
GEOG 16347,Geography of the Middle East,3,Geography,,
GEOG 16350,Quantitative and Qualitative Methods,3,Geography,,
GEOG 16355,Foundation in Geographic Knowledge-WI,3,Geography,,
GEOG 16360,Applications of Geographic Information Systems,3,Geography,,
GEOG 16361,Geovisualization,3,Geography,,
GEOG 16365,Geospatial Measurement and Environmental Modeling,3,Geography,,
GEOG 16370,"Drones, Planes, and Satellites",3,Geography,,
GEOG 16375,Remote Sensing of the Environment,3,Geography,,
GEOG 16388,"Risks, Hazards, and Air Disasters",3,Geography,,
GEOG 16390,Geography Research Clinic/Studio,1,Geography,,
GEOG 16391,Directed Geographic Field Experiences,3,Geography,,
GEOG 16462,Web-Based GIS Mapping,3,Geography,,
GEOG 16489,Research Seminar in Geography,3,Geography,,
GEOG 16490,Undergraduate Research Seminar in Geography (Senior Seminar) - WI,3,Geography,,
GEOG 16491,Independent Study in Geography,1,Geography,,
GEOG 16509,"Smell Studio - Art, Nature, Place",3,Geography,,
GEOG 16550,"Selected Topics in Geography, Planning, and Sustainability",1,Geography,,
GEOG 16553,Workshop In Geography,1,Geography,,
GEOG 16555,Introduction to Qualitative Methods for Planners and Policy Makers,3,Geography,,
GEOG 16560,Digital Earth: Mapping and Geographic Information Science,3,Geography,,
GEOG 16561,Cartography,3,Geography,,
GEOG 16562,Web-Based GIS Mapping Geography,3,Geography,,
GEOG 16565,Applications of Geographic Information Systems (GIS),3,Geography,,
GEOG 16575,Remote Sensing of Environment,3,Geography,,
GEOG 16591,Independent Study in Geography,1,Geography,,
GEOG 16661,Geovisualization,3,Geography,,
GEOG 16665,Geospatial Measurement and Environmental Modeling,3,Geography,,
GEOG 16670,"Drones, Planes, and Satellites",3,Geography,,
GEOG 31660,Fundamentals of Geographic Information Systems,4,Geography,,
GEOL 01101,Physical Geology,4,Geology,,
GEOL 01102,Earth Through Time,4,Geology,,
GEOL 01105,Selected Topics in Geology,3,Geology,,
GEOL 01110,Dinosaurs and Their World,3,Geology,,
GEOL 01111,Edelman Fossil Park Experience,4,Geology,,
GEOL 01112,Motion of Life,3,Geology,,
GEOL 01120,Earthquakes and Volcanoes,3,Geology,,
GEOL 01131,Earth in Transition: The Science of Global Climate Change,3,Geology,,
GEOL 01133,"Climate, Catastrophes, Civilizations and Collapses",3,Geology,,
GEOL 01136,Water Planet: Exploring the Hydrosphere,3,Geology,,
GEOL 01150,Voyager: The Exploration of Space,3,Geology,,
GEOL 01201,Mineralogy and Petrology,4,Geology,,
GEOL 01210,Invertebrate Paleontology,4,Geology,,
GEOL 01230,Paleoclimatology,4,Geology,,
GEOL 01240,Introduction to Field Methods in Geology,4,Geology,,
GEOL 01250,Ocean-Atmosphere Interactions,4,Geology,,
GEOL 01301,Advanced Field Methods,4,Geology,,
GEOL 01303,Advanced Topics in Geology,3,Geology,,
GEOL 01310,Geological Laboratory Techniques,4,Geology,,
GEOL 01311,Vertebrate Paleontology,4,Geology,,
GEOL 01312,Dinosaur Paleontology,4,Geology,,
GEOL 01313,Breathing Life into Fossils: The Science of Paleoart,4,Geology,,
GEOL 01320,Sedimentology and Stratigraphy,4,Geology,,
GEOL 01321,Basin Analysis,4,Geology,,
GEOL 01331,Climate Change and the Cryosphere,4,Geology,,
GEOL 01340,Tectonics and Structural Geology,4,Geology,,
GEOL 01350,Advanced Petrology,4,Geology,,
GEOL 01353,Geochemistry,4,Geology,,
GEOL 01400,Practical Experience in Geology,3,Geology,,
GEOL 01410,Taphonomy,4,Geology,,
GEOL 01411,Paleoecology,4,Geology,,
GEOL 01412,Macroevolution in the Fossil Record,3,Geology,,
GEOL 01413,Paleobiology,4,Geology,,
GEOL 01421,Hydrogeology,4,Geology,,
GEOL 01430,Climate Variability and Diagnostics,4,Geology,,
GEOL 01432,Tectonic Scale Climate Change,3,Geology,,
GEOL 01435,The Ice Ages and Quaternary Geology,4,Geology,,
GEOL 01440,Geochronology and Thermochronology,3,Geology,,
GEOL 01445,Glacial Geology,4,Geology,,
GEOL 01450,Senior Seminar in Geology,2,Geology,,
GEOL 01455,Cosmochemistry,4,Geology,,
GEOL 01460,Current Research in Geology,2,Geology,,
GEOL 01470,Research Experience in Geology,2,Geology,,
GEOL 01471,Advanced Research Experience in Geology,2,Geology,,
GEOL 01480,Professional Development in Geology,1,Geology,,
MUSG 06509,String Instrument Literature,3,Music General,,
MUSG 06510,Keyboard Literature,3,Music General,,
MUSG 06511,Twentieth Century Band Literature,3,Music General,,
MUSG 06542,Opera Literature,3,Music General,,
MUSG 06546,Development and Interpretation of Symphonic Literature,3,Music General,,
MUSG 06555,Select Topics-Music Education,3,Music General,,
NEUR 01301,Introduction to Neuroscience,3,Neurosciences,,
NEUR 01302,Neuroanatomy and Physiology,4,Neurosciences,,
NEUR 01450,Mathematical Modeling in Neuroscience,3,Neurosciences,,
NEUR 01480,Neuroscience Seminar,3,Neurosciences,,
NEUR 01491,Neuroscience Research Clinic,3,Neurosciences,,
NURS 03100,Introduction to Interprofessional Healthcare Practices,3,Nursing,,
NURS 03150,Nursing I: Fundamentals Practice and Mental Health Nursing,8,Nursing,,
NURS 03250,Nursing II: Health Promotion/Illness Management of the Child-Bearing Family and Adults with Chronic,8,Nursing,,
NURS 03300,Pathophysiology for Nursing,3,Nursing,,
NURS 03303,Comprehensive Health Assessment,3,Nursing,,
NURS 03304,Nursing Informatics,3,Nursing,,
NURS 03308,Pharmacology of Nursing,3,Nursing,,
NURS 03309,Topics In Health Care Ethics,3,Nursing,,
NURS 03320,Nursing III: Management of Acute and Chronic Health Issues Across the Lifespan,8,Nursing,,
NURS 03400,"Holistic Nursing Philosophy, Theories, and Ethics",3,Nursing,,
NURS 03401,Community Health Nursing,6,Nursing,,
NURS 03403,Nursing Care Delivery Systems,3,Nursing,,
NURS 03404,Research Applications in Nursing Practice - WI,3,Nursing,,
NURS 03405,Health Care Policy and Finance,3,Nursing,,
NURS 03407,Holistic Nursing Education and Research,3,Nursing,,
NURS 03408,Holistic Nurse Self-Reflection and Self-Care,3,Nursing,,
NURS 03409,Holistic Therapeutic Healing and Cultural Diversity,3,Nursing,,
NURS 03450,Nursing IV: Management of Individuals and Groups with Complex Health Issues,8,Nursing,,
NURS 03451,Senior Clinical Capstone Immersion,6,Nursing,,
NURS 03452,Transition to Nursing Practice,4,Nursing,,
NURS 05500,Integrated Information Technology in Health Care,3,Nursing,,
NURS 05501,Advanced Health Assessment,3,Nursing,,
NURS 05502,Teaching and Learning in Nursing,3,Nursing,,
NURS 05503,Advanced Nursing Research,4,Nursing,,
NURS 05504,Advanced Pathophysiology,3,Nursing,,
NURS 05505,Advanced Pharmacology,3,Nursing,,
NURS 05506,Learning Assessment in the Classroom and Clinical Environment,3,Nursing,,
NURS 05507,Leadership and Care Delivery Environment,3,Nursing,,
NURS 05508,Special Issues and Trends in Nursing,3,Nursing,,
NURS 05513,Nursing Curricular Design and Evaluation,3,Nursing,,
NURS 05514,"Nurse Educator: Leadership, Quality, and Planned Change in the Practice Environment I",3,Nursing,,
NURS 05515,"Nurse Educator: Leadership, Quality, and Planned Change in the Practice Environment II",4,Nursing,,
NURS 05516,Epidemiology Health Promotion and Disease Management,2,Nursing,,
NURS 05517,"Nurse Practitioner Role: History, Practice Regulations, Reimbursement and Ethics",2,Nursing,,
NURS 05531,FNP Across the Lifespan,3,Nursing,,
NURS 05532,FNP Across the Lifespan,3,Nursing,,
NURS 05533,AGACNP Adult Medicine Clinical I,3,Nursing,,
NURS 05534,Evidence Based Clinical Care for Adult Gerontologic Acute Care Nurse Practitioner I,3,Nursing,,
NURS 05535,AGACNP Adult Medicine Clinical II,3,Nursing,,
NURS 05536,Evidence Based Clinical Care for Adult Gerontological Acute Care Nurse Practitioner II,3,Nursing,,
NURS 05537,AGACNP Adult Medicine Clinical III,3,Nursing,,
NURS 05538,Adult Acute and Chronic Disease Management,3,Nursing,,
NURS 05544,FNP Women’s Health/Pediatrics Clinical,3,Nursing,,
NURS 05545,FNP Clinical I,3,Nursing,,
NURS 05546,Women’s Health and Pediatrics,3,Nursing,,
NURS 05547,FNP Clinical II,3,Nursing,,
NURS 05551,Theoretical Foundations of Psychotherapy Across the Lifespan,3,Nursing,,
NURS 05552,Biopsychosocial Assessment and Differential Diagnosis,3,Nursing,,
NURS 05553,Principles of Psychopharmacology Across the Lifespan,3,Nursing,,
NURS 05554,Behavior Theory I: Care of the Adult and the Older Adult and Family,3,Nursing,,
NURS 05555,Behavior Clinical Practicum I: Care of the Adult and the Older Adult and Family,3,Nursing,,
NURS 05556,Behavior Theory II: Care of the Adult and the Older Adult and Family,3,Nursing,,
NURS 05557,Behavior Clinical Practicum II: Care of the Adult and the Older Adult and Family,3,Nursing,,
NURS 05558,Behavior Theory III: Care of the Child and Adolescent and Family,3,Nursing,,
NURS 05559,Behavior Clinical Practicum III: Care of the Child and Adolescent and Family,3,Nursing,,
NURS 05560,Evidence Based Practice in Illness/Disease,3,Nursing,,
NURS 05561,The Role of the Nurse-Theory and Practice,3,Nursing,,
NURS 05562,Healthcare Organizational Structure,3,Nursing,,
NURS 05563,Philosophy and Ethics in Advanced Nursing Roles,3,Nursing,,
NURS 05564,Healthcare Economics for Nursing Executives,4,Nursing,,
NURS 05565,Nurse Executive and Human Capital Issues,3,Nursing,,
NURS 05566,Nurse Executive Administration Practicum,4,Nursing,,
OLOL 00102,Nursing I: Foundations of Practice and Mental Health Nursing,8,Nursing,,
OLOL 00110,Health Assessment,2,Nursing,,
OLOL 00111,Nursing II: Health Promotion and Illness Mgmt of Child-bearing Family and Adult w/ Chronic Illness,8,Nursing,,
OLOL 00202,Nursing III: Management of Acute and Chronic Health Issues Across the Lifespan,8,Nursing,,
OLOL 00211,Nursing IV: Management of Individuals and Groups with Complex Health Issues,8,Nursing,,
OLOL 00235,Transition to Practice,3,Nursing,,
NUT 00200,Basic Nutrition,3,Nutrition,,
NUT 00230,Introduction to Nutrition Professions,3,Nutrition,,
NUT 00300,Lifecycle Nutrition,3,Nutrition,,
NUT 00310,Management of Food and Nutrition Services,3,Nutrition,,
NUT 00320,Techniques of Food Preparation,3,Nutrition,,
NUT 00330,Nutrition Therapy I,3,Nutrition,,
NUT 00340,Nutrition Therapy II,3,Nutrition,,
NUT 00341,Nutrition Therapy II Laboratory,1,Nutrition,,
NUT 00350,Community Nutrition,3,Nutrition,,
NUT 00360,Human Metabolism in Nutrition,3,Nutrition,,
NUT 00410,Nutrition and Public Health,3,Nutrition,,
NUT 00415,Nutrition for Fitness,3,Nutrition,,
NUT 00420,Contemporary Issues in Nutrition,3,Nutrition,,
NUT 00425,Principles of Food Science,3,Nutrition,,
NUT 00460,Integrative and Functional Nutrition,3,Nutrition,,
NUT 00465,Maternal and Child Nutrition,3,Nutrition,,
NUT 00470,Nutrition Education,3,Nutrition,,
NUT 00476,Nutrition and Aging,3,Nutrition,,
NUT 00484,Senior Seminar In Nutrition,3,Nutrition,,
NUT 00485,Senior Internship in Nutrition,6,Nutrition,,
NUT 00490,Macronutrient Metabolism,3,Nutrition,,
MAPR 01533,Crisis Public Relations,1,,,
MAPR 01541,Understanding and Writing Grants and Proposals,1,,,
MAPR 01547,Graduate Strategic Writing,3,,,
MAPR 01550,Introduction to Graduate Strategic Communication Research,3,,,
MAPR 01551,Graduate Strategic Communication Overview,3,,,
MAPR 01553,Graduate Case Studies in Public Relations,1,,,
MAPR 01554,Planning Special Events,1,,,
MAPR 01556,Organizational Public Relations Management and Counseling,3,,,
MAPR 01559,Strategic Public Affairs,3,,,
MAPR 01561,Graduate Strategic Writing II,3,,,
MAPR 01565,Integrated Marketing Communication and New Media,3,,,
MAPR 01568,Graduate Strategic Visual Communication,3,,,
MAPR 01569,Graduate Strategic Case Studies and Public Relations Planning,3,,,
MAPR 01570,Graduate Media Metrics and Analytics,3,,,
MAPR 01571,Brand Reputation,3,,,
MAPR 01572,Special Topics Public Relations,3,,,
MAPR 01573,Graduate Media Buying and Planning,3,,,
MAPR 01610,Internship in Public Relations,3,,,
MAPR 01620,Strategic Communication Seminar,3,,,
MAPR 06515,Online Public Relations,3,,,
MAPR 98503,School Public Relations,3,,,
MAWR 01549,Issues in Composition Studies,3,,,
MAWR 01554,Core I: Theories and Techniques of Writing,3,,,
MAWR 01556,Assessment of Writing,3,,,
MAWR 01557,Writing Freelance Features,3,,,
MAWR 01558,Fiction Workshop,3,,,
MAWR 01559,Core II: Research Methods for Writers,3,,,
MAWR 01561,Seminar I,3,,,
MAWR 01566,Editing the Literary Journal,3,,,
MAWR 01567,Professions in Publishing,3,,,
MAWR 01570,Experimenting with the Major Work-in-Progress,3,,,
MAWR 01571,Seminar II,3,,,
MAWR 01575,Practicum in Teaching Composition,3,,,
MAWR 01615,Independent Study,3,,,
MAWR 01618,Special Topics,3,,,
MAWR 01622,Publishing for Creative Writers,3,,,
MAWR 01623,Writing Stories for Children and Young Adults,3,,,
MAWR 01630,Writing Difference,3,,,
MAWR 02505,Poetry Workshop,3,,,
MAWR 02515,Creative Nonfiction Workshop,3,,,
MAWR 02520,Writing the Novel,3,,,
MAWR 02523,Writing the Memoir,3,,,
MAWR 02524,Writing the Graphic Novel: Theory and Practice,3,,,
MAWR 02525,Writing Genre Fiction,3,,,
MAWR 03520,Master of Arts in Writing Internship,0.5,,,
MAWR 07500,The Essay: Art and Craft,3,,,
METL 01624,Educational Change,3,,,
METL 50511,Teacher Leadership and Learning Communities,3,,,
METL 50512,Curriculum Development for Teacher Leaders and Other School Professionals,3,,,
METL 50513,Teacher Leadership in Practice,3,,,
METL 50514,Agency in Teacher Leadership,3,,,
METL 50516,Analysis of Classroom Teacher Behavior,3,,,
METL 50550,Clinical Self-Study in Teacher Leadership,1,,,
MPS 00550,Professional and Career Parallel Education,1,,,
MPS 00570,Graduate Seminar: Career Exploration,3,,,
MPS 22503,Foundations of Agile Management,3,,,
MPS 22510,Diversity and Labor Relations,3,,,
MPS 22511,Organizational Decision Making and Strategic Planning,3,,,
MPS 22512,Complex Organization Dynamics: Leadership and Planning,3,,,
MPS 22513,Personnel Administration,3,,,
MPS 22514,Non-Profit Organization Development and Management,3,,,
MPS 22551,Foundations of Data Analytics and Reporting,3,,,
MPS 22600,Project Management and Team Building,3,,,
MPS 22699,Action Study: Master of Professional Studies Research,1,,,
MSE 00510,"Structure, Symmetry, and Properties of Materials",3,,,
MSE 00520,Thermodynamics of Materials,3,,,
MSE 00530,Experimental Techniques in Materials Science and Engineering,3,,,
MSE 00598,Master’s Thesis Research Continuation,9,,,
MSE 00599,Master’s Thesis Research,1,,,
MSE 00610,Kinetics of Materials,3,,,
MSE 00620,Materials Science and Engineering Journal Club,1,,,
MSE 00798,PhD Dissertation Research Continuation,9,,,
MSE 00799,PhD Dissertation Research,1,,,
MSE 01700,"Foundations in Processing, Manufacturing, and Properties of Materials",0,,,
MATH 01000,Mathematics Learning Community-Rowan Seminar,1,Mathematics,,
MATH 01090,Foundations of Mathematical Reasoning,3,Mathematics,,
MATH 01103,Topics from Fractal Geometry and Graph Theory,1,Mathematics,,
MATH 01105,"Special Topics: Fractal Geometry, Graph Theory, and Proof",1,Mathematics,,
MATH 01115,Contemporary Mathematics,3,Mathematics,,
MATH 01118,Quantitative Reasoning,3,Mathematics,,
MATH 01122,Precalculus Mathematics,4,Mathematics,,
MATH 01123,College Algebra,3,Mathematics,,
MATH 01124,Reasoning with Functions,4,Mathematics,,
MATH 01125,Trigonometry,1,Mathematics,,
MATH 01130,Calculus I,4,Mathematics,,
MATH 01131,Calculus II,4,Mathematics,,
MATH 01201,Structures of Mathematics I,3,Mathematics,,
MATH 01202,Introduction to Geometry,3,Mathematics,,
MATH 01203,Mathematics Learning Assistant Course,1,Mathematics,,
MATH 01204,Structures of Mathematics II,3,Mathematics,,
MATH 01205,Technological Tools for Discovering Mathematics,2,Mathematics,,
MATH 01210,Linear Algebra,3,Mathematics,,
MATH 01230,Calculus III,4,Mathematics,,
MATH 01231,Ordinary Differential Equations,3,Mathematics,,
MATH 01232,Mathematical Modeling for Educators,3,Mathematics,,
MATH 01235,Mathematics for Engineering Analysis,4,Mathematics,,
MATH 01300,Mathematical Proof Writing,3,Mathematics,,
MATH 01310,College Geometry,4,Mathematics,,
MATH 01330,Introduction to Real Analysis I,3,Mathematics,,
MATH 01331,Introduction to Real Analysis II,3,Mathematics,,
ME 10501,Computer Integrated Manufacturing and Automation,3,Mechanical Engineering,,
ME 10502,How it Worked,3,Mechanical Engineering,,
ME 10505,Special Topics in Mechanical Engineering,3,Mechanical Engineering,,
ME 10506,Computational Materials Science,3,Mechanical Engineering,,
ME 10511,Combustion,3,Mechanical Engineering,,
ME 10513,Principles in Advanced Heat and Mass Transfer,3,Mechanical Engineering,,
ME 10514,Energy Conversion Systems,3,Mechanical Engineering,,
ME 10521,Gas Dynamics,3,Mechanical Engineering,,
ME 10522,Computational Fluid Dynamics,3,Mechanical Engineering,,
ME 10530,Reliability Engineering,3,Mechanical Engineering,,
ME 10532,Quality & Reliability in Engineering,3,Mechanical Engineering,,
ME 10533,Renewable Energy: Photovoltaics and Energy Harvesting,3,Mechanical Engineering,,
ME 10535,Wind Energy,3,Mechanical Engineering,,
ME 10540,Advanced Manufacturing,3,Mechanical Engineering,,
ME 10541,Advanced Mechanism Design,3,Mechanical Engineering,,
ME 10542,Advanced Mechatronics,3,Mechanical Engineering,,
ME 10543,Advanced Design for X,3,Mechanical Engineering,,
ME 10544,Automotive Engineering: Elements of Internal Combustion Engines,3,Mechanical Engineering,,
ME 10545,Modern Manufacturing Processes and Technologies,3,Mechanical Engineering,,
ME 10550,Advanced Solid Mechanics,3,Mechanical Engineering,,
ME 10551,Mechanics of Continuous Media,3,Mechanical Engineering,,
ME 10552,Structural Acoustics,3,Mechanical Engineering,,
ME 10553,Analytical Dynamics,3,Mechanical Engineering,,
ME 10554,Elastic Stability of Structures,3,Mechanical Engineering,,
ME 10555,Principles of Nanotechnology,3,Mechanical Engineering,,
ME 10556,Special Topics in Mechatronics,3,Mechanical Engineering,,
ME 10560,Composite Materials,3,Mechanical Engineering,,
ME 10561,Engineering Optimization,3,Mechanical Engineering,,
ME 10562,FEA with ANSYS,3,Mechanical Engineering,,
ME 10566,Soft Robotics,3,Mechanical Engineering,,
ME 10570,Principles in Biomechanics,3,Mechanical Engineering,,
ME 10572,Principles in Biomaterials,3,Mechanical Engineering,,
ME 10576,Principles in Orthopaedic Biomechanics,3,Mechanical Engineering,,
ME 10580,Aerospace Vehicles,3,Mechanical Engineering,,
ME 10581,Aerodynamics,3,Mechanical Engineering,,
ME 10582,Flight Dynmaics,3,Mechanical Engineering,,
ME 10705,Special Topics in Mechanical Engineering for Doctoral Students,1,Mechanical Engineering,,
MET 07102,Engineering Graphics for MET,3,,,
MET 07201,Applied Thermal Engineering,3,,,
MET 07252,CNC Programing,4,,,
MET 07255,Matlab Programming for MET,3,,,
MET 07271,Statics for MET,3,,,
MET 07291,Dynamics for MET,3,,,
MET 07301,Applied Thermal Energy II,3,,,
MET 07311,Applied Fluid Mechanics,3,,,
MET 07312,Applied Heat Transfer,3,,,
MET 07351,CNC Programming II,3,,,
MET 07360,Introduction to Mechanical Systems,3,,,
MILS 01120,Military Science I - Foundations in Leadership,3,Military Science,,
MILS 01150,American Military History 1650 - Present,3,Military Science,,
MILS 01210,Military Science II - Innovative Tactical Leadership,3,Military Science,,
MILS 01310,Military Science III - Leadership in Contact,3,Military Science,,
MILS 01320,Military Science III - Complex Team Leadership Issues,3,Military Science,,
MILS 01410,Military Science IV - Developing Adaptive Leaders,3,Military Science,,
MILS 01420,Military Science IV - The Army Officer,3,Military Science,,
MCB L1101,Foundations in Biology for Biomedical Sciences I Laboratory,0,,,
MCB L1102,Foundations in Biology for Biomedical Sciences II Laboratory,0,,,
MCB L1338,Immunology Laboratory,0,,,
MCB L1538,Graduate Immunology Lab,0,,,
MCB L1550,Graduate Molecular Genetics Laboratory,0,,,
MCB L2450,Molecular Genetics Lab,0,,,
MCB 01101,Foundations in Biology for Biomedical Sciences I,4,,,
MCB 01102,Foundations in Biology for Biomedical Sciences II,4,,,
MCB 01201,Molecular Biology Methods,4,,,
MCB 01306,Translational Cell Biology,3,,,
MCB 01307,Translational Cell Biology Lab,2,,,
MCB 01308,Special Topics in Molecular and Cellular Biosciences,2,,,
MCB 01320,Introduction to Virology,4,,,
MCB 01334,Medical Biochemistry,3,,,
MCB 01360,Biophysics I,4,,,
MCB 01414,General Aspects of Infectious Agents,3,,,
MCB 01421,Fundamentals in Cell Culture Techniques,4,,,
MCB 01481,Cellular and Molecular Neuroscience,3,,,
MCB 01514,Infectious Agents,3,,,
MCB 01521,Graduate Cell Culture Techniques,4,,,
MCB 01534,Advanced Medical Biochemistry,3,,,
MCB 01538,Graduate Immunology,4,,,
MCB 01550,Graduate Molecular Genetics,4,,,
MCB 10345,Human Physiology,4,,,
MCB 10481,Cellular and Molecular Neuroscience,3,,,
MCB 11338,Immunology,4,,,
MCB 22450,Molecular Genetics,4,,,
MCBN 00690,Thesis Research/MS,7,,,
MCBN 00699,Master of Science Thesis Continuation,1,,,
MCBN 00701,Graduate Biochemistry,4,,,
MCBN 00702,Molecular Biology of the Cell,4,,,
MCBN 00703,Molecular Cell Biology and Neuroscience Foundations I,4,,,
MCBN 00704,Molecular Cell Biology and Neuroscience Foundations II,4,,,
MCBN 00802,Experimental Design,2,,,
MCBN 00803,Scientific Writing,2,,,
MCBN 00804,Critical Readings in Molecular Cell Biology & Neuroscience,2,,,
MCBN 00805,Cell Culture and Stem Cells,2,,,
MCBN 00806,Graduate Genetics,2,,,
MCBN 00810,Biomolecular Interactions,2,,,
MCBN 00811,Fundamentals of Neuroscience,2,,,
MCBN 00812,Quantitative Methods,2,,,
MCBN 00813,Neuroanatomy: Structure and Function of the Vertebrate Nervous System,2,,,
MCBN 00814,Neurophysiology,2,,,
MCBN 00815,Neuropharmacology and Behavior,2,,,
MCBN 00816,Research Topics in Neurobiology,2,,,
MCBN 00817,Advanced Emerging Topics in Biomedical Science,2,,,
MCBN 00901,Laboratory Rotation A - MCBN,2,,,
MCBN 00902,Laboratory Rotation B - MCBN,2,,,
MCBN 00903,Laboratory Rotation C - MCBN,2,,,
MCBN 00904,Laboratory Rotation D - MCBN,2,,,
MCBN 00905,Laboratory Rotation Fall - MCBN,3,,,
MCBN 00906,Laboratory Rotation Spring - MCBN,3,,,
MCBN 00910,Responsible Conduct in Research,0,,,
MCBN 00920,Advanced Graduate Research,5,,,
MCBN 00925,Summer Research Molecular Cell Biology and Neuroscience,6,,,
MCBN 00990,Summer Thesis Research/PhD,6,,,
MCBN 00999,Thesis Research/Ph.D.,9,,,
MPI 00503,Molecular Pathology and Immunology Seminar,2,,,
MPI 00680,Molecular Pathology and Immunology Lab Rotation I,1,,,
MPI 00681,Molecular Pathology and Immunology Lab Rotation II,1,,,
MPI 00682,Molecular Pathology and Immunology Lab Rotation III,1,,,
MUS 01050,Student Recitals,0,Music,,
MUS 01100,Freshman Ensemble (Administrative),1,Music,,
MUS 01117,Instrumental Techniques Lab A,1,Music,,
MUS 01118,Instrumental Techniques Lab B,1,Music,,
MUS 01119,Instrumental Techniques Lab C,1,Music,,
MUS 01120,Instrumental Techniques Lab D,1,Music,,
MUS 01121,Instrumental Techniques Lab E,1,Music,,
MUS 01129,Chamber Music,0,Music,,
MUS 01217,Improvisation in Music,2,Music,,
MUS 02101,Professional Applied Instrument,3,Music,,
MUS 02102,Professional Applied Voice,3,Music,,
MUS 02103,Major Applied Instrument,2,Music,,
MUS 02104,Major Applied Voice,2,Music,,
MUS 02105,Secondary Applied Instrument,1,Music,,
MUS 02106,Secondary Applied Voice,1,Music,,
MUS 02107,Jazz Improvisation,2,Music,,
MUS 02108,Music Composition,2,Music,,
MUS 04020,Wind Ensemble,1,Music,,
MUS 04021,Percussion Ensemble,1,Music,,
MUS 04022,String Ensemble,1,Music,,
MUS 04023,Woodwind Ensemble,1,Music,,
MUS 04024,Brass Ensemble,1,Music,,
MUS 04026,Jazz Ensemble,1,Music,,
MUS 04030,Col Com Orchestra,1,Music,,
MUS 04041,Jazz Ensemble,1,Music,,
MUS 04043,Guitar Ensemble,1,Music,,
MUS 04050,Student Recitals,0,Music,,
MUS 04060,Opera Company,1,Music,,
MUS 04080,Concert Choir,1,Music,,
MUS 04103,Music Theory I,4,Music,,
MUS 04104,Music Theory II,4,Music,,
MUS 04110,Sight Singing and Ear Training,2,Music,,
MUS 04118,Music Fundamentals,3,Music,,
MUS 04119,Composition Workshop,1,Music,,
MUS 04129,Jazz Improvisation,1,Music,,
MUS 04140,Wind Ensemble,0,Music,,
MUS 04152,Saxophone Ensemble,0,Music,,
MUS 04190,Music Composition and Theory for Media I,3,Music,,
MUS 04201,Intro to Diction and I.P.A.: English and Latin,1,Music,,
MUS 04202,Language Through Vocal Repertoire (Italian),1,Music,,
MUS 04203,Language Through Vocal Repertoire (French),1,Music,,
MUS 04204,Language Through Vocal Repertoire (German),1,Music,,
MUS 04216,Music Theory III,4,Music,,
MUS 04217,Music Theory IV,4,Music,,
MUS 04244,Sophomore Proficiency,0,Music,,
MUS 04290,Music Composition and Theory for Media II,3,Music,,
MUS 04329,Junior Recital,0,Music,,
MUS 04333,Stage Band Rehearsal Techniques,3,Music,,
MUS 04361,Arranging for Large/Small Jazz Ensembles,3,Music,,
MUS 04363,Writing In Contemporary/Traditional Jazz Styles,3,Music,,
MUS 04403,Choral Arranging,2,Music,,
MUS 04404,Orchestration,2,Music,,
MUS 04409,Small Group Jazz Ensemble,0,Music,,
MUS 04410,Vocal Jazz Ensemble,1,Music,,
MUS 04412,Independent Study,0.5,Music,,
MUS 04430,Senior Recital,0,Music,,
MUS 04450,Form and Analysis,3,Music,,
MUS 04455,Counterpoint,3,Music,,
MUS 04476,Music Composition VIII,3,Music,,
MUS 04536,Chamber Music I,1,Music,,
MUS 04537,Chamber Music II,1,Music,,
MUS 04540,Jazz Arranging and Composition,3,Music,,
MUS 04541,Jazz Piano,1,Music,,
MUS 04545,Opera Role Study I,3,Music,,
MUS 04546,Opera Role Study II,3,Music,,
MUS 04551,Piano Accompanying I,1,Music,,
MUS 04552,Piano Accompanying II,1,Music,,
MUS 04555,Counterpoint,3,Music,,
MUS 04556,Independent Study,0.5,Music,,
MUS 04557,Advanced Orchestration,3,Music,,
MUS 04560,Form and Analysis,3,Music,,
MUS 04561,Score Reading I,1,Music,,
MUS 04562,Score Reading II,1,Music,,
MUS 04565,Seminar in Band Conducting,3,Music,,
MUS 04570,20th Century Literature and Techniques,3,Music,,
MUS 04590,Music Education Graduate Applied,2,Music,,
MUS 08100,Wind Ensemble,0,Music,,
MUS 08108,String Ensemble,0,Music,,
MUS 08116,College Band,0,Music,,
MUS 08124,Jazz Band,0,Music,,
MUS 08132,Orchestra,0,Music,,
MUS 08148,Concert Choir,0,Music,,
MUS 08156,Contemporary Music Ensemble,0,Music,,
MUS 08160,Contemporary Music Ensembles,0,Music,,
HONR 05401,Honors Capstone Course,1,Honors,,
HONR 05402,Honors Portfolio,1,Honors,,
HONR 09301,Marketing Clinics,3,Honors,,
HRM 06302,Management of Human Resources,3,,,
HRM 06315,Recruitment and Selection,3,,,
HRM 06400,Independent Study of Human Resource Management,1,,,
HRM 06420,Principles of Training and Training Management,3,,,
HRM 06425,Management of Compensation,3,,,
HRM 06605,Strategic Human Resource Management,3,,,
HRM 06677,People Analytics,3,,,
HRM 06699,Talent Leadership,3,,,
HRM 16401,Labor and Employee Relations,3,,,
HRM 98337,Legal Aspects of Human Resource Management (WI),3,,,
HSRV 01100,Introduction to Human Services,3,Human Services,,
HSRV 01311,Field Experiences in Human Services I,3,Human Services,,
HSRV 01320,Applied Ethics in Human Services,3,Human Services,,
HSRV 01400,Senior Seminar in Human Services,3,Human Services,,
HSRV 01403,"Introduction to Child Abuse, Protection and Permanency Planning",3,Human Services,,
HSRV 01411,Field Experience in Human Services II,3,Human Services,,
HSRV 01412,Human Services Field Experience in Human Services III,3,Human Services,,
HSRV 01480,Human Services Selected Topics,3,Human Services,,
HSRV 08310,Research Methods for Human Services,3,Human Services,,
CHSS 20297,Building Your Tomorrow: Career and Life Planning,1,Interdisciplinary,,
CHSS 20390,Interdisciplinary Case Studies in the Liberal Arts,1,Interdisciplinary,,
CHSS 20395,Experiential Learning in the Humanities and Social Sciences,0,Interdisciplinary,,
CHSS 20399,Internship In Applied Liberal Arts,2,Interdisciplinary,,
INTR 00003,Pre-College Writing III,0,Interdisciplinary,,
INTR 00013,Basic Reading Seminar,0,Interdisciplinary,,
INTR 00081,Special Project/Internship-SC,1,Interdisciplinary,,
INTR 00087,Special Project/Internship - Health Professions,1,Interdisciplinary,,
INTR 01050,Structured Study: U-RISE,0,Interdisciplinary,,
INTR 01060,Pre-Calculus Seminar,0,Interdisciplinary,,
INTR 01130,Introduction to Women’s and Gender Studies,3,Interdisciplinary,,
INTR 01265,Computers and Society,3,Interdisciplinary,,
INTR 01301,Blockchain Applications,3,Interdisciplinary,,
INTR 01340,Undergraduate Research Thesis,1,Interdisciplinary,,
INTR 01451,Issues in Business: Directed Research,3,Interdisciplinary,,
INTR 01490,New Media Practicum,3,Interdisciplinary,,
INTR 01499,Bachelor of General Studies Portfolio,1,Interdisciplinary,,
INTR 01510,Master’s Thesis Continuation,9,Interdisciplinary,,
INTR 01700,PhD Dissertation Research Continuation,9,Interdisciplinary,,
INTR 01798,PhD Dissertation Research,5,Interdisciplinary,,
INTR 01799,PhD Research Continuation,5,Interdisciplinary,,
INTR 06202,Introduction to Nature of Science -WI,3,Interdisciplinary,,
INTR 06502,"Responsible Conduct, Rigor, and Reproducibility in Science",3,Interdisciplinary,,
INCL 02100,Introduction to Career Pathways and Career Planning,2,,,
INCL 02150,International Experiences in Education,2,,,
INCL 02210,Principles and Pedagogies in the Inclusive Classroom,2,,,
INCL 02215,Foundation of Inclusive Education,3,,,
INCL 02310,"STREAM I: Social Studies, ELA, and the Arts",2,,,
INCL 02315,STREAM I Clinical Experience,1,,,
INCL 02320,STREAM II: STEM and Health in the Inclusive Classroom,3,,,
INCL 02322,Science Inquiry and Methods for the Inclusive Classroom,3,,,
INCL 02323,Social Studies Methods for the Inclusive Classroom,3,,,
INCL 02324,Advanced Mathematics Methods for the Inclusive Classroom,3,,,
INCL 02325,Mathematics Strategies in the Inclusive Classroom,2,,,
INCL 02330,Differentiating Instruction in the Inclusive Classroom,2,,,
INCL 02350,Instruction and Assessment in the Inclusive Classroom,3,,,
INCL 02351,Clinical Experience I in Inclusive Education,1,,,
INCL 02352,Clinical Experience II in Inclusive Education,1,,,
INCL 02440,Diversity Seminar,2,,,
INCL 02444,Clinical Practice I in Inclusive Education,2,,,
INCL 02445,Clinical Practice II in Inclusive Education,6,,,
INCL 02446,Clinical Seminar for Inclusive Education,3,,,
INCL 02550,International Experiences in Education,2,,,
INCL 90432,Working with Families and Communities,3,,,
IS 25100,Global Challenges,3,International Studies,,
IS 25300,Research Methods in International Studies - WI,3,International Studies,,
IS 25310,Global Security Clinic,3,International Studies,,
IS 25350,Special Topics in International Studies,3,International Studies,,
IS 25400,Senior Seminar in International Studies,3,International Studies,,
ITAL 04100,Masterpieces of Italian Literature in English Translation,3,Italian,,
ITAL 04101,Elementary Italian I,3,Italian,,
ITAL 04102,Elementary Italian II,3,Italian,,
ITAL 04140,Italian Topics in English,3,Italian,,
ITAL 04150,Italian Food and Culture,3,Italian,,
ITAL 04160,Italian American Heritage in Popular Culture,3,Italian,,
ITAL 04201,Intermediate Italian I,3,Italian,,
ITAL 04211,Intermediate Italian II,3,Italian,,
ITAL 04212,Italian Reading and Composition,3,Italian,,
ITAL 04320,Italian Civilization and Culture,3,Italian,,
ITAL 04440,Special Topics in World Languages,3,Italian,,
JAPA 08101,Elementary Japanese I,3,Japanese,,
JAPA 08102,Elementary Japanese II,3,Japanese,,
JAPA 08201,Intermediate Japanese I,3,Japanese,,
JAPA 08211,Intermediate Japanese II,3,Japanese,,
JAPA 08212,Intermediate Japanese III,3,Japanese,,
JAPA 08305,Oral Japanese,3,Japanese,,
JAPA 08320,Japanese Civilization and Culture,3,Japanese,,
JAPA 08440,Special Topics in World Languages,3,Japanese,,
JRN 01407,Special Topics in Journalism,3,Journalism,,
JRN 02101,News Media Literacy,3,Journalism,,
JRN 02205,Journalism Principles And Practices,3,Journalism,,
JRN 02210,Journalistic Writing,3,Journalism,,
JRN 02305,TV Newscast,3,Journalism,,
JRN 02307,On-Camera Field Reporting,3,Journalism,,
JRN 02310,News Reporting I-WI,3,Journalism,,
JRN 02311,News Reporting II,3,Journalism,,
JRN 02312,Feature Writing,3,Journalism,,
JRN 02313,Magazine Article Writing,3,Journalism,,
JRN 02314,Photojournalism,3,Journalism,,
JRN 02318,Investigative Journalism,3,Journalism,,
JRN 02319,Media Ethics,3,Journalism,,
JRN 02321,Digital Journalism I,3,Journalism,,
JRN 02323,Crime Reporting,3,Journalism,,
JRN 02324,Health Reporting,3,Journalism,,
JRN 02325,Digital Journalism II,3,Journalism,,
JRN 02326,Sports Broadcasting I,3,Journalism,,
JRN 02327,Sports Broadcasting II,3,Journalism,,
JRN 02335,Media Law,3,Journalism,,
JRN 02341,Broadcast News Writing,3,Journalism,,
JRN 02356,Journalism Internship Fall,1,Journalism,,
JRN 02358,Journalism Internship Spring,1,Journalism,,
JRN 02359,Journalism Internship Summer,1,Journalism,,
JRN 02361,Sports Journalism I,3,Journalism,,
JRN 02362,Sports Journalism II,3,Journalism,,
JRN 02363,Data Journalism,3,Journalism,,
JRN 02365,Introduction to Entrepreneurial Media,3,Journalism,,
JRN 02366,Social Media Management and Metrics,3,Journalism,,
JRN 02410,Journalism Senior Seminar-WI,3,Journalism,,
JRN 02420,South Jersey News Service,3,Journalism,,
LAT 09101,Elementary Latin I,3,Latin,,
LAT 09102,Elementary Latin II,3,Latin,,
LAT 09201,Intermediate Latin I,3,Latin,,
LAT 09202,Intermediate Latin II,3,Latin,,
LAT 09440,Special Topics in World Languages,3,Latin,,
LAWJ 05120,Introduction to Security,3,Law & Justice Studies,,
LAWJ 05175,Survey of Criminal Justice,3,Law & Justice Studies,,
LAWJ 05200,Introduction to Corrections,3,Law & Justice Studies,,
LAWJ 05201,Introduction to Courts,3,Law & Justice Studies,,
LAWJ 05202,American Police,3,Law & Justice Studies,,
LAWJ 05205,"Minorities, Crime and Criminal Justice",3,Law & Justice Studies,,
LAWJ 05210,Restorative Justice,3,Law & Justice Studies,,
LAWJ 05220,Victimology,3,Law & Justice Studies,,
LAWJ 05225,Media and Crime,3,Law & Justice Studies,,
LAWJ 05229,Introduction to Gangs,3,Law & Justice Studies,,
LAWJ 05250,The Scholarship of Criminal Justice,3,Law & Justice Studies,,
LAWJ 05255,Criminal Law,3,Law & Justice Studies,,
LAWJ 05274,Criminal Justice and Community Relations,3,Law & Justice Studies,,
LAWJ 05276,"Parole, Probation and Community Corrections",3,Law & Justice Studies,,
LAWJ 05280,Homeland Security,3,Law & Justice Studies,,
LAWJ 05285,Criminal Investigation,3,Law & Justice Studies,,
LAWJ 05287,Police Use of Force,3,Law & Justice Studies,,
LAWJ 05288,Casino Crime,3,Law & Justice Studies,,
LAWJ 05290,Forensic Law,3,Law & Justice Studies,,
LAWJ 05295,"Religion, Crime and Punishment",3,Law & Justice Studies,,
LAWJ 05305,Law and Evidence,3,Law & Justice Studies,,
LAWJ 05306,Cannabis Legalization and Justice,3,Law & Justice Studies,,
LAWJ 05310,Criminal Jurisprudence,3,Law & Justice Studies,,
LAWJ 05312,Criminal Procedure II,3,Law & Justice Studies,,
LAWJ 05315,Criminal Justice and Social Conflict,3,Law & Justice Studies,,
LAWJ 05320,Civil Aspects of Law Enforcement,3,Law & Justice Studies,,
LAWJ 05322,Drugs and Crime in America,3,Law & Justice Studies,,
LAWJ 05323,Maritime Crime and Criminality,3,Law & Justice Studies,,
LAWJ 05324,Sentencing and the Rights of the Convicted,3,Law & Justice Studies,,
LAWJ 05325,Comparative And International Criminal Justice,3,Law & Justice Studies,,
LAWJ 05326,International Terrorism,3,Law & Justice Studies,,
LAWJ 05327,Terrorism in the U.S.,3,Law & Justice Studies,,
LAWJ 05329,"Intelligence, Policing, and Counterterrorism",3,Law & Justice Studies,,
LAWJ 05330,Problems In World Justice,3,Law & Justice Studies,,
LAWJ 05335,Criminal Procedure I,3,Law & Justice Studies,,
LAWJ 05337,Treatment of the Offender,3,Law & Justice Studies,,
LAWJ 05342,Counseling and Guidance of the Offender,3,Law & Justice Studies,,
LAWJ 05343,"Offender Re-entry, Reintegration and Recidivism",3,Law & Justice Studies,,
LAWJ 05346,"Women, Crime and Criminal Justice",3,Law & Justice Studies,,
LAWJ 05350,Mass Murder,3,Law & Justice Studies,,
LAWJ 05356,Criminal Justice Internship I,3,Law & Justice Studies,,
LAWJ 05357,Criminal Justice Internship II,3,Law & Justice Studies,,
LAWJ 05360,Organized Crime,3,Law & Justice Studies,,
LAWJ 05361,Introduction to Juvenile Justice,3,Law & Justice Studies,,
LAWJ 05364,Critical Issues in American Law Enforcement,3,Law & Justice Studies,,
LAWJ 05365,Juvenile Delinquency in America,3,Law & Justice Studies,,
LAWJ 05367,Theories Of Justice,3,Law & Justice Studies,,
LAWJ 05369,Theories of Crime and Criminality,3,Law & Justice Studies,,
LAWJ 05379,The “Political Prisoner”,3,Law & Justice Studies,,
LAWJ 05380,Criminal Justice Research,3,Law & Justice Studies,,
LAWJ 05381,Crime Mapping and Crime Analysis I,3,Law & Justice Studies,,
LAWJ 05382,Crime Mapping and Crime Analysis II,3,Law & Justice Studies,,
LAWJ 05392,Criminal Justice Administration,3,Law & Justice Studies,,
LAWJ 05395,The Incarceration Experience,3,Law & Justice Studies,,
LAWJ 05399,Crime Prevention Analysis,3,Law & Justice Studies,,
LAWJ 05401,Law and Human Rights,3,Law & Justice Studies,,
LAWJ 05415,Selected Topics in Criminal Justice,3,Law & Justice Studies,,
LAWJ 05461,Seminar in Corrections-WI,3,Law & Justice Studies,,
LAWJ 05465,Seminar in Social Justice-WI,3,Law & Justice Studies,,
LAWJ 05467,Seminar in Law-WI,3,Law & Justice Studies,,
LAWJ 05468,Seminar in Police Science - WI,3,Law & Justice Studies,,
LAWJ 05469,Seminar in Law/Justice - WI,3,Law & Justice Studies,,
LING 11325,Linguistics,3,Linguistics,,
MGT 01414,Global Business Simulation,3,Management,,
MGT 01510,"Professional, Legal and Managerial Responsibilities",3,Management,,
MGT 06123,Introductory Management Perspectives for the 21st Century,3,Management,,
MGT 06222,Introduction to Sports Management,3,Management,,
MGT 06300,Organizational Behavior,3,Management,,
MGT 06304,Organizational Change and Development,3,Management,,
MGT 06305,Operations Management,3,Management,,
MGT 06310,Leadership and Supervision for Managers,3,Management,,
MGT 06311,Foundations of Analytics,3,Management,,
MGT 06312,Selected Topics in Management I,3,Management,,
MGT 06330,Managing International Business,3,Management,,
