courseId,courseName,courseCredits,courseSubject,courseLevel,courseCampus
19:910:500,Practice With Individuals And Families,"(3, 3)",,,CM
19:910:501,Practice With Communities And Organizations,"(3, 3)",,,CM
19:910:502,Human Behavior And The Social Environment,"(3, 3)",,,CM
19:910:506,Diversity And Oppression,"(3, 3)",,,CM
19:910:508,Practicum I,"(2, 2)",,,CM
19:910:511,Clinical Social Work I,"(3, 3)",,,CM
19:910:516,Clinical Social Work: Health,"(3, 3)",,,CM
19:910:517,Csw:Mental Health,"(3, 3)",,,CM
19:910:518,Clinical Social Work: Children,"(3, 3)",,,CM
19:910:535,Management Practice And Theory,"(3, 3)",,,CM
19:910:541,Fundraising And Marketing,"(3, 3)",,,CM
19:910:553,Practicum Lab Seminar,"(1, 1)",,,CM
19:910:584,Advanced Contemporary Policy: Interpersonal Violence,"(3, 3)",,,CM
19:910:591,Acp:Children & Youth,"(3, 3)",,,CM
19:910:595,Evaluation Of Social Work Practice And Programs,"(3, 3)",,,CM
19:910:600,Practicum 3 - Csw,"(3, 3)",,,CM
50:014:215,African American Theater,"(3, 3)",,,CM
50:014:318,Learning Abroad Program,"(3, 3)",,,CM
50:014:381,Special Topics In Africana Studies,"(3, 3)",,,CM
50:014:382,Special Topics In African American      Studies,"(3, 3)",,,CM
50:070:101,Introduction To Cultural Anthropology,"(3, 3)",,,CM
50:070:307,Psychological Anthropology,"(3, 3)",,,CM
50:070:323,Anthropology Of American Culture,"(3, 3)",,,CM
50:070:495,Independent Study In Anthropology,"(None, None)",,,CM
50:080:102,Visual Fundamentals,"(3, 3)",,,CM
50:080:103,Sculpture Foundation,"(3, 3)",,,CM
50:080:126,Conceptual Art I,"(3, 3)",,,CM
50:080:211,Ceramics I,"(3, 3)",,,CM
50:080:212,Ceramics Ii,"(3, 3)",,,CM
50:080:213,Graphic Design I: Computational Foundations,"(3, 3)",,,CM
50:080:214,Sculpture I,"(3, 3)",,,CM
50:080:221,Drawing I,"(3, 3)",,,CM
50:080:225,Color Studies,"(3, 3)",,,CM
50:080:226,Conceptual Art Ii,"(3, 3)",,,CM
50:080:261,Film Photography I,"(3, 3)",,,CM
50:080:264,Digital Photography I,"(3, 3)",,,CM
50:080:271,Printmaking,"(3, 3)",,,CM
50:080:279,Computer Animation I,"(3, 3)",,,CM
50:080:280,Classical Animation,"(3, 3)",,,CM
50:080:282,Studio Lighting For Photography,"(3, 3)",,,CM
50:080:332,Graphic Design Iii Studio,"(3, 3)",,,CM
50:080:333,Typography I,"(3, 3)",,,CM
50:080:346,User Experience And Interface Design,"(3, 3)",,,CM
50:080:351,Painting I,"(3, 3)",,,CM
50:080:361,Art Therapy I,"(3, 3)",,,CM
50:080:382,Sculpture Ii,"(3, 3)",,,CM
50:080:388,3D Modeling And Printing,"(3, 3)",,,CM
50:080:391,Independent Study In Studio Art,"(None, None)",,,CM
50:080:421,Art Therapy Ii,"(3, 3)",,,CM
50:080:429,Arts Management Practicum,"(3, 3)",,,CM
50:080:438,Graphic Design Capstone I,"(3, 3)",,,CM
50:080:439,Special Topics In Graphic Design,"(3, 3)",,,CM
50:080:446,Ai Generated Animation,"(3, 3)",,,CM
50:080:448,Character Animation,"(3, 3)",,,CM
50:080:451,Advanced Painting,"(3, 3)",,,CM
50:080:452,Painting Capstone,"(3, 3)",,,CM
50:080:460,Experimental Photography,"(3, 3)",,,CM
50:080:461,Senior Photography Capstone,"(3, 3)",,,CM
50:080:478,Sculpture Capstone,"(3, 3)",,,CM
50:080:481,Advanced Sculpture,"(3, 3)",,,CM
50:080:483,Animation Capstone I,"(3, 3)",,,CM
50:080:488,3D Interactive Design In Vr,"(3, 3)",,,CM
50:080:491,Electonic Arts Internship,"(None, None)",,,CM
50:080:492,Art Internship,"(None, None)",,,CM
50:080:498,Honors In Art,"(3, 3)",,,CM
50:082:101,Introduction To Art History I: Prehistory To 1400,"(3, 3)",,,CM
50:082:102,Introduction To Art History Ii: Early Modern To Now,"(3, 3)",,,CM
50:082:104,Introduction To The Art Of Asia,"(3, 3)",,,CM
50:082:203,Medieval Art And Culture,"(3, 3)",,,CM
50:082:212,Japanese Art,"(3, 3)",,,CM
50:082:368,20Th Century American Art,"(3, 3)",,,CM
50:082:380,History Of Animation,"(3, 3)",,,CM
50:082:491,Independent Study In Art History,"(None, None)",,,CM
50:082:497,Honors In Art Histry,"(3, 3)",,,CM
50:090:180,Premed/Mcat Workshop,"(2, 2)",,,CM
50:090:399,Internship Course-Arts And Sciences,"(3, 3)",,,CM
50:100:306,Descriptive Astronomy,"(3, 3)",,,CM
50:115:403,Gen Biochemistry I,"(3, 3)",,,CM
50:115:407,Gen Biochem Lab I,"(1, 1)",,,CM
50:115:430,Biomolecular Forensic Science,"(3, 3)",,,CM
50:115:431,Biomolecular Forensic Laboratory,"(1, 1)",,,CM
50:120:101,General Biology I,"(3, 3)",,,CM
50:120:105,The Facts Of Life,"(3, 3)",,,CM
50:120:107,Generl Biology Lab I,"(1, 1)",,,CM
50:120:111,General Biology 101 Recitation,"(1, 1)",,,CM
50:120:153,Essentials Of Anatomy And Physiology I,"(3, 3)",,,CM
50:120:155,Essentials Of Anatomy And Physiology Lab I,"(1, 1)",,,CM
50:120:199,Exploring Careers In Biology,"(1, 1)",,,CM
50:120:200,Exp Res In Bio,"(1, 1)",,,CM
50:120:211,Microbiology And Its Application,"(3, 3)",,,CM
50:120:212,Microbiology And Its Applications Lab,"(1, 1)",,,CM
50:120:231,Clinical Aspects Of Human Genetics,"(3, 3)",,,CM
50:120:253,Basic Anatomy & Physiology I,"(3, 3)",,,CM
50:120:255,Basic Anatomy & Physiology I Laboratory,"(1, 1)",,,CM
50:120:283,Statistics For Biological Research,"(3, 3)",,,CM
50:120:300,Advanced Anatomy And Physiology I,"(3, 3)",,,CM
50:120:302,Advanced Anatomy And Physiology I       Laboratory,"(1, 1)",,,CM
50:120:305,Molecular Biology,"(3, 3)",,,CM
50:120:306,Molecular Biology Laboratory,"(1, 1)",,,CM
50:120:344,Neurobiology I: Cell And Molecular,"(3, 3)",,,CM
50:120:347,Pathophysiology,"(3, 3)",,,CM
50:120:351,General Ecology,"(3, 3)",,,CM
50:120:353,General Ecology Lab,"(1, 1)",,,CM
50:120:362,Morphology Of Plants,"(3, 3)",,,CM
50:120:368,Morph Of Plants Lab,"(1, 1)",,,CM
50:120:371,Evolution Morphology,"(3, 3)",,,CM
50:120:376,Animal Histology,"(3, 3)",,,CM
50:120:377,Animal Histology Lab,"(1, 1)",,,CM
50:120:399,Current Topics In Biology,"(3, 3)",,,CM
50:120:402,Mycology,"(3, 3)",,,CM
50:120:491,Independent Research In Biology I,"(None, None)",,,CM
50:120:492,Independent Research In Biology Ii,"(None, None)",,,CM
50:120:494,Seminar In Biology,"(1, 1)",,,CM
50:120:495,Biology Honors Thesis I,"(None, None)",,,CM
50:121:400,Computational And Integrative Biology   Capstone I,"(2, 2)",,,CM
50:121:401,Computational And Integrative Biology   Capstone Ii,"(2, 2)",,,CM
50:160:103,General Organic And Biochemistry I,"(4, 4)",,,CM
50:160:115,Chemical Princple I,"(4, 4)",,,CM
50:160:125,Chemical Prin Lab I,"(1, 1)",,,CM
50:160:325,Analytical Chem I,"(3, 3)",,,CM
50:160:329,Analytical Chemlab I,"(1, 1)",,,CM
50:160:335,Organic Chemistry I,"(4, 4)",,,CM
50:160:339,Organic Chem Lab I,"(1, 1)",,,CM
50:160:345,Physical Chemistry I,"(3, 3)",,,CM
50:160:347,Physical Chem I Lab,"(1, 1)",,,CM
50:160:413,Inorganic Chem I,"(3, 3)",,,CM
50:160:444,Polymer Chemistry,"(3, 3)",,,CM
50:160:446,Polymer Chem Lab,"(1, 1)",,,CM
50:160:493,Special Topics: Undergraduate Lab Instructor,"(1, 1)",,,CM
50:160:495,Research In Chemistry,"(None, None)",,,CM
50:163:101,Introduction To Childhood Studies,"(3, 3)",,,CM
50:163:200,Careers In Childhood Studies,"(3, 3)",,,CM
50:163:230,Child Protection In Emergencies (Cpie),"(3, 3)",,,CM
50:163:240,Childhood In Global Cinema,"(3, 3)",,,CM
50:163:265,Girlhood Studies,"(3, 3)",,,CM
50:163:320,History Of Youth,"(3, 3)",,,CM
50:163:335,Media Stereotypes And Black Adolescent Identity,"(3, 3)",,,CM
50:163:361,Young Adult Literature,"(3, 3)",,,CM
50:163:371,Global Childhoods,"(3, 3)",,,CM
50:163:382,Urban Education,"(3, 3)",,,CM
50:163:480,Senior Seminar In Childhood Studies,"(3, 3)",,,CM
50:192:101,Introduction To Communication,"(3, 3)",,,CM
50:192:225,Digital Communication,"(3, 3)",,,CM
50:192:232,Computational Thinking,"(3, 3)",,,CM
50:192:281,Public Speaking,"(3, 3)",,,CM
50:198:111,Programming Fundamentals,"(4, 4)",,,CM
50:198:113,Object-Oriented Programming,"(3, 3)",,,CM
50:198:171,Mathematical Foundations Of Computer Science,"(3, 3)",,,CM
50:198:211,C And Unix Systems Programming,"(3, 3)",,,CM
50:198:213,Data Structures,"(3, 3)",,,CM
50:198:331,Introduction To Computer Organization,"(3, 3)",,,CM
50:198:335,Cybersecurity Fundamentals,"(3, 3)",,,CM
50:198:341,Operating Systems,"(3, 3)",,,CM
50:198:371,Design And Analysis Of Algorithms,"(3, 3)",,,CM
50:198:414,Artificial Intelligence,"(3, 3)",,,CM
50:198:418,Explainable And Fair Artificial Intelligence,"(3, 3)",,,CM
50:198:423,Software Engineering,"(3, 3)",,,CM
50:198:451,Database Systems,"(3, 3)",,,CM
50:198:467,Applied Probability,"(3, 3)",,,CM
50:198:475,Cryptography And Computer Security,"(3, 3)",,,CM
50:198:491,Special Topic In Computer Science,"(3, 3)",,,CM
50:198:493,Senior Design Project,"(3, 3)",,,CM
50:198:494,Independent Study In Computer Science,"(None, None)",,,CM
50:198:495,Honors Program In Computer,"(3, 3)",,,CM
50:198:496,Honors Program In Computer,"(3, 3)",,,CM
50:198:497,Computer Science Internship,"(None, None)",,,CM
50:202:101,Introduction To Criminal Justice,"(3, 3)",,,CM
50:202:178,Mountainview Seminar: Issues In Reentry And Retention,"(3, 3)",,,CM
50:202:202,Police & Policing,"(3, 3)",,,CM
50:202:203,Confinement & Corrections,"(3, 3)",,,CM
50:202:322,Juvenile Justice,"(3, 3)",,,CM
50:202:337,Inequality In Criminal Justice,"(3, 3)",,,CM
50:202:355,Special Topics In Criminal Justice,"(3, 3)",,,CM
50:202:365,Queer Crime,"(3, 3)",,,CM
50:202:400,Race And Policing,"(3, 3)",,,CM
50:202:405,Criminal Investigation Practicum I,"(3, 3)",,,CM
50:202:449,Ethics And Policy In Criminal Justice,"(3, 3)",,,CM
50:202:491,Independent Study In Criminal Justice,"(None, None)",,,CM
50:203:125,Introduction To Tap,"(1, 1)",,,CM
50:203:249,Ballet I,"(3, 3)",,,CM
50:209:101,Introduction To Digital Studies,"(3, 3)",,,CM
50:209:130,The Evolution Of Gaming And Esports,"(3, 3)",,,CM
50:209:210,Multimedia Thinking,"(3, 3)",,,CM
50:209:230,Creative Coding,"(3, 3)",,,CM
50:209:305,Internship In Digital Studies,"(3, 3)",,,CM
50:209:309,Constructing The Moving Image,"(3, 3)",,,CM
50:209:401,Digital Studies Capstone,"(3, 3)",,,CM
50:209:406,Independent Study In Digital Studies Ii,"(3, 3)",,,CM
50:220:102,Principles Of Microeconomics,"(3, 3)",,,CM
50:220:103,Principles Of Macroeconomics,"(3, 3)",,,CM
50:220:122,Introduction To Data Science,"(3, 3)",,,CM
50:220:203,Intermediate Microeconomics,"(3, 3)",,,CM
50:220:204,Intermediate Macroeconomics,"(3, 3)",,,CM
50:220:210,History Of Economic Thought (C),"(3, 3)",,,CM
50:220:222,Foundations Of Econometrics,"(3, 3)",,,CM
50:220:313,Economics Of Labor,"(3, 3)",,,CM
50:220:316,Health Economics,"(3, 3)",,,CM
50:220:321,Applied Game Theory,"(3, 3)",,,CM
50:220:322,Econometrics,"(3, 3)",,,CM
50:220:491,Ind Study Projects,"(None, None)",,,CM
50:220:495,Honors In Economics,"(None, None)",,,CM
50:220:497,Internship In Econ,"(None, None)",,,CM
50:300:101,Introduction To Education,"(3, 3)",,,CM
50:300:301,Contemporary Issues In Education,"(3, 3)",,,CM
50:300:434,Social And Cultural Foundations Of Education,"(3, 3)",,,CM
50:350:201,Introduction To English Studies,"(3, 3)",,,CM
50:350:225,Special Topics In English,"(3, 3)",,,CM
50:350:238,World Literature I,"(3, 3)",,,CM
50:350:300,Foundations Of Literature,"(3, 3)",,,CM
50:350:347,Weaponized Nostalgia: Medieval And Modern,"(3, 3)",,,CM
50:350:355,Modern World Literature,"(3, 3)",,,CM
50:350:389,English Learning Abroad,"(3, 3)",,,CM
50:350:391,Special Topics In English,"(3, 3)",,,CM
50:350:400,Portfolio Pro-Seminar,"(1, 1)",,,CM
50:352:309,Diversity In The 19Th Century,"(3, 3)",,,CM
50:352:379,Special Topics In American Literature,"(3, 3)",,,CM
50:354:201,The Art Of Film,"(3, 3)",,,CM
50:354:390,Special Topics In Film,"(3, 3)",,,CM
50:354:391,Special Topics In Film,"(3, 3)",,,CM
50:354:392,Special Topics In Film,"(3, 3)",,,CM
50:420:101,Elementary French I,"(4, 4)",,,CM
50:420:102,Elementary French Ii,"(4, 4)",,,CM
50:420:131,Intermediate French I,"(3, 3)",,,CM
50:420:245,French Crime Fiction In English Translation,"(3, 3)",,,CM
50:420:360,French Civilization,"(3, 3)",,,CM
50:443:201,Introduction To Women'S And Gender      Studies,"(3, 3)",,,CM
50:443:210,Global Gender Issues,"(3, 3)",,,CM
50:443:220,Exploring Sex Discrimination And Title  Ix,"(3, 3)",,,CM
50:443:297,Special Topics In Gender Studies,"(3, 3)",,,CM
50:443:311,Queer Crime,"(3, 3)",,,CM
50:443:313,Transgender Studies,"(3, 3)",,,CM
50:443:314,Masculinities,"(3, 3)",,,CM
50:443:324,Black Masculinity,"(3, 3)",,,CM
50:443:326,"Sex, Gender, And Theater","(3, 3)",,,CM
50:443:390,Special Topics In Gender Studies,"(3, 3)",,,CM
50:443:391,Special Topics In Gender Studies,"(3, 3)",,,CM
50:443:392,Special Topics In Gender Studies,"(3, 3)",,,CM
50:443:495,Independent Study In Gender Studies,"(None, None)",,,CM
50:470:101,Elementary German I,"(4, 4)",,,CM
50:470:131,Intermediate German I,"(3, 3)",,,CM
50:470:493,Independent Study In German,"(None, None)",,,CM
50:480:101,Introduction To Global Studies,"(3, 3)",,,CM
50:480:291,Special Topics In Global Studies,"(3, 3)",,,CM
50:480:292,Special Topics In Global Studies,"(3, 3)",,,CM
50:480:380,Learning Abroad Global Studies,"(3, 3)",,,CM
50:480:391,Special Topics In Global Studies,"(3, 3)",,,CM
50:480:392,Special Topics In Global Studies,"(3, 3)",,,CM
50:499:101,Introduction To Health Sciences,"(3, 3)",,,CM
50:499:120,Medical Terminology,"(3, 3)",,,CM
50:499:201,Careers In Health Sciences,"(3, 3)",,,CM
50:499:456,Special Topics In Health Sciences,"(3, 3)",,,CM
50:499:457,Special Topics In Health Sciences,"(3, 3)",,,CM
50:499:458,Special Topics In Health Science,"(3, 3)",,,CM
50:499:459,Special Topics In Health Sciences,"(3, 3)",,,CM
50:499:490,Capstone In Health Sciences,"(3, 3)",,,CM
50:499:493,Applied Experiences In Health Science,"(3, 3)",,,CM
50:499:497,Independent Study In Health Science,"(None, None)",,,CM
50:509:101,What Is History?,"(3, 3)",,,CM
50:510:303,Athens: Golden Age,"(3, 3)",,,CM
50:510:321,"Kings, Queens, And Enlightened Ideas","(3, 3)",,,CM
50:510:333,Europe And The World,"(3, 3)",,,CM
50:510:499,Independent Study History,"(None, None)",,,CM
50:512:201,Development Of United States I,"(3, 3)",,,CM
50:512:204,African-American History Ii,"(3, 3)",,,CM
50:512:219,The Civil War,"(3, 3)",,,CM
50:512:251,History Of U.S. Advertising,"(3, 3)",,,CM
50:512:276,20Th Century Us Military History,"(3, 3)",,,CM
50:512:304,America'S Birthdays: History Of Celebration And Memory,"(3, 3)",,,CM
50:512:319,The Civil War,"(3, 3)",,,CM
50:512:341,Activism And Protests In Us History,"(3, 3)",,,CM
50:512:351,History Of U.S. Advertising,"(3, 3)",,,CM
50:512:376,20Th Century United States Military History,"(3, 3)",,,CM
50:516:212,Latin America Ii,"(3, 3)",,,CM
50:516:233,Samurai Japan,"(3, 3)",,,CM
50:516:499,"Independent Study In African, Asian,    Latin American, And World History","(None, None)",,,CM
50:525:114,Honors Seminar-Math,"(3, 3)",,,CM
50:525:125,Honors Indep Studies,"(None, None)",,,CM
50:525:151,Honors Seminar: Heritages And           Civilizations,"(3, 3)",,,CM
50:525:153,Honors Seminar: Global Communities,"(3, 3)",,,CM
50:525:155,Honors Seminar: Ethics And Values,"(3, 3)",,,CM
50:525:157,Honors Seminar: Physical And Life       Sciences,"(3, 3)",,,CM
50:525:162,Honors Seminar: Experiential Learning,"(None, None)",,,CM
50:570:210,Media Literacy,"(3, 3)",,,CM
50:570:395,Special Topics In Journalism,"(3, 3)",,,CM
50:590:291,Special Topics In Latin American Studies,"(None, None)",,,CM
50:590:292,Special Topics In Latin American Studies,"(3, 3)",,,CM
50:590:391,Special Topics In Latin American Studies,"(3, 3)",,,CM
50:590:392,Special Topics In Latin American Studies,"(3, 3)",,,CM
50:606:301,Mastering The Liberal Arts I,"(3, 3)",,,CM
50:606:302,Mastering Lib Art Ii,"(3, 3)",,,CM
50:615:336,Modern American Grammar,"(3, 3)",,,CM
50:615:380,History Of The English Language,"(3, 3)",,,CM
50:640:103,Introduction To Mathematics For The Liberal Arts,"(3, 3)",,,CM
50:640:104,Introduction To College Algebra,"(4, 4)",,,CM
50:640:106,Introduction To Math Thought,"(3, 3)",,,CM
50:640:113,Math For Business,"(3, 3)",,,CM
50:640:115,Precalculus College Math,"(4, 4)",,,CM
50:640:118,Calculus For Business And Economics,"(3, 3)",,,CM
50:640:121,Calculus I,"(4, 4)",,,CM
50:640:122,Calculus Ii,"(4, 4)",,,CM
50:640:123,Active Calculus I,"(4, 4)",,,CM
50:640:199,Exploring Careers In Mathematical Sciences,"(1, 1)",,,CM
50:640:221,Calculus Iii,"(4, 4)",,,CM
50:640:250,Linear Algebra,"(3, 3)",,,CM
50:640:300,Math Reasoning/Proof,"(3, 3)",,,CM
50:640:314,Elementary Differential Equations,"(3, 3)",,,CM
50:640:331,Probability And Stochastic Processes,"(3, 3)",,,CM
50:640:403,Introduction To Complex Analysis,"(3, 3)",,,CM
50:640:427,Advanced Differential Equations,"(3, 3)",,,CM
50:640:435,Geometry,"(3, 3)",,,CM
50:640:441,Introduction To Topology,"(3, 3)",,,CM
50:640:493,Individual Study In Mathematics,"(None, None)",,,CM
50:640:494,Individual Study In Mathematics,"(None, None)",,,CM
50:640:498,Special Topics: Math,"(3, 3)",,,CM
50:640:499,Special Topics: Math,"(3, 3)",,,CM
50:698:205,Introduction To Museum Studies,"(3, 3)",,,CM
50:700:102,Introduction To Music History,"(3, 3)",,,CM
50:700:125,Introduction To Music Theory,"(3, 3)",,,CM
50:700:141,History Of Gospel Music,"(3, 3)",,,CM
50:700:161,Musicianship I,"(2, 2)",,,CM
50:700:225,Music Theory I,"(3, 3)",,,CM
50:700:271,Music Technology I,"(3, 3)",,,CM
50:700:291,History Of Music I,"(3, 3)",,,CM
50:700:306,Rock And Roll,"(3, 3)",,,CM
50:700:490,Music Internship,"(None, None)",,,CM
50:700:494,Music Capstone Project,"(3, 3)",,,CM
50:700:499,Independent Study In Music,"(None, None)",,,CM
50:701:140,Rutgers Choir Majors,"(1, 1)",,,CM
50:701:191,Applied Lessons Music Major/Minors I,"(1, 1)",,,CM
50:701:192,Applied Lessons Music Majors/Minors Ii,"(1, 1)",,,CM
50:701:291,Applied Lessons Music Majors/Minors Iii,"(1, 1)",,,CM
50:701:292,Applied Lessons Music Majors/Minors Iv,"(1, 1)",,,CM
50:701:348,Live Performance,"(1, 1)",,,CM
50:701:391,Applied Lessons Music Majors/Minors V,"(1, 1)",,,CM
50:701:392,Applied Lessons Music Majors/Minors Vi,"(1, 1)",,,CM
50:701:471,Instrumental Methods: Percussion,"(1, 1)",,,CM
50:701:491,Applied Lessons Music Majors/Minors Vii,"(1, 1)",,,CM
50:701:492,Applied Lessons Music Majors/Minors Viii,"(1, 1)",,,CM
50:730:101,Introduction To Reason And Persuasion,"(3, 3)",,,CM
50:730:105,Introduction To Current Moral And Socialissues,"(3, 3)",,,CM
50:730:111,Introduction To Philosophy,"(3, 3)",,,CM
50:730:190,Reading Seminar,"(1, 1)",,,CM
50:730:212,History Of Philosophy Ii (C),"(3, 3)",,,CM
50:730:221,Nature Of Mind,"(3, 3)",,,CM
50:730:222,Self And Identity,"(3, 3)",,,CM
50:730:226,Ethics,"(3, 3)",,,CM
50:730:249,Biomedical Ethics,"(3, 3)",,,CM
50:730:252,Eating Right: The Ethics Of Food Choices And Food Policy,"(3, 3)",,,CM
50:730:258,Philosophy Of Law,"(3, 3)",,,CM
50:730:264,Philosophical Ideas In Film,"(3, 3)",,,CM
50:730:328,Artificial Intelligence And Society,"(3, 3)",,,CM
50:730:389,Independent Study In Philosophy,"(3, 3)",,,CM
50:750:131,Elements Of Physics I,"(3, 3)",,,CM
50:750:133,Introductory Physics Laboratory I,"(1, 1)",,,CM
50:750:199,Professional Development For Physicists And Engineers,"(1, 1)",,,CM
50:750:203,General Physics I,"(3, 3)",,,CM
50:750:232,Modern Physics,"(3, 3)",,,CM
50:750:238,Modern Physics Lab,"(1, 1)",,,CM
50:750:291,Mechanics Of Materials,"(3, 3)",,,CM
50:750:301,Electromagnetic Theory,"(3, 3)",,,CM
50:750:309,Analytical Mechanics,"(3, 3)",,,CM
50:750:321,Physics Of Music,"(3, 3)",,,CM
50:750:361,Introduction To Mechatronics,"(3, 3)",,,CM
50:750:364,Introduction To Mechatronics Lab,"(1, 1)",,,CM
50:750:374,Energy And The Environment,"(3, 3)",,,CM
50:750:489,Ind Study Physics,"(None, None)",,,CM
50:750:491,Research In Physics I,"(3, 3)",,,CM
50:790:102,The Study Of Political Science,"(3, 3)",,,CM
50:790:106,Introduction To Law And Legal Studies,"(3, 3)",,,CM
50:790:211,Introduction To International Relations,"(3, 3)",,,CM
50:790:215,Introduction To American Politics,"(3, 3)",,,CM
50:790:217,Global Urban Politics,"(3, 3)",,,CM
50:790:218,Introduction To Digital Politics,"(3, 3)",,,CM
50:790:302,Dystopian Government In Futristic       Fiction,"(3, 3)",,,CM
50:790:306,Nationalism And Ethnic Conflict,"(3, 3)",,,CM
50:790:323,Legislative Process,"(3, 3)",,,CM
50:790:325,Emerging Technology And Security,"(3, 3)",,,CM
50:790:337,South And Southeast Asian Politics,"(3, 3)",,,CM
50:790:339,Chinese Politics,"(3, 3)",,,CM
50:790:350,"Violence, Revolution And Terrorism","(3, 3)",,,CM
50:790:371,Classical Political Theory,"(3, 3)",,,CM
50:790:381,Judicial Process,"(3, 3)",,,CM
50:790:397,Internship:  Political Science,"(None, None)",,,CM
50:790:418,Politics Of Mass Incarceration,"(3, 3)",,,CM
50:790:420,Seminar War And Peace,"(3, 3)",,,CM
50:790:442,Human Freedoms And The Constitution,"(3, 3)",,,CM
50:790:461,Special Topics In Political Science,"(3, 3)",,,CM
50:790:499,Independent Study And Research,"(None, None)",,,CM
50:830:101,Introduction To Psychology,"(3, 3)",,,CM
50:830:160,Introduction To Psychiatric Rehabilitation,"(3, 3)",,,CM
50:830:222,Human Development,"(3, 3)",,,CM
50:830:226,Psychology Of Childhood,"(3, 3)",,,CM
50:830:231,Psychology Of Personality,"(3, 3)",,,CM
50:830:250,Statistics For Social Sciences,"(3, 3)",,,CM
50:830:255,Method And Theory In Psychology,"(3, 3)",,,CM
50:830:260,Vision And Art,"(3, 3)",,,CM
50:830:310,Careers In Psychology,"(3, 3)",,,CM
50:830:312,Psychology Of Consciousness,"(3, 3)",,,CM
50:830:318,Ethics In Psychology,"(3, 3)",,,CM
50:830:328,Psychology Of Aging,"(3, 3)",,,CM
50:830:340,Abnormal Psychology,"(3, 3)",,,CM
50:830:345,Introduction To Clinical Psychology,"(3, 3)",,,CM
50:830:365,Cultural Psychology,"(3, 3)",,,CM
50:830:375,Social Cognition And Affective Neuroscience,"(3, 3)",,,CM
50:830:380,Laboratory In Experimental Psychology,"(1, 1)",,,CM
50:830:381,Experimental Psychology,"(3, 3)",,,CM
50:830:409,"Trauma, Risk, And Resilience","(3, 3)",,,CM
50:830:414,Drugs And The Brain,"(3, 3)",,,CM
50:830:418,Diagnostics And Assessments For Addictions,"(3, 3)",,,CM
50:830:454,Special Topics In Psychology,"(3, 3)",,,CM
50:830:459,Special Topics In Psychology,"(3, 3)",,,CM
50:830:461,Special Topics In Psychology,"(3, 3)",,,CM
50:830:484,Physiological Psychology,"(3, 3)",,,CM
50:830:494,Advanced Independent Study In Psychology,"(None, None)",,,CM
50:830:495,Advanced Independent Study In Psychology,"(None, None)",,,CM
50:840:101,Introduction To Religious Studies,"(3, 3)",,,CM
50:840:103,Introduction To World Religions,"(3, 3)",,,CM
50:840:108,Introduction To Religion & Contemporary Culture,"(3, 3)",,,CM
50:840:111,Asian Religions,"(3, 3)",,,CM
50:840:208,The Historical Jesus,"(3, 3)",,,CM
50:840:235,Islam And The Modern World,"(3, 3)",,,CM
50:840:240,Religion And Health,"(3, 3)",,,CM
50:840:278,Death And Dying In Religion,"(3, 3)",,,CM
50:840:318,Religion And Law,"(3, 3)",,,CM
50:840:389,Independent Study In Religion,"(3, 3)",,,CM
50:842:240,Reason And Rhetoric: The Art Of Critical Thinking,"(3, 3)",,,CM
50:910:220,Introduction To Social Work And Social Justice,"(3, 3)",,,CM
50:910:222,Confronting Anti-Black Racism,"(3, 3)",,,CM
50:910:225,Opresnminoritizedgrp,"(3, 3)",,,CM
50:910:227,Global Social Work,"(3, 3)",,,CM
50:910:228,"Understanding Interpersonal Violence: Cause, Consequence & Social Justice Change","(3, 3)",,,CM
50:910:311,Soc Wel Pol& Serv I,"(3, 3)",,,CM
50:910:402,Hum Behav&Soc Env I,"(3, 3)",,,CM
50:910:406,Diversity And Oppression,"(3, 3)",,,CM
50:910:467,Independent Study In Social Work,"(None, None)",,,CM
50:910:471,Field Practicum I,"(6, 6)",,,CM
50:910:472,Generalist Prac I,"(3, 3)",,,CM
50:910:476,Child Welfare Services And Practices,"(3, 3)",,,CM
50:920:101,Introduction To Sociology,"(3, 3)",,,CM
50:920:301,Methods And Techniques Of Social        Research,"(3, 3)",,,CM
50:920:313,Theories Of Crime And Delinquency,"(3, 3)",,,CM
50:920:314,Masculinities,"(3, 3)",,,CM
50:920:316,Race And Ethnicity,"(3, 3)",,,CM
50:920:325,Sociological Theory,"(3, 3)",,,CM
50:920:340,Health And Society,"(3, 3)",,,CM
50:920:345,Sociology Of Education,"(3, 3)",,,CM
50:920:346,Special Topics In Sociology,"(3, 3)",,,CM
50:920:348,Special Topics In Sociology,"(3, 3)",,,CM
50:920:445,Special Topics In Sociology,"(3, 3)",,,CM
50:920:487,Individual Study In Sociology,"(None, None)",,,CM
50:940:101,Elementary Spanish I,"(4, 4)",,,CM
50:940:102,Elementary Spanish Ii,"(4, 4)",,,CM
50:940:103,Emergency Spanish,"(3, 3)",,,CM
50:940:121,Intermediate Spanish I,"(4, 4)",,,CM
50:940:127,Spanish For The Health Professions I,"(3, 3)",,,CM
50:940:203,Span Comp & Conv,"(3, 3)",,,CM
50:940:208,Spanish American Culture And Civilization,"(3, 3)",,,CM
50:940:227,Spanish For The Health Professions Ii,"(3, 3)",,,CM
50:940:391,Special Topics In Spanish,"(3, 3)",,,CM
50:940:393,Ind Study Spanish,"(None, None)",,,CM
50:940:399,Internship-Spanish,"(3, 3)",,,CM
50:940:427,Health And Wellness In The Latinx       Community,"(3, 3)",,,CM
50:940:457,20Th C Lit S. Cone,"(3, 3)",,,CM
50:940:481,Acquisition Of Spanish As A Second      Language,"(3, 3)",,,CM
50:940:491,Special Topics In Spanish,"(3, 3)",,,CM
50:940:492,Special Topics In Spanish,"(3, 3)",,,CM
50:960:183,Elementary Applied Statistics,"(3, 3)",,,CM
50:960:185,Introduction To Data Science,"(3, 3)",,,CM
50:960:283,Introduction To Statistics I,"(3, 3)",,,CM
50:960:284,Introduction To Statistics Ii,"(3, 3)",,,CM
50:960:489,Statistical Models,"(3, 3)",,,CM
50:965:101,Introduction To Theater,"(3, 3)",,,CM
50:965:124,Movement For Stage,"(3, 3)",,,CM
50:965:125,Introduction To Video And Film,"(3, 3)",,,CM
50:965:202,Play Reading Analysis,"(3, 3)",,,CM
50:965:216,African American Theater,"(3, 3)",,,CM
50:965:225,Video And Film Production,"(3, 3)",,,CM
50:965:241,Stagecraft,"(3, 3)",,,CM
50:965:252,Screenwriting I,"(3, 3)",,,CM
50:965:270,Stage Makeup,"(3, 3)",,,CM
50:965:271,Acting I,"(3, 3)",,,CM
50:965:301,Performance,"(None, None)",,,CM
50:965:302,Practicum In Design And Technical Theater,"(None, None)",,,CM
50:965:303,Actor-Director Workshop,"(None, None)",,,CM
50:965:320,Directing I,"(3, 3)",,,CM
50:965:350,Auditions And The Business Of Theater,"(3, 3)",,,CM
50:965:358,Special Topics In Theater,"(None, None)",,,CM
50:965:360,Independent Study In Theater,"(None, None)",,,CM
50:965:380,History Of Theater I,"(3, 3)",,,CM
50:965:382,Lighting Design,"(3, 3)",,,CM
50:965:491,Theater Internship,"(None, None)",,,CM
50:965:495,Senior Project Film,"(None, None)",,,CM
50:965:496,Senior Project In Theater Arts,"(None, None)",,,CM
50:975:221,Literacy Practicum,"(3, 3)",,,CM
50:975:236,Introduction To Global Urbanization,"(3, 3)",,,CM
50:975:339,Housing Policy And Its Impact On Urban  Areas,"(3, 3)",,,CM
50:975:390,Special Topics In Urban Studies,"(3, 3)",,,CM
50:975:475,Internship In Urban Studies,"(3, 3)",,,CM
50:989:101,English Composition I,"(3, 3)",,,CM
50:989:102,English Composition Ii,"(3, 3)",,,CM
50:989:109,Writing Lab,"(1, 1)",,,CM
50:989:305,Introduction To Creative Writing,"(3, 3)",,,CM
50:989:307,Fiction Writing Workshop,"(3, 3)",,,CM
50:989:309,Non-Fiction Writing Workshop,"(3, 3)",,,CM
50:989:322,Writing For The Public,"(3, 3)",,,CM
52:010:101,Fundamentals Of Financial Accounting,"(3, 3)",,,CM
52:010:202,Fundamentals Of Managerial Accounting,"(3, 3)",,,CM
52:010:304,Acctg Info Mngt:Data,"(3, 3)",,,CM
52:010:305,Intermediate Accounting I,"(3, 3)",,,CM
52:010:306,Intermediate Accounting Ii,"(3, 3)",,,CM
52:010:370,Audit Theory And Practice,"(3, 3)",,,CM
52:010:372,Accounting For Business Decisions,"(3, 3)",,,CM
52:010:383,Individual Taxation,"(3, 3)",,,CM
52:010:395,Accounting Analytics,"(3, 3)",,,CM
52:010:401,Advanced Topics In Accounting,"(3, 3)",,,CM
52:010:495,Honors Thesis In Accounting,"(3, 3)",,,CM
52:010:497,Accounting Internship,"(3, 3)",,,CM
52:010:498,Accounting Cooperative,"(6, 6)",,,CM
52:135:101,Introduction To Business,"(3, 3)",,,CM
52:135:120,Introduction To Quantitative Skills For Business,"(3, 3)",,,CM
52:135:202,Professional Skills Forum I,"(1, 1)",,,CM
52:135:206,Professional Development Strategies,"(2, 2)",,,CM
52:135:214,Introduction To Business Statistics,"(3, 3)",,,CM
52:135:216,Applied Business Statistics,"(3, 3)",,,CM
52:135:250,Business Communications,"(3, 3)",,,CM
52:135:497,Business Administration Internship,"(3, 3)",,,CM
52:140:101,Business Law I Legal Environment,"(3, 3)",,,CM
52:390:301,Principles Of Finance,"(3, 3)",,,CM
52:390:306,Business Valuation,"(3, 3)",,,CM
52:390:310,Corporate Finance,"(3, 3)",,,CM
52:390:312,Real Estate Market Analysis And Fundamentals,"(3, 3)",,,CM
52:390:315,Investment And Portfolio Management,"(3, 3)",,,CM
52:390:325,Financial Markets And Institutions,"(3, 3)",,,CM
52:390:350,Multinational Finance,"(3, 3)",,,CM
52:390:497,Finance Internship,"(3, 3)",,,CM
52:533:360,Career Planning And Career Management,"(3, 3)",,,CM
52:533:365,Fundamentals Of Human Resource Management,"(3, 3)",,,CM
52:533:461,Compensation And Benefits,"(3, 3)",,,CM
52:533:463,"Talent Management: Attracting, Developing, And Retaining Employees","(3, 3)",,,CM
52:533:492,Special Topics In Human Resource        Management,"(3, 3)",,,CM
52:533:497,Hmr Internship,"(3, 3)",,,CM
52:620:210,Introduction To Data Analysis With Excel,"(1, 1)",,,CM
52:620:301,Corporate Social Responsibility: Ethics And Sustainability,"(3, 3)",,,CM
52:620:303,Organizational Behavior,"(3, 3)",,,CM
52:620:321,Optimization And Spreadsheet Modeling,"(3, 3)",,,CM
52:620:325,Operations Managemnt,"(3, 3)",,,CM
52:620:326,Supply Chain Analytics,"(3, 3)",,,CM
52:620:329,Prompt Engineering And Generative Ai For Professionals,"(1, 1)",,,CM
52:620:330,Business Process Redesign,"(1, 1)",,,CM
52:620:331,Introduction To Python,"(1, 1)",,,CM
52:620:369,International Business,"(3, 3)",,,CM
52:620:405,Global Management Strategy,"(3, 3)",,,CM
52:620:410,Data Analytics Bus,"(3, 3)",,,CM
52:620:426,Learning Abroad Program,"(3, 3)",,,CM
52:620:450,Strategic Management,"(3, 3)",,,CM
52:620:470,Managing Innovation,"(3, 3)",,,CM
52:620:483,Entrepreneurship: New Venture Creation,"(3, 3)",,,CM
52:620:491,Special Topic In Management,"(3, 3)",,,CM
52:620:492,Special Topic In Management,"(3, 3)",,,CM
52:620:497,Management Internship,"(3, 3)",,,CM
52:623:201,Introduction To Information Technology,"(3, 3)",,,CM
52:623:302,It And Project Management,"(3, 3)",,,CM
52:623:447,Data Management And Analytics With R,"(3, 3)",,,CM
52:623:497,Ecommerce And Information Technology    Internship,"(3, 3)",,,CM
52:630:201,Principles Of Marketing,"(3, 3)",,,CM
52:630:361,Digital Marketing Fundamentals,"(3, 3)",,,CM
52:630:362,Principles Of Digital Analytics,"(3, 3)",,,CM
52:630:363,Social Media Marketing,"(3, 3)",,,CM
52:630:365,Pricing Strategies,"(3, 3)",,,CM
52:630:371,International Marketing,"(3, 3)",,,CM
52:630:374,Consumer Behavior,"(3, 3)",,,CM
52:630:385,Marketing Research,"(3, 3)",,,CM
52:630:403,Strategic Marketing,"(3, 3)",,,CM
52:630:426,Learning Abroad Program,"(3, 3)",,,CM
52:630:497,Marketing Internship,"(3, 3)",,,CM
53:010:503,Accounting For Managerial Decisions,"(3, 3)",,,CM
53:010:523,Advanced Auditing,"(3, 3)",,,CM
53:010:525,Problems In Financial Reporting,"(3, 3)",,,CM
53:010:565,Financial Reporting And Analysis,"(3, 3)",,,CM
53:010:566,Financial Statement Analysis,"(3, 3)",,,CM
53:010:670,Special Topics In Accounting,"(3, 3)",,,CM
53:390:506,Financial Management,"(3, 3)",,,CM
53:390:540,Investment And Portfol Management,"(3, 3)",,,CM
53:390:541,Principles Of Financial Planning,"(3, 3)",,,CM
53:390:543,Tax Planning And Financial Regulation,"(3, 3)",,,CM
53:390:581,Financial Data Analytics,"(3, 3)",,,CM
53:390:583,Generative Ai And Textual Analysis In Finance,"(3, 3)",,,CM
53:533:527,Leading Innovation And Creativity,"(3, 3)",,,CM
53:533:557,Fundamentals Of Talent Management,"(3, 3)",,,CM
53:533:670,Special Topic In Human Resource         Management,"(3, 3)",,,CM
53:620:505,Foundations Of Leadership And Teamwork,"(3, 3)",,,CM
53:620:506,Managing In The Global Economy,"(3, 3)",,,CM
53:620:545,International Learning Abroad,"(3, 3)",,,CM
53:620:559,Ppt Eng&Generativeai,"(1, 1)",,,CM
53:620:560,Business Process Redesign,"(1, 1)",,,CM
53:620:561,Intro To Python,"(1, 1)",,,CM
53:620:570,Conflict Resolution And Negotiations,"(3, 3)",,,CM
53:620:672,Strategic Management,"(3, 3)",,,CM
53:620:800,Matriculation Continuation,"(0, 0)",,,CM
53:623:510,It Strategy And Project Management,"(3, 3)",,,CM
53:623:670,Special Topics In Management Science Andinformation Systems,"(3, 3)",,,CM
53:630:508,Marketing Management,"(3, 3)",,,CM
53:630:533,Digital Marketing Strategy,"(3, 3)",,,CM
53:716:502,Business Analytics,"(3, 3)",,,CM
53:716:513,Operations And Supply Chain Management,"(3, 3)",,,CM
53:716:535,Big Data Analytics,"(3, 3)",,,CM
53:716:545,Machine Learning Applications In Business,"(3, 3)",,,CM
56:115:511,Biochemistry I,"(3, 3)",,,CM
56:115:527,Bionanotechnology,"(3, 3)",,,CM
56:115:530,Forensic And Analytical Molecular       Biology,"(3, 3)",,,CM
56:115:531,Forensic Dna Analysis Lab,"(1, 1)",,,CM
56:115:571,Forensic Serology,"(3, 3)",,,CM
56:115:619,Ind Study Biochem,"(None, None)",,,CM
56:115:701,Research In Biochem,"(None, None)",,,CM
56:120:511,Ichthyology,"(3, 3)",,,CM
56:120:535,Special Topics In Biology,"(3, 3)",,,CM
56:120:561,Ichthyology Lab,"(1, 1)",,,CM
56:120:583,Molecular  Mechanisms Of Developmental  Genetics,"(3, 3)",,,CM
56:120:596,Special Topics In Biology,"(3, 3)",,,CM
56:120:597,Special Topics In Biology,"(3, 3)",,,CM
56:120:601,Seminar In Biology,"(1, 1)",,,CM
56:120:620,Independent Study In Biology,"(None, None)",,,CM
56:120:702,Research In Biology,"(None, None)",,,CM
56:120:800,Matriculation Continuation,"(0, 0)",,,CM
56:120:866,Graduate Assistantship-Biology,"(6, 6)",,,CM
56:120:877,Teaching Assistantship,"(6, 6)",,,CM
56:121:510,Essentials Of Biological Chemistry,"(3, 3)",,,CM
56:121:530,Essent Comp Sci I,"(3, 3)",,,CM
56:121:540,Essent Integr Bio I,"(3, 3)",,,CM
56:121:571,Fundamentals Of Mechatronic Systems,"(3, 3)",,,CM
56:121:572,Fundamentals Of Mechatronics Systems Lab,"(1, 1)",,,CM
56:121:585,Independent Study In Computational      Biology,"(3, 3)",,,CM
56:121:602,Seminar,"(1, 1)",,,CM
56:121:605,Codes For Life Seminar,"(1, 1)",,,CM
56:121:620,Laboratory Practices,"(1, 1)",,,CM
56:121:621,Laboratory Rotation Practicum,"(3, 3)",,,CM
56:121:630,Manuscript And Proposal Composition,"(1, 1)",,,CM
56:121:701,Masters Project,"(6, 6)",,,CM
56:121:710,Dissertation Research,"(None, None)",,,CM
56:121:800,Matriculation Continuation,"(0, 0)",,,CM
56:160:515,Polymer Chemistry I,"(3, 3)",,,CM
56:160:517,Polymer Chem Lab,"(1, 1)",,,CM
56:160:531,Advanced Inorganic Chemistry I,"(3, 3)",,,CM
56:160:601,Seminar In Chemistry,"(1, 1)",,,CM
56:160:602,Seminar In Chemistry,"(1, 1)",,,CM
56:160:619,Ind Study Chemistry,"(None, None)",,,CM
56:160:701,Research In Chem,"(None, None)",,,CM
56:160:800,Matriculation Continuation,"(0, 0)",,,CM
56:163:501,Professional Seminar In Childhood Studies I,"(3, 3)",,,CM
56:163:600,Childhood And Violence,"(3, 3)",,,CM
56:163:693,Critical Disability Studies,"(3, 3)",,,CM
56:163:699,Directed Reading In Childhood Studies,"(3, 3)",,,CM
56:163:700,Doctoral Dissertation,"(None, None)",,,CM
56:163:800,Matriculation Continuation,"(0, 0)",,,CM
56:198:500,Essentials Of Computer Science I,"(3, 3)",,,CM
56:198:514,Artificial Intelligence,"(3, 3)",,,CM
56:198:518,Explainable And Fair Artificial Intelligence,"(3, 3)",,,CM
56:198:523,Software Engineering,"(3, 3)",,,CM
56:198:551,Database Systems,"(3, 3)",,,CM
56:198:567,Applied Probability,"(3, 3)",,,CM
56:198:575,Cryptography And Computer Security,"(3, 3)",,,CM
56:198:591,Special Topics In Computer Science,"(3, 3)",,,CM
56:198:694,Independent Study In Computer Science,"(None, None)",,,CM
56:198:697,Computer Science Internship,"(None, None)",,,CM
56:198:701,Research In Computer Science,"(3, 3)",,,CM
56:198:702,Research In Computer Science,"(3, 3)",,,CM
56:198:800,Matriculation Continuation,"(0, 0)",,,CM
56:200:517,Fiction,"(3, 3)",,,CM
56:200:521,Special Topics In Creative Writing,"(3, 3)",,,CM
56:200:523,Independent Study In Creative Writing,"(3, 3)",,,CM
56:200:528,Creative Non-Fiction Workshop,"(3, 3)",,,CM
56:200:573,Special Topics In Craft,"(3, 3)",,,CM
56:202:574,Using Crime Data,"(3, 3)",,,CM
56:202:600,Research Methods-Cj,"(3, 3)",,,CM
56:202:670,Independent Study In Criminal Justice,"(None, None)",,,CM
56:202:671,Independent Study In Criminal Justice,"(None, None)",,,CM
56:202:672,Independent Study In Criminal Justice,"(None, None)",,,CM
56:202:673,Special Topics In Criminal Justice,"(3, 3)",,,CM
56:202:674,Special Topics In Criminal Justice,"(3, 3)",,,CM
56:202:675,Special Topic In Criminal Justice,"(3, 3)",,,CM
56:202:800,Matriculation Continuation,"(0, 0)",,,CM
56:209:630,Weird Books,"(3, 3)",,,CM
56:209:640,Motion Design And Animation With After Effects,"(3, 3)",,,CM
56:209:670,Ai Ethics And Law,"(3, 3)",,,CM
56:219:500,Foundations Of Data Science: Programming And Reasoning,"(3, 3)",,,CM
56:219:511,Statistical Methods For Data Science,"(3, 3)",,,CM
56:219:521,Data Visualization,"(3, 3)",,,CM
56:219:523,Gis Data Science,"(3, 3)",,,CM
56:219:593,St In Data Science,"(3, 3)",,,CM
56:219:600,Data Sci Internship,"(None, None)",,,CM
56:219:601,Independent Study,"(3, 3)",,,CM
56:219:603,Master'S Project,"(3, 3)",,,CM
56:219:701,Thesis In Data Science,"(3, 3)",,,CM
56:219:800,Matriculation Continued,"(0, 0)",,,CM
56:300:500,Psychological Foundations Of Learning,"(3, 3)",,,CM
56:300:501,Exceptionalities,"(3, 3)",,,CM
56:300:505,Early Childhood/Elementary Teaching Methods,"(3, 3)",,,CM
56:300:506,Secondary Teaching Methods,"(3, 3)",,,CM
56:300:507,Early Childhood/Elementary Classroom Assessments,"(3, 3)",,,CM
56:300:508,Secondary Classroom Assessments,"(3, 3)",,,CM
56:300:509,Early Childhood Learning,"(3, 3)",,,CM
56:300:511,Literacy Foundations,"(3, 3)",,,CM
56:300:520,Clinical Practice I,"(3, 3)",,,CM
56:300:530,Language And Literacy In Special        Education,"(3, 3)",,,CM
56:300:532,The Special Education Process,"(3, 3)",,,CM
56:300:533,Autism Spectrum Disorders,"(3, 3)",,,CM
56:300:571,Second Language Acquisition,"(3, 3)",,,CM
56:300:574,American English,"(3, 3)",,,CM
56:300:602,Curriculum Design And Development For Instructional Leaders,"(3, 3)",,,CM
56:300:603,Curriculum Evaluation,"(3, 3)",,,CM
56:300:800,Matriculation Continued,"(0, 0)",,,CM
56:350:501,Independent Study,"(None, None)",,,CM
56:350:509,Professional Seminar In English Studies,"(3, 3)",,,CM
56:350:512,Department Of English Learning Abroad   Program,"(3, 3)",,,CM
56:350:524,Fantasy And Science Fiction,"(3, 3)",,,CM
56:350:591,Capstone Project,"(3, 3)",,,CM
56:350:593,Special Topics In English,"(3, 3)",,,CM
56:350:800,Matriculation Continuation,"(0, 0)",,,CM
56:412:700,Research In Forensic Science,"(2, 2)",,,CM
56:412:701,Research In Forensic Science,"(2, 2)",,,CM
56:412:702,Research In Forensic Science,"(4, 4)",,,CM
56:412:800,Matriculation Continued,"(0, 0)",,,CM
56:512:505,"Colloquium In Early America, 1763 To    1820","(3, 3)",,,CM
56:512:508,"Colloquium In U.S., 1945 To Present","(3, 3)",,,CM
56:512:523,Gender In History And Theory,"(3, 3)",,,CM
56:512:550,The Craft Of History,"(3, 3)",,,CM
56:512:558,Readings 20Th Century Global History,"(3, 3)",,,CM
56:512:588,Material Cultural In America,"(3, 3)",,,CM
56:512:698,Individual Study In History,"(None, None)",,,CM
56:512:800,Matriculation Continuation,"(0, 0)",,,CM
56:606:500,Introduction To Graduate Liberal Studies,"(1, 1)",,,CM
56:606:534,Studies Of The 20Th Century,"(3, 3)",,,CM
56:606:613,Studies In Arts And Literature,"(3, 3)",,,CM
56:606:623,Studies Of Politics And Society,"(3, 3)",,,CM
56:606:639,Bible As Literature,"(3, 3)",,,CM
56:606:645,Studies Of Philosophy And Religion,"(3, 3)",,,CM
56:606:648,Studies In Philosophy And Religion,"(3, 3)",,,CM
56:606:689,Capstone Research,"(3, 3)",,,CM
56:606:690,Research In Liberal Studies,"(None, None)",,,CM
56:606:800,Matriculation Continuation,"(0, 0)",,,CM
56:615:520,Modern American Grammar,"(3, 3)",,,CM
56:615:530,History Of The English Language,"(3, 3)",,,CM
56:615:597,Independent Study,"(None, None)",,,CM
56:645:503,Complex Variables,"(3, 3)",,,CM
56:645:508,Mathematical Reasoning,"(3, 3)",,,CM
56:645:531,Geometry,"(3, 3)",,,CM
56:645:540,Comp Num Th & Crypto,"(3, 3)",,,CM
56:645:545,Topology,"(3, 3)",,,CM
56:645:556,Data Visualization,"(3, 3)",,,CM
56:645:558,Probability And Stochastic Processes,"(3, 3)",,,CM
56:645:562,Mathematical Modelng,"(3, 3)",,,CM
56:645:563,Statistic Reasoning,"(3, 3)",,,CM
56:645:575,Advanced Differential Equations,"(3, 3)",,,CM
56:645:580,Special Topics In Applied Math,"(3, 3)",,,CM
56:645:698,Individual Study Pure Math,"(None, None)",,,CM
56:645:699,Individual Study Applied Math,"(None, None)",,,CM
56:645:700,Thesis Pure Math,"(3, 3)",,,CM
56:645:701,Thesis Applied Math,"(3, 3)",,,CM
56:645:800,Matriculation Continuation,"(0, 0)",,,CM
56:792:501,Introduction To Prevention Science,"(3, 3)",,,CM
56:792:502,Applied Statistical Programming,"(1, 1)",,,CM
56:792:503,Current Topics In Prevention Science,"(1, 1)",,,CM
56:792:603,Introduction To Implementation Science/Program Evaluation,"(3, 3)",,,CM
56:792:604,Applied Prevention Science,"(3, 3)",,,CM
56:792:701,Research In Prevention Science,"(None, None)",,,CM
56:792:750,Dissertation Research,"(None, None)",,,CM
56:824:702,Quantitative Methods I,"(3, 3)",,,CM
56:824:703,Logic Social Inquiry,"(3, 3)",,,CM
56:824:704,Solidarity Economy,"(3, 3)",,,CM
56:824:714,Qualitative Research Methods,"(3, 3)",,,CM
56:824:720,Dissertation Development,"(None, None)",,,CM
56:824:721,Community Well-Being,"(3, 3)",,,CM
56:824:725,Geographic Information Systems In The   Public Sector,"(3, 3)",,,CM
56:824:726,Inequality And Segregation,"(3, 3)",,,CM
56:824:790,Doctoral Dissertation,"(None, None)",,,CM
56:824:800,Matriculation Continuation,"(0, 0)",,,CM
56:824:866,Graduate Assistantship-Public Affairs,"(0, 0)",,,CM
56:830:580,Research Methods,"(3, 3)",,,CM
56:830:590,Independent Study:  Thesis Proposal,"(3, 3)",,,CM
56:830:635,Graduate Social Psychology,"(3, 3)",,,CM
56:830:648,Health Psychology,"(3, 3)",,,CM
56:830:650,Stats & Rsrch Design,"(3, 3)",,,CM
56:830:678,Advanced Topics In Psychology,"(3, 3)",,,CM
56:830:690,Independent Study:  Thesis Research,"(3, 3)",,,CM
56:830:701,Research In Psychology,"(None, None)",,,CM
56:830:703,Readings In Psychology,"(None, None)",,,CM
56:830:800,Matriculation Continuation,"(0, 0)",,,CM
56:831:525,Public And Nonprofit Management,"(3, 3)",,,CM
56:831:536,Public Information Systems,"(3, 3)",,,CM
56:831:553,Financial Management Of Public Programs,"(3, 3)",,,CM
56:831:557,Human Resources Management,"(3, 3)",,,CM
56:831:800,Matriculation Continued,"(0, 0)",,,CM
56:834:501,Foundations Of Policy Analysis,"(3, 3)",,,CM
56:834:503,Law & Public Policy,"(3, 3)",,,CM
56:834:505,Organizational Behavior,"(3, 3)",,,CM
56:834:515,Introduction To Public Budgeting And Finance,"(3, 3)",,,CM
56:834:521,Directed Study,"(3, 3)",,,CM
56:834:535,Research Methods,"(3, 3)",,,CM
56:834:539,Race And Public Administration,"(3, 3)",,,CM
56:834:541,Internship I,"(3, 3)",,,CM
56:834:542,Internship Ii,"(3, 3)",,,CM
56:834:557,Human Resources Management,"(3, 3)",,,CM
56:834:562,Urban Social Justice,"(3, 3)",,,CM
56:834:604,Solidarity Economy,"(3, 3)",,,CM
56:834:608,Geographic Information Systems Public   Sector,"(3, 3)",,,CM
56:834:615,Housing Policy,"(3, 3)",,,CM
56:834:620,Inequality And Segregation,"(3, 3)",,,CM
56:834:800,Matriculation Continuation,"(0, 0)",,,CM
56:842:569,Pract Teaching Wrt,"(3, 3)",,,CM
56:940:515,Acquisition Of Spanish As A Second      Language,"(3, 3)",,,CM
56:940:557,20Th Cent Souther Co,"(3, 3)",,,CM
56:940:591,Independent Study In Spanish,"(3, 3)",,,CM
56:940:592,Special Topics In Spanish,"(3, 3)",,,CM
56:940:800,Matriculation Continuation,"(0, 0)",,,CM
57:705:102,Seminar On Professional Nursing-Honor,"(3, 3)",,,CM
57:705:105,Seminar In Professional Nursing,"(3, 3)",,,CM
57:705:120,Impact And Success In Nursing,"(1, 1)",,,CM
57:705:152,Improving Population Health,"(3, 3)",,,CM
57:705:153,"Issues In Nursing, Health, And Health   Care","(3, 3)",,,CM
57:705:230,Social Determinants Of Health Impacting Children Across Us & Global Communities,"(3, 3)",,,CM
57:705:255,Nutrition,"(3, 3)",,,CM
57:705:256,Clinical Pathophysiology,"(3, 3)",,,CM
57:705:310,Health And Illness In Adult             Populations-Theory,"(3, 3)",,,CM
57:705:311,Health And Illness In Adult             Populations-Lab,"(3, 3)",,,CM
57:705:313,Aging And Health In Global Communities,"(3, 3)",,,CM
57:705:332,Abs Foundations Of Nursing - Theory,"(3, 3)",,,CM
57:705:333,Abs Foundations Of Nursing - Laboratory,"(2, 2)",,,CM
57:705:336,Abs Seminar In Professional Nursing,"(3, 3)",,,CM
57:705:338,Abs Wellness And Health Assessment-     Theory,"(3, 3)",,,CM
57:705:339,Abs Wellness And Health Assessment-Lab,"(1, 1)",,,CM
57:705:350,Abs Complex Health And Illness In Adult Populations - Theory,"(3, 3)",,,CM
57:705:351,Abs Complex Health And Illness In Adult Populations - Lab,"(3, 3)",,,CM
57:705:360,Nursing Of Children And Adolescents     Theory (Abs),"(3, 3)",,,CM
57:705:361,Nursing Of Children And Adolescents Lab (Abs),"(3, 3)",,,CM
57:705:380,Nursing Of Women And The Childbearing   Family Theory (Abs),"(3, 3)",,,CM
57:705:381,Nursing Of Women And The Childbearing   Family Lab (Abs),"(3, 3)",,,CM
57:705:385,Independent Study Nursing,"(None, None)",,,CM
57:705:403,Psychiatric-Mental Health Nursing-Theory,"(3, 3)",,,CM
57:705:404,Psychiatric Mental Health Nursing Lab,"(3, 3)",,,CM
57:705:410,Rn-Bs Research In Evidenceed Based      Practice,"(3, 3)",,,CM
57:705:411,Research And Evidence-Based Practice In Nursing,"(3, 3)",,,CM
57:705:412,Community Health Nursing,"(3, 3)",,,CM
57:705:416,Complex Health Theory In Adult          Populations-Theory,"(3, 3)",,,CM
57:705:417,Complex Health And Illness In Adult     Populations-Lab,"(3, 3)",,,CM
57:705:422,Community Health Nursing And Global     Health Lab,"(4, 4)",,,CM
57:705:423,Nursing Management And Leadership,"(4, 4)",,,CM
57:705:432,Abs Aging And Health In Global          Communities,"(3, 3)",,,CM
57:705:434,Abs Nursing Management And Leadership,"(3, 3)",,,CM
57:705:436,Intermediate Health Assessment For The Rn Student,"(3, 3)",,,CM
57:705:460,Community Health Nursing And Global     Health-Theory (Abs),"(3, 3)",,,CM
57:705:461,Community Health Nursing And Global     Health-Lab (Abs),"(3, 3)",,,CM
57:705:468,Abs Capstone Theory,"(3, 3)",,,CM
57:705:469,Abs Capstone Lab,"(3, 3)",,,CM
57:705:481,Integrated Pathophysiology And Pharmacology For Nurses,"(4, 4)",,,CM
57:705:489,Pharmacology,"(3, 3)",,,CM
58:705:521,Advanced Health/Physical Assessment,"(3, 3)",,,CM
58:705:522,Adv Comprehensive Physical Assess & Health Promotion For Pediatric & Adolescent,"(3, 3)",,,CM
58:705:525,Advanced Pharmacology,"(3, 3)",,,CM
58:705:551,Wound Ostomy Continence Nursing I,"(5, 5)",,,CM
58:705:559,School Nurse Seminar,"(3, 3)",,,CM
58:705:560,School Nurse Practicum 2,"(3, 3)",,,CM
58:705:561,Improving Population Health,"(3, 3)",,,CM
58:705:580,Interprofessional Ethics For Advanced   Practice,"(3, 3)",,,CM
58:705:589,Special Topics In Advanced Nursing,"(None, None)",,,CM
58:705:606,Financial Management In Healthcare,"(3, 3)",,,CM
58:705:660,Adult Gerontological Primary Care       Theory I,"(3, 3)",,,CM
58:705:662,Adult Gerontological Primary Care       Residency I,"(5, 5)",,,CM
58:705:672,Scholarly Seminary Ii,"(3, 3)",,,CM
58:705:675,Specialty Residency Iii,"(3, 3)",,,CM
58:705:678,Family Health Theory And Residency:     Pediatrics,"(6, 6)",,,CM
58:705:695,National And Global Health Policies,"(3, 3)",,,CM
58:705:698,Epidemiology And Biostatistics,"(3, 3)",,,CM
58:705:800,Matriculation Continuation,"(0, 0)",,,CM
19:910:500,Practice With Individuals And Families,"(None, None)",,,CM
19:910:501,Practice With Communities And Organizations,"(None, None)",,,CM
19:910:502,Human Behavior And The Social Environment,"(None, None)",,,CM
19:910:506,Diversity And Oppression,"(None, None)",,,CM
19:910:508,Practicum I,"(None, None)",,,CM
19:910:511,Clinical Social Work I,"(None, None)",,,CM
19:910:516,Clinical Social Work: Health,"(None, None)",,,CM
19:910:517,Csw:Mental Health,"(None, None)",,,CM
19:910:518,Clinical Social Work: Children,"(None, None)",,,CM
19:910:535,Management Practice And Theory,"(None, None)",,,CM
19:910:541,Fundraising And Marketing,"(None, None)",,,CM
19:910:553,Practicum Lab Seminar,"(None, None)",,,CM
19:910:584,Advanced Contemporary Policy: Interpersonal Violence,"(None, None)",,,CM
19:910:591,Acp:Children & Youth,"(None, None)",,,CM
19:910:595,Evaluation Of Social Work Practice And Programs,"(None, None)",,,CM
19:910:600,Practicum 3 - Csw,"(None, None)",,,CM
50:014:215,African American Theater,"(None, None)",,,CM
50:014:318,Learning Abroad Program,"(None, None)",,,CM
50:014:381,Special Topics In Africana Studies,"(None, None)",,,CM
50:014:382,Special Topics In African American      Studies,"(None, None)",,,CM
50:070:101,Introduction To Cultural Anthropology,"(None, None)",,,CM
50:070:307,Psychological Anthropology,"(None, None)",,,CM
50:070:323,Anthropology Of American Culture,"(None, None)",,,CM
50:070:495,Independent Study In Anthropology,"(None, None)",,,CM
50:080:102,Visual Fundamentals,"(None, None)",,,CM
50:080:103,Sculpture Foundation,"(None, None)",,,CM
50:080:126,Conceptual Art I,"(None, None)",,,CM
50:080:211,Ceramics I,"(None, None)",,,CM
50:080:212,Ceramics Ii,"(None, None)",,,CM
50:080:213,Graphic Design I: Computational Foundations,"(None, None)",,,CM
50:080:214,Sculpture I,"(None, None)",,,CM
50:080:221,Drawing I,"(None, None)",,,CM
50:080:225,Color Studies,"(None, None)",,,CM
50:080:226,Conceptual Art Ii,"(None, None)",,,CM
50:080:261,Film Photography I,"(None, None)",,,CM
50:080:264,Digital Photography I,"(None, None)",,,CM
50:080:271,Printmaking,"(None, None)",,,CM
50:080:279,Computer Animation I,"(None, None)",,,CM
50:080:280,Classical Animation,"(None, None)",,,CM
50:080:282,Studio Lighting For Photography,"(None, None)",,,CM
50:080:332,Graphic Design Iii Studio,"(None, None)",,,CM
50:080:333,Typography I,"(None, None)",,,CM
50:080:346,User Experience And Interface Design,"(None, None)",,,CM
50:080:351,Painting I,"(None, None)",,,CM
50:080:361,Art Therapy I,"(None, None)",,,CM
50:080:382,Sculpture Ii,"(None, None)",,,CM
50:080:388,3D Modeling And Printing,"(None, None)",,,CM
50:080:391,Independent Study In Studio Art,"(None, None)",,,CM
50:080:421,Art Therapy Ii,"(None, None)",,,CM
50:080:429,Arts Management Practicum,"(None, None)",,,CM
50:080:438,Graphic Design Capstone I,"(None, None)",,,CM
50:080:439,Special Topics In Graphic Design,"(None, None)",,,CM
50:080:446,Ai Generated Animation,"(None, None)",,,CM
50:080:448,Character Animation,"(None, None)",,,CM
50:080:451,Advanced Painting,"(None, None)",,,CM
50:080:452,Painting Capstone,"(None, None)",,,CM
50:080:460,Experimental Photography,"(None, None)",,,CM
50:080:461,Senior Photography Capstone,"(None, None)",,,CM
50:080:478,Sculpture Capstone,"(None, None)",,,CM
50:080:481,Advanced Sculpture,"(None, None)",,,CM
50:080:483,Animation Capstone I,"(None, None)",,,CM
50:080:488,3D Interactive Design In Vr,"(None, None)",,,CM
50:080:491,Electonic Arts Internship,"(None, None)",,,CM
50:080:492,Art Internship,"(None, None)",,,CM
50:080:498,Honors In Art,"(None, None)",,,CM
50:082:101,Introduction To Art History I: Prehistory To 1400,"(None, None)",,,CM
50:082:102,Introduction To Art History Ii: Early Modern To Now,"(None, None)",,,CM
50:082:104,Introduction To The Art Of Asia,"(None, None)",,,CM
50:082:203,Medieval Art And Culture,"(None, None)",,,CM
50:082:212,Japanese Art,"(None, None)",,,CM
50:082:368,20Th Century American Art,"(None, None)",,,CM
50:082:380,History Of Animation,"(None, None)",,,CM
50:082:491,Independent Study In Art History,"(None, None)",,,CM
50:082:497,Honors In Art Histry,"(None, None)",,,CM
50:090:180,Premed/Mcat Workshop,"(None, None)",,,CM
50:090:399,Internship Course-Arts And Sciences,"(None, None)",,,CM
50:100:306,Descriptive Astronomy,"(None, None)",,,CM
50:115:403,Gen Biochemistry I,"(None, None)",,,CM
50:115:407,Gen Biochem Lab I,"(None, None)",,,CM
50:115:430,Biomolecular Forensic Science,"(None, None)",,,CM
50:115:431,Biomolecular Forensic Laboratory,"(None, None)",,,CM
50:120:101,General Biology I,"(None, None)",,,CM
50:120:105,The Facts Of Life,"(None, None)",,,CM
50:120:107,Generl Biology Lab I,"(None, None)",,,CM
50:120:111,General Biology 101 Recitation,"(None, None)",,,CM
50:120:153,Essentials Of Anatomy And Physiology I,"(None, None)",,,CM
50:120:155,Essentials Of Anatomy And Physiology Lab I,"(None, None)",,,CM
50:120:199,Exploring Careers In Biology,"(None, None)",,,CM
50:120:200,Exp Res In Bio,"(None, None)",,,CM
50:120:211,Microbiology And Its Application,"(None, None)",,,CM
50:120:212,Microbiology And Its Applications Lab,"(None, None)",,,CM
50:120:231,Clinical Aspects Of Human Genetics,"(None, None)",,,CM
50:120:253,Basic Anatomy & Physiology I,"(None, None)",,,CM
50:120:255,Basic Anatomy & Physiology I Laboratory,"(None, None)",,,CM
50:120:283,Statistics For Biological Research,"(None, None)",,,CM
50:120:300,Advanced Anatomy And Physiology I,"(None, None)",,,CM
50:120:302,Advanced Anatomy And Physiology I       Laboratory,"(None, None)",,,CM
50:120:305,Molecular Biology,"(None, None)",,,CM
50:120:306,Molecular Biology Laboratory,"(None, None)",,,CM
50:120:344,Neurobiology I: Cell And Molecular,"(None, None)",,,CM
50:120:347,Pathophysiology,"(None, None)",,,CM
50:120:351,General Ecology,"(None, None)",,,CM
50:120:353,General Ecology Lab,"(None, None)",,,CM
50:120:362,Morphology Of Plants,"(None, None)",,,CM
50:120:368,Morph Of Plants Lab,"(None, None)",,,CM
50:120:371,Evolution Morphology,"(None, None)",,,CM
50:120:376,Animal Histology,"(None, None)",,,CM
50:120:377,Animal Histology Lab,"(None, None)",,,CM
50:120:399,Current Topics In Biology,"(None, None)",,,CM
50:120:402,Mycology,"(None, None)",,,CM
50:120:491,Independent Research In Biology I,"(None, None)",,,CM
50:120:492,Independent Research In Biology Ii,"(None, None)",,,CM
50:120:494,Seminar In Biology,"(None, None)",,,CM
50:120:495,Biology Honors Thesis I,"(None, None)",,,CM
50:121:400,Computational And Integrative Biology   Capstone I,"(None, None)",,,CM
50:121:401,Computational And Integrative Biology   Capstone Ii,"(None, None)",,,CM
50:160:103,General Organic And Biochemistry I,"(None, None)",,,CM
50:160:115,Chemical Princple I,"(None, None)",,,CM
50:160:125,Chemical Prin Lab I,"(None, None)",,,CM
50:160:325,Analytical Chem I,"(None, None)",,,CM
50:160:329,Analytical Chemlab I,"(None, None)",,,CM
50:160:335,Organic Chemistry I,"(None, None)",,,CM
50:160:339,Organic Chem Lab I,"(None, None)",,,CM
50:160:345,Physical Chemistry I,"(None, None)",,,CM
50:160:347,Physical Chem I Lab,"(None, None)",,,CM
50:160:413,Inorganic Chem I,"(None, None)",,,CM
50:160:444,Polymer Chemistry,"(None, None)",,,CM
50:160:446,Polymer Chem Lab,"(None, None)",,,CM
50:160:493,Special Topics: Undergraduate Lab Instructor,"(None, None)",,,CM
50:160:495,Research In Chemistry,"(None, None)",,,CM
50:163:101,Introduction To Childhood Studies,"(None, None)",,,CM
50:163:200,Careers In Childhood Studies,"(None, None)",,,CM
50:163:230,Child Protection In Emergencies (Cpie),"(None, None)",,,CM
50:163:240,Childhood In Global Cinema,"(None, None)",,,CM
50:163:265,Girlhood Studies,"(None, None)",,,CM
50:163:320,History Of Youth,"(None, None)",,,CM
50:163:335,Media Stereotypes And Black Adolescent Identity,"(None, None)",,,CM
50:163:361,Young Adult Literature,"(None, None)",,,CM
50:163:371,Global Childhoods,"(None, None)",,,CM
50:163:382,Urban Education,"(None, None)",,,CM
50:163:480,Senior Seminar In Childhood Studies,"(None, None)",,,CM
50:192:101,Introduction To Communication,"(None, None)",,,CM
50:192:225,Digital Communication,"(None, None)",,,CM
50:192:232,Computational Thinking,"(None, None)",,,CM
50:192:281,Public Speaking,"(None, None)",,,CM
50:198:111,Programming Fundamentals,"(None, None)",,,CM
50:198:113,Object-Oriented Programming,"(None, None)",,,CM
50:198:171,Mathematical Foundations Of Computer Science,"(None, None)",,,CM
50:198:211,C And Unix Systems Programming,"(None, None)",,,CM
50:198:213,Data Structures,"(None, None)",,,CM
50:198:331,Introduction To Computer Organization,"(None, None)",,,CM
50:198:335,Cybersecurity Fundamentals,"(None, None)",,,CM
50:198:341,Operating Systems,"(None, None)",,,CM
50:198:371,Design And Analysis Of Algorithms,"(None, None)",,,CM
50:198:414,Artificial Intelligence,"(None, None)",,,CM
50:198:418,Explainable And Fair Artificial Intelligence,"(None, None)",,,CM
50:198:423,Software Engineering,"(None, None)",,,CM
50:198:451,Database Systems,"(None, None)",,,CM
50:198:467,Applied Probability,"(None, None)",,,CM
50:198:475,Cryptography And Computer Security,"(None, None)",,,CM
50:198:491,Special Topic In Computer Science,"(None, None)",,,CM
50:198:493,Senior Design Project,"(None, None)",,,CM
50:198:494,Independent Study In Computer Science,"(None, None)",,,CM
50:198:495,Honors Program In Computer,"(None, None)",,,CM
50:198:496,Honors Program In Computer,"(None, None)",,,CM
50:198:497,Computer Science Internship,"(None, None)",,,CM
50:202:101,Introduction To Criminal Justice,"(None, None)",,,CM
50:202:178,Mountainview Seminar: Issues In Reentry And Retention,"(None, None)",,,CM
50:202:202,Police & Policing,"(None, None)",,,CM
50:202:203,Confinement & Corrections,"(None, None)",,,CM
50:202:322,Juvenile Justice,"(None, None)",,,CM
50:202:337,Inequality In Criminal Justice,"(None, None)",,,CM
50:202:355,Special Topics In Criminal Justice,"(None, None)",,,CM
50:202:365,Queer Crime,"(None, None)",,,CM
50:202:400,Race And Policing,"(None, None)",,,CM
50:202:405,Criminal Investigation Practicum I,"(None, None)",,,CM
50:202:449,Ethics And Policy In Criminal Justice,"(None, None)",,,CM
50:202:491,Independent Study In Criminal Justice,"(None, None)",,,CM
50:203:125,Introduction To Tap,"(None, None)",,,CM
50:203:249,Ballet I,"(None, None)",,,CM
50:209:101,Introduction To Digital Studies,"(None, None)",,,CM
50:209:130,The Evolution Of Gaming And Esports,"(None, None)",,,CM
50:209:210,Multimedia Thinking,"(None, None)",,,CM
50:209:230,Creative Coding,"(None, None)",,,CM
50:209:305,Internship In Digital Studies,"(None, None)",,,CM
50:209:309,Constructing The Moving Image,"(None, None)",,,CM
50:209:401,Digital Studies Capstone,"(None, None)",,,CM
50:209:406,Independent Study In Digital Studies Ii,"(None, None)",,,CM
50:220:102,Principles Of Microeconomics,"(None, None)",,,CM
50:220:103,Principles Of Macroeconomics,"(None, None)",,,CM
50:220:122,Introduction To Data Science,"(None, None)",,,CM
50:220:203,Intermediate Microeconomics,"(None, None)",,,CM
50:220:204,Intermediate Macroeconomics,"(None, None)",,,CM
50:220:210,History Of Economic Thought (C),"(None, None)",,,CM
50:220:222,Foundations Of Econometrics,"(None, None)",,,CM
50:220:313,Economics Of Labor,"(None, None)",,,CM
50:220:316,Health Economics,"(None, None)",,,CM
50:220:321,Applied Game Theory,"(None, None)",,,CM
50:220:322,Econometrics,"(None, None)",,,CM
50:220:491,Ind Study Projects,"(None, None)",,,CM
50:220:495,Honors In Economics,"(None, None)",,,CM
50:220:497,Internship In Econ,"(None, None)",,,CM
50:300:101,Introduction To Education,"(None, None)",,,CM
50:300:301,Contemporary Issues In Education,"(None, None)",,,CM
50:300:434,Social And Cultural Foundations Of Education,"(None, None)",,,CM
50:350:201,Introduction To English Studies,"(None, None)",,,CM
50:350:225,Special Topics In English,"(None, None)",,,CM
50:350:238,World Literature I,"(None, None)",,,CM
50:350:300,Foundations Of Literature,"(None, None)",,,CM
50:350:347,Weaponized Nostalgia: Medieval And Modern,"(None, None)",,,CM
50:350:355,Modern World Literature,"(None, None)",,,CM
50:350:389,English Learning Abroad,"(None, None)",,,CM
50:350:391,Special Topics In English,"(None, None)",,,CM
50:350:400,Portfolio Pro-Seminar,"(None, None)",,,CM
50:352:309,Diversity In The 19Th Century,"(None, None)",,,CM
50:352:379,Special Topics In American Literature,"(None, None)",,,CM
50:354:201,The Art Of Film,"(None, None)",,,CM
50:354:390,Special Topics In Film,"(None, None)",,,CM
50:354:391,Special Topics In Film,"(None, None)",,,CM
50:354:392,Special Topics In Film,"(None, None)",,,CM
50:420:101,Elementary French I,"(None, None)",,,CM
50:420:102,Elementary French Ii,"(None, None)",,,CM
50:420:131,Intermediate French I,"(None, None)",,,CM
50:420:245,French Crime Fiction In English Translation,"(None, None)",,,CM
50:420:360,French Civilization,"(None, None)",,,CM
50:443:201,Introduction To Women'S And Gender      Studies,"(None, None)",,,CM
50:443:210,Global Gender Issues,"(None, None)",,,CM
50:443:220,Exploring Sex Discrimination And Title  Ix,"(None, None)",,,CM
50:443:297,Special Topics In Gender Studies,"(None, None)",,,CM
50:443:311,Queer Crime,"(None, None)",,,CM
50:443:313,Transgender Studies,"(None, None)",,,CM
50:443:314,Masculinities,"(None, None)",,,CM
50:443:324,Black Masculinity,"(None, None)",,,CM
50:443:326,"Sex, Gender, And Theater","(None, None)",,,CM
50:443:390,Special Topics In Gender Studies,"(None, None)",,,CM
50:443:391,Special Topics In Gender Studies,"(None, None)",,,CM
50:443:392,Special Topics In Gender Studies,"(None, None)",,,CM
50:443:495,Independent Study In Gender Studies,"(None, None)",,,CM
50:470:101,Elementary German I,"(None, None)",,,CM
50:470:131,Intermediate German I,"(None, None)",,,CM
50:470:493,Independent Study In German,"(None, None)",,,CM
50:480:101,Introduction To Global Studies,"(None, None)",,,CM
50:480:291,Special Topics In Global Studies,"(None, None)",,,CM
50:480:292,Special Topics In Global Studies,"(None, None)",,,CM
50:480:380,Learning Abroad Global Studies,"(None, None)",,,CM
50:480:391,Special Topics In Global Studies,"(None, None)",,,CM
50:480:392,Special Topics In Global Studies,"(None, None)",,,CM
50:499:101,Introduction To Health Sciences,"(None, None)",,,CM
50:499:120,Medical Terminology,"(None, None)",,,CM
50:499:201,Careers In Health Sciences,"(None, None)",,,CM
50:499:456,Special Topics In Health Sciences,"(None, None)",,,CM
50:499:457,Special Topics In Health Sciences,"(None, None)",,,CM
50:499:458,Special Topics In Health Science,"(None, None)",,,CM
50:499:459,Special Topics In Health Sciences,"(None, None)",,,CM
50:499:490,Capstone In Health Sciences,"(None, None)",,,CM
50:499:493,Applied Experiences In Health Science,"(None, None)",,,CM
50:499:497,Independent Study In Health Science,"(None, None)",,,CM
50:509:101,What Is History?,"(None, None)",,,CM
50:510:303,Athens: Golden Age,"(None, None)",,,CM
50:510:321,"Kings, Queens, And Enlightened Ideas","(None, None)",,,CM
50:510:333,Europe And The World,"(None, None)",,,CM
50:510:499,Independent Study History,"(None, None)",,,CM
50:512:201,Development Of United States I,"(None, None)",,,CM
50:512:204,African-American History Ii,"(None, None)",,,CM
50:512:219,The Civil War,"(None, None)",,,CM
50:512:251,History Of U.S. Advertising,"(None, None)",,,CM
50:512:276,20Th Century Us Military History,"(None, None)",,,CM
50:512:304,America'S Birthdays: History Of Celebration And Memory,"(None, None)",,,CM
50:512:319,The Civil War,"(None, None)",,,CM
50:512:341,Activism And Protests In Us History,"(None, None)",,,CM
50:512:351,History Of U.S. Advertising,"(None, None)",,,CM
50:512:376,20Th Century United States Military History,"(None, None)",,,CM
50:516:212,Latin America Ii,"(None, None)",,,CM
50:516:233,Samurai Japan,"(None, None)",,,CM
50:516:499,"Independent Study In African, Asian,    Latin American, And World History","(None, None)",,,CM
50:525:114,Honors Seminar-Math,"(None, None)",,,CM
50:525:125,Honors Indep Studies,"(None, None)",,,CM
50:525:151,Honors Seminar: Heritages And           Civilizations,"(None, None)",,,CM
50:525:153,Honors Seminar: Global Communities,"(None, None)",,,CM
50:525:155,Honors Seminar: Ethics And Values,"(None, None)",,,CM
50:525:157,Honors Seminar: Physical And Life       Sciences,"(None, None)",,,CM
50:525:162,Honors Seminar: Experiential Learning,"(None, None)",,,CM
50:570:210,Media Literacy,"(None, None)",,,CM
50:570:395,Special Topics In Journalism,"(None, None)",,,CM
50:590:291,Special Topics In Latin American Studies,"(None, None)",,,CM
50:590:292,Special Topics In Latin American Studies,"(None, None)",,,CM
50:590:391,Special Topics In Latin American Studies,"(None, None)",,,CM
50:590:392,Special Topics In Latin American Studies,"(None, None)",,,CM
50:606:301,Mastering The Liberal Arts I,"(None, None)",,,CM
50:606:302,Mastering Lib Art Ii,"(None, None)",,,CM
50:615:336,Modern American Grammar,"(None, None)",,,CM
50:615:380,History Of The English Language,"(None, None)",,,CM
50:640:103,Introduction To Mathematics For The Liberal Arts,"(None, None)",,,CM
50:640:104,Introduction To College Algebra,"(None, None)",,,CM
50:640:106,Introduction To Math Thought,"(None, None)",,,CM
50:640:113,Math For Business,"(None, None)",,,CM
50:640:115,Precalculus College Math,"(None, None)",,,CM
50:640:118,Calculus For Business And Economics,"(None, None)",,,CM
50:640:121,Calculus I,"(None, None)",,,CM
50:640:122,Calculus Ii,"(None, None)",,,CM
50:640:123,Active Calculus I,"(None, None)",,,CM
50:640:199,Exploring Careers In Mathematical Sciences,"(None, None)",,,CM
50:640:221,Calculus Iii,"(None, None)",,,CM
50:640:250,Linear Algebra,"(None, None)",,,CM
50:640:300,Math Reasoning/Proof,"(None, None)",,,CM
50:640:314,Elementary Differential Equations,"(None, None)",,,CM
50:640:331,Probability And Stochastic Processes,"(None, None)",,,CM
50:640:403,Introduction To Complex Analysis,"(None, None)",,,CM
50:640:427,Advanced Differential Equations,"(None, None)",,,CM
50:640:435,Geometry,"(None, None)",,,CM
50:640:441,Introduction To Topology,"(None, None)",,,CM
50:640:493,Individual Study In Mathematics,"(None, None)",,,CM
50:640:494,Individual Study In Mathematics,"(None, None)",,,CM
50:640:498,Special Topics: Math,"(None, None)",,,CM
50:640:499,Special Topics: Math,"(None, None)",,,CM
50:698:205,Introduction To Museum Studies,"(None, None)",,,CM
50:700:102,Introduction To Music History,"(None, None)",,,CM
50:700:125,Introduction To Music Theory,"(None, None)",,,CM
50:700:141,History Of Gospel Music,"(None, None)",,,CM
50:700:161,Musicianship I,"(None, None)",,,CM
50:700:225,Music Theory I,"(None, None)",,,CM
50:700:271,Music Technology I,"(None, None)",,,CM
50:700:291,History Of Music I,"(None, None)",,,CM
50:700:306,Rock And Roll,"(None, None)",,,CM
50:700:490,Music Internship,"(None, None)",,,CM
50:700:494,Music Capstone Project,"(None, None)",,,CM
50:700:499,Independent Study In Music,"(None, None)",,,CM
50:701:140,Rutgers Choir Majors,"(None, None)",,,CM
50:701:191,Applied Lessons Music Major/Minors I,"(None, None)",,,CM
50:701:192,Applied Lessons Music Majors/Minors Ii,"(None, None)",,,CM
50:701:291,Applied Lessons Music Majors/Minors Iii,"(None, None)",,,CM
50:701:292,Applied Lessons Music Majors/Minors Iv,"(None, None)",,,CM
50:701:348,Live Performance,"(None, None)",,,CM
50:701:391,Applied Lessons Music Majors/Minors V,"(None, None)",,,CM
50:701:392,Applied Lessons Music Majors/Minors Vi,"(None, None)",,,CM
50:701:471,Instrumental Methods: Percussion,"(None, None)",,,CM
50:701:491,Applied Lessons Music Majors/Minors Vii,"(None, None)",,,CM
50:701:492,Applied Lessons Music Majors/Minors Viii,"(None, None)",,,CM
50:730:101,Introduction To Reason And Persuasion,"(None, None)",,,CM
50:730:105,Introduction To Current Moral And Socialissues,"(None, None)",,,CM
50:730:111,Introduction To Philosophy,"(None, None)",,,CM
50:730:190,Reading Seminar,"(None, None)",,,CM
50:730:212,History Of Philosophy Ii (C),"(None, None)",,,CM
50:730:221,Nature Of Mind,"(None, None)",,,CM
50:730:222,Self And Identity,"(None, None)",,,CM
50:730:226,Ethics,"(None, None)",,,CM
50:730:249,Biomedical Ethics,"(None, None)",,,CM
50:730:252,Eating Right: The Ethics Of Food Choices And Food Policy,"(None, None)",,,CM
50:730:258,Philosophy Of Law,"(None, None)",,,CM
50:730:264,Philosophical Ideas In Film,"(None, None)",,,CM
50:730:328,Artificial Intelligence And Society,"(None, None)",,,CM
50:730:389,Independent Study In Philosophy,"(None, None)",,,CM
50:750:131,Elements Of Physics I,"(None, None)",,,CM
50:750:133,Introductory Physics Laboratory I,"(None, None)",,,CM
50:750:199,Professional Development For Physicists And Engineers,"(None, None)",,,CM
50:750:203,General Physics I,"(None, None)",,,CM
50:750:232,Modern Physics,"(None, None)",,,CM
50:750:238,Modern Physics Lab,"(None, None)",,,CM
50:750:291,Mechanics Of Materials,"(None, None)",,,CM
50:750:301,Electromagnetic Theory,"(None, None)",,,CM
50:750:309,Analytical Mechanics,"(None, None)",,,CM
50:750:321,Physics Of Music,"(None, None)",,,CM
50:750:361,Introduction To Mechatronics,"(None, None)",,,CM
50:750:364,Introduction To Mechatronics Lab,"(None, None)",,,CM
50:750:374,Energy And The Environment,"(None, None)",,,CM
50:750:489,Ind Study Physics,"(None, None)",,,CM
50:750:491,Research In Physics I,"(None, None)",,,CM
50:790:102,The Study Of Political Science,"(None, None)",,,CM
50:790:106,Introduction To Law And Legal Studies,"(None, None)",,,CM
50:790:211,Introduction To International Relations,"(None, None)",,,CM
50:790:215,Introduction To American Politics,"(None, None)",,,CM
50:790:217,Global Urban Politics,"(None, None)",,,CM
50:790:218,Introduction To Digital Politics,"(None, None)",,,CM
50:790:302,Dystopian Government In Futristic       Fiction,"(None, None)",,,CM
50:790:306,Nationalism And Ethnic Conflict,"(None, None)",,,CM
50:790:323,Legislative Process,"(None, None)",,,CM
50:790:325,Emerging Technology And Security,"(None, None)",,,CM
50:790:337,South And Southeast Asian Politics,"(None, None)",,,CM
50:790:339,Chinese Politics,"(None, None)",,,CM
50:790:350,"Violence, Revolution And Terrorism","(None, None)",,,CM
50:790:371,Classical Political Theory,"(None, None)",,,CM
50:790:381,Judicial Process,"(None, None)",,,CM
50:790:397,Internship:  Political Science,"(None, None)",,,CM
50:790:418,Politics Of Mass Incarceration,"(None, None)",,,CM
50:790:420,Seminar War And Peace,"(None, None)",,,CM
50:790:442,Human Freedoms And The Constitution,"(None, None)",,,CM
50:790:461,Special Topics In Political Science,"(None, None)",,,CM
50:790:499,Independent Study And Research,"(None, None)",,,CM
50:830:101,Introduction To Psychology,"(None, None)",,,CM
50:830:160,Introduction To Psychiatric Rehabilitation,"(None, None)",,,CM
50:830:222,Human Development,"(None, None)",,,CM
50:830:226,Psychology Of Childhood,"(None, None)",,,CM
50:830:231,Psychology Of Personality,"(None, None)",,,CM
50:830:250,Statistics For Social Sciences,"(None, None)",,,CM
50:830:255,Method And Theory In Psychology,"(None, None)",,,CM
50:830:260,Vision And Art,"(None, None)",,,CM
50:830:310,Careers In Psychology,"(None, None)",,,CM
50:830:312,Psychology Of Consciousness,"(None, None)",,,CM
50:830:318,Ethics In Psychology,"(None, None)",,,CM
50:830:328,Psychology Of Aging,"(None, None)",,,CM
50:830:340,Abnormal Psychology,"(None, None)",,,CM
50:830:345,Introduction To Clinical Psychology,"(None, None)",,,CM
50:830:365,Cultural Psychology,"(None, None)",,,CM
50:830:375,Social Cognition And Affective Neuroscience,"(None, None)",,,CM
50:830:380,Laboratory In Experimental Psychology,"(None, None)",,,CM
50:830:381,Experimental Psychology,"(None, None)",,,CM
50:830:409,"Trauma, Risk, And Resilience","(None, None)",,,CM
50:830:414,Drugs And The Brain,"(None, None)",,,CM
50:830:418,Diagnostics And Assessments For Addictions,"(None, None)",,,CM
50:830:454,Special Topics In Psychology,"(None, None)",,,CM
50:830:459,Special Topics In Psychology,"(None, None)",,,CM
50:830:461,Special Topics In Psychology,"(None, None)",,,CM
50:830:484,Physiological Psychology,"(None, None)",,,CM
50:830:494,Advanced Independent Study In Psychology,"(None, None)",,,CM
50:830:495,Advanced Independent Study In Psychology,"(None, None)",,,CM
50:840:101,Introduction To Religious Studies,"(None, None)",,,CM
50:840:103,Introduction To World Religions,"(None, None)",,,CM
50:840:108,Introduction To Religion & Contemporary Culture,"(None, None)",,,CM
50:840:111,Asian Religions,"(None, None)",,,CM
50:840:208,The Historical Jesus,"(None, None)",,,CM
50:840:235,Islam And The Modern World,"(None, None)",,,CM
50:840:240,Religion And Health,"(None, None)",,,CM
50:840:278,Death And Dying In Religion,"(None, None)",,,CM
50:840:318,Religion And Law,"(None, None)",,,CM
50:840:389,Independent Study In Religion,"(None, None)",,,CM
50:842:240,Reason And Rhetoric: The Art Of Critical Thinking,"(None, None)",,,CM
50:910:220,Introduction To Social Work And Social Justice,"(None, None)",,,CM
50:910:222,Confronting Anti-Black Racism,"(None, None)",,,CM
50:910:225,Opresnminoritizedgrp,"(None, None)",,,CM
50:910:227,Global Social Work,"(None, None)",,,CM
50:910:228,"Understanding Interpersonal Violence: Cause, Consequence & Social Justice Change","(None, None)",,,CM
50:910:311,Soc Wel Pol& Serv I,"(None, None)",,,CM
50:910:402,Hum Behav&Soc Env I,"(None, None)",,,CM
50:910:406,Diversity And Oppression,"(None, None)",,,CM
50:910:467,Independent Study In Social Work,"(None, None)",,,CM
50:910:471,Field Practicum I,"(None, None)",,,CM
50:910:472,Generalist Prac I,"(None, None)",,,CM
50:910:476,Child Welfare Services And Practices,"(None, None)",,,CM
50:920:101,Introduction To Sociology,"(None, None)",,,CM
50:920:301,Methods And Techniques Of Social        Research,"(None, None)",,,CM
50:920:313,Theories Of Crime And Delinquency,"(None, None)",,,CM
50:920:314,Masculinities,"(None, None)",,,CM
50:920:316,Race And Ethnicity,"(None, None)",,,CM
50:920:325,Sociological Theory,"(None, None)",,,CM
50:920:340,Health And Society,"(None, None)",,,CM
50:920:345,Sociology Of Education,"(None, None)",,,CM
50:920:346,Special Topics In Sociology,"(None, None)",,,CM
50:920:348,Special Topics In Sociology,"(None, None)",,,CM
50:920:445,Special Topics In Sociology,"(None, None)",,,CM
50:920:487,Individual Study In Sociology,"(None, None)",,,CM
50:940:101,Elementary Spanish I,"(None, None)",,,CM
50:940:102,Elementary Spanish Ii,"(None, None)",,,CM
50:940:103,Emergency Spanish,"(None, None)",,,CM
50:940:121,Intermediate Spanish I,"(None, None)",,,CM
50:940:127,Spanish For The Health Professions I,"(None, None)",,,CM
50:940:203,Span Comp & Conv,"(None, None)",,,CM
50:940:208,Spanish American Culture And Civilization,"(None, None)",,,CM
50:940:227,Spanish For The Health Professions Ii,"(None, None)",,,CM
50:940:391,Special Topics In Spanish,"(None, None)",,,CM
50:940:393,Ind Study Spanish,"(None, None)",,,CM
50:940:399,Internship-Spanish,"(None, None)",,,CM
50:940:427,Health And Wellness In The Latinx       Community,"(None, None)",,,CM
50:940:457,20Th C Lit S. Cone,"(None, None)",,,CM
50:940:481,Acquisition Of Spanish As A Second      Language,"(None, None)",,,CM
50:940:491,Special Topics In Spanish,"(None, None)",,,CM
50:940:492,Special Topics In Spanish,"(None, None)",,,CM
50:960:183,Elementary Applied Statistics,"(None, None)",,,CM
50:960:185,Introduction To Data Science,"(None, None)",,,CM
50:960:283,Introduction To Statistics I,"(None, None)",,,CM
50:960:284,Introduction To Statistics Ii,"(None, None)",,,CM
50:960:489,Statistical Models,"(None, None)",,,CM
50:965:101,Introduction To Theater,"(None, None)",,,CM
50:965:124,Movement For Stage,"(None, None)",,,CM
50:965:125,Introduction To Video And Film,"(None, None)",,,CM
50:965:202,Play Reading Analysis,"(None, None)",,,CM
50:965:216,African American Theater,"(None, None)",,,CM
50:965:225,Video And Film Production,"(None, None)",,,CM
50:965:241,Stagecraft,"(None, None)",,,CM
50:965:252,Screenwriting I,"(None, None)",,,CM
50:965:270,Stage Makeup,"(None, None)",,,CM
50:965:271,Acting I,"(None, None)",,,CM
50:965:301,Performance,"(None, None)",,,CM
50:965:302,Practicum In Design And Technical Theater,"(None, None)",,,CM
50:965:303,Actor-Director Workshop,"(None, None)",,,CM
50:965:320,Directing I,"(None, None)",,,CM
50:965:350,Auditions And The Business Of Theater,"(None, None)",,,CM
50:965:358,Special Topics In Theater,"(None, None)",,,CM
50:965:360,Independent Study In Theater,"(None, None)",,,CM
50:965:380,History Of Theater I,"(None, None)",,,CM
50:965:382,Lighting Design,"(None, None)",,,CM
50:965:491,Theater Internship,"(None, None)",,,CM
50:965:495,Senior Project Film,"(None, None)",,,CM
50:965:496,Senior Project In Theater Arts,"(None, None)",,,CM
50:975:221,Literacy Practicum,"(None, None)",,,CM
50:975:236,Introduction To Global Urbanization,"(None, None)",,,CM
50:975:339,Housing Policy And Its Impact On Urban  Areas,"(None, None)",,,CM
50:975:390,Special Topics In Urban Studies,"(None, None)",,,CM
50:975:475,Internship In Urban Studies,"(None, None)",,,CM
50:989:101,English Composition I,"(None, None)",,,CM
50:989:102,English Composition Ii,"(None, None)",,,CM
50:989:109,Writing Lab,"(None, None)",,,CM
50:989:305,Introduction To Creative Writing,"(None, None)",,,CM
50:989:307,Fiction Writing Workshop,"(None, None)",,,CM
50:989:309,Non-Fiction Writing Workshop,"(None, None)",,,CM
50:989:322,Writing For The Public,"(None, None)",,,CM
52:010:101,Fundamentals Of Financial Accounting,"(None, None)",,,CM
52:010:202,Fundamentals Of Managerial Accounting,"(None, None)",,,CM
52:010:304,Acctg Info Mngt:Data,"(None, None)",,,CM
52:010:305,Intermediate Accounting I,"(None, None)",,,CM
52:010:306,Intermediate Accounting Ii,"(None, None)",,,CM
52:010:370,Audit Theory And Practice,"(None, None)",,,CM
52:010:372,Accounting For Business Decisions,"(None, None)",,,CM
52:010:383,Individual Taxation,"(None, None)",,,CM
52:010:395,Accounting Analytics,"(None, None)",,,CM
52:010:401,Advanced Topics In Accounting,"(None, None)",,,CM
52:010:495,Honors Thesis In Accounting,"(None, None)",,,CM
52:010:497,Accounting Internship,"(None, None)",,,CM
52:010:498,Accounting Cooperative,"(None, None)",,,CM
52:135:101,Introduction To Business,"(None, None)",,,CM
52:135:120,Introduction To Quantitative Skills For Business,"(None, None)",,,CM
52:135:202,Professional Skills Forum I,"(None, None)",,,CM
52:135:206,Professional Development Strategies,"(None, None)",,,CM
52:135:214,Introduction To Business Statistics,"(None, None)",,,CM
52:135:216,Applied Business Statistics,"(None, None)",,,CM
52:135:250,Business Communications,"(None, None)",,,CM
52:135:497,Business Administration Internship,"(None, None)",,,CM
52:140:101,Business Law I Legal Environment,"(None, None)",,,CM
52:390:301,Principles Of Finance,"(None, None)",,,CM
52:390:306,Business Valuation,"(None, None)",,,CM
52:390:310,Corporate Finance,"(None, None)",,,CM
52:390:312,Real Estate Market Analysis And Fundamentals,"(None, None)",,,CM
52:390:315,Investment And Portfolio Management,"(None, None)",,,CM
52:390:325,Financial Markets And Institutions,"(None, None)",,,CM
52:390:350,Multinational Finance,"(None, None)",,,CM
52:390:497,Finance Internship,"(None, None)",,,CM
52:533:360,Career Planning And Career Management,"(None, None)",,,CM
52:533:365,Fundamentals Of Human Resource Management,"(None, None)",,,CM
52:533:461,Compensation And Benefits,"(None, None)",,,CM
52:533:463,"Talent Management: Attracting, Developing, And Retaining Employees","(None, None)",,,CM
52:533:492,Special Topics In Human Resource        Management,"(None, None)",,,CM
52:533:497,Hmr Internship,"(None, None)",,,CM
52:620:210,Introduction To Data Analysis With Excel,"(None, None)",,,CM
52:620:301,Corporate Social Responsibility: Ethics And Sustainability,"(None, None)",,,CM
52:620:303,Organizational Behavior,"(None, None)",,,CM
52:620:321,Optimization And Spreadsheet Modeling,"(None, None)",,,CM
52:620:325,Operations Managemnt,"(None, None)",,,CM
52:620:326,Supply Chain Analytics,"(None, None)",,,CM
52:620:329,Prompt Engineering And Generative Ai For Professionals,"(None, None)",,,CM
52:620:330,Business Process Redesign,"(None, None)",,,CM
52:620:331,Introduction To Python,"(None, None)",,,CM
52:620:369,International Business,"(None, None)",,,CM
52:620:405,Global Management Strategy,"(None, None)",,,CM
52:620:410,Data Analytics Bus,"(None, None)",,,CM
52:620:426,Learning Abroad Program,"(None, None)",,,CM
52:620:450,Strategic Management,"(None, None)",,,CM
52:620:470,Managing Innovation,"(None, None)",,,CM
52:620:483,Entrepreneurship: New Venture Creation,"(None, None)",,,CM
52:620:491,Special Topic In Management,"(None, None)",,,CM
52:620:492,Special Topic In Management,"(None, None)",,,CM
52:620:497,Management Internship,"(None, None)",,,CM
52:623:201,Introduction To Information Technology,"(None, None)",,,CM
52:623:302,It And Project Management,"(None, None)",,,CM
52:623:447,Data Management And Analytics With R,"(None, None)",,,CM
52:623:497,Ecommerce And Information Technology    Internship,"(None, None)",,,CM
52:630:201,Principles Of Marketing,"(None, None)",,,CM
52:630:361,Digital Marketing Fundamentals,"(None, None)",,,CM
52:630:362,Principles Of Digital Analytics,"(None, None)",,,CM
52:630:363,Social Media Marketing,"(None, None)",,,CM
52:630:365,Pricing Strategies,"(None, None)",,,CM
52:630:371,International Marketing,"(None, None)",,,CM
52:630:374,Consumer Behavior,"(None, None)",,,CM
52:630:385,Marketing Research,"(None, None)",,,CM
52:630:403,Strategic Marketing,"(None, None)",,,CM
52:630:426,Learning Abroad Program,"(None, None)",,,CM
52:630:497,Marketing Internship,"(None, None)",,,CM
53:010:503,Accounting For Managerial Decisions,"(None, None)",,,CM
53:010:523,Advanced Auditing,"(None, None)",,,CM
53:010:525,Problems In Financial Reporting,"(None, None)",,,CM
53:010:565,Financial Reporting And Analysis,"(None, None)",,,CM
53:010:566,Financial Statement Analysis,"(None, None)",,,CM
53:010:670,Special Topics In Accounting,"(None, None)",,,CM
53:390:506,Financial Management,"(None, None)",,,CM
53:390:540,Investment And Portfol Management,"(None, None)",,,CM
53:390:541,Principles Of Financial Planning,"(None, None)",,,CM
53:390:543,Tax Planning And Financial Regulation,"(None, None)",,,CM
53:390:581,Financial Data Analytics,"(None, None)",,,CM
53:390:583,Generative Ai And Textual Analysis In Finance,"(None, None)",,,CM
53:533:527,Leading Innovation And Creativity,"(None, None)",,,CM
53:533:557,Fundamentals Of Talent Management,"(None, None)",,,CM
53:533:670,Special Topic In Human Resource         Management,"(None, None)",,,CM
53:620:505,Foundations Of Leadership And Teamwork,"(None, None)",,,CM
53:620:506,Managing In The Global Economy,"(None, None)",,,CM
53:620:545,International Learning Abroad,"(None, None)",,,CM
53:620:559,Ppt Eng&Generativeai,"(None, None)",,,CM
53:620:560,Business Process Redesign,"(None, None)",,,CM
53:620:561,Intro To Python,"(None, None)",,,CM
53:620:570,Conflict Resolution And Negotiations,"(None, None)",,,CM
53:620:672,Strategic Management,"(None, None)",,,CM
53:620:800,Matriculation Continuation,"(None, None)",,,CM
53:623:510,It Strategy And Project Management,"(None, None)",,,CM
53:623:670,Special Topics In Management Science Andinformation Systems,"(None, None)",,,CM
53:630:508,Marketing Management,"(None, None)",,,CM
53:630:533,Digital Marketing Strategy,"(None, None)",,,CM
53:716:502,Business Analytics,"(None, None)",,,CM
53:716:513,Operations And Supply Chain Management,"(None, None)",,,CM
53:716:535,Big Data Analytics,"(None, None)",,,CM
53:716:545,Machine Learning Applications In Business,"(None, None)",,,CM
56:115:511,Biochemistry I,"(None, None)",,,CM
56:115:527,Bionanotechnology,"(None, None)",,,CM
56:115:530,Forensic And Analytical Molecular       Biology,"(None, None)",,,CM
56:115:531,Forensic Dna Analysis Lab,"(None, None)",,,CM
56:115:571,Forensic Serology,"(None, None)",,,CM
56:115:619,Ind Study Biochem,"(None, None)",,,CM
56:115:701,Research In Biochem,"(None, None)",,,CM
56:120:511,Ichthyology,"(None, None)",,,CM
56:120:535,Special Topics In Biology,"(None, None)",,,CM
56:120:561,Ichthyology Lab,"(None, None)",,,CM
56:120:583,Molecular  Mechanisms Of Developmental  Genetics,"(None, None)",,,CM
56:120:596,Special Topics In Biology,"(None, None)",,,CM
56:120:597,Special Topics In Biology,"(None, None)",,,CM
56:120:601,Seminar In Biology,"(None, None)",,,CM
56:120:620,Independent Study In Biology,"(None, None)",,,CM
56:120:702,Research In Biology,"(None, None)",,,CM
56:120:800,Matriculation Continuation,"(None, None)",,,CM
56:120:866,Graduate Assistantship-Biology,"(None, None)",,,CM
56:120:877,Teaching Assistantship,"(None, None)",,,CM
56:121:510,Essentials Of Biological Chemistry,"(None, None)",,,CM
56:121:530,Essent Comp Sci I,"(None, None)",,,CM
56:121:540,Essent Integr Bio I,"(None, None)",,,CM
56:121:571,Fundamentals Of Mechatronic Systems,"(None, None)",,,CM
56:121:572,Fundamentals Of Mechatronics Systems Lab,"(None, None)",,,CM
56:121:585,Independent Study In Computational      Biology,"(None, None)",,,CM
56:121:602,Seminar,"(None, None)",,,CM
56:121:605,Codes For Life Seminar,"(None, None)",,,CM
56:121:620,Laboratory Practices,"(None, None)",,,CM
56:121:621,Laboratory Rotation Practicum,"(None, None)",,,CM
56:121:630,Manuscript And Proposal Composition,"(None, None)",,,CM
56:121:701,Masters Project,"(None, None)",,,CM
56:121:710,Dissertation Research,"(None, None)",,,CM
56:121:800,Matriculation Continuation,"(None, None)",,,CM
56:160:515,Polymer Chemistry I,"(None, None)",,,CM
56:160:517,Polymer Chem Lab,"(None, None)",,,CM
56:160:531,Advanced Inorganic Chemistry I,"(None, None)",,,CM
56:160:601,Seminar In Chemistry,"(None, None)",,,CM
56:160:602,Seminar In Chemistry,"(None, None)",,,CM
56:160:619,Ind Study Chemistry,"(None, None)",,,CM
56:160:701,Research In Chem,"(None, None)",,,CM
56:160:800,Matriculation Continuation,"(None, None)",,,CM
56:163:501,Professional Seminar In Childhood Studies I,"(None, None)",,,CM
56:163:600,Childhood And Violence,"(None, None)",,,CM
56:163:693,Critical Disability Studies,"(None, None)",,,CM
56:163:699,Directed Reading In Childhood Studies,"(None, None)",,,CM
56:163:700,Doctoral Dissertation,"(None, None)",,,CM
56:163:800,Matriculation Continuation,"(None, None)",,,CM
56:198:500,Essentials Of Computer Science I,"(None, None)",,,CM
56:198:514,Artificial Intelligence,"(None, None)",,,CM
56:198:518,Explainable And Fair Artificial Intelligence,"(None, None)",,,CM
56:198:523,Software Engineering,"(None, None)",,,CM
56:198:551,Database Systems,"(None, None)",,,CM
56:198:567,Applied Probability,"(None, None)",,,CM
56:198:575,Cryptography And Computer Security,"(None, None)",,,CM
56:198:591,Special Topics In Computer Science,"(None, None)",,,CM
56:198:694,Independent Study In Computer Science,"(None, None)",,,CM
56:198:697,Computer Science Internship,"(None, None)",,,CM
56:198:701,Research In Computer Science,"(None, None)",,,CM
56:198:702,Research In Computer Science,"(None, None)",,,CM
56:198:800,Matriculation Continuation,"(None, None)",,,CM
56:200:517,Fiction,"(None, None)",,,CM
56:200:521,Special Topics In Creative Writing,"(None, None)",,,CM
56:200:523,Independent Study In Creative Writing,"(None, None)",,,CM
56:200:528,Creative Non-Fiction Workshop,"(None, None)",,,CM
56:200:573,Special Topics In Craft,"(None, None)",,,CM
56:202:574,Using Crime Data,"(None, None)",,,CM
56:202:600,Research Methods-Cj,"(None, None)",,,CM
56:202:670,Independent Study In Criminal Justice,"(None, None)",,,CM
56:202:671,Independent Study In Criminal Justice,"(None, None)",,,CM
56:202:672,Independent Study In Criminal Justice,"(None, None)",,,CM
56:202:673,Special Topics In Criminal Justice,"(None, None)",,,CM
56:202:674,Special Topics In Criminal Justice,"(None, None)",,,CM
56:202:675,Special Topic In Criminal Justice,"(None, None)",,,CM
56:202:800,Matriculation Continuation,"(None, None)",,,CM
56:209:630,Weird Books,"(None, None)",,,CM
56:209:640,Motion Design And Animation With After Effects,"(None, None)",,,CM
56:209:670,Ai Ethics And Law,"(None, None)",,,CM
56:219:500,Foundations Of Data Science: Programming And Reasoning,"(None, None)",,,CM
56:219:511,Statistical Methods For Data Science,"(None, None)",,,CM
56:219:521,Data Visualization,"(None, None)",,,CM
56:219:523,Gis Data Science,"(None, None)",,,CM
56:219:593,St In Data Science,"(None, None)",,,CM
56:219:600,Data Sci Internship,"(None, None)",,,CM
56:219:601,Independent Study,"(None, None)",,,CM
56:219:603,Master'S Project,"(None, None)",,,CM
56:219:701,Thesis In Data Science,"(None, None)",,,CM
56:219:800,Matriculation Continued,"(None, None)",,,CM
56:300:500,Psychological Foundations Of Learning,"(None, None)",,,CM
56:300:501,Exceptionalities,"(None, None)",,,CM
56:300:505,Early Childhood/Elementary Teaching Methods,"(None, None)",,,CM
56:300:506,Secondary Teaching Methods,"(None, None)",,,CM
56:300:507,Early Childhood/Elementary Classroom Assessments,"(None, None)",,,CM
56:300:508,Secondary Classroom Assessments,"(None, None)",,,CM
56:300:509,Early Childhood Learning,"(None, None)",,,CM
56:300:511,Literacy Foundations,"(None, None)",,,CM
56:300:520,Clinical Practice I,"(None, None)",,,CM
56:300:530,Language And Literacy In Special        Education,"(None, None)",,,CM
56:300:532,The Special Education Process,"(None, None)",,,CM
56:300:533,Autism Spectrum Disorders,"(None, None)",,,CM
56:300:571,Second Language Acquisition,"(None, None)",,,CM
56:300:574,American English,"(None, None)",,,CM
56:300:602,Curriculum Design And Development For Instructional Leaders,"(None, None)",,,CM
56:300:603,Curriculum Evaluation,"(None, None)",,,CM
56:300:800,Matriculation Continued,"(None, None)",,,CM
56:350:501,Independent Study,"(None, None)",,,CM
56:350:509,Professional Seminar In English Studies,"(None, None)",,,CM
56:350:512,Department Of English Learning Abroad   Program,"(None, None)",,,CM
56:350:524,Fantasy And Science Fiction,"(None, None)",,,CM
56:350:591,Capstone Project,"(None, None)",,,CM
56:350:593,Special Topics In English,"(None, None)",,,CM
56:350:800,Matriculation Continuation,"(None, None)",,,CM
56:412:700,Research In Forensic Science,"(None, None)",,,CM
56:412:701,Research In Forensic Science,"(None, None)",,,CM
56:412:702,Research In Forensic Science,"(None, None)",,,CM
56:412:800,Matriculation Continued,"(None, None)",,,CM
56:512:505,"Colloquium In Early America, 1763 To    1820","(None, None)",,,CM
56:512:508,"Colloquium In U.S., 1945 To Present","(None, None)",,,CM
56:512:523,Gender In History And Theory,"(None, None)",,,CM
56:512:550,The Craft Of History,"(None, None)",,,CM
56:512:558,Readings 20Th Century Global History,"(None, None)",,,CM
56:512:588,Material Cultural In America,"(None, None)",,,CM
56:512:698,Individual Study In History,"(None, None)",,,CM
56:512:800,Matriculation Continuation,"(None, None)",,,CM
56:606:500,Introduction To Graduate Liberal Studies,"(None, None)",,,CM
56:606:534,Studies Of The 20Th Century,"(None, None)",,,CM
56:606:613,Studies In Arts And Literature,"(None, None)",,,CM
56:606:623,Studies Of Politics And Society,"(None, None)",,,CM
56:606:639,Bible As Literature,"(None, None)",,,CM
56:606:645,Studies Of Philosophy And Religion,"(None, None)",,,CM
56:606:648,Studies In Philosophy And Religion,"(None, None)",,,CM
56:606:689,Capstone Research,"(None, None)",,,CM
56:606:690,Research In Liberal Studies,"(None, None)",,,CM
56:606:800,Matriculation Continuation,"(None, None)",,,CM
56:615:520,Modern American Grammar,"(None, None)",,,CM
56:615:530,History Of The English Language,"(None, None)",,,CM
56:615:597,Independent Study,"(None, None)",,,CM
56:645:503,Complex Variables,"(None, None)",,,CM
56:645:508,Mathematical Reasoning,"(None, None)",,,CM
56:645:531,Geometry,"(None, None)",,,CM
56:645:540,Comp Num Th & Crypto,"(None, None)",,,CM
56:645:545,Topology,"(None, None)",,,CM
56:645:556,Data Visualization,"(None, None)",,,CM
56:645:558,Probability And Stochastic Processes,"(None, None)",,,CM
56:645:562,Mathematical Modelng,"(None, None)",,,CM
56:645:563,Statistic Reasoning,"(None, None)",,,CM
56:645:575,Advanced Differential Equations,"(None, None)",,,CM
56:645:580,Special Topics In Applied Math,"(None, None)",,,CM
56:645:698,Individual Study Pure Math,"(None, None)",,,CM
56:645:699,Individual Study Applied Math,"(None, None)",,,CM
56:645:700,Thesis Pure Math,"(None, None)",,,CM
56:645:701,Thesis Applied Math,"(None, None)",,,CM
56:645:800,Matriculation Continuation,"(None, None)",,,CM
56:792:501,Introduction To Prevention Science,"(None, None)",,,CM
56:792:502,Applied Statistical Programming,"(None, None)",,,CM
56:792:503,Current Topics In Prevention Science,"(None, None)",,,CM
56:792:603,Introduction To Implementation Science/Program Evaluation,"(None, None)",,,CM
56:792:604,Applied Prevention Science,"(None, None)",,,CM
56:792:701,Research In Prevention Science,"(None, None)",,,CM
56:792:750,Dissertation Research,"(None, None)",,,CM
56:824:702,Quantitative Methods I,"(None, None)",,,CM
56:824:703,Logic Social Inquiry,"(None, None)",,,CM
56:824:704,Solidarity Economy,"(None, None)",,,CM
56:824:714,Qualitative Research Methods,"(None, None)",,,CM
56:824:720,Dissertation Development,"(None, None)",,,CM
56:824:721,Community Well-Being,"(None, None)",,,CM
56:824:725,Geographic Information Systems In The   Public Sector,"(None, None)",,,CM
56:824:726,Inequality And Segregation,"(None, None)",,,CM
56:824:790,Doctoral Dissertation,"(None, None)",,,CM
56:824:800,Matriculation Continuation,"(None, None)",,,CM
56:824:866,Graduate Assistantship-Public Affairs,"(None, None)",,,CM
56:830:580,Research Methods,"(None, None)",,,CM
56:830:590,Independent Study:  Thesis Proposal,"(None, None)",,,CM
56:830:635,Graduate Social Psychology,"(None, None)",,,CM
56:830:648,Health Psychology,"(None, None)",,,CM
56:830:650,Stats & Rsrch Design,"(None, None)",,,CM
56:830:678,Advanced Topics In Psychology,"(None, None)",,,CM
56:830:690,Independent Study:  Thesis Research,"(None, None)",,,CM
56:830:701,Research In Psychology,"(None, None)",,,CM
56:830:703,Readings In Psychology,"(None, None)",,,CM
56:830:800,Matriculation Continuation,"(None, None)",,,CM
56:831:525,Public And Nonprofit Management,"(None, None)",,,CM
56:831:536,Public Information Systems,"(None, None)",,,CM
56:831:553,Financial Management Of Public Programs,"(None, None)",,,CM
56:831:557,Human Resources Management,"(None, None)",,,CM
56:831:800,Matriculation Continued,"(None, None)",,,CM
56:834:501,Foundations Of Policy Analysis,"(None, None)",,,CM
56:834:503,Law & Public Policy,"(None, None)",,,CM
56:834:505,Organizational Behavior,"(None, None)",,,CM
56:834:515,Introduction To Public Budgeting And Finance,"(None, None)",,,CM
56:834:521,Directed Study,"(None, None)",,,CM
56:834:535,Research Methods,"(None, None)",,,CM
56:834:539,Race And Public Administration,"(None, None)",,,CM
56:834:541,Internship I,"(None, None)",,,CM
56:834:542,Internship Ii,"(None, None)",,,CM
56:834:557,Human Resources Management,"(None, None)",,,CM
56:834:562,Urban Social Justice,"(None, None)",,,CM
56:834:604,Solidarity Economy,"(None, None)",,,CM
56:834:608,Geographic Information Systems Public   Sector,"(None, None)",,,CM
56:834:615,Housing Policy,"(None, None)",,,CM
56:834:620,Inequality And Segregation,"(None, None)",,,CM
56:834:800,Matriculation Continuation,"(None, None)",,,CM
56:842:569,Pract Teaching Wrt,"(None, None)",,,CM
56:940:515,Acquisition Of Spanish As A Second      Language,"(None, None)",,,CM
56:940:557,20Th Cent Souther Co,"(None, None)",,,CM
56:940:591,Independent Study In Spanish,"(None, None)",,,CM
56:940:592,Special Topics In Spanish,"(None, None)",,,CM
56:940:800,Matriculation Continuation,"(None, None)",,,CM
57:705:102,Seminar On Professional Nursing-Honor,"(None, None)",,,CM
57:705:105,Seminar In Professional Nursing,"(None, None)",,,CM
57:705:120,Impact And Success In Nursing,"(None, None)",,,CM
57:705:152,Improving Population Health,"(None, None)",,,CM
57:705:153,"Issues In Nursing, Health, And Health   Care","(None, None)",,,CM
57:705:230,Social Determinants Of Health Impacting Children Across Us & Global Communities,"(None, None)",,,CM
57:705:255,Nutrition,"(None, None)",,,CM
57:705:256,Clinical Pathophysiology,"(None, None)",,,CM
57:705:310,Health And Illness In Adult             Populations-Theory,"(None, None)",,,CM
57:705:311,Health And Illness In Adult             Populations-Lab,"(None, None)",,,CM
57:705:313,Aging And Health In Global Communities,"(None, None)",,,CM
57:705:332,Abs Foundations Of Nursing - Theory,"(None, None)",,,CM
57:705:333,Abs Foundations Of Nursing - Laboratory,"(None, None)",,,CM
57:705:336,Abs Seminar In Professional Nursing,"(None, None)",,,CM
57:705:338,Abs Wellness And Health Assessment-     Theory,"(None, None)",,,CM
57:705:339,Abs Wellness And Health Assessment-Lab,"(None, None)",,,CM
57:705:350,Abs Complex Health And Illness In Adult Populations - Theory,"(None, None)",,,CM
57:705:351,Abs Complex Health And Illness In Adult Populations - Lab,"(None, None)",,,CM
57:705:360,Nursing Of Children And Adolescents     Theory (Abs),"(None, None)",,,CM
57:705:361,Nursing Of Children And Adolescents Lab (Abs),"(None, None)",,,CM
57:705:380,Nursing Of Women And The Childbearing   Family Theory (Abs),"(None, None)",,,CM
57:705:381,Nursing Of Women And The Childbearing   Family Lab (Abs),"(None, None)",,,CM
57:705:385,Independent Study Nursing,"(None, None)",,,CM
57:705:403,Psychiatric-Mental Health Nursing-Theory,"(None, None)",,,CM
57:705:404,Psychiatric Mental Health Nursing Lab,"(None, None)",,,CM
57:705:410,Rn-Bs Research In Evidenceed Based      Practice,"(None, None)",,,CM
57:705:411,Research And Evidence-Based Practice In Nursing,"(None, None)",,,CM
57:705:412,Community Health Nursing,"(None, None)",,,CM
57:705:416,Complex Health Theory In Adult          Populations-Theory,"(None, None)",,,CM
57:705:417,Complex Health And Illness In Adult     Populations-Lab,"(None, None)",,,CM
57:705:422,Community Health Nursing And Global     Health Lab,"(None, None)",,,CM
57:705:423,Nursing Management And Leadership,"(None, None)",,,CM
57:705:432,Abs Aging And Health In Global          Communities,"(None, None)",,,CM
57:705:434,Abs Nursing Management And Leadership,"(None, None)",,,CM
57:705:436,Intermediate Health Assessment For The Rn Student,"(None, None)",,,CM
57:705:460,Community Health Nursing And Global     Health-Theory (Abs),"(None, None)",,,CM
57:705:461,Community Health Nursing And Global     Health-Lab (Abs),"(None, None)",,,CM
57:705:468,Abs Capstone Theory,"(None, None)",,,CM
57:705:469,Abs Capstone Lab,"(None, None)",,,CM
57:705:481,Integrated Pathophysiology And Pharmacology For Nurses,"(None, None)",,,CM
57:705:489,Pharmacology,"(None, None)",,,CM
58:705:521,Advanced Health/Physical Assessment,"(None, None)",,,CM
58:705:522,Adv Comprehensive Physical Assess & Health Promotion For Pediatric & Adolescent,"(None, None)",,,CM
58:705:525,Advanced Pharmacology,"(None, None)",,,CM
58:705:551,Wound Ostomy Continence Nursing I,"(None, None)",,,CM
58:705:559,School Nurse Seminar,"(None, None)",,,CM
58:705:560,School Nurse Practicum 2,"(None, None)",,,CM
58:705:561,Improving Population Health,"(None, None)",,,CM
58:705:580,Interprofessional Ethics For Advanced   Practice,"(None, None)",,,CM
58:705:589,Special Topics In Advanced Nursing,"(None, None)",,,CM
58:705:606,Financial Management In Healthcare,"(None, None)",,,CM
58:705:660,Adult Gerontological Primary Care       Theory I,"(None, None)",,,CM
58:705:662,Adult Gerontological Primary Care       Residency I,"(None, None)",,,CM
58:705:672,Scholarly Seminary Ii,"(None, None)",,,CM
58:705:675,Specialty Residency Iii,"(None, None)",,,CM
58:705:678,Family Health Theory And Residency:     Pediatrics,"(None, None)",,,CM
58:705:695,National And Global Health Policies,"(None, None)",,,CM
58:705:698,Epidemiology And Biostatistics,"(None, None)",,,CM
58:705:800,Matriculation Continuation,"(None, None)",,,CM
01:013:111,The Bible In Aramaic,"(None, None)",,,NB
01:013:140,Elementary Arabic I,"(None, None)",,,NB
01:013:141,Elementary Arabic Ii,"(None, None)",,,NB
01:013:143,Arabic Lab 1,"(None, None)",,,NB
01:013:152,Elem Modern Hebrew,"(None, None)",,,NB
01:013:160,Elementary Hindi I,"(None, None)",,,NB
01:013:161,Elementary Hindi Ii,"(None, None)",,,NB
01:013:162,Elementary Urdu I,"(None, None)",,,NB
01:013:176,Elementary Persian I,"(None, None)",,,NB
01:013:190,Elementary Turkish I,"(None, None)",,,NB
01:013:203,"Language & Society In Africa, The Middleeast, And South Asia","(None, None)",,,NB
01:013:204,Introduction To Discourse Analysis,"(None, None)",,,NB
01:013:225,Global Arabic,"(None, None)",,,NB
01:013:229,War And Literature In The Arab World,"(None, None)",,,NB
01:013:240,Intermediate Arabic I,"(None, None)",,,NB
01:013:243,Classical Arabic,"(None, None)",,,NB
01:013:252,Intermed Mod Hebrew,"(None, None)",,,NB
01:013:260,Intermediate Hindi I,"(None, None)",,,NB
01:013:276,Intermediate Persian I,"(None, None)",,,NB
01:013:289,Culture Of Ladino: An Introduction,"(None, None)",,,NB
01:013:290,Intermediate Turkish I,"(None, None)",,,NB
01:013:294,Intermediate Yoruba,"(None, None)",,,NB
01:013:301,"Topics In African, Middle Eastern, And South Asian Languages And Literatures","(None, None)",,,NB
01:013:308,Minorities In The Middle East,"(None, None)",,,NB
01:013:311,Women Writers Of Africa,"(None, None)",,,NB
01:013:312,Africn Folklore&Myth,"(None, None)",,,NB
01:013:321,Independent Study,"(None, None)",,,NB
01:013:340,Advanced Arabic I,"(None, None)",,,NB
01:013:352,Adv Modern Hebrew,"(None, None)",,,NB
01:013:360,Advanced Hindi I,"(None, None)",,,NB
01:013:376,Advanced Persian,"(None, None)",,,NB
01:013:390,Advanced Turkish,"(None, None)",,,NB
01:013:405,Ugaritic,"(None, None)",,,NB
01:013:430,"Gender,Nation & Literature In South Asia","(None, None)",,,NB
01:014:103,Introduction To Africana Studies,"(None, None)",,,NB
01:014:132,Black Experience And Film Medium,"(None, None)",,,NB
01:014:140,Introduction To American Cultures,"(None, None)",,,NB
01:014:202,What Everyone Should Know About 'Race',"(None, None)",,,NB
01:014:203,Black Experience In America,"(None, None)",,,NB
01:014:206,The Black Woman,"(None, None)",,,NB
01:014:210,Africa: Continent Of The Future?,"(None, None)",,,NB
01:014:214,Feeling Race: The Emotional Politics Of Race,"(None, None)",,,NB
01:014:223,Independent Study,"(None, None)",,,NB
01:014:233,Introduction To Research In Africana    Studies,"(None, None)",,,NB
01:014:286,Mentoring As A Public Service I,"(None, None)",,,NB
01:014:301,Topics In Africana Studies,"(None, None)",,,NB
01:014:305,"Race, International Law And Empire","(None, None)",,,NB
01:014:307,Africana Community Healthcare Experienceperspectives From Patients & Physicians,"(None, None)",,,NB
01:014:341,Supervised Community Placement,"(None, None)",,,NB
01:014:347,Health Issues In The African-American Community,"(None, None)",,,NB
01:014:370,Afro-Atlantic Diaspora,"(None, None)",,,NB
01:014:380,Blacks In Science,"(None, None)",,,NB
01:014:381,Politics Of Black America,"(None, None)",,,NB
01:014:385,Mentoring As Public Service Ii,"(None, None)",,,NB
01:014:399,Independent Study,"(None, None)",,,NB
01:014:423,Black Thought,"(None, None)",,,NB
01:014:490,Seminar In Africana Studies,"(None, None)",,,NB
01:014:491,Independent Study,"(None, None)",,,NB
01:014:497,Afr Stdy Schol Proj,"(None, None)",,,NB
01:016:222,Modern Africa,"(None, None)",,,NB
01:016:301,Ind Sty African Area,"(None, None)",,,NB
01:016:303,Direct Intrn Afr Sty,"(None, None)",,,NB
01:016:363,Women Writers Of Africa,"(None, None)",,,NB
01:050:101,Introduction To American Studies,"(None, None)",,,NB
01:050:102,Introduction To Race And Ethnicity In America,"(None, None)",,,NB
01:050:240,Latino Literature And Culture,"(None, None)",,,NB
01:050:245,Asian American Experience,"(None, None)",,,NB
01:050:246,The Black Experience In America,"(None, None)",,,NB
01:050:248,Native American Experience,"(None, None)",,,NB
01:050:259,Popular Culture,"(None, None)",,,NB
01:050:263,American Folklore,"(None, None)",,,NB
01:050:265,Am Exper Film&Video,"(None, None)",,,NB
01:050:271,Immigrant States,"(None, None)",,,NB
01:050:272,"American Food, Past And Present","(None, None)",,,NB
01:050:282,Topics In American Studies,"(None, None)",,,NB
01:050:284,Topics In American Studies,"(None, None)",,,NB
01:050:286,Independent Study In American Culture,"(None, None)",,,NB
01:050:303,The Decade In American Culture,"(None, None)",,,NB
01:050:306,American Detective Fiction And Film,"(None, None)",,,NB
01:050:310,Methods And Practices In American Studies,"(None, None)",,,NB
01:050:316,Twenty-First Century Expression: On And Off The Net,"(None, None)",,,NB
01:050:323,American Horror,"(None, None)",,,NB
01:050:324,Wayward Americans,"(None, None)",,,NB
01:050:355,"Museums, Monuments, And American Culture","(None, None)",,,NB
01:050:357,American Bodies,"(None, None)",,,NB
01:050:377,Asian-American Literatures In English,"(None, None)",,,NB
01:050:380,Internship In American Studies,"(None, None)",,,NB
01:050:389,Seminar In American Studies,"(None, None)",,,NB
01:050:391,Independent Study/Project In American Culture,"(None, None)",,,NB
01:050:491,Independent Study/Project In American Culture,"(None, None)",,,NB
01:070:101,Culture And Social Life,"(None, None)",,,NB
01:070:102,Introduction To Human Evolution,"(None, None)",,,NB
01:070:105,Intro To Archaeology,"(None, None)",,,NB
01:070:108,"Language, Culture, And Society","(None, None)",,,NB
01:070:111,Extinction,"(None, None)",,,NB
01:070:112,World Prehistory,"(None, None)",,,NB
01:070:162,Great Excavations In The Garden State,"(None, None)",,,NB
01:070:163,Islands And Lost Continents,"(None, None)",,,NB
01:070:164,Archaeology Murder Mysteries,"(None, None)",,,NB
01:070:201,Evolution And Human Behavior,"(None, None)",,,NB
01:070:203,"Climate Change, Disaster, And           Reconstruction","(None, None)",,,NB
01:070:212,The Life Of Primates,"(None, None)",,,NB
01:070:213,Environment And Human Evolution,"(None, None)",,,NB
01:070:217,Psychology & Culture,"(None, None)",,,NB
01:070:218,Introduction To Forensic Anthropology,"(None, None)",,,NB
01:070:223,Anthro Of Latin Amer,"(None, None)",,,NB
01:070:248,Anthro Of China,"(None, None)",,,NB
01:070:317,Meth Analy Cult Anth,"(None, None)",,,NB
01:070:325,Evolution & Culture,"(None, None)",,,NB
01:070:327,Life In The Early Holocene,"(None, None)",,,NB
01:070:331,Xenophobia And The Other In Europe Today,"(None, None)",,,NB
01:070:333,Colonial Archaeology,"(None, None)",,,NB
01:070:350,Primatol Hum Evol,"(None, None)",,,NB
01:070:362,Evolution Of Human Diet,"(None, None)",,,NB
01:070:367,Anthropology Goes To The Movies,"(None, None)",,,NB
01:070:386,Internship In Anthropology,"(None, None)",,,NB
01:070:390,Fossil Hominin Anatomy,"(None, None)",,,NB
01:070:495,Ind Study In Anthro,"(None, None)",,,NB
01:070:496,Ind Study In Anthro,"(None, None)",,,NB
01:070:497,Honors In Anthropology,"(None, None)",,,NB
01:070:499,Independent Study,"(None, None)",,,NB
01:074:140,Elementary Arabic I,"(None, None)",,,NB
01:074:141,Elementary Arabic Ii,"(None, None)",,,NB
01:074:240,Intermediate Arabic I,"(None, None)",,,NB
01:074:340,Advanced Arabic I,"(None, None)",,,NB
01:078:115,Elementary Armenian I,"(None, None)",,,NB
01:082:101,Building The Future: An Introduction To Architecture,"(None, None)",,,NB
01:082:105,Introduction To Art History: Prehistory To 1400,"(None, None)",,,NB
01:082:106,Introduction To Art History:1400 To The Present,"(None, None)",,,NB
01:082:202,Introduction To Contemporary Art,"(None, None)",,,NB
01:082:203,Sacred Sites Materializing And          Experiencing The Divine,"(None, None)",,,NB
01:082:206,Art Of India,"(None, None)",,,NB
01:082:214,Renaissance Art In Europe,"(None, None)",,,NB
01:082:215,Baroque Magnificence,"(None, None)",,,NB
01:082:220,Critical Issues In Art History,"(None, None)",,,NB
01:082:341,Venice,"(None, None)",,,NB
01:082:351,Art In The United States: 1776-1913,"(None, None)",,,NB
01:082:362,Native Arts N Amer,"(None, None)",,,NB
01:082:377,Gothic,"(None, None)",,,NB
01:082:382,Nineteenth-Century Photography,"(None, None)",,,NB
01:082:391,Nineteenth Century Architecture And Society In The United States,"(None, None)",,,NB
01:082:430,Foundations In Cultural Heritage And    Preservation Studies,"(None, None)",,,NB
01:082:441,"Special Topics In Politics, History, Andheritage","(None, None)",,,NB
01:082:447,Internshp Hist Presv,"(None, None)",,,NB
01:082:479,Sp Tpc Asian Art,"(None, None)",,,NB
01:082:491,Capstone In Art History,"(None, None)",,,NB
01:082:493,Individual Studies In Art History,"(None, None)",,,NB
01:082:495,Internshp Art Hist,"(None, None)",,,NB
01:082:497,Honors In Art History,"(None, None)",,,NB
01:090:101,The Byrne Seminars,"(None, None)",,,NB
01:090:111,Honors Colloquium,"(None, None)",,,NB
01:090:120,Figs Seminar,"(None, None)",,,NB
01:090:121,International Student Transition Seminar,"(None, None)",,,NB
01:090:124,Ru First Year Transition,"(None, None)",,,NB
01:090:126,Idea Incubator,"(None, None)",,,NB
01:090:130,Cohort Seminar I,"(None, None)",,,NB
01:090:132,Cohort Seminar Iii,"(None, None)",,,NB
01:090:181,Academic Success Seminar Program,"(None, None)",,,NB
01:090:201,Internship Sas,"(None, None)",,,NB
01:090:203,Co-Op Arts & Science,"(None, None)",,,NB
01:090:204,Rutgers Experiential Learning And       Condensed Internship Course,"(None, None)",,,NB
01:090:210,Career Explorations In Arts And Sciences,"(None, None)",,,NB
01:090:220,Students In Transition,"(None, None)",,,NB
01:090:226,Special Topics,"(None, None)",,,NB
01:090:292,Interdisciplinary Honors Seminar,"(None, None)",,,NB
01:090:293,Interdisciplinary Honors Seminar,"(None, None)",,,NB
01:090:294,Interdisciplinary Honors Seminar,"(None, None)",,,NB
01:090:295,Interdisciplinary Honors Seminar,"(None, None)",,,NB
01:090:296,Interdisciplinary Honors Seminar,"(None, None)",,,NB
01:090:297,Interdisciplinary Honors Seminar,"(None, None)",,,NB
01:090:308,Irw Lrng Comm,"(None, None)",,,NB
01:090:325,Special Topics,"(None, None)",,,NB
01:090:327,Special Topics,"(None, None)",,,NB
01:090:393,Ind Study & Research,"(None, None)",,,NB
01:090:491,Research Workshop,"(None, None)",,,NB
01:090:493,Independent Study And Research,"(None, None)",,,NB
01:090:495,Hnr Interdisc Thesis,"(None, None)",,,NB
01:090:497,Honors College Interdisciplinary Thesis,"(None, None)",,,NB
01:090:498,Honors College Interdisciplinary Thesis,"(None, None)",,,NB
01:098:101,Elementary Filipino,"(None, None)",,,NB
01:098:242,E Asian Civs:Mod,"(None, None)",,,NB
01:098:262,Asian Amer Exper,"(None, None)",,,NB
01:098:393,Independent Study Of Asian Languages Andliteratures,"(None, None)",,,NB
01:098:444,Seminar On East Asian Societies,"(None, None)",,,NB
01:119:103,Principles Of Biol,"(None, None)",,,NB
01:119:115,General Biology I,"(None, None)",,,NB
01:119:116,General Biology Ii,"(None, None)",,,NB
01:119:117,Biological Research Laboratory,"(None, None)",,,NB
01:119:127,Anatomy And Physiology: Health Sciences,"(None, None)",,,NB
01:119:131,Microbiol Hlth Sci,"(None, None)",,,NB
01:119:132,Micro-Hlth Sci Lab,"(None, None)",,,NB
01:119:150,"Biology, Society, And Biomedical Issues","(None, None)",,,NB
01:119:154,Genetics/Law/Soc Pol,"(None, None)",,,NB
01:119:155,Human Genetics,"(None, None)",,,NB
01:119:195,Brain Mind Behavior,"(None, None)",,,NB
01:119:199,Preparation For General Biology,"(None, None)",,,NB
01:119:201,Indep Study Biology,"(None, None)",,,NB
01:119:202,Indep Study Biology,"(None, None)",,,NB
01:119:307,Research In Biology,"(None, None)",,,NB
01:119:308,Research In Biology,"(None, None)",,,NB
01:119:406,Research In Biology,"(None, None)",,,NB
01:119:407,Research In Biology,"(None, None)",,,NB
01:119:408,Honors In Biology,"(None, None)",,,NB
01:122:491,Research In Biomathematics,"(None, None)",,,NB
01:122:492,Research In Biomathematics,"(None, None)",,,NB
01:146:201,Independent Study In Cell Biology And Neuroscience,"(None, None)",,,NB
01:146:245,Fundamentals Of Neurobiology,"(None, None)",,,NB
01:146:270,Fundamentals Of Cell And Developmental Biology,"(None, None)",,,NB
01:146:295,Essentials Of Cell Biology And          Neuroscience,"(None, None)",,,NB
01:146:307,Research In Cell Biology And Neuroscience,"(None, None)",,,NB
01:146:328,Human Parasitology,"(None, None)",,,NB
01:146:329,Human Parasitology Laboratory,"(None, None)",,,NB
01:146:350,Introduction To Light Microscopy For    The Life Sciences,"(None, None)",,,NB
01:146:356,Systems Physiology,"(None, None)",,,NB
01:146:357,Systems Physiol Lab,"(None, None)",,,NB
01:146:406,Research In Cell Biology And Neuroscience,"(None, None)",,,NB
01:146:408,Honors Research,"(None, None)",,,NB
01:146:410,Research Thesis In Cbn I,"(None, None)",,,NB
01:146:445,"Synapses, Neurons, And Circuits","(None, None)",,,NB
01:146:447,Clinical Neurobiology,"(None, None)",,,NB
01:146:456,Advanced Physiology,"(None, None)",,,NB
01:146:465,Neuro Pain Addiction,"(None, None)",,,NB
01:146:473,Genetic Regulation In Cell Biology,"(None, None)",,,NB
01:146:474,Immunology,"(None, None)",,,NB
01:160:126,Chemistry Of Art,"(None, None)",,,NB
01:160:127,Impact Of Chemistry,"(None, None)",,,NB
01:160:128,Chemistry Of Life,"(None, None)",,,NB
01:160:134,Intro To Chemistry,"(None, None)",,,NB
01:160:159,Gen Chem For Engrs,"(None, None)",,,NB
01:160:161,General Chemistry,"(None, None)",,,NB
01:160:162,General Chemistry,"(None, None)",,,NB
01:160:163,Honors General Chem,"(None, None)",,,NB
01:160:165,Extended General Chemistry,"(None, None)",,,NB
01:160:171,Introduction To Experimentation,"(None, None)",,,NB
01:160:209,Element Organic Chem,"(None, None)",,,NB
01:160:211,Elem Organic Lab,"(None, None)",,,NB
01:160:251,Analytical Chemistry,"(None, None)",,,NB
01:160:307,Organic Chemistry,"(None, None)",,,NB
01:160:308,Organic Chemistry,"(None, None)",,,NB
01:160:310,Organic Chem Lab,"(None, None)",,,NB
01:160:311,Organic Chem Lab,"(None, None)",,,NB
01:160:315,Honors Organic Chemistry,"(None, None)",,,NB
01:160:327,Physical Chemistry I,"(None, None)",,,NB
01:160:342,Phys Chem:Biochemsys,"(None, None)",,,NB
01:160:348,Instrumental Anal,"(None, None)",,,NB
01:160:351,Inorganic Chemistry 1,"(None, None)",,,NB
01:160:353,Inorganic Chemistry 3,"(None, None)",,,NB
01:160:387,Introduction To Chemistry Education,"(None, None)",,,NB
01:160:391,Independent Study In Chemistry,"(None, None)",,,NB
01:160:411,Adv Organic Chem I,"(None, None)",,,NB
01:160:421,Atomic & Molec Strct,"(None, None)",,,NB
01:160:425,Thermodynamics I,"(None, None)",,,NB
01:160:437,Phys Chem Bio System,"(None, None)",,,NB
01:160:471,Advanced Inorg Chem,"(None, None)",,,NB
01:160:482,Chemical Biology,"(None, None)",,,NB
01:160:491,Sem In Chemistry,"(None, None)",,,NB
01:160:493,Internship In Chemistry,"(None, None)",,,NB
01:160:495,Senior Research Project: Chemistry,"(None, None)",,,NB
01:160:497,Hnr Research In Chem,"(None, None)",,,NB
01:160:499,Introduction To Teaching Chemistry Lab,"(None, None)",,,NB
01:165:101,Elementary Chinese,"(None, None)",,,NB
01:165:102,Elementary Chinese,"(None, None)",,,NB
01:165:111,Chinese Caligraphy I,"(None, None)",,,NB
01:165:121,Beginning Chinese Reading & Writing For Mandarin Speakers,"(None, None)",,,NB
01:165:201,Intermediate Chinese,"(None, None)",,,NB
01:165:215,Introduction To Chinese Civilization,"(None, None)",,,NB
01:165:222,Intermediate Chinese Reading And Writingfor Mandarin Speakers,"(None, None)",,,NB
01:165:242,Classical Chinese Popular Fiction & Drama In Translation,"(None, None)",,,NB
01:165:301,Advanced Mod Chinese,"(None, None)",,,NB
01:165:310,Modern Chinese Literature In Translation,"(None, None)",,,NB
01:165:321,Introduction To Classical Chinese,"(None, None)",,,NB
01:165:361,Business Chinese,"(None, None)",,,NB
01:165:401,Adv Chin Conv & Comp,"(None, None)",,,NB
01:165:463,Nature In Chinese Literature,"(None, None)",,,NB
01:165:476,Women In Pre-Modern China,"(None, None)",,,NB
01:165:493,Independent Studies In Chinese Fall,"(None, None)",,,NB
01:165:497,Honors In Chinese,"(None, None)",,,NB
01:175:201,Introduction To Film I,"(None, None)",,,NB
01:175:265,American Experimental Film And Video,"(None, None)",,,NB
01:175:316,American Cinema Ii,"(None, None)",,,NB
01:175:320,World Cinema I,"(None, None)",,,NB
01:175:349,Contemporary German & European Cinema,"(None, None)",,,NB
01:175:377,Tpcs In World Cinema,"(None, None)",,,NB
01:175:398,Internship In Cinema Studies,"(None, None)",,,NB
01:175:420,Seminar: Film Theory,"(None, None)",,,NB
01:175:475,Honors Thesis In Cinema Studies 1,"(None, None)",,,NB
01:185:201,Cognitive Science: A Multidisciplinary  Introduction,"(None, None)",,,NB
01:185:301,Cognition And Decision Making,"(None, None)",,,NB
01:185:320,Research Methods In Cognitive Science,"(None, None)",,,NB
01:185:325,From Data To Science Communication      In R,"(None, None)",,,NB
01:185:335,Neural Structure Of Language,"(None, None)",,,NB
01:185:395,Research In Cognitive Science,"(None, None)",,,NB
01:185:396,Research In Cognitive Science,"(None, None)",,,NB
01:185:412,Advanced Topics Ii,"(None, None)",,,NB
01:185:414,Advanced Topics In Cog Sci: Decision Making,"(None, None)",,,NB
01:185:415,Advanced Topics In Cognitive Science: Language,"(None, None)",,,NB
01:185:417,Advanced Topics In Cognitive Science: Perception,"(None, None)",,,NB
01:185:430,Cognitive Neuroscience Through Case Studies,"(None, None)",,,NB
01:185:495,Senior Honors Thesis,"(None, None)",,,NB
01:185:496,Senior Honors Thesis,"(None, None)",,,NB
01:190:102,Medical Terminology,"(None, None)",,,NB
01:190:201,Ancient Greece,"(None, None)",,,NB
01:190:205,Greek Civilization,"(None, None)",,,NB
01:190:206,Roman Civilization,"(None, None)",,,NB
01:190:207,Greek And Roman Mythology,"(None, None)",,,NB
01:190:301,Food And Drink In The Ancient World,"(None, None)",,,NB
01:190:325,"Cults, Magic, And Witchcraft","(None, None)",,,NB
01:190:370,"Greek Film: Love, Eros & Death","(None, None)",,,NB
01:190:372,Cities Clascl World,"(None, None)",,,NB
01:190:491,Indp Study Classics,"(None, None)",,,NB
01:190:492,Indp Study Classics,"(None, None)",,,NB
01:190:495,Honors Project,"(None, None)",,,NB
01:195:101,Introduction To World Literature,"(None, None)",,,NB
01:195:120,Global Science Fiction,"(None, None)",,,NB
01:195:135,Short Fiction,"(None, None)",,,NB
01:195:140,Being Human,"(None, None)",,,NB
01:195:203,Masterworks Of Western Literature,"(None, None)",,,NB
01:195:227,Tales Of Horror,"(None, None)",,,NB
01:195:233,Understanding The French Enlightenment,"(None, None)",,,NB
01:195:235,Detective Stories,"(None, None)",,,NB
01:195:240,Animals And Humans,"(None, None)",,,NB
01:195:244,Introduction To Myth,"(None, None)",,,NB
01:195:260,Introduction To Caribbean Literature,"(None, None)",,,NB
01:195:270,Past Today,"(None, None)",,,NB
01:195:296,A Cultural History Of Artificial        Intelligence,"(None, None)",,,NB
01:195:301,Introduction To Literary Theory,"(None, None)",,,NB
01:195:312,Russian And East European Science Fiction,"(None, None)",,,NB
01:195:348,"Stories Of Russian Life: Memory, Invention, Experience","(None, None)",,,NB
01:195:351,The Literatures Of The Americas,"(None, None)",,,NB
01:195:354,19Th Century Novel,"(None, None)",,,NB
01:195:363,Women Writers Of Africa,"(None, None)",,,NB
01:195:373,Justice And Violence,"(None, None)",,,NB
01:195:374,"Marx,Nietzsche,Freud","(None, None)",,,NB
01:195:382,Kafka And World Literature,"(None, None)",,,NB
01:195:394,Jr/Sr Comp Lit Sem,"(None, None)",,,NB
01:195:430,"Gender, Nation, And Literature In South Asia","(None, None)",,,NB
01:195:480,Special Topics In Comparative Literature,"(None, None)",,,NB
01:195:493,Independent Study,"(None, None)",,,NB
01:195:495,Honors In Comparative Literature,"(None, None)",,,NB
01:198:105,Great Ideas In Computer Science,"(None, None)",,,NB
01:198:107,Computing For Math And The Sciences,"(None, None)",,,NB
01:198:110,Principles Of Computer Science,"(None, None)",,,NB
01:198:111,Intro Computer Sci,"(None, None)",,,NB
01:198:112,Data Structures,"(None, None)",,,NB
01:198:142,Data 101,"(None, None)",,,NB
01:198:170,Computer Applications For Business,"(None, None)",,,NB
01:198:205,Introduction To Discrete Structures I,"(None, None)",,,NB
01:198:206,Introduction To Discrete Structures Ii,"(None, None)",,,NB
01:198:210,Data Management For Data Science,"(None, None)",,,NB
01:198:211,Computer Architecture,"(None, None)",,,NB
01:198:213,Software Methodology,"(None, None)",,,NB
01:198:214,Systems Programming,"(None, None)",,,NB
01:198:314,Principles Of Programming Languages,"(None, None)",,,NB
01:198:323,Numer Anal Computing,"(None, None)",,,NB
01:198:334,Introduction To Imaging And Multimedia,"(None, None)",,,NB
01:198:336,Principles Of Information And Data Management,"(None, None)",,,NB
01:198:344,Design And Analysis Of Computer Algorithms,"(None, None)",,,NB
01:198:345,Algorithms In Society,"(None, None)",,,NB
01:198:352,Internet Technology,"(None, None)",,,NB
01:198:405,Sem Computer&Society,"(None, None)",,,NB
01:198:416,Operating Systems Design,"(None, None)",,,NB
01:198:419,Computer Security,"(None, None)",,,NB
01:198:425,Brain-Inspired Computing,"(None, None)",,,NB
01:198:428,Introduction To Computer Graphics,"(None, None)",,,NB
01:198:437,Database Systems Implementation,"(None, None)",,,NB
01:198:439,Introduction To Data Science,"(None, None)",,,NB
01:198:440,Introduction To Artificial Intelligence,"(None, None)",,,NB
01:198:452,Formal Lang&Automata,"(None, None)",,,NB
01:198:460,Introduction To Computational Robotics,"(None, None)",,,NB
01:198:461,Machine Learning Principles,"(None, None)",,,NB
01:198:462,Introduction To Deep Learning,"(None, None)",,,NB
01:198:493,Independent Study In Computer Science,"(None, None)",,,NB
01:202:201,Introduction To Criminal Justice,"(None, None)",,,NB
01:202:202,Police,"(None, None)",,,NB
01:202:203,Prisons And Prisoners,"(None, None)",,,NB
01:202:204,Crime And Public Policy,"(None, None)",,,NB
01:202:205,Criminal Procedure,"(None, None)",,,NB
01:202:307,Criminal Justice Research Methods,"(None, None)",,,NB
01:202:309,Criminal Law: Theory And Practice,"(None, None)",,,NB
01:202:315,"Race, International Law And Empire","(None, None)",,,NB
01:202:322,Juvenile Justice,"(None, None)",,,NB
01:202:327,"Sex, Crime, And Justice","(None, None)",,,NB
01:202:351,Forensic Science,"(None, None)",,,NB
01:202:388,Criminal Justice Seminar,"(None, None)",,,NB
01:202:406,Internship In Criminal Justice,"(None, None)",,,NB
01:202:425,"Race,Crime & Justice","(None, None)",,,NB
01:202:488,Advanced Criminal Justice Seminar,"(None, None)",,,NB
01:202:495,Independent Study,"(None, None)",,,NB
01:202:496,Special Topics,"(None, None)",,,NB
01:202:497,Special Topics,"(None, None)",,,NB
01:202:498,Honors Thesis,"(None, None)",,,NB
01:220:102,Intro To Microeconom,"(None, None)",,,NB
01:220:103,Introduction To Macroeconomics,"(None, None)",,,NB
01:220:110,Personal Finance And Financial Decision Making,"(None, None)",,,NB
01:220:212,"Econ Data Anlytcs:Intro To Data Mgmt,Statstcs& Rgressn Mthds For Decision Making","(None, None)",,,NB
01:220:300,International Economics,"(None, None)",,,NB
01:220:301,"Money, Banking And The Financial System","(None, None)",,,NB
01:220:320,Intermediate Microeconomic Analysis,"(None, None)",,,NB
01:220:321,Intermediate Macroeconomic Analysis,"(None, None)",,,NB
01:220:322,Econometrics,"(None, None)",,,NB
01:220:390,Choice And Strategy Politics,"(None, None)",,,NB
01:220:395,Law And Economics,"(None, None)",,,NB
01:220:397,Internship In Economics,"(None, None)",,,NB
01:220:420,Computational Methods For Research In Economics,"(None, None)",,,NB
01:220:421,Economic Forecasting And Big Data,"(None, None)",,,NB
01:220:422,Advanced Econometrics For Microeconomic Data,"(None, None)",,,NB
01:220:433,Health Economics,"(None, None)",,,NB
01:220:438,Education Economics,"(None, None)",,,NB
01:220:439,Economic Development,"(None, None)",,,NB
01:220:460,Public Economics,"(None, None)",,,NB
01:220:477,Economics Of Population,"(None, None)",,,NB
01:220:480,Behavioral And Experimental Economics,"(None, None)",,,NB
01:220:481,Economics Of Uncertainty,"(None, None)",,,NB
01:220:482,Game Theory And Economics,"(None, None)",,,NB
01:220:485,Advanced Microeconomic Theory,"(None, None)",,,NB
01:220:490,Advanced Ind Study,"(None, None)",,,NB
01:220:491,Advanced Ind Study,"(None, None)",,,NB
01:220:493,Honors Resrch Sem I,"(None, None)",,,NB
01:351:209,Introduction To Multimedia Composition,"(None, None)",,,NB
01:351:211,Introduction To Creative Writing,"(None, None)",,,NB
01:351:303,Screenwriting For Film,"(None, None)",,,NB
01:351:304,Screenwriting For Television,"(None, None)",,,NB
01:351:305,Creative Non Fiction,"(None, None)",,,NB
01:351:306,Form And Technique In Poetry,"(None, None)",,,NB
01:351:307,Form And Technique In Fiction,"(None, None)",,,NB
01:351:308,Playwriting,"(None, None)",,,NB
01:351:309,Digital Composition,"(None, None)",,,NB
01:351:314,Documentary Filmmaking For Writers,"(None, None)",,,NB
01:351:405,Advanced Workshop: Multi-Genre,"(None, None)",,,NB
01:351:406,Advanced Workshop: Poetry,"(None, None)",,,NB
01:351:407,Advanced Workshop: Fiction,"(None, None)",,,NB
01:351:408,Advanced Creative Writing Workshop -    Playwriting,"(None, None)",,,NB
01:354:420,Seminar:  Film Theory,"(None, None)",,,NB
01:355:101,College Writing,"(None, None)",,,NB
01:355:103,Exposition &Argument,"(None, None)",,,NB
01:355:104,College Writing Extended,"(None, None)",,,NB
01:355:201,Research In Disciplines,"(None, None)",,,NB
01:355:202,Technical Writing Essentials,"(None, None)",,,NB
01:355:203,Business Writing Essentials,"(None, None)",,,NB
01:355:301,College Writing For Transfer Students,"(None, None)",,,NB
01:355:302,Scientific And Technical Writing,"(None, None)",,,NB
01:355:303,Writing For Business And The Professions,"(None, None)",,,NB
01:355:315,Wrtg Grant Proposals,"(None, None)",,,NB
01:355:322,Wrtg For Engineers,"(None, None)",,,NB
01:355:352,Wrtg As A Naturalist,"(None, None)",,,NB
01:355:355,Wrtg In Professions,"(None, None)",,,NB
01:355:375,Collab Wrtg Practice,"(None, None)",,,NB
01:355:395,Internship,"(None, None)",,,NB
01:355:397,Writing Internship For Business And Technical Writing Minors,"(None, None)",,,NB
01:355:410,Composing Graphic Narratives,"(None, None)",,,NB
01:356:155,English For Academic Purposes I:        Writing Across Cultures,"(None, None)",,,NB
01:356:156,English For Academic Purposes Ii: Academic Writing In The United States,"(None, None)",,,NB
01:358:203,Shakespeare And Film,"(None, None)",,,NB
01:358:206,Introduction To Literary Studies,"(None, None)",,,NB
01:358:230,Major Topics And Authors In British     Literature,"(None, None)",,,NB
01:358:240,Introduction To Dramatic Literature,"(None, None)",,,NB
01:358:243,Introduction To The Short Story,"(None, None)",,,NB
01:358:252,Introduction To Children'S Literature,"(None, None)",,,NB
01:358:256,Introduction To The Graphic Novel,"(None, None)",,,NB
01:358:262,Introduction To Literature And Environment,"(None, None)",,,NB
01:358:275,The Cultural History Of Now,"(None, None)",,,NB
01:358:305,Medieval Romance,"(None, None)",,,NB
01:358:314,Shakespeare: The Early Plays,"(None, None)",,,NB
01:358:316,Milton,"(None, None)",,,NB
01:358:320,Issues & Problems In Renaissance Literature And Culture,"(None, None)",,,NB
01:358:324,Restoration And 18Th Century Poetry,"(None, None)",,,NB
01:358:328,Issues & Problems In 18Th-Century Literature And Culture,"(None, None)",,,NB
01:358:335,19Th Century Theater And Drama,"(None, None)",,,NB
01:358:338,Issues & Problems In 19Th-Century Literature And Culture,"(None, None)",,,NB
01:358:351,The Literatures Of The Americas,"(None, None)",,,NB
01:358:355,Later 20Th-Century Poetry,"(None, None)",,,NB
01:358:358,Early 20Th-Century Fiction,"(None, None)",,,NB
01:358:361,20Th-Century Literature In A Global Context,"(None, None)",,,NB
01:358:363,Issues & Problems In 20Th-Century Literature And Culture,"(None, None)",,,NB
01:358:376,Harlem Renaissance,"(None, None)",,,NB
01:358:378,Black Music And Literature,"(None, None)",,,NB
01:358:379,Black Women Writers,"(None, None)",,,NB
01:358:381,Issues And Problems In Black Literature,"(None, None)",,,NB
01:358:384,"Literatures Of Migration, Immigration & Diaspora","(None, None)",,,NB
01:358:385,Literatures Of Africa In English,"(None, None)",,,NB
01:358:389,Asian-American Literatures In English,"(None, None)",,,NB
01:358:393,Independent Study,"(None, None)",,,NB
01:358:410,Drama And Performance Studies Capstone,"(None, None)",,,NB
01:358:436,Seminar: Topics In 19Th-Century Literature And Culture,"(None, None)",,,NB
01:358:437,Seminar: Topics In 20Th-Century Literature And Culture,"(None, None)",,,NB
01:358:460,Seminar:Topics In Colonial &Postcolonialliterature,"(None, None)",,,NB
01:358:493,Independent Study,"(None, None)",,,NB
01:359:201,Principles Of Literary Study,"(None, None)",,,NB
01:359:207,Data And Culture,"(None, None)",,,NB
01:359:312,Issues And Problems In Literary Theory,"(None, None)",,,NB
01:359:326,Literature And Psychology,"(None, None)",,,NB
01:359:360,Theories Of Text And Image,"(None, None)",,,NB
01:359:361,Literature And Visual Culture,"(None, None)",,,NB
01:359:394,Independent Study,"(None, None)",,,NB
01:359:410,Seminar: Topics In Literary Theory,"(None, None)",,,NB
01:359:460,Seminar: Media Theory,"(None, None)",,,NB
01:359:497,Senior Honors Seminar,"(None, None)",,,NB
01:359:498,Senior Honors Tutorial - Fall,"(None, None)",,,NB
01:360:349,Contemporary German And European Cinema,"(None, None)",,,NB
01:360:390,Independent Study,"(None, None)",,,NB
01:377:140,Foundations Of Kinesiology And Health,"(None, None)",,,NB
01:377:160,Introduction To Physical Therapy (Pt),"(None, None)",,,NB
01:377:161,Observation In Physical Therapy,"(None, None)",,,NB
01:377:170,Principles Of Strength And Conditioning,"(None, None)",,,NB
01:377:180,Exercise And Relaxation,"(None, None)",,,NB
01:377:191,Cardiovascular Conditioning,"(None, None)",,,NB
01:377:192,Aerobic Fitness Ii,"(None, None)",,,NB
01:377:205,Principles Of Healthy Lifestyle,"(None, None)",,,NB
01:377:215,Techniques Of Athletic Training,"(None, None)",,,NB
01:377:223,Functional Human Anatomy,"(None, None)",,,NB
01:377:224,Functional Human Anatomy Lab,"(None, None)",,,NB
01:377:225,Contemporary Health Issues,"(None, None)",,,NB
01:377:246,Safety Ed And Emergency Care,"(None, None)",,,NB
01:377:275,Basic Statistics For Exercise Science,"(None, None)",,,NB
01:377:301,Psychology Of Sport And Exercise,"(None, None)",,,NB
01:377:310,Motor Learning,"(None, None)",,,NB
01:377:324,Movement Experiences For Individuals With Disabilities,"(None, None)",,,NB
01:377:327,Field Experience - Special Populations,"(None, None)",,,NB
01:377:340,Motor Development,"(None, None)",,,NB
01:377:344,Workshop In Exercise Science,"(None, None)",,,NB
01:377:350,Biomechanics,"(None, None)",,,NB
01:377:370,Exercise Physiology,"(None, None)",,,NB
01:377:371,Exercise Physiology Laboratory,"(None, None)",,,NB
01:377:407,Administration Of Exercise Science,"(None, None)",,,NB
01:377:410,Exercise Testing And Prescription,"(None, None)",,,NB
01:377:455,Exercise Psychology,"(None, None)",,,NB
01:377:475,Nutrition And Fitness,"(None, None)",,,NB
01:377:491,Independent Study,"(None, None)",,,NB
01:377:493,"Internship In Exercise Science, 3Cr","(None, None)",,,NB
01:377:497,Internship Ii In Exercise Science,"(None, None)",,,NB
01:377:498,"Internship In Exercise Science, 6 Cr","(None, None)",,,NB
01:381:101,Introduction To Environmental Studies,"(None, None)",,,NB
01:381:485,Environmental Studies Internship,"(None, None)",,,NB
01:381:491,Environmental Studies Independent Study,"(None, None)",,,NB
01:420:101,Elementary French,"(None, None)",,,NB
01:420:102,Elementary French,"(None, None)",,,NB
01:420:105,French For Reading Knowledge I,"(None, None)",,,NB
01:420:121,French Fundamentals,"(None, None)",,,NB
01:420:131,Intermediate French,"(None, None)",,,NB
01:420:132,Intermediate French,"(None, None)",,,NB
01:420:213,Advanced French I: Stories Of Scandals  And Mysteries,"(None, None)",,,NB
01:420:215,Modern Literature In French,"(None, None)",,,NB
01:420:217,Modern Literature In French Honors,"(None, None)",,,NB
01:420:230,Understanding The French Enlightenment,"(None, None)",,,NB
01:420:242,Major French Writers In Translation,"(None, None)",,,NB
01:420:297,French Cultural Experience,"(None, None)",,,NB
01:420:301,Learning And Sharing French I,"(None, None)",,,NB
01:420:351,Literature In French Society,"(None, None)",,,NB
01:420:481,Senior Seminar In French Culture,"(None, None)",,,NB
01:420:493,Independent Study,"(None, None)",,,NB
01:420:494,Independent Study,"(None, None)",,,NB
01:420:495,Senior Honors Thesis I,"(None, None)",,,NB
01:420:496,Senior Honors Thesis Ii,"(None, None)",,,NB
01:420:497,Honors Reseach Thesis In French,"(None, None)",,,NB
01:420:498,Honors Reseach Thesis In French,"(None, None)",,,NB
01:447:203,Honors Computational Genetics,"(None, None)",,,NB
01:447:302,Quant Bio&Bioinform,"(None, None)",,,NB
01:447:354,Implic New Genetics,"(None, None)",,,NB
01:447:356,Evolutionary Medicine,"(None, None)",,,NB
01:447:370,Developmental Genetics,"(None, None)",,,NB
01:447:380,Genetics,"(None, None)",,,NB
01:447:384,Genetic Analysis I,"(None, None)",,,NB
01:447:390,General Microbiology,"(None, None)",,,NB
01:447:406,Research In Genetics,"(None, None)",,,NB
01:447:408,Honors In Genetics,"(None, None)",,,NB
01:447:410,Research In Genetics - Writing Intensive,"(None, None)",,,NB
01:447:414,Thesis Writing And Communication In     Genetics,"(None, None)",,,NB
01:447:430,Effective Comunication Skills In        Genetics,"(None, None)",,,NB
01:447:460,Genetcs Compul Behav,"(None, None)",,,NB
01:447:465,Genetic Approaches And Research         Analysis,"(None, None)",,,NB
01:447:488,Genetic Counseling Rotation,"(None, None)",,,NB
01:447:489,Adv Ind Stdy Genetic,"(None, None)",,,NB
01:450:101,Earth Systems,"(None, None)",,,NB
01:450:102,Transforming The Global Environment,"(None, None)",,,NB
01:450:103,"Human Geography: Space, Place, & Location","(None, None)",,,NB
01:450:205,World Cultural Regions,"(None, None)",,,NB
01:450:208,"Maps, Power, And The Digital World","(None, None)",,,NB
01:450:211,"Environment, Society & Justice","(None, None)",,,NB
01:450:214,Conservation,"(None, None)",,,NB
01:450:241,The City: Introduction To An Urban Geography,"(None, None)",,,NB
01:450:306,Global Ecosystems And Biodiversity,"(None, None)",,,NB
01:450:321,Geographic Information Systems,"(None, None)",,,NB
01:450:335,Caribbean Borderlnds,"(None, None)",,,NB
01:450:343,Global China,"(None, None)",,,NB
01:450:355,Principles Of Cartography,"(None, None)",,,NB
01:450:365,Geographies Of Race And Ethnicity In Theunited States,"(None, None)",,,NB
01:450:485,Internship In Geography,"(None, None)",,,NB
01:450:491,Geographic Problems,"(None, None)",,,NB
01:450:495,Honors Project: Geography,"(None, None)",,,NB
01:460:100,Planet Earth,"(None, None)",,,NB
01:460:101,Introductory Geology,"(None, None)",,,NB
01:460:103,Intro Geology Lab,"(None, None)",,,NB
01:460:111,Solving The Climate Crisis,"(None, None)",,,NB
01:460:116,Building Blocks Of The Solar System,"(None, None)",,,NB
01:460:120,Intro Oceanography,"(None, None)",,,NB
01:460:201,Earthquakes-Volcanos,"(None, None)",,,NB
01:460:202,Environmental Geology,"(None, None)",,,NB
01:460:206,Dinosaurs,"(None, None)",,,NB
01:460:212,Earth And Life,"(None, None)",,,NB
01:460:300,Introduction To Sedimentary Geology,"(None, None)",,,NB
01:460:302,Petrology,"(None, None)",,,NB
01:460:304,Introduction To Geochemistry,"(None, None)",,,NB
01:460:408,Geomorphology,"(None, None)",,,NB
01:460:417,Environ Geochemistry,"(None, None)",,,NB
01:460:428,Hydrogeology,"(None, None)",,,NB
01:460:451,Marine Geology,"(None, None)",,,NB
01:460:476,Hist Of Earth System,"(None, None)",,,NB
01:460:491,Internshp In Geology,"(None, None)",,,NB
01:460:493,Independ Study Geol,"(None, None)",,,NB
01:460:495,Honors In Geology,"(None, None)",,,NB
01:470:101,Elementary German,"(None, None)",,,NB
01:470:102,Elementary German,"(None, None)",,,NB
01:470:103,German For Travel,"(None, None)",,,NB
01:470:104,German Conversation,"(None, None)",,,NB
01:470:105,German For Rdg Knowl,"(None, None)",,,NB
01:470:121,German Intensive Rev,"(None, None)",,,NB
01:470:131,Intermediate German,"(None, None)",,,NB
01:470:132,Intermediate German,"(None, None)",,,NB
01:470:135,Germ Conv & Comp,"(None, None)",,,NB
01:470:227,Tales Of Horror,"(None, None)",,,NB
01:470:231,Advanced German,"(None, None)",,,NB
01:470:299,Contmp Ger Media&Soc,"(None, None)",,,NB
01:470:301,Intr Lit&Cult Analys,"(None, None)",,,NB
01:470:309,Justice And Violence,"(None, None)",,,NB
01:470:349,Contemporary German & European Cinema,"(None, None)",,,NB
01:470:354,Kafka And World Literature,"(None, None)",,,NB
01:470:371,"Marx,Nietzsche,Freud","(None, None)",,,NB
01:470:393,Indep Study German,"(None, None)",,,NB
01:470:493,Indep Study German,"(None, None)",,,NB
01:470:495,Senior Honors In Ger,"(None, None)",,,NB
01:489:101,First Year Mod Greek,"(None, None)",,,NB
01:489:201,Sec Year Mod Greek,"(None, None)",,,NB
01:489:370,"Greek Film: Love, Eros & Death","(None, None)",,,NB
01:489:385,Politics And Culture In Greece And The  Balkans,"(None, None)",,,NB
01:489:493,Independent Study In Modern Greek,"(None, None)",,,NB
01:490:101,Elementary Greek I,"(None, None)",,,NB
01:490:206,Intermediate Greek Prose,"(None, None)",,,NB
01:490:391,Rdgs In Greek Prose,"(None, None)",,,NB
01:505:160,Elementary Hindi I,"(None, None)",,,NB
01:505:161,Elementary Hindi Ii,"(None, None)",,,NB
01:505:260,Intermediate Hindi I,"(None, None)",,,NB
01:505:360,Advanced Hindi I,"(None, None)",,,NB
01:506:101,World History I,"(None, None)",,,NB
01:506:115,World War Ii In World History,"(None, None)",,,NB
01:506:203,Asia And The Pacific,"(None, None)",,,NB
01:506:216,Law And History,"(None, None)",,,NB
01:506:218,Terrorism,"(None, None)",,,NB
01:506:220,Piracy: A Global History,"(None, None)",,,NB
01:506:226,International Health,"(None, None)",,,NB
01:506:227,"Health, Culture And Society","(None, None)",,,NB
01:506:271,Jewish History I: Ancient And Medieval,"(None, None)",,,NB
01:506:299,History Workshop,"(None, None)",,,NB
01:506:388,Touching History: The World Of          Medieval Manuscripts,"(None, None)",,,NB
01:506:391,Historical Studies,"(None, None)",,,NB
01:506:401,History Seminar,"(None, None)",,,NB
01:506:451,Public History Internship,"(None, None)",,,NB
01:506:471,Research In History,"(None, None)",,,NB
01:506:473,Readings In History,"(None, None)",,,NB
01:506:495,Honors Prog In Hist,"(None, None)",,,NB
01:506:496,Honors Prog In Hist,"(None, None)",,,NB
01:508:201,Islamic Civilization,"(None, None)",,,NB
01:508:212,Israeli-Palestinan Conflict,"(None, None)",,,NB
01:508:222,Modern Africa,"(None, None)",,,NB
01:508:230,The Making Of Modern India And Pakistan,"(None, None)",,,NB
01:508:242,Modern East Asia,"(None, None)",,,NB
01:508:243,The First Great East Asian War,"(None, None)",,,NB
01:508:246,Hist Chinese Civilzn,"(None, None)",,,NB
01:508:262,War And Politics In Latin America,"(None, None)",,,NB
01:508:307,Women In Middle East,"(None, None)",,,NB
01:508:340,Late Imperial China,"(None, None)",,,NB
01:508:381,"Ancient Kingdoms: A History Of The Aztecs, Incas And Mayas","(None, None)",,,NB
01:508:393,Global Diasporas In Caribean History,"(None, None)",,,NB
01:510:101,Ancient And Medieval Europe,"(None, None)",,,NB
01:510:201,Ancient Greece,"(None, None)",,,NB
01:510:224,"Europe:Gender, Sex And Society","(None, None)",,,NB
01:510:232,Fashion & Design In Europe: Between The West And The World,"(None, None)",,,NB
01:510:261,History Of The Holocaust,"(None, None)",,,NB
01:510:343,Pol&Clt Eng1588-1720,"(None, None)",,,NB
01:510:377,Russia In War&Peace,"(None, None)",,,NB
01:510:392,Historical Studies,"(None, None)",,,NB
01:512:103,Making Of America: Colonization To Civilwar,"(None, None)",,,NB
01:512:235,Accidents And Disasters In The U.S. And The World,"(None, None)",,,NB
01:512:240,World War I,"(None, None)",,,NB
01:512:242,World War Ii,"(None, None)",,,NB
01:512:268,Plantation To White House,"(None, None)",,,NB
01:512:305,"U.S. History, 1914-1945","(None, None)",,,NB
01:512:310,New Jersey History,"(None, None)",,,NB
01:512:313,Childhood In America,"(None, None)",,,NB
01:512:316,Radicalism In Amer,"(None, None)",,,NB
01:512:319,Nineteenth Century Architecture And Society In The United States,"(None, None)",,,NB
01:512:347,War Peac&Milit In Us,"(None, None)",,,NB
01:512:354,"The United States, Russia, And The Cold War","(None, None)",,,NB
01:512:360,Latino History,"(None, None)",,,NB
01:512:391,Historical Studies,"(None, None)",,,NB
01:556:221,Aresty Research Assistant Program,"(None, None)",,,NB
01:556:240,Stem Professional Development With      Industry Perspectives,"(None, None)",,,NB
01:556:327,Special Topics,"(None, None)",,,NB
01:556:328,Interdisciplinary Research Teams,"(None, None)",,,NB
01:556:491,Independent Study,"(None, None)",,,NB
01:558:101,Global Awareness: An Introduction To International And Global Studies,"(None, None)",,,NB
01:560:101,Elementary Italian,"(None, None)",,,NB
01:560:102,Elementary Italian,"(None, None)",,,NB
01:560:105,Ital For Rdg Knowldg,"(None, None)",,,NB
01:560:121,Italian Review,"(None, None)",,,NB
01:560:131,Intermediate Italian,"(None, None)",,,NB
01:560:132,Intermediate Italian,"(None, None)",,,NB
01:560:231,Italian Culture,"(None, None)",,,NB
01:560:248,A Cultural Tour Of Italy,"(None, None)",,,NB
01:560:250,Writing Workshop,"(None, None)",,,NB
01:560:256,Introducing Italy: City By City,"(None, None)",,,NB
01:560:258,Italian Icons,"(None, None)",,,NB
01:560:321,Advanced Conversation Through Current   Events,"(None, None)",,,NB
01:560:345,Classics Of Italian Cinema,"(None, None)",,,NB
01:560:391,Italian Food Culture,"(None, None)",,,NB
01:560:393,Indpt Study Italian,"(None, None)",,,NB
01:560:495,Honors In Italian,"(None, None)",,,NB
01:563:101,Elem Modern Hebrew,"(None, None)",,,NB
01:563:103,Elem Modern Yiddish,"(None, None)",,,NB
01:563:131,Intermed Mod Hebrew,"(None, None)",,,NB
01:563:133,Int Modern Yiddish,"(None, None)",,,NB
01:563:146,The Bible In Aramaic,"(None, None)",,,NB
01:563:201,Jewish History I: Ancient And Medieval,"(None, None)",,,NB
01:563:210,Adv Modern Hebrew,"(None, None)",,,NB
01:563:220,Introduction To The Bible I: Torah And  Prose,"(None, None)",,,NB
01:563:261,History Of The Holocaust,"(None, None)",,,NB
01:563:282,Israeli-Palestinian Conflict,"(None, None)",,,NB
01:563:289,Culture Of Ladino: An Introduction,"(None, None)",,,NB
01:563:355,Kafka And World Literature,"(None, None)",,,NB
01:563:387,Touching History: The World Of          Medieval Manuscripts,"(None, None)",,,NB
01:563:405,Ugaritic,"(None, None)",,,NB
01:563:460,Jewish Stdys Intern,"(None, None)",,,NB
01:563:464,Research And Writing In Jewish Studies,"(None, None)",,,NB
01:563:491,Independent Study,"(None, None)",,,NB
01:563:496,Senior Honors,"(None, None)",,,NB
01:565:101,Elementary Japanese,"(None, None)",,,NB
01:565:102,Elementary Japanese,"(None, None)",,,NB
01:565:201,Intermediate Japanese,"(None, None)",,,NB
01:565:210,Introduction To Japanese Culture,"(None, None)",,,NB
01:565:215,A-Bomb Literature & Film In Japan,"(None, None)",,,NB
01:565:301,Advanced Japanese,"(None, None)",,,NB
01:565:313,Adv Japanese Conv,"(None, None)",,,NB
01:565:401,Adv Readings In Jpn,"(None, None)",,,NB
01:565:483,Text To Image,"(None, None)",,,NB
01:565:495,Independent Study,"(None, None)",,,NB
01:565:497,Honors In Japanese,"(None, None)",,,NB
01:574:101,Elementary Korean,"(None, None)",,,NB
01:574:102,Elementary Korean,"(None, None)",,,NB
01:574:103,Beginning Korean Reading And Writing Forheritage Students,"(None, None)",,,NB
01:574:105,Online Elementary Korean I,"(None, None)",,,NB
01:574:110,The History Of The Korean Script And Calligraphy I,"(None, None)",,,NB
01:574:201,Intermediate Korean,"(None, None)",,,NB
01:574:202,Intermediate Korean,"(None, None)",,,NB
01:574:210,Introduction To Korean Culture,"(None, None)",,,NB
01:574:301,Advanced Korean,"(None, None)",,,NB
01:574:380,Taste Of Korea: Culinary Politics In Contemporary South Korea,"(None, None)",,,NB
01:574:390,Topics In Korean Studies,"(None, None)",,,NB
01:574:401,Adv Readings Korean,"(None, None)",,,NB
01:574:450,Korea In Transl I,"(None, None)",,,NB
01:574:495,Independent Study In Korean,"(None, None)",,,NB
01:574:497,Honors In Korean,"(None, None)",,,NB
01:580:101,Elementary Latin I,"(None, None)",,,NB
01:580:203,Intermed Latin Prose,"(None, None)",,,NB
01:580:369,Seminar In Latin,"(None, None)",,,NB
01:590:101,Latin America: An Introduction,"(None, None)",,,NB
01:590:262,War And Politics In Latin America,"(None, None)",,,NB
01:590:298,Latinos And Migration,"(None, None)",,,NB
01:590:381,"Ancient Kingdoms: A History Of The Aztecs, Incas And Mayas","(None, None)",,,NB
01:590:496,Independent Study,"(None, None)",,,NB
01:590:497,Honors Latin American Studies,"(None, None)",,,NB
01:595:100,Introduction To Caribbean Studies,"(None, None)",,,NB
01:595:101,Introduction To Latino Studies,"(None, None)",,,NB
01:595:103,Latin Images And Identities Seminar,"(None, None)",,,NB
01:595:224,Immigration And Society,"(None, None)",,,NB
01:595:240,Latino Literature And Culture,"(None, None)",,,NB
01:595:270,Introduction To Caribbean Literature,"(None, None)",,,NB
01:595:271,Immigrant States,"(None, None)",,,NB
01:595:280,Topics In Latino And/Or Caribbean       Studies,"(None, None)",,,NB
01:595:298,Latinos & Migration,"(None, None)",,,NB
01:595:312,Topics In Latino And Caribbean Studies,"(None, None)",,,NB
01:595:336,Caribbean Borderlands,"(None, None)",,,NB
01:595:369,Latino History,"(None, None)",,,NB
01:595:393,Global Diasporas In Caribbean History,"(None, None)",,,NB
01:595:412,Tpc Sem Lat/Carib St,"(None, None)",,,NB
01:595:493,Serv Lrng Internship,"(None, None)",,,NB
01:595:494,Service Learng Intrn,"(None, None)",,,NB
01:595:495,Independent Study,"(None, None)",,,NB
01:595:498,Honors Research In Latino And           Caribbean Studies,"(None, None)",,,NB
01:615:101,Exploring Language,"(None, None)",,,NB
01:615:190,Invented Languages,"(None, None)",,,NB
01:615:191,"Linguistics, The Internet, And Social Media","(None, None)",,,NB
01:615:201,Introduction To Linguistic Theory,"(None, None)",,,NB
01:615:290,Career Explorations In Speech And       Hearing Sciences In Linguistics,"(None, None)",,,NB
01:615:305,Syntax,"(None, None)",,,NB
01:615:315,Phonology,"(None, None)",,,NB
01:615:325,Semantics,"(None, None)",,,NB
01:615:330,Historical Linguistics,"(None, None)",,,NB
01:615:350,Pragmatics,"(None, None)",,,NB
01:615:391,Anatomy And Physiology Of The Speech    Mechanism,"(None, None)",,,NB
01:615:392,Introduction To Communication Disorders,"(None, None)",,,NB
01:615:393,Audiology,"(None, None)",,,NB
01:615:394,Speech And Hearing Science,"(None, None)",,,NB
01:615:411,Morphology,"(None, None)",,,NB
01:615:420,Speech Acts,"(None, None)",,,NB
01:615:451,Phonetics,"(None, None)",,,NB
01:615:481,Language And Law,"(None, None)",,,NB
01:615:493,Independent Study,"(None, None)",,,NB
01:615:495,Senior Honors Thesis,"(None, None)",,,NB
01:615:497,Advanced Undergraduate Seminar,"(None, None)",,,NB
01:617:289,Culture Of Ladino: An Introduction,"(None, None)",,,NB
01:640:001,Computational Skills,"(None, None)",,,NB
01:640:025,Elementary Algebra,"(None, None)",,,NB
01:640:026,Intermediate Algebra,"(None, None)",,,NB
01:640:103,Topics In Mathematics For The Liberal Arts,"(None, None)",,,NB
01:640:104,Introduction To Probability,"(None, None)",,,NB
01:640:106,Mathematics Of Money,"(None, None)",,,NB
01:640:107,Number And Operation For K-8 Teaching,"(None, None)",,,NB
01:640:111,Precalculus Part I,"(None, None)",,,NB
01:640:112,Precalculus Part Ii,"(None, None)",,,NB
01:640:115,Precalculus College Mathematics,"(None, None)",,,NB
01:640:125,Methods Of Mathematical Problem         Solving,"(None, None)",,,NB
01:640:130,Business Calculus,"(None, None)",,,NB
01:640:135,Calculus I For The Life And Social Sciences,"(None, None)",,,NB
01:640:151,Calculus I For Mathematical And Physicalsciences,"(None, None)",,,NB
01:640:152,Calculus Ii For Mathematical And Physical Sciences,"(None, None)",,,NB
01:640:157,Calc I Mat/Phy Prac,"(None, None)",,,NB
01:640:158,Calc Ii Mat/Phy Prac,"(None, None)",,,NB
01:640:244,Differential Equations For Engineering  And Physics,"(None, None)",,,NB
01:640:250,Intro Linear Algebra,"(None, None)",,,NB
01:640:251,Multivariable Calculus,"(None, None)",,,NB
01:640:252,Elementary Differential Equations,"(None, None)",,,NB
01:640:285,Introduction To Interest Theory For Actuarial Science,"(None, None)",,,NB
01:640:291,Honors Calculus Iii,"(None, None)",,,NB
01:640:300,Intro Math Reasoning,"(None, None)",,,NB
01:640:311,Introduction To Real Analysis I,"(None, None)",,,NB
01:640:321,Intro Applied Math,"(None, None)",,,NB
01:640:325,Foundations Of Quantum Mechanics,"(None, None)",,,NB
01:640:336,Dynam Models Bio,"(None, None)",,,NB
01:640:350,Linear Algebra,"(None, None)",,,NB
01:640:351,Introduction To Abstract Algebra I,"(None, None)",,,NB
01:640:354,Linear Optimization,"(None, None)",,,NB
01:640:356,Theory Of Numbers,"(None, None)",,,NB
01:640:361,Set Theory,"(None, None)",,,NB
01:640:373,Numerical Analysis I,"(None, None)",,,NB
01:640:411,Math Analysis I,"(None, None)",,,NB
01:640:421,Advanced Calculus For Engineering,"(None, None)",,,NB
01:640:423,Elem Prtl Diff Eqtns,"(None, None)",,,NB
01:640:428,Graph Theory,"(None, None)",,,NB
01:640:437,History Of Mathematics,"(None, None)",,,NB
01:640:441,Intro Topology I,"(None, None)",,,NB
01:640:451,Abstract Algebra I,"(None, None)",,,NB
01:640:454,Combinatorial Theory,"(None, None)",,,NB
01:640:477,Mathematical Theory Of Probability,"(None, None)",,,NB
01:640:478,Introduction To Stochastic Processes,"(None, None)",,,NB
01:640:481,Math Theory Stat,"(None, None)",,,NB
01:640:485,Intro Math Finance,"(None, None)",,,NB
01:640:486,Mathematics Of Life Contingent Risk Models I,"(None, None)",,,NB
01:640:491,Undergraduate Mathematics Seminar,"(None, None)",,,NB
01:640:493,Individual Study In Mathematics,"(None, None)",,,NB
01:640:494,Indep Study In Math,"(None, None)",,,NB
01:640:496,Research In Math,"(None, None)",,,NB
01:640:497,Honors In Math,"(None, None)",,,NB
01:660:485,Clin Pract Med Tech,"(None, None)",,,NB
01:667:387,Touching History: The World Of Medieval Manuscripts,"(None, None)",,,NB
01:667:390,Independent Study,"(None, None)",,,NB
01:685:100,Introduction To The Modern Middle East,"(None, None)",,,NB
01:685:201,Islamic Civilization,"(None, None)",,,NB
01:685:208,Jewish History: Ancient And Medieval,"(None, None)",,,NB
01:685:225,Global Arabic,"(None, None)",,,NB
01:685:282,Israeli-Palestinian Conflict,"(None, None)",,,NB
01:685:306,Minorities In The Middle East,"(None, None)",,,NB
01:685:351,Contemp Pol Mid East,"(None, None)",,,NB
01:685:457,Islamic Law And Jurisprudence,"(None, None)",,,NB
01:685:480,Internship In Middle Eastern Studies,"(None, None)",,,NB
01:685:491,Indep Stdy&Research,"(None, None)",,,NB
01:685:497,Honors Thesis,"(None, None)",,,NB
01:694:215,Honors Introduction To Research In Molecular Biology,"(None, None)",,,NB
01:694:281,Soph Lab Research,"(None, None)",,,NB
01:694:316,"Honors Introduction To Molecular Biology, Biochemistry, Genetics Research","(None, None)",,,NB
01:694:381,Undergraduate Laboratory Research,"(None, None)",,,NB
01:694:383,Molecular Biology & Biochemistry Seminarcareers In Science,"(None, None)",,,NB
01:694:395,Biochemistry For Life Sciences,"(None, None)",,,NB
01:694:407,Biochemistry,"(None, None)",,,NB
01:694:411,Molecular Pathways,"(None, None)",,,NB
01:694:413,Chromatn&Epigenomics,"(None, None)",,,NB
01:694:421,Special Topics In Molecular Biology,"(None, None)",,,NB
01:694:481,Advanced Undergraduate Laboratory Research,"(None, None)",,,NB
01:694:495,Honors Lab Research,"(None, None)",,,NB
01:713:202,Introduction To Organizational Leadership,"(None, None)",,,NB
01:713:303,Intermediate Organizational Leadership,"(None, None)",,,NB
01:713:308,Leadership In A Diverse Workplace,"(None, None)",,,NB
01:713:495,Independent Study In Organizational Leadership,"(None, None)",,,NB
01:723:176,Elementary Persian I,"(None, None)",,,NB
01:723:276,Intermediate Persian I,"(None, None)",,,NB
01:723:376,Advanced Persian I,"(None, None)",,,NB
01:730:101,"Logic, Reasoning, And Persuasion","(None, None)",,,NB
01:730:103,Introduction To Philosophy,"(None, None)",,,NB
01:730:104,Introduction To Philosophy - Writing Intensive,"(None, None)",,,NB
01:730:105,Current Moral & Social Issues,"(None, None)",,,NB
01:730:107,Introduction To Ethics,"(None, None)",,,NB
01:730:109,Introduction To Formal Reasoning And    Decision Making,"(None, None)",,,NB
01:730:201,Introduction To Logic,"(None, None)",,,NB
01:730:215,Introduction To Metaphysics,"(None, None)",,,NB
01:730:218,Introduction To The Philosophy Of The   Mind,"(None, None)",,,NB
01:730:242,Ethics Of Artificial Intelligence       And Other Technology,"(None, None)",,,NB
01:730:248,Foundations Of Medical Ethics           And Policy,"(None, None)",,,NB
01:730:256,Rhymes And Reasons: Hip Hop And         Philosophy,"(None, None)",,,NB
01:730:265,Introduction To The Philosophy Of Religion,"(None, None)",,,NB
01:730:268,Introduction To Existentialism,"(None, None)",,,NB
01:730:295,Arete - Part 1,"(None, None)",,,NB
01:730:301,Socrates And Plato,"(None, None)",,,NB
01:730:304,Origin Medieval Phil,"(None, None)",,,NB
01:730:307,"Descartes, Locke, And The Seventeenth Century","(None, None)",,,NB
01:730:319,Phil Of Mathematics,"(None, None)",,,NB
01:730:320,Speech Acts,"(None, None)",,,NB
01:730:328,Phil Of Psychology,"(None, None)",,,NB
01:730:329,"Minds, Machines, And Persons","(None, None)",,,NB
01:730:342,Soc & Polit Philosop,"(None, None)",,,NB
01:730:344,"Marx,Nietzsche,Freud","(None, None)",,,NB
01:730:362,Phil Of Literature,"(None, None)",,,NB
01:730:366,"African, Latin American, And Native American Philosophy","(None, None)",,,NB
01:730:368,Hindu Philosophy,"(None, None)",,,NB
01:730:369,Buddhist Philosophy,"(None, None)",,,NB
01:730:371,Philosophies Of Death And Dying,"(None, None)",,,NB
01:730:393,Independent Study,"(None, None)",,,NB
01:730:409,Wittgenstein,"(None, None)",,,NB
01:730:416,Leibniz,"(None, None)",,,NB
01:730:424,Logic Of Decision,"(None, None)",,,NB
01:730:425,Philosophy Of Scienc,"(None, None)",,,NB
01:730:450,Tpc Moral Philosophy,"(None, None)",,,NB
01:730:493,Independent Study,"(None, None)",,,NB
01:730:495,Sen Honors Thesis,"(None, None)",,,NB
01:745:310,Isi,"(None, None)",,,NB
01:745:400,Macromolecules And Cellular Components,"(None, None)",,,NB
01:745:405,Microbiology & Immunology,"(None, None)",,,NB
01:745:406,Medical Ethics,"(None, None)",,,NB
01:745:407,Professionalism I,"(None, None)",,,NB
01:745:413,Anatomy,"(None, None)",,,NB
01:745:416,Cells & Tissues,"(None, None)",,,NB
01:750:109,Astronomy&Cosmology,"(None, None)",,,NB
01:750:110,Astronomy And Cosmology,"(None, None)",,,NB
01:750:115,Extended Analytic I,"(None, None)",,,NB
01:750:123,Analytical Physics I,"(None, None)",,,NB
01:750:155,Introduction To Research And Research Communities In Physics & Astronomy,"(None, None)",,,NB
01:750:161,Elements Of Physics,"(None, None)",,,NB
01:750:193,Physics For The Sciences,"(None, None)",,,NB
01:750:193,Physics For The Sciences,"(None, None)",,,NB
01:750:202,Extended Gen Physics Lab,"(None, None)",,,NB
01:750:202,Extended Gen Physics,"(None, None)",,,NB
01:750:203,General Physics,"(None, None)",,,NB
01:750:204,General Physics,"(None, None)",,,NB
01:750:205,General Physics Laboratory,"(None, None)",,,NB
01:750:206,General Physics Laboratory,"(None, None)",,,NB
01:750:227,Analytical Physics Ii,"(None, None)",,,NB
01:750:228,Analytical Physics Iib,"(None, None)",,,NB
01:750:229,Analytical Physics Ii Laboratory,"(None, None)",,,NB
01:750:230,Analytical Physics Ii Laboratory,"(None, None)",,,NB
01:750:271,Honors Physics I,"(None, None)",,,NB
01:750:273,Honors Physics Iii,"(None, None)",,,NB
01:750:275,Classical Physics Lab I,"(None, None)",,,NB
01:750:305,Modern Optics,"(None, None)",,,NB
01:750:313,Modern Physics,"(None, None)",,,NB
01:750:323,Advanced General Physics I,"(None, None)",,,NB
01:750:326,Introduction To Computer-Based Experimentation And Physics Computing,"(None, None)",,,NB
01:750:341,Principles Astrophys,"(None, None)",,,NB
01:750:345,Computational Astrophysics,"(None, None)",,,NB
01:750:361,Quantum & Atomic Phy,"(None, None)",,,NB
01:750:368,Physics And Astronomy Junior Seminar,"(None, None)",,,NB
01:750:381,Mechanics,"(None, None)",,,NB
01:750:385,Electromagnetism,"(None, None)",,,NB
01:750:387,Exp Modern Physics,"(None, None)",,,NB
01:750:418,Nuclei And Particles,"(None, None)",,,NB
01:750:444,Intro To Cosmology,"(None, None)",,,NB
01:750:451,Physical Oceanograph,"(None, None)",,,NB
01:750:464,Mathematical Physics,"(None, None)",,,NB
01:750:487,Special Topics In Physics,"(None, None)",,,NB
01:750:491,Research In Physics,"(None, None)",,,NB
01:750:493,Independ Study Phys,"(None, None)",,,NB
01:750:495,Honors In Physics,"(None, None)",,,NB
01:750:497,Honors In Astronomy,"(None, None)",,,NB
01:787:101,Elementary Polish I,"(None, None)",,,NB
01:787:201,Intermediate Polish I,"(None, None)",,,NB
01:790:101,Nature Of Politics,"(None, None)",,,NB
01:790:102,Introduction To International Relations,"(None, None)",,,NB
01:790:103,Comparative Politics,"(None, None)",,,NB
01:790:104,American Government,"(None, None)",,,NB
01:790:106,Law & Politics,"(None, None)",,,NB
01:790:250,Topics In Poli Sci,"(None, None)",,,NB
01:790:252,Topics In Poli Sci,"(None, None)",,,NB
01:790:253,Topics In Poli Sci,"(None, None)",,,NB
01:790:280,Politics Of Disability,"(None, None)",,,NB
01:790:292,Introduction To Critical Intelligence Studies,"(None, None)",,,NB
01:790:300,Intro Polsci Methods,"(None, None)",,,NB
01:790:301,Politcl Campaigning,"(None, None)",,,NB
01:790:303,Elections And Participation,"(None, None)",,,NB
01:790:305,Public Policy Formation,"(None, None)",,,NB
01:790:306,American Presidency,"(None, None)",,,NB
01:790:307,Survey Research,"(None, None)",,,NB
01:790:310,Uk Politics,"(None, None)",,,NB
01:790:312,Change In Latin America,"(None, None)",,,NB
01:790:316,"Politics, Literature, And The Arts","(None, None)",,,NB
01:790:318,Comparative Public Policy,"(None, None)",,,NB
01:790:319,Issues Of American Foreign Policy,"(None, None)",,,NB
01:790:322,Strategy In International Relations,"(None, None)",,,NB
01:790:323,Defense Policy,"(None, None)",,,NB
01:790:324,Causes Of War,"(None, None)",,,NB
01:790:327,International Political Economy,"(None, None)",,,NB
01:790:330,Interest Groups,"(None, None)",,,NB
01:790:334,Pol Black America,"(None, None)",,,NB
01:790:340,Law & Society,"(None, None)",,,NB
01:790:341,Public Administration: American Bureaucracy,"(None, None)",,,NB
01:790:343,Terrorism And Counterterrorism,"(None, None)",,,NB
01:790:345,Mass Media And Us Democracy,"(None, None)",,,NB
01:790:349,Topics In Amer Pol,"(None, None)",,,NB
01:790:351,Contemporary Politics In The Middle East,"(None, None)",,,NB
01:790:353,Ending Civil War And Building Peace,"(None, None)",,,NB
01:790:356,Organizing For Social Change,"(None, None)",,,NB
01:790:357,Comparative Political Economy,"(None, None)",,,NB
01:790:361,Internatl Organizatn,"(None, None)",,,NB
01:790:364,Global Order,"(None, None)",,,NB
01:790:365,Gender & Pol Theory,"(None, None)",,,NB
01:790:366,Politics Of National Security,"(None, None)",,,NB
01:790:371,West Trad/Plato-Mach,"(None, None)",,,NB
01:790:373,"Legal Philosophy, Rights, And Justice","(None, None)",,,NB
01:790:375,American Political Thought To 1865,"(None, None)",,,NB
01:790:381,Politics Of Russia And Eastern Europe,"(None, None)",,,NB
01:790:386,Pol Change China,"(None, None)",,,NB
01:790:389,Topics In Comparative Politics,"(None, None)",,,NB
01:790:391,Data Science For Political Science,"(None, None)",,,NB
01:790:395,Political Science Seminar,"(None, None)",,,NB
01:790:400,Independent Study,"(None, None)",,,NB
01:790:401,American Constitutional Law,"(None, None)",,,NB
01:790:404,Pol Criminal Justice,"(None, None)",,,NB
01:790:409,Courts & Public Pol,"(None, None)",,,NB
01:790:411,Adv Studies Law Ii,"(None, None)",,,NB
01:790:457,Islamic Law&Jurispru,"(None, None)",,,NB
01:790:472,Religion & Politics,"(None, None)",,,NB
01:790:481,Internship In Political Science,"(None, None)",,,NB
01:790:483,Critical Thinking And Analytic Writing For The Intelligence Community,"(None, None)",,,NB
01:790:484,Research In Critical Intelligence Studies,"(None, None)",,,NB
01:790:485,Intelligence Studies Internship,"(None, None)",,,NB
01:790:488,Field Int In Pol Sci,"(None, None)",,,NB
01:790:495,Honors In Poli Sci,"(None, None)",,,NB
01:810:101,Elementary Portuguese,"(None, None)",,,NB
01:810:102,Elementary Portuguese,"(None, None)",,,NB
01:810:130,Intermediate Portuguese,"(None, None)",,,NB
01:810:135,Portuguese For Speakers Of Spanish,"(None, None)",,,NB
01:810:160,Port In The World,"(None, None)",,,NB
01:810:201,Portuguese For Native Speakers,"(None, None)",,,NB
01:810:203,Portuguese Conversation And Composition,"(None, None)",,,NB
01:810:309,Africa And Portugal: An Introduction,"(None, None)",,,NB
01:810:497,Honors In Portuguese,"(None, None)",,,NB
01:830:101,General Psychology,"(None, None)",,,NB
01:830:123,Soul Beliefs: Causes And Consequences,"(None, None)",,,NB
01:830:200,Quantitative Methods In Psychology,"(None, None)",,,NB
01:830:202,Data Science & Addiction Reserach Methods 1,"(None, None)",,,NB
01:830:220,Psychological Themes And Theories In Modern Films,"(None, None)",,,NB
01:830:230,Media Psychology,"(None, None)",,,NB
01:830:260,Topics In Psychology,"(None, None)",,,NB
01:830:271,Principles Of Developmental Psychology,"(None, None)",,,NB
01:830:301,Sensation And Perception,"(None, None)",,,NB
01:830:302,Sensation And Perception Laboratory,"(None, None)",,,NB
01:830:305,Cognition,"(None, None)",,,NB
01:830:306,Cognition Laboratory,"(None, None)",,,NB
01:830:310,Neuropsychology,"(None, None)",,,NB
01:830:311,Learning Processes,"(None, None)",,,NB
01:830:312,Learning Processes Laboratory,"(None, None)",,,NB
01:830:313,Physiological Psychology,"(None, None)",,,NB
01:830:314,Physio Psych Lab,"(None, None)",,,NB
01:830:320,Forensic Psychology,"(None, None)",,,NB
01:830:321,Social Psychology,"(None, None)",,,NB
01:830:322,Survey Soc Psych Lab,"(None, None)",,,NB
01:830:325,The Religious Mind,"(None, None)",,,NB
01:830:331,Infant And Child Development,"(None, None)",,,NB
01:830:332,Infant And Child Development Laboratory,"(None, None)",,,NB
01:830:333,Adolescent Development,"(None, None)",,,NB
01:830:335,Adult Development And Aging,"(None, None)",,,NB
01:830:338,Personality Psychology,"(None, None)",,,NB
01:830:340,Psychopathology,"(None, None)",,,NB
01:830:341,Psychopathology Laboratory,"(None, None)",,,NB
01:830:346,Atyp Dev Chldhd&Adol,"(None, None)",,,NB
01:830:351,Psychology Of Language,"(None, None)",,,NB
01:830:375,Stereotyping And Prejudice,"(None, None)",,,NB
01:830:377,Health Psychology,"(None, None)",,,NB
01:830:379,Psychological Stress And Coping,"(None, None)",,,NB
01:830:382,Fieldwork: Autism,"(None, None)",,,NB
01:830:383,Fieldwork:Autism Ii,"(None, None)",,,NB
01:830:388,Fieldwork:Child Development,"(None, None)",,,NB
01:830:389,Fieldwork:Child Development Ii,"(None, None)",,,NB
01:830:391,Research In Psychology,"(None, None)",,,NB
01:830:392,Research In Psychology,"(None, None)",,,NB
01:830:394,Commun Psy&Mntl Hlth,"(None, None)",,,NB
01:830:398,Cesep,"(None, None)",,,NB
01:830:399,Independent Study,"(None, None)",,,NB
01:830:401,Adv Tpcs Hum Cognitn,"(None, None)",,,NB
01:830:402,Advanced Topics In Human Cognition,"(None, None)",,,NB
01:830:411,Advanced Topics In Psychobiology,"(None, None)",,,NB
01:830:415,History Of Brain Science,"(None, None)",,,NB
01:830:421,Advanced Topics In Social Psychology,"(None, None)",,,NB
01:830:431,Advanced Topics In Developmental Psychology,"(None, None)",,,NB
01:830:450,Therapeutic Relationships               In Clinical Practice,"(None, None)",,,NB
01:830:453,Systems Of Psychotherapy,"(None, None)",,,NB
01:830:463,Behvr Pharmacology,"(None, None)",,,NB
01:830:470,History Of Psychology,"(None, None)",,,NB
01:830:490,Honors Research Seminar,"(None, None)",,,NB
01:830:493,Intrnshp Appl&Cm Psy,"(None, None)",,,NB
01:830:494,Intrnshp Appl&Cm Psy,"(None, None)",,,NB
01:830:495,Advanced Research In Psychology,"(None, None)",,,NB
01:830:496,Advanced Research In Psychology,"(None, None)",,,NB
01:830:497,Honors Rsch In Psych,"(None, None)",,,NB
01:830:498,Honors Rsch In Psych,"(None, None)",,,NB
01:840:101,"Gods, Myths, And Religions In A Secular Age","(None, None)",,,NB
01:840:105,Religions Now: 21St Century Controversies,"(None, None)",,,NB
01:840:112,Death And Afterlife,"(None, None)",,,NB
01:840:118,Sports And Religion,"(None, None)",,,NB
01:840:123,The Bible In Aramaic,"(None, None)",,,NB
01:840:201,Introduction To The Bible I: Torah And  Prose,"(None, None)",,,NB
01:840:211,Religion In Asia,"(None, None)",,,NB
01:840:212,Religions Of The Western World,"(None, None)",,,NB
01:840:305,Apocalypse Now?  Religious Movements    And The End Of Time,"(None, None)",,,NB
01:840:306,Minorities In The Middle East,"(None, None)",,,NB
01:840:307,Jesus,"(None, None)",,,NB
01:840:311,"Christians, The Other, And Violence","(None, None)",,,NB
01:840:314,Origins Of Western Morality,"(None, None)",,,NB
01:840:316,20Th Century Evangelicalism In The U.S.,"(None, None)",,,NB
01:840:319,Religion In American History,"(None, None)",,,NB
01:840:331,Myth And Religion: From                 Gilgamesh To White Nationalism,"(None, None)",,,NB
01:840:351,Women And Gender In Western Religions,"(None, None)",,,NB
01:840:358,Bhagavad Gita,"(None, None)",,,NB
01:840:368,Hindu Philosophy,"(None, None)",,,NB
01:840:369,Buddhist Philosophy,"(None, None)",,,NB
01:840:370,"Buddhism, Society And Politics In South East Asia","(None, None)",,,NB
01:840:372,Islamic Mystical Literature,"(None, None)",,,NB
01:840:378,Jainism,"(None, None)",,,NB
01:840:388,Touching History: The World Of Medieval Manuscripts,"(None, None)",,,NB
01:840:393,Tpc Stdy Of Religion,"(None, None)",,,NB
01:840:401,Seminar Old Test Lit,"(None, None)",,,NB
01:840:497,Honors In Religion,"(None, None)",,,NB
01:860:101,Elementary Russian I,"(None, None)",,,NB
01:860:111,Russian Conversation I,"(None, None)",,,NB
01:860:201,Intermediate Russian I,"(None, None)",,,NB
01:860:207,Elementary Russian For Russian Speakers,"(None, None)",,,NB
01:860:211,Russian Conversation I,"(None, None)",,,NB
01:860:260,Introduction To 20Th Century Russian Literature,"(None, None)",,,NB
01:860:301,Advanced Russian I,"(None, None)",,,NB
01:860:311,Advanced Russian Grammar Review I,"(None, None)",,,NB
01:860:326,Russian And East European Science       Fiction,"(None, None)",,,NB
01:860:348,"Stories Of Russian Life: Memory,        Invention, Experience","(None, None)",,,NB
01:860:407,Contemporary Russian Culture:           The Thaw,"(None, None)",,,NB
01:860:411,Advanced Russian Grammar I,"(None, None)",,,NB
01:860:488,Brothers Karamazov,"(None, None)",,,NB
01:860:493,Independent Study In Russian,"(None, None)",,,NB
01:860:496,Honors Russian,"(None, None)",,,NB
01:888:215,Introduction To Transgender Studies,"(None, None)",,,NB
01:888:290,Intro Crit Sex Stdys,"(None, None)",,,NB
01:888:321,Queer Contexts,"(None, None)",,,NB
01:904:201,Intro To Soc Justice,"(None, None)",,,NB
01:904:309,Justice And Violence,"(None, None)",,,NB
01:904:399,Soc Just Internship,"(None, None)",,,NB
01:904:493,Social Justice Independent Study,"(None, None)",,,NB
01:920:101,Intro To Sociology,"(None, None)",,,NB
01:920:103,Sociological Analysis Of Social Problems,"(None, None)",,,NB
01:920:108,Minority Groups In American Society,"(None, None)",,,NB
01:920:210,Soc Of Med&Hlth Care,"(None, None)",,,NB
01:920:215,Six Great Reads: Explorations In        Sociology,"(None, None)",,,NB
01:920:220,Sociology Of Culture,"(None, None)",,,NB
01:920:222,Criminology,"(None, None)",,,NB
01:920:225,Immigration And Society,"(None, None)",,,NB
01:920:227,Population & Society,"(None, None)",,,NB
01:920:241,Technology & Society,"(None, None)",,,NB
01:920:272,Sociology Of The Family,"(None, None)",,,NB
01:920:304,Sociology Of Deviant Behavior,"(None, None)",,,NB
01:920:306,Race Relations,"(None, None)",,,NB
01:920:307,Mental Illness,"(None, None)",,,NB
01:920:311,Social Research Methods,"(None, None)",,,NB
01:920:312,Introduction To Statistics In Sociology,"(None, None)",,,NB
01:920:316,Social Theory,"(None, None)",,,NB
01:920:335,Health & Inequality,"(None, None)",,,NB
01:920:349,Law And Society,"(None, None)",,,NB
01:920:360,Computational Social Science,"(None, None)",,,NB
01:920:395,Research In Sociology,"(None, None)",,,NB
01:920:482,Intrnshp&Field Work,"(None, None)",,,NB
01:920:492,Advanced Seminar In Sociology,"(None, None)",,,NB
01:920:497,Honors In Sociology,"(None, None)",,,NB
01:940:101,Elementary Spanish,"(None, None)",,,NB
01:940:102,Elementary Spanish,"(None, None)",,,NB
01:940:121,Spanish Review And Continuation,"(None, None)",,,NB
01:940:131,Intermediate Spanish,"(None, None)",,,NB
01:940:132,Intermediate Spanish,"(None, None)",,,NB
01:940:139,Spanish For Heritage Speakers I,"(None, None)",,,NB
01:940:160,Spanish In The World,"(None, None)",,,NB
01:940:203,Spanish Conversation And Composition,"(None, None)",,,NB
01:940:204,Culture And Composition,"(None, None)",,,NB
01:940:205,Spanish For The Health Professions,"(None, None)",,,NB
01:940:215,Introduction To Hispanic Literature,"(None, None)",,,NB
01:940:230,Food For Thought: Food Culture In The   Spanish Speaking World,"(None, None)",,,NB
01:940:261,Introduction To The Study Of Language,"(None, None)",,,NB
01:940:270,Introduction To Caribbean Literature,"(None, None)",,,NB
01:940:289,Culture Of Ladino: An Introduction,"(None, None)",,,NB
01:940:313,Advanced Spanish Conversation And Contemporary Issues,"(None, None)",,,NB
01:940:325,Advanced Grammar And Composition,"(None, None)",,,NB
01:940:326,Advanced Composition And Introduction Totranslation Studies,"(None, None)",,,NB
01:940:363,Bilingualism In The Spanish-Speaking World,"(None, None)",,,NB
01:940:390,Topics In Hispanic Literature And Culture,"(None, None)",,,NB
01:940:401,Advanced Translation I,"(None, None)",,,NB
01:940:404,Civilization Of Spanish America,"(None, None)",,,NB
01:940:475,Interpreting,"(None, None)",,,NB
01:940:479,"Translation, Media, And Technology","(None, None)",,,NB
01:940:493,Independent Study,"(None, None)",,,NB
01:940:497,Honors In Spanish,"(None, None)",,,NB
01:955:111,Foundations In Sport Management,"(None, None)",,,NB
01:955:203,Sport And The Law,"(None, None)",,,NB
01:955:204,Risk Management In Sport,"(None, None)",,,NB
01:955:226,Coaching Theory And Technique,"(None, None)",,,NB
01:955:276,Basic Statistics For Sport Management,"(None, None)",,,NB
01:955:305,Sport Sociology,"(None, None)",,,NB
01:955:306,Finance In Sport,"(None, None)",,,NB
01:955:311,Sport Marketing,"(None, None)",,,NB
01:955:312,Facilities Planning And Design,"(None, None)",,,NB
01:955:330,Organizational Behavior In Sport Management,"(None, None)",,,NB
01:955:332,Leadership Development In Sport,"(None, None)",,,NB
01:955:333,Event Management And Sponsorship In Sport,"(None, None)",,,NB
01:955:342,Independent Study In Sport Management,"(None, None)",,,NB
01:955:355,Professional Presentations In Sport Management,"(None, None)",,,NB
01:955:406,Administration In Sport Management,"(None, None)",,,NB
01:955:485,Sport Informatics And Analytics,"(None, None)",,,NB
01:955:490,Internship In Sport Management,"(None, None)",,,NB
01:955:497,Internship 2 In Sport Management,"(None, None)",,,NB
01:959:301,Stdy Abroad Argentin,"(None, None)",,,NB
01:959:305,Stdy Abroad Australi,"(None, None)",,,NB
01:959:311,Stdy Abroad Belgium,"(None, None)",,,NB
01:959:322,Stdy Abroad Chile,"(None, None)",,,NB
01:959:325,Stdy Abroad China,"(None, None)",,,NB
01:959:328,Study Abroad In Costa Rica,"(None, None)",,,NB
01:959:334,Stdy Abroad Egypt,"(None, None)",,,NB
01:959:335,Stdy Abroad Egypt,"(None, None)",,,NB
01:959:337,Stdy Abroad France,"(None, None)",,,NB
01:959:340,Stdy Abroad Germany,"(None, None)",,,NB
01:959:343,Stdy Abroad Ghana,"(None, None)",,,NB
01:959:355,Stdy Abroad Ireland,"(None, None)",,,NB
01:959:361,Stdy Abroad Italy,"(None, None)",,,NB
01:959:364,Stdy Abroad Japan,"(None, None)",,,NB
01:959:379,Stdy Abroad Netherln,"(None, None)",,,NB
01:959:383,Stdy Abroad N Zealnd,"(None, None)",,,NB
01:959:385,Stdy Abroad Norway,"(None, None)",,,NB
01:959:394,Independent Study,"(None, None)",,,NB
01:959:397,Study Abroad In Uruguay,"(None, None)",,,NB
01:959:400,Stdy Abroad So.Afric,"(None, None)",,,NB
01:959:402,Ciee Open Campus La,"(None, None)",,,NB
01:959:403,Stdy Abroad So.Korea,"(None, None)",,,NB
01:959:406,Stdy Abroad Spain,"(None, None)",,,NB
01:959:415,Stdy Abroad U Kingdm,"(None, None)",,,NB
01:959:418,Stdy Abroad Euroschl,"(None, None)",,,NB
01:959:425,Supplemental Language Study,"(None, None)",,,NB
01:959:431,Study Abroad In The Czech Republic,"(None, None)",,,NB
01:959:434,Study Abroad In Hong Kong,"(None, None)",,,NB
01:959:440,Study Abroad In Sweden,"(None, None)",,,NB
01:959:447,Study Abroad In Taiwan,"(None, None)",,,NB
01:960:211,Statistics I,"(None, None)",,,NB
01:960:212,Statistics Ii,"(None, None)",,,NB
01:960:285,Intro Stat For Bus,"(None, None)",,,NB
01:960:291,Statistical Inference For Data Science,"(None, None)",,,NB
01:960:295,Data Management And Wrangling With R,"(None, None)",,,NB
01:960:365,Introduction To Bayesian Data Analysis,"(None, None)",,,NB
01:960:379,Basic Prob And Stat,"(None, None)",,,NB
01:960:381,Theory Of Probabilty,"(None, None)",,,NB
01:960:384,Intrmd Stat Analysis,"(None, None)",,,NB
01:960:390,Intro Comp Stat,"(None, None)",,,NB
01:960:401,Basic Statistics For Research,"(None, None)",,,NB
01:960:463,Regression Methods,"(None, None)",,,NB
01:960:484,Basic Applied Statistics,"(None, None)",,,NB
01:960:486,Applied Statistical Learning,"(None, None)",,,NB
01:960:495,Independent Studies In Statistics,"(None, None)",,,NB
01:973:190,Elementary Turkish I,"(None, None)",,,NB
01:973:290,Intermediate Turkish I,"(None, None)",,,NB
01:973:390,Advanced Turkish I,"(None, None)",,,NB
01:988:101,"Introduction To Gender, Race, And Sexuality","(None, None)",,,NB
01:988:130,Knowledge & Power: Issues In Women'S Leadership,"(None, None)",,,NB
01:988:200,"Gender, Digital Media & Social Curation","(None, None)",,,NB
01:988:201,Feminist Practices,"(None, None)",,,NB
01:988:202,"Gender, Culture, And Representation","(None, None)",,,NB
01:988:206,The Black Woman,"(None, None)",,,NB
01:988:235,"Dynamics Of Class, Race, And Sex","(None, None)",,,NB
01:988:255,"Gender,Art & Society","(None, None)",,,NB
01:988:257,Gender And The Body:Representation And  Pornography,"(None, None)",,,NB
01:988:258,"Gender, Race And Contemporary Art","(None, None)",,,NB
01:988:259,Queer Visual Culture,"(None, None)",,,NB
01:988:294,Topics In Women'S And Gender Studies,"(None, None)",,,NB
01:988:295,Reilly Bold Professional Development,"(None, None)",,,NB
01:988:296,Topics In Women'S And Gender Studies,"(None, None)",,,NB
01:988:299,Mentorng Ldrshp Prac,"(None, None)",,,NB
01:988:301,Feminist Theory In Historical Perspective,"(None, None)",,,NB
01:988:303,Global Feminism,"(None, None)",,,NB
01:988:307,Women And The Law,"(None, None)",,,NB
01:988:308,Women In Middle East,"(None, None)",,,NB
01:988:317,Gender And Consumption,"(None, None)",,,NB
01:988:344,Women & Leadership,"(None, None)",,,NB
01:988:349,Women And Gender In Western Religions,"(None, None)",,,NB
01:988:396,Topics In Womens And Gender Studies,"(None, None)",,,NB
01:988:408,"Gender, Economic Inequality &  Health","(None, None)",,,NB
01:988:409,"Gender, Environmental Justice & Health&","(None, None)",,,NB
01:988:414,Care Work,"(None, None)",,,NB
01:988:422,Intshp Wom&Gndr Stdy,"(None, None)",,,NB
01:988:430,Iwl Socl Action Proj,"(None, None)",,,NB
01:988:431,"Gender, Nation, And Literature In South Asia","(None, None)",,,NB
01:988:447,Gender-Based Violence As Human Rights   Violations: Histories And Trajectories,"(None, None)",,,NB
01:988:491,Sem Wom/Gendr Studys,"(None, None)",,,NB
01:988:493,Independent Study,"(None, None)",,,NB
01:988:497,Hnrs Res Wom/Gndr St,"(None, None)",,,NB
01:991:110,Explorations In Languages And Cultures Course 1,"(None, None)",,,NB
01:991:111,Explorations In Languages And           Cultures,"(None, None)",,,NB
01:991:121,Languages & Cultures Across The Curriculum Module-Level 1,"(None, None)",,,NB
01:991:160,Activities In Languages And Cultures: Exchanges,"(None, None)",,,NB
01:991:170,Language Activities In Service,"(None, None)",,,NB
03:690:121,Found Of Us Airforce,"(None, None)",,,NB
03:690:171,Mil Leadership Lab,"(None, None)",,,NB
03:690:221,Evolutn Air&Space Pr,"(None, None)",,,NB
03:690:271,Mil Leadership Lab,"(None, None)",,,NB
03:690:323,Airforce Leadrshp St,"(None, None)",,,NB
03:690:371,Mil Leadership Lab,"(None, None)",,,NB
03:690:423,Natl Secur Affairs,"(None, None)",,,NB
03:690:471,Mil Leadership Lab,"(None, None)",,,NB
03:691:101,Found Of Officership,"(None, None)",,,NB
03:691:103,Mil Leadership Lab,"(None, None)",,,NB
03:691:201,Indiv Ldrshp Studies,"(None, None)",,,NB
03:691:203,Mil Leadership Lab,"(None, None)",,,NB
03:691:391,Mil Ldr & Prob Solve,"(None, None)",,,NB
03:691:393,Mil Leadership Lab,"(None, None)",,,NB
03:691:491,Mil Ldrshp & Mgmnt,"(None, None)",,,NB
03:691:493,Mil Leadership Lab,"(None, None)",,,NB
03:691:495,Independent Study,"(None, None)",,,NB
03:691:496,Mil Leadership Lab,"(None, None)",,,NB
03:692:101,Introduction To Naval Science,"(None, None)",,,NB
03:692:103,Naval Science Laboratory,"(None, None)",,,NB
03:692:201,Leadership And Management,"(None, None)",,,NB
03:692:301,Naval Ship Systems I: Engineering,"(None, None)",,,NB
03:692:401,Naval Operations And Seamanship,"(None, None)",,,NB
04:189:101,Introduction To Communication And Information Processes,"(None, None)",,,NB
04:189:102,Introduction To Media,"(None, None)",,,NB
04:189:103,Information Technology And Informatics,"(None, None)",,,NB
04:189:151,Virtual Team Dynamics,"(None, None)",,,NB
04:189:152,Structure Of Information,"(None, None)",,,NB
04:189:196,Sc&I Learn Cmty I,"(None, None)",,,NB
04:189:210,Disinformation Detox,"(None, None)",,,NB
04:189:220,Data In Context,"(None, None)",,,NB
04:189:251,Strategic Presentation,"(None, None)",,,NB
04:189:351,Leadership In Digital Contexts,"(None, None)",,,NB
04:189:352,Self And Society In Virtual Contexts,"(None, None)",,,NB
04:189:353,Digital Technology And Disruptive Change,"(None, None)",,,NB
04:189:451,"Capstone In Digital Communication, Information, And Media","(None, None)",,,NB
04:192:120,Beginning American Sign Language I,"(None, None)",,,NB
04:192:200,Communication Theory,"(None, None)",,,NB
04:192:201,Communication In Relationships,"(None, None)",,,NB
04:192:300,Communication Research,"(None, None)",,,NB
04:192:315,Professional Writing And Communication,"(None, None)",,,NB
04:192:346,Intercultural Communication,"(None, None)",,,NB
04:192:354,Communication And Technology,"(None, None)",,,NB
04:192:355,Interpersonal Communication,"(None, None)",,,NB
04:192:356,Group Communication,"(None, None)",,,NB
04:192:357,Organizational Communication,"(None, None)",,,NB
04:192:359,Persuasive Communication,"(None, None)",,,NB
04:192:360,Principles Of Interviewing,"(None, None)",,,NB
04:192:365,Principles Of Public Relations,"(None, None)",,,NB
04:192:369,Internship In Communication,"(None, None)",,,NB
04:192:373,Topics In Communication Ii,"(None, None)",,,NB
04:192:380,Public Speaking,"(None, None)",,,NB
04:192:383,Advanced Public Speaking,"(None, None)",,,NB
04:192:390,Approaches To Leadership,"(None, None)",,,NB
04:192:403,Conflict Negotiation And Resolution,"(None, None)",,,NB
04:192:407,Health Communication,"(None, None)",,,NB
04:192:408,Health Message And Campaign Design,"(None, None)",,,NB
04:192:409,Public Relations Management,"(None, None)",,,NB
04:192:410,"Media, Marketing And Communication","(None, None)",,,NB
04:192:411,Crisis Communication& Public Information,"(None, None)",,,NB
04:192:432,"Communication, Technology, And Society","(None, None)",,,NB
04:192:444,"Language, Behavior, And Communication","(None, None)",,,NB
04:192:458,Leadership In Groups And Organizations,"(None, None)",,,NB
04:192:466,Audience And Market Analysis,"(None, None)",,,NB
04:192:470,Research In Communication,"(None, None)",,,NB
04:192:472,Topics In Communication V,"(None, None)",,,NB
04:192:491,Independent Study In Communication,"(None, None)",,,NB
04:192:492,Independent Study In Communication,"(None, None)",,,NB
04:192:493,Senior Thesis Independent Project I,"(None, None)",,,NB
04:192:494,Senior Thesis Independent Project Ii,"(None, None)",,,NB
04:192:495,Applied Study In Communication,"(None, None)",,,NB
04:547:200,Social Informatics,"(None, None)",,,NB
04:547:201,Information Technology Fundamentals,"(None, None)",,,NB
04:547:202,Object-Oriented Programming,"(None, None)",,,NB
04:547:210,Designing Human-Centered Technology Solutions,"(None, None)",,,NB
04:547:215,Social Impacts Of Video Gaming,"(None, None)",,,NB
04:547:220,Retrieving And Evaluating Electronic Information,"(None, None)",,,NB
04:547:221,Fundamentals Of Data Curation And Management,"(None, None)",,,NB
04:547:230,Human Computer Interaction,"(None, None)",,,NB
04:547:300,Application Of Research In Information Technology,"(None, None)",,,NB
04:547:310,Strategic Leadership In Informatics,"(None, None)",,,NB
04:547:311,Information Technology Project          Management,"(None, None)",,,NB
04:547:315,Game Design Methodology,"(None, None)",,,NB
04:547:320,Web Design,"(None, None)",,,NB
04:547:321,Information Visualization,"(None, None)",,,NB
04:547:330,Database Technologies,"(None, None)",,,NB
04:547:331,Networking And Internet Technology,"(None, None)",,,NB
04:547:332,Advanced Web Design Technologies,"(None, None)",,,NB
04:547:400,Information Privacy,"(None, None)",,,NB
04:547:432,Information Security,"(None, None)",,,NB
04:547:445,Certification Practicum In Iti,"(None, None)",,,NB
04:547:450,Iti Internship,"(None, None)",,,NB
04:547:460,Independent Study,"(None, None)",,,NB
04:547:465,Honors Thesis,"(None, None)",,,NB
04:547:475,Topics In Information Technology,"(None, None)",,,NB
04:567:200,Writing For Media,"(None, None)",,,NB
04:567:201,Media Ethics And Law,"(None, None)",,,NB
04:567:202,Creating Content,"(None, None)",,,NB
04:567:205,Digital News Writing And Reporting,"(None, None)",,,NB
04:567:206,Broadcast News Writing & Reporting,"(None, None)",,,NB
04:567:210,Media Management And Strategy,"(None, None)",,,NB
04:567:211,Exploring New Media,"(None, None)",,,NB
04:567:212,Digital Media Production,"(None, None)",,,NB
04:567:215,"Gender, Race, And Class In The Media","(None, None)",,,NB
04:567:216,Digital Media And Society,"(None, None)",,,NB
04:567:250,Children And Media,"(None, None)",,,NB
04:567:274,Consumer Media Culture,"(None, None)",,,NB
04:567:275,Social Media And Participatory Culture,"(None, None)",,,NB
04:567:327,Public Information And Public Relations,"(None, None)",,,NB
04:567:333,Media And Popular Culture,"(None, None)",,,NB
04:567:373,Editing For Multimedia,"(None, None)",,,NB
04:567:374,Media Field Production,"(None, None)",,,NB
04:567:375,Television Reporting,"(None, None)",,,NB
04:567:380,Media & Social Change,"(None, None)",,,NB
04:567:393,Internship 3 Credits,"(None, None)",,,NB
04:567:394,Internship 6 Credits,"(None, None)",,,NB
04:567:430,Sports Writing And Reporting,"(None, None)",,,NB
04:567:434,Critical Issues In Sports Media,"(None, None)",,,NB
04:567:452,Topics In Journalism And Media Studies Viii,"(None, None)",,,NB
04:567:460,"News, Entertainment And Politics","(None, None)",,,NB
04:567:465,Documentary Filmmaking And Storytelling,"(None, None)",,,NB
04:567:475,International Media,"(None, None)",,,NB
04:567:488,Independent Study In Media Studies,"(None, None)",,,NB
04:567:489,Independent Study Journalism,"(None, None)",,,NB
04:567:490,Senior Thesis/Project,"(None, None)",,,NB
04:567:495,Investigative And In Depth Reporting,"(None, None)",,,NB
05:300:200,Introduction To Education,"(None, None)",,,NB
05:300:201,Introduction To Education Field Based Lab - Clinical Experience,"(None, None)",,,NB
05:300:202,Introduction To How People Learn,"(None, None)",,,NB
05:300:303,"Why We Play:  Play In Children, Adults, And Animals","(None, None)",,,NB
05:300:305,Creativity And Imagination In Educational Settings,"(None, None)",,,NB
05:300:306,Educational Psychology: Principles Of Classroom Learning,"(None, None)",,,NB
05:300:307,Human Development: Birth Through The Transition To Adulthood,"(None, None)",,,NB
05:300:308,Introduction To Motivation,"(None, None)",,,NB
05:300:313,Tutoring: Theory And Practice,"(None, None)",,,NB
05:300:317,The Teacher In Film: Analyzing What Hollywood Has Been Telling Us About Teaching,"(None, None)",,,NB
05:300:320,Introduction To Gifted Education,"(None, None)",,,NB
05:300:322,The Social And Emotional Needs Of Giftedlearners,"(None, None)",,,NB
05:300:341,High School Mathematics Content: Teaching And Assessment,"(None, None)",,,NB
05:300:350,Education And Computers,"(None, None)",,,NB
05:300:368,Introduction To Teaching In Urban       Schools And Communities,"(None, None)",,,NB
05:300:383,Introduction To Special Education,"(None, None)",,,NB
05:300:401,Individual And Cultural Diversity,"(None, None)",,,NB
05:300:402,Special Topics In Education,"(None, None)",,,NB
05:300:403,Independent Study In Education,"(None, None)",,,NB
05:300:407,Community-Based English Language Education Leadership,"(None, None)",,,NB
05:300:408,Community-Based Language Learning Internship,"(None, None)",,,NB
05:300:410,Learning And Development In A Social Context: Preschool And Primary Years,"(None, None)",,,NB
05:300:422,"Teaching Literacy: Readers, Texts, And Assessments","(None, None)",,,NB
05:300:434,Foundations Of Language,"(None, None)",,,NB
05:300:465,"Sexuality, Gender, And The Politics Of Us Public Schooling","(None, None)",,,NB
05:300:480,Literacy For Students With Disabilities,"(None, None)",,,NB
07:080:101,The Creative Process Online,"(None, None)",,,NB
07:080:131,Art Appreciation Online,"(None, None)",,,NB
07:080:132,Art Appreciation Short Course Online,"(None, None)",,,NB
07:080:215,Graphic Design For Everybody Online,"(None, None)",,,NB
07:080:233,Multimedia Art: Sound Online,"(None, None)",,,NB
07:080:300,Media Art And You: Creativity In The Digital Age,"(None, None)",,,NB
07:080:301,Net.Art: Visual And Contemporary Arts Practices In Online Media,"(None, None)",,,NB
07:080:331,Digital Photo Image Online,"(None, None)",,,NB
07:080:345,Global Perspectives In Design History,"(None, None)",,,NB
07:081:105,Visual Arts Practice,"(None, None)",,,NB
07:081:108,Online Safety Training,"(None, None)",,,NB
07:081:121,Drawing Fundamentals,"(None, None)",,,NB
07:081:122,4-D Fundamentals,"(None, None)",,,NB
07:081:200,Seminar In Contemporary Art-A,"(None, None)",,,NB
07:081:221,Drawing 1-A,"(None, None)",,,NB
07:081:222,Drawing I - B,"(None, None)",,,NB
07:081:227,Visual Thinking A,"(None, None)",,,NB
07:081:231,Design I-A,"(None, None)",,,NB
07:081:243,Media I-A,"(None, None)",,,NB
07:081:244,Media I - B,"(None, None)",,,NB
07:081:251,Painting I-A,"(None, None)",,,NB
07:081:261,Photography I-A,"(None, None)",,,NB
07:081:262,Photography I - B,"(None, None)",,,NB
07:081:271,Print I-A,"(None, None)",,,NB
07:081:272,Print I - B,"(None, None)",,,NB
07:081:281,Sculpture I-A,"(None, None)",,,NB
07:081:310,Seminar In Photography,"(None, None)",,,NB
07:081:313,Ceramic Sculpture,"(None, None)",,,NB
07:081:321,Drawing 2A:Drawing & Animation,"(None, None)",,,NB
07:081:322,Drawing Ii - B,"(None, None)",,,NB
07:081:328,Design Seminar A: Histories,"(None, None)",,,NB
07:081:329,Seminar In Painting,"(None, None)",,,NB
07:081:331,Design Ii-A,"(None, None)",,,NB
07:081:343,Media Ii - A,"(None, None)",,,NB
07:081:351,Painting Ii-A,"(None, None)",,,NB
07:081:361,Photography Ii-A,"(None, None)",,,NB
07:081:372,Print Ii - B,"(None, None)",,,NB
07:081:381,Sculpture Ii-A,"(None, None)",,,NB
07:081:383,Design Seminar B: Contemporary          Practice,"(None, None)",,,NB
07:081:385,Design Practicum,"(None, None)",,,NB
07:081:391,Independent Study,"(None, None)",,,NB
07:081:421,Drawing Iii - A,"(None, None)",,,NB
07:081:423,Graphic Narratives,"(None, None)",,,NB
07:081:431,Design Iii-A,"(None, None)",,,NB
07:081:441,Media Iii - A,"(None, None)",,,NB
07:081:446,Adv Media - A,"(None, None)",,,NB
07:081:451,Painting Iii-A,"(None, None)",,,NB
07:081:453,Adv Painting-A,"(None, None)",,,NB
07:081:455,Adv Drawing - A,"(None, None)",,,NB
07:081:461,Photography Iii-A,"(None, None)",,,NB
07:081:463,Adv Photography-A,"(None, None)",,,NB
07:081:471,Print Iii-A,"(None, None)",,,NB
07:081:481,Sculpture Iii-A,"(None, None)",,,NB
07:081:483,Adv Sculpture - A,"(None, None)",,,NB
07:081:491,Independent Study,"(None, None)",,,NB
07:081:493,Internships,"(None, None)",,,NB
07:081:497,Thesis & Exhib - A,"(None, None)",,,NB
07:203:101,Dance Appreciation,"(None, None)",,,NB
07:203:110,Street & Club Dances,"(None, None)",,,NB
07:203:115,Intro Dance Studies,"(None, None)",,,NB
07:203:123,Modern Dance 1,"(None, None)",,,NB
07:203:124,Modern Dance 2,"(None, None)",,,NB
07:203:131,Dance Appreciation Online,"(None, None)",,,NB
07:203:132,History Of Broadway Dance Online,"(None, None)",,,NB
07:203:149,Ballet 1,"(None, None)",,,NB
07:203:150,Ballet 2,"(None, None)",,,NB
07:203:155,Jazz Dance 1,"(None, None)",,,NB
07:203:160,Pilates Mat,"(None, None)",,,NB
07:203:170,Yoga For Wellness 1,"(None, None)",,,NB
07:203:200,Fieldwork: Integrated Dance,"(None, None)",,,NB
07:203:329,Dance Composition,"(None, None)",,,NB
07:206:100,Dance Assembly,"(None, None)",,,NB
07:206:101,Concussion Awareness,"(None, None)",,,NB
07:206:130,African Diasporic Movement Practices 1,"(None, None)",,,NB
07:206:131,Classical/Traditional Movement Practices 1,"(None, None)",,,NB
07:206:132,Contemporary Fusion Movement Practices 1,"(None, None)",,,NB
07:206:133,Somatic Movement Practices 1,"(None, None)",,,NB
07:206:142,Improvisation 1,"(None, None)",,,NB
07:206:161,Production Study,"(None, None)",,,NB
07:206:235,Choreography 1,"(None, None)",,,NB
07:206:237,Dance Production,"(None, None)",,,NB
07:206:243,Improvisation 2,"(None, None)",,,NB
07:206:260,African Diasporic Movement Practices 3,"(None, None)",,,NB
07:206:261,Classical/Traditional Movement Practices 3,"(None, None)",,,NB
07:206:262,Contemporary Fusion Movement Practices 3,"(None, None)",,,NB
07:206:263,Somatic Movement Practices 3,"(None, None)",,,NB
07:206:274,Jazz Dance 2,"(None, None)",,,NB
07:206:277,Lat & Hisp Dance,"(None, None)",,,NB
07:206:319,Sound And Movement,"(None, None)",,,NB
07:206:334,Choreography 2,"(None, None)",,,NB
07:206:344,Video For Dance,"(None, None)",,,NB
07:206:346,African Diaspor Mp5,"(None, None)",,,NB
07:206:347,Class./Trad. Mp5,"(None, None)",,,NB
07:206:348,Contemp. Fusion Mp5,"(None, None)",,,NB
07:206:360,University Danceworks,"(None, None)",,,NB
07:206:363,Dance Repertory,"(None, None)",,,NB
07:206:402,Laban/Bartenieff For Dance And Dance Education,"(None, None)",,,NB
07:206:410,Neuroscience In Partnership With Dance,"(None, None)",,,NB
07:206:416,African Diasporic Movement              Practices 7,"(None, None)",,,NB
07:206:417,Classical/Traditional Movement          Practices 7,"(None, None)",,,NB
07:206:418,Contemporary Fusion Movement Practices  7,"(None, None)",,,NB
07:206:432,Dance History Online: 1900 - Present,"(None, None)",,,NB
07:206:447,Indpndt Study Dance,"(None, None)",,,NB
07:206:450,Dance Capstone 1,"(None, None)",,,NB
07:206:495,Special Topics/Dance,"(None, None)",,,NB
07:207:405,Motor Learning And Control For Dance Pedagogy,"(None, None)",,,NB
07:207:406,Introduction To Curriculum Design And Assessment For Dance,"(None, None)",,,NB
07:207:495,Special Topics In Dance Education,"(None, None)",,,NB
07:211:110,Introduction To Filmmaking For          Non-Majors,"(None, None)",,,NB
07:211:120,Cinematography,"(None, None)",,,NB
07:211:130,Introduction To Video Editing: Styles And Techniques Online,"(None, None)",,,NB
07:211:191,Introduction To Film Production I,"(None, None)",,,NB
07:211:201,Principles Of Cinematography Online,"(None, None)",,,NB
07:211:205,Screenwriting (Short Film),"(None, None)",,,NB
07:211:217,Horror Film Production,"(None, None)",,,NB
07:211:220,Advanced Cinematography,"(None, None)",,,NB
07:211:230,Animation 2D,"(None, None)",,,NB
07:211:231,Image Post Production,"(None, None)",,,NB
07:211:240,The Art Of Documentary Filmmaking Online,"(None, None)",,,NB
07:211:245,Audio Storytelling For Filmmakers,"(None, None)",,,NB
07:211:250,Creating Movie Vfx: History And         Techniques Online,"(None, None)",,,NB
07:211:291,Intermediate Film Production I,"(None, None)",,,NB
07:211:294,Introduction To Producing,"(None, None)",,,NB
07:211:301,Sensory Ethnography,"(None, None)",,,NB
07:211:306,Short-Film Serial Filmmaking,"(None, None)",,,NB
07:211:307,Ai And New Technologies In Filmmaking,"(None, None)",,,NB
07:211:337,Experimental Filmmaking,"(None, None)",,,NB
07:211:391,Advanced Directing I,"(None, None)",,,NB
07:211:491,Thesis Film I,"(None, None)",,,NB
07:211:495,Independent Study In Film,"(None, None)",,,NB
07:211:498,Filmmaking Internship,"(None, None)",,,NB
07:557:121,Introduction To Environmental Arts,"(None, None)",,,NB
07:557:131,Introduction To Arts In Health,"(None, None)",,,NB
07:557:141,Intro To Arts Leadership,"(None, None)",,,NB
07:557:151,Mason Gross Interplay,"(None, None)",,,NB
07:557:201,Practical Finance For Entrepreneurial Creatives Online,"(None, None)",,,NB
07:700:100,Fundamentals Of Aural Skils,"(None, None)",,,NB
07:700:101,Intro To Music I,"(None, None)",,,NB
07:700:102,Intro To Music History,"(None, None)",,,NB
07:700:103,Introduction To Music Theory,"(None, None)",,,NB
07:700:104,Intro Music Analysis,"(None, None)",,,NB
07:700:105,Making Music With Computers:Introductionto Digital Audio,"(None, None)",,,NB
07:700:110,Introduction To Music Education,"(None, None)",,,NB
07:700:121,Theory I,"(None, None)",,,NB
07:700:122,Theory Ii,"(None, None)",,,NB
07:700:123,Aural Skills I,"(None, None)",,,NB
07:700:124,Aural Skills Ii,"(None, None)",,,NB
07:700:127,Introduction To Music Technology,"(None, None)",,,NB
07:700:128,Music Education Technology,"(None, None)",,,NB
07:700:131,Introduction To Music Online,"(None, None)",,,NB
07:700:133,Introduction To Music Theory Online,"(None, None)",,,NB
07:700:134,Introduction To Music Theory Short Course Online,"(None, None)",,,NB
07:700:135,Making Music With Computers: Introduction To Digital Audio Online,"(None, None)",,,NB
07:700:153,Advanced Aural Skills I,"(None, None)",,,NB
07:700:173,Studies In Composition I,"(None, None)",,,NB
07:700:203,Musics And Cultures,"(None, None)",,,NB
07:700:221,Theory Iii,"(None, None)",,,NB
07:700:222,Theory Iv,"(None, None)",,,NB
07:700:223,Aural Skills Iii,"(None, None)",,,NB
07:700:224,Aural Skills Iv,"(None, None)",,,NB
07:700:230,Music In Film Online,"(None, None)",,,NB
07:700:234,From Jazz To Hip-Hop: African American Music In The 20Th Century Online,"(None, None)",,,NB
07:700:235,Rock 'N' Roll: Origins To Present Online,"(None, None)",,,NB
07:700:239,Rock 'N' Roll: Origins To Present Onlineshort Course,"(None, None)",,,NB
07:700:241,Studies Of World Music Online,"(None, None)",,,NB
07:700:242,Country Music: A Cultural And Musical Survey Online,"(None, None)",,,NB
07:700:244,Global Popular Music Online,"(None, None)",,,NB
07:700:247,Jazz Theory I,"(None, None)",,,NB
07:700:251,"Keyboard Harmonization I, Jazz Majors","(None, None)",,,NB
07:700:253,Advanced Aural Skills Iii,"(None, None)",,,NB
07:700:261,Vocal Techniques For School Choirs,"(None, None)",,,NB
07:700:263,String Instrumental Techniques,"(None, None)",,,NB
07:700:265,Woodwind Instrumental Techniques,"(None, None)",,,NB
07:700:267,Brass Instrumental Techniques,"(None, None)",,,NB
07:700:269,Percussion Instrumental Techniques,"(None, None)",,,NB
07:700:284,Digital Audio Composition,"(None, None)",,,NB
07:700:290,Rock &Roll As A Cultural Phenomenon:Histand Dev Of Rock And Related Genres,"(None, None)",,,NB
07:700:291,Jazz Appreciation,"(None, None)",,,NB
07:700:292,Introduction To Musics Of The World,"(None, None)",,,NB
07:700:293,Introduction To Jazz Improvisation Online,"(None, None)",,,NB
07:700:301,European Music Before 1800,"(None, None)",,,NB
07:700:303,Principles Of Ethnomusicology,"(None, None)",,,NB
07:700:305,Evolution Of Jazz,"(None, None)",,,NB
07:700:310,The Business Of Music Online,"(None, None)",,,NB
07:700:311,Art Of Production I: Recording,"(None, None)",,,NB
07:700:329,Conducting I,"(None, None)",,,NB
07:700:341,Orchestration I,"(None, None)",,,NB
07:700:347,Jazz Composition & Arranging,"(None, None)",,,NB
07:700:353,Advanced Aural Skills V,"(None, None)",,,NB
07:700:371,Jazz Improvisation - I,"(None, None)",,,NB
07:700:375,Composition Practicum,"(None, None)",,,NB
07:700:386,Instrumental Music Education Lab,"(None, None)",,,NB
07:700:389,Inclusive Learning In Music Online,"(None, None)",,,NB
07:700:390,Music Internship,"(None, None)",,,NB
07:700:419,Special Studies In Music History,"(None, None)",,,NB
07:700:459,Sound In Video Games,"(None, None)",,,NB
07:700:468,Scoring For Film And Visual Media,"(None, None)",,,NB
07:700:469,Interactive Computer Music,"(None, None)",,,NB
07:700:471,Jazz Improvisation Ii,"(None, None)",,,NB
07:700:483,Clinical Prac 1 Sem,"(None, None)",,,NB
07:700:484,Clinical Practice 1,"(None, None)",,,NB
07:700:493,Independent Study,"(None, None)",,,NB
07:700:495,Senior Hon Tutorial,"(None, None)",,,NB
07:701:100,Music Assembly,"(None, None)",,,NB
07:701:103,Instrumental/Voice Lesson,"(None, None)",,,NB
07:701:159,Classroom Piano I,"(None, None)",,,NB
07:701:175,Applied Major Lesson,"(None, None)",,,NB
07:701:201,Diction For Singers,"(None, None)",,,NB
07:701:203,Secondary Lesson,"(None, None)",,,NB
07:701:204,Secondary Lesson Alternative,"(None, None)",,,NB
07:701:211,Diction For Performance Majors:         English And Latin,"(None, None)",,,NB
07:701:251,Bassoon Reed Making,"(None, None)",,,NB
07:701:252,Oboe Reed Making,"(None, None)",,,NB
07:701:259,Classroom Piano Iii,"(None, None)",,,NB
07:701:275,Applied Major Lesson,"(None, None)",,,NB
07:701:301,Helix,"(None, None)",,,NB
07:701:302,Vocal Coaching,"(None, None)",,,NB
07:701:303,Ru Baroque Players,"(None, None)",,,NB
07:701:304,Rutgers Interactive Music Ensemble,"(None, None)",,,NB
07:701:307,Rutgers New Music Workshop,"(None, None)",,,NB
07:701:308,Rutgers University String Ensemble,"(None, None)",,,NB
07:701:311,Rutgers University Kirkpatrick Choir,"(None, None)",,,NB
07:701:319,Chamber Jazz Ensemble,"(None, None)",,,NB
07:701:321,Jazz Ensemble,"(None, None)",,,NB
07:701:323,Orchestra,"(None, None)",,,NB
07:701:325,Percussion Ensemble,"(None, None)",,,NB
07:701:327,Brass Ensemble,"(None, None)",,,NB
07:701:331,Jazz Ensemble Ii,"(None, None)",,,NB
07:701:333,Voorhees Choir,"(None, None)",,,NB
07:701:337,Marching Band,"(None, None)",,,NB
07:701:339,University Choir,"(None, None)",,,NB
07:701:341,Symphonic Winds,"(None, None)",,,NB
07:701:343,Symphony Band,"(None, None)",,,NB
07:701:345,Orchestra/Wind Ensemble,"(None, None)",,,NB
07:701:347,Rutgers Sinfonia,"(None, None)",,,NB
07:701:349,Glee Club,"(None, None)",,,NB
07:701:351,Art Of Accompanying,"(None, None)",,,NB
07:701:353,Opera Workshop,"(None, None)",,,NB
07:701:355,Chamber Music,"(None, None)",,,NB
07:701:358,Stage Movement For Singers,"(None, None)",,,NB
07:701:375,Applied Major Lesson,"(None, None)",,,NB
07:701:400,Senior Recital,"(None, None)",,,NB
07:701:401,Introduction To Instrumental Studio Teaching,"(None, None)",,,NB
07:701:402,Vocal Coaching,"(None, None)",,,NB
07:701:403,String Pedagogy,"(None, None)",,,NB
07:701:405,Brass Pedagogy,"(None, None)",,,NB
07:701:407,Contemporary Performance Seminar,"(None, None)",,,NB
07:701:409,Composition Senior Recital,"(None, None)",,,NB
07:701:413,Percussion Pedagogy,"(None, None)",,,NB
07:701:415,Voice Pedagogy,"(None, None)",,,NB
07:701:419,Jazz Chamber Ensemble,"(None, None)",,,NB
07:701:451,Studio Accompaniment,"(None, None)",,,NB
07:701:455,Chamber Music,"(None, None)",,,NB
07:701:459,Keyboard Pedagogy I - Beginner Instruction,"(None, None)",,,NB
07:701:475,Applied Major Lesson,"(None, None)",,,NB
07:701:499,Individual Study,"(None, None)",,,NB
07:965:200,Introduction To Drama In Education,"(None, None)",,,NB
07:965:210,Intro To Medical Acting,"(None, None)",,,NB
07:965:211,Theater Appreciation,"(None, None)",,,NB
07:965:214,Black Theatr History,"(None, None)",,,NB
07:965:215,Introduction To Theatrical Design & Production,"(None, None)",,,NB
07:965:222,Performing Solo From Stage To Youtube,"(None, None)",,,NB
07:965:225,Building Characters: From Animation Voiceover To Live-Action,"(None, None)",,,NB
07:965:230,Theater Appreciation Online,"(None, None)",,,NB
07:965:231,Theater History I Online,"(None, None)",,,NB
07:965:232,Theater History Ii Online,"(None, None)",,,NB
07:965:234,Introduction To Dramaturgy,"(None, None)",,,NB
07:965:235,Social Drama: Reentry As A Rite Of      Passage,"(None, None)",,,NB
07:965:240,"Staging Resistance: Theater, Protest, And Social Change","(None, None)",,,NB
07:965:271,Basic Acting,"(None, None)",,,NB
07:965:272,Intermediate Acting,"(None, None)",,,NB
07:965:281,Theater Histories,"(None, None)",,,NB
07:965:290,Broadway: The American Musical,"(None, None)",,,NB
07:965:302,Theater For Social Development,"(None, None)",,,NB
07:965:310,Intro To Cost Des,"(None, None)",,,NB
07:965:314,Playwriting,"(None, None)",,,NB
07:965:326,Performance Workshop,"(None, None)",,,NB
07:965:350,Improvisation And Theater Games,"(None, None)",,,NB
07:965:359,Independent Study In Theater,"(None, None)",,,NB
07:965:365,Thtr Mgt: Producing,"(None, None)",,,NB
07:965:370,Global Theater I,"(None, None)",,,NB
07:965:390,Theater Horizons,"(None, None)",,,NB
07:965:396,Internship In Theater,"(None, None)",,,NB
07:965:410,Theater Criticism,"(None, None)",,,NB
07:965:421,Directing,"(None, None)",,,NB
07:965:471,Creative Drama For Children,"(None, None)",,,NB
07:965:473,Clothing & Culture I,"(None, None)",,,NB
07:965:490,Advanced Lightlab,"(None, None)",,,NB
07:965:491,Project Work,"(None, None)",,,NB
07:965:493,Honors Project: Theater,"(None, None)",,,NB
07:965:496,Sem Topics Theater,"(None, None)",,,NB
07:966:101,London Program Preparation For Bfa      Actors,"(None, None)",,,NB
07:966:102,London Program Preparation For Bfa      Design And Costume Technology,"(None, None)",,,NB
07:966:103,Theater Colloquium,"(None, None)",,,NB
07:966:105,Drawing Practice: Theater Design,"(None, None)",,,NB
07:966:106,Costume Rendering,"(None, None)",,,NB
07:966:123,Theater Practice,"(None, None)",,,NB
07:966:124,Theater Practice For Designers & Actors,"(None, None)",,,NB
07:966:202,Stage Management Forum,"(None, None)",,,NB
07:966:215,Introduction To Theatre Design,"(None, None)",,,NB
07:966:219,Introduction To Scenic Construction,"(None, None)",,,NB
07:966:220,Advanced Scenic Construction,"(None, None)",,,NB
07:966:222,Auditioning Ii,"(None, None)",,,NB
07:966:225,Voice & Speech I,"(None, None)",,,NB
07:966:230,Movement I,"(None, None)",,,NB
07:966:232,History Of Costume & Decor I,"(None, None)",,,NB
07:966:234,Introduction To Dramaturgy,"(None, None)",,,NB
07:966:242,Introduction To Lighting Design,"(None, None)",,,NB
07:966:245,History Of Architecture & Decorative Arts,"(None, None)",,,NB
07:966:249,Introduction To Stage Management,"(None, None)",,,NB
07:966:251,Fundamentals Of Drafting,"(None, None)",,,NB
07:966:271,Acting I,"(None, None)",,,NB
07:966:274,Costume Construction,"(None, None)",,,NB
07:966:277,Production Properties,"(None, None)",,,NB
07:966:280,Introduction To Production Management,"(None, None)",,,NB
07:966:309,Costume Design I,"(None, None)",,,NB
07:966:311,Draping I,"(None, None)",,,NB
07:966:313,Set Design I,"(None, None)",,,NB
07:966:315,Principles Of Stage Management,"(None, None)",,,NB
07:966:317,On Camera Iii,"(None, None)",,,NB
07:966:323,Theater Practice,"(None, None)",,,NB
07:966:325,Acting Ii:Technique,"(None, None)",,,NB
07:966:327,Voice & Speech Ii,"(None, None)",,,NB
07:966:331,Devising I,"(None, None)",,,NB
07:966:333,Movement Ii,"(None, None)",,,NB
07:966:336,Costume Design Ii,"(None, None)",,,NB
07:966:343,Fundamentals Of Lighting Design,"(None, None)",,,NB
07:966:350,Fabric Dyeing,"(None, None)",,,NB
07:966:356,Accent Ii,"(None, None)",,,NB
07:966:357,"Portfolio Preparation, Part I","(None, None)",,,NB
07:966:358,Portfolio Prep,"(None, None)",,,NB
07:966:371,Script Analysis For Actors,"(None, None)",,,NB
07:966:403,Voice & Speech Iii,"(None, None)",,,NB
07:966:405,Acting Iii,"(None, None)",,,NB
07:966:408,Projection Design Ii: Studio Skills,"(None, None)",,,NB
07:966:411,Production Techniques,"(None, None)",,,NB
07:966:415,Drafting And Teahter Technicque Advanced,"(None, None)",,,NB
07:966:417,British Art & Cultur,"(None, None)",,,NB
07:966:419,Topic In Technical Direction,"(None, None)",,,NB
07:966:422,Production & Design Projects,"(None, None)",,,NB
07:966:424,Stage Management Project,"(None, None)",,,NB
07:966:427,Shakespeares Plays In Context,"(None, None)",,,NB
07:966:430,Performance,"(None, None)",,,NB
07:966:431,Movement Iii,"(None, None)",,,NB
07:966:443,Advanced Stage Management,"(None, None)",,,NB
07:966:456,Costume History Sem,"(None, None)",,,NB
07:966:460,Scene Design Ii,"(None, None)",,,NB
07:966:464,Lighting Design I,"(None, None)",,,NB
07:966:471,Computer Illustration Ii,"(None, None)",,,NB
07:966:473,Production Practicum,"(None, None)",,,NB
07:966:483,Advanced Topics In Stage Management,"(None, None)",,,NB
07:966:488,Computer Drafting Ii,"(None, None)",,,NB
07:966:490,Acting In London,"(None, None)",,,NB
07:966:492,Theater Design In London,"(None, None)",,,NB
08:001:897,Ft Study On Campus,"(None, None)",,,NB
08:001:898,Ft Study Off Campus,"(None, None)",,,NB
08:001:899,Ft Study Matric Cont,"(None, None)",,,NB
08:081:521,Visiting Artists,"(None, None)",,,NB
08:081:525,Research Projects I,"(None, None)",,,NB
08:081:625,Research Projects Ii,"(None, None)",,,NB
08:081:675,Graduate Seminar A,"(None, None)",,,NB
08:081:676,Graduate Seminar B,"(None, None)",,,NB
08:081:677,Graduate Seminar C,"(None, None)",,,NB
08:081:678,Graduate Seminar D,"(None, None)",,,NB
08:081:679,Graduate Seminar E,"(None, None)",,,NB
08:081:703,Thesis,"(None, None)",,,NB
08:081:877,Teaching Mentorship,"(None, None)",,,NB
08:207:557,Graduate Independent Study,"(None, None)",,,NB
08:208:516,Research Methods: Epistemological Inquiry For Design Practice,"(None, None)",,,NB
08:208:517,Design Studio I,"(None, None)",,,NB
08:208:518,Design Seminar 1: Theory,"(None, None)",,,NB
08:208:616,Thesis I,"(None, None)",,,NB
08:208:617,Design Studio 3: Collaboration,"(None, None)",,,NB
08:208:619,Publication And Display,"(None, None)",,,NB
08:702:506,Writing About Music,"(None, None)",,,NB
08:702:510,Special Study In Piano Repertoire - Ii,"(None, None)",,,NB
08:702:513,Historical And Philosophical Foundationsof Music Education Online,"(None, None)",,,NB
08:702:525,Seminar In Jazz Arrangement & Composition,"(None, None)",,,NB
08:702:532,Theory I: Modal Composition & Tonal Analysis For Graduate Music Educators Online,"(None, None)",,,NB
08:702:552,Orchestral Literature,"(None, None)",,,NB
08:702:572,Seminar In Choral Literature For Music Educators,"(None, None)",,,NB
08:702:577,Graduate Music History For Music Education Online,"(None, None)",,,NB
08:702:597,Practical Training In Teaching,"(None, None)",,,NB
08:702:598,Practical Training In Performance,"(None, None)",,,NB
08:702:600,Research In Music,"(None, None)",,,NB
08:702:603,Lecture-Recital Advisement,"(None, None)",,,NB
08:702:702,Dissertation: Research In Music Education,"(None, None)",,,NB
08:702:800,Matriculation Continued Online,"(None, None)",,,NB
08:703:501,Helix:  New Music Ensemble,"(None, None)",,,NB
08:703:503,Ru Baroque Players,"(None, None)",,,NB
08:703:505,Studio Accompaniment,"(None, None)",,,NB
08:703:506,Grad Perform Lesson,"(None, None)",,,NB
08:703:511,Rutgers University Kirkpatrick Choir,"(None, None)",,,NB
08:703:519,Chamber Jazz Ensemble,"(None, None)",,,NB
08:703:521,Jazz Ensemble,"(None, None)",,,NB
08:703:523,Orchestra,"(None, None)",,,NB
08:703:525,Percussion Ensemble,"(None, None)",,,NB
08:703:527,Brass Ensemble,"(None, None)",,,NB
08:703:530,Vocal Coaching,"(None, None)",,,NB
08:703:531,Jazz Ensemble Ii,"(None, None)",,,NB
08:703:533,Voorhees Choir,"(None, None)",,,NB
08:703:535,Graduate Diction: English,"(None, None)",,,NB
08:703:539,University Choir,"(None, None)",,,NB
08:703:541,Symphonic Winds,"(None, None)",,,NB
08:703:543,Symphony Band,"(None, None)",,,NB
08:703:545,Orchestra/Wind Ensemble,"(None, None)",,,NB
08:703:547,Rutgers Sinfonia,"(None, None)",,,NB
08:703:549,Glee Club,"(None, None)",,,NB
08:703:551,Bassoon Reed Making,"(None, None)",,,NB
08:703:552,Oboe Reed Making,"(None, None)",,,NB
08:703:553,Opera Workshop,"(None, None)",,,NB
08:703:555,Chamber Ensemble,"(None, None)",,,NB
08:703:558,Stage Movement For Singers,"(None, None)",,,NB
08:703:563,Conducting,"(None, None)",,,NB
08:703:575,Applied Major Lesson,"(None, None)",,,NB
08:703:599,Independent Study,"(None, None)",,,NB
08:703:600,Advanced Perf Study,"(None, None)",,,NB
08:703:601,Performance Project,"(None, None)",,,NB
08:703:619,Jazz Chamber Ensemble,"(None, None)",,,NB
08:703:631,Castleton Artist Training Seminar,"(None, None)",,,NB
08:703:655,Chamber Ensemble,"(None, None)",,,NB
08:703:663,Conducting,"(None, None)",,,NB
08:703:675,Applied Major Lesson,"(None, None)",,,NB
08:703:699,Independent Study,"(None, None)",,,NB
08:703:701,Performance Study Dma & Ad,"(None, None)",,,NB
08:703:703,Conducting Study Dma & Ad,"(None, None)",,,NB
08:703:800,Matriculation Contd,"(None, None)",,,NB
08:703:811,Graduate Fellowship,"(None, None)",,,NB
08:703:844,Research Internship,"(None, None)",,,NB
08:703:877,Teaching Assistantship,"(None, None)",,,NB
09:910:220,Intro To Social Work And Social Justice,"(None, None)",,,NB
09:910:221,Special Topics,"(None, None)",,,NB
09:910:222,Confronting Anti-Black Racism,"(None, None)",,,NB
09:910:224,Housing Inequality & Homelessness,"(None, None)",,,NB
09:910:227,Global Social Work,"(None, None)",,,NB
09:910:228,"Understanding Violence:Causes, Consequences & Social Justice Change","(None, None)",,,NB
09:910:311,Social Welfare Policy And Services,"(None, None)",,,NB
09:910:402,Hum Behav&Soc Env I,"(None, None)",,,NB
09:910:406,Diverstiy And Oppression,"(None, None)",,,NB
09:910:472,Generalist Practicei,"(None, None)",,,NB
09:910:476,Child Wel Ser & Prac,"(None, None)",,,NB
10:501:203,Introduction To Health Administration,"(None, None)",,,NB
10:501:207,Accounting For Supervisors And Managers,"(None, None)",,,NB
10:501:260,Health Care Systems,"(None, None)",,,NB
10:501:298,Independent Study,"(None, None)",,,NB
10:501:310,Administrative Issues For Healthcare Managers,"(None, None)",,,NB
10:501:332,Health Economics,"(None, None)",,,NB
10:501:333,Financial Aspects Of Health Administration,"(None, None)",,,NB
10:501:335,Population Health,"(None, None)",,,NB
10:501:354,Marketing For Health Care Organizations,"(None, None)",,,NB
10:501:356,Health Care Ethics & Law,"(None, None)",,,NB
10:501:360,Managing Public Sector Organizations,"(None, None)",,,NB
10:501:362,Nonprofit Management,"(None, None)",,,NB
10:501:363,Health System Operations,"(None, None)",,,NB
10:501:395,Data Management In Healthcare,"(None, None)",,,NB
10:501:410,Information Systems For Health Care,"(None, None)",,,NB
10:501:412,Introduction To Lean For Health Care,"(None, None)",,,NB
10:501:420,Human Resource Manangement In Health    Administration,"(None, None)",,,NB
10:501:425,Financial Management,"(None, None)",,,NB
10:501:485,Independent Study,"(None, None)",,,NB
10:501:497,Bloustein Honors Research In Health Administration,"(None, None)",,,NB
10:652:201,Foundations Of Medical Ethics And Policy,"(None, None)",,,NB
10:652:298,Independent Study,"(None, None)",,,NB
10:652:299,Independent Study,"(None, None)",,,NB
10:762:200,Introduction To City & Regional         Planning,"(None, None)",,,NB
10:762:298,Independent Study,"(None, None)",,,NB
10:762:312,Principles Of Housing,"(None, None)",,,NB
10:762:313,Public & Nonprofit Sector Finance,"(None, None)",,,NB
10:762:326,Sustainable Food & Energy Policy,"(None, None)",,,NB
10:762:332,Public Transportation & Equitable       Accessibility,"(None, None)",,,NB
10:762:346,Program Evaluation,"(None, None)",,,NB
10:762:360,Managing Public Sector Organizations,"(None, None)",,,NB
10:762:362,Nonprofit Management,"(None, None)",,,NB
10:762:371,"Glob, Sust & Justice","(None, None)",,,NB
10:762:400,Internship,"(None, None)",,,NB
10:762:461,Voorhees Research,"(None, None)",,,NB
10:762:485,Independent Study,"(None, None)",,,NB
10:762:497,Bloustein Honors Research In Planning & Public Policy,"(None, None)",,,NB
10:775:101,"Introduction To Planning, Policy And Health","(None, None)",,,NB
10:775:205,Basic Statistical Methods,"(None, None)",,,NB
10:775:295,Exploratory Internship,"(None, None)",,,NB
10:775:300,Writing For Professionals,"(None, None)",,,NB
10:775:395,Research Methods,"(None, None)",,,NB
10:775:450,Leadership Seminar,"(None, None)",,,NB
10:775:499,Professional Practice Internship,"(None, None)",,,NB
10:832:201,Principles Of Public Health,"(None, None)",,,NB
10:832:212,Health Disparities,"(None, None)",,,NB
10:832:235,Urban Health,"(None, None)",,,NB
10:832:240,Global Health Perspectives,"(None, None)",,,NB
10:832:241,Principles Of Health Education,"(None, None)",,,NB
10:832:242,Principles Of Health & Wellness,"(None, None)",,,NB
10:832:243,Wellness Community,"(None, None)",,,NB
10:832:252,Health & Social Justice,"(None, None)",,,NB
10:832:253,"Lesbian, Gay, Bisexual, Transgender     And Queer Public Health","(None, None)",,,NB
10:832:254,Health & Cancer Term,"(None, None)",,,NB
10:832:255,"Bullying, Violence & Society","(None, None)",,,NB
10:832:260,Health Care Systems,"(None, None)",,,NB
10:832:262,Peer Ed Advocacy,"(None, None)",,,NB
10:832:298,Independent Study,"(None, None)",,,NB
10:832:321,Environmental & Occupational Health,"(None, None)",,,NB
10:832:326,Sustainable Food & Energy Policy,"(None, None)",,,NB
10:832:332,Health Economics,"(None, None)",,,NB
10:832:334,Public Health Management,"(None, None)",,,NB
10:832:335,Epidemiology,"(None, None)",,,NB
10:832:336,Info Systems For Ph,"(None, None)",,,NB
10:832:337,Population Health And Urbanization,"(None, None)",,,NB
10:832:338,Health & Public Policy,"(None, None)",,,NB
10:832:339,Public Health Literature,"(None, None)",,,NB
10:832:341,Public Health & Aging,"(None, None)",,,NB
10:832:343,Public Health & Disability,"(None, None)",,,NB
10:832:345,Health Program Development,"(None, None)",,,NB
10:832:350,"Drugs, Culture & Society","(None, None)",,,NB
10:832:351,Addictions Policy,"(None, None)",,,NB
10:832:356,Public Health Law & Ethics,"(None, None)",,,NB
10:832:362,Nonprofit Management,"(None, None)",,,NB
10:832:363,Lgbtqia+ Policy,"(None, None)",,,NB
10:832:394,Data Visualization & Storytelling,"(None, None)",,,NB
10:832:401,Public Health Preparedness I,"(None, None)",,,NB
10:832:404,Emerging Infectious Diseases,"(None, None)",,,NB
10:832:405,Cancer And Society,"(None, None)",,,NB
10:832:406,Cancer Surveilance I,"(None, None)",,,NB
10:832:414,Culture & Health,"(None, None)",,,NB
10:832:415,Women And Health,"(None, None)",,,NB
10:832:416,Mental Health And Society,"(None, None)",,,NB
10:832:485,Independent Study,"(None, None)",,,NB
10:832:497,Bloustein Honors Research In Public Health,"(None, None)",,,NB
10:833:210,Principles Of Public Policy,"(None, None)",,,NB
10:833:215,"Writing, Reasoning & Public Policy","(None, None)",,,NB
10:833:220,Public Economic Policy,"(None, None)",,,NB
10:833:298,Independent Study,"(None, None)",,,NB
10:833:313,Public & Nonprofit Sector Finance,"(None, None)",,,NB
10:833:325,Education Policy & Social Justice,"(None, None)",,,NB
10:833:326,Sustainable Food & Energy Policy,"(None, None)",,,NB
10:833:328,Legislative Policy Making,"(None, None)",,,NB
10:833:329,Managing Crisis & Chaos,"(None, None)",,,NB
10:833:331,U.S. Social Policy,"(None, None)",,,NB
10:833:338,Health And Public Policy,"(None, None)",,,NB
10:833:340,Aging And Public Policy,"(None, None)",,,NB
10:833:346,Program Evaluation,"(None, None)",,,NB
10:833:351,Addictions Policy,"(None, None)",,,NB
10:833:353,Disability Policy & Law,"(None, None)",,,NB
10:833:360,Managing Public Sector Organizations,"(None, None)",,,NB
10:833:362,Nonprofit Management,"(None, None)",,,NB
10:833:363,Lgbtqia+ Policy,"(None, None)",,,NB
10:833:367,"Media, Democracy, And Public Policy","(None, None)",,,NB
10:833:394,Data Visualization & Storytelling,"(None, None)",,,NB
10:833:485,Independent Study,"(None, None)",,,NB
10:833:497,Bloustein Honors Research In Public Policy,"(None, None)",,,NB
10:843:209,Introduction To Public Administration,"(None, None)",,,NB
10:843:313,Public & Nonprofit Sector Finance,"(None, None)",,,NB
10:843:329,Managing Crisis & Chaos,"(None, None)",,,NB
10:843:360,Managing Public Sector Organizations,"(None, None)",,,NB
10:843:362,Nonprofit Management,"(None, None)",,,NB
10:971:200,Introduction To City & Regional         Planning,"(None, None)",,,NB
10:971:201,Introduction To Urban Planning And Design,"(None, None)",,,NB
10:971:202,Designing Healthy Cities,"(None, None)",,,NB
10:971:250,Introduction To Gis,"(None, None)",,,NB
10:971:298,Independent Study,"(None, None)",,,NB
10:971:312,Principles Of Housing,"(None, None)",,,NB
10:971:313,Public & Nonprofit Sector Finance,"(None, None)",,,NB
10:971:314,Graphic Communication For Planners,"(None, None)",,,NB
10:971:315,Fundamentals Of Urban Planning And Design,"(None, None)",,,NB
10:971:316,Introduction To Site Planning And Urban Design,"(None, None)",,,NB
10:971:318,History And Theory Of Urban Planning Anddesign,"(None, None)",,,NB
10:971:319,Bridging Public Health & Urban Planning,"(None, None)",,,NB
10:971:332,Public Transportation & Equitable       Accessibility,"(None, None)",,,NB
10:971:346,Program Evaluation,"(None, None)",,,NB
10:971:394,Data Visualization & Storytelling,"(None, None)",,,NB
10:971:400,Internship,"(None, None)",,,NB
10:971:403,Advanced Graphics Communications,"(None, None)",,,NB
10:971:404,Planning And Design Studio 1,"(None, None)",,,NB
10:971:485,Independent Study,"(None, None)",,,NB
10:971:497,Bloustein Honors Research In Urban Planning & Design,"(None, None)",,,NB
11:015:112,Academic Mentoring,"(None, None)",,,NB
11:015:483,Res Prob Env&Bio Sci,"(None, None)",,,NB
11:020:210,Introduction To Agriculture And Food Systems,"(None, None)",,,NB
11:020:305,Starting And Managing A Small Farm,"(None, None)",,,NB
11:020:337,Sustainability: Tackling Food Waste,"(None, None)",,,NB
11:020:425,Developing Ideas In Agricultural Education,"(None, None)",,,NB
11:020:465,Feeding America'S Cities,"(None, None)",,,NB
11:020:490,Agriculture And Food System Practicum,"(None, None)",,,NB
11:020:495,Special Problems In Agriculture And Foodsystems,"(None, None)",,,NB
11:035:258,Field Identification Of Birds For Use Inland Management,"(None, None)",,,NB
11:035:268,"Environmental Pollution - Issues In Agriculture, Industry And Communities","(None, None)",,,NB
11:035:272,River And Stream Ecology,"(None, None)",,,NB
11:035:280,American Lawns And Turfgrass,"(None, None)",,,NB
11:035:300,Critical Analysis Of Issues In          Agribusiness I,"(None, None)",,,NB
11:067:142,Animal Science,"(None, None)",,,NB
11:067:150,Introduction To Animal Handling,"(None, None)",,,NB
11:067:176,"Animal Handling, Fitting, And           Exhibition Supervisors","(None, None)",,,NB
11:067:201,Cattle Practicum,"(None, None)",,,NB
11:067:202,Small Ruminant Practicum,"(None, None)",,,NB
11:067:203,Swine Practicum,"(None, None)",,,NB
11:067:205,Laboratory Animal Practicum,"(None, None)",,,NB
11:067:207,Horse Practicum,"(None, None)",,,NB
11:067:250,Companion Animal Sci,"(None, None)",,,NB
11:067:260,Animal Eval&Selction,"(None, None)",,,NB
11:067:275,Lab An Sci Mgt&Techs,"(None, None)",,,NB
11:067:300,Integrative Physiology,"(None, None)",,,NB
11:067:327,Animal Reproduction,"(None, None)",,,NB
11:067:328,Animal Genetics,"(None, None)",,,NB
11:067:330,Animal Nutrition,"(None, None)",,,NB
11:067:331,Animal Nutrition Lab,"(None, None)",,,NB
11:067:336,Production Animal Management,"(None, None)",,,NB
11:067:384,Horse Management,"(None, None)",,,NB
11:067:389,Companion Animal Nutrition,"(None, None)",,,NB
11:067:391,Comparative Mammalian Anatomy,"(None, None)",,,NB
11:067:395,Animal Assisted Therapy,"(None, None)",,,NB
11:067:404,Animal Diseases,"(None, None)",,,NB
11:067:411,Studies In Animal Science,"(None, None)",,,NB
11:067:414,Teaching In Animal Science,"(None, None)",,,NB
11:067:450,Endocrinology,"(None, None)",,,NB
11:067:461,Topics In Companion Animal Issues:      Animals Health,"(None, None)",,,NB
11:067:491,Reproductive & Developmental Toxicology,"(None, None)",,,NB
11:067:493,Research In Animal Science,"(None, None)",,,NB
11:090:101,The Byrne Seminars,"(None, None)",,,NB
11:115:201,Contemporary Issues In Biochemistry,"(None, None)",,,NB
11:115:301,Intro Biochemistry,"(None, None)",,,NB
11:115:313,Intro Biochem Lab,"(None, None)",,,NB
11:115:403,General Biochemistry,"(None, None)",,,NB
11:115:404,General Biochemistry,"(None, None)",,,NB
11:115:413,Exptl Biochemistry,"(None, None)",,,NB
11:115:422,Biochem Mech Toxicol,"(None, None)",,,NB
11:115:491,Biochm Communication,"(None, None)",,,NB
11:115:493,Res Prob Biochem,"(None, None)",,,NB
11:117:413,Unit Proc Env Eng I,"(None, None)",,,NB
11:117:423,Bioenv Engr Lab I,"(None, None)",,,NB
11:117:474,Air Pollution Engr,"(None, None)",,,NB
11:117:488,Biores Engr Design I,"(None, None)",,,NB
11:117:497,Spec Prob Biores Eng,"(None, None)",,,NB
11:126:383,Nucleotide Sequence Analysis,"(None, None)",,,NB
11:126:401,Seminar In Biotech,"(None, None)",,,NB
11:126:413,Plant Molecular Biol,"(None, None)",,,NB
11:126:427,Methods And Approaches In Molecular     Biology,"(None, None)",,,NB
11:126:481,Molecular Genetics,"(None, None)",,,NB
11:126:485,Bioinformatics,"(None, None)",,,NB
11:126:497,Research In Biotech,"(None, None)",,,NB
11:193:100,Social Determinants Of Health And       Health Equity,"(None, None)",,,NB
11:193:200,Community Gardening For Health And Wellness,"(None, None)",,,NB
11:193:421,Wellness Behavior,"(None, None)",,,NB
11:193:438,"Women, Food Health","(None, None)",,,NB
11:216:104,Tpc Eco Evol Nat Res,"(None, None)",,,NB
11:216:115,Evolution Of Sex And Gender In Animals,"(None, None)",,,NB
11:216:199,Trees And The Environment,"(None, None)",,,NB
11:216:210,Nature Journaling: Discovering Biodiversity & Nature In Everyday Life,"(None, None)",,,NB
11:216:217,Principles Of Natural Resource Management,"(None, None)",,,NB
11:216:240,Behavioral Biology,"(None, None)",,,NB
11:216:269,Evolution Of Animal Behavior,"(None, None)",,,NB
11:216:272,Dendrology,"(None, None)",,,NB
11:216:296,"Honors Seminar In Ecology, Evolution Andnatural Resources","(None, None)",,,NB
11:216:306,"Special Topics In Ecology, Evolution,Andnatural Resources","(None, None)",,,NB
11:216:317,Conservation Ecology,"(None, None)",,,NB
11:216:320,Controversies In Sustainability,"(None, None)",,,NB
11:216:324,Invertebrate Zoology,"(None, None)",,,NB
11:216:332,Plant Ecology,"(None, None)",,,NB
11:216:360,Animal Physiological Ecology,"(None, None)",,,NB
11:216:369,"Analytical Methods In Ecology, Evolution& Natural Resources","(None, None)",,,NB
11:216:371,Introductory Remote Sensing Image Analys,"(None, None)",,,NB
11:216:411,Plant Diversity And Evolution,"(None, None)",,,NB
11:216:412,Plant Diversity And Evolution Laboratory,"(None, None)",,,NB
11:216:440,Pract Exp In Eenr,"(None, None)",,,NB
11:216:450,Landscape Ecology,"(None, None)",,,NB
11:216:451,Climate Change Ecology,"(None, None)",,,NB
11:216:464,Wildlife Ecology And Conservation,"(None, None)",,,NB
11:216:477,For Mgmt Apps,"(None, None)",,,NB
11:216:484,Res Prob Ecl Evo N R,"(None, None)",,,NB
11:216:499,"Senior Capstone - Ecology, Evolution &  Natural Resources","(None, None)",,,NB
11:364:106,First-Year Student Success I,"(None, None)",,,NB
11:364:108,Transfer Student Success I,"(None, None)",,,NB
11:364:112,Sebs Eof Academic Support,"(None, None)",,,NB
11:370:202,The World Of Insects,"(None, None)",,,NB
11:370:250,Insects & The Environment,"(None, None)",,,NB
11:370:355,Agricultural & Medical Acarology,"(None, None)",,,NB
11:370:381,Insect Biology,"(None, None)",,,NB
11:370:402,Aquatic Entomology,"(None, None)",,,NB
11:370:406,Medical & Veterinary Entomology,"(None, None)",,,NB
11:370:409,Insect Classificatn,"(None, None)",,,NB
11:370:490,Special Topics,"(None, None)",,,NB
11:370:493,Research Problems In Entomology,"(None, None)",,,NB
11:370:495,Seminar In Entomology,"(None, None)",,,NB
11:373:101,"Economics, People And The Environment","(None, None)",,,NB
11:373:121,Principles And Applications Of Microeconomics,"(None, None)",,,NB
11:373:122,Prin&App Macroeconm,"(None, None)",,,NB
11:373:200,Agricultural Accounting,"(None, None)",,,NB
11:373:201,Corporate Social Responsibility,"(None, None)",,,NB
11:373:202,Sustainability Decision Tools,"(None, None)",,,NB
11:373:205,Small Business Essentials,"(None, None)",,,NB
11:373:211,Applied Mathematical Concepts In Economics,"(None, None)",,,NB
11:373:231,Intro To Marketing,"(None, None)",,,NB
11:373:241,Intro To Management,"(None, None)",,,NB
11:373:319,Corporate Sustainability Reporting,"(None, None)",,,NB
11:373:321,Economics Of Production,"(None, None)",,,NB
11:373:341,Organizational Dynamics,"(None, None)",,,NB
11:373:351,Business Finance I,"(None, None)",,,NB
11:373:362,Natural Resource Economics,"(None, None)",,,NB
11:373:371,"Food, Nutrition & Health","(None, None)",,,NB
11:373:402,Global Marketing,"(None, None)",,,NB
11:373:422,Demand And Price Analysis,"(None, None)",,,NB
11:373:491,"Research Problems In Agricultural, Environmental, & Business Economics","(None, None)",,,NB
11:373:492,Business Issues,"(None, None)",,,NB
11:373:495,"Issues In Agricultural, Environmental & Business Economics","(None, None)",,,NB
11:374:101,Introduction To Human Ecology,"(None, None)",,,NB
11:374:110,Theories And Reasoning In Human Ecology,"(None, None)",,,NB
11:374:175,Energy And Society,"(None, None)",,,NB
11:374:201,Research Methods In Human Ecology,"(None, None)",,,NB
11:374:210,Nature Journaling: Discovering Biodiversity And Nature In Everyday Life,"(None, None)",,,NB
11:374:240,Visualizing Information: Storytelling With Data,"(None, None)",,,NB
11:374:250,Environmental Justice,"(None, None)",,,NB
11:374:279,Politics Of Environmental Issues,"(None, None)",,,NB
11:374:280,"Careers In Environmental Policy, Institutions And Behavior","(None, None)",,,NB
11:374:299,Introduction In Sustainability,"(None, None)",,,NB
11:374:305,"Globalization, Development & Environment","(None, None)",,,NB
11:374:310,Storytelling About Science,"(None, None)",,,NB
11:374:312,Env History,"(None, None)",,,NB
11:374:314,Natural Resource Policy,"(None, None)",,,NB
11:374:319,Corporate Sustainability Reporting,"(None, None)",,,NB
11:374:322,Behavior And The Environment,"(None, None)",,,NB
11:374:399,Practicum In Sustainability,"(None, None)",,,NB
11:374:430,"Topics:  Risk, Health, And Safety","(None, None)",,,NB
11:374:460,"Environmental Law And Policy I - Nature,Law And Society","(None, None)",,,NB
11:374:482,Internships In Climate Action,"(None, None)",,,NB
11:374:483,Internship In Science Communication,"(None, None)",,,NB
11:374:490,Res & Pract In He,"(None, None)",,,NB
11:374:491,Capstone In Human Ecology Independent Study Option,"(None, None)",,,NB
11:374:492,Envir Stdy Internshp,"(None, None)",,,NB
11:375:101,Introduction To Environmental Science,"(None, None)",,,NB
11:375:201,Environmental Biology,"(None, None)",,,NB
11:375:202,Environmental Chemistry,"(None, None)",,,NB
11:375:302,Water&Waste Treatmnt,"(None, None)",,,NB
11:375:303,Numerical Methods In Environmental Science,"(None, None)",,,NB
11:375:312,Environmental Microbiology Laboratory,"(None, None)",,,NB
11:375:322,Energy Technol&Envir,"(None, None)",,,NB
11:375:346,Introduction To Atmospheric Chemistry,"(None, None)",,,NB
11:375:360,Soils And Water,"(None, None)",,,NB
11:375:390,Careers In Env Sci,"(None, None)",,,NB
11:375:431,Special Problems In Environmental Science,"(None, None)",,,NB
11:375:434,Principles Of Industrial Hygiene,"(None, None)",,,NB
11:375:444,Water Chemistry,"(None, None)",,,NB
11:375:453,Soil Ecology,"(None, None)",,,NB
11:375:487,Internship Exp,"(None, None)",,,NB
11:375:497,Research In Environmental Science,"(None, None)",,,NB
11:375:499,Environmental Science Senior Survey,"(None, None)",,,NB
11:400:103,Science Of Food,"(None, None)",,,NB
11:400:105,Introduction To Food: The Discipline Andthe Major,"(None, None)",,,NB
11:400:106,Food As Medicine,"(None, None)",,,NB
11:400:201,Prin Of Food Science,"(None, None)",,,NB
11:400:202,Principles Of Food Science Lab,"(None, None)",,,NB
11:400:301,Food Proc Tech,"(None, None)",,,NB
11:400:405,Sensory Evaluation Of Foods,"(None, None)",,,NB
11:400:411,Food Chemistry,"(None, None)",,,NB
11:400:413,Food Chemistry Laboratory,"(None, None)",,,NB
11:400:419,Food Phys Systems,"(None, None)",,,NB
11:400:450,Food Science Senior Survey,"(None, None)",,,NB
11:400:493,Research-Based Learning,"(None, None)",,,NB
11:400:494,Internship-Based Learning,"(None, None)",,,NB
11:550:133,Architectural Design,"(None, None)",,,NB
11:550:200,Common Lecture,"(None, None)",,,NB
11:550:230,Envr Design Analysis,"(None, None)",,,NB
11:550:231,Intro Environ Design,"(None, None)",,,NB
11:550:233,Landscape Plants,"(None, None)",,,NB
11:550:235,Herbaceous Plants In The Landscape,"(None, None)",,,NB
11:550:237,Landscape Drawing & Drafting,"(None, None)",,,NB
11:550:238,Landsc Mgt & Maint,"(None, None)",,,NB
11:550:241,Construction 1: Site Engineering,"(None, None)",,,NB
11:550:250,History Of Landscape Architecture,"(None, None)",,,NB
11:550:271,Agriculture And The Landscape,"(None, None)",,,NB
11:550:275,"Architecture, Inequality, And Landscapesof Justice","(None, None)",,,NB
11:550:301,Social And Cultural Aspects Of Design,"(None, None)",,,NB
11:550:331,Intmed Landscape Arc,"(None, None)",,,NB
11:550:350,3D Digital Design And Communication,"(None, None)",,,NB
11:550:431,Adv Landscape Arch,"(None, None)",,,NB
11:550:437,Spec Probs Land Arch,"(None, None)",,,NB
11:550:440,Case Studies In Landscape Architecture: 1850 To The Present,"(None, None)",,,NB
11:550:441,Construction 3: Design Documentation Andadministration,"(None, None)",,,NB
11:550:480,Topology Seminar - Special Problems In Design History And Theory,"(None, None)",,,NB
11:550:499,Landscape Architecture Senior Survey,"(None, None)",,,NB
11:554:111,Readings In Biology,"(None, None)",,,NB
11:554:297,Honors Tutorial I,"(None, None)",,,NB
11:554:298,Honors Tutorial Ii,"(None, None)",,,NB
11:554:301,Aresty Research Assistantship,"(None, None)",,,NB
11:554:391,Independent Study,"(None, None)",,,NB
11:554:392,Independent Study,"(None, None)",,,NB
11:554:397,Honors Tutorial Iii,"(None, None)",,,NB
11:554:398,Honors Tutorial Iv,"(None, None)",,,NB
11:554:487,Gh Cook Honors Prog,"(None, None)",,,NB
11:554:491,Independent Study,"(None, None)",,,NB
11:554:492,Independent Study,"(None, None)",,,NB
11:554:497,Honors Tutorial V,"(None, None)",,,NB
11:554:498,Honors Tutorial Vi,"(None, None)",,,NB
11:573:232,Fundamentals Of Geomatics,"(None, None)",,,NB
11:573:233,Fundamentals Of Geomatics Lab,"(None, None)",,,NB
11:573:362,Intermediate Environmental Geomatics,"(None, None)",,,NB
11:573:409,Advanced Environmental Planning,"(None, None)",,,NB
11:573:437,Spatial Data Visualization And Map Design,"(None, None)",,,NB
11:573:444,Watershed Planning And Management: An Interdisciplinary Approach,"(None, None)",,,NB
11:573:493,Special Problems Environmental Resources,"(None, None)",,,NB
11:607:200,Principles Of Leadership,"(None, None)",,,NB
11:607:202,Leadership And Social Change,"(None, None)",,,NB
11:607:204,Self-Leadership,"(None, None)",,,NB
11:607:255,Inclusive Leadership,"(None, None)",,,NB
11:607:380,Communication For Today'S Leader,"(None, None)",,,NB
11:607:382,Conflict Management Practicum,"(None, None)",,,NB
11:607:384,Emotionally Intelligent Leadership,"(None, None)",,,NB
11:607:385,The Ethical Leader,"(None, None)",,,NB
11:607:388,Leadership Skills For Facilitating      Effective Meetings,"(None, None)",,,NB
11:628:100,Oceanography House,"(None, None)",,,NB
11:628:120,Introduction To Oceanography,"(None, None)",,,NB
11:628:130,Sea Monsters And Weird Biology In Earth S Oceans,"(None, None)",,,NB
11:628:201,Topics In Marine Science,"(None, None)",,,NB
11:628:221,Human Interactions With The Coastal Ocean,"(None, None)",,,NB
11:628:230,Basic Scuba Diving,"(None, None)",,,NB
11:628:320,Dynamics Of Marine Ecosystem,"(None, None)",,,NB
11:628:321,Ichthyology,"(None, None)",,,NB
11:628:346,Scientific Diving Ii,"(None, None)",,,NB
11:628:363,Oceanographic Methods & Data Analysis: Biology & Chemistry,"(None, None)",,,NB
11:628:451,Physical Oceanography,"(None, None)",,,NB
11:628:461,The Biology Of Living In The Ocean: Water Column Ecosystems And Processes,"(None, None)",,,NB
11:628:476,History Of The Earth System,"(None, None)",,,NB
11:628:497,Special Problems In Marine And Coastal Sciences,"(None, None)",,,NB
11:670:101,Introduction To Meteorology,"(None, None)",,,NB
11:670:102,Earth'S Changing Climate,"(None, None)",,,NB
11:670:111,"Weather, Climate, And Television I","(None, None)",,,NB
11:670:211,Meteorological Analysis,"(None, None)",,,NB
11:670:323,Thermodynamics Of The Atmosphere,"(None, None)",,,NB
11:670:433,Weather Analysis And Forecasting I: Synoptic Meteorology,"(None, None)",,,NB
11:670:451,Remote Sensing Of The Ocean And Atmosphere,"(None, None)",,,NB
11:670:461,Climate Dynamics,"(None, None)",,,NB
11:670:481,Applications In Industrial Meteorology,"(None, None)",,,NB
11:670:493,Research Problems In Meteorology,"(None, None)",,,NB
11:680:101,Living In The Microbial World,"(None, None)",,,NB
11:680:103,Microbial Products In A Sustainable     Garden State And Beyond,"(None, None)",,,NB
11:680:390,General Microbiology,"(None, None)",,,NB
11:680:395,Peer Mentoring In Microbiology,"(None, None)",,,NB
11:680:433,Independent Study In Microbiology,"(None, None)",,,NB
11:680:491,Microbial Ecology And Diversity,"(None, None)",,,NB
11:680:494,Applied Microbiology,"(None, None)",,,NB
11:680:495,Seminar In Microbiol,"(None, None)",,,NB
11:680:497,Resch In Microbiolog,"(None, None)",,,NB
11:680:499,Microbiology Senior Exit Survey,"(None, None)",,,NB
11:709:102,Careers In Nutrition,"(None, None)",,,NB
11:709:201,Culinary Nutrition,"(None, None)",,,NB
11:709:202,Laboratory For Culinary Nutrition,"(None, None)",,,NB
11:709:235,Introduction To Sports Nutrition,"(None, None)",,,NB
11:709:245,Food Customs And Nutrition Equity,"(None, None)",,,NB
11:709:255,Nutrition And Health,"(None, None)",,,NB
11:709:301,Food Safety And Sanitation In Food      Service,"(None, None)",,,NB
11:709:345,Nutrition Through The Lifespan,"(None, None)",,,NB
11:709:400,Advanced Nutrition: Macronutrients,"(None, None)",,,NB
11:709:402,Advanced Nutrition: Readings In         Macronutrients,"(None, None)",,,NB
11:709:404,Advanced Nutrition: Clinical Research   Practicum,"(None, None)",,,NB
11:709:441,Community Nutrition,"(None, None)",,,NB
11:709:442,Nutrition Education And Communication,"(None, None)",,,NB
11:709:443,Methods In Sensory Analysis,"(None, None)",,,NB
11:709:448,Food Production And Management,"(None, None)",,,NB
11:709:449,Food Service Laboratory,"(None, None)",,,NB
11:709:475,Nutrition And Fitness,"(None, None)",,,NB
11:709:481,Seminar In Nutrition,"(None, None)",,,NB
11:709:483,Medical Nutrition Therapy I: Nutrition  Assessment And Diagnosis,"(None, None)",,,NB
11:709:484,Nutrition Therapy Lab,"(None, None)",,,NB
11:709:489,Experimental Foods,"(None, None)",,,NB
11:709:493,Research In Nutr,"(None, None)",,,NB
11:776:102,Soil And Society,"(None, None)",,,NB
11:776:170,Plants & People,"(None, None)",,,NB
11:776:201,People-Plant Relationships,"(None, None)",,,NB
11:776:202,Applied Physiology Of Horticultural Crops,"(None, None)",,,NB
11:776:210,Principles Of Botany,"(None, None)",,,NB
11:776:211,Introduction To Horticulture,"(None, None)",,,NB
11:776:221,Principles Of Organic Crop Production,"(None, None)",,,NB
11:776:242,Plant Science,"(None, None)",,,NB
11:776:257,Edible & Poisonous Fungi,"(None, None)",,,NB
11:776:302,General Plant Pathology,"(None, None)",,,NB
11:776:305,Plant Genetics,"(None, None)",,,NB
11:776:306,Weed Science And Management,"(None, None)",,,NB
11:776:312,Medicinal Plants,"(None, None)",,,NB
11:776:390,Hemp And Medical Cannabis,"(None, None)",,,NB
11:776:400,Fungi In The Environment,"(None, None)",,,NB
11:776:440,Soil Fertility,"(None, None)",,,NB
11:776:495,Spec Probs Plant Sci,"(None, None)",,,NB
11:902:300,Sebs Internship I,"(None, None)",,,NB
11:902:301,Sebs Internship Ii,"(None, None)",,,NB
11:902:400,Sebs Coop,"(None, None)",,,NB
13:047:101,An Introduction Of Drug And Alcohol Use Disorders,"(None, None)",,,NB
13:830:300,Introduction To Clinical & School Psychology,"(None, None)",,,NB
13:830:399,Psychology Of Intimate Relationships,"(None, None)",,,NB
14:125:201,Intro Biomedical Eng,"(None, None)",,,NB
14:125:255,Biomedical Engineering System Physiology,"(None, None)",,,NB
14:125:291,Directed Research I,"(None, None)",,,NB
14:125:303,Biomed Transp Phenom,"(None, None)",,,NB
14:125:304,Biomaterial,"(None, None)",,,NB
14:125:305,Numer Modl&Biomd Sys,"(None, None)",,,NB
14:125:306,Biomed Kinet & Therm,"(None, None)",,,NB
14:125:308,Introduction To Biomechanics,"(None, None)",,,NB
14:125:309,Bme Devices & System,"(None, None)",,,NB
14:125:310,Bme Device & Sys Lab,"(None, None)",,,NB
14:125:401,Senior Design I Lec,"(None, None)",,,NB
14:125:403,Cardiovasc Eng,"(None, None)",,,NB
14:125:417,Musculoskeletal Mech,"(None, None)",,,NB
14:125:421,Sr Design I Projects,"(None, None)",,,NB
14:125:424,Biomed Instrumnt Lab,"(None, None)",,,NB
14:125:433,Fund Of Tissue Engg,"(None, None)",,,NB
14:125:445,Prin Drug Delivery,"(None, None)",,,NB
14:125:465,Bme Microfluidics,"(None, None)",,,NB
14:125:489,Bme Ha Research I,"(None, None)",,,NB
14:125:491,Independent Study In Biomedical Engineering,"(None, None)",,,NB
14:125:493,Bme Ha Adv Res I,"(None, None)",,,NB
14:125:495,Internship In Biomedical Engineering,"(None, None)",,,NB
14:125:497,Co-Op In Biomedical Engineering,"(None, None)",,,NB
14:125:499,Topics In Biomedical Engineering,"(None, None)",,,NB
14:155:201,Chemical Engineering Material And Energybalances,"(None, None)",,,NB
14:155:291,Undergraduate Research For Sophomores,"(None, None)",,,NB
14:155:298,Professional Skills Development,"(None, None)",,,NB
14:155:303,Trans Phen Chem E I,"(None, None)",,,NB
14:155:307,Computational Methods In Chemical Engineering,"(None, None)",,,NB
14:155:309,Chem Eng Thermo Ii,"(None, None)",,,NB
14:155:391,Undergraduate Research For Juniors,"(None, None)",,,NB
14:155:411,Biochemical Engineering,"(None, None)",,,NB
14:155:415,Process Engineering Laboratory I,"(None, None)",,,NB
14:155:422,Process Simulation And Control,"(None, None)",,,NB
14:155:491,Undergraduate Research For Seniors,"(None, None)",,,NB
14:155:495,Internship In Chemical & Biochemical Engineering,"(None, None)",,,NB
14:155:497,Co-Op Internship In Chemical & Biochemical Engineering,"(None, None)",,,NB
14:180:215,Engineering Graphics,"(None, None)",,,NB
14:180:243,Mechanics Of Solids,"(None, None)",,,NB
14:180:305,Construction Engg,"(None, None)",,,NB
14:180:318,Elemts Of Structures,"(None, None)",,,NB
14:180:331,Elemts Environm Engg,"(None, None)",,,NB
14:180:387,Fluid Mechanics,"(None, None)",,,NB
14:180:389,Fluid Mechanics Lab,"(None, None)",,,NB
14:180:406,Construc Eng Managmt,"(None, None)",,,NB
14:180:411,Reinforced Concrete,"(None, None)",,,NB
14:180:413,Theory Indeter Struc,"(None, None)",,,NB
14:180:421,Reinforced Concrete Lab,"(None, None)",,,NB
14:180:429,Water&Wastewtr Engg,"(None, None)",,,NB
14:180:430,Intro Trans Planning,"(None, None)",,,NB
14:180:473,Foundation Engineering,"(None, None)",,,NB
14:180:491,Special Problems In Civil Engineering,"(None, None)",,,NB
14:180:493,Special Problems In Environmental Engineering,"(None, None)",,,NB
14:180:497,Co-Op Civil Env Engg,"(None, None)",,,NB
14:332:221,Principles Of Electrical Engineering I,"(None, None)",,,NB
14:332:222,Principles Of Electrical Engineering Ii,"(None, None)",,,NB
14:332:223,Principles Of Electrical Engineering I Lab,"(None, None)",,,NB
14:332:224,Principles Of Electrical Engineering Ii Lab,"(None, None)",,,NB
14:332:231,Digital Logic Design,"(None, None)",,,NB
14:332:233,Digital Logic Design Lab,"(None, None)",,,NB
14:332:312,Discrete Mathematics Ece,"(None, None)",,,NB
14:332:331,Computer Architecture & Assembly Language,"(None, None)",,,NB
14:332:333,Computer Architecture Lab,"(None, None)",,,NB
14:332:345,Linear Systems & Signals,"(None, None)",,,NB
14:332:351,Progrm Methodologyii,"(None, None)",,,NB
14:332:361,Electronic Devices,"(None, None)",,,NB
14:332:363,Electronic Devices Lab,"(None, None)",,,NB
14:332:366,Digital Electronics,"(None, None)",,,NB
14:332:368,Digital Electronics Lab,"(None, None)",,,NB
14:332:402,Sustainable Energy,"(None, None)",,,NB
14:332:411,Electrical Energy Conversion,"(None, None)",,,NB
14:332:417,Control System Design,"(None, None)",,,NB
14:332:421,Wireless Communication Systems,"(None, None)",,,NB
14:332:424,Introduction To Information & Network Security,"(None, None)",,,NB
14:332:435,Topics In Electrical & Computer Engineering,"(None, None)",,,NB
14:332:436,Topics In Electrical & Computer Engineering,"(None, None)",,,NB
14:332:437,Digital System Design,"(None, None)",,,NB
14:332:443,Machine Learning For Engineers,"(None, None)",,,NB
14:332:445,Topics In Electrical & Computer Engineering,"(None, None)",,,NB
14:332:446,Topics In Electrical & Computer Engineering,"(None, None)",,,NB
14:332:448,Capstone Design Ece,"(None, None)",,,NB
14:332:449,Introduction To Capstone Design In Ece,"(None, None)",,,NB
14:332:451,Parallel & Distributed Programming,"(None, None)",,,NB
14:332:452,Software Engineering,"(None, None)",,,NB
14:332:463,Analog Electronics,"(None, None)",,,NB
14:332:465,Physical Electronics,"(None, None)",,,NB
14:332:472,Robotics & Computer Vision,"(None, None)",,,NB
14:332:479,Vlsi Design,"(None, None)",,,NB
14:332:491,Special Problems/Independent Study,"(None, None)",,,NB
14:332:493,Topics In Electrical & Computer Engineering,"(None, None)",,,NB
14:332:494,Topics In Electrical & Computer Engineering,"(None, None)",,,NB
14:332:495,Internship In Electrical And Computer   Engineering,"(None, None)",,,NB
14:332:497,Co-Op Internship Ece,"(None, None)",,,NB
14:440:101,Introduction To Data-Driven Design For Engineering Applications,"(None, None)",,,NB
14:440:102,Integrated Data-Driven Design For       Engineering Applications,"(None, None)",,,NB
14:440:107,Method Of Inquiry For Engineers,"(None, None)",,,NB
14:440:124,Ru First Year Transition,"(None, None)",,,NB
14:440:221,Engineering Mechanics: Statics,"(None, None)",,,NB
14:440:222,Engineering Mechanics: Dynamics,"(None, None)",,,NB
14:440:291,Honors Engineering Mechanics: Statics,"(None, None)",,,NB
14:440:292,Honors Engineering Mechanics: Dynamics,"(None, None)",,,NB
14:440:298,Skills To Succeed,"(None, None)",,,NB
14:440:301,Intro Packaging Eng,"(None, None)",,,NB
14:440:302,Cad For Packaging Engineering,"(None, None)",,,NB
14:440:371,Packaging Eval Mtds,"(None, None)",,,NB
14:440:373,Packaging Manufacturing,"(None, None)",,,NB
14:440:378,Sustainable Packaging,"(None, None)",,,NB
14:440:419,Innovation & Design,"(None, None)",,,NB
14:440:470,Packaging Lab I,"(None, None)",,,NB
14:440:489,Special Problems In Packaging,"(None, None)",,,NB
14:440:497,Engineering Co-Op Internship,"(None, None)",,,NB
14:440:499,Packaging Engineering Co-Op/Internship,"(None, None)",,,NB
14:540:201,Work Design & Ergonomics,"(None, None)",,,NB
14:540:202,Work Design Lab,"(None, None)",,,NB
14:540:213,Industrial Engineering Lab,"(None, None)",,,NB
14:540:294,Undergraduate Research For Sophomores,"(None, None)",,,NB
14:540:305,Honors Candid Prob,"(None, None)",,,NB
14:540:320,Engineering Statistics,"(None, None)",,,NB
14:540:338,Prob Models Op Res,"(None, None)",,,NB
14:540:343,Engineerng Economics,"(None, None)",,,NB
14:540:382,Automation And Systems Design,"(None, None)",,,NB
14:540:383,Automation And Systems Design           Laboratory,"(None, None)",,,NB
14:540:394,Undergraduate Research For Juniors,"(None, None)",,,NB
14:540:400,Des Engr Sys Ii,"(None, None)",,,NB
14:540:433,Quality Engineering,"(None, None)",,,NB
14:540:434,Quality Engr Lab,"(None, None)",,,NB
14:540:453,Production Control,"(None, None)",,,NB
14:540:487,Energy Sys Model Opt,"(None, None)",,,NB
14:540:491,Special Problems,"(None, None)",,,NB
14:540:492,Special Problems,"(None, None)",,,NB
14:540:494,Undergraduate Research For Seniors,"(None, None)",,,NB
14:540:496,Internship/Co-Op Ise,"(None, None)",,,NB
14:540:497,Internship And Co-Op In Industrial And Systems Engineering,"(None, None)",,,NB
14:635:203,Intro Matls Sci Engg,"(None, None)",,,NB
14:635:205,Crystal Chem& Struct,"(None, None)",,,NB
14:635:305,Matls Microproc,"(None, None)",,,NB
14:635:307,Kinetics Of Mat Proc,"(None, None)",,,NB
14:635:309,Charact Of Materials,"(None, None)",,,NB
14:635:316,Eom Prop Of Matls,"(None, None)",,,NB
14:635:353,Lab Ii,"(None, None)",,,NB
14:635:362,Physical Metallurgy,"(None, None)",,,NB
14:635:402,Senior Mse Lab,"(None, None)",,,NB
14:635:403,Mse Seminar,"(None, None)",,,NB
14:635:405,Solar Cell Dsgn Proc,"(None, None)",,,NB
14:635:407,Mechanical Properties Of Materials,"(None, None)",,,NB
14:635:412,Mse Eng'G Design Ii,"(None, None)",,,NB
14:635:491,Special Problems,"(None, None)",,,NB
14:635:497,Co-Op Ceram&Mat Engg,"(None, None)",,,NB
14:650:210,Introduction To Aerospace Engineering,"(None, None)",,,NB
14:650:289,Professional And Leadership Development In Mae,"(None, None)",,,NB
14:650:291,Mechanics Of Materials,"(None, None)",,,NB
14:650:298,Undergraduate Research For Sophomores,"(None, None)",,,NB
14:650:312,Fluid Mechanics,"(None, None)",,,NB
14:650:342,Design Of Mechanical Components,"(None, None)",,,NB
14:650:350,Mech Eng Mes W/Lab,"(None, None)",,,NB
14:650:351,Thermodynamics,"(None, None)",,,NB
14:650:361,Intro Mechatronics,"(None, None)",,,NB
14:650:388,Cad In Mechanical Engineering,"(None, None)",,,NB
14:650:398,Undergraduate Research For Juniors,"(None, None)",,,NB
14:650:401,Dynamic Systems And Control,"(None, None)",,,NB
14:650:431,Mech Engg Lab I,"(None, None)",,,NB
14:650:439,Multiphysics Simulations,"(None, None)",,,NB
14:650:451,Vehicle Dynamics,"(None, None)",,,NB
14:650:455,Design Of Mechanisms,"(None, None)",,,NB
14:650:457,Spacecraft & Mision Design,"(None, None)",,,NB
14:650:462,Power Plants,"(None, None)",,,NB
14:650:465,Orbital Mechanics,"(None, None)",,,NB
14:650:467,Design & Mfg. I,"(None, None)",,,NB
14:650:474,Alt Energy I,"(None, None)",,,NB
14:650:481,Heat Transfer,"(None, None)",,,NB
14:650:487,Aerospace Engineering Design 1,"(None, None)",,,NB
14:650:495,Internship In Mechanical And Aerospace Engineering,"(None, None)",,,NB
14:650:497,Co-Op Internship Mae,"(None, None)",,,NB
14:650:498,Undergraduate Research For Seniors,"(None, None)",,,NB
15:001:816,Princeton Exchange,"(None, None)",,,NB
15:001:897,Full Time Study On Campus,"(None, None)",,,NB
15:001:898,Full Time Study Off Campus,"(None, None)",,,NB
15:001:899,Full Time Study Matriculation Continued,"(None, None)",,,NB
15:230:512,Administration And Supervision Of Elementary And Secondary Schools,"(None, None)",,,NB
15:230:521,Supervision Of Instruction,"(None, None)",,,NB
15:230:530,Internship In Educational Administrationi,"(None, None)",,,NB
15:230:532,Internship In Educational Administrationiii,"(None, None)",,,NB
15:230:606,Higher Education Law,"(None, None)",,,NB
15:230:615,Assessment/Data/Problem Solving,"(None, None)",,,NB
15:230:630,Readings In The Administration And Supervision Of Education,"(None, None)",,,NB
15:230:800,Matriculation Continued,"(None, None)",,,NB
15:233:542,Introduction To Adult And Continuing Education,"(None, None)",,,NB
15:233:543,Understanding The Adult Learner,"(None, None)",,,NB
15:233:551,"Creating, Managing And Growing Adult Andcontinuing Education Programs","(None, None)",,,NB
15:233:562,Human Resources Development: Profession And Practice,"(None, None)",,,NB
15:233:565,Effective Reading & Writing Instruction For Ged & Developmental College Student,"(None, None)",,,NB
15:233:571,Designing Learning For Adults,"(None, None)",,,NB
15:233:642,Independent Study In Adult And Continuing Education,"(None, None)",,,NB
15:245:501,Introduction To Student Affairs,"(None, None)",,,NB
15:245:502,Student Development And Learning: Theoryand Practice,"(None, None)",,,NB
15:245:601,Field Experience,"(None, None)",,,NB
15:245:605,Internship Seminar,"(None, None)",,,NB
15:245:640,Special Topics In College Student Affairs,"(None, None)",,,NB
15:245:641,Special Topics In College Student Affairs,"(None, None)",,,NB
15:245:642,Special Topics In College Student Affairs,"(None, None)",,,NB
15:250:800,Matriculation Continued,"(None, None)",,,NB
15:251:561,Math Methods In Early Childhood & Elementary,"(None, None)",,,NB
15:251:574,Integrated Curriculum With Young Children,"(None, None)",,,NB
15:251:675,Independent Study In Early Childhood/Elementary Education,"(None, None)",,,NB
15:252:615,Independent Study In English Education,"(None, None)",,,NB
15:253:512,Teaching Emerging Bilinguals In         K-12 Classrooms,"(None, None)",,,NB
15:253:513,Teaching Emerging Bilinguals In Pk-6    Classrooms,"(None, None)",,,NB
15:253:520,Principles Of Language Learning: Second And World Language Acquisition,"(None, None)",,,NB
15:253:530,Foundations Of Language,"(None, None)",,,NB
15:253:539,Methods For Teaching And Assessing English Language Learners,"(None, None)",,,NB
15:253:621,Independent Study In Language Education,"(None, None)",,,NB
15:253:624,Practicum In Language Education Ii,"(None, None)",,,NB
15:254:550,Problem Solving Processes In Mathematics,"(None, None)",,,NB
15:254:645,Independent Study In Mathematics Education,"(None, None)",,,NB
15:255:503,Introduction To Teaching With Digital Tools,"(None, None)",,,NB
15:255:506,Developing Digital E-Learning Environments,"(None, None)",,,NB
15:255:532,Clinical Practice Phase 3 Seminar,"(None, None)",,,NB
15:255:568,Introduction To Teaching In Urban       Schools And Communities,"(None, None)",,,NB
15:255:603,Inquiry I,"(None, None)",,,NB
15:255:607,Learners And Learning Ii (Adult Learning),"(None, None)",,,NB
15:255:632,Independent Study In Doctoral Education,"(None, None)",,,NB
15:255:700,Ed.D. Dissertation Study,"(None, None)",,,NB
15:256:550,Biology And Society,"(None, None)",,,NB
15:256:551,Development Of Ideas In Physical Science,"(None, None)",,,NB
15:256:555,Research Internship In Science Education,"(None, None)",,,NB
15:256:655,Independent Study In Science Education,"(None, None)",,,NB
15:257:560,Introduction To Social Studies Education,"(None, None)",,,NB
15:259:572,The Teacher In Film:  An Online         Exploration,"(None, None)",,,NB
15:259:575,Topics Creat Arts Ed,"(None, None)",,,NB
15:262:603,Design Of Learning Environments,"(None, None)",,,NB
15:262:610,Design-Based Research,"(None, None)",,,NB
15:267:622,Teacher Leadership: Theory And Practice,"(None, None)",,,NB
15:290:556,Introduction To Design Thinking,"(None, None)",,,NB
15:290:559,Maker Education Capstone,"(None, None)",,,NB
15:290:583,Biological Bases Of Behavior,"(None, None)",,,NB
15:290:601,Independent Study In Educational Psychology,"(None, None)",,,NB
15:290:701,Dissertation Study In Educational Psychology,"(None, None)",,,NB
15:290:800,Matriculation Continued,"(None, None)",,,NB
15:291:511,"Introduction To Assessment, Applied Statistics, And Research","(None, None)",,,NB
15:291:515,Psychometric Theory I,"(None, None)",,,NB
15:291:518,Quantitative Educational Research       Designs,"(None, None)",,,NB
15:291:520,Program Evaluation: An Introduction To Methods And Practice,"(None, None)",,,NB
15:291:531,Statistical Methods I,"(None, None)",,,NB
15:293:509,Emotional And Behavioral Disorders,"(None, None)",,,NB
15:293:522,Learning Disabilities,"(None, None)",,,NB
15:293:523,Inclusive Teaching In Education,"(None, None)",,,NB
15:293:525,Psychology Of The Exceptional Child,"(None, None)",,,NB
15:293:526,Identification And Assessment Of Learning Disabilities,"(None, None)",,,NB
15:293:533,Assessment And Measurement For Special Education,"(None, None)",,,NB
15:293:534,Classroom Organization For Inclusive Andspecial Classrooms,"(None, None)",,,NB
15:293:580,Literacy For Students With Disabilities,"(None, None)",,,NB
15:293:583,Introduction To Special Education,"(None, None)",,,NB
15:293:609,Research In Special Education,"(None, None)",,,NB
15:293:633,Internship In Special Education,"(None, None)",,,NB
15:294:531,The Gifted Child,"(None, None)",,,NB
15:294:532,The Social And Emotional Development Of Gifted Children,"(None, None)",,,NB
15:294:533,Curriculum And Instruction For The Gifted,"(None, None)",,,NB
15:294:534,Gifted Program Development,"(None, None)",,,NB
15:294:542,Twice Exceptional Learners,"(None, None)",,,NB
15:295:502,Cognition And Memory,"(None, None)",,,NB
15:295:512,Introduction To Child Psychology: Infancy Through Adolescence,"(None, None)",,,NB
15:295:522,Cognition And Language From Birth To Age8: Normal Development,"(None, None)",,,NB
15:295:525,Practicum In Applied Infant & Early Childhood Development,"(None, None)",,,NB
15:295:580,Psychology Of Learning,"(None, None)",,,NB
15:295:609,"Research In Learning, Cognition, And Development","(None, None)",,,NB
15:297:501,Introduction To Counseling And Interviewskills,"(None, None)",,,NB
15:297:502,Foundations Of School Counseling,"(None, None)",,,NB
15:297:508,Family: Systems Development,"(None, None)",,,NB
15:297:510,Career Counseling And Development,"(None, None)",,,NB
15:297:604,Professional Ethics,"(None, None)",,,NB
15:297:628,Internship: School Counseling,"(None, None)",,,NB
15:299:516,Language Arts Across Content Areas: Upper Elementary And Middle School,"(None, None)",,,NB
15:299:561,Supervised Practicum: Diagnosis And     Correction Of Literacy Needs,"(None, None)",,,NB
15:299:564,Diagnosis And Correction Of Literacy Learning Needs,"(None, None)",,,NB
15:299:601,Independent Study In Reading,"(None, None)",,,NB
15:310:504,Economics Of Education,"(None, None)",,,NB
15:310:551,Education And Society,"(None, None)",,,NB
15:310:561,History Of African-American Education,"(None, None)",,,NB
15:310:607,Seminar: Special Problems In Educationaltheory,"(None, None)",,,NB
15:310:800,Matriculation Continued,"(None, None)",,,NB
15:310:866,Graduate Assistantship,"(None, None)",,,NB
15:310:877,Teaching Assistantship,"(None, None)",,,NB
16:001:810,Cic Traveling Scholar Program,"(None, None)",,,NB
16:001:815,Rbhs Exchange,"(None, None)",,,NB
16:001:816,Princeton Exchange,"(None, None)",,,NB
16:001:817,Nb Theolog Sem Exchg,"(None, None)",,,NB
16:001:818,Inter-Univ Doc Cnsrm,"(None, None)",,,NB
16:001:819,Drew Exchange,"(None, None)",,,NB
16:001:820,U Penn Exchange,"(None, None)",,,NB
16:001:897,Ft Study On Campus,"(None, None)",,,NB
16:001:898,Ft Study Off Campus,"(None, None)",,,NB
16:001:899,Ft Study Matric Cont,"(None, None)",,,NB
16:016:503,Ind Study Africa,"(None, None)",,,NB
16:070:505,Hist Anthro Theory,"(None, None)",,,NB
16:070:508,Evolutionary Theory,"(None, None)",,,NB
16:070:549,Culture & Capitalism,"(None, None)",,,NB
16:070:600,Field Statement,"(None, None)",,,NB
16:070:601,Field Statement,"(None, None)",,,NB
16:070:701,Research In Anthro,"(None, None)",,,NB
16:070:800,Matriculation Contd,"(None, None)",,,NB
16:070:811,Graduate Fellowship,"(None, None)",,,NB
16:070:844,Research Internship,"(None, None)",,,NB
16:070:866,Full Ga Appointment,"(None, None)",,,NB
16:070:877,Full Ta Appointment,"(None, None)",,,NB
16:082:503,Ind Stud Art History,"(None, None)",,,NB
16:082:506,Approaches Art Hist,"(None, None)",,,NB
16:082:530,Foundations In Cultural Heritage And    Preservation Studies,"(None, None)",,,NB
16:082:590,Internship In Cultural Heritage And Preservation Studies,"(None, None)",,,NB
16:082:593,Studies In Cultural Heritage And Preservation Studies,"(None, None)",,,NB
16:082:595,Curatorial Internship I,"(None, None)",,,NB
16:082:596,Curatorial Internship Ii,"(None, None)",,,NB
16:082:607,Advanced Internship/Field Study,"(None, None)",,,NB
16:082:659,Probs In Hist Photo,"(None, None)",,,NB
16:082:697,Exhibition Seminar,"(None, None)",,,NB
16:082:699,Non-Thesis Study,"(None, None)",,,NB
16:082:701,Research In Art History,"(None, None)",,,NB
16:082:705,Res Proposal In A.H.,"(None, None)",,,NB
16:082:707,Research In Cultural Heritage And Preservation Studies,"(None, None)",,,NB
16:082:800,Matriculation Contd,"(None, None)",,,NB
16:082:811,Graduate Fellowship,"(None, None)",,,NB
16:082:866,Full Ga Appointment,"(None, None)",,,NB
16:082:877,Full Ta Appointment,"(None, None)",,,NB
16:082:878,Part Ta Appointment,"(None, None)",,,NB
16:107:532,Atmospheric Physics,"(None, None)",,,NB
16:107:553,Mech Past Clim Chg,"(None, None)",,,NB
16:107:603,Ind Stdy Atmosph Sci,"(None, None)",,,NB
16:107:606,Sp Topc Atmosph Sci,"(None, None)",,,NB
16:107:671,Sem In Atmosph Sci,"(None, None)",,,NB
16:107:701,Res Atmospheric Sci,"(None, None)",,,NB
16:107:800,Matriculation Contd,"(None, None)",,,NB
16:107:811,Fellowship,"(None, None)",,,NB
16:107:866,Full Ga Appointment,"(None, None)",,,NB
16:107:867,Part Ga Appointment,"(None, None)",,,NB
16:107:877,Full Ta Appointment,"(None, None)",,,NB
16:107:878,Part Ta Appointment,"(None, None)",,,NB
16:115:503,Biochemistry,"(None, None)",,,NB
16:115:511,Mol Bio & Biochem,"(None, None)",,,NB
16:115:555,Epigenomics,"(None, None)",,,NB
16:115:557,Statistics In Biomedical Sciences,"(None, None)",,,NB
16:115:701,Research In Biochemistry,"(None, None)",,,NB
16:115:800,Matriculation Contd,"(None, None)",,,NB
16:115:811,Graduate Fellowship,"(None, None)",,,NB
16:115:855,Graduate Traineeship,"(None, None)",,,NB
16:115:866,Full Ga Appointment,"(None, None)",,,NB
16:115:877,Full Ta Appointment,"(None, None)",,,NB
16:125:501,Mathematical Modeling For Biomedical Engineering,"(None, None)",,,NB
16:125:513,Vision And Neurotechnology,"(None, None)",,,NB
16:125:550,Current Trends In Neural Engineering,"(None, None)",,,NB
16:125:572,"Biocontrol, Modeling And Computation","(None, None)",,,NB
16:125:574,Biomechanics And Biomaterials,"(None, None)",,,NB
16:125:587,Bme Slad Sch Res I,"(None, None)",,,NB
16:125:589,Biomems/Bionano,"(None, None)",,,NB
16:125:590,Drug Delivery Fundamentals And Applications,"(None, None)",,,NB
16:125:599,Co-Operative Training In Biomedical Engineering,"(None, None)",,,NB
16:125:601,Engineering Ethics And Seminar,"(None, None)",,,NB
16:125:603,Topics In Advanced Biotechnology I,"(None, None)",,,NB
16:125:605,Bme Seminar,"(None, None)",,,NB
16:125:607,Prep Futr Faclty I,"(None, None)",,,NB
16:125:621,Special Problems I,"(None, None)",,,NB
16:125:699,Non-Thesis Study,"(None, None)",,,NB
16:125:701,Research In Biomedical Engineering,"(None, None)",,,NB
16:125:800,Matriculation Contd,"(None, None)",,,NB
16:125:811,Graduate Fellowship,"(None, None)",,,NB
16:125:866,Full Ga Appointment,"(None, None)",,,NB
16:125:877,Full Ta Appointment,"(None, None)",,,NB
16:137:500,Ethics For Science And Technology Management,"(None, None)",,,NB
16:137:502,Princ Of Comm/Ldrshp,"(None, None)",,,NB
16:137:503,Colloquium In Professionalism For Science & Technology Management,"(None, None)",,,NB
16:137:504,Colloquium In Professionalism For Science And Technology Management,"(None, None)",,,NB
16:137:507,Market Assessment And Analysis For Business & Science,"(None, None)",,,NB
16:137:510,Drug Dev Concept,"(None, None)",,,NB
16:137:511,Drug Dis Preclin Dev,"(None, None)",,,NB
16:137:525,Introduction To Product Design And Devlopment,"(None, None)",,,NB
16:137:530,Principles Of Accounting And Finance Forscience & Technology Management,"(None, None)",,,NB
16:137:531,Introduction To User Experience Design,"(None, None)",,,NB
16:137:535,Usability Evaluation,"(None, None)",,,NB
16:137:536,Uxd & Product Design Practicum,"(None, None)",,,NB
16:137:537,Mobile Application Development From Concept To Market,"(None, None)",,,NB
16:137:538,Database And Data Warehousing,"(None, None)",,,NB
16:137:539,Introduction To Cloud And Big Data Systems,"(None, None)",,,NB
16:137:550,Fundamentals Of Analytics And Discovery Informatics,"(None, None)",,,NB
16:137:551,Advanced Analytics & Practicum,"(None, None)",,,NB
16:137:552,Python Methodologies,"(None, None)",,,NB
16:137:553,Business Intelligence With Visual Analytics,"(None, None)",,,NB
16:137:554,Fundementals Of Sustainability,"(None, None)",,,NB
16:137:560,Fundamentals Of Systems Engineering For Engineering Management,"(None, None)",,,NB
16:137:563,Basics Of Ai For Science Professionals,"(None, None)",,,NB
16:137:570,Fundamentals Of Personal Care Science,"(None, None)",,,NB
16:137:576,Concepts In Global Agriculture,"(None, None)",,,NB
16:137:577,Current Regulations And Standards For Foods In Domestic And International Trade,"(None, None)",,,NB
16:137:578,Chemistry Of Food And Personal          Care Products,"(None, None)",,,NB
16:137:580,Prac Clinical Trial,"(None, None)",,,NB
16:137:581,Stat Clinical/Tran,"(None, None)",,,NB
16:137:582,Fundamentals Of Regulatory Affairs,"(None, None)",,,NB
16:137:586,"Cosmetic Quality, Safety And Global     Regulation","(None, None)",,,NB
16:137:600,Mng Sci/Tech Capstne,"(None, None)",,,NB
16:137:601,Spec Tpc In Sci/Tech,"(None, None)",,,NB
16:137:602,Spec Tpc In Sci/Tech,"(None, None)",,,NB
16:137:603,Spec Tpc In Sci/Tech,"(None, None)",,,NB
16:137:605,Special Problems In Science And Business,"(None, None)",,,NB
16:137:606,Special Topic In Sci/Tech,"(None, None)",,,NB
16:137:607,Special Topics\:Advanced Topics In Personal Care Science & Formulations,"(None, None)",,,NB
16:137:608,Professional Internship,"(None, None)",,,NB
16:137:611,Research Internship,"(None, None)",,,NB
16:137:615,Cncpts Biotech/Genom,"(None, None)",,,NB
16:137:650,Tpcs Mngmt & Prf Dvl,"(None, None)",,,NB
16:137:653,Externship Experience I,"(None, None)",,,NB
16:137:800,Matriculation Contd,"(None, None)",,,NB
16:148:598,Sem Cell&Devel Bio,"(None, None)",,,NB
16:148:610,Laboratory Rotation,"(None, None)",,,NB
16:148:611,Laboratory Rotation,"(None, None)",,,NB
16:148:701,Research In Biology,"(None, None)",,,NB
16:148:800,Matriculation Contd,"(None, None)",,,NB
16:148:811,Graduate Fellowship,"(None, None)",,,NB
16:148:855,Graduate Traineeship,"(None, None)",,,NB
16:148:866,Full Ga Appointment,"(None, None)",,,NB
16:148:877,Full Ta Appointment,"(None, None)",,,NB
16:155:501,Advanced Fluid Mechanics,"(None, None)",,,NB
16:155:507,Analytical And Data-Driven Approaches For Modeling And Simulation,"(None, None)",,,NB
16:155:511,Advanced Thermodynamics And Statistical Mechanics,"(None, None)",,,NB
16:155:531,Biochemical Engineering,"(None, None)",,,NB
16:155:533,Bioseparations,"(None, None)",,,NB
16:155:541,Pharmaceutical Materials Engineering,"(None, None)",,,NB
16:155:544,Drug Delivery Fundamentals And Applications,"(None, None)",,,NB
16:155:545,Making Medicine: Manufacturing Active Pharmaceutical Ingredients,"(None, None)",,,NB
16:155:547,Statistical Analysis And Design Of Pharmaceutical Operations,"(None, None)",,,NB
16:155:571,"Sustainable, Renewable And Clean Energy","(None, None)",,,NB
16:155:589,Special Problems In Chemical And        Biochemical Engineering,"(None, None)",,,NB
16:155:601,Chem Eng Grad Sem,"(None, None)",,,NB
16:155:611,Practical Training In Chemical & Biochemical Engineering,"(None, None)",,,NB
16:155:701,Research In Chemical Engineering,"(None, None)",,,NB
16:155:800,Matriculation Contd,"(None, None)",,,NB
16:155:811,Graduate Fellowship,"(None, None)",,,NB
16:155:855,Graduate Traineeship,"(None, None)",,,NB
16:155:866,Full Ga Appointment,"(None, None)",,,NB
16:155:867,Part Ga Appointment,"(None, None)",,,NB
16:155:877,Full Ta Appointment,"(None, None)",,,NB
16:155:878,Part Ta Appointment,"(None, None)",,,NB
16:160:511,Adv Organic Chem I,"(None, None)",,,NB
16:160:521,Atomic&Molecul Struc,"(None, None)",,,NB
16:160:525,Chem Thermodynamics,"(None, None)",,,NB
16:160:537,Biophysical Chem I,"(None, None)",,,NB
16:160:571,Advanced Inorg Chem,"(None, None)",,,NB
16:160:582,Chemical Biology,"(None, None)",,,NB
16:160:601,Ind Studies In Chem,"(None, None)",,,NB
16:160:603,Intro To Research,"(None, None)",,,NB
16:160:605,Lab Rotation Chem I,"(None, None)",,,NB
16:160:607,Research Colloquium,"(None, None)",,,NB
16:160:611,Seminar In Chem,"(None, None)",,,NB
16:160:701,Research Chemistry,"(None, None)",,,NB
16:160:800,Matriculation Contd,"(None, None)",,,NB
16:160:811,Graduate Fellowship,"(None, None)",,,NB
16:160:855,Graduate Traineeship,"(None, None)",,,NB
16:160:866,Full Ga Appointment,"(None, None)",,,NB
16:160:867,Part Ga Appointment,"(None, None)",,,NB
16:160:877,Full Ta Appointment,"(None, None)",,,NB
16:160:878,Part Ta Appointment,"(None, None)",,,NB
16:165:800,Matriculation Contd,"(None, None)",,,NB
16:180:517,Structural Dynamics,"(None, None)",,,NB
16:180:518,Design Lateral Loads,"(None, None)",,,NB
16:180:524,Bridge Design I,"(None, None)",,,NB
16:180:545,Adv Const Eng Mgmt I,"(None, None)",,,NB
16:180:548,Infrastructure Management System,"(None, None)",,,NB
16:180:550,Building Information Modeling,"(None, None)",,,NB
16:180:551,Railroad Transportation System,"(None, None)",,,NB
16:180:555,Railway Track Engineering And Safety,"(None, None)",,,NB
16:180:561,Adv Wat Sup&Sewerage,"(None, None)",,,NB
16:180:580,Engrg Rock Mechanics,"(None, None)",,,NB
16:180:581,Stabiliz Of Soils,"(None, None)",,,NB
16:180:582,Earthquake Engg,"(None, None)",,,NB
16:180:590,Coastal Engineering,"(None, None)",,,NB
16:180:591,Sustainable Environmental Biotechnology,"(None, None)",,,NB
16:180:595,Civil Infrastructure And Land           Development,"(None, None)",,,NB
16:180:601,Advanced Topics In Civil Engineering,"(None, None)",,,NB
16:180:611,Advanced Topics In Environmental Engineering,"(None, None)",,,NB
16:180:691,Sem Civ&Envn Eng I,"(None, None)",,,NB
16:180:693,Special Project,"(None, None)",,,NB
16:180:701,Research In Civil And Environmental Engineering,"(None, None)",,,NB
16:180:800,Matriculation Contd,"(None, None)",,,NB
16:180:811,Graduate Fellowship,"(None, None)",,,NB
16:180:844,Research Internship,"(None, None)",,,NB
16:180:866,Full Ga Appointment,"(None, None)",,,NB
16:180:867,Part Ga Appointment,"(None, None)",,,NB
16:180:877,Full Ta Appointment,"(None, None)",,,NB
16:180:878,Part Ta Appointment,"(None, None)",,,NB
16:185:500,Prosem Cog Sci,"(None, None)",,,NB
16:185:601,Sem Cog Sci Ii,"(None, None)",,,NB
16:185:602,Sem Cog Sci Iii,"(None, None)",,,NB
16:185:699,Ind Study Cog Sci,"(None, None)",,,NB
16:186:855,Intro College Teach,"(None, None)",,,NB
16:187:501,Leadership Higher Ed,"(None, None)",,,NB
16:190:507,Readings In Classics,"(None, None)",,,NB
16:190:509,Materials & Methods,"(None, None)",,,NB
16:190:519,Latin Poetry Seminar,"(None, None)",,,NB
16:190:654,Greek Oratory,"(None, None)",,,NB
16:190:701,Research In Classics,"(None, None)",,,NB
16:190:800,Matriculation Contd,"(None, None)",,,NB
16:190:811,Graduate Fellowship,"(None, None)",,,NB
16:190:877,Full Ta Appointment,"(None, None)",,,NB
16:194:600,Ph.D. Colloquium,"(None, None)",,,NB
16:194:601,"Communication, Information & Media Pro- Seminar","(None, None)",,,NB
16:194:604,Quantitative Research Methods,"(None, None)",,,NB
16:194:608,Research Practicum,"(None, None)",,,NB
16:194:610,Seminar In Information Studies,"(None, None)",,,NB
16:194:623,Research Design,"(None, None)",,,NB
16:194:631,Media Theory And Research,"(None, None)",,,NB
16:194:670,Topics In Communication Processes I,"(None, None)",,,NB
16:194:671,Topics In Communication Processes Ii,"(None, None)",,,NB
16:194:677,Topics In Library And Information Science Iii,"(None, None)",,,NB
16:194:678,Topics In Library And Information Science Iv,"(None, None)",,,NB
16:194:682,Topics In Media Study Iii,"(None, None)",,,NB
16:194:695,Teaching Apprenticeship,"(None, None)",,,NB
16:194:696,Special Topics,"(None, None)",,,NB
16:194:698,Independent Study,"(None, None)",,,NB
16:194:699,Independent Study,"(None, None)",,,NB
16:194:701,Research In Cils,"(None, None)",,,NB
16:194:800,Matriculation Continued,"(None, None)",,,NB
16:194:811,Graduate Fellowship,"(None, None)",,,NB
16:194:866,Graduate Assistantship,"(None, None)",,,NB
16:194:867,Part Ta Appointment,"(None, None)",,,NB
16:194:877,Teaching Assistantship,"(None, None)",,,NB
16:194:878,Part Ta Appointment,"(None, None)",,,NB
16:195:517,Individual Studies In Comparative Literature,"(None, None)",,,NB
16:195:521,Tpcs Non-Western Lit,"(None, None)",,,NB
16:195:522,Film And Theory,"(None, None)",,,NB
16:195:606,Theory/Practice Tran,"(None, None)",,,NB
16:195:608,Adv Tpcs In Comp Lit,"(None, None)",,,NB
16:195:701,Research In Comparative Literature,"(None, None)",,,NB
16:195:800,Matriculation Contd,"(None, None)",,,NB
16:195:811,Graduate Fellowship,"(None, None)",,,NB
16:195:877,Full Ta Appointment,"(None, None)",,,NB
16:195:878,Part Ta Appointment,"(None, None)",,,NB
16:198:505,Computer Structures,"(None, None)",,,NB
16:198:508,Formal Languages & Automata,"(None, None)",,,NB
16:198:512,Introduction To Data Structures And Algorithms,"(None, None)",,,NB
16:198:513,Design And Analysis Of Data Structures And Algorithms,"(None, None)",,,NB
16:198:515,Programming Languages And Compilers I,"(None, None)",,,NB
16:198:518,Operating Systems Design,"(None, None)",,,NB
16:198:520,Intro To Artif Intel,"(None, None)",,,NB
16:198:523,Computer Graphics,"(None, None)",,,NB
16:198:525,Brain Inspired Computing,"(None, None)",,,NB
16:198:529,Computatnal Geometry,"(None, None)",,,NB
16:198:530,Principles Of Artificial Intelligence,"(None, None)",,,NB
16:198:535,Machine Learning I,"(None, None)",,,NB
16:198:550,Massive Data Mining,"(None, None)",,,NB
16:198:560,Introduction To Computational Robotics,"(None, None)",,,NB
16:198:580,Topics In Computers In Biomedicine,"(None, None)",,,NB
16:198:596,Topics In The Foundations Of Computer Science,"(None, None)",,,NB
16:198:598,Topics In A I,"(None, None)",,,NB
16:198:599,Design Soc Cog Robot,"(None, None)",,,NB
16:198:601,Selected Problems In Computer Science,"(None, None)",,,NB
16:198:604,Sel Prob Comp Sci,"(None, None)",,,NB
16:198:672,Seminar Computer Sci,"(None, None)",,,NB
16:198:701,Research In Computer Science,"(None, None)",,,NB
16:198:704,Research In Computer Science Ms Thesis,"(None, None)",,,NB
16:198:800,Matriculation Continued,"(None, None)",,,NB
16:198:811,Graduate Fellowship,"(None, None)",,,NB
16:198:844,Research Internship,"(None, None)",,,NB
16:198:855,Graduate Traineeship,"(None, None)",,,NB
16:198:866,Graduate Assistantship,"(None, None)",,,NB
16:198:867,Part Ga Appointment,"(None, None)",,,NB
16:198:877,Teaching Assistantship,"(None, None)",,,NB
16:198:878,Part Ta Appointment,"(None, None)",,,NB
16:215:507,Advanced Plant Systematics,"(None, None)",,,NB
16:215:508,Plant Systematics Lab,"(None, None)",,,NB
16:215:520,Landscape Ecology,"(None, None)",,,NB
16:215:575,Quantitative Ecology And Evolution,"(None, None)",,,NB
16:215:599,Special Topics,"(None, None)",,,NB
16:215:600,Special Topics,"(None, None)",,,NB
16:215:601,Seminar In Ecology,"(None, None)",,,NB
16:215:604,Special Topics In Ecology,"(None, None)",,,NB
16:215:605,Problems In Ecology,"(None, None)",,,NB
16:215:606,Problems In Ecology,"(None, None)",,,NB
16:215:701,Research In Ecology,"(None, None)",,,NB
16:215:800,Matriculation Contd,"(None, None)",,,NB
16:215:811,Graduate Fellowship,"(None, None)",,,NB
16:215:844,Research Internship,"(None, None)",,,NB
16:215:855,Graduate Traineeship,"(None, None)",,,NB
16:215:866,Full Ga Appointment,"(None, None)",,,NB
16:215:877,Full Ta Appointment,"(None, None)",,,NB
16:217:501,Pro-Seminar I: Critical Approaches To East Asian Studies,"(None, None)",,,NB
16:217:515,Women In Pre-Modern China,"(None, None)",,,NB
16:217:525,Nature In Chinese Literature,"(None, None)",,,NB
16:217:593,Independent Study In East Asian Languages And Cultures,"(None, None)",,,NB
16:217:701,Research In East Asian Languages And Cultures,"(None, None)",,,NB
16:217:800,Matriculation Continued,"(None, None)",,,NB
16:220:551,Intro Math Economics,"(None, None)",,,NB
16:220:552,Intro Econometrics,"(None, None)",,,NB
16:220:560,Computational Methods For Economics,"(None, None)",,,NB
16:220:585,Advanced Microeconomic Theory,"(None, None)",,,NB
16:220:600,Mathematical Methods For Microeconomics,"(None, None)",,,NB
16:220:601,Microeconomic Theory I,"(None, None)",,,NB
16:220:604,Macroeconomic Theory I,"(None, None)",,,NB
16:220:606,Advanced Economic Statistics,"(None, None)",,,NB
16:220:608,Econometrics Ii,"(None, None)",,,NB
16:220:609,Applied Econometrics For Microeconomics,"(None, None)",,,NB
16:220:623,Industrial Organization Ii,"(None, None)",,,NB
16:220:630,Financial Economics I,"(None, None)",,,NB
16:220:650,Advanced Topics In Macroeconomics,"(None, None)",,,NB
16:220:701,Research In Economics,"(None, None)",,,NB
16:220:719,Seminar In Labor And Human Resources,"(None, None)",,,NB
16:220:728,Computational Methods In Econometrics,"(None, None)",,,NB
16:220:730,Individual Studies In Economics,"(None, None)",,,NB
16:220:800,Matriculation Continued,"(None, None)",,,NB
16:220:811,Graduate Fellowship,"(None, None)",,,NB
16:220:866,Full Ga Appointment,"(None, None)",,,NB
16:220:867,Part Ga Appointment,"(None, None)",,,NB
16:220:877,Full Ta Appointment,"(None, None)",,,NB
16:220:878,Part Ta Appointment,"(None, None)",,,NB
16:300:501,Proseminar In Educational Theories And Practice,"(None, None)",,,NB
16:300:509,Qualitative Research Methods In Education: Introduction,"(None, None)",,,NB
16:300:511,Quantitative Research Methods In Education I: Introduction,"(None, None)",,,NB
16:300:513,Qualitative Research Methods In Education Ii: Design And Analysis,"(None, None)",,,NB
16:300:518,Quantitative Educational Research       Designs,"(None, None)",,,NB
16:300:541,Economics Of Education Equity And       Efficiency,"(None, None)",,,NB
16:300:582,Educational Psychology Ii: Theories Of Cognition And Instruction,"(None, None)",,,NB
16:300:600,Prethesis Research,"(None, None)",,,NB
16:300:601,Prethesis Research,"(None, None)",,,NB
16:300:695,Topics In Educational Psychology,"(None, None)",,,NB
16:300:699,Independent Study In Education,"(None, None)",,,NB
16:300:701,Research In Education,"(None, None)",,,NB
16:300:800,Matriculation Continued,"(None, None)",,,NB
16:300:811,Graduate Fellowship,"(None, None)",,,NB
16:300:866,Graduate Assistantship,"(None, None)",,,NB
16:300:867,Part Time Graduate Assistantship,"(None, None)",,,NB
16:300:877,Full-Time Teaching Assistantship,"(None, None)",,,NB
16:300:878,Part-Time Teaching Assistantship,"(None, None)",,,NB
16:332:501,System Analysis,"(None, None)",,,NB
16:332:503,Programming Finance,"(None, None)",,,NB
16:332:515,Reinforcement Learning For Engineers,"(None, None)",,,NB
16:332:516,Cloud Computing And Big Data,"(None, None)",,,NB
16:332:518,Mobile Embedded Systems And On-Device Ai,"(None, None)",,,NB
16:332:519,Adv Topics Sys Engg,"(None, None)",,,NB
16:332:521,Digital Signal Analytics,"(None, None)",,,NB
16:332:532,Multimodal Machine Learning For Sensing Systems,"(None, None)",,,NB
16:332:539,Advanced Topics In Information Processing,"(None, None)",,,NB
16:332:541,Stochastic Sig & Sys,"(None, None)",,,NB
16:332:543,Communication Nets I,"(None, None)",,,NB
16:332:546,Wireless Commun Tech,"(None, None)",,,NB
16:332:557,Quantum Computing And Communications Algorithms,"(None, None)",,,NB
16:332:561,Machine Vision,"(None, None)",,,NB
16:332:563,Comp Arch I,"(None, None)",,,NB
16:332:566,Intro To Par/Dist Co,"(None, None)",,,NB
16:332:567,Software Enginrng I,"(None, None)",,,NB
16:332:574,Cad Dig Vlsi Design,"(None, None)",,,NB
16:332:575,Vlsi Array Processor,"(None, None)",,,NB
16:332:579,Adv Tpcs Computr Eng,"(None, None)",,,NB
16:332:581,Intro Sol State Elec,"(None, None)",,,NB
16:332:583,Semiconductor Dev I,"(None, None)",,,NB
16:332:585,Sustainable Energy,"(None, None)",,,NB
16:332:587,Transist Circ Design,"(None, None)",,,NB
16:332:595,Design Methods For Socially Cognizant   Robotics,"(None, None)",,,NB
16:332:598,Biomed Technologies,"(None, None)",,,NB
16:332:599,Adv Topics Ss Elect,"(None, None)",,,NB
16:332:601,Special Problems,"(None, None)",,,NB
16:332:640,Robotics And Society,"(None, None)",,,NB
16:332:699,Colloquium In Ece,"(None, None)",,,NB
16:332:701,Research Elec Engg,"(None, None)",,,NB
16:332:800,Matriculation Contd,"(None, None)",,,NB
16:332:811,Graduate Fellowship,"(None, None)",,,NB
16:332:844,Internship In Ece,"(None, None)",,,NB
16:332:866,Full Ga Appointment,"(None, None)",,,NB
16:332:867,Part Ga Appointment,"(None, None)",,,NB
16:332:877,Full Ta Appointment,"(None, None)",,,NB
16:332:878,Part Ta Appointment,"(None, None)",,,NB
16:340:591,Reproductive & Developmental Toxicology,"(None, None)",,,NB
16:340:601,Non-Thesis Research In Endocrinology    And Animal Biosciences,"(None, None)",,,NB
16:340:603,Special Problems In Endocrinology And Animal Biosciences,"(None, None)",,,NB
16:340:693,Seminar In Endocrinology And Animal Biosciences,"(None, None)",,,NB
16:340:701,Research In Endocrinology And Animal Biosciences,"(None, None)",,,NB
16:340:800,Matriculation Contd,"(None, None)",,,NB
16:340:811,Graduate Fellowship,"(None, None)",,,NB
16:340:844,Research Internship,"(None, None)",,,NB
16:340:866,Full Ga Appointment,"(None, None)",,,NB
16:340:867,Part Ga Appointment,"(None, None)",,,NB
16:340:877,Full Ta Appointment,"(None, None)",,,NB
16:340:878,Part Ta Appointment,"(None, None)",,,NB
16:350:501,Ind Stud Brit-Am Lit,"(None, None)",,,NB
16:350:503,Narrative Form,"(None, None)",,,NB
16:350:508,Critical Methodolog,"(None, None)",,,NB
16:350:525,Literary Pedagogies,"(None, None)",,,NB
16:350:572,Victorian Fiction,"(None, None)",,,NB
16:350:589,Studies Af-Am Lt&Clt,"(None, None)",,,NB
16:350:594,20Ct Lit & Culture,"(None, None)",,,NB
16:350:601,Readings In British And American Literature,"(None, None)",,,NB
16:350:603,Sem:Genre Theory,"(None, None)",,,NB
16:350:646,Sem:19C Amer Fiction,"(None, None)",,,NB
16:350:655,Sem:Tpc Af-Am Lt&Clt,"(None, None)",,,NB
16:350:701,Research In Literature,"(None, None)",,,NB
16:350:800,Matriculation Contd,"(None, None)",,,NB
16:350:811,Graduate Fellowship,"(None, None)",,,NB
16:350:866,Full Ga Appointment,"(None, None)",,,NB
16:350:877,Full Ta Appointment,"(None, None)",,,NB
16:355:502,Graduate Writing,"(None, None)",,,NB
16:355:506,Writing For Publication,"(None, None)",,,NB
16:355:508,Writing The Dissertation,"(None, None)",,,NB
16:356:591,Teaching Assistant Seminar And Practicum,"(None, None)",,,NB
16:356:610,Graduate Communication Studio,"(None, None)",,,NB
16:366:611,Seminar In Bioenvironmental Engineering,"(None, None)",,,NB
16:366:697,Special Problems Bioenvironmental       Engineering,"(None, None)",,,NB
16:366:701,Research In Bioenvironmental            Engineering,"(None, None)",,,NB
16:366:800,Matriculation Contd,"(None, None)",,,NB
16:366:866,Full Ga Appointment,"(None, None)",,,NB
16:366:867,Part Ga Appointment,"(None, None)",,,NB
16:366:877,Full Ta Appointment,"(None, None)",,,NB
16:366:878,Part Ta Appointment,"(None, None)",,,NB
16:370:515,Insect Evolution,"(None, None)",,,NB
16:370:516,Insect Physiology,"(None, None)",,,NB
16:370:517,Insct Plnt Interactn,"(None, None)",,,NB
16:370:522,Toxicology Of Insecticides,"(None, None)",,,NB
16:370:524,Insect Taxonomy,"(None, None)",,,NB
16:370:604,Seminar In Entomology,"(None, None)",,,NB
16:370:695,Spec Studies Entomol,"(None, None)",,,NB
16:370:701,Research In Entomology,"(None, None)",,,NB
16:370:800,Matriculation Contd,"(None, None)",,,NB
16:370:811,Graduate Fellowship,"(None, None)",,,NB
16:370:844,Research Internship,"(None, None)",,,NB
16:370:866,Full Ga Appointment,"(None, None)",,,NB
16:370:867,Part Ga Appointment,"(None, None)",,,NB
16:370:877,Full Ta Appointment,"(None, None)",,,NB
16:370:878,Part Ta Appointment,"(None, None)",,,NB
16:375:501,Environ Sci Analysis,"(None, None)",,,NB
16:375:504,Water & Ww Treatment,"(None, None)",,,NB
16:375:511,Journal Club In Environmental Science,"(None, None)",,,NB
16:375:512,Pollut Microbiol Lab,"(None, None)",,,NB
16:375:517,Appl Aquatic Chemist,"(None, None)",,,NB
16:375:524,Source Contr Atm Pol,"(None, None)",,,NB
16:375:534,Environment Sustain,"(None, None)",,,NB
16:375:540,Atmospheric Chem,"(None, None)",,,NB
16:375:573,Soil Ecology,"(None, None)",,,NB
16:375:613,Sem Environm Science,"(None, None)",,,NB
16:375:626,Advanced Special Problems In Environmental Science,"(None, None)",,,NB
16:375:675,Supervsd Coll Tch Ex,"(None, None)",,,NB
16:375:701,Research In Environmental Science I,"(None, None)",,,NB
16:375:800,Matriculation Contd,"(None, None)",,,NB
16:375:811,Graduate Fellowship,"(None, None)",,,NB
16:375:844,Research Internship,"(None, None)",,,NB
16:375:855,Graduate Traineeship,"(None, None)",,,NB
16:375:866,Full Ga Appointment,"(None, None)",,,NB
16:375:867,Part Ga Appointment,"(None, None)",,,NB
16:375:877,Full Ta Appointment,"(None, None)",,,NB
16:375:878,Part Ta Appointment,"(None, None)",,,NB
16:378:501,Environmental Change,"(None, None)",,,NB
16:395:502,Int Agr Development,"(None, None)",,,NB
16:395:503,Res Meth In App Econ,"(None, None)",,,NB
16:395:505,Micro Theory W/Apps,"(None, None)",,,NB
16:395:620,Independent Study In Food & Business Economics,"(None, None)",,,NB
16:395:621,Practicum In Food And Business Economics,"(None, None)",,,NB
16:395:701,Res In Food & Bus Ec,"(None, None)",,,NB
16:395:800,Matriculation Contd,"(None, None)",,,NB
16:395:811,Graduate Fellowship,"(None, None)",,,NB
16:395:844,Research Internship,"(None, None)",,,NB
16:395:866,Full Ga Appointment,"(None, None)",,,NB
16:395:867,Part Ga Appointment,"(None, None)",,,NB
16:395:877,Full Ta Appointment,"(None, None)",,,NB
16:395:878,Part Ta Appointment,"(None, None)",,,NB
16:400:513,Food Chemistry Fund,"(None, None)",,,NB
16:400:535,Beneficial Microbes In Food And Health,"(None, None)",,,NB
16:400:600,Seminar In Food Science Audience,"(None, None)",,,NB
16:400:601,Seminar In Food Sci,"(None, None)",,,NB
16:400:603,Special Topics In Food Science,"(None, None)",,,NB
16:400:606,Food Pack Sci & Tech,"(None, None)",,,NB
16:400:612,Intr Colld Intrf Sci,"(None, None)",,,NB
16:400:613,Nanotechnology Appl,"(None, None)",,,NB
16:400:701,Research In Food Sci,"(None, None)",,,NB
16:400:800,Matriculation Contd,"(None, None)",,,NB
16:400:811,Graduate Fellowship,"(None, None)",,,NB
16:400:866,Full Ga Appointment,"(None, None)",,,NB
16:400:867,Part Ga Appointment,"(None, None)",,,NB
16:400:877,Teaching Assistantship,"(None, None)",,,NB
16:400:878,Part Ta Appointment,"(None, None)",,,NB
16:420:504,Translation,"(None, None)",,,NB
16:420:601,Independent Study In French Literature,"(None, None)",,,NB
16:420:701,Research In French,"(None, None)",,,NB
16:420:800,Matriculation Continued,"(None, None)",,,NB
16:420:811,Graduate Fellowship,"(None, None)",,,NB
16:420:877,Teaching Assistantship In French,"(None, None)",,,NB
16:450:516,Urban Geography,"(None, None)",,,NB
16:450:517,Directed Study Geogr,"(None, None)",,,NB
16:450:601,Geog Perspectives,"(None, None)",,,NB
16:450:606,Geography Seminar,"(None, None)",,,NB
16:450:618,Abolition Geography,"(None, None)",,,NB
16:450:701,Research In Geography,"(None, None)",,,NB
16:450:800,Matriculation Contd,"(None, None)",,,NB
16:450:811,Graduate Fellowship,"(None, None)",,,NB
16:450:844,Research Internship,"(None, None)",,,NB
16:450:866,Full Ga Appointment,"(None, None)",,,NB
16:450:867,Part Ga Appointment,"(None, None)",,,NB
16:450:877,Full Ta Appointment,"(None, None)",,,NB
16:450:878,Part Ta Appointment,"(None, None)",,,NB
16:460:523,Geomorphology,"(None, None)",,,NB
16:460:541,Marine Geology,"(None, None)",,,NB
16:460:565,Atom Struc Minerals,"(None, None)",,,NB
16:460:601,Adv Studies In Geol,"(None, None)",,,NB
16:460:630,Seminar In Planetary Science,"(None, None)",,,NB
16:460:632,Seminar In Applied Cosmochemistry       And Geochemistry,"(None, None)",,,NB
16:460:655,Research Colloquium,"(None, None)",,,NB
16:460:701,Research In Geology,"(None, None)",,,NB
16:460:800,Matriculation Contd,"(None, None)",,,NB
16:460:811,Graduate Fellowship,"(None, None)",,,NB
16:460:844,Research Internship,"(None, None)",,,NB
16:460:866,Full Ga Appointment,"(None, None)",,,NB
16:460:867,Part Ga Appointment,"(None, None)",,,NB
16:460:877,Full Ta Appointment,"(None, None)",,,NB
16:460:878,Part Ta Appointment,"(None, None)",,,NB
16:470:502,Teaching Apprenticeship In German,"(None, None)",,,NB
16:470:601,Ind Stdy Ger Lan&Lit,"(None, None)",,,NB
16:470:670,Top In German Lit I,"(None, None)",,,NB
16:470:671,Top In German Lit Ii,"(None, None)",,,NB
16:470:672,Top In German Litiii,"(None, None)",,,NB
16:470:701,Rsrch Germ Lang&Lit,"(None, None)",,,NB
16:470:800,Matriculation Contd,"(None, None)",,,NB
16:470:811,Graduate Fellowship,"(None, None)",,,NB
16:470:866,Full Ga Appointment,"(None, None)",,,NB
16:470:867,Part Ga Appointment,"(None, None)",,,NB
16:470:877,Full Ta Appointment,"(None, None)",,,NB
16:470:878,Part Ta Appointment,"(None, None)",,,NB
16:475:543,Internship In Global Sports Business,"(None, None)",,,NB
16:475:545,Executive Training Program (Residency),"(None, None)",,,NB
16:507:510,Higher Education Structures & Governance,"(None, None)",,,NB
16:507:520,Higher Education Law,"(None, None)",,,NB
16:507:550,Field Experience In Higher Education,"(None, None)",,,NB
16:507:600,Independent Study In Higher Education,"(None, None)",,,NB
16:507:695,Research & Dissertation Seminar,"(None, None)",,,NB
16:507:701,Research In Higher Education,"(None, None)",,,NB
16:507:800,Matriculation Continued,"(None, None)",,,NB
16:507:811,Graduate Fellowship,"(None, None)",,,NB
16:510:500,Historian'S Craft:I,"(None, None)",,,NB
16:510:509,Teaching Of History,"(None, None)",,,NB
16:510:534,Colloq: Environ Hist,"(None, None)",,,NB
16:510:539,Colloquium In Women'S And Gender History,"(None, None)",,,NB
16:510:551,Sem World Comp Hist,"(None, None)",,,NB
16:510:553,Readings In African American History I,"(None, None)",,,NB
16:510:555,Readings In American History I,"(None, None)",,,NB
16:510:563,Colloquium In African-American History,"(None, None)",,,NB
16:510:574,Seminar In African American History Ii,"(None, None)",,,NB
16:510:597,Reading In Early Modern European History,"(None, None)",,,NB
16:510:678,Advanced Topics In History,"(None, None)",,,NB
16:510:679,Advanced Topics In History,"(None, None)",,,NB
16:510:680,Minor Field Preparation,"(None, None)",,,NB
16:510:681,Major Field Preparation,"(None, None)",,,NB
16:510:682,Dissertation Proposal Preparation,"(None, None)",,,NB
16:510:800,Matriculation Contd,"(None, None)",,,NB
16:510:811,Graduate Fellowship,"(None, None)",,,NB
16:510:866,Full Ga Appointment,"(None, None)",,,NB
16:510:877,Full Ta Appointment,"(None, None)",,,NB
16:540:505,Engineering Decision Making Under Uncertainty,"(None, None)",,,NB
16:540:507,Data Analytics In Engineering Systems,"(None, None)",,,NB
16:540:510,Det Models In Ie,"(None, None)",,,NB
16:540:520,Supply Chain Eng I,"(None, None)",,,NB
16:540:550,Special Problems In Industrial Engineering,"(None, None)",,,NB
16:540:552,Mfg Project,"(None, None)",,,NB
16:540:573,Adv Mfg Processes,"(None, None)",,,NB
16:540:575,Adv Eng Economics I,"(None, None)",,,NB
16:540:580,Quality Management,"(None, None)",,,NB
16:540:585,Sys Reliability Engi,"(None, None)",,,NB
16:540:601,Training Future Ise Faculty Members,"(None, None)",,,NB
16:540:691,Seminar In I & Se,"(None, None)",,,NB
16:540:694,Adv Topics In I.E.,"(None, None)",,,NB
16:540:697,Advanced Topics In Industrial           Engineering,"(None, None)",,,NB
16:540:701,Research In Industrial Engineering,"(None, None)",,,NB
16:540:800,Matriculation Contd,"(None, None)",,,NB
16:540:811,Graduate Fellowship,"(None, None)",,,NB
16:540:844,Research Internship,"(None, None)",,,NB
16:540:866,Full Ga Appointment,"(None, None)",,,NB
16:540:867,Prat Ga Appointment,"(None, None)",,,NB
16:540:877,Full Ta Appointment,"(None, None)",,,NB
16:540:878,Part Ta Appointment,"(None, None)",,,NB
16:545:601,Independent Study In Industrial Relations And Human Resources,"(None, None)",,,NB
16:545:610,Proseminar In Irhr,"(None, None)",,,NB
16:545:611,Seminar In Ir:Survey,"(None, None)",,,NB
16:545:612,Sem Human Res Macro,"(None, None)",,,NB
16:545:701,Research In Ind Rel,"(None, None)",,,NB
16:545:811,Fellowship,"(None, None)",,,NB
16:545:866,Full Ga Appointment,"(None, None)",,,NB
16:545:877,Full Ta Appointment,"(None, None)",,,NB
16:550:500,Landscape Architecture - Common Lecture Series,"(None, None)",,,NB
16:550:531,Studio One,"(None, None)",,,NB
16:550:538,Master'S Research Project,"(None, None)",,,NB
16:550:541,Represen I-Drawing,"(None, None)",,,NB
16:550:552,Case Studies In Contemporary Landscape Architecture: 1850 To Present,"(None, None)",,,NB
16:550:561,Construction 3: Design,"(None, None)",,,NB
16:550:600,Independent Study In Landscape Architecture,"(None, None)",,,NB
16:550:701,Res In Lndscp Arch,"(None, None)",,,NB
16:560:605,Dante Seminar,"(None, None)",,,NB
16:560:647,Ital Women Writers,"(None, None)",,,NB
16:560:668,Strategies To Teach A Second Language   Effectively,"(None, None)",,,NB
16:560:701,Research In Italian,"(None, None)",,,NB
16:560:800,Matriculation Contd,"(None, None)",,,NB
16:560:811,Graduate Fellowship,"(None, None)",,,NB
16:560:866,Full Ga Appointment,"(None, None)",,,NB
16:560:877,Full Ta Appointment,"(None, None)",,,NB
16:560:878,Part Ta Appointment,"(None, None)",,,NB
16:563:685,Independent Study In Jewish Studies,"(None, None)",,,NB
16:572:512,Advanced Applied Human Physiology,"(None, None)",,,NB
16:572:521,Seminar In Health Physiology,"(None, None)",,,NB
16:572:701,Research In Kinesiology & Applied Physiology,"(None, None)",,,NB
16:572:800,Matriculation Continued,"(None, None)",,,NB
16:572:811,Graduate Fellowship,"(None, None)",,,NB
16:572:866,Full Ga Appointment,"(None, None)",,,NB
16:572:867,Part Ga Appointment,"(None, None)",,,NB
16:572:877,Full Ta Appointment,"(None, None)",,,NB
16:572:878,Part Ta Appointment,"(None, None)",,,NB
16:615:510,Syntax I,"(None, None)",,,NB
16:615:515,Seminar In Syntax,"(None, None)",,,NB
16:615:520,Phonology I,"(None, None)",,,NB
16:615:525,Seminar In Phonology,"(None, None)",,,NB
16:615:530,Semantics I,"(None, None)",,,NB
16:615:690,Qualifyng Paper Wksh,"(None, None)",,,NB
16:615:695,Independent Study,"(None, None)",,,NB
16:615:701,Research,"(None, None)",,,NB
16:615:800,Matriculation Contd,"(None, None)",,,NB
16:615:811,Graduate Fellowship,"(None, None)",,,NB
16:615:855,Graduate Traineeship,"(None, None)",,,NB
16:615:866,Full Ga Appointment,"(None, None)",,,NB
16:615:867,Part Ga Appointment,"(None, None)",,,NB
16:615:877,Full Ta Appointment,"(None, None)",,,NB
16:615:878,Part Ta Appointment,"(None, None)",,,NB
16:617:500,Methods Of World Language Teaching (K-12),"(None, None)",,,NB
16:617:503,Technology In The World Lang. Class (K-12),"(None, None)",,,NB
16:617:599,Teaching Portfolio Project,"(None, None)",,,NB
16:635:505,Advanced Optical Materials,"(None, None)",,,NB
16:635:513,Mechanical Behavior Of Materials,"(None, None)",,,NB
16:635:525,Properties Of Materials Surfaces,"(None, None)",,,NB
16:635:527,Thermodynamics Of Materials Systems,"(None, None)",,,NB
16:635:529,Intro Coll/Surf Chem,"(None, None)",,,NB
16:635:570,Solar Cell Design And Processing,"(None, None)",,,NB
16:635:601,Materials Seminar,"(None, None)",,,NB
16:635:603,Spec Prob Materials,"(None, None)",,,NB
16:635:701,Research Materials,"(None, None)",,,NB
16:635:800,Matriculation Contd,"(None, None)",,,NB
16:635:811,Graduate Fellowship,"(None, None)",,,NB
16:635:844,Research Internship,"(None, None)",,,NB
16:635:866,Full Ga Appointment,"(None, None)",,,NB
16:635:867,Part Ga Appointment,"(None, None)",,,NB
16:635:877,Full Ta Appointment,"(None, None)",,,NB
16:635:878,Part Ta Appointment,"(None, None)",,,NB
16:640:501,Ther Fnc Real Vari I,"(None, None)",,,NB
16:640:503,Ther Fnc Comp Vari I,"(None, None)",,,NB
16:640:507,Functional Analys I,"(None, None)",,,NB
16:640:517,Partl Diff Equatns I,"(None, None)",,,NB
16:640:521,Harmonic Analysis,"(None, None)",,,NB
16:640:532,Differential Geometry I,"(None, None)",,,NB
16:640:534,Sel Tpcs Geometry I,"(None, None)",,,NB
16:640:535,Algebraic Geometry I,"(None, None)",,,NB
16:640:540,Intro Alg Topology I,"(None, None)",,,NB
16:640:548,Diff Topology,"(None, None)",,,NB
16:640:550,Lie Algebras,"(None, None)",,,NB
16:640:551,Abstract Algebra I,"(None, None)",,,NB
16:640:556,Representation Theor,"(None, None)",,,NB
16:640:557,Topics In Vertex Operator Algebra Theory,"(None, None)",,,NB
16:640:560,Homological Algebra,"(None, None)",,,NB
16:640:561,Mathematical Logic,"(None, None)",,,NB
16:640:571,Number Theory I,"(None, None)",,,NB
16:640:573,Spec Top Number Thry,"(None, None)",,,NB
16:640:615,Special Studies In Advanced Mathematics,"(None, None)",,,NB
16:640:616,Seminar In Math 1,"(None, None)",,,NB
16:640:701,Res In Mathematics,"(None, None)",,,NB
16:640:800,Matriculation Contd,"(None, None)",,,NB
16:640:811,Graduate Fellowship,"(None, None)",,,NB
16:640:855,Graduate Traineeship,"(None, None)",,,NB
16:640:866,Full Ga Appointment,"(None, None)",,,NB
16:640:867,Part Ga Appointment,"(None, None)",,,NB
16:640:877,Full Ta Appointment,"(None, None)",,,NB
16:640:878,Part Ta Appointment,"(None, None)",,,NB
16:642:527,Meth Applied Math I,"(None, None)",,,NB
16:642:550,Linear Alg&Applictns,"(None, None)",,,NB
16:642:561,Intro Math Physics I,"(None, None)",,,NB
16:642:563,Stat Mech I Equilib,"(None, None)",,,NB
16:642:581,Graph Theory,"(None, None)",,,NB
16:642:582,Combinatorics I,"(None, None)",,,NB
16:642:591,Tpc Prob Ergod Thr I,"(None, None)",,,NB
16:642:611,Sel Top Applied Math,"(None, None)",,,NB
16:642:661,Topics Math Physics,"(None, None)",,,NB
16:650:504,Math Methods In Eng,"(None, None)",,,NB
16:650:512,Robotics & Mechatron,"(None, None)",,,NB
16:650:530,Fluid Mechanics I,"(None, None)",,,NB
16:650:531,Additive Manufacturing:Fundamentals And Applications,"(None, None)",,,NB
16:650:542,Independent Study,"(None, None)",,,NB
16:650:550,Mech Of Materials,"(None, None)",,,NB
16:650:554,Mech Of Continua,"(None, None)",,,NB
16:650:558,Lunar Habitats,"(None, None)",,,NB
16:650:560,Drones Fundamentals And Applications,"(None, None)",,,NB
16:650:562,Ctec1- Discovery To Business Model-Lecture,"(None, None)",,,NB
16:650:563,Ctec1: Discovery To Business Model- Practicum,"(None, None)",,,NB
16:650:567,Spacecraft Dynamics And Control,"(None, None)",,,NB
16:650:570,Conduction Heat Tran,"(None, None)",,,NB
16:650:582,Comp Heat Transfer,"(None, None)",,,NB
16:650:601,Independent Study,"(None, None)",,,NB
16:650:605,Advanced Mechanical Engineering Topics,"(None, None)",,,NB
16:650:607,Advanced Mechanical Engineering Topics,"(None, None)",,,NB
16:650:608,Seminar M.E.,"(None, None)",,,NB
16:650:631,Fluid Mechanics Iii,"(None, None)",,,NB
16:650:634,Compressible Flows,"(None, None)",,,NB
16:650:652,Composites,"(None, None)",,,NB
16:650:670,Combustion,"(None, None)",,,NB
16:650:701,Research In Mechanical And Aerospace Engineering,"(None, None)",,,NB
16:650:800,Matriculation Contd,"(None, None)",,,NB
16:650:811,Graduate Fellowship,"(None, None)",,,NB
16:650:866,Full Ga Appointment,"(None, None)",,,NB
16:650:867,Part Ga Appointment,"(None, None)",,,NB
16:650:877,Full Ta Appointment,"(None, None)",,,NB
16:650:878,Part Ta Appointment,"(None, None)",,,NB
16:663:501,Foundations In Drug Discovery,"(None, None)",,,NB
16:663:508,Lab Rotat Med Chem,"(None, None)",,,NB
16:663:540,Indep Res Proposal,"(None, None)",,,NB
16:663:601,Sem In Medicinal Chm,"(None, None)",,,NB
16:663:620,Non-Thesis Masters Programmatic Study Inmedicinal Chemistry,"(None, None)",,,NB
16:663:701,Research In Medicinal Chemistry,"(None, None)",,,NB
16:663:800,Matric Continued,"(None, None)",,,NB
16:663:811,Graduate Fellowship,"(None, None)",,,NB
16:663:855,Graduate Traineeship,"(None, None)",,,NB
16:663:866,Full Ga Appointment,"(None, None)",,,NB
16:663:867,Part Ga Appointment,"(None, None)",,,NB
16:663:877,Full Ta Appointment,"(None, None)",,,NB
16:663:878,Part Ta Appointment,"(None, None)",,,NB
16:681:535,Human Genetics,"(None, None)",,,NB
16:681:584,Research Methods For Genetic            Counselors I,"(None, None)",,,NB
16:681:587,Counseling Techniques For Genetic Couns Elors Ii,"(None, None)",,,NB
16:681:590,Foundations Of Genetic Counseling,"(None, None)",,,NB
16:681:592,Advanced And Current Topics In Genetic Counseling,"(None, None)",,,NB
16:681:595,Medical Genetics Ii,"(None, None)",,,NB
16:681:597,Clinical Cancer Genetic Counseling,"(None, None)",,,NB
16:681:608,Teaching Techniques,"(None, None)",,,NB
16:681:611,Lab Rot Mic Mol Gen,"(None, None)",,,NB
16:681:613,Lab Rot Mic Mol Gen,"(None, None)",,,NB
16:681:641,Independent Study In Microbiology And Molecular Genetics,"(None, None)",,,NB
16:681:671,Topics In The Translation Of Research Tomedicine,"(None, None)",,,NB
16:681:681,"Seminar In Molecular Genetics, Microbiol& Physiol-Topics In Molecular Medicine","(None, None)",,,NB
16:681:687,Lab And Clinical Rotations For Genetic  Counselors,"(None, None)",,,NB
16:681:701,Research In Microbiology And Molecular Genetics,"(None, None)",,,NB
16:681:800,Matriculation Contd,"(None, None)",,,NB
16:681:811,Graduate Fellowship,"(None, None)",,,NB
16:681:855,Graduate Traineeship,"(None, None)",,,NB
16:681:866,Full Ga Appointment,"(None, None)",,,NB
16:681:877,Full Ta Appointment,"(None, None)",,,NB
16:682:501,Microbial Life,"(None, None)",,,NB
16:682:502,Microbial Biochem,"(None, None)",,,NB
16:682:521,Sem Microbial Biol,"(None, None)",,,NB
16:682:523,Microbial Biology Seminars,"(None, None)",,,NB
16:682:524,Appl & Industr Micro,"(None, None)",,,NB
16:682:530,Sci Conduct/Ethics,"(None, None)",,,NB
16:682:531,Basic Biochemistry,"(None, None)",,,NB
16:682:572,Micro Ecol & Div,"(None, None)",,,NB
16:682:611,Laboratory Rotation In Microbial Biology,"(None, None)",,,NB
16:682:641,Advanced Special Problems In Microbial  Biology,"(None, None)",,,NB
16:682:651,Practical Training In Microbial Biology,"(None, None)",,,NB
16:682:691,Nonthesis Study Microbial Biology,"(None, None)",,,NB
16:682:701,Res Microbial Bio,"(None, None)",,,NB
16:682:800,Matriculation Contd,"(None, None)",,,NB
16:682:811,Graduate Fellowship,"(None, None)",,,NB
16:682:866,Full Ga Appointment,"(None, None)",,,NB
16:682:867,Part Ga Appointment,"(None, None)",,,NB
16:682:877,Full Ta Appointment,"(None, None)",,,NB
16:682:878,Part Ta Appointment,"(None, None)",,,NB
16:695:538,Fundamentals Of Molecular Biosciences,"(None, None)",,,NB
16:695:539,Experimental Methods In Molecular Biosciences,"(None, None)",,,NB
16:695:551,Essential Skills I,"(None, None)",,,NB
16:695:600,Progress Reports Of Graduate Students Inmolecular Biosciences,"(None, None)",,,NB
16:695:615,Lab Rotation I,"(None, None)",,,NB
16:700:501,Introduction To Music Research,"(None, None)",,,NB
16:700:509,Music History-Review,"(None, None)",,,NB
16:700:511,Music Theory Review,"(None, None)",,,NB
16:700:515,Computer Composition,"(None, None)",,,NB
16:700:519,Pro-Seminar In Musicology,"(None, None)",,,NB
16:700:525,Study In Music Analysis,"(None, None)",,,NB
16:700:531,Pro-Seminar In Composition,"(None, None)",,,NB
16:700:541,Special Topics: Music Theory & Analysis,"(None, None)",,,NB
16:700:567,Pro-Seminar In Performance Practice,"(None, None)",,,NB
16:700:573,20Th Century Theory,"(None, None)",,,NB
16:700:601,Independent Study,"(None, None)",,,NB
16:700:603,Masters Project,"(None, None)",,,NB
16:700:619,Seminar Musicology,"(None, None)",,,NB
16:700:631,Seminar In Composition,"(None, None)",,,NB
16:700:701,Research In Music,"(None, None)",,,NB
16:700:800,Matriculation Contd,"(None, None)",,,NB
16:700:811,Graduate Fellowship,"(None, None)",,,NB
16:700:867,Part Ga Appointment,"(None, None)",,,NB
16:700:877,Teaching Assistantship,"(None, None)",,,NB
16:700:878,Teaching Assistantship,"(None, None)",,,NB
16:709:503,Introduction To Applied Nutrition Research,"(None, None)",,,NB
16:709:510,Advanced Topics In Disease Prevention,"(None, None)",,,NB
16:709:526,Health Promotion In Nutrition & Dietetics 2,"(None, None)",,,NB
16:709:553,Nutrition: A Biochemical And Physiological Basis,"(None, None)",,,NB
16:709:601,Nutritional Sciences Seminar,"(None, None)",,,NB
16:709:603,Advanced Studies In Nutrition,"(None, None)",,,NB
16:709:618,Dietetics Supervised Practice,"(None, None)",,,NB
16:709:620,Advanced Topics In Nutritional Sciences,"(None, None)",,,NB
16:709:625,Recent Adv Nutr Sci,"(None, None)",,,NB
16:709:644,Research Supervised Practice,"(None, None)",,,NB
16:709:699,Nonthesis Study,"(None, None)",,,NB
16:709:701,Research In Nutritional Sciences,"(None, None)",,,NB
16:709:800,Matriculation Continued,"(None, None)",,,NB
16:709:811,Graduate Fellowship,"(None, None)",,,NB
16:709:866,Graduate Assistantship,"(None, None)",,,NB
16:709:867,Part Ga Appointment,"(None, None)",,,NB
16:709:877,Teaching Assistantship,"(None, None)",,,NB
16:709:878,Part Ta Appointment,"(None, None)",,,NB
16:710:544,Mol Reg/Neurogenesis,"(None, None)",,,NB
16:710:555,Neurobiology,"(None, None)",,,NB
16:710:605,Advanced Studies,"(None, None)",,,NB
16:710:701,Research,"(None, None)",,,NB
16:710:800,Matriculation Contc,"(None, None)",,,NB
16:710:811,Graduate Fellowship,"(None, None)",,,NB
16:710:866,Full Ga Appointment,"(None, None)",,,NB
16:710:877,Full Ta Appointment,"(None, None)",,,NB
16:712:500,Coast Cli Risk Resil,"(None, None)",,,NB
16:712:501,Physical Oceanography,"(None, None)",,,NB
16:712:505,Integrated Ocean Observing 1,"(None, None)",,,NB
16:712:509,Integrated Ocean Observing - Software Bootcamp,"(None, None)",,,NB
16:712:510,Operational Ocean Modeling/Visualization1,"(None, None)",,,NB
16:712:520,Biological Oceanography: Water Column Ecosystems,"(None, None)",,,NB
16:712:552,Remote Sensing Of The Oceans & Atmosphere,"(None, None)",,,NB
16:712:560,History Of Earth System,"(None, None)",,,NB
16:712:561,Professional Science Writing & Presentation,"(None, None)",,,NB
16:712:693,Independent Study In Oceanography,"(None, None)",,,NB
16:712:701,Research In Oceanography,"(None, None)",,,NB
16:712:800,Matriculation Continued,"(None, None)",,,NB
16:712:811,Graduate Fellowship,"(None, None)",,,NB
16:712:844,Research Internship,"(None, None)",,,NB
16:712:866,Grad Assistantship,"(None, None)",,,NB
16:712:877,Teach Assistantship,"(None, None)",,,NB
16:718:811,Graduate Fellowship,"(None, None)",,,NB
16:718:866,Full Ga Appointment,"(None, None)",,,NB
16:718:867,Part Ga Appointment,"(None, None)",,,NB
16:718:877,Full Ta Appointment,"(None, None)",,,NB
16:718:878,Part Ta Appointment,"(None, None)",,,NB
16:720:507,Adv Pharmaceutics,"(None, None)",,,NB
16:720:540,Indep Res Proposal,"(None, None)",,,NB
16:720:601,Sem In Phar Sciences,"(None, None)",,,NB
16:720:610,Independent Study,"(None, None)",,,NB
16:720:701,Research In Pharmaceutical Sciences,"(None, None)",,,NB
16:720:703,Attndn P'Ceutic Semn,"(None, None)",,,NB
16:720:800,Matriculation Contd,"(None, None)",,,NB
16:720:811,Graduate Fellowship,"(None, None)",,,NB
16:720:855,Graduate Traineeship,"(None, None)",,,NB
16:720:866,Full Ga Appointment,"(None, None)",,,NB
16:720:867,Part Ga Appointment,"(None, None)",,,NB
16:720:877,Full Ta Appointment,"(None, None)",,,NB
16:720:878,Part Ta Appointment,"(None, None)",,,NB
16:730:550,Seminar In Epistemology,"(None, None)",,,NB
16:730:570,Sem Phil Of Language,"(None, None)",,,NB
16:730:582,Sem Phil Of Law,"(None, None)",,,NB
16:730:595,Proseminar In Phil,"(None, None)",,,NB
16:730:601,Spec Studies Philos,"(None, None)",,,NB
16:730:603,Spec Studies Philos,"(None, None)",,,NB
16:730:653,Adv Tpcs:Metaphysics,"(None, None)",,,NB
16:730:695,Dissertation Seminar,"(None, None)",,,NB
16:730:701,Res In Philosophy,"(None, None)",,,NB
16:730:800,Matriculation Contd,"(None, None)",,,NB
16:730:811,Graduate Fellowship,"(None, None)",,,NB
16:730:866,Full Ga Appointment,"(None, None)",,,NB
16:730:877,Full Ta Appointment,"(None, None)",,,NB
16:731:501,Fundamentals Of Packaging Engineering,"(None, None)",,,NB
16:731:545,Packaging And Environment,"(None, None)",,,NB
16:731:562,Selected Topics,"(None, None)",,,NB
16:731:580,Professional Internship Packaging,"(None, None)",,,NB
16:731:590,Independent Study In Packaging,"(None, None)",,,NB
16:731:591,Packaging Engineering Research,"(None, None)",,,NB
16:731:592,Master'S Project,"(None, None)",,,NB
16:750:501,Quantum Mechanics,"(None, None)",,,NB
16:750:503,Elect & Magnetism I,"(None, None)",,,NB
16:750:507,Classical Mechanics,"(None, None)",,,NB
16:750:509,Physics Appli Cmptrs,"(None, None)",,,NB
16:750:511,Topics Math Physics,"(None, None)",,,NB
16:750:601,Solid State Phys - I,"(None, None)",,,NB
16:750:610,Interstellar Matter,"(None, None)",,,NB
16:750:620,Intro Many-Body,"(None, None)",,,NB
16:750:623,Advanced Studies In Physics,"(None, None)",,,NB
16:750:624,Advanced Studies In Physics,"(None, None)",,,NB
16:750:633,Seminar,"(None, None)",,,NB
16:750:677,Advanced Topics In Statistical Mechanicsand Biological Physics I,"(None, None)",,,NB
16:750:681,Adv Top Sol State I,"(None, None)",,,NB
16:750:685,Adv Topics Nucl I,"(None, None)",,,NB
16:750:699,Non-Thesis Study,"(None, None)",,,NB
16:750:701,Research In Physics,"(None, None)",,,NB
16:750:702,Research In Physics,"(None, None)",,,NB
16:750:800,Matriculation Contd,"(None, None)",,,NB
16:750:811,Graduate Fellowship,"(None, None)",,,NB
16:750:866,Full Ga Appointment,"(None, None)",,,NB
16:750:877,Full Ta Appointment,"(None, None)",,,NB
16:761:562,Phy&Biophy Journ Clb,"(None, None)",,,NB
16:761:567,Physiology And Integrative Biology Laboratory Rotation,"(None, None)",,,NB
16:761:600,Phys Basis Disease,"(None, None)",,,NB
16:761:701,Research Physio-Neur,"(None, None)",,,NB
16:761:800,Matriculation Contd,"(None, None)",,,NB
16:761:811,Graduate Fellowship,"(None, None)",,,NB
16:761:844,Research Internship,"(None, None)",,,NB
16:761:855,Graduate Traineeship,"(None, None)",,,NB
16:761:866,Full Ga Appointment,"(None, None)",,,NB
16:761:867,Part Ga Appointment,"(None, None)",,,NB
16:761:877,Full Ta Appointment,"(None, None)",,,NB
16:761:878,Part Ta Appointment,"(None, None)",,,NB
16:762:624,"Planning, Public Policy & Social Theory I","(None, None)",,,NB
16:762:626,Advanced Scholarly Research,"(None, None)",,,NB
16:762:701,Research/Planning & Policy,"(None, None)",,,NB
16:762:800,Matriculation Continued,"(None, None)",,,NB
16:765:502,Advanced Plant Physiology,"(None, None)",,,NB
16:765:513,Plant Molecular Biol,"(None, None)",,,NB
16:765:522,Applied Plant Science Statistics,"(None, None)",,,NB
16:765:528,Adv Plant Breeding,"(None, None)",,,NB
16:765:540,Natural Products And Human Health,"(None, None)",,,NB
16:765:585,Bioinformatics,"(None, None)",,,NB
16:765:601,Probs Plant Biology,"(None, None)",,,NB
16:765:603,Selected Topics In Plant Biology,"(None, None)",,,NB
16:765:609,Scientific Communication In Plant       Biology,"(None, None)",,,NB
16:765:623,Core Seminar In Plant Biology Iii,"(None, None)",,,NB
16:765:699,Non-Thesis Study,"(None, None)",,,NB
16:765:701,Research In Plant Biology,"(None, None)",,,NB
16:765:811,Graduate Fellowship,"(None, None)",,,NB
16:765:866,Full Ga Appointment,"(None, None)",,,NB
16:765:867,Part Ga Appointment,"(None, None)",,,NB
16:765:877,Full Ta Appointment,"(None, None)",,,NB
16:765:878,Part Ta Appointment,"(None, None)",,,NB
16:790:500,Introduction To The United Nations,"(None, None)",,,NB
16:790:501,Theory And Method In The Study Of Globalaffairs,"(None, None)",,,NB
16:790:514,Post Communist Transitions In Eastern Europe And Central Asia,"(None, None)",,,NB
16:790:515,Globalization And Forced Migration,"(None, None)",,,NB
16:790:519,Understanding The Un Security Council,"(None, None)",,,NB
16:790:532,"Democracy, Development And Human Rights","(None, None)",,,NB
16:790:535,International Women'S Rights,"(None, None)",,,NB
16:790:575,"International Business Ethics, Regulations, And The State","(None, None)",,,NB
16:790:583,Public Health Infrastructers And        National Security,"(None, None)",,,NB
16:790:590,Research Internship In United Nations And Global Policy,"(None, None)",,,NB
16:790:595,Perspectives On American Politics,"(None, None)",,,NB
16:790:599,Capstone Seminar In The United Nations And Global Policy Studies,"(None, None)",,,NB
16:790:602,Proseminar In American Politics,"(None, None)",,,NB
16:790:603,Proseminar: Approaches To Comparative Political Analysis,"(None, None)",,,NB
16:790:623,Political Culture,"(None, None)",,,NB
16:790:634,Foreign Policy Analysis,"(None, None)",,,NB
16:790:636,"Race, Theory, And Methods In            Political Science","(None, None)",,,NB
16:790:667,Dissertation Proposals And Research In Women And Politics,"(None, None)",,,NB
16:790:670,Multivariable Techniques,"(None, None)",,,NB
16:790:678,Advanced Topics In Multivariate         Statistics,"(None, None)",,,NB
16:790:689,Advanced Topics In Women And Politics,"(None, None)",,,NB
16:790:691,Independent Study In American Politics,"(None, None)",,,NB
16:790:692,Independent Study In Comparative Politics,"(None, None)",,,NB
16:790:693,Independent Study In International Relations,"(None, None)",,,NB
16:790:694,Independent Study In Public Law,"(None, None)",,,NB
16:790:695,Independent Study In Political Theory,"(None, None)",,,NB
16:790:696,Independent Study In Women And Politics,"(None, None)",,,NB
16:790:697,Independent Study In Political Economy,"(None, None)",,,NB
16:790:698,Independent Study In Methodology,"(None, None)",,,NB
16:790:701,Research In Political Science,"(None, None)",,,NB
16:790:800,Matriculation Contd,"(None, None)",,,NB
16:790:811,Graduate Fellowship,"(None, None)",,,NB
16:790:844,Research Internship,"(None, None)",,,NB
16:790:866,Full Ga Appointment,"(None, None)",,,NB
16:790:877,Full Ta Appointment,"(None, None)",,,NB
16:790:878,Part Ta Appointment,"(None, None)",,,NB
16:830:500,Social Psyc Colloqua,"(None, None)",,,NB
16:830:501,Non-Thesis Research,"(None, None)",,,NB
16:830:511,Adv Topics Dev Psych,"(None, None)",,,NB
16:830:521,Research Design & Analysis I,"(None, None)",,,NB
16:830:537,Adult Psychopathology,"(None, None)",,,NB
16:830:547,Computational Cogn,"(None, None)",,,NB
16:830:560,Emotion & Motivation,"(None, None)",,,NB
16:830:567,Nervous Sys&Behav I,"(None, None)",,,NB
16:830:572,Clinical Proseminar I,"(None, None)",,,NB
16:830:585,Psychoneuroimmunology,"(None, None)",,,NB
16:830:618,Self Regulation And Self Control,"(None, None)",,,NB
16:830:646,Prob Behav Neurosci,"(None, None)",,,NB
16:830:647,Sem: Prob Behav Neur,"(None, None)",,,NB
16:830:651,Practicum In Clinical Psychology I,"(None, None)",,,NB
16:830:655,Practicum In Clinical Psychology I,"(None, None)",,,NB
16:830:656,Practicum In Clinical Psychology I,"(None, None)",,,NB
16:830:657,Intern Clin Psych,"(None, None)",,,NB
16:830:701,Resrch In Psychology,"(None, None)",,,NB
16:830:800,Matriculation Contd,"(None, None)",,,NB
16:830:811,Graduate Fellowship,"(None, None)",,,NB
16:830:866,Full Ga Appointment,"(None, None)",,,NB
16:830:877,Full Ta Appointment,"(None, None)",,,NB
16:840:514,Origins Of Western Morality,"(None, None)",,,NB
16:840:515,"Christians, The ""Other"", And Violence Inhistorical Context","(None, None)",,,NB
16:840:527,Religious Pluralism In America,"(None, None)",,,NB
16:840:541,Minorities In The Middle East,"(None, None)",,,NB
16:840:549,Sanctifying Violence & Biblical Tradition,"(None, None)",,,NB
16:840:551,Women And Gender In Western Religions,"(None, None)",,,NB
16:840:556,Islamic Spirituality,"(None, None)",,,NB
16:840:569,Buddhist Philosophy,"(None, None)",,,NB
16:840:570,"Buddhism, Society, And Politics In Southeast Asia","(None, None)",,,NB
16:840:593,Myth And Religion: From Gilgamesh To White Nationalism,"(None, None)",,,NB
16:840:595,Independent Study In Religion,"(None, None)",,,NB
16:840:596,Independent Study In Religion,"(None, None)",,,NB
16:840:701,Research In Religion,"(None, None)",,,NB
16:840:702,Thesis In Religion,"(None, None)",,,NB
16:840:703,Capstone Project In Religion,"(None, None)",,,NB
16:840:800,Matriculation Continued,"(None, None)",,,NB
16:848:504,Dynamical Models In Biology,"(None, None)",,,NB
16:848:616,Seminar In Quantitative Biology,"(None, None)",,,NB
16:848:621,Lab Rotation Quantitative Biomedicine,"(None, None)",,,NB
16:848:701,Research Quantbiomed,"(None, None)",,,NB
16:848:800,Matriculation Contd,"(None, None)",,,NB
16:848:811,Graduate Fellowship,"(None, None)",,,NB
16:848:866,Full Ga Appointment,"(None, None)",,,NB
16:848:867,Part Ga Appointment,"(None, None)",,,NB
16:848:877,Full Ta Appointment,"(None, None)",,,NB
16:848:878,Part Ta Appointment,"(None, None)",,,NB
16:910:637,Quant Res Methods,"(None, None)",,,NB
16:910:647,Social Pol Analysis,"(None, None)",,,NB
16:910:655,Measurement,"(None, None)",,,NB
16:910:687,Theory Development,"(None, None)",,,NB
16:910:690,Professional Development Seminar,"(None, None)",,,NB
16:910:692,Advanced Stats Iii: Advance Stats For   Social Sciences:Structural Equation Mode,"(None, None)",,,NB
16:910:701,Research In Soc Work,"(None, None)",,,NB
16:910:703,Research Internship,"(None, None)",,,NB
16:910:705,Dissertation Seminar,"(None, None)",,,NB
16:910:706,Adv Dissertation Sem,"(None, None)",,,NB
16:910:811,Graduate Fellowship,"(None, None)",,,NB
16:910:866,Full Ga Appointment,"(None, None)",,,NB
16:920:501,Soc Research Methods,"(None, None)",,,NB
16:920:503,Second Year Paper Seminar,"(None, None)",,,NB
16:920:505,Ind Stud Socio Thery,"(None, None)",,,NB
16:920:541,Statistical Methods In Sociology I,"(None, None)",,,NB
16:920:570,Topics In Sociology,"(None, None)",,,NB
16:920:571,Topics In Sociology,"(None, None)",,,NB
16:920:572,Topics In Sociology,"(None, None)",,,NB
16:920:701,Research In Sociology,"(None, None)",,,NB
16:920:800,Matriculation Contd,"(None, None)",,,NB
16:920:811,Graduate Fellowship,"(None, None)",,,NB
16:920:866,Full Ga Appointment,"(None, None)",,,NB
16:920:877,Full Ta Appointment,"(None, None)",,,NB
16:940:501,Methodology Of Teaching And Research,"(None, None)",,,NB
16:940:506,Culture And Civilization Of Latin America,"(None, None)",,,NB
16:940:575,Community And Simultaneous Interpreting,"(None, None)",,,NB
16:940:579,"Translation, Media And Technology","(None, None)",,,NB
16:940:585,Spanish Phonology,"(None, None)",,,NB
16:940:588,Seminar:  Topics In Hispanic Linguistics,"(None, None)",,,NB
16:940:599,Independent Study In Spanish,"(None, None)",,,NB
16:940:657,The Psycholinguistics Bilingualism,"(None, None)",,,NB
16:940:659,Seminar: Advanced Topics In Hispanic Literature,"(None, None)",,,NB
16:940:660,Seminar: Advanced Topics In Hispanic Literature,"(None, None)",,,NB
16:940:669,Practicum In Translation,"(None, None)",,,NB
16:940:701,Research In Spanish,"(None, None)",,,NB
16:940:800,Matriculation Contd,"(None, None)",,,NB
16:940:811,Graduate Fellowship,"(None, None)",,,NB
16:940:866,Full Ga Appointment,"(None, None)",,,NB
16:940:877,Full Ta Appointment,"(None, None)",,,NB
16:954:534,Statistical Learning For Data Science,"(None, None)",,,NB
16:954:577,Advanced Analytics Using Statistical Software,"(None, None)",,,NB
16:954:581,Probability And Statistical Inference For Data Science,"(None, None)",,,NB
16:954:596,Regression And Time Series Analysis For Data Science,"(None, None)",,,NB
16:954:683,Independent Studies In The Application Of Data Science,"(None, None)",,,NB
16:954:690,Practical Training In Statistics For Data Science,"(None, None)",,,NB
16:954:694,Special Topics In Data Science,"(None, None)",,,NB
16:958:536,Statistical Methods In Financial Risk Evaluation,"(None, None)",,,NB
16:958:563,Regression Analysis In Finance,"(None, None)",,,NB
16:958:587,Advanced Simulation Methods For Finance,"(None, None)",,,NB
16:958:590,Foundations Of Financial Statistics & Risk Management,"(None, None)",,,NB
16:958:591,Algorithm Trading And Portfolio Management,"(None, None)",,,NB
16:958:599,Special Topics In Financial Statistics &Risk Management,"(None, None)",,,NB
16:958:690,Practical Training In The Application Offinancial Statistics & Risk Management,"(None, None)",,,NB
16:958:693,Current Topics In Financial  Statistics & Risk Management,"(None, None)",,,NB
16:958:695,Special Topics,"(None, None)",,,NB
16:960:555,Meth Non-Param Stat,"(None, None)",,,NB
16:960:563,Regression Analysis,"(None, None)",,,NB
16:960:582,Intro Meth Th Prob,"(None, None)",,,NB
16:960:588,Data Mining,"(None, None)",,,NB
16:960:590,Design Of Experiments,"(None, None)",,,NB
16:960:592,Theory Of Prob,"(None, None)",,,NB
16:960:593,Theory Of Stat,"(None, None)",,,NB
16:960:596,Advanced Applied Statistics I,"(None, None)",,,NB
16:960:656,Trustworthy Statistical Learning,"(None, None)",,,NB
16:960:665,Advanced Time Series Analysis,"(None, None)",,,NB
16:960:680,Adv Prob Theory I,"(None, None)",,,NB
16:960:682,Individual Studies In Statistics,"(None, None)",,,NB
16:960:683,Individual Studies In Statistics,"(None, None)",,,NB
16:960:691,Special Topics,"(None, None)",,,NB
16:960:693,Current Topics In Statistics,"(None, None)",,,NB
16:960:694,Special Topics,"(None, None)",,,NB
16:960:695,Special Topics,"(None, None)",,,NB
16:960:701,Research In Statistics,"(None, None)",,,NB
16:960:800,Matriculation Contd,"(None, None)",,,NB
16:960:811,Graduate Fellowship,"(None, None)",,,NB
16:960:866,Full Ga Appointment,"(None, None)",,,NB
16:960:867,Part Ga Appointment,"(None, None)",,,NB
16:960:877,Full Ta Appointment,"(None, None)",,,NB
16:960:878,Part Ta Appointment,"(None, None)",,,NB
16:963:501,Principles Of Toxicology,"(None, None)",,,NB
16:963:502,Systems Toxicology,"(None, None)",,,NB
16:963:503,Histology For Toxicological Pathology,"(None, None)",,,NB
16:963:508,Toxicology Journal Club,"(None, None)",,,NB
16:963:511,Community Engagement In Environmental Health Science,"(None, None)",,,NB
16:963:601,Sem In Toxicology,"(None, None)",,,NB
16:963:603,Adv Prob Toxicology,"(None, None)",,,NB
16:963:701,Research In Toxicology,"(None, None)",,,NB
16:963:800,Matriculation Contd,"(None, None)",,,NB
16:963:811,Graduate Fellowship,"(None, None)",,,NB
16:963:844,Research Internship,"(None, None)",,,NB
16:963:855,Graduate Traineeship,"(None, None)",,,NB
16:963:866,Full Ga Appointment,"(None, None)",,,NB
16:963:867,Part Ga Appointment,"(None, None)",,,NB
16:963:877,Full Ta Appointment,"(None, None)",,,NB
16:963:878,Part Ta Appointment,"(None, None)",,,NB
16:988:510,Tech Poet Gndr & Sex,"(None, None)",,,NB
16:988:515,Feminism:Theor&Pract,"(None, None)",,,NB
16:988:516,Social Justice Movements,"(None, None)",,,NB
16:988:525,Colq Womn&Gendr Stds,"(None, None)",,,NB
16:988:561,Black Fem Theory,"(None, None)",,,NB
16:988:585,Prac Womn&Gendr Stds,"(None, None)",,,NB
16:988:590,Independent Study Women & Gender Studies,"(None, None)",,,NB
16:988:601,Readings In Women'S And Gender Studies,"(None, None)",,,NB
16:988:604,Wgs Diss Proposal,"(None, None)",,,NB
16:988:701,Research In Women'S And Gender Studies,"(None, None)",,,NB
16:988:800,Matriculation Contd,"(None, None)",,,NB
16:988:811,Graduate Fellowship,"(None, None)",,,NB
16:988:866,Full Ga Appointment,"(None, None)",,,NB
16:988:877,Full Ta Appointment,"(None, None)",,,NB
17:001:815,Rbhs Exchange,"(None, None)",,,NB
17:194:501,Topics,"(None, None)",,,NB
17:194:502,Topics,"(None, None)",,,NB
17:194:503,Topics,"(None, None)",,,NB
17:194:504,Topics,"(None, None)",,,NB
17:194:505,Topics,"(None, None)",,,NB
17:194:507,Dig Media Production,"(None, None)",,,NB
17:194:508,E-Portfolio,"(None, None)",,,NB
17:194:509,Digital Media Innovation,"(None, None)",,,NB
17:194:510,Communication And Society,"(None, None)",,,NB
17:194:511,Organizational Communication,"(None, None)",,,NB
17:194:512,Communication And Technology,"(None, None)",,,NB
17:194:513,Mcm Graduate Experience,"(None, None)",,,NB
17:194:514,Communication Research,"(None, None)",,,NB
17:194:517,Media Studies: Theory And Practice,"(None, None)",,,NB
17:194:518,Persuasion And Advocacy,"(None, None)",,,NB
17:194:519,Mcm Capstone Seminar,"(None, None)",,,NB
17:194:520,Mcm Fellow Internship I,"(None, None)",,,NB
17:194:521,Mcm Fellow Internship Ii,"(None, None)",,,NB
17:194:523,Mcm Teaching Internship I,"(None, None)",,,NB
17:194:524,Mcm Teaching Internship Ii,"(None, None)",,,NB
17:194:525,Mcm Elective Internship I,"(None, None)",,,NB
17:194:526,Mcm Elective Internship Ii,"(None, None)",,,NB
17:194:527,Mcm Intensive Internship,"(None, None)",,,NB
17:194:530,Independent Study,"(None, None)",,,NB
17:194:532,Dynamics Of Global Organizations,"(None, None)",,,NB
17:194:535,Practicum,"(None, None)",,,NB
17:194:540,Organizational Leadership,"(None, None)",,,NB
17:194:545,Public Relations Mgt,"(None, None)",,,NB
17:194:546,Social Media,"(None, None)",,,NB
17:194:548,Communication Ethics,"(None, None)",,,NB
17:194:556,Digital Media Research,"(None, None)",,,NB
17:194:558,International Public Relations,"(None, None)",,,NB
17:194:564,Topics In C H,"(None, None)",,,NB
17:194:576,Public Relations Effectiveness And      Analytics,"(None, None)",,,NB
17:194:579,Social Impact Communication,"(None, None)",,,NB
17:194:580,Crisis Communication,"(None, None)",,,NB
17:194:581,Reputation Management,"(None, None)",,,NB
17:194:590,Digital Journalism,"(None, None)",,,NB
17:194:591,Critiq Marketg Comm,"(None, None)",,,NB
17:194:594,Digital Media Ethics,"(None, None)",,,NB
17:194:596,Topics In M S,"(None, None)",,,NB
17:194:800,Matriculation Continued,"(None, None)",,,NB
17:610:501,Introduction To Library And Information Professions,"(None, None)",,,NB
17:610:502,Colloquium In Library And Information Studies,"(None, None)",,,NB
17:610:503,Eportfolio Capstone,"(None, None)",,,NB
17:610:510,Human Information Behavior,"(None, None)",,,NB
17:610:513,Human-Centered Design,"(None, None)",,,NB
17:610:514,"Learning Theory, Inquiry, And Instructional Design","(None, None)",,,NB
17:610:515,Emerging Literacies: Learning And Creating With Digital Youth,"(None, None)",,,NB
17:610:516,"Learning, Inclusion And Student         Engagement In School Libraries","(None, None)",,,NB
17:610:517,Developing And Evaluating Equitable Library Services,"(None, None)",,,NB
17:610:519,"Information Literacy, Learning And Teaching","(None, None)",,,NB
17:610:520,Organizing Information,"(None, None)",,,NB
17:610:522,Cataloging And Classification,"(None, None)",,,NB
17:610:524,Metadata For The Information Professional,"(None, None)",,,NB
17:610:525,"Knowledge Organization, Access, And Services For School Libraries","(None, None)",,,NB
17:610:530,Search And The Information Landscape,"(None, None)",,,NB
17:610:531,Algorithms And Society,"(None, None)",,,NB
17:610:532,Collection Development And Management,"(None, None)",,,NB
17:610:533,Manuscripts And Archives,"(None, None)",,,NB
17:610:534,Records Management,"(None, None)",,,NB
17:610:535,Competitive Intelligence,"(None, None)",,,NB
17:610:540,Reference Sources And Services,"(None, None)",,,NB
17:610:541,Government Information Resources,"(None, None)",,,NB
17:610:545,Health Sciences Information,"(None, None)",,,NB
17:610:547,"Children, Reading, And Literacy","(None, None)",,,NB
17:610:548,"Young Adults, Reading And Literacy","(None, None)",,,NB
17:610:550,Introduction To Information Technologies,"(None, None)",,,NB
17:610:554,Information Visualization And Presentation,"(None, None)",,,NB
17:610:556,Preservation Of Library And Archival Materials,"(None, None)",,,NB
17:610:557,Database Design And Management,"(None, None)",,,NB
17:610:560,Foundations Of Data Science,"(None, None)",,,NB
17:610:561,Data Analytics For Information Professionals,"(None, None)",,,NB
17:610:562,Problem Solving With Data,"(None, None)",,,NB
17:610:564,Machine Learning For Data Science,"(None, None)",,,NB
17:610:566,Digital Curation,"(None, None)",,,NB
17:610:567,Information Security Management,"(None, None)",,,NB
17:610:569,Digital Preservation,"(None, None)",,,NB
17:610:570,Management Principles In Information Organizations,"(None, None)",,,NB
17:610:575,"Leadership, Management, And Evaluation Of School Libraries","(None, None)",,,NB
17:610:579,"Ethics, Values, And Change In Information Practices","(None, None)",,,NB
17:610:580,Knowledge And Society,"(None, None)",,,NB
17:610:583,Foundations Of Preservation And Archives,"(None, None)",,,NB
17:610:584,Intellectual Freedom In Libraries,"(None, None)",,,NB
17:610:585,Reading Interests Of Adults,"(None, None)",,,NB
17:610:590,Special Topics Vii,"(None, None)",,,NB
17:610:591,Individual Study,"(None, None)",,,NB
17:610:592,Field Experience,"(None, None)",,,NB
17:610:595,Special Topics V,"(None, None)",,,NB
17:610:596,Special Topics I,"(None, None)",,,NB
17:610:800,Matriculation Cont'D,"(None, None)",,,NB
18:001:814,Gsapp Exchange,"(None, None)",,,NB
18:001:897,Ft Study On Campus,"(None, None)",,,NB
18:001:898,Ft Study Off Campus,"(None, None)",,,NB
18:001:899,Ft Study Matric Cont,"(None, None)",,,NB
18:820:502,Theoretial Foundation Systems,"(None, None)",,,NB
18:820:503,Theoretical Foundations/Analytic,"(None, None)",,,NB
18:820:506,Social And Developmental Foundations Of Human Behavior,"(None, None)",,,NB
18:820:507,Learning Theory & Cognitive Behavioral Foundations,"(None, None)",,,NB
18:820:509,Analytic Foundations,"(None, None)",,,NB
18:820:511,Practicum I,"(None, None)",,,NB
18:820:512,Intro Anl Sng Design,"(None, None)",,,NB
18:820:513,Basic Principles Of Behavior Analysis,"(None, None)",,,NB
18:820:514,Applications Of Behavior Analytic Principles: Changing Behavior,"(None, None)",,,NB
18:820:516,Applications Of Behav Analytic Principles: Functional Assmnt & Treatment Develop,"(None, None)",,,NB
18:820:521,Ethics For Behavior Analysis,"(None, None)",,,NB
18:820:524,Pediatric Feeding Disorders,"(None, None)",,,NB
18:820:525,Prevention And Intervention In Tiered   Systems,"(None, None)",,,NB
18:820:527,Thesis In Applied Behavior Analysis,"(None, None)",,,NB
18:820:531,Clinical Interviewing & Assessment,"(None, None)",,,NB
18:820:533,Data-Based Decision Making For          Intervention For Elementary Literacy,"(None, None)",,,NB
18:820:534,Culture And Diversity In Applied        Behavior Analysis,"(None, None)",,,NB
18:820:537,Theoretical And Philosophical Foundations Of Behavior Analysis,"(None, None)",,,NB
18:820:550,History And Systems Of Psychology,"(None, None)",,,NB
18:820:563,"Child Psychopathology:Theoretical, Experimental, And Descriptive","(None, None)",,,NB
18:820:565,Adult Psychopathology,"(None, None)",,,NB
18:820:568,Equity And Anti-Racism In Education,"(None, None)",,,NB
18:820:575,Diversity & Racial Identity,"(None, None)",,,NB
18:820:581,Statistical Methods & Design Analysis,"(None, None)",,,NB
18:820:596,Survey Of Applied Behavior Analysis,"(None, None)",,,NB
18:820:597,Aba Capstone,"(None, None)",,,NB
18:820:601,Independent Study In Professional Psychology,"(None, None)",,,NB
18:820:610,Sem In Prof Psych,"(None, None)",,,NB
18:820:613,Ethics And Professional Development,"(None, None)",,,NB
18:820:638,Personality Assessment/Adult,"(None, None)",,,NB
18:820:689,Professional Practicum Placement,"(None, None)",,,NB
18:820:695,Practicum,"(None, None)",,,NB
18:820:696,Fourth Year School Psychology Practicum,"(None, None)",,,NB
18:820:700,Advanced Disseration & Research,"(None, None)",,,NB
18:820:701,Dissertation In Professional Psychology,"(None, None)",,,NB
18:820:703,Dissertation In Professional Psychology,"(None, None)",,,NB
18:820:800,Matriculation Continued,"(None, None)",,,NB
18:820:811,Graduate Fellowship,"(None, None)",,,NB
18:820:866,Grad Assistantship,"(None, None)",,,NB
18:820:877,Tchng Assistantship,"(None, None)",,,NB
18:821:512,Special Topics: Evidence-Based Clinical Interventions For Suicide,"(None, None)",,,NB
18:821:543,General Gsapp Clinic,"(None, None)",,,NB
18:821:546,Psychological Clinic Practicum,"(None, None)",,,NB
18:821:547,Introduction To Group Psychotherapy,"(None, None)",,,NB
18:821:601,Independent Study In Clinical Psychology,"(None, None)",,,NB
18:821:615,Family Therapy,"(None, None)",,,NB
18:821:623,Intro Neuropsy Assmt,"(None, None)",,,NB
18:821:639,Short-Term Psychodynamic Therapy,"(None, None)",,,NB
18:821:641,Cognitive Behavioral Supervision        Group,"(None, None)",,,NB
18:821:642,Psychodynamic Foundations               Supervision Group,"(None, None)",,,NB
18:821:651,Practicum In Clinical Psychology (Phd Students),"(None, None)",,,NB
18:821:653,Supervision & Professional Development,"(None, None)",,,NB
18:821:657,Internship In Clinical Psychology,"(None, None)",,,NB
18:821:659,Part Time Internship In Clinical Psychology,"(None, None)",,,NB
18:826:532,Basic Therapeutic Strategies With Children And Adolescents,"(None, None)",,,NB
18:826:543,Human Development,"(None, None)",,,NB
18:826:550,Introduction To School Psychology,"(None, None)",,,NB
18:826:557,Psycho-Educational Foundations Of Learning Disability,"(None, None)",,,NB
18:826:558,Adult And Organizational Learning And Change: Effective Program Planning & Imple,"(None, None)",,,NB
18:826:602,School Based Psychological Interventions,"(None, None)",,,NB
18:826:605,Advanced Supervision In School Psychology,"(None, None)",,,NB
18:826:609,Learning And Academic Interventions:    Research To Practice,"(None, None)",,,NB
18:826:630,Cognitive Assessment,"(None, None)",,,NB
18:826:631,Internship In School Psychology,"(None, None)",,,NB
18:826:635,Part-Time Internship In School Psychology,"(None, None)",,,NB
18:829:517,Research Methods And Statistics Iii,"(None, None)",,,NB
18:829:527,Cross-Cultural          Organizational  Psychology,"(None, None)",,,NB
18:829:548,Special Topics: Science & Practice Of Organizational Psychology,"(None, None)",,,NB
18:829:616,Family Sys Theory/Or,"(None, None)",,,NB
18:829:617,Curr Tpics Hrd Psych,"(None, None)",,,NB
18:829:631,Intrnshp Orgnz Psych,"(None, None)",,,NB
18:844:502,Electronic Portfolio Review,"(None, None)",,,NB
18:844:503,Honors Capstone Experience: Independent Study,"(None, None)",,,NB
18:844:505,Professional Practicum Placement,"(None, None)",,,NB
18:844:507,Biological Bases Of Human Behavior,"(None, None)",,,NB
18:844:508,"Psychopathology: Theoretical, Experimental And Descriptive","(None, None)",,,NB
18:844:526,Prof. Development,"(None, None)",,,NB
18:844:617,Assessment And Intervention In Sport Psychology,"(None, None)",,,NB
18:844:618,"Sport Psychology: Theory, Research, Practice","(None, None)",,,NB
18:844:680,"Foundations In Alcohol Studies: Biology, Psychology, And Sociology","(None, None)",,,NB
19:001:013,Lecture Hall Block,"(None, None)",,,NB
19:001:815,Rbhs Exchange,"(None, None)",,,NB
19:001:816,Princeton Exchange,"(None, None)",,,NB
19:910:500,Practice With Individuals & Families,"(None, None)",,,NB
19:910:501,Practice With Communities &             Organizations,"(None, None)",,,NB
19:910:502,Human Behavior And The Social Environment,"(None, None)",,,NB
19:910:503,Social Work With Latinos,"(None, None)",,,NB
19:910:504,Social Welfare Policy And Services,"(None, None)",,,NB
19:910:505,Methods Of Social Work Research I,"(None, None)",,,NB
19:910:506,Diversity And Oppression,"(None, None)",,,NB
19:910:507,Clinical Assessment And Diagnosis,"(None, None)",,,NB
19:910:508,Practicum I,"(None, None)",,,NB
19:910:511,Clinical Social Work I,"(None, None)",,,NB
19:910:513,Clinical Social Work: Adolescents,"(None, None)",,,NB
19:910:516,Clinical Social Work: Health,"(None, None)",,,NB
19:910:517,Clinical Social Work: Mental Health,"(None, None)",,,NB
19:910:518,Clinical Social Work: Children,"(None, None)",,,NB
19:910:519,Clinical Social Work: Families,"(None, None)",,,NB
19:910:520,Clinical Social Work: School,"(None, None)",,,NB
19:910:522,Clinical Social Work I: Addictive       Behavior,"(None, None)",,,NB
19:910:523,Clinical Social Work: Survivors Of Abuseand Trauma,"(None, None)",,,NB
19:910:528,Human Resource Management,"(None, None)",,,NB
19:910:530,Sol Foc Therapy,"(None, None)",,,NB
19:910:534,Practicum 3-Chap,"(None, None)",,,NB
19:910:535,Management Practice And Theory,"(None, None)",,,NB
19:910:538,Law And Social Work,"(None, None)",,,NB
19:910:541,Fundraising And Marketing,"(None, None)",,,NB
19:910:542,Advanced Contemporary Policy: Health,"(None, None)",,,NB
19:910:543,Social Work With Immigrants And Refugees,"(None, None)",,,NB
19:910:547,Social Work With Loss Across The Lifespan,"(None, None)",,,NB
19:910:549,"Latinos: Culture, Community & Social Welfare","(None, None)",,,NB
19:910:553,Practicum Lab Seminar,"(None, None)",,,NB
19:910:562,Chronic Illness And Disability,"(None, None)",,,NB
19:910:563,Practicum 3-Lista,"(None, None)",,,NB
19:910:564,"Gender, Women & Intersectional          Social Justice","(None, None)",,,NB
19:910:568,Csw: Behavioral Health With Latinos,"(None, None)",,,NB
19:910:575,Practicum: 3 Map,"(None, None)",,,NB
19:910:583,Practicum: 3 - C-Ivt,"(None, None)",,,NB
19:910:584,Advanced Contemporary Policy: Interpersonal Violence,"(None, None)",,,NB
19:910:585,Advanced Contemp0Rary Policy: Economic Justice For Families & Communities,"(None, None)",,,NB
19:910:588,Practicum 3 - Hlth & Aging,"(None, None)",,,NB
19:910:591,Advanced Contemporary Policy: Children  & Youth,"(None, None)",,,NB
19:910:595,Evaluation Of Sw Prac & Programs,"(None, None)",,,NB
22:001:700,Used To Hold Room For Info Sessions,"(None, None)",,,NB
22:010:540,Sp Tpc: Byoc Continous Business         Monitoring,"(None, None)",,,NB
22:010:541,Sp Tpc: Byoc Emerging Technologies      In Business,"(None, None)",,,NB
22:010:542,Sp Tpc: Byoc Business Process Automation,"(None, None)",,,NB
22:010:543,Sp Tpc: Byoc Cloud Computing Blockchain & Cryptp,"(None, None)",,,NB
22:010:544,Sp Tpc: Byoc Ai In Accounting &         Audit,"(None, None)",,,NB
22:010:545,Sp Tpc: Byoc Design In Yourself In      Accounting & Audit,"(None, None)",,,NB
22:010:577,Acctg For Mgrs,"(None, None)",,,NB
22:135:587,Sp Tp: Think Like An Exec: Real World   Experience W/ Industry Leaders,"(None, None)",,,NB
22:140:592,Business Law For Managers,"(None, None)",,,NB
22:198:603,Business Data Management,"(None, None)",,,NB
22:198:609,Info Tech For Mgrs,"(None, None)",,,NB
22:198:660,Business Analytics Programming,"(None, None)",,,NB
22:198:664,Business Application In Machine         Learning,"(None, None)",,,NB
22:223:581,Mgr'L Econ. Analysis,"(None, None)",,,NB
22:223:591,Aggreg Econ Analysis,"(None, None)",,,NB
22:373:621,Ethics In Pharma,"(None, None)",,,NB
22:373:622,Us Hlthcr Pharma Mkt,"(None, None)",,,NB
22:373:628,"Bus, Ethics&Society","(None, None)",,,NB
22:390:605,Adv Financial Mgt,"(None, None)",,,NB
22:430:581,Managerial Economic Analysis,"(None, None)",,,NB
22:430:587,Financial Management,"(None, None)",,,NB
22:430:591,Aggregate Economic Analysis,"(None, None)",,,NB
22:430:603,Investment Analysis And Managment,"(None, None)",,,NB
22:430:638,Mfina Experiential Learning/Internship,"(None, None)",,,NB
22:430:658,Special Topic: Research In Asset Managment,"(None, None)",,,NB
22:430:685,Real Estate And Alternative Investments,"(None, None)",,,NB
22:544:575,Data Analysis & Decision Making,"(None, None)",,,NB
22:544:603,Business Data Management,"(None, None)",,,NB
22:544:608,Business Forecasting,"(None, None)",,,NB
22:544:613,Introduction To Data Structures &       Algorithms,"(None, None)",,,NB
22:544:631,Sp Tpc: Algorithmic Machine Learning,"(None, None)",,,NB
22:544:640,Sp Tpc: Fundamentals Of Blockchain &    Distributed Ledgers,"(None, None)",,,NB
22:544:641,Analytics For Business Intelligence,"(None, None)",,,NB
22:544:643,Information Security,"(None, None)",,,NB
22:544:646,Data Analysis And Visualization,"(None, None)",,,NB
22:544:660,Business Analytics Programming,"(None, None)",,,NB
22:553:593,International Bus,"(None, None)",,,NB
22:553:670,Global Experience,"(None, None)",,,NB
22:620:588,Strategic Management,"(None, None)",,,NB
22:620:603,Executive Leadership,"(None, None)",,,NB
22:620:604,Human Resource Mgt,"(None, None)",,,NB
22:620:609,Management Consultng,"(None, None)",,,NB
22:620:679,"""Corporate Strategy""","(None, None)",,,NB
22:620:685,Tech Commercialization & Entrepreneurship,"(None, None)",,,NB
22:630:586,Marketing Management,"(None, None)",,,NB
22:630:617,Pharm Mktg Research,"(None, None)",,,NB
22:799:580,Operations Analysis,"(None, None)",,,NB
22:799:586,Operations Analysis Ms,"(None, None)",,,NB
22:799:599,Msca Orientation,"(None, None)",,,NB
22:799:607,Supply Chn Mgt Strat,"(None, None)",,,NB
22:799:608,Procurmnt&Globl Sorc,"(None, None)",,,NB
22:799:625,Service Management,"(None, None)",,,NB
22:799:630,Msca Internship/Experiential Learning,"(None, None)",,,NB
22:799:631,Mshai Internship/Experiential Learning,"(None, None)",,,NB
22:799:640,Supply Chain Financial Management,"(None, None)",,,NB
22:799:641,Supply Chain Artifical Intelligence,"(None, None)",,,NB
22:799:649,Msca Ind Study,"(None, None)",,,NB
22:799:650,Scm Client Project,"(None, None)",,,NB
22:799:661,Project Management,"(None, None)",,,NB
22:799:676,Lean Six Sigma,"(None, None)",,,NB
22:799:696,Healthcare Service Management,"(None, None)",,,NB
22:960:575,Data Analysis & Decision Making,"(None, None)",,,NB
22:960:608,Business Forecasting,"(None, None)",,,NB
22:960:641,Topic:Analytics For Business            Intelligence,"(None, None)",,,NB
22:960:646,Data Analysis&Visual,"(None, None)",,,NB
26:198:643,Information Security,"(None, None)",,,NB
26:198:685,Special Topics In Information Systems,"(None, None)",,,NB
26:711:557,Dynamic Programming,"(None, None)",,,NB
26:711:652,Non-Linear Optimization,"(None, None)",,,NB
26:711:685,Special Topics In Management Science,"(None, None)",,,NB
30:158:309,Biotechnology I,"(None, None)",,,NB
30:158:420,Pharmaceutical Microbiology,"(None, None)",,,NB
30:158:495,Research In Chemical Biology,"(None, None)",,,NB
30:158:497,Research In Chemical Biology,"(None, None)",,,NB
30:715:307,Pharmaceutical Chemistry,"(None, None)",,,NB
30:715:409,Medicinal Chemistry I,"(None, None)",,,NB
30:715:451,Foundations In Drug Discovery,"(None, None)",,,NB
30:715:495,Research In Medicinal Chemistry,"(None, None)",,,NB
30:715:497,Research In Medicinal Chemistry,"(None, None)",,,NB
30:718:304,Pathophysiology,"(None, None)",,,NB
30:718:495,Research In Pharmacology/Toxicology,"(None, None)",,,NB
30:718:497,Research In Pharmacology/Toxicology,"(None, None)",,,NB
30:720:301,Introduction To Research,"(None, None)",,,NB
30:720:440,Pulmonary And Hematology Pharmacotherapy,"(None, None)",,,NB
30:720:442,Cardiology Pharmacotherapy,"(None, None)",,,NB
30:721:301,Introduction To Pharmaceutics,"(None, None)",,,NB
30:721:495,Research In Pharmaceutics,"(None, None)",,,NB
30:721:497,Research In Pharmaceutics,"(None, None)",,,NB
30:725:304,Leap-Ahead Documentation/Portfolio I,"(None, None)",,,NB
30:725:320,Foundations Of Pharmacy Care,"(None, None)",,,NB
30:725:341,Economic Modeling Of Pharmaceuticals Andother Health Interventions,"(None, None)",,,NB
30:725:350,Motivating Change As A Health Ambassadorfor Diabetes Mellitus,"(None, None)",,,NB
30:725:404,Leap-Ahead Documentation/Portfolio 3,"(None, None)",,,NB
30:725:427,Community Pharmacy Practice Management,"(None, None)",,,NB
30:725:428,Hospital Pharmacy Practice Management,"(None, None)",,,NB
30:725:432,Integrated Pharmacotherapy Assessment Skills Series Ii,"(None, None)",,,NB
30:725:470,Medical Literature Evaluation And Application,"(None, None)",,,NB
30:725:482,Leadership In Pharmacy,"(None, None)",,,NB
30:725:495,Research In Pharmacy Practice And Administration,"(None, None)",,,NB
30:725:497,Research In Pharmacy Practice And Administration,"(None, None)",,,NB
31:720:540,Endocrine And Reproductive Pharacotherapy,"(None, None)",,,NB
31:720:541,"Gastrointestinal, Hepatic And Nutrition Pharmacotherapy","(None, None)",,,NB
31:720:542,Oncology Pharmacotherapy,"(None, None)",,,NB
31:725:504,Leadership-Ahead Documentation/Portfolio5,"(None, None)",,,NB
31:725:520,Cannabis In Pharmacy,"(None, None)",,,NB
31:725:526,Patient Advocacy And Healthcare Policy,"(None, None)",,,NB
31:725:534,Integrated Pharmacotherapy Assessment Skills Series  Iv,"(None, None)",,,NB
31:725:540,Principles Of Pharmaceutical Economics,"(None, None)",,,NB
31:725:550,Self-Care And Home Care,"(None, None)",,,NB
31:725:563,Gerontology Pharmacy Practice,"(None, None)",,,NB
31:725:576,Emergency Medicine Pharmacotherapy,"(None, None)",,,NB
31:725:578,Strategies In Hiv Therapeutics,"(None, None)",,,NB
31:725:579,Advanced Pharmacotherapy Applications,"(None, None)",,,NB
31:725:614,Leap-Ahead Documentation/Portfolio,"(None, None)",,,NB
31:725:794,Advanced Practice Experience Iv,"(None, None)",,,NB
31:725:795,Advanced Practice Experience V,"(None, None)",,,NB
31:725:796,Advanced Practice Experience Vi,"(None, None)",,,NB
31:725:800,Matriculation Contd,"(None, None)",,,NB
33:010:272,Introduction To Financial Accounting,"(None, None)",,,NB
33:010:275,Introduction To Managerial Accounting,"(None, None)",,,NB
33:010:310,Acctng For Engineers,"(None, None)",,,NB
33:010:325,Intermed Acctng I,"(None, None)",,,NB
33:010:326,Intermed Acctng Ii,"(None, None)",,,NB
33:010:401,Advanced Accounting,"(None, None)",,,NB
33:010:415,Concepts Of Auditing,"(None, None)",,,NB
33:010:416,Audit Analytics,"(None, None)",,,NB
33:010:421,Income Tax Accountng,"(None, None)",,,NB
33:010:422,Tpcs Income Taxation,"(None, None)",,,NB
33:010:451,Cost Accounting,"(None, None)",,,NB
33:010:458,Acctng Inform Systs,"(None, None)",,,NB
33:011:100,Intro To Business,"(None, None)",,,NB
33:011:110,The Business Of Everything,"(None, None)",,,NB
33:011:231,Women'S Business Leadership Initiative  Seminar 1,"(None, None)",,,NB
33:011:270,Byoc: Continous Business Monitoring,"(None, None)",,,NB
33:011:271,Byoc: Emerging Technologies In Business,"(None, None)",,,NB
33:011:272,Byoc: Business Process Automation,"(None, None)",,,NB
33:011:273,Byoc: Cloud Computing Blockchain        & Crypto,"(None, None)",,,NB
33:011:274,Byoc: Ai In Accounting & Audit,"(None, None)",,,NB
33:011:275,Byoc: Design It Yourself In Accounting &Audit,"(None, None)",,,NB
33:011:301,Foundations For Your Career Journey,"(None, None)",,,NB
33:011:302,Building Your Brand,"(None, None)",,,NB
33:011:303,Conqrng Transition,"(None, None)",,,NB
33:011:380,Cooperative Education Experience,"(None, None)",,,NB
33:011:390,Personal Financial Planning,"(None, None)",,,NB
33:011:482,Special Topics In Administrative Studies,"(None, None)",,,NB
33:011:485,Field Internship In Business,"(None, None)",,,NB
33:011:486,Fld Internship Bus 2,"(None, None)",,,NB
33:136:287,Introduction To Business Analytics,"(None, None)",,,NB
33:136:370,Management Information Systems,"(None, None)",,,NB
33:136:385,Statistical Methods In Business,"(None, None)",,,NB
33:136:386,Operations Management,"(None, None)",,,NB
33:136:388,Foundations Of Business Programming,"(None, None)",,,NB
33:136:400,Business Decision Analytics Under       Uncertainty,"(None, None)",,,NB
33:136:440,Special Topic:Relational Database & Web Applications,"(None, None)",,,NB
33:136:450,Investment Modeling With 'R',"(None, None)",,,NB
33:136:455,Introduction To Erp,"(None, None)",,,NB
33:136:465,Enterprise Architecture,"(None, None)",,,NB
33:136:470,Business Data Management,"(None, None)",,,NB
33:136:471,Information System Security,"(None, None)",,,NB
33:136:485,Time Series Modeling For Business,"(None, None)",,,NB
33:136:486,Optimization Modeling,"(None, None)",,,NB
33:136:494,Data Mining For Business Intelligence,"(None, None)",,,NB
33:136:498,Ind Proj Mis,"(None, None)",,,NB
33:140:320,Business Law I,"(None, None)",,,NB
33:382:103,Accounting For Entrepreuners And Small  Business,"(None, None)",,,NB
33:382:202,Marketing For Entrepreuners And Small   Business,"(None, None)",,,NB
33:382:203,Finance For Entrepreuners And Small     Business,"(None, None)",,,NB
33:382:302,Introduction To Entrepreneurship,"(None, None)",,,NB
33:382:303,Managing Growing Ventures,"(None, None)",,,NB
33:382:310,Social Entrepreneurship,"(None, None)",,,NB
33:382:340,"Creativity, Innovation, And             Entrepreneurship","(None, None)",,,NB
33:390:203,Introduction To Finance,"(None, None)",,,NB
33:390:205,Special Topic: Overview Of Finance For Wall Street,"(None, None)",,,NB
33:390:300,Financial Management,"(None, None)",,,NB
33:390:320,Global Capital Markets,"(None, None)",,,NB
33:390:331,Special Topic: Ethics In Finance,"(None, None)",,,NB
33:390:375,International Financial Management,"(None, None)",,,NB
33:390:380,Investment Analysis,"(None, None)",,,NB
33:390:385,Investment Banking Analysis,"(None, None)",,,NB
33:390:400,Corporate Finance,"(None, None)",,,NB
33:390:410,Asset Pric Port Anl,"(None, None)",,,NB
33:390:420,Derivatives,"(None, None)",,,NB
33:390:430,Treasury Management,"(None, None)",,,NB
33:390:435,Rl Est Fin & Mort,"(None, None)",,,NB
33:390:440,Adv Corp Finance,"(None, None)",,,NB
33:390:445,"Special Topics: Digital Assets, Blockchain And The Future Of Finance","(None, None)",,,NB
33:390:450,Fin Anal Plng & For,"(None, None)",,,NB
33:390:480,Research In Finance,"(None, None)",,,NB
33:390:490,Fixed Income,"(None, None)",,,NB
33:390:491,Sp Tp: Credit Analysis,"(None, None)",,,NB
33:522:334,Business Ethics,"(None, None)",,,NB
33:620:301,Introduction To Management,"(None, None)",,,NB
33:620:302,Management Skills,"(None, None)",,,NB
33:620:304,Business Fundamentals,"(None, None)",,,NB
33:620:320,Cross Cultural Mgmt,"(None, None)",,,NB
33:620:350,Negotiations,"(None, None)",,,NB
33:620:362,Effective Leadership Communication,"(None, None)",,,NB
33:620:369,Internatn'L Business,"(None, None)",,,NB
33:620:402,Global Management & Strategy,"(None, None)",,,NB
33:620:410,Exec Leadership,"(None, None)",,,NB
33:620:425,Mgmt Consulting,"(None, None)",,,NB
33:620:470,Sp Tpc: Sports Mgmt,"(None, None)",,,NB
33:620:479,Global Experience,"(None, None)",,,NB
33:620:486,Organization & Management Of The        Music Industry,"(None, None)",,,NB
33:620:492,Business Policy And Strategy,"(None, None)",,,NB
33:620:498,Independent Management Projects,"(None, None)",,,NB
33:630:301,Intro To Marketing,"(None, None)",,,NB
33:630:363,Intro To Advertising,"(None, None)",,,NB
33:630:368,Retail Marketing,"(None, None)",,,NB
33:630:369,New Product Planning,"(None, None)",,,NB
33:630:370,Bus-To-Bus Marketing,"(None, None)",,,NB
33:630:374,Consumer Behavior,"(None, None)",,,NB
33:630:385,Marketing Research,"(None, None)",,,NB
33:630:401,Sales Management,"(None, None)",,,NB
33:630:428,Nonprofit Marketing,"(None, None)",,,NB
33:630:452,Mktg Strategy & Decn,"(None, None)",,,NB
33:630:485,Intro To Professional Selling,"(None, None)",,,NB
33:630:486,Ind Study In Marktng,"(None, None)",,,NB
33:630:489,Special Topic: Marketing Analtyics,"(None, None)",,,NB
33:630:490,Marketing Internship,"(None, None)",,,NB
33:630:491,Marketing Co-Op,"(None, None)",,,NB
33:630:497,Digital Marketing,"(None, None)",,,NB
33:630:499,Marketing Consulting For Small Business,"(None, None)",,,NB
33:799:301,Introduction To Supply Chain Management,"(None, None)",,,NB
33:799:305,Procurement And Global Sourcing Strategy,"(None, None)",,,NB
33:799:310,Demand Plan & Fulfil,"(None, None)",,,NB
33:799:330,Bus Logis & Transpor,"(None, None)",,,NB
33:799:340,Special Topics: Smart Manufacturing For Global Supply Chains,"(None, None)",,,NB
33:799:380,Project Mgt,"(None, None)",,,NB
33:799:420,Scms Ind Clnt Projs,"(None, None)",,,NB
33:799:421,Co-Op In Supply Chain Management,"(None, None)",,,NB
33:799:430,Security & Rsk Mgt,"(None, None)",,,NB
33:799:440,Supply Chain Environmental Management & Green Purchasing,"(None, None)",,,NB
33:799:455,Sp Tpc: Sc Transformation In Digital Era,"(None, None)",,,NB
33:799:460,Six Sigma & Lean Mfg,"(None, None)",,,NB
33:799:475,Supply Chain Analytics Essentials,"(None, None)",,,NB
33:799:491,Supply Chain Finance,"(None, None)",,,NB
33:799:493,Internship In Supply Chain Management,"(None, None)",,,NB
33:799:498,Indp Study In Scms,"(None, None)",,,NB
33:799:499,Independent Study In Supply Chain Management Ii,"(None, None)",,,NB
33:851:350,Special Topic: Real Estate Law,"(None, None)",,,NB
33:851:380,Essentials Of Real Estate,"(None, None)",,,NB
33:851:470,Commercial Debt Markets,"(None, None)",,,NB
34:001:815,Rbhs Exchange,"(None, None)",,,NB
34:001:816,Princeton Exchange,"(None, None)",,,NB
34:001:817,Ejbsppp/Njit Dual Dg,"(None, None)",,,NB
34:501:501,Principles Of Health Administration,"(None, None)",,,NB
34:501:510,Human Resource Policy & Practice In Health Care,"(None, None)",,,NB
34:501:512,Health Care Economics,"(None, None)",,,NB
34:501:515,Financial Accounting For Managers,"(None, None)",,,NB
34:501:516,Directed Study,"(None, None)",,,NB
34:501:520,Community Assessment For Health Administration,"(None, None)",,,NB
34:501:530,Data Analytics In Healthcare,"(None, None)",,,NB
34:501:533,Health Care Management Lean Six Sigma   Competencies For Green Belt,"(None, None)",,,NB
34:501:534,Health Care Management Lean Six Sigma   Competencies For Black Belt,"(None, None)",,,NB
34:501:540,"Intro To Pharma, Biotech & The Medical Technology Industry","(None, None)",,,NB
34:501:554,Marketing For Health Care Organizations,"(None, None)",,,NB
34:501:556,Health Care Ethics And Law,"(None, None)",,,NB
34:501:563,Health Systems Operations,"(None, None)",,,NB
34:501:565,Information Systems For Health Care,"(None, None)",,,NB
34:501:571,Finance For Health Administration,"(None, None)",,,NB
34:501:572,Managing People And Organizations,"(None, None)",,,NB
34:501:575,Understanding Healthcare Payer Systems,"(None, None)",,,NB
34:501:590,Leadership And Professional Development,"(None, None)",,,NB
34:501:595,Professional Internship Practicum,"(None, None)",,,NB
34:501:800,Matriculation Continued,"(None, None)",,,NB
34:501:845,Experiential Internship,"(None, None)",,,NB
34:816:502,Theory & Practice Of Public Informatics,"(None, None)",,,NB
34:816:503,Data Visualization For Public           Informatics,"(None, None)",,,NB
34:816:510,Studio In Public Informatics,"(None, None)",,,NB
34:816:614,Research Internship,"(None, None)",,,NB
34:816:616,Directed Study,"(None, None)",,,NB
34:816:636,Internship In Public Informatics,"(None, None)",,,NB
34:816:640,Robotics And Society,"(None, None)",,,NB
34:816:642,Design Methods In Socially Cognizant Robotics,"(None, None)",,,NB
34:816:645,"Artificial Intelligence: Practice,      Principles & Strategies","(None, None)",,,NB
34:816:800,Matriculation Continued,"(None, None)",,,NB
34:816:845,Experiential Internship,"(None, None)",,,NB
34:833:510,Public Policy Formation,"(None, None)",,,NB
34:833:515,Basic Quantitative Methods,"(None, None)",,,NB
34:833:520,Legislative Policy Making,"(None, None)",,,NB
34:833:522,Public Policy Advocacy,"(None, None)",,,NB
34:833:525,Applied Multivariate Methods,"(None, None)",,,NB
34:833:530,Research Design,"(None, None)",,,NB
34:833:535,Data Visualization & Storytelling,"(None, None)",,,NB
34:833:540,State & Local Public Finance,"(None, None)",,,NB
34:833:543,Economics Of Public Policy,"(None, None)",,,NB
34:833:552,Education Policy And Social Justice,"(None, None)",,,NB
34:833:558,"Media, Democracy, & Public Policy","(None, None)",,,NB
34:833:570,Nonprofit Management,"(None, None)",,,NB
34:833:572,Negotiations And Conflict Resolution,"(None, None)",,,NB
34:833:580,Health Care Policy,"(None, None)",,,NB
34:833:619,"Environment, Economics & Policy","(None, None)",,,NB
34:833:632,Cost Benefit Analysis,"(None, None)",,,NB
34:833:635,Survey Research,"(None, None)",,,NB
34:833:661,Applied Field Experience 1,"(None, None)",,,NB
34:833:663,Applied Field Experience 3,"(None, None)",,,NB
34:833:670,Independent Study/Public Policy,"(None, None)",,,NB
34:833:671,Internship/Public Policy,"(None, None)",,,NB
34:833:680,Energy Sustainability & Policy,"(None, None)",,,NB
34:833:681,Managing People & Organizations,"(None, None)",,,NB
34:833:800,Matriculation Continued,"(None, None)",,,NB
34:833:811,Graduate Fellowship,"(None, None)",,,NB
34:833:822,Eagleton Independent Study,"(None, None)",,,NB
34:833:845,Experiential Internship,"(None, None)",,,NB
34:833:866,Graduate Assistantship,"(None, None)",,,NB
34:833:877,Teaching Assistantship,"(None, None)",,,NB
34:970:501,History & Theory Of Planning,"(None, None)",,,NB
34:970:502,Theory And Practice Of Public Informatics,"(None, None)",,,NB
34:970:509,Urban Economy & Spatial Patterns,"(None, None)",,,NB
34:970:510,Graduate Planning Studio,"(None, None)",,,NB
34:970:515,Basic Quantitative Methods,"(None, None)",,,NB
34:970:516,Planning Methods,"(None, None)",,,NB
34:970:517,Survey Of Planning Law Principles,"(None, None)",,,NB
34:970:525,Applied Multivariate Methods,"(None, None)",,,NB
34:970:529,Principles Of Housing,"(None, None)",,,NB
34:970:532,Bridging Public Health & Urban Planning,"(None, None)",,,NB
34:970:535,Data Visualization & Storytelling,"(None, None)",,,NB
34:970:552,Transportation And The Environment,"(None, None)",,,NB
34:970:553,Methods Of Transportation Planning,"(None, None)",,,NB
34:970:556,Bicycle & Pedestrian Planning,"(None, None)",,,NB
34:970:558,Public Transit Planning & Management,"(None, None)",,,NB
34:970:563,Community Development,"(None, None)",,,NB
34:970:572,Green Building,"(None, None)",,,NB
34:970:590,Graphic Communication & Design          Representation,"(None, None)",,,NB
34:970:591,Introduction To Geographic Information Systems For Planners,"(None, None)",,,NB
34:970:595,Command Line Gis,"(None, None)",,,NB
34:970:600,Introduction To Urban Design For Planners,"(None, None)",,,NB
34:970:605,Planning Real Estate Analysis,"(None, None)",,,NB
34:970:614,Research Internship,"(None, None)",,,NB
34:970:615,Directed Study In Urban Planning,"(None, None)",,,NB
34:970:616,Directed Study In Urban Planning,"(None, None)",,,NB
34:970:622,Urban Redevelopment,"(None, None)",,,NB
34:970:624,Planning/Public Policy & Social Theory,"(None, None)",,,NB
34:970:636,Internship In Urban Planning,"(None, None)",,,NB
34:970:645,Regional Development,"(None, None)",,,NB
34:970:652,Seminar In Urban Planning,"(None, None)",,,NB
34:970:800,Matriculation Continued,"(None, None)",,,NB
34:970:811,Graduate Fellowship,"(None, None)",,,NB
34:970:844,Research Internship,"(None, None)",,,NB
34:970:845,Experiential Internship,"(None, None)",,,NB
34:970:866,Graduate Assistantship,"(None, None)",,,NB
34:970:877,Teaching Assistantship,"(None, None)",,,NB
37:533:301,Introduction To Human Resource Management,"(None, None)",,,NB
37:533:311,Talent Acquisition,"(None, None)",,,NB
37:533:312,Developing Talent,"(None, None)",,,NB
37:533:313,Compensation & Total Rewards,"(None, None)",,,NB
37:533:315,Global Human Resource Management,"(None, None)",,,NB
37:533:317,Career Management,"(None, None)",,,NB
37:533:318,Hrm & Benefits,"(None, None)",,,NB
37:533:321,Special Topics In Human Resource Management,"(None, None)",,,NB
37:533:326,Special Topics In Human Resource        Management,"(None, None)",,,NB
37:533:327,Special Topics In Human Resource        Management,"(None, None)",,,NB
37:533:330,Special Topics In Hrm,"(None, None)",,,NB
37:533:331,Special Topics In Human Resource        Management,"(None, None)",,,NB
37:533:332,Special Topics In Human Resource        Management,"(None, None)",,,NB
37:533:333,Special Topics In Human Resource        Management,"(None, None)",,,NB
37:533:335,Special Topics In Human Resource        Management,"(None, None)",,,NB
37:533:351,Human Resource In Health Administration,"(None, None)",,,NB
37:533:353,Equity Compensation & Employee          Ownership,"(None, None)",,,NB
37:533:354,People Analytics In Hrm,"(None, None)",,,NB
37:533:355,Hrm & Social Media,"(None, None)",,,NB
37:533:360,Hrm Finanical Decisions,"(None, None)",,,NB
37:533:440,Statistics For Human Resource Management,"(None, None)",,,NB
37:533:494,Independent Study & Research,"(None, None)",,,NB
37:533:496,Internship In Human Resource Management,"(None, None)",,,NB
37:575:100,Introduction To Labor Studies And Employment Relations,"(None, None)",,,NB
37:575:110,Work & Society,"(None, None)",,,NB
37:575:191,Short Topics On Work,"(None, None)",,,NB
37:575:192,Short Topics On Work,"(None, None)",,,NB
37:575:193,Short Topics On Work,"(None, None)",,,NB
37:575:201,U.S. Labor And Work Before The End Of Reconstruction,"(None, None)",,,NB
37:575:202,History Of Labor And Work In The U.S. 1880 To 1945,"(None, None)",,,NB
37:575:203,Working And Labor History From 1940 To The Present In The U.S,"(None, None)",,,NB
37:575:207,New Jersey Labor History,"(None, None)",,,NB
37:575:215,Youth And Work,"(None, None)",,,NB
37:575:230,"People, Work & Org","(None, None)",,,NB
37:575:250,Finance Pers & Prof,"(None, None)",,,NB
37:575:265,"Introduction To Disability Studies: History, Rights, Justice, And Inclusion","(None, None)",,,NB
37:575:294,Avoiding Sexual Harrassment,"(None, None)",,,NB
37:575:295,Workplace Violence,"(None, None)",,,NB
37:575:298,Social Media & Work,"(None, None)",,,NB
37:575:300,Writing In Labor Studies & Employment   Relations,"(None, None)",,,NB
37:575:301,Labor And Democracy,"(None, None)",,,NB
37:575:303,Black Workers In American Society,"(None, None)",,,NB
37:575:307,Latino Workers In The United States,"(None, None)",,,NB
37:575:308,Dynamics Of Work And Work Organization,"(None, None)",,,NB
37:575:309,Working Women In American Society,"(None, None)",,,NB
37:575:310,Labor Relations In Professional Sports,"(None, None)",,,NB
37:575:311,Organizational Design And Structure,"(None, None)",,,NB
37:575:312,Conflct In Wrk Place,"(None, None)",,,NB
37:575:313,New Technology And Work,"(None, None)",,,NB
37:575:314,Collective Bargainng,"(None, None)",,,NB
37:575:315,Employment Law,"(None, None)",,,NB
37:575:320,Immigrant Workers And Their Rights,"(None, None)",,,NB
37:575:321,Immigratnlaw/ Rights,"(None, None)",,,NB
37:575:325,Econ Employ Relatshp,"(None, None)",,,NB
37:575:326,Negotiation,"(None, None)",,,NB
37:575:338,Occupational Safety And Health,"(None, None)",,,NB
37:575:357,Social Movements&Wrk,"(None, None)",,,NB
37:575:359,Organizing For Social Change,"(None, None)",,,NB
37:575:363,Labor And The Global Economy,"(None, None)",,,NB
37:575:366,Asian American Workers In A Global Context,"(None, None)",,,NB
37:575:391,Issues In Work,"(None, None)",,,NB
37:575:395,Perspectives On Labor Studies,"(None, None)",,,NB
37:575:401,Research Methods In Labor Studies,"(None, None)",,,NB
37:575:403,Problem-Solving Tools At Work,"(None, None)",,,NB
37:575:470,Community Engaged Activity In Labor     Studies,"(None, None)",,,NB
37:575:480,Topics In Labor Stdy,"(None, None)",,,NB
37:575:490,Internship In Labor Education,"(None, None)",,,NB
37:575:494,Independent Study And Research,"(None, None)",,,NB
37:575:495,Independent Study And Research,"(None, None)",,,NB
37:575:496,Internship In Labor Studies,"(None, None)",,,NB
37:575:497,Internship In Labor Studies,"(None, None)",,,NB
37:575:498,Honors Labor Studies,"(None, None)",,,NB
37:624:308,Teams & Employee Dynamics,"(None, None)",,,NB
37:624:345,Organizational Behavior And Work,"(None, None)",,,NB
37:624:348,Leadership In The Workplace,"(None, None)",,,NB
37:624:350,Excel-Mgmt & Work,"(None, None)",,,NB
37:624:364,Diversity & Inclusion,"(None, None)",,,NB
37:624:498,Smlr Honors,"(None, None)",,,NB
38:533:533,Mng Workforce Flow,"(None, None)",,,NB
38:533:540,Hr Decision Making: Financial Decisions,"(None, None)",,,NB
38:533:542,Hr Dec Mak: D B D,"(None, None)",,,NB
38:533:550,Human Resource Metrics And Analytics,"(None, None)",,,NB
38:533:565,Econ & Dem Of L M,"(None, None)",,,NB
38:533:566,Employment Law,"(None, None)",,,NB
38:533:580,Hr Strategy I: Intro,"(None, None)",,,NB
38:533:590,Hr Strategy Ii: Business And Competitivestrategy,"(None, None)",,,NB
38:533:601,Independent Study In Human Resource Management,"(None, None)",,,NB
38:533:602,Indiv Stdy In Hrm,"(None, None)",,,NB
38:533:610,Sel Probs In Hrm,"(None, None)",,,NB
38:533:614,Selected Problems: In Human Resource Management,"(None, None)",,,NB
38:533:618,Sel. Problems In Hrm,"(None, None)",,,NB
38:533:634,Developing Human Capital,"(None, None)",,,NB
38:533:635,Managing Rewards Systems,"(None, None)",,,NB
38:533:648,"Diversity, Equity, And Inclusion        For Hr Professionals","(None, None)",,,NB
38:533:650,Applications Of Human Resource Analyticstools & Techniques,"(None, None)",,,NB
38:533:665,Managing The Global Workforce,"(None, None)",,,NB
38:533:680,Hr Strategy Iii: Measurement Issues,"(None, None)",,,NB
38:533:685,Strategic Organizational Change,"(None, None)",,,NB
38:533:690,Hr Strat Iv:Design,"(None, None)",,,NB
38:533:704,Linking Hr To Business Strategy,"(None, None)",,,NB
38:533:705,Workforce Analytics & Data-Based        Decisions,"(None, None)",,,NB
38:533:706,Capstone Project,"(None, None)",,,NB
38:533:800,Matric Cont,"(None, None)",,,NB
38:578:500,Intro Sem Ler,"(None, None)",,,NB
38:578:501,Research Methods Ler,"(None, None)",,,NB
38:578:504,Leadership In Work Organizations,"(None, None)",,,NB
38:578:505,Negotiation,"(None, None)",,,NB
38:578:506,Theory Of Ler,"(None, None)",,,NB
38:578:509,Labor Movements And Democracy,"(None, None)",,,NB
38:578:510,The Inclusive Workpl,"(None, None)",,,NB
38:578:511,Emo Intel In The Wp,"(None, None)",,,NB
38:578:515,Conflict Resolution,"(None, None)",,,NB
38:578:521,Immigration Law,"(None, None)",,,NB
38:578:543,Organizational Leadership And Change Management,"(None, None)",,,NB
38:578:555,Globalization And The Future Of Employment,"(None, None)",,,NB
38:578:556,Organizational Design And Structure,"(None, None)",,,NB
38:578:560,Collective Bargaining & Worker Representation,"(None, None)",,,NB
38:578:598,Individual Studies In Labor And Employment Relations,"(None, None)",,,NB
38:578:599,Individual Studies In Labor And Employment Relations,"(None, None)",,,NB
38:578:612,Labor/Employ History,"(None, None)",,,NB
38:578:690,Internship In Labor And Employment Relations,"(None, None)",,,NB
38:578:701,Research In Labor And Employment Relations,"(None, None)",,,NB
38:578:800,Matriculation Contd,"(None, None)",,,NB
38:578:877,Tchng Assistantship,"(None, None)",,,NB
75:832:501,Health Systems And Policy,"(None, None)",,,NB
75:832:502,Principles And Methods Of Epidemiology,"(None, None)",,,NB
75:832:503,Introduction To Environmental Health,"(None, None)",,,NB
75:832:504,Introduction To Biostatistics,"(None, None)",,,NB
75:832:505,Social And Behavioral Health Sciences,"(None, None)",,,NB
75:832:513,Leadership And Management Essentials Forpublic Health,"(None, None)",,,NB
75:832:514,Ph Foundations For Ms Hope,"(None, None)",,,NB
75:832:610,Biostatistical Computing,"(None, None)",,,NB
75:832:611,Applied Regression Analysis For Public Health Studies,"(None, None)",,,NB
75:832:613,Biostatistics Theory I,"(None, None)",,,NB
75:832:615,Applied Categorical Data Analysis,"(None, None)",,,NB
75:832:621,Environmental Exposure Measurement & Assessment,"(None, None)",,,NB
75:832:623,Principles Of Industrial Hygiene,"(None, None)",,,NB
75:832:624,Principles Of Occupational Health,"(None, None)",,,NB
75:832:626,Environmental Justice,"(None, None)",,,NB
75:832:627,Managing Hazardous Energy,"(None, None)",,,NB
75:832:630,Intermediate Epidemiologic Research Methods,"(None, None)",,,NB
75:832:631,Reproductive And Perinatal              Epidemiology,"(None, None)",,,NB
75:832:633,Survey Research In Epidemiology,"(None, None)",,,NB
75:832:653,Health Behavior & Policy Research Design,"(None, None)",,,NB
75:832:660,Program Planning & Evaluation,"(None, None)",,,NB
75:832:665,Health Care Economics,"(None, None)",,,NB
75:832:672,Intro Global Public Health,"(None, None)",,,NB
75:832:724,Population Health & Public Policy,"(None, None)",,,NB
77:705:101,Academic & Professional Development Seminar,"(None, None)",,,NB
77:705:229,Life Span: A Holistic Approach,"(None, None)",,,NB
77:705:250,Scholarly Writing For The Professional Nurse,"(None, None)",,,NB
77:705:255,Nutrition,"(None, None)",,,NB
77:705:306,Health Assessment,"(None, None)",,,NB
77:705:325,Professional Nursing I,"(None, None)",,,NB
77:705:330,Health Assessment & Clinical Reasoning,"(None, None)",,,NB
77:705:335,Nursing Care Of Healthy Populations,"(None, None)",,,NB
77:705:350,Pathophysiology & Pharmacotherapeutics: An Integrated Approach I,"(None, None)",,,NB
77:705:393,Honors Colloquia I,"(None, None)",,,NB
77:705:412,"Nsg Care Inf,Chld&Ad","(None, None)",,,NB
77:705:427,Prof Nsg Iii,"(None, None)",,,NB
77:705:428,Nsg Care Adult/Oa Ii,"(None, None)",,,NB
77:705:480,School Nursing,"(None, None)",,,NB
77:705:495,Sr Honors Project I,"(None, None)",,,NB
01:790:491,Advanced Independent Study And Research,"(None, None)",,,NB
01:790:495,Honors In Poli Sci,"(None, None)",,,NB
05:300:406,Community-Based Language Learning,"(None, None)",,,NB
05:300:430,Principles Of Language Learning: Second And World Language Acquisition,"(None, None)",,,NB
05:300:498,Clinical Experience Phase 1,"(None, None)",,,NB
07:700:381,Methods & Materials For General Music Education,"(None, None)",,,NB
09:910:467,Independent Study,"(None, None)",,,NB
09:910:471,Practicum 1,"(None, None)",,,NB
09:910:491,Special Practicum,"(None, None)",,,NB
15:253:520,Principles Of Language Learning: Second And World Language Acquisition,"(None, None)",,,NB
15:255:530,Clinical Experience Phase 1,"(None, None)",,,NB
15:255:535,Clinical Practice Phase 3,"(None, None)",,,NB
15:256:536,Climate Change:  Course For Educators,"(None, None)",,,NB
16:400:513,Food Chemistry Fund,"(None, None)",,,NB
16:400:601,Seminar In Food Sci,"(None, None)",,,NB
16:400:603,Special Topics In Food Science,"(None, None)",,,NB
16:400:612,Intr Colld Intrf Sci,"(None, None)",,,NB
16:400:800,Matriculation Contd,"(None, None)",,,NB
16:510:701,Research In History,"(None, None)",,,NB
16:681:599,Genetic Counseling Clinical Rotation,"(None, None)",,,NB
16:910:682,Advanced Individual Studies In Social Welfare,"(None, None)",,,NB
19:910:554,Practicum 3 - Act,"(None, None)",,,NB
19:910:555,Practicum 1-Act,"(None, None)",,,NB
19:910:600,Practicum 3 - Csw,"(None, None)",,,NB
22:010:577,Acctg For Mgrs,"(None, None)",,,NB
22:390:587,Financial Management,"(None, None)",,,NB
22:390:609,Derivatives,"(None, None)",,,NB
22:620:585,Organizatn Behavior,"(None, None)",,,NB
22:620:617,Negotiations,"(None, None)",,,NB
22:630:586,Marketing Management,"(None, None)",,,NB
22:630:613,Brand Management,"(None, None)",,,NB
