courseId,courseName,courseCredits,courseSubject,courseLevel,courseCampus
AAS 100,Introduction to African American and African Studies. (3 h),,Wake Forest University,,
AAS 103,Introduction to Jazz. (3 h),,Wake Forest University,,
AAS 105,Africa in World History. (3 h),,Wake Forest University,,
AAS 106,Atlantic World since 1500. (3 h),,Wake Forest University,,
AAS 110,Introduction to Africana Philosophy. (3 h),,Wake Forest University,,
AAS 115,Introduction to the Civil Rights Movement. (3 h),,Wake Forest University,,
AAS 120,Introduction to Black Women's Studies. (3 h),,Wake Forest University,,
AAS 130,Black Queer Studies. (3 h),,Wake Forest University,,
AAS 140,Introduction to Black Religion. (3 h),,Wake Forest University,,
AAS 170,African Diaspora Studies. (3 h),,Wake Forest University,,
AAS 190,Mixed Race Studies. (3 h),,Wake Forest University,,
AAS 200,Theories and Methods in African American and African Studies. (3 h),,Wake Forest University,,
AAS 202,"Policing, Politics, and Prison. (3 h)",,Wake Forest University,,
AAS 205,Black Cultural Studies. (3 h),,Wake Forest University,,
AAS 206,Introduction to Hip Hop. (3 h),,Wake Forest University,,
AAS 207,Black Popular Culture. (3 h),,Wake Forest University,,
AAS 210,African American Intellectual Traditions. (3 h),,Wake Forest University,,
AAS 220,African American Cultural Criticism. (3 h),,Wake Forest University,,
AAS 230,Black Expressive Cultures in the Americas. (3 h),,Wake Forest University,,
AAS 235,Black Cinema. (3 h),,Wake Forest University,,
AAS 240,Black Theology and Black Power. (3 h),,Wake Forest University,,
AAS 266,The History of the Slave South. (3 h),,Wake Forest University,,
AAS 271,African American History to 1870. (3 h),,Wake Forest University,,
AAS 272,African American History since 1870. (3 h),,Wake Forest University,,
AAS 273,Race and the City. (3 h),,Wake Forest University,,
AAS 274,Black Business and Economics. (3 h),,Wake Forest University,,
AAS 280,"Race, Environment, and Justice. (3 h)",,Wake Forest University,,
AAS 285,Women and Work in the U.S. (3 h),,Wake Forest University,,
AAS 290,Black Autobiography and Memoir. (3 h),,Wake Forest University,,
AAS 294,Black Art in the US and Great Britain since 1945. (3 h),,Wake Forest University,,
AAS 300,Black Feminist Theory. (3 h),,Wake Forest University,,
AAS 305,Mothering While Black. (3 h),,Wake Forest University,,
AAS 310,Organic Leadership: Lessons from the Black Freedom Struggle. (3 h),,Wake Forest University,,
AAS 315,African American Social and Political Thought. (3 h),,Wake Forest University,,
AAS 320,Philosophy and Race. (3 h),,Wake Forest University,,
AAS 322,Critical Theories of Race. (3 h),,Wake Forest University,,
AAS 324,Race and the Modern World. (3 h),,Wake Forest University,,
AAS 325,Roots of Racism: Race and Ethnic Diversity in the U.S.. (3 h),,Wake Forest University,,
AAS 326,"Race, Class, and Gender in a Color-blind Society. (3 h)",,Wake Forest University,,
AAS 330,Politics of Black Religion. (3 h),,Wake Forest University,,
AAS 340,Ethics of Black Power. (3 h),,Wake Forest University,,
AAS 341,"Africans in the Atlantic World, 1750-1815. (3 h)",,Wake Forest University,,
AAS 350,Politics of Black Liberation. (3 h),,Wake Forest University,,
AAS 355,Africana Political Philosophy. (3 h),,Wake Forest University,,
AAS 370,"Special Topics in Arts, Aesthetics, and Expressive Cultures in African American and African Studies. (1-3 h)",,Wake Forest University,,
AAS 375,Black Lives. (3 h),,Wake Forest University,,
AAS 376,Civil Rights and Black Consciousness Movements. (3 h),,Wake Forest University,,
AAS 378,"Race, Memory, and Identity. (3 h)",,Wake Forest University,,
AAS 380,"Special Topics in Ethics, Politics, and Society in African American and African Studies. (1-3 h)",,Wake Forest University,,
AAS 387,Black Radical Tradition. (3 h),,Wake Forest University,,
AAS 390,"Special Topics in History, Culture, and Theory in African American and African Studies. (1-3 h)",,Wake Forest University,,
AAS 391,Themes in Africana Philosophy. (3 h),,Wake Forest University,,
AAS 392,Seminar in African American Studies. (3 h),,Wake Forest University,,
AAS 393,Black Family Matters. (3 h),,Wake Forest University,,
AAS 396,Independent Study in African American and African Studies. (1-3 h),,Wake Forest University,,
AAS 397,Directed Reading in African American and African Studies. (1-3 h),,Wake Forest University,,
AAS 399,African American and African Studies Atelier. (3 h),,Wake Forest University,,
ACC 110,Introduction to Financial and Managerial Accounting. (3 h),,Wake Forest University,,
ACC 111,Introductory Financial Accounting. (3 h),,Wake Forest University,,
ACC 200,Analytics in the Accounting Profession. (3 h),,Wake Forest University,,
ACC 211,Intermediate Accounting I. (4 h),,Wake Forest University,,
ACC 212,Intermediate Accounting II. (4 h),,Wake Forest University,,
ACC 221,Introductory Management Accounting. (3 h),,Wake Forest University,,
ACC 237,Taxes and Their Role in Business and Personal Decisions. (3 h),,Wake Forest University,,
ACC 311,Advanced Financial Accounting. (3 h),,Wake Forest University,,
ACC 321,Accounting for Managerial Decision Making. (3 h),,Wake Forest University,,
ACC 337,Federal Taxation of Corporations and Partnerships. (3 h),,Wake Forest University,,
ACC 351,Accounting Information Systems. (3 h),,Wake Forest University,,
ACC 352,Introduction to Auditing. (3 h),,Wake Forest University,,
ACC 378,Individualized Reading and Research. (1-3 h),,Wake Forest University,,
ACC 390,Professional and Ethical Responsibilities of Accountants. (1.5 h),,Wake Forest University,,
ACC 391,Professional Accounting Internship. (3 h),,Wake Forest University,,
ACC 392,Professional and Ethical Responsibilities of Accountants - Internship Practicum. (1.5 h),,Wake Forest University,,
ACC 393,Professional and Ethical Responsibilities of Accountants - Case Study Practicum. (1.5 h),,Wake Forest University,,
ACP 101,Preparing for Academic Competition. (1 h),,Wake Forest University,,
AES 232,The American Jewish Experience. (3 h),,Wake Forest University,,
AES 234,Ethnicity and Immigration. (3 h),,Wake Forest University,,
AES 236,Multi-Ethnic Dance. (3 h),,Wake Forest University,,
AES 251,Race and Ethnic Diversity in America. (3 h),,Wake Forest University,,
AES 265,Culture and Religion in Contemporary Native America. (3 h),,Wake Forest University,,
AES 300,American Ethnic Literature and Film. (3 h),,Wake Forest University,,
AES 310,"Race, Class, and Gender in a Color-blind Society. (3 h)",,Wake Forest University,,
AES 341,"Africans in the Atlantic World, 1750-1815. (3 h)",,Wake Forest University,,
AES 357,Studies in Chicano/a Literature. (3 h),,Wake Forest University,,
AES 358,The Italian Experience in America. (3 h),,Wake Forest University,,
AES 370,Immigration Practices in the U.S. and the European Union. (3 h),,Wake Forest University,,
AES 387,African-American Fiction. (3 h),,Wake Forest University,,
AES 389,African-American Poetry. (3 h),,Wake Forest University,,
AES 390,Special Topics. (1.5-3 h),,Wake Forest University,,
AES 396,Independent Study. (1-3 h),,Wake Forest University,,
AFS 220,Special Topics in African Studies. (1-3 h),,Wake Forest University,,
AFS 250,African Studies: Past and Present. (3 h),,Wake Forest University,,
ANT 112,Introduction to Archaeology. (3 h),,Wake Forest University,,
ANT 113,Introduction to Biological Anthropology. (3 h),,Wake Forest University,,
ANT 114,Introduction to Cultural Anthropology. (3 h),,Wake Forest University,,
ANT 115,"Language, Culture, and Power: Linguistic Anthropology. (3 h)",,Wake Forest University,,
ANT 150,Introduction to Linguistics. (3 h),,Wake Forest University,,
ANT 190,Introduction to Museum Studies. (3 h),,Wake Forest University,,
ANT 305,Museum Anthropology. (3 h),,Wake Forest University,,
ANT 308,Archaeological Theory and Practice. (3 h),,Wake Forest University,,
ANT 315,Artifact Analysis and Laboratory Methods in Archaeology. (4 h),,Wake Forest University,,
ANT 318,Prehistory and Archaeology of Europe. (3 h),,Wake Forest University,,
ANT 325,Roots of Racism: Race and Ethnic Diversity in the U.S.. (3 h),,Wake Forest University,,
ANT 327,Global Justice and Human Rights in Latin America. (3 h),,Wake Forest University,,
ANT 329,Anthropology of Gender and Sexuality. (3 h),,Wake Forest University,,
ANT 333,Language and Gender. (3 h),,Wake Forest University,,
ANT 334,People and Cultures of South Asia. (3 h),,Wake Forest University,,
ANT 335,Anthropology of Space and Place in the U.S.. (3-4 h),,Wake Forest University,,
ANT 336,"Myth, Ritual, and Symbolism. (3 h)",,Wake Forest University,,
ANT 337,Economic Anthropology. (3 h),,Wake Forest University,,
ANT 338,Cyborg Anthropology. (3 h),,Wake Forest University,,
ANT 339,Culture and Nature: Introduction to Environmental Anthropology. (3 h),,Wake Forest University,,
ANT 340,Anthropological Theory. (4 h),,Wake Forest University,,
ANT 342,Applied Anthropology. (3 h),,Wake Forest University,,
ANT 350,"Language, Indigeneity and Globalization. (3 h)",,Wake Forest University,,
ANT 353,Language in Education. (3 h),,Wake Forest University,,
ANT 354,Field Methods in Linguistic Anthropology. (4 h),,Wake Forest University,,
ANT 356,"Language and Social Justice: Signs, Stigma and Social Capital. (3 h)",,Wake Forest University,,
ANT 358,Native Cultures of North America. (3 h),,Wake Forest University,,
ANT 360,Anthropology of Global Health. (3 h),,Wake Forest University,,
ANT 361,Evolution and Human Behavior. (3 h),,Wake Forest University,,
ANT 362,Medical Anthropology. (3 h),,Wake Forest University,,
ANT 366,Human Evolution. (3 h),,Wake Forest University,,
ANT 367,Human Biological Diversity. (3 h),,Wake Forest University,,
ANT 368,Human Osteology. (4 h),,Wake Forest University,,
ANT 370,Origins to Empires: The Archaeology of Africa and Eurasia. (3 h),,Wake Forest University,,
ANT 371,"Ritual and Religion, Past and Present. (3 h)",,Wake Forest University,,
ANT 372,Environmental Archaeology. (3 h),,Wake Forest University,,
ANT 373,Olmec to Inca: States of the Americas. (3 h),,Wake Forest University,,
ANT 374,North American Archaeology. (3 h),,Wake Forest University,,
ANT 381,Field Program in Anthropological Archeology. (3 h),,Wake Forest University,,
ANT 382,Field Program in Anthropological Archeology. (3 h),,Wake Forest University,,
ANT 383,Field Program in Cultural Anthropology. (3 h),,Wake Forest University,,
ANT 384,Field Program in Cultural Anthropology. (3 h),,Wake Forest University,,
ANT 385,Special Problems Seminar. (3 h),,Wake Forest University,,
ANT 386,Special Problems Seminar. (3 h),,Wake Forest University,,
ANT 387,Ethnographic Research Methods. (4 h),,Wake Forest University,,
ANT 390,Student-Faculty Seminar. (4 h),,Wake Forest University,,
ANT 391,Internship in Anthropology. (1-3 h),,Wake Forest University,,
ANT 392,Internship in Anthropology. (1-3 h),,Wake Forest University,,
ANT 393,Community-Based Research or Service-Learning in Anthropology. (1-3 h),,Wake Forest University,,
ANT 394,Mentored Research in Anthropology. (1-3 h),,Wake Forest University,,
ANT 395,Honors Thesis in Anthropology. (1-3 h),,Wake Forest University,,
ANT 398,Individual Study. (1-3 h),,Wake Forest University,,
ANT 399,Individual Study. (1-3 h),,Wake Forest University,,
ARB 111,Elementary Arabic I. (3 h),,Wake Forest University,,
ARB 112,Elementary Arabic II. (3 h),,Wake Forest University,,
ARB 153,Intermediate Arabic I. (4 h),,Wake Forest University,,
ARB 201,Intermediate Arabic II. (3 h),,Wake Forest University,,
ARB 218,Standard Arabic Conversation I. (3 h),,Wake Forest University,,
ARB 219,Standard Arabic Conversation II. (3 h),,Wake Forest University,,
ARB 221,Colloquial Arabic Conversation I. (3 h),,Wake Forest University,,
ARB 222,Colloquial Arabic Conversation II. (3 h),,Wake Forest University,,
ARB 230,Upper Intermediate Arabic I. (3 h),,Wake Forest University,,
ARB 231,Upper Intermediate Arabic II. (3 h),,Wake Forest University,,
ARB 250,Classical Arab-Islamic Civilization through Literature. (3 h),,Wake Forest University,,
ARB 251,Modern Arab World through Literature. (3 h),,Wake Forest University,,
ARB 253,North African Cinema. (3 h),,Wake Forest University,,
ARB 255,Food Cultures of the Arab World. (3 h),,Wake Forest University,,
ARB 288,Individual Study in Arabic Language or Cultural Studies. (1-3 h),,Wake Forest University,,
ARB 301,Advanced Arabic I. (3 h),,Wake Forest University,,
ARB 302,Advanced Arabic II. (3 h),,Wake Forest University,,
ARB 305,Special Topics in Arabic. (1-3 h),,Wake Forest University,,
ARB 306,Special Topics in Arabic Studies. (3 h),,Wake Forest University,,
ARB 324,Introduction to Arabic Literature. (3 h),,Wake Forest University,,
ARB 325,Multimedia Arabic. (3 h),,Wake Forest University,,
ART 101,Engaging with Art. (1.5 h),,Wake Forest University,,
ART 103,History of Global Art. (3 h),,Wake Forest University,,
ART 104,Topics in World Art. (3 h),,Wake Forest University,,
ART 105,History of Global Architecture. (3 h),,Wake Forest University,,
ART 106,Global Contemporary Art. (3 h),,Wake Forest University,,
ART 107,Introductory Topics in Art and Architectural History. (3 h),,Wake Forest University,,
ART 110,Topics in Studio Art. (1-3 h),,Wake Forest University,,
ART 111,Introduction to Studio Art and Design Fundamentals. (3 h),,Wake Forest University,,
ART 112,Introduction to Painting. (3 h),,Wake Forest University,,
ART 113,Drawing with Digital Integration. (3 h),,Wake Forest University,,
ART 114,Introduction to Film and Video Art. (3 h),,Wake Forest University,,
ART 115,Introduction to Sculpture. (3 h),,Wake Forest University,,
ART 117,Introduction to Printmaking. (3 h),,Wake Forest University,,
ART 118,Introduction to Drawing. (3 h),,Wake Forest University,,
ART 119,Introduction to Darkroom Photography. (3 h),,Wake Forest University,,
ART 120,Introduction to Digital Photography. (3 h),,Wake Forest University,,
ART 121,Design Studio: Ethics and Aesthetics. (3 h),,Wake Forest University,,
ART 122,Design Studio: Visualization of Ideas. (3 h),,Wake Forest University,,
ART 123,Introduction to Digital Art and Design. (3 h),,Wake Forest University,,
ART 124,Studio Practice with Digital Integration. (3 h),,Wake Forest University,,
ART 125,Introduction to Conceptual Art. (3 h),,Wake Forest University,,
ART 126,Introduction to Ecological Art. (3 h),,Wake Forest University,,
ART 127,Introduction to Performance Art. (3 h),,Wake Forest University,,
ART 128,Introduction to Social Practice Art. (3 h),,Wake Forest University,,
ART 129,Introduction to Installation Art. (3 h),,Wake Forest University,,
ART 198,Study Abroad - Art History. (3 h),,Wake Forest University,,
ART 199,International Studies in Art. (1-4 h),,Wake Forest University,,
ART 202,Special Topics in Art and Science. (3 h),,Wake Forest University,,
ART 203,Islamic Art and Architecture. (3 h),,Wake Forest University,,
ART 204,South Asian Art and Architecture. (3 h),,Wake Forest University,,
ART 205,The Architecture of Devotion in South Asia. (3 h),,Wake Forest University,,
ART 206,"Art and Empire: India and Europe, 1500-1900. (3 h)",,Wake Forest University,,
ART 207,Building Empire: Early Modern Islamic Architecture. (3 h),,Wake Forest University,,
ART 208,Ottoman Art and Architecture. (3 h),,Wake Forest University,,
ART 209,Special Topics in Art. (1-3 h),,Wake Forest University,,
ART 210,Topics in Studio Art. (1-4 h),,Wake Forest University,,
ART 211,Intermediate Drawing. (4 h),,Wake Forest University,,
ART 212,Painting II. (4 h),,Wake Forest University,,
ART 213,Painting III. (4 h),,Wake Forest University,,
ART 214,Film and Video Art: Site Specific. (4 h),,Wake Forest University,,
ART 215,Public Art. (4 h),,Wake Forest University,,
ART 216,Sculpture Fabrication. (4 h),,Wake Forest University,,
ART 217,Intermediate Printmaking. (4 h),,Wake Forest University,,
ART 218,Life Drawing. (4 h),,Wake Forest University,,
ART 219,Darkroom Photography. (4 h),,Wake Forest University,,
ART 221,Advanced Drawing. (4 h),,Wake Forest University,,
ART 222,Advanced Painting. (4 h),,Wake Forest University,,
ART 224,Film and Video Art: Flash Video Mobs and Animations. (4 h),,Wake Forest University,,
ART 225,Bodies and Objects. (4 h),,Wake Forest University,,
ART 226,Installation Art. (4 h),,Wake Forest University,,
ART 227,Advanced Printmaking. (4 h),,Wake Forest University,,
ART 228,Film and Video Art: Theatre Works. (4 h),,Wake Forest University,,
ART 229,Digital Photography. (4 h),,Wake Forest University,,
ART 230,Spanish Art and Architecture. (3 h),,Wake Forest University,,
ART 231,American Visual Arts. (3 h),,Wake Forest University,,
ART 232,"Art, Architecture and Gender. (3 h)",,Wake Forest University,,
ART 233,Architecture of the Americas. (3 h),,Wake Forest University,,
ART 234,"British Art: Nation, Empire, and Identity. (3 h)",,Wake Forest University,,
ART 235,Arts of London. (3 h),,Wake Forest University,,
ART 236,Art of East Asia. (3 h),,Wake Forest University,,
ART 237,Street Photography. (4 h),,Wake Forest University,,
ART 238,Art and Culture of China. (3 h),,Wake Forest University,,
ART 239,Photography and the Artist's Book. (4 h),,Wake Forest University,,
ART 240,Ancient American Art and Architecture. (3 h),,Wake Forest University,,
ART 241,Ancient Art and Architecture. (3 h),,Wake Forest University,,
ART 242,Masters and Masterpieces of Spanish Art. (3 h),,Wake Forest University,,
ART 243,The Man and the Legend: Images of Alexander the Great in Ancient and Medieval Art. (3 h),,Wake Forest University,,
ART 244,Greek Art and Architecture. (3 h),,Wake Forest University,,
ART 245,Art and Architecture of the Roman World. (3 h),,Wake Forest University,,
ART 246,Byzantine Art and Architecture. (3 h),,Wake Forest University,,
ART 248,Film and Video Art: Ecological Works. (4 h),,Wake Forest University,,
ART 249,The Arts of Medieval Spain. (3 h),,Wake Forest University,,
ART 250,"Artistic Exchanges in the Mediterranean, 500-1400. (3 h)",,Wake Forest University,,
ART 251,Print Culture in East Asia. (3 h),,Wake Forest University,,
ART 252,Romanesque Art and Archiecture. (3 h),,Wake Forest University,,
ART 253,The Gothic Cathedral. (3 h),,Wake Forest University,,
ART 254,Luxury Arts in the Middle Ages. (3 h),,Wake Forest University,,
ART 255,History of Global Furniture. (3 h),,Wake Forest University,,
ART 256,First Nations Art and Architecture of the Americas. (3 h),,Wake Forest University,,
ART 257,Latin American Art and Architecture. (3 h),,Wake Forest University,,
ART 258,The Printed Image in Early Modern Europe. (3 h),,Wake Forest University,,
ART 259,The History of Photography. (3 h),,Wake Forest University,,
ART 260,Classics of World Cinema. (3 h),,Wake Forest University,,
ART 260L,Classics of World Cinema Lab. (0 h),,Wake Forest University,,
ART 261,Topics in Film History. (3 h),,Wake Forest University,,
ART 262,History of Photojournalism. (3 h),,Wake Forest University,,
ART 264,Film Stills: Photographs Inspired by Films. (4 h),,Wake Forest University,,
ART 265,Art and Life in Renaissance Europe. (3 h),,Wake Forest University,,
ART 266,"Art in the Age of Giotto, Dante, and the Plague. (3 h)",,Wake Forest University,,
ART 267,Early Italian Renaissance Art. (3 h),,Wake Forest University,,
ART 268,16th Century Art in Italy: Magnificence and Reform. (3 h),,Wake Forest University,,
ART 269,Venetian Renaissance Art. (3 h),,Wake Forest University,,
ART 270,Northern Renaissance Art. (3 h),,Wake Forest University,,
ART 272,"17th-Century European Art: Politics, Power and Patronage. (3 h)",,Wake Forest University,,
ART 273,18th-Century European Art: the Birth of the Modern World. (3 h),,Wake Forest University,,
ART 274,17th-Century Dutch Painting. (3 h),,Wake Forest University,,
ART 276,Austrian Art and Architecture. (3 h),,Wake Forest University,,
ART 277,Global Exchange in Early Modern Art and Architecture. (3 h),,Wake Forest University,,
ART 281,19th-Century European Art: From Enlightenment to Abstraction. (3 h),,Wake Forest University,,
ART 282,Modern Art in Europe and the Americas. (3 h),,Wake Forest University,,
ART 284,Post War/Cold War: Global Art 1945-1990. (3 h),,Wake Forest University,,
ART 286,Topics in Art and Architectural History. (3 h),,Wake Forest University,,
ART 287H,Honors in Art History. (3 h),,Wake Forest University,,
ART 287S,Honors in Studio Art. (4 h),,Wake Forest University,,
ART 288,Modern and Contemporary Architecture. (3 h),,Wake Forest University,,
ART 290,Printmaking Workshop. (4 h),,Wake Forest University,,
ART 291H,Individual Study. (1.5-3 h),,Wake Forest University,,
ART 291S,Individual Study. (1-4 h),,Wake Forest University,,
ART 293,Practicum. (3-4 h),,Wake Forest University,,
ART 294,Black Art in the US and Great Britain since 1945. (3 h),,Wake Forest University,,
ART 295,Studio Seminar. (1-4 h),,Wake Forest University,,
ART 296,Histories of the Art Museum. (3 h),,Wake Forest University,,
ART 297,Management in the Visual Arts. (3 h),,Wake Forest University,,
ART 298,Contemporary Art and Criticism. (1.5-3 h),,Wake Forest University,,
ART 331,American Foundations. (3 h),,Wake Forest University,,
ART 351,Topics in Gender and Art. (3 h),,Wake Forest University,,
ART 386,Advanced Topics in Art and Architectural History. (3 h),,Wake Forest University,,
ART 393,Studio Art Capstone. (4 h),,Wake Forest University,,
ART 394,Issues in Art History. (4 h),,Wake Forest University,,
ART 396,Art History Seminar. (4 h),,Wake Forest University,,
ART 397,Advanced Topics In Studio Art. (1-4 h),,Wake Forest University,,
BEM 201,Quantitative Analysis I. (3 h),,Wake Forest University,,
BEM 202,Quantitative Analysis II. (3 h),,Wake Forest University,,
BEM 210,Introduction to Business. (3 h),,Wake Forest University,,
BEM 211,Organizational Behavior. (3 h),,Wake Forest University,,
BEM 220,Business Integration Simulation. (3 h),,Wake Forest University,,
BEM 221,Principles of Marketing. (3 h),,Wake Forest University,,
BEM 241,Productions and Operations Management. (3 h),,Wake Forest University,,
BEM 251,Management Information Systems. (3 h),,Wake Forest University,,
BEM 261,Legal Environment of Business. (3 h),,Wake Forest University,,
BEM 287,Professional Development Workshop Series A. (1.5 h),,Wake Forest University,,
BEM 312,Human Resource Management. (3 h),,Wake Forest University,,
BEM 315,Managing in a Global Context. (3 h),,Wake Forest University,,
BEM 316,Leading in Nonprofit Sector. (3 h),,Wake Forest University,,
BEM 318,Calloway Leadership Experience. (3 h),,Wake Forest University,,
BEM 322,Global Marketing Strategy. (3 h),,Wake Forest University,,
BEM 323,Selected Topics in Marketing. (3 h),,Wake Forest University,,
BEM 324,Marketing Research. (3 h),,Wake Forest University,,
BEM 325,Consumer Behavior. (3 h),,Wake Forest University,,
BEM 326,Brand Management and New Product Development. (3 h),,Wake Forest University,,
BEM 327,Marketing Communications. (3 h),,Wake Forest University,,
BEM 328,Sports Marketing. (3 h),,Wake Forest University,,
BEM 329,Marketing Analytics. (3 h),,Wake Forest University,,
BEM 330,Digital Marketing. (3 h),,Wake Forest University,,
BEM 332,Financial Statement Analysis. (1.5 h),,Wake Forest University,,
BEM 342,Project Management. (1.5 h),,Wake Forest University,,
BEM 361,Business Law for Accountants. (3 h),,Wake Forest University,,
BEM 362,Contemporary Issues in Law and Public Policy. (3 h),,Wake Forest University,,
BEM 363,"Leveraging Name, Image, and Likeness (NIL): Business Strategies and Legal Frameworks. (3 h)",,Wake Forest University,,
BEM 365,Ethics and Business Leadership. (3 h),,Wake Forest University,,
BEM 371,Strategic Management. (3 h),,Wake Forest University,,
BEM 372,Strategic Management in Entrepreneurial Firms. (3 h),,Wake Forest University,,
BEM 373,Strategy Games. (3 h),,Wake Forest University,,
BEM 375,Contemporary Issues in Business and Foundations of Capitalism. (3 h),,Wake Forest University,,
BEM 376,Introduction to Consulting. (1.5 h),,Wake Forest University,,
BEM 377,Entrepreneurship. (3 h),,Wake Forest University,,
BEM 381,Individualized Reading and Research. (1-3 h),,Wake Forest University,,
BEM 382,Management in the Visual Arts. (3 h),,Wake Forest University,,
BEM 383,Seminar in Negotiations. (3 h),,Wake Forest University,,
BEM 384,Design-Thinking and High-Performance Teams. (3 h),,Wake Forest University,,
BEM 386,Selected Topics in Real Estate. (1.5 h),,Wake Forest University,,
BEM 388,Management Simulation. (1.5 h),,Wake Forest University,,
BEM 389,Management Internship. (3 h),,Wake Forest University,,
BEM 391,Global Business Studies. (3 h),,Wake Forest University,,
BEM 392,Seminar in Decision Analytics. (3 h),,Wake Forest University,,
BEM 393,Principles of Risk Management. (3 h),,Wake Forest University,,
BHM 100,"Introduction to Bioethics, Health and Society. (3 h)",,Wake Forest University,,
BHM 310,The Art and Science of Health and Healing. (3 h),,Wake Forest University,,
BHM 311,Bioethics Methods and Theories. (3 h),,Wake Forest University,,
BHM 312,"Bioethics, Humanities, and the Public Life. (3 h)",,Wake Forest University,,
BHM 385,"Special Topics in Bioethics, Humanities, and Medicine. (1-3 h)",,Wake Forest University,,
BHM 395,"Independent Study in Bioethics, Humanities, and Medicine. (1-3 h)",,Wake Forest University,,
BIO 100,Topics in Biology. (4 h),,Wake Forest University,,
BIO 101,Biology and the Human Condition. (4 h),,Wake Forest University,,
BIO 101L,Biology and the Human Condition-Lab. (0 h),,Wake Forest University,,
BIO 103,Microbes and Society. (4 h),,Wake Forest University,,
BIO 105,Plants and People. (4 h),,Wake Forest University,,
BIO 110,Topics in Biology. (1-4 h),,Wake Forest University,,
BIO 111,Biological Principles. (4 h),,Wake Forest University,,
BIO 111L,Biological Principles Lab. (0 h),,Wake Forest University,,
BIO 150,Biology I. (3 h),,Wake Forest University,,
BIO 150L,Biology I Lab. (1 h),,Wake Forest University,,
BIO 160,Biology II. (3 h),,Wake Forest University,,
BIO 160L,Biology II Lab. (1 h),,Wake Forest University,,
BIO 201,Topics in Biology. (1-4 h),,Wake Forest University,,
BIO 221,Topics in Biology. (1-4 h),,Wake Forest University,,
BIO 223,Understanding Climate Change. (1.5 h),,Wake Forest University,,
BIO 224,Bird Taxonomy (Florida). (2 h),,Wake Forest University,,
BIO 225,Field Biology and Natural History. (3 h),,Wake Forest University,,
BIO 235,Genetics. (3 h),,Wake Forest University,,
BIO 245,Comparative Animal Physiology. (3 h),,Wake Forest University,,
BIO 265,Cellular and Molecular Biology. (3 h),,Wake Forest University,,
BIO 301,Topics in Biology. (1-4 h),,Wake Forest University,,
BIO 302,Topics in Biology. (1-4 h),,Wake Forest University,,
BIO 303,Topics in Biology. (1-4 h),,Wake Forest University,,
BIO 304,Topics in Biology. (1-4 h),,Wake Forest University,,
BIO 305,Topics in Biology. (1-4 h),,Wake Forest University,,
BIO 306,Topics in Biology. (1-4 h),,Wake Forest University,,
BIO 307,Biophysics. (3 h),,Wake Forest University,,
BIO 308,Biomechanics. (3 h),,Wake Forest University,,
BIO 308L,Biomechanics Lab. (1 h),,Wake Forest University,,
BIO 309,Comparative Anatomy. (4 h),,Wake Forest University,,
BIO 310,Community Ecology. (4 h),,Wake Forest University,,
BIO 311,Ecology and Conservation Biology of Coral Reefs. (4 h),,Wake Forest University,,
BIO 312,Ecology and Evolution of Infectious Disease. (3 h),,Wake Forest University,,
BIO 313,Herpetology. (4 h),,Wake Forest University,,
BIO 314,Evolution. (3 h),,Wake Forest University,,
BIO 314L,Evolution Lab. (1 h),,Wake Forest University,,
BIO 315,Population Genetics. (3 h),,Wake Forest University,,
BIO 315L,Population Genetics Lab. (1 h),,Wake Forest University,,
BIO 316,Biology of Birds. (4 h),,Wake Forest University,,
BIO 317,Plant Physiology and Development. (3 h),,Wake Forest University,,
BIO 317L,Plant Physiology and Development Lab. (1 h),,Wake Forest University,,
BIO 319,Biology of Soils. (3 h),,Wake Forest University,,
BIO 319L,Biology of Soils Lab. (1 h),,Wake Forest University,,
BIO 323,Animal Behavior. (3 h),,Wake Forest University,,
BIO 323L,Animal Behavior Lab. (1 h),,Wake Forest University,,
BIO 324,Hormones and Behavior. (3 h),,Wake Forest University,,
BIO 327,Mycology: Biology of Fungi. (4 h),,Wake Forest University,,
BIO 330,Land and Natural Resource Management. (3 h),,Wake Forest University,,
BIO 331,Microbial Physiology. (3 h),,Wake Forest University,,
BIO 332,Microbiology. (4 h),,Wake Forest University,,
BIO 334,Parasitology. (4 h),,Wake Forest University,,
BIO 336,Development. (3 h),,Wake Forest University,,
BIO 336L,Development Lab. (1 h),,Wake Forest University,,
BIO 339,Animal Cognition. (3 h),,Wake Forest University,,
BIO 340,Ecology. (4 h),,Wake Forest University,,
BIO 341,Marine Biology. (3 h),,Wake Forest University,,
BIO 341L,Marine Biology. (1 h),,Wake Forest University,,
BIO 342,Oceanography. (4 h),,Wake Forest University,,
BIO 343,Molecular Neuroscience. (3 h),,Wake Forest University,,
BIO 346,Neurobiology. (3 h),,Wake Forest University,,
BIO 346L,Neurobiology Lab. (1 h),,Wake Forest University,,
BIO 348,Physiological Plant Ecology. (3 h),,Wake Forest University,,
BIO 348L,Physiological Plant Ecology. (1 h),,Wake Forest University,,
BIO 349,Tropical Biodiversity of the Amazon and Andes. (4 h),,Wake Forest University,,
BIO 352,Developmental Neuroscience. (4 h),,Wake Forest University,,
BIO 353,Functional Neuroanatomy. (3 h),,Wake Forest University,,
BIO 354,Methods in Neuroscience. (3 h),,Wake Forest University,,
BIO 354L,Neuroscience Methods Lab. (1 h),,Wake Forest University,,
BIO 356,Ecology and Resource Management of Eastern Australia. (4 h),,Wake Forest University,,
BIO 360,Metabolic Diseases. (3 h),,Wake Forest University,,
BIO 361,Principles of Biological Microscopy. (4 h),,Wake Forest University,,
BIO 362,Immunology. (3 h),,Wake Forest University,,
BIO 363,Sensory Biology. (3 h),,Wake Forest University,,
BIO 363L,Sensory Biology Lab. (1 h),,Wake Forest University,,
BIO 365,Biology of the Cell. (3 h),,Wake Forest University,,
BIO 365L,Biology of the Cell Lab. (1 h),,Wake Forest University,,
BIO 367,Molecular Virology. (3 h),,Wake Forest University,,
BIO 367L,Molecular Virology Lab. (1 h),,Wake Forest University,,
BIO 368,Cells and Molecules of Disease. (3 h),,Wake Forest University,,
BIO 368L,Cells and Molecules of Disease Lab. (1 h),,Wake Forest University,,
BIO 369,Cancer Biology. (3 h),,Wake Forest University,,
BIO 370,Biochemistry I: Macromolecules and Metabolism. (3 h),,Wake Forest University,,
BIO 370L,Biochemistry Lab. (1 h),,Wake Forest University,,
BIO 371L,Advanced Biochemistry Lab. (1.5 h),,Wake Forest University,,
BIO 372,Advanced Molecular Biology. (3 h),,Wake Forest University,,
BIO 372L,Advanced Molecular Biology Laboratory. (1.5 h),,Wake Forest University,,
BIO 374,Neuropharmacology. (3 h),,Wake Forest University,,
BIO 380,Biostatistics. (3 h),,Wake Forest University,,
BIO 380L,Biostatistics Lab. (1 h),,Wake Forest University,,
BIO 381,Epigenetics. (3 h),,Wake Forest University,,
BIO 381L,Epigenetics Laboratory. (1 h),,Wake Forest University,,
BIO 382,Molecular Signaling. (3 h),,Wake Forest University,,
BIO 383,Genomics. (3 h),,Wake Forest University,,
BIO 383L,Genomics Lab. (1 h),,Wake Forest University,,
BIO 385,Bioinformatics. (3 h),,Wake Forest University,,
BIO 386,Genetics & African Diaspora. (3 h),,Wake Forest University,,
BIO 387,Computational Systems Biology. (3 h),,Wake Forest University,,
BIO 388,Methods in Molecular Genetics. (4 h),,Wake Forest University,,
BIO 390,Mentored Research. (2 h),,Wake Forest University,,
BIO 391,Independent Research. (2 h),,Wake Forest University,,
BIO 392,Independent Research. (2 h),,Wake Forest University,,
BIO 393,Research in Biology. (2 h),,Wake Forest University,,
BIO 394,Research in Biology. (2 h),,Wake Forest University,,
BIO 399,Mentored Biology. (2 h),,Wake Forest University,,
BMB 301,Special Topics in Biochemistry and Molecular Biology. (3 h),,Wake Forest University,,
BMB 331,Microbial Physiology. (3 h),,Wake Forest University,,
BMB 360,Metabolic Diseases. (3 h),,Wake Forest University,,
BMB 367,Molecular Virology. (3 h),,Wake Forest University,,
BMB 370,Biochemistry I: Macromolecules and Metabolism. (3 h),,Wake Forest University,,
BMB 371L,Advanced Biochemistry Lab. (1.5 h),,Wake Forest University,,
BMB 372,Advanced Molecular Biology. (3 h),,Wake Forest University,,
BMB 372L,Advanced Molecular Biology Laboratory. (1.5 h),,Wake Forest University,,
BMB 373,Biochemistry II. (3 h),,Wake Forest University,,
BMB 376,Biophysical Chemistry. (3 h),,Wake Forest University,,
BMB 381,Epigenetics. (3 h),,Wake Forest University,,
BMB 381L,Epigenetics Laboratory. (1 h),,Wake Forest University,,
BMB 382,Molecular Signaling. (3 h),,Wake Forest University,,
BMB 383,Genomics. (3 h),,Wake Forest University,,
BMB 383L,Genomics Lab. (1 h),,Wake Forest University,,
BMB 388,Senior Seminar in Biochemistry and Molecular Biology. (1 h),,Wake Forest University,,
BMB 390,Biochemistry and Molecular Biology Research Experience. (0-2 h),,Wake Forest University,,
BMB 391,Independent Research. (0.5-2 h),,Wake Forest University,,
BMB 392,Independent Research. (0.5-2 h),,Wake Forest University,,
BMB 393,Independent Research. (0.5-2 h),,Wake Forest University,,
BMB 394,Independent Research. (0.5-2 h),,Wake Forest University,,
BMB 395,Senior Research Project. (2 h),,Wake Forest University,,
BUS 101S,Introduction to Business Software. (1.5 h),,Wake Forest University,,
BUS 111,Professional Life Skills. (1.5 h),,Wake Forest University,,
BUS 131,Personal Finance for Everyone. (3 h),,Wake Forest University,,
BUS 181,Field Study. (1 h),,Wake Forest University,,
BUS 203,Cooperative Education Practicum I. (3 h),,Wake Forest University,,
BUS 204,Cooperative Education Practicum II. (3 h),,Wake Forest University,,
BUS 281,Individual Reading & Research. (1-3 h),,Wake Forest University,,
BUS 295,Business Immersion. (9 h),,Wake Forest University,,
BUS 297,SportsBIZ. (9 h),,Wake Forest University,,
BUS 350,General International Elective. (1-3 h),,Wake Forest University,,
BUS 380,Special Topics in Business. (1-9 h),,Wake Forest University,,
CGS 101,Overseas Study. (1-3 h),,Wake Forest University,,
CGS 105,City as Text. (1-3 h),,Wake Forest University,,
CGS 120,Language and Culture Study. (1-3 h),,Wake Forest University,,
CGS 150,Preparing for Cross-Cultural Engagement Abroad. (1 h),,Wake Forest University,,
CGS 151,Cross-Cultural Engagement Abroad. (1 h),,Wake Forest University,,
CGS 152,Cross-Cultural Engagement and Re-entry. (1 h),,Wake Forest University,,
CGS 153,Intro US and Univ Culture. (1-3 h),,Wake Forest University,,
CGS 154,Community Based Global Learning. (0-3 h),,Wake Forest University,,
CGS 170,Special Topics. (0-3 h),,Wake Forest University,,
CGS 228,Individual Study. (1-3 h),,Wake Forest University,,
CGS 229,Internship in International Studies. (1-3 h),,Wake Forest University,,
CGS 250,Introduction to Contemporary Global Studies. (3 h),,Wake Forest University,,
CGS 260,Seminar in Global Trade and Commerce Studies. (3 h),,Wake Forest University,,
CGS 363,Global Capitalism. (3 h),,Wake Forest University,,
CHI 101,First-year Chinese I: Start Your Global Journey. (4 h),,Wake Forest University,,
CHI 102,First-year Chinese II: Start Your Global Journey. (4 h),,Wake Forest University,,
CHI 153,Second -year Chinese I: Unlock Connections and Opportunities. (4 h),,Wake Forest University,,
CHI 201,Second -year Chinese II: Unlock Connections and Opportunities. (4 h),,Wake Forest University,,
CHI 220,Third-year Chinese I: Thrive in Global Societies. (4 h),,Wake Forest University,,
CHI 230,Third-year Chinese II: Thrive in Global Societies. (4 h),,Wake Forest University,,
CHI 231,Fourth-Year Chinese: Lead in Global Communities. (3 h),,Wake Forest University,,
CHI 255,Business Chinese. (3 h),,Wake Forest University,,
CHI 291,Special Topics in Chinese. (1-3 h),,Wake Forest University,,
CHI 296,Chinese across the Curriculum. (1 h),,Wake Forest University,,
CHI 299,Individual Study. (1-3 h),,Wake Forest University,,
CHI 351,Classical Chinese. (3 h),,Wake Forest University,,
CHM 108,Everyday Chemistry. (4 h),,Wake Forest University,,
CHM 108L,Everyday Chemistry Lab. (0 h),,Wake Forest University,,
CHM 111,College Chemistry I. (3 h),,Wake Forest University,,
CHM 111L,College Chemistry I Lab. (1 h),,Wake Forest University,,
CHM 111S,Problem Solving in Chemistry. (1 h),,Wake Forest University,,
CHM 120,Physics and Chemistry of Environment. (4 h),,Wake Forest University,,
CHM 120L,Physics and Chemistry of the Environment Lab. (0 h),,Wake Forest University,,
CHM 122,Organic Chemistry I. (3 h),,Wake Forest University,,
CHM 122L,Organic Chemistry I Lab. (1 h),,Wake Forest University,,
CHM 123,Organic Chemistry I Honors. (3 h),,Wake Forest University,,
CHM 123L,Organic Chemistry I Honors Lab. (1 h),,Wake Forest University,,
CHM 223,Organic Chemistry II. (3 h),,Wake Forest University,,
CHM 223L,Organic Chemistry II Lab. (1 h),,Wake Forest University,,
CHM 280,College Chemistry II. (3 h),,Wake Forest University,,
CHM 280L,Theory and Methods of Quantitative Analysis Lab. (1 h),,Wake Forest University,,
CHM 301,Elective Research Experience. (0 h),,Wake Forest University,,
CHM 311,Current Topics. (1-4 h),,Wake Forest University,,
CHM 321,Intermediate Organic Chemistry. (3 h),,Wake Forest University,,
CHM 324,Medicinal Chemistry I. (3 h),,Wake Forest University,,
CHM 324L,Medicinal Chemistry Laboratory. (1.5 h),,Wake Forest University,,
CHM 334,Chemical Analysis. (4 h),,Wake Forest University,,
CHM 334L,Chemical Analysis Lab. (0 h),,Wake Forest University,,
CHM 341,Physical Chemistry I. (3 h),,Wake Forest University,,
CHM 341L,Physical Chemistry I Lab. (1 h),,Wake Forest University,,
CHM 342,Physical Chemistry II. (3 h),,Wake Forest University,,
CHM 342L,Physical Chemistry II Lab. (1 h),,Wake Forest University,,
CHM 351,Special Topics in Chemistry. (3 h),,Wake Forest University,,
CHM 361,Inorganic Chemistry. (3 h),,Wake Forest University,,
CHM 361L,Inorganic Chemistry Lab. (1 h),,Wake Forest University,,
CHM 362,Nanochemistry in Energy and Medicine. (3 h),,Wake Forest University,,
CHM 364,Materials Chemistry. (3 h),,Wake Forest University,,
CHM 364L,Materials Chemistry Lab. (1 h),,Wake Forest University,,
CHM 366,Chemistry and Physics of Solid State Materials. (3 h),,Wake Forest University,,
CHM 370,Biochemistry I: Macromolecules and Metabolism. (3 h),,Wake Forest University,,
CHM 370L,Biochemistry Lab. (1 h),,Wake Forest University,,
CHM 371L,Advanced Biochemistry Lab. (1.5 h),,Wake Forest University,,
CHM 373,Biochemistry II. (3 h),,Wake Forest University,,
CHM 376,Biophysical Chemistry. (3 h),,Wake Forest University,,
CHM 381,Chemistry Seminar and Literature. (0.5 h),,Wake Forest University,,
CHM 390,Chemical Research Experience. (1.5 h),,Wake Forest University,,
CHM 391,Undergraduate Research. (0.5-3 h),,Wake Forest University,,
CHM 395,Senior Capstone. (0.5 h),,Wake Forest University,,
CHP 200,Special Topics. (1-3 h),,Wake Forest University,,
CHP 300,Internship. (1-3 h),,Wake Forest University,,
CLA 142,The Sounds of Greek and Latin Literature. (1.5-3 h),,Wake Forest University,,
CLA 151,Ethics in Greece and Rome. (1.5-3 h),,Wake Forest University,,
CLA 152,"Women, Gender, and Sexuality in Antiquity. (3 h)",,Wake Forest University,,
CLA 155,"Classical Epic: Iliad, Odyssey, Aeneid. (3 h)",,Wake Forest University,,
CLA 159,Vergil and His English Legacy. (3 h),,Wake Forest University,,
CLA 161,Greek Myth. (3 h),,Wake Forest University,,
CLA 163,Greek Tragedy. (3 h),,Wake Forest University,,
CLA 164,Greek & Roman Comedy. (3 h),,Wake Forest University,,
CLA 169,Gaming the Ancient World. (1.5-3 h),,Wake Forest University,,
CLA 172,A Survey of Latin Literature (in English). (3 h),,Wake Forest University,,
CLA 174,Special Topics. (1.5-3 h),,Wake Forest University,,
CLA 175,The Age of Pericles. (3 h),,Wake Forest University,,
CLA 176,The Age of Augustus. (3 h),,Wake Forest University,,
CLA 179,"The Art, Archaeology, and Culture of the Ancient World. (1.5 h)",,Wake Forest University,,
CLA 180,Topics in the Ancient Mediterranean World. (3 h),,Wake Forest University,,
CLA 181,Classics Beyond Whiteness. (1.5-3 h),,Wake Forest University,,
CLA 363,Advanced Readings in Greek Tragedy. (3 h),,Wake Forest University,,
CLA 381,Seminar in Classical Studies. (3 h),,Wake Forest University,,
CLA 388,Individual Study. (1.5-3 h),,Wake Forest University,,
CLA 391,Honors in Classical Studies. (1.5 h),,Wake Forest University,,
CLA 392,Honors in Classical Studies. (1.5 h),,Wake Forest University,,
CNS 253,Peer Education. (2 h),,Wake Forest University,,
CNS 334,Ethics in Health and Human Services. (3 h),,Wake Forest University,,
CNS 335,Health and Human Services in a Diverse Society. (3 h),,Wake Forest University,,
CNS 337,Skills in Human Services. (3 h),,Wake Forest University,,
CNS 340,Professional Orientation to Health and Human Services. (3 h),,Wake Forest University,,
CNS 342,Group Procedures. (3 h),,Wake Forest University,,
CNS 350,Wellness and Prevention. (3 h),,Wake Forest University,,
CNS 352,Addiction. (3 h),,Wake Forest University,,
CNS 353,College Student Development. (2 h),,Wake Forest University,,
CNS 364,Creative Arts in Counseling. (3 h),,Wake Forest University,,
CNS 396,Independent Study. (1-3 h),,Wake Forest University,,
COM 100,Introduction to Communication and Rhetoric. (3 h),,Wake Forest University,,
COM 102,Debate and Advocacy. (3 h),,Wake Forest University,,
COM 110,Public Speaking. (3 h),,Wake Forest University,,
COM 113,Relational Communication. (3 h),,Wake Forest University,,
COM 120,Introduction to Critical and Creative Media. (3 h),,Wake Forest University,,
COM 162,Introduction to Integrated Marketing Communications. (3 h),,Wake Forest University,,
COM 215,Broadcast Journalism. (3 h),,Wake Forest University,,
COM 220,Empirical Research in Communication. (3 h),,Wake Forest University,,
COM 225,Rhetorical Theory and Criticism. (3 h),,Wake Forest University,,
COM 230,Interactive Digital Media. (3 h),,Wake Forest University,,
COM 245,Introduction to Mass Communication. (3 h),,Wake Forest University,,
COM 246,Black Popular Culture. (3 h),,Wake Forest University,,
COM 247,Media Production I. (3 h),,Wake Forest University,,
COM 249,Sound Design & Soundtracks. (3 h),,Wake Forest University,,
COM 250,Communicating for an Entrepreneurial Mindset. (3 h),,Wake Forest University,,
COM 262,Writing for Public Relations and Advertising. (3 h),,Wake Forest University,,
COM 264,Digital & Social Media Marketing. (3 h),,Wake Forest University,,
COM 270,Special Seminar. (1-3 h),,Wake Forest University,,
COM 271,Sports Broadcasting. (3 h),,Wake Forest University,,
COM 275,Local Environmental Narratives. (3 h),,Wake Forest University,,
COM 276,Global Environmental Narratives. (3 h),,Wake Forest University,,
COM 280,Communication Internship I. (1.5-3 h),,Wake Forest University,,
COM 282,Debate Practicum I. (1.5 h),,Wake Forest University,,
COM 283,Debate Practicum II. (1.5 h),,Wake Forest University,,
COM 284,Production Practicum I. (1.5 h),,Wake Forest University,,
COM 285,Production Practicum II. (1.5 h),,Wake Forest University,,
COM 286,Individual Study. (1-3 h),,Wake Forest University,,
COM 287,Research Practicum I. (1.5 h),,Wake Forest University,,
COM 288,Research Practicum II. (1.5 h),,Wake Forest University,,
COM 300,Ancient Persuasions: Rhetoric and Democracy in Greece and Rome. (3 h),,Wake Forest University,,
COM 301,Film Genre. (3 h),,Wake Forest University,,
COM 302,Argumentation Theory. (3 h),,Wake Forest University,,
COM 305,Communication and Ethics. (3 h),,Wake Forest University,,
COM 307,The Prophetic Mode in American Public Discourse. (3 h),,Wake Forest University,,
COM 308,Speechwriting. (3 h),,Wake Forest University,,
COM 309,Visual Storytelling. (3 h),,Wake Forest University,,
COM 310,Media Production II. (3 h),,Wake Forest University,,
COM 311,Narrative Production. (3 h),,Wake Forest University,,
COM 312,Film History to 1945. (3 h),,Wake Forest University,,
COM 313,Film History Since 1945. (3 h),,Wake Forest University,,
COM 314,Media Effects. (3 h),,Wake Forest University,,
COM 315,Communication and Technology. (3 h),,Wake Forest University,,
COM 316,Screenwriting. (3 h),,Wake Forest University,,
COM 317,Communication and Popular Culture. (3 h),,Wake Forest University,,
COM 318,Culture and Sitcom. (3 h),,Wake Forest University,,
COM 319,Media Ethics. (3 h),,Wake Forest University,,
COM 320,Media Theory and Criticism. (3 h),,Wake Forest University,,
COM 323,"Superheroes, Cinema, and American Mythology. (3 h)",,Wake Forest University,,
COM 324,Children and Media. (3 h),,Wake Forest University,,
COM 325,On Camera Performance. (3 h),,Wake Forest University,,
COM 326,Advanced Screenwriting. (3 h),,Wake Forest University,,
COM 327,Social Media Effects. (3 h),,Wake Forest University,,
COM 329,The Arab-Israeli-Palestinian Conflict as a Communication Phenomenon. (3 h),,Wake Forest University,,
COM 330,Communication and Conflict. (3 h),,Wake Forest University,,
COM 331,Communication and Terrorism. (3 h),,Wake Forest University,,
COM 332,"Sports, Culture, and Society. (3 h)",,Wake Forest University,,
COM 333,Business of Sports Media. (3 h),,Wake Forest University,,
COM 334,Entrepreneurial Communities and Winston-Salem. (3 h),,Wake Forest University,,
COM 335,Survey of Organizational Communication. (3 h),,Wake Forest University,,
COM 336,Organizational Rhetoric. (3 h),,Wake Forest University,,
COM 337,Social Media Marketing in the Creative Arts. (3 h),,Wake Forest University,,
COM 338,African-American Rhetoric. (3 h),,Wake Forest University,,
COM 339,Practices of Citizenship. (3 h),,Wake Forest University,,
COM 340,"Democracy, Slavery and Sex: Emancipation Discourse from the Founding to the Civil War. (3 h)",,Wake Forest University,,
COM 341,"Class, Race, Sex and War: Emancipation Discourse from the Civil War to the Second Wave of Feminism. (3 h)",,Wake Forest University,,
COM 342,Political Communication. (3 h),,Wake Forest University,,
COM 343,Presidential Rhetoric. (3 h),,Wake Forest University,,
COM 344,Conspiracy Theories in American Public Discourse. (3 h),,Wake Forest University,,
COM 345,Rhetoric of Science and Technology. (3 h),,Wake Forest University,,
COM 346,"Sport, Media, and Communication. (3 h)",,Wake Forest University,,
COM 347,Rhetoric of the Law. (3 h),,Wake Forest University,,
COM 348,"Legal Theory, Practice, and Communication. (3 h)",,Wake Forest University,,
COM 349,"Advocacy, Debate and the Law. (3 h)",,Wake Forest University,,
COM 350,Intercultural Communication. (3 h),,Wake Forest University,,
COM 351,Comparative Communication. (1.5-3 h),,Wake Forest University,,
COM 351A,Comparative Communication: Japan. (1.5-3 h),,Wake Forest University,,
COM 351B,Comparative Communication: Russia. (1.5-3 h),,Wake Forest University,,
COM 351C,Comparative Communication: Great Britain. (1.5-3 h),,Wake Forest University,,
COM 351D,Comparative Communications: Multiple Countries. (1.5-3 h),,Wake Forest University,,
COM 351E,Comparative Communication: China. (1.5-3 h),,Wake Forest University,,
COM 352,Interpersonal Seminar. (3 h),,Wake Forest University,,
COM 353,Persuasion. (3 h),,Wake Forest University,,
COM 354,International Communication. (3 h),,Wake Forest University,,
COM 355,Survey of Health Communication. (3 h),,Wake Forest University,,
COM 356,Health Communication: Patient-Provider. (3 h),,Wake Forest University,,
COM 357,Health Communication Campaigns. (3 h),,Wake Forest University,,
COM 358,Health Communication and Bioethics. (3 h),,Wake Forest University,,
COM 359,Diversity in the Media. (3 h),,Wake Forest University,,
COM 360,Communication and Cultures of India: Immersed in India. (3 h),,Wake Forest University,,
COM 361,Family Communication and Health across the Lifespan. (3 h),,Wake Forest University,,
COM 362,Advanced Campaigns. (3 h),,Wake Forest University,,
COM 363,Communication and Consumer Behavior. (3 h),,Wake Forest University,,
COM 364,"Narrative, Communication, and Health. (3 h)",,Wake Forest University,,
COM 365,Imagination Project. (3 h),,Wake Forest University,,
COM 366,Rhetoric of the South. (3 h),,Wake Forest University,,
COM 367,Integrated Marketing Communication for Non-Profit Organizations. (3 h),,Wake Forest University,,
COM 370,Special Topics. (1-3 h),,Wake Forest University,,
COM 371,Feminist Media Studies. (3 h),,Wake Forest University,,
COM 372,Environmental Communication: Risk & Crisis. (3 h),,Wake Forest University,,
COM 380,Great Teachers. (1-3 h),,Wake Forest University,,
CRW 100,Introduction to Creative Writing. (3 h),,Wake Forest University,,
CRW 285,Poetry Workshop. (3 h),,Wake Forest University,,
CRW 286,Short Story Workshop. (3 h),,Wake Forest University,,
CRW 287,Literary Nonfiction Workshop. (3 h),,Wake Forest University,,
CRW 288,Making Comics I Workshop. (3 h),,Wake Forest University,,
CRW 300,Topics in Creative Writing. (3 h),,Wake Forest University,,
CRW 384,Playwriting. (3 h),,Wake Forest University,,
CRW 385,Advanced Poetry Workshop. (3 h),,Wake Forest University,,
CRW 386,Advanced Fiction Writing. (3 h),,Wake Forest University,,
CRW 387,Advanced Literary Nonfiction Workshop. (3 h),,Wake Forest University,,
CRW 388,Advanced Making Comics Workshop. (3 h),,Wake Forest University,,
CRW 389,Capstone in Creative Writing. (3 h),,Wake Forest University,,
CSC 101,Overview of Computer Science. (3 h),,Wake Forest University,,
CSC 102,Problem Solving with Python. (3 h),,Wake Forest University,,
CSC 103,Introduction to Web and Mobile Applications. (3 h),,Wake Forest University,,
CSC 111,Introduction to Computer Science. (4 h),,Wake Forest University,,
CSC 112,Fundamentals of Computer Science. (4 h),,Wake Forest University,,
CSC 165,Problem Solving Seminar. (1 h),,Wake Forest University,,
CSC 181,Introduction to Computer Science Research. (3 h),,Wake Forest University,,
CSC 191,Special Topics. (1-3 h),,Wake Forest University,,
CSC 193,Independent Study. (1-3 h),,Wake Forest University,,
CSC 195,Data Visualization. (3 h),,Wake Forest University,,
CSC 196,Introduction To High Performance Computing. (3 h),,Wake Forest University,,
CSC 201,Data Structures and Algorithms. (3 h),,Wake Forest University,,
CSC 231,Programming Languages. (3 h),,Wake Forest University,,
CSC 250,Computer Systems I. (4 h),,Wake Forest University,,
CSC 251,Computer Systems II. (3 h),,Wake Forest University,,
CSC 270,Foundations of Artificial Intelligence. (3 h),,Wake Forest University,,
CSC 280,Computing Ethics. (3 h),,Wake Forest University,,
CSC 301,Algorithm Design and Analysis. (3 h),,Wake Forest University,,
CSC 311,Computer Architecture. (3 h),,Wake Forest University,,
CSC 321,Database Management Systems. (3 h),,Wake Forest University,,
CSC 322,Data Management and Analytics. (3 h),,Wake Forest University,,
CSC 331,Software Engineering. (3 h),,Wake Forest University,,
CSC 332,Mobile and Pervasive Computing. (3 h),,Wake Forest University,,
CSC 333,Principles of Translators for Compilers and Interpreters. (3 h),,Wake Forest University,,
CSC 341,Operating Systems. (3 h),,Wake Forest University,,
CSC 343,Internet Protocols. (3 h),,Wake Forest University,,
CSC 345,Cloud Platforms and Services. (3 h),,Wake Forest University,,
CSC 346,Parallel Computation. (3 h),,Wake Forest University,,
CSC 347,GPU Programming. (3 h),,Wake Forest University,,
CSC 348,Computer Security. (3 h),,Wake Forest University,,
CSC 352,Numerical Linear Algebra. (3 h),,Wake Forest University,,
CSC 355,Introduction to Numerical Methods. (3 h),,Wake Forest University,,
CSC 371,Artificial Intelligence. (3 h),,Wake Forest University,,
CSC 373,Data Mining. (3 h),,Wake Forest University,,
CSC 374,Machine Learning. (3 h),,Wake Forest University,,
CSC 375,Neural Networks and Deep Learning. (3 h),,Wake Forest University,,
CSC 376,Reinforcement Learning. (3 h),,Wake Forest University,,
CSC 385,Bioinformatics. (3 h),,Wake Forest University,,
CSC 387,Computational Systems Biology. (3 h),,Wake Forest University,,
CSC 391,Selected Topics. (1-3 h),,Wake Forest University,,
CSC 393,Individual Study. (1-3 h),,Wake Forest University,,
CSC 399,Computer Science Mastery Exam. (0 h),,Wake Forest University,,
DCE 101,Beginning Tap Dance. (2 h),,Wake Forest University,,
DCE 111,Stretch and Restorative Practices. (1 h),,Wake Forest University,,
DCE 120,Beginning Modern Dance Technique. (2 h),,Wake Forest University,,
DCE 122,Special Topics in Dance. (1-3 h),,Wake Forest University,,
DCE 123,Introduction to Dance Composition. (2 h),,Wake Forest University,,
DCE 124,Social Dance. (1.5 h),,Wake Forest University,,
DCE 125,Folk and Social Dance. (1.5 h),,Wake Forest University,,
DCE 126,Beginning Jazz Dance. (2 h),,Wake Forest University,,
DCE 127,Beginning Classical Ballet Techniques. (2 h),,Wake Forest University,,
DCE 128,Dance Performance. (1 h),,Wake Forest University,,
DCE 129,Choreography. (1 h),,Wake Forest University,,
DCE 130,Movement for All. (1.5 h),,Wake Forest University,,
DCE 131,African Dance. (1.5 h),,Wake Forest University,,
DCE 133,Hip Hop Dance. (1.5 h),,Wake Forest University,,
DCE 150,Design and Production for Dance. (2 h),,Wake Forest University,,
DCE 200,Senior Dance Project. (2 h),,Wake Forest University,,
DCE 201,Intermediate Tap Dance. (2 h),,Wake Forest University,,
DCE 202,History of Dance. (3 h),,Wake Forest University,,
DCE 203,20th-Century Modern Dance History. (3 h),,Wake Forest University,,
DCE 204,History of Jazz Dance. (3 h),,Wake Forest University,,
DCE 205,Improvisation. (2 h),,Wake Forest University,,
DCE 221,Intermediate Modern Dance Technique. (2 h),,Wake Forest University,,
DCE 222,Advanced Modern Dance Technique. (2 h),,Wake Forest University,,
DCE 223,Dance Composition. (3 h),,Wake Forest University,,
DCE 224,Advanced Social Dance. (1.5 h),,Wake Forest University,,
DCE 226,Intermediate Jazz Dance. (2 h),,Wake Forest University,,
DCE 227,Advanced Jazz Dance. (2 h),,Wake Forest University,,
DCE 229,Intermediate Classical Ballet. (2 h),,Wake Forest University,,
DCE 231,Advanced Classical Ballet. (3 h),,Wake Forest University,,
DCE 233,Advanced Studio Classical Ballet. (3 h),,Wake Forest University,,
DCE 235,Ballet Repertory. (2 h),,Wake Forest University,,
DCE 236,Multi-Ethnic Dance. (3 h),,Wake Forest University,,
DCE 241,Advanced Tap Dance. (2 h),,Wake Forest University,,
DCE 285,Internship in Dance. (1-3 h),,Wake Forest University,,
DCE 294,Individual Study. (0.5-3 h),,Wake Forest University,,
EAL 219,Major Works of Japanese Literature I. (3 h),,Wake Forest University,,
EAL 220,Major Works of Japanese Literature II. (3 h),,Wake Forest University,,
EAL 221,Themes in Chinese Literature I. (3 h),,Wake Forest University,,
EAL 222,Themes in Chinese Literature II. (3 h),,Wake Forest University,,
EAL 223,Traditional Chinese Literature. (3 h),,Wake Forest University,,
EAL 231,Experiments in Modern Chinese Literature and Visual Culture. (3 h),,Wake Forest University,,
EAL 241,Gender and Sexuality in Modern and Contemporary Japan. (3 h),,Wake Forest University,,
EAL 252,Chinese Cinemas. (3 h),,Wake Forest University,,
EAL 253,Japanese Film: Themes and Methods. (3 h),,Wake Forest University,,
EAL 260,Global Work and Life: A Chinese Linguistics Approach. (3 h),,Wake Forest University,,
EAL 270,Contemporary Japanese Culture. (3 h),,Wake Forest University,,
EAL 271,Mass Culture in Modern China. (3 h),,Wake Forest University,,
EAL 272,"Fiction and Film from Hong Kong, Taiwan, and Beyond. (3 h)",,Wake Forest University,,
EAL 273,"Kung Fu China: Culture, Narrative, Globalization. (3 h)",,Wake Forest University,,
EAL 275,Survey of East Asian Cultures. (3 h),,Wake Forest University,,
EAL 279,"Korean Cinema: History, Gender, and Genre. (3 h)",,Wake Forest University,,
EAL 285,Contemporary East Asian Cinema. (3 h),,Wake Forest University,,
EAL 290,Special Topics. (1-3 h),,Wake Forest University,,
EAL 299,Individual Study. (1-3 h),,Wake Forest University,,
EAL 303,Field Research Preparation. (1 h),,Wake Forest University,,
EAL 304,Field Research Practicum. (2 h),,Wake Forest University,,
EAL 375,Senior Research Seminar. (3 h),,Wake Forest University,,
EAL 376,Honors Thesis. (3 h),,Wake Forest University,,
EAS 311,Special Topics in East Asian Studies. (1-3 h),,Wake Forest University,,
EAS 381,Independent Research in East Asian Studies. (1-3 h),,Wake Forest University,,
ECN 150,Introduction to Economics. (3 h),,Wake Forest University,,
ECN 205,Intermediate Microeconomics. (3 h),,Wake Forest University,,
ECN 207,Intermediate Macroeconomics. (3 h),,Wake Forest University,,
ECN 209,Applied Econometrics. (3 h),,Wake Forest University,,
ECN 210,Intermediate Mathematical Microeconomics. (3 h),,Wake Forest University,,
ECN 211,Intermediate Mathematical Macroeconomics. (3 h),,Wake Forest University,,
ECN 215,Econometric Theory and Methods. (3 h),,Wake Forest University,,
ECN 240,Economics of Health and Medicine. (3 h),,Wake Forest University,,
ECN 241,Environmental and Natural Resource Economics. (3 h),,Wake Forest University,,
ECN 242,Economics of Gender. (3 h),,Wake Forest University,,
ECN 250,Chinese Economy. (3 h),,Wake Forest University,,
ECN 260,History of Economic Development. (3 h),,Wake Forest University,,
ECN 261,American Economic Development. (3 h),,Wake Forest University,,
ECN 262,History of Economic Thought. (3 h),,Wake Forest University,,
ECN 270,Current Economic Issues. (3 h),,Wake Forest University,,
ECN 271,Selected Areas in Economics. (1-3 h),,Wake Forest University,,
ECN 280,Economics Internship. (1-3 h),,Wake Forest University,,
ECN 291,College Fed Challenge I. (1.5 h),,Wake Forest University,,
ECN 292,College Fed Challenge II. (1.5 h),,Wake Forest University,,
ECN 306,Topics in Advanced Microeconomics. (3 h),,Wake Forest University,,
ECN 311,Advanced Research Methods. (1.5-3 h),,Wake Forest University,,
ECN 316,Game Theory. (3 h),,Wake Forest University,,
ECN 317,Market Design. (3 h),,Wake Forest University,,
ECN 318,Advanced Topics in Mathematical Economics. (3 h),,Wake Forest University,,
ECN 319,Behavioral Economics. (3 h),,Wake Forest University,,
ECN 321,Public Finance. (3 h),,Wake Forest University,,
ECN 322,"Money, Banking, & Financial Markets. (3 h)",,Wake Forest University,,
ECN 324,Law and Economics. (3 h),,Wake Forest University,,
ECN 326,Theory of Social Choice. (3 h),,Wake Forest University,,
ECN 331,Economics of Industry. (3 h),,Wake Forest University,,
ECN 333,Economics in Sports. (3 h),,Wake Forest University,,
ECN 334,The Future of Work. (3 h),,Wake Forest University,,
ECN 335,Economics of Labor Markets. (3 h),,Wake Forest University,,
ECN 336,Economics of Higher Education. (3 h),,Wake Forest University,,
ECN 341,Economics of the Environment. (3 h),,Wake Forest University,,
ECN 345,Prediction Markets. (3 h),,Wake Forest University,,
ECN 351,International Trade. (3 h),,Wake Forest University,,
ECN 352,International Finance. (3 h),,Wake Forest University,,
ECN 353,Economics of Digitization. (3 h),,Wake Forest University,,
ECN 358,Economic Growth and Development. (3 h),,Wake Forest University,,
ECN 365,Economic Philosophers. (3 h),,Wake Forest University,,
ECN 372,Selected Areas in Economics. (1-3 h),,Wake Forest University,,
ECN 373,Selected Areas in Economics. (1-3 h),,Wake Forest University,,
ECN 374,Topics in Macroeconomics. (3 h),,Wake Forest University,,
ECN 375,Macroeconomic Models. (3 h),,Wake Forest University,,
ECN 380,Economic Research. (1.5 h),,Wake Forest University,,
ECN 390,Individual Study. (1.5-3 h),,Wake Forest University,,
ECN 392,Public Choice. (3 h),,Wake Forest University,,
ECN 398,Honors I. (1.5 h),,Wake Forest University,,
ECN 399,Honors II. (1.5 h),,Wake Forest University,,
EDU 101,Issues and Trends in Education. (3 h),,Wake Forest University,,
EDU 102L,Exploring School Communities. (2 h),,Wake Forest University,,
EDU 103A,Preparing for Community Engagement. (1.5 h),,Wake Forest University,,
EDU 103B,Participating in Community Engagement. (1.5 h),,Wake Forest University,,
EDU 111,Special Topics. (1-3 h),,Wake Forest University,,
EDU 120,Personal and Career Exploration. (1.5 h),,Wake Forest University,,
EDU 201,Educational Policy and Practice. (3 h),,Wake Forest University,,
EDU 202,Field Experience One. (2 h),,Wake Forest University,,
EDU 202L,Exploring Global Schools. (1-3 h),,Wake Forest University,,
EDU 203L,Methodology and Management Lab. (2 h),,Wake Forest University,,
EDU 204,"Integrating Literacy, Technology and the Arts across the Elementary Curriculum. (2 h)",,Wake Forest University,,
EDU 205,Developing Literacy and Communication Skills in Elementary Schools. (4 h),,Wake Forest University,,
EDU 206,Assessment for Positive Student Outcomes. (2 h),,Wake Forest University,,
EDU 211,How People Learn. (3 h),,Wake Forest University,,
EDU 220,Options in the World of Work. (1.5 h),,Wake Forest University,,
EDU 221,Children's Literature. (1-3 h),,Wake Forest University,,
EDU 222,Integrating the Arts and Movement into the School Curriculum. (1-3 h),,Wake Forest University,,
EDU 223,Theatre in Education. (3 h),,Wake Forest University,,
EDU 231,Adolescent Literature. (3 h),,Wake Forest University,,
EDU 236,"Creativity, Innovation, and Entrepreneurial Thinking in Education. (1-3 h)",,Wake Forest University,,
EDU 250L,Student Teaching: Elementary. (10 h),,Wake Forest University,,
EDU 259,Teaching Diverse Learners. (3 h),,Wake Forest University,,
EDU 271,Geography: The Human Environment. (3 h),,Wake Forest University,,
EDU 272,Geography Study Tour. (3 h),,Wake Forest University,,
EDU 273,Geography: The Natural Environment. (3 h),,Wake Forest University,,
EDU 274,Environmental Geography. (3 h),,Wake Forest University,,
EDU 281,Public Life and the Liberal Arts. (3 h),,Wake Forest University,,
EDU 293,Professional Development Seminar: Elementary. (3 h),,Wake Forest University,,
EDU 294,Teaching Elementary Language Arts. (3 h),,Wake Forest University,,
EDU 295,Teaching Elementary Social Studies. (3 h),,Wake Forest University,,
EDU 296,Elementary Mathematics Methods: Inquiry Teaching and Learning. (3 h),,Wake Forest University,,
EDU 298,Elementary Science Methods: Inquiry Teaching and Learning. (3 h),,Wake Forest University,,
EDU 299,Career Planning. (1.5 h),,Wake Forest University,,
EDU 300,School Leadership. (1 h),,Wake Forest University,,
EDU 303,History of Western Education. (3 h),,Wake Forest University,,
EDU 304,Social Justice Issues in Education. (3 h),,Wake Forest University,,
EDU 305,The Sociology of Education. (3 h),,Wake Forest University,,
EDU 307,"Instructional Design, Assessment, and Technology. (3 h)",,Wake Forest University,,
EDU 308,School and Society. (3 h),,Wake Forest University,,
EDU 309L,Introduction to Secondary Education. (2 h),,Wake Forest University,,
EDU 310,"Race, Class, and Gender in a Color-blind Society. (3 h)",,Wake Forest University,,
EDU 312,Teaching Exceptional Children. (3 h),,Wake Forest University,,
EDU 313,Human Growth and Development. (3 h),,Wake Forest University,,
EDU 315,Literacy Interventions. (3 h),,Wake Forest University,,
EDU 316L,Elementary Literacy Interventions. (2 h),,Wake Forest University,,
EDU 319,Environmental Education Methods. (3 h),,Wake Forest University,,
EDU 320,Strategic Job Search Processes. (1.5 h),,Wake Forest University,,
EDU 321,Advanced Issues and Trends in Education. (1-3 h),,Wake Forest University,,
EDU 330,Fathers and Daughters. (3 h),,Wake Forest University,,
EDU 337,TESOL Linguistics. (3 h),,Wake Forest University,,
EDU 351,Adolescent Psychology. (1-3 h),,Wake Forest University,,
EDU 353,Language in Education. (3 h),,Wake Forest University,,
EDU 354,Content Pedagogy. (3 h),,Wake Forest University,,
EDU 354A,Teaching Secondary English. (3 h),,Wake Forest University,,
EDU 354B,Teaching Secondary Mathematics. (3 h),,Wake Forest University,,
EDU 354C,Teaching Secondary Social Studies. (3 h),,Wake Forest University,,
EDU 354D,Teaching Secondary Science. (3 h),,Wake Forest University,,
EDU 354E,Teaching World Languages. (3 h),,Wake Forest University,,
EDU 354L,Field Lab III. (2 h),,Wake Forest University,,
EDU 357,Crisis in Higher Education. (3 h),,Wake Forest University,,
EDU 358,Leadership and Assessment in K-12 Schools. (3 h),,Wake Forest University,,
EDU 359,Model of Experiential Learning. (3 h),,Wake Forest University,,
EDU 360,Professional and Life Skills. (1.5 h),,Wake Forest University,,
EDU 364L,Student Teaching: Secondary. (9 h),,Wake Forest University,,
EDU 365,Professional Development Seminars. (3 h),,Wake Forest University,,
EDU 368,Professional Experiences in Education. (3 h),,Wake Forest University,,
EDU 370,Professional Experience in the Engaged Liberal Arts. (3 h),,Wake Forest University,,
EDU 373,Comparative and International Education. (3 h),,Wake Forest University,,
EDU 374,Student Teaching Seminar. (1.5 h),,Wake Forest University,,
EDU 377,Literacy in the 21st Century. (3 h),,Wake Forest University,,
EDU 381,Teaching Students with Special Needs. (1-3 h),,Wake Forest University,,
EDU 382,Teaching Elementary Reading. (3 h),,Wake Forest University,,
EDU 383,Classroom Management Seminar. (1 h),,Wake Forest University,,
EDU 385,Diversity Seminar. (1 h),,Wake Forest University,,
EDU 387,Tutoring Writing. (1.5 h),,Wake Forest University,,
EDU 388,How We Learn to Write. (1-3 h),,Wake Forest University,,
EDU 390,Methods and Materials for Teaching Foreign Languages (K-6). (3 h),,Wake Forest University,,
EDU 391,Teaching the Gifted. (3 h),,Wake Forest University,,
EDU 392,The Psychology of the Gifted Child. (3 h),,Wake Forest University,,
EDU 393,Individual Study. (1-3 h),,Wake Forest University,,
EDU 394,Internship in Education of the Gifted. (3 h),,Wake Forest University,,
EGR 111,Introduction to Engineering Design. (4 h),,Wake Forest University,,
EGR 112,Introduction to Engineering Experimentation. (4 h),,Wake Forest University,,
EGR 211,Materials and Mechanics. (4 h),,Wake Forest University,,
EGR 212,Transport Phenomena. (4 h),,Wake Forest University,,
EGR 213,Mechanical Computer Aided Design I. (3 h),,Wake Forest University,,
EGR 214,Embedded Microcontroller Systems. (3 h),,Wake Forest University,,
EGR 215,Digital Electronics. (3 h),,Wake Forest University,,
EGR 216,Intro to Program for Engineers. (3 h),,Wake Forest University,,
EGR 217,Manufacturing and Design. (3 h),,Wake Forest University,,
EGR 280,Projects with Engineering for Non-Majors. (1-4 h),,Wake Forest University,,
EGR 281,Introductory Projects with Engineering for Majors. (1-4 h),,Wake Forest University,,
EGR 300,Engineering Seminar. (1 h),,Wake Forest University,,
EGR 301,Special Topics in Engineering. (1-4 h),,Wake Forest University,,
EGR 302,Engineering Internship. (0 h),,Wake Forest University,,
EGR 310,Capstone Design for Non-Majors. (1-4 h),,Wake Forest University,,
EGR 311,Control Systems and Instrumentation. (4 h),,Wake Forest University,,
EGR 312,Computational Modeling in Engineering. (4 h),,Wake Forest University,,
EGR 313,Capstone Design I. (1 h),,Wake Forest University,,
EGR 314,Capstone Design II. (4 h),,Wake Forest University,,
EGR 315,Capstone Design III. (4 h),,Wake Forest University,,
EGR 316,Mechanical Computer Aided Design II. (3 h),,Wake Forest University,,
EGR 318,Biomimetic Engineering. (3 h),,Wake Forest University,,
EGR 319,Environmental Engineering. (3 h),,Wake Forest University,,
EGR 320,Biomedical Engineering Applications. (3 h),,Wake Forest University,,
EGR 322,Materials Engineering and Characterization. (3 h),,Wake Forest University,,
EGR 324,Hydrologic and Hydraulic Engineering. (3 h),,Wake Forest University,,
EGR 325,Medical Product Design. (3 h),,Wake Forest University,,
EGR 327,Microengineering. (3 h),,Wake Forest University,,
EGR 328,Inverse Problems in Engineering. (3 h),,Wake Forest University,,
EGR 331,Thermal Fluid Systems. (3 h),,Wake Forest University,,
EGR 332,Structural Engineering. (3 h),,Wake Forest University,,
EGR 333,Tissue Engineering. (3 h),,Wake Forest University,,
EGR 334,Mobile Robotics. (3 h),,Wake Forest University,,
EGR 336,Healthcare Engineering. (3 h),,Wake Forest University,,
EGR 337,Biofluid Mechanics. (3 h),,Wake Forest University,,
EGR 341,3D Modeling and Additive Manufacturing. (3 h),,Wake Forest University,,
EGR 351,Biomechanics of Animal Locomotion. (3 h),,Wake Forest University,,
EGR 352,Natural Hazards Engineering. (3 h),,Wake Forest University,,
EGR 353,Green Energy Technologies. (3 h),,Wake Forest University,,
EGR 355,Engineering Economics. (3 h),,Wake Forest University,,
EGR 358,Underwater System Design. (3 h),,Wake Forest University,,
EGR 359,Electromechanical Systems. (3 h),,Wake Forest University,,
EGR 360,Circular Engineering. (3 h),,Wake Forest University,,
EGR 380,Fundamentals of Engineering Exam Prep. (1 h),,Wake Forest University,,
EGR 381,Engineering Research. (1-4 h),,Wake Forest University,,
ENG 101,The Discipline of English Studies. (1 h),,Wake Forest University,,
ENG 150,Literature Interprets the World. (3 h),,Wake Forest University,,
ENG 165,Studies in British Literature. (3 h),,Wake Forest University,,
ENG 175,Studies in American Literature. (3 h),,Wake Forest University,,
ENG 185,Studies in Global Literature. (3 h),,Wake Forest University,,
ENG 190,Literary Genres. (3 h),,Wake Forest University,,
ENG 265,British Literature before 1800. (3 h),,Wake Forest University,,
ENG 266,British Literature 1800 to the Present. (3 h),,Wake Forest University,,
ENG 275,American Literature. (3 h),,Wake Forest University,,
ENG 290,Foundations in Literary Criticism. (3 h),,Wake Forest University,,
ENG 298,WFU Press Internship. (1.5-3 h),,Wake Forest University,,
ENG 299,Individual Study. (1.5-3 h),,Wake Forest University,,
ENG 301,Individual Authors. (3 h),,Wake Forest University,,
ENG 302,Ideas in Literature. (3 h),,Wake Forest University,,
ENG 304,History of the English Language. (3 h),,Wake Forest University,,
ENG 305,Old English Language and Literature. (3 h),,Wake Forest University,,
ENG 308,Readings in Old English. (3 h),,Wake Forest University,,
ENG 309,Modern English Grammar. (3 h),,Wake Forest University,,
ENG 310,The Medieval World. (3 h),,Wake Forest University,,
ENG 311,The Legend of Arthur. (3 h),,Wake Forest University,,
ENG 312,Medieval Poetry. (3 h),,Wake Forest University,,
ENG 313,Roots of Song. (3 h),,Wake Forest University,,
ENG 315,Chaucer. (3 h),,Wake Forest University,,
ENG 320,British Drama to 1642. (3 h),,Wake Forest University,,
ENG 323,Shakespeare. (3 h),,Wake Forest University,,
ENG 325,16th-Century British Literature. (3 h),,Wake Forest University,,
ENG 326,Studies in English Renaissance Literature. (3 h),,Wake Forest University,,
ENG 327,Milton. (3 h),,Wake Forest University,,
ENG 328,17th-Century British Literature. (3 h),,Wake Forest University,,
ENG 330,Restoration and 18th-Century British Literature. (3 h),,Wake Forest University,,
ENG 333,Jane Austen. (3 h),,Wake Forest University,,
ENG 335,18th-Century British Fiction. (3 h),,Wake Forest University,,
ENG 336,Restoration and 18th-Century British Drama. (3 h),,Wake Forest University,,
ENG 337,Studies in 18th-Century British Literature. (3 h),,Wake Forest University,,
ENG 338,Studies in Gender and Literature. (3 h),,Wake Forest University,,
ENG 339,Studies in Sexuality and Literature. (3 h),,Wake Forest University,,
ENG 340,Studies in Women and Literature. (3 h),,Wake Forest University,,
ENG 341,Literature and the Environment. (3 h),,Wake Forest University,,
ENG 344,Studies in Poetry. (3 h),,Wake Forest University,,
ENG 345,Studies in Fiction. (3 h),,Wake Forest University,,
ENG 346,Studies in Theatre. (3 h),,Wake Forest University,,
ENG 347,Modern English and Continental Drama and the London Stage. (3 h),,Wake Forest University,,
ENG 350,British Romantic Poets. (3 h),,Wake Forest University,,
ENG 351,Studies in Romanticism. (3 h),,Wake Forest University,,
ENG 353,19th-Century British Fiction. (3 h),,Wake Forest University,,
ENG 354,Victorian Poetry. (3 h),,Wake Forest University,,
ENG 356,Literature of the Caribbean. (3 h),,Wake Forest University,,
ENG 357,Studies in Chicano/a Literature. (3 h),,Wake Forest University,,
ENG 358,Postcolonial Literature. (3 h),,Wake Forest University,,
ENG 359,Studies in Postcolonial Literature. (3 h),,Wake Forest University,,
ENG 360,Studies in Victorian Literature. (3 h),,Wake Forest University,,
ENG 361,Literature and Science. (3 h),,Wake Forest University,,
ENG 362,Irish Literature in the Twentieth Century. (3 h),,Wake Forest University,,
ENG 363,Studies in Modernism. (3 h),,Wake Forest University,,
ENG 364,Advanced Studies in Literary Criticism. (3 h),,Wake Forest University,,
ENG 365,20th-Century British Fiction. (3 h),,Wake Forest University,,
ENG 366,James Joyce. (3 h),,Wake Forest University,,
ENG 367,20th- and 21st- Century English Poetry. (3 h),,Wake Forest University,,
ENG 368,Studies in Irish Literature. (3 h),,Wake Forest University,,
ENG 369,Modern Drama. (3 h),,Wake Forest University,,
ENG 370,American Literature to 1820. (3 h),,Wake Forest University,,
ENG 371,American Ethnic Literature. (3 h),,Wake Forest University,,
ENG 372,American Romanticism. (3 h),,Wake Forest University,,
ENG 373,Literature and Film. (3 h),,Wake Forest University,,
ENG 374,American Fiction before 1865. (3 h),,Wake Forest University,,
ENG 375,American Drama. (3 h),,Wake Forest University,,
ENG 376,American Poetry before 1900. (3 h),,Wake Forest University,,
ENG 377,American Jewish Literature. (3 h),,Wake Forest University,,
ENG 378,Literature of the American South. (3 h),,Wake Forest University,,
ENG 379,Literary Forms of the American Personal Narrative. (3 h),,Wake Forest University,,
ENG 380,American Fiction 1865 to 1915. (3 h),,Wake Forest University,,
ENG 381,Studies in African-American Literature. (3 h),,Wake Forest University,,
ENG 382,"Modern American Fiction, 1915 to 1965. (3 h)",,Wake Forest University,,
ENG 383,Studies in Queer Theory and Culture. (3 h),,Wake Forest University,,
ENG 384,"Topics in Digital Media, Literature, and Culture. (3 h)",,Wake Forest University,,
ENG 385,20th- and 21st- Century American Poetry. (3 h),,Wake Forest University,,
ENG 386,Directed Reading. (1.5-3 h),,Wake Forest University,,
ENG 387,African-American Fiction. (3 h),,Wake Forest University,,
ENG 388,Honors in English. (3 h),,Wake Forest University,,
ENG 389,African-American Poetry. (3 h),,Wake Forest University,,
ENG 390,The Structure of English. (3 h),,Wake Forest University,,
ENG 391,Studies in Postmodernism. (3 h),,Wake Forest University,,
ENG 392,Global Anglophone Literature. (3 h),,Wake Forest University,,
ENG 393,Multicultural American Drama. (3 h),,Wake Forest University,,
ENG 394,Contemporary Drama. (3 h),,Wake Forest University,,
ENG 395,Contemporary American Literature. (3 h),,Wake Forest University,,
ENG 396,Contemporary British Fiction. (3 h),,Wake Forest University,,
ENG 397,Internship in the Major. (1.5 h),,Wake Forest University,,
ENG 398,English Studies and the Professions. (1.5 h),,Wake Forest University,,
ENG 399,Genre Fiction. (3 h),,Wake Forest University,,
ENT 105,The Entrepreneurial Experience: From Mindset to Entrepreneurial Identity. (1 h),,Wake Forest University,,
ENT 200,Foundations of Entrepreneurship: Identifying and Cultivating Valuable Ideas. (3 h),,Wake Forest University,,
ENT 201,Evidence-Based Entrepreneurship: Developing Validated Concepts. (3 h),,Wake Forest University,,
ENT 205,Scaling the Entrepreneurial Venture: From Concept to Harvest. (3 h),,Wake Forest University,,
ENT 250,Communicating for an Entrepreneurial Mindset. (3 h),,Wake Forest University,,
ENT 301,Topics in Entrepreneurship. (1.5-3 h),,Wake Forest University,,
ENT 302,Topics in Entrepreneurship. (1.5-3 h),,Wake Forest University,,
ENT 303,Topics in Entrepreneurship. (1.5-3 h),,Wake Forest University,,
ENT 304,Topics in Entrepreneurship. (1.5-3 h),,Wake Forest University,,
ENT 305,Topics in Entrepreneurship. (1.5-3 h),,Wake Forest University,,
ENT 306,Topics in Entrepreneurship. (1.5-3 h),,Wake Forest University,,
ENT 310,Arts Entrepreneurship. (3 h),,Wake Forest University,,
ENT 311,Entrepreneurship Marketing. (3 h),,Wake Forest University,,
ENT 313,Whole Person Creativity. (3 h),,Wake Forest University,,
ENT 314,Leadership and Character in Entrepreneurship. (3 h),,Wake Forest University,,
ENT 315,Nonprofit Arts and Education Entrepreneurship: Promotion of Latin-American and Latino Visual Culture. (3 h),,Wake Forest University,,
ENT 316,Entrepreneurial Finance. (3 h),,Wake Forest University,,
ENT 320,Social Entrepreneurship. (3 h),,Wake Forest University,,
ENT 323,Social Entrepreneurship Summer Program. (3 h),,Wake Forest University,,
ENT 324,Entrepreneurship Marketing. (3 h),,Wake Forest University,,
ENT 325,Black Entrepreneurship in America. (3 h),,Wake Forest University,,
ENT 330,Entrepreneurship for Scientists. (3 h),,Wake Forest University,,
ENT 334,Entrepreneurial Communities and Winston-Salem. (3 h),,Wake Forest University,,
ENT 335,"Renewable Energy Entrepreneurship: Science, Policy, and Economics. (4 h)",,Wake Forest University,,
ENT 350,Internships in Entrepreneurial Studies. (1.5-3 h),,Wake Forest University,,
ENT 351,Green Technologies: Science and Entrepreneurship. (2-3 h),,Wake Forest University,,
ENT 384,Design-Thinking and High-Performance Teams. (3 h),,Wake Forest University,,
ENT 391,Independent Study in Entrepreneurship. (1.5-3 h),,Wake Forest University,,
ENT 392,Independent Study in Entrepreneurship. (1.5-3 h),,Wake Forest University,,
ENT 394A,Student Entrepreneurship in Action. (1.5-3 h),,Wake Forest University,,
ENT 394B,Student Entrepreneurship in Action. (1.5-3 h),,Wake Forest University,,
ENT 397,Applied Venture Creation. (1.5 h),,Wake Forest University,,
ENT 398,Deacon Springboard. (3 h),,Wake Forest University,,
ENT 399,Startup Lab. (3 h),,Wake Forest University,,
ENV 150,Environmental Issues. (3 h),,Wake Forest University,,
ENV 160,Environmental Challenges: A Public Health Crisis. (3 h),,Wake Forest University,,
ENV 163,Introduction to Environmental Ethics. (3 h),,Wake Forest University,,
ENV 214,"Atlantic History to 1800: Science, Empire, and Environment. (3 h)",,Wake Forest University,,
ENV 215,"Atlantic History from 1800: Science, Empire, Environment. (3 h)",,Wake Forest University,,
ENV 220,Introduction to Earth Science. (3 h),,Wake Forest University,,
ENV 220L,Introduction to Earth Science Lab. (1 h),,Wake Forest University,,
ENV 225,Introduction to Geographic Information Systems (GIS). (3 h),,Wake Forest University,,
ENV 225L,Introduction to Geographic Information Systems (GIS) Lab. (1 h),,Wake Forest University,,
ENV 240,Introduction to Remote Sensing. (3 h),,Wake Forest University,,
ENV 245,Leadership for Sustainability. (3 h),,Wake Forest University,,
ENV 248,Film and Video Art: Ecological Works. (4 h),,Wake Forest University,,
ENV 260,"Wilderness, the Anthropocene, and Global Sustainability. (3 h)",,Wake Forest University,,
ENV 275,Global Environmental Narratives. (3 h),,Wake Forest University,,
ENV 280,Water Resources. (3 h),,Wake Forest University,,
ENV 290,Field Skills for Environmental Solutions. (3 h),,Wake Forest University,,
ENV 301,Topics in Environmental Studies. (1-4 h),,Wake Forest University,,
ENV 302,Topics in Environmental Studies. (1-4 h),,Wake Forest University,,
ENV 303,Topics in Environmental Studies. (1-4 h),,Wake Forest University,,
ENV 304,Topics in Environmental Studies. (1-4 h),,Wake Forest University,,
ENV 305,Topics in Environmental Studies. (1-4 h),,Wake Forest University,,
ENV 306,Topics in Environmental Studies. (1-4 h),,Wake Forest University,,
ENV 310,Methods for Environmental Community Collaboration and Justice. (3 h),,Wake Forest University,,
ENV 312,Plants of Empire: Power and Pleasure. (3 h),,Wake Forest University,,
ENV 320,Earth’s Dynamic Surface. (3 h),,Wake Forest University,,
ENV 322,Environmental Solutions. (3 h),,Wake Forest University,,
ENV 325,Contemporary Environmental Writing. (3 h),,Wake Forest University,,
ENV 341,Economics of the Environment. (3 h),,Wake Forest University,,
ENV 345,Advanced Remote Sensing. (3 h),,Wake Forest University,,
ENV 355,Circular Economy and Environmental Business. (3 h),,Wake Forest University,,
ENV 359,Environmental Ethics. (3 h),,Wake Forest University,,
ENV 360,Climate Change. (3 h),,Wake Forest University,,
ENV 361,Career Development Workshop. (1 h),,Wake Forest University,,
ENV 365,People and Ecology. (3 h),,Wake Forest University,,
ENV 365L,People and Ecology Lab. (1 h),,Wake Forest University,,
ENV 372,Environmental Communication: Risk & Crisis. (3 h),,Wake Forest University,,
ENV 380,Cultivating Food Justice. (3 h),,Wake Forest University,,
ENV 390,Ethnoecology. (3 h),,Wake Forest University,,
ENV 390L,Ethnoecology Lab. (1 h),,Wake Forest University,,
ENV 391,Individual Study. (1-4 h),,Wake Forest University,,
ENV 394,Environmental Internship. (1-4 h),,Wake Forest University,,
ENV 395,Sustainability Lab/Clinic. (4 h),,Wake Forest University,,
FIN 203,Applied Quantitative Analysis for Finance. (3 h),,Wake Forest University,,
FIN 231,Principles of Finance. (3 h),,Wake Forest University,,
FIN 232,Intermediate Finance. (3 h),,Wake Forest University,,
FIN 233,Equity Investments. (3 h),,Wake Forest University,,
FIN 234,International Finance. (3 h),,Wake Forest University,,
FIN 235,Selected Topics in Finance. (3 h),,Wake Forest University,,
FIN 236,Private Equity. (3 h),,Wake Forest University,,
FIN 237,Financial Markets and Institutions. (3 h),,Wake Forest University,,
FIN 238,Financial Modeling. (3 h),,Wake Forest University,,
FIN 239,Financial Data Analytics. (3 h),,Wake Forest University,,
FIN 332,Investments. (3 h),,Wake Forest University,,
FIN 333,Advanced Finance. (3 h),,Wake Forest University,,
FIN 334,Blockchain and Cryptoassets. (3 h),,Wake Forest University,,
FIN 335,Financial Derivatives. (3 h),,Wake Forest University,,
FIN 336,Fixed Income and Financial Engineering. (3 h),,Wake Forest University,,
FIN 338,Real Estate Finance. (3 h),,Wake Forest University,,
FIN 381,Individualized Reading and Research. (1-3 h),,Wake Forest University,,
FLM 101,Internship in Film and Media Studies I. (1.5-3 h),,Wake Forest University,,
FLM 102,Internship in Film and Media Studies II. (1.5-3 h),,Wake Forest University,,
FLM 201,Film & Media Studies Practicum. (1.5-3 h),,Wake Forest University,,
FLM 286,Individual Study in Film and Media Studies. (1.5-3 h),,Wake Forest University,,
FLM 310,International Cinema. (3 h),,Wake Forest University,,
FLM 320,New Media. (3 h),,Wake Forest University,,
FLM 350,Film Adaptation. (3 h),,Wake Forest University,,
FLM 390,Special Topics in Film and Media Studies. (1.5-3 h),,Wake Forest University,,
FRH 111,Elementary French. (3 h),,Wake Forest University,,
FRH 112,Elementary French. (3 h),,Wake Forest University,,
FRH 113,Intensive Elementary French. (4 h),,Wake Forest University,,
FRH 153,Intermediate French. (4 h),,Wake Forest University,,
FRH 154,Accelerated Intermediate French. (3 h),,Wake Forest University,,
FRH 196,French Across the Curriculum. (1.5 h),,Wake Forest University,,
FRH 198,Internship in French Language. (1.5-3 h),,Wake Forest University,,
FRH 199,Service Learning in French Language. (1.5 h),,Wake Forest University,,
FRH 212,Exploring the French and Francophone World. (3 h),,Wake Forest University,,
FRH 213,Encounters: French and Francophone Literature and Culture. (3 h),,Wake Forest University,,
FRH 214,Encounters: French and Francophone Literature and Culture (Honors). (3 h),,Wake Forest University,,
FRH 216,Studies in French and Francophone Literature and Culture. (3 h),,Wake Forest University,,
FRH 315,Introduction to French and Francophone Studies. (3 h),,Wake Forest University,,
FRH 319,Composition and Review of Grammar. (4 h),,Wake Forest University,,
FRH 320,French Conversation. (3 h),,Wake Forest University,,
FRH 321,Introduction to Translation. (3 h),,Wake Forest University,,
FRH 322,French Phonetics. (3 h),,Wake Forest University,,
FRH 323,Advanced Grammar and Stylistics. (3 h),,Wake Forest University,,
FRH 329,French for Business Communication. (3 h),,Wake Forest University,,
FRH 330,French for Management. (3 h),,Wake Forest University,,
FRH 341,Rise of French. (3 h),,Wake Forest University,,
FRH 342,Structure of French. (3 h),,Wake Forest University,,
FRH 343,Modern French. (3 h),,Wake Forest University,,
FRH 345,Language and Society. (3 h),,Wake Forest University,,
FRH 350,Studies in French Language and Culture. (6 h),,Wake Forest University,,
FRH 351,Advanced Oral and Written French. (4 h),,Wake Forest University,,
FRH 352,Contemporary France. (3 h),,Wake Forest University,,
FRH 353,Studies in French Art. (2 h),,Wake Forest University,,
FRH 360,Cinema and Society. (3 h),,Wake Forest University,,
FRH 361,Special Topics in French and Francophone Film Studies. (3 h),,Wake Forest University,,
FRH 363,Trends in French and Francophone Poetry. (3 h),,Wake Forest University,,
FRH 364,French and Francophone Prose Fiction. (3 h),,Wake Forest University,,
FRH 365,French and Francophone Drama. (3 h),,Wake Forest University,,
FRH 370,Seminar in French and Francophone Studies. (3 h),,Wake Forest University,,
FRH 374,Topics in French and Francophone Culture. (3 h),,Wake Forest University,,
FRH 375,Special Topics in French and Francophone Literature. (3 h),,Wake Forest University,,
FRH 381,French Independent Study. (1.5-3 h),,Wake Forest University,,
FRH 382,Internship in French Studies. (1.5-3 h),,Wake Forest University,,
FRH 390,Directed Reading. (1.5 h),,Wake Forest University,,
FRH 391,Directed Research. (3 h),,Wake Forest University,,
FRT 210,French-Language Literature in Translation. (3 h),,Wake Forest University,,
FRT 220,French and Francophone Cultures. (3 h),,Wake Forest University,,
FRT 230,French and Francophone Film. (3 h),,Wake Forest University,,
FYE 101,The College Transition. (1 h),,Wake Forest University,,
FYE 110,Introduction to Mentored Scholarship. (1 h),,Wake Forest University,,
FYS 100,First Year Seminar. (3 h),,Wake Forest University,,
GER 001,German for Reading Knowledge. (1.5 h),,Wake Forest University,,
GER 002,German for Reading Knowledge. (1.5 h),,Wake Forest University,,
GER 100,German Pre-Orientation Tour. (1 h),,Wake Forest University,,
GER 110,Intensive Elementary German. (4 h),,Wake Forest University,,
GER 111,Elementary German. (4 h),,Wake Forest University,,
GER 112,Elementary German. (4 h),,Wake Forest University,,
GER 113,Intensive Elementary German. (4 h),,Wake Forest University,,
GER 150,Intermediate German. (4 h),,Wake Forest University,,
GER 153,Intermediate German. (4 h),,Wake Forest University,,
GER 208,Introduction to German Short Fiction. (3 h),,Wake Forest University,,
GER 210,Encounters with the German-Speaking World. (3 h),,Wake Forest University,,
GER 212,Introduction to German Short Fiction. (3 h),,Wake Forest University,,
GER 214,Masterpieces of Austrian Literature. (3 h),,Wake Forest University,,
GER 317,Composition and Grammar Review. (3 h),,Wake Forest University,,
GER 318,German Conversation. (3 h),,Wake Forest University,,
GER 319,Advanced Writing and Stylistics. (3 h),,Wake Forest University,,
GER 320,German Culture and Civilization I. (3 h),,Wake Forest University,,
GER 321,German Culture and Civilization II. (3 h),,Wake Forest University,,
GER 322,Internship in German Language. (0.5-3 h),,Wake Forest University,,
GER 329,German for Professional Purposes I. (3 h),,Wake Forest University,,
GER 330,German for Professional Purposes II. (3 h),,Wake Forest University,,
GER 350,German-Jewish Literature and Culture. (3 h),,Wake Forest University,,
GER 370,Individual Study. (1-3 h),,Wake Forest University,,
GER 380,German Literature before 1700. (3 h),,Wake Forest University,,
GER 381,German Literature from 1700-1815. (3 h),,Wake Forest University,,
GER 383,German Literature from 1815-1900. (3 h),,Wake Forest University,,
GER 385,German Literature from 1900 to Present. (3 h),,Wake Forest University,,
GER 387,Honors in German. (2.5 h),,Wake Forest University,,
GER 388,Honors in German. (2.5 h),,Wake Forest University,,
GER 399,Seminar in the Major. (3 h),,Wake Forest University,,
GES 100,German Pre-Orientation Tour. (1 h),,Wake Forest University,,
GES 315,Germanic and Slavic Literature. (3 h),,Wake Forest University,,
GES 331,Weimar Germany. (3 h),,Wake Forest University,,
GES 335,German Film. (3 h),,Wake Forest University,,
GES 336,Special Topics in German Film. (3 h),,Wake Forest University,,
GES 337,National Identity Formation. (3 h),,Wake Forest University,,
GES 340,German Masterworks in Translation. (3 h),,Wake Forest University,,
GES 341,Austrian Literature in Translation. (3 h),,Wake Forest University,,
GES 345,History of the German Language. (3 h),,Wake Forest University,,
GES 350,Fin de Siècle Vienna. (3 h),,Wake Forest University,,
GES 351,German-Jewish Literature and Culture. (3 h),,Wake Forest University,,
GES 390,German Women Writers. (3 h),,Wake Forest University,,
GES 391,Margins and Minorities. (3 h),,Wake Forest University,,
GES 393,Luther. (3 h),,Wake Forest University,,
GES 394,"Germanic Myths, Legends and Fairy Tales. (3 h)",,Wake Forest University,,
GES 395,Special Topics in German Studies. (3 h),,Wake Forest University,,
GES 396,The German Novel. (3 h),,Wake Forest University,,
GES 397,German Classical Period. (3 h),,Wake Forest University,,
GRK 113,Elementary Greek. (3 h),,Wake Forest University,,
GRK 113L,Elementary Greek Lab. (2 h),,Wake Forest University,,
GRK 153,Intermediate Greek. (3 h),,Wake Forest University,,
GRK 154,Intensive Intermediate Greek. (3 h),,Wake Forest University,,
GRK 154L,Intensive Intermediate Greek Lab. (2 h),,Wake Forest University,,
GRK 201,Intermediate Greek. (3 h),,Wake Forest University,,
GRK 211,Introduction to Greek Prose. (3 h),,Wake Forest University,,
GRK 312,Greek Poetry. (3 h),,Wake Forest University,,
GRK 321,Greek Readings. (0.5-3 h),,Wake Forest University,,
GRK 325,Advanced Grammar and Composition. (3 h),,Wake Forest University,,
GRK 331,Greek Biblical Texts. (3 h),,Wake Forest University,,
GRK 341,Greek Tragedy. (3 h),,Wake Forest University,,
GRK 342,Greek Comedy. (3 h),,Wake Forest University,,
GRK 391,Honors in Greek. (1.5 h),,Wake Forest University,,
GRK 392,Honors in Greek. (1.5 h),,Wake Forest University,,
HES 100,Lifestyles and Health. (1 h),,Wake Forest University,,
HES 101,Exercise for Health. (1 h),,Wake Forest University,,
HES 112,Sports Proficiency. (1 h),,Wake Forest University,,
HES 120,Fitness Activities. (1 h),,Wake Forest University,,
HES 150,Introduction to Health and Exercise Science. (3 h),,Wake Forest University,,
HES 232,Emergency Medical Responder. (3 h),,Wake Forest University,,
HES 262,Statistics in the Health Sciences. (3 h),,Wake Forest University,,
HES 265,Medical Terminology. (3 h),,Wake Forest University,,
HES 310,Clinical Research Internship. (1-2 h),,Wake Forest University,,
HES 312,Exercise and Health Psychology. (3 h),,Wake Forest University,,
HES 320,Mindfulness Meditation in Behavioral Medicine. (2 h),,Wake Forest University,,
HES 350,Human Physiology. (3 h),,Wake Forest University,,
HES 350L,Human Physiology Lab. (1 h),,Wake Forest University,,
HES 351,Nutrition in Health and Disease. (3 h),,Wake Forest University,,
HES 352,Human Gross Anatomy. (4 h),,Wake Forest University,,
HES 353,Physiology of Exercise. (3 h),,Wake Forest University,,
HES 354,Assessment Techniques in Health and Exercise Science. (3 h),,Wake Forest University,,
HES 355,Exercise Programming. (1.5 h),,Wake Forest University,,
HES 360,Epidemiology. (3 h),,Wake Forest University,,
HES 362,Experimental Design for Clinical and Translational Health Science Research. (3 h),,Wake Forest University,,
HES 365,Anatomy and Physiology. (3 h),,Wake Forest University,,
HES 370,Biomechanics of Human Movement. (3 h),,Wake Forest University,,
HES 372,Anatomy Dissection Laboratory. (2 h),,Wake Forest University,,
HES 375,Advanced Physiology of Exercise. (3 h),,Wake Forest University,,
HES 376,Interventions in Behavioral Medicine. (3 h),,Wake Forest University,,
HES 382,Individual Study. (1-2 h),,Wake Forest University,,
HES 384,Special Topics in Health and Exercise Science. (1-3 h),,Wake Forest University,,
HES 386,Honors Research. (2 h),,Wake Forest University,,
HES 388,Field Internship in Health Sciences. (3 h),,Wake Forest University,,
HMN 160,Contemporary Venetian Experience. (1.5 h),,Wake Forest University,,
HMN 170,Contemporary Spanish Experience. (1.5 h),,Wake Forest University,,
HMN 180,Contemporary London Experience. (1.5 h),,Wake Forest University,,
HMN 185,Contemporary Washington Experience. (1.5 h),,Wake Forest University,,
HMN 186,Contemporary Chilean Experience. (1.5 h),,Wake Forest University,,
HMN 190,Contemporary Viennese Experience. (1.5 h),,Wake Forest University,,
HMN 200,"Introduction to Humanities: Themes in Literature, Culture, and Film. (3 h)",,Wake Forest University,,
HMN 211,Dialogues with Antiquity. (3 h),,Wake Forest University,,
HMN 212,Reading the Modern World. (3 h),,Wake Forest University,,
HMN 213,Studies in European Literature. (3 h),,Wake Forest University,,
HMN 219,Introduction to Japanese Literature. (3 h),,Wake Forest University,,
HMN 225,"Literature, Travel, and Discovery. (3 h)",,Wake Forest University,,
HMN 226,Contemporary Global Fiction. (3 h),,Wake Forest University,,
HMN 227,Engaged Humanities. (1.5-3 h),,Wake Forest University,,
HMN 228,Viennese Culture 1860-1914. (3 h),,Wake Forest University,,
HMN 229,London as a Global City. (3 h),,Wake Forest University,,
HMN 230,Barcelona as a Global City. (3 h),,Wake Forest University,,
HMN 232,Italy in Literature. (3 h),,Wake Forest University,,
HMN 272,Literature and Ethics. (3 h),,Wake Forest University,,
HMN 275,"Inclusive Public Spaces: Examining Role of Space, Place and Gender. (3 h)",,Wake Forest University,,
HMN 290,"The Humanities through Film, Literature and Media. (3 h)",,Wake Forest University,,
HMN 292,"Environmentalism, the Humanities, and Gender. (3 h)",,Wake Forest University,,
HMN 294,Digital Approaches in the Humanities. (1.5-3 h),,Wake Forest University,,
HMN 295,"Social Entrepreneurship and the Humanities: Innovation, Public Engagement, and Social Change. (3 h)",,Wake Forest University,,
HMN 350,Character and Competence. (1-3 h),,Wake Forest University,,
HMN 351,Leadership and Character in Global Context. (1-3 h),,Wake Forest University,,
HMN 365,Humanity and Nature. (1.5-3 h),,Wake Forest University,,
HMN 370,Medicine and the Humanities. (3 h),,Wake Forest University,,
HMN 374,Humanities and Law. (3 h),,Wake Forest University,,
HMN 375,Urban Design and the Human Experience. (3 h),,Wake Forest University,,
HMN 385,Special Topics. (1-3 h),,Wake Forest University,,
HMN 389,Directed Reading and Research. (1.5 h),,Wake Forest University,,
HMN 390,Directed Writing. (1.5 h),,Wake Forest University,,
HNU 111,Elementary Hindi-Urdu I. (3 h),,Wake Forest University,,
HNU 112,Elementary Hindi-Urdu II. (3 h),,Wake Forest University,,
HNU 140,Introduction to the Hindi script (Devanagari). (1 h),,Wake Forest University,,
HNU 141,Introduction to the Urdu script (Nastaliq). (1 h),,Wake Forest University,,
HNU 153,Intermediate Hindi-Urdu I. (3 h),,Wake Forest University,,
HNU 201,Intermediate Hindi-Urdu II. (3 h),,Wake Forest University,,
HNU 230,Advanced Hindi-Urdu I. (1-3 h),,Wake Forest University,,
HNU 231,Advanced Hindi-Urdu II. (1-3 h),,Wake Forest University,,
HNU 250,Devotional Literature in South Asia. (3 h),,Wake Forest University,,
HNU 251,Themes in Modern South Asian Literature. (3 h),,Wake Forest University,,
HNU 288,Individual Study in Hindi-Urdu Language or Cultural Studies. (1-3 h),,Wake Forest University,,
HNU 305,Special Topics in Hindi-Urdu. (1-3 h),,Wake Forest University,,
HNU 306,Special Topics in Hindi-Urdu Studies. (1-3 h),,Wake Forest University,,
HON 131,Approaches to Human Experience I. (3 h),,Wake Forest University,,
HON 132,Approaches to Human Experience II. (3 h),,Wake Forest University,,
HON 133,Approaches to Human Experience II. (3 h),,Wake Forest University,,
HON 134,Approaches to Human Experience II. (3 h),,Wake Forest University,,
HON 236,The Force of Impressionism. (3 h),,Wake Forest University,,
HON 237,The Scientific Outlook. (3 h),,Wake Forest University,,
HON 238,Romanticism. (3 h),,Wake Forest University,,
HON 240,Adventures in Self-Understanding. (3 h),,Wake Forest University,,
HON 241,The Tragic View. (3 h),,Wake Forest University,,
HON 242,The Comic View. (3 h),,Wake Forest University,,
HON 247,The Mythic View. (3 h),,Wake Forest University,,
HON 248,The Ironic View. (3 h),,Wake Forest University,,
HON 257,Images of Aging in Humanities. (3 h),,Wake Forest University,,
HON 258,Venice in Art and Literature. (3 h),,Wake Forest University,,
HON 260,"Rethinking Space, Place, and Gender in the City. (3 h)",,Wake Forest University,,
HON 265,Humanity and Nature. (3 h),,Wake Forest University,,
HON 281,Directed Study. (3 h),,Wake Forest University,,
HON 285,Performance Art and Theory. (3 h),,Wake Forest University,,
HON 310,The Medieval World: Special Topics. (3 h),,Wake Forest University,,
HON 365,"Literature, Song, and Folklore in Scotland, Ireland, and Appalachia. (3 h)",,Wake Forest University,,
HON 390,Postmodern Thought and Expression. (3 h),,Wake Forest University,,
HON 393,American Foundations I. (3 h),,Wake Forest University,,
HON 394,American Foundations II. (3 h),,Wake Forest University,,
HPA 150,Introduction to Public Health. (3 h),,Wake Forest University,,
HPA 250,Internship in Health Policy and Administration. (3 h),,Wake Forest University,,
HPA 262,Special Topics. (3 h),,Wake Forest University,,
HST 101,Western Civilization to 1700. (3 h),,Wake Forest University,,
HST 102,Europe and the World in the Modern Era. (3 h),,Wake Forest University,,
HST 103,World Civilizations to 1500. (3 h),,Wake Forest University,,
HST 104,World Civilizations since 1500. (3 h),,Wake Forest University,,
HST 105,Africa in World History. (3 h),,Wake Forest University,,
HST 106,Medieval World Civilizations. (3 h),,Wake Forest University,,
HST 107,Middle East & the World. (3 h),,Wake Forest University,,
HST 108,Americas and the World. (3 h),,Wake Forest University,,
HST 109,Asia and the World. (3 h),,Wake Forest University,,
HST 110,Atlantic World since 1500. (3 h),,Wake Forest University,,
HST 113,"Health, Disease, Disability, and Well-Being in World History. (3 h)",,Wake Forest University,,
HST 114,Gender and Sexuality in World History. (3 h),,Wake Forest University,,
HST 115,Global History of Exploration. (3 h),,Wake Forest University,,
HST 116,European Jewry: From the Middle Ages to the Present. (3 h),,Wake Forest University,,
HST 118,Chile and the World. (3 h),,Wake Forest University,,
HST 119,Venice and the World. (3 h),,Wake Forest University,,
HST 120,Formation of Europe: Habsburg Empire and its Successor States. (3 h),,Wake Forest University,,
HST 121,London and the World. (3 h),,Wake Forest University,,
HST 150,United States History. (3 h),,Wake Forest University,,
HST 151,The Golden Age of Burgundy. (1.5 h),,Wake Forest University,,
HST 161,History Museums. (1.5 h),,Wake Forest University,,
HST 162,History of Wake Forest. (1.5 h),,Wake Forest University,,
HST 171,Historical Biography. (1.5 h),,Wake Forest University,,
HST 172,Historical Novels. (1.5 h),,Wake Forest University,,
HST 173,Historical Films. (1.5 h),,Wake Forest University,,
HST 206,The Early Middle Ages. (3 h),,Wake Forest University,,
HST 207,The High Middle Ages Through the Renaissance. (3 h),,Wake Forest University,,
HST 209,Europe: From Renaissance to Revolution. (3 h),,Wake Forest University,,
HST 211,Special Topics in History. (1-3 h),,Wake Forest University,,
HST 211A,Special Topics: American. (1-3 h),,Wake Forest University,,
HST 211E,Special Topics: European. (1-3 h),,Wake Forest University,,
HST 211G,Special Topics: General. (1-3 h),,Wake Forest University,,
HST 211W,Special Topics: Wider World. (1-3 h),,Wake Forest University,,
HST 214,"Atlantic History to 1800: Science, Empire, and Environment. (3 h)",,Wake Forest University,,
HST 215,"Atlantic History from 1800: Science, Empire, Environment. (3 h)",,Wake Forest University,,
HST 216,General History of Spain. (3 h),,Wake Forest University,,
HST 217,France to 1774. (3 h),,Wake Forest University,,
HST 218,France since 1815. (3 h),,Wake Forest University,,
HST 219,Germany to 1871. (3 h),,Wake Forest University,,
HST 220,Germany: Unification to Unification 1871 to 1990. (3 h),,Wake Forest University,,
HST 221,The British Empire to 1815. (3 h),,Wake Forest University,,
HST 222,The British Empire from 1815. (3 h),,Wake Forest University,,
HST 223,The British Isles to 1750. (3 h),,Wake Forest University,,
HST 224,Great Britain since 1750. (3 h),,Wake Forest University,,
HST 225,History of Venice. (3 h),,Wake Forest University,,
HST 226,History of London. (1.5-3 h),,Wake Forest University,,
HST 228,Georgian and Victorian Society Culture. (3 h),,Wake Forest University,,
HST 229,Venetian Society & Culture. (3 h),,Wake Forest University,,
HST 230,Russia: Origins to 1865. (3 h),,Wake Forest University,,
HST 231,Russia and Soviet Union: 1865 to Present. (3 h),,Wake Forest University,,
HST 232,Introduction to Russian and East European Studies. (3 h),,Wake Forest University,,
HST 236,The Nazi Holocaust to 1941. (3 h),,Wake Forest University,,
HST 237,The Nazi Holocaust from 1941. (3 h),,Wake Forest University,,
HST 239,Jewish History in the Americas. (3 h),,Wake Forest University,,
HST 240,Nations and Empires: Central Europe to 1880. (3 h),,Wake Forest University,,
HST 241,Nations and Empires: Central Europe since 1880. (3 h),,Wake Forest University,,
HST 242,Middle East before 1500. (3 h),,Wake Forest University,,
HST 243,Middle East since 1500. (3 h),,Wake Forest University,,
HST 244,Pre-Modern China to 1850. (3 h),,Wake Forest University,,
HST 245,Modern China since 1850. (3 h),,Wake Forest University,,
HST 246,Japan before 1600. (3 h),,Wake Forest University,,
HST 247,Japan since 1600. (3 h),,Wake Forest University,,
HST 250,Premodern South Asia. (3 h),,Wake Forest University,,
HST 251,Modern South Asia. (3 h),,Wake Forest University,,
HST 254,American West to 1848. (3 h),,Wake Forest University,,
HST 255,U.S. West from 1848 to Present. (3 h),,Wake Forest University,,
HST 256,"The U.S and the World, 1763-1914. (3 h)",,Wake Forest University,,
HST 257,The U.S and the World since 1914. (3 h),,Wake Forest University,,
HST 258,Colonial North America. (3 h),,Wake Forest University,,
HST 259,Revolutionary North America. (3 h),,Wake Forest University,,
HST 262,Antebellum America. (3 h),,Wake Forest University,,
HST 263,The U.S. Civil War and Reconstruction. (3 h),,Wake Forest University,,
HST 264,"U.S. History 1877-1933: Industrialization, Urbanization, and Conflict. (3 h)",,Wake Forest University,,
HST 265,US History since the New Deal. (3 h),,Wake Forest University,,
HST 266,The History of the Slave South. (3 h),,Wake Forest University,,
HST 267,The Making of the Modern South since the Civil War. (3 h),,Wake Forest University,,
HST 268,African History to 1870. (3 h),,Wake Forest University,,
HST 269,African History since 1850. (3 h),,Wake Forest University,,
HST 271,African American History to 1870. (3 h),,Wake Forest University,,
HST 272,African American History since 1870. (3 h),,Wake Forest University,,
HST 275,Modern Latin America. (3 h),,Wake Forest University,,
HST 284,Latin America's Colonial Past. (3 h),,Wake Forest University,,
HST 290,Historians’ Methods. (3 h),,Wake Forest University,,
HST 300,History Fin de Siecle Vienna. (3 h),,Wake Forest University,,
HST 302,Plants of Empire: Power and Pleasure. (3 h),,Wake Forest University,,
HST 303,"Spaces of Science: Observatory, Laboratory, Field. (3 h)",,Wake Forest University,,
HST 304,"Travel, History and Landscape in the Mediterranean. (3 h)",,Wake Forest University,,
HST 305,Medieval & Early Modern Iberia. (3 h),,Wake Forest University,,
HST 306,"Science, Magic, and Alchemy in Medieval Europe. (3 h)",,Wake Forest University,,
HST 307,Italian Renaissance. (3 h),,Wake Forest University,,
HST 308,World of Alexander the Great. (3 h),,Wake Forest University,,
HST 309,European International Relations since World War I. (3 h),,Wake Forest University,,
HST 310,20th Century Eastern Europe. (3 h),,Wake Forest University,,
HST 311,Special Topics in History. (1-3 h),,Wake Forest University,,
HST 311A,Special Topics: American. (1-3 h),,Wake Forest University,,
HST 311E,Special Topics: European. (1-3 h),,Wake Forest University,,
HST 311G,Special Topics: General. (1-3 h),,Wake Forest University,,
HST 311W,Special Topics: Wider World. (1-3 h),,Wake Forest University,,
HST 312,"Jews, Greeks and Romans. (3 h)",,Wake Forest University,,
HST 315,Greek History. (3 h),,Wake Forest University,,
HST 316,Rome: Republic and Empire. (3 h),,Wake Forest University,,
HST 317,The French Revolution and Napleonic Empire. (3 h),,Wake Forest University,,
HST 318,Weimar Germany. (3 h),,Wake Forest University,,
HST 319,Genocide and Justice: From Atrocity to Accountability. (3 h),,Wake Forest University,,
HST 320,Write and Record! Diaries and Memoirs of the Nazi Holocaust. (3 h),,Wake Forest University,,
HST 321,"Zionism, Palestine, and Israel in Historical Perspective. (3 h)",,Wake Forest University,,
HST 322,Migrants and Refugees in Modern History. (3 h),,Wake Forest University,,
HST 323,"Wives, Writers, and Witches: Women and Gender in Early Modern Europe, 1500-1800. (3 h)",,Wake Forest University,,
HST 324,Fashion in the Eighteenth Century. (3 h),,Wake Forest University,,
HST 325,"The British Royal Family: Myth, Spectacle, and Scandal. (3 h)",,Wake Forest University,,
HST 326,The Industrial Revolution in England. (3 h),,Wake Forest University,,
HST 327,Profit and Power in Britain. (3 h),,Wake Forest University,,
HST 330,Everyday Life in Communism. (3 h),,Wake Forest University,,
HST 332,The United States and the Global Cold War. (3 h),,Wake Forest University,,
HST 333,European Diplomacy 1848-1914. (3 h),,Wake Forest University,,
HST 336,Gender and Power in African History. (3 h),,Wake Forest University,,
HST 337,Women and Gender in Early America. (3 h),,Wake Forest University,,
HST 339,Sickness and Health in American History. (3 h),,Wake Forest University,,
HST 340,Urban Africa. (3 h),,Wake Forest University,,
HST 341,"Africans in the Atlantic World, 1750-1815. (3 h)",,Wake Forest University,,
HST 342,Sex in Modern Europe. (3 h),,Wake Forest University,,
HST 345,China and the World in the Age of Discovery. (3 h),,Wake Forest University,,
HST 346,Tea in Global History & Art. (3 h),,Wake Forest University,,
HST 347,The Rise of Asian Economic Power since WWII. (3 h),,Wake Forest University,,
HST 348,"Samurai and Geisha: Fact, Film, and Fiction. (3 h)",,Wake Forest University,,
HST 350,"World Economic History: Globalization, Wealth and Poverty, 1500-Present. (3 h)",,Wake Forest University,,
HST 352,"Ten Years of Madness: The Chinese Cultural Revolution, 1966 to 1976. (3 h)",,Wake Forest University,,
HST 353,War and Society in Early America. (3 h),,Wake Forest University,,
HST 354,The Early American Republic. (3 h),,Wake Forest University,,
HST 356,Jacksonian America 1815-1850. (3 h),,Wake Forest University,,
HST 358,"Race, Gender and the Courts. (3 h)",,Wake Forest University,,
HST 359,"Trans History, Machismo, and Sex Work in Latin America. (3 h)",,Wake Forest University,,
HST 361,A History of Hip Hop. (3 h),,Wake Forest University,,
HST 362,American Constitutional History. (3 h),,Wake Forest University,,
HST 363,"Law, Justice, and Reparations. (3 h)",,Wake Forest University,,
HST 365,Modern Native American History. (3 h),,Wake Forest University,,
HST 366,Historic Preservation and Conservation. (3 h),,Wake Forest University,,
HST 367,Public History. (3 h),,Wake Forest University,,
HST 368,U.S. Environmental History. (3 h),,Wake Forest University,,
HST 369,Modern Military History. (3 h),,Wake Forest University,,
HST 370,Topics in North Carolina History. (3 h),,Wake Forest University,,
HST 371,"Transgender History, Identity, and Politics in the U.S.. (3 h)",,Wake Forest University,,
HST 372,Queer Public Histories. (3 h),,Wake Forest University,,
HST 373,Anglo-American Relations since 1940. (3 h),,Wake Forest University,,
HST 374,Protest and Rebellion in Latin America. (3 h),,Wake Forest University,,
HST 375,Black Lives. (3 h),,Wake Forest University,,
HST 376,Civil Rights and Black Consciousness Movements. (3 h),,Wake Forest University,,
HST 378,"Race, Memory, and Identity. (3 h)",,Wake Forest University,,
HST 380,America at Work. (3 h),,Wake Forest University,,
HST 384,Global Outlaws History since 1500. (3 h),,Wake Forest University,,
HST 385,History through Film: Bollywood and the Making of Modern India. (3 h),,Wake Forest University,,
HST 387,The Last Great Muslim Empires. (3 h),,Wake Forest University,,
HST 388,"Nation, Faith, and Gender in the Middle East. (3 h)",,Wake Forest University,,
HST 389,The British Empire in the Middle East. (3 h),,Wake Forest University,,
HST 390,Research Seminar. (4 h),,Wake Forest University,,
HST 391,Making History. (3 h),,Wake Forest University,,
HST 392,Individual Research. (4 h),,Wake Forest University,,
HST 395,Internship in History. (1-3 h),,Wake Forest University,,
HST 397,Historical Writing Tutorial. (1.5 h),,Wake Forest University,,
HST 398,Individual Study. (1-3 h),,Wake Forest University,,
HST 399,Directed Reading. (1-3 h),,Wake Forest University,,
IAS 210,Introduction to Italian Literature. (3 h),,Wake Forest University,,
IAS 212,Contemporary Italian Fiction. (3 h),,Wake Forest University,,
IAS 214,Italian Drama. (3 h),,Wake Forest University,,
IAS 220,Italian Women Writers. (3 h),,Wake Forest University,,
IAS 310,Italian Historical Fiction. (3 h),,Wake Forest University,,
IAS 325,Italian Neorealism in Films and Novels. (3 h),,Wake Forest University,,
IAS 360,Dante. (3 h),,Wake Forest University,,
IAS 375,Special Topics. (3 h),,Wake Forest University,,
IAS 380,History of Italian Cinema. (3 h),,Wake Forest University,,
IND 399,Senior Project. (3 h),,Wake Forest University,,
ITA 111,Elementary Italian I. (3 h),,Wake Forest University,,
ITA 112,Elementary Italian II. (3 h),,Wake Forest University,,
ITA 113,Intensive Elementary Italian. (4 h),,Wake Forest University,,
ITA 153,Intermediate Italian. (4 h),,Wake Forest University,,
ITA 154,Intermediate Italian. (3 h),,Wake Forest University,,
ITA 196,Special Topics in Italian Culture. (1.5 h),,Wake Forest University,,
ITA 197,Italian for Reading Knowledge. (1.5 h),,Wake Forest University,,
ITA 212,Exploring the Italian World. (3 h),,Wake Forest University,,
ITA 213,Introduction to Italian Literature. (3 h),,Wake Forest University,,
ITA 217,Studies of Italy. (3 h),,Wake Forest University,,
ITA 260,Contemporary Italy. (3 h),,Wake Forest University,,
ITA 280,Business Italian. (3 h),,Wake Forest University,,
ITA 319,Grammar and Composition. (3 h),,Wake Forest University,,
ITA 324,Italian Regional Cultures. (3 h),,Wake Forest University,,
ITA 326,Comedy in Italian Cinema. (3 h),,Wake Forest University,,
ITA 327,Modern Italian Cinema. (3 h),,Wake Forest University,,
ITA 328,Dante's Divine Comedy. (3 h),,Wake Forest University,,
ITA 329,"Love, Gender, and Diversity in Italian Epic. (3 h)",,Wake Forest University,,
ITA 333,Italian Theatre. (3 h),,Wake Forest University,,
ITA 335,Italian Women Writers. (3 h),,Wake Forest University,,
ITA 336,Italian Women and the City. (3 h),,Wake Forest University,,
ITA 338,South in Contemporary Italy. (3 h),,Wake Forest University,,
ITA 340,Traveling with Muhammad and Dante. (3 h),,Wake Forest University,,
ITA 342,Boccaccio's Decameron or 'Sex in the City': Rethinking Community in Medieval Florence. (3 h),,Wake Forest University,,
ITA 346,Narrating and Visualizing the Mediterranean in the Italian Trecento. (3 h),,Wake Forest University,,
ITA 375,Special Topics. (3 h),,Wake Forest University,,
ITA 381,Italian Independent Study. (1.5-3 h),,Wake Forest University,,
JOU 270,Introduction to Journalism. (3 h),,Wake Forest University,,
JOU 278,News Literacy. (3 h),,Wake Forest University,,
JOU 310,Editing. (3 h),,Wake Forest University,,
JOU 315,Beat Reporting. (3 h),,Wake Forest University,,
JOU 320,Community Journalism. (3 h),,Wake Forest University,,
JOU 321,Environmental Journalism. (3 h),,Wake Forest University,,
JOU 322,"Investigating Innocence, at the Intersection of Journalism, Narrative and the Law. (3 h)",,Wake Forest University,,
JOU 325,History of Photojournalism. (3 h),,Wake Forest University,,
JOU 330,Podcasting. (3 h),,Wake Forest University,,
JOU 331,On the Air with WFDD. (3 h),,Wake Forest University,,
JOU 335,Multimedia Storytelling. (3 h),,Wake Forest University,,
JOU 340,Magazine Writing. (3 h),,Wake Forest University,,
JOU 345,Sports Journalism. (3 h),,Wake Forest University,,
JOU 355,Broadcast Journalism. (3 h),,Wake Forest University,,
JOU 360,Truth and Authenticity Lab. (3 h),,Wake Forest University,,
JOU 365,Mastering the Interview. (3 h),,Wake Forest University,,
JOU 370,International Reporting. (3 h),,Wake Forest University,,
JOU 375,Special Topics in Journalism. (1-3 h),,Wake Forest University,,
JOU 380,Deep Dive. (1.5 h),,Wake Forest University,,
JOU 390,Internship. (1-3 h),,Wake Forest University,,
JOU 395,Individual Study. (1-3 h),,Wake Forest University,,
JPN 101,First-year Japanese I. (4 h),,Wake Forest University,,
JPN 102,First-year Japanese II. (4 h),,Wake Forest University,,
JPN 153,Second-year Japanese I. (4 h),,Wake Forest University,,
JPN 201,Second-year Japanese II. (4 h),,Wake Forest University,,
JPN 220,Third-year Japanese I. (4 h),,Wake Forest University,,
JPN 230,Third-year Japanese II. (4 h),,Wake Forest University,,
JPN 231,Fourth-year Japanese. (3 h),,Wake Forest University,,
JPN 250,Introduction to Literature Written in Japanese. (1-3 h),,Wake Forest University,,
JPN 255,Professional Japanese. (3 h),,Wake Forest University,,
JPN 291,Special Topics in Japanese. (1-3 h),,Wake Forest University,,
JPN 296,Japanese across the Curriculum. (1 h),,Wake Forest University,,
JPN 299,Individual Study. (1-3 h),,Wake Forest University,,
LAS 210,Introduction to Latin-American and Latino Studies. (3 h),,Wake Forest University,,
LAS 220C,Afro Cuban Cultural Expression. (3 h),,Wake Forest University,,
LAS 281,Contemporary Chile in Latin American Perspective. (3 h),,Wake Forest University,,
LAS 310,Special Topics in Latin American and Latino Studies. (3 h),,Wake Forest University,,
LAS 380,Latin American and Latino Studies Honors Coloquium. (4 h),,Wake Forest University,,
LAS 388,Internship in Latin American and Latino Studies. (1-3 h),,Wake Forest University,,
LAS 398,Individual Study. (1-3 h),,Wake Forest University,,
LAT 113,Elementary Latin. (3 h),,Wake Forest University,,
LAT 113L,Elementary Latin Lab. (2 h),,Wake Forest University,,
LAT 120,Reading Medieval Latin. (1.5-3 h),,Wake Forest University,,
LAT 153,Intermediate Latin. (3 h),,Wake Forest University,,
LAT 153L,Intermediate Latin Lab. (2 h),,Wake Forest University,,
LAT 211,Introduction to Latin Poetry. (3 h),,Wake Forest University,,
LAT 212,Introduction to Latin Prose. (3 h),,Wake Forest University,,
LAT 316,Roman Lyric Poetry. (3 h),,Wake Forest University,,
LAT 318,Roman Epic Poetry. (3 h),,Wake Forest University,,
LAT 321,Roman Historians. (3 h),,Wake Forest University,,
LAT 325,Roman Epistolography. (3 h),,Wake Forest University,,
LAT 326,Roman Comedy. (3 h),,Wake Forest University,,
LAT 331,Roman Elegy. (3 h),,Wake Forest University,,
LAT 333,Lucretius. (3 h),,Wake Forest University,,
LAT 341,Roman Satire. (3 h),,Wake Forest University,,
LAT 343,Latin Readings. (1.5-3 h),,Wake Forest University,,
LAT 350,Advanced Grammar and Composition. (3 h),,Wake Forest University,,
LAT 360,Seminar in Latin Poetry. (3 h),,Wake Forest University,,
LAT 380,Seminar in Latin Prose. (3 h),,Wake Forest University,,
LAT 391,Honors in Latin. (1.5 h),,Wake Forest University,,
LAT 392,Honors in Latin. (1.5 h),,Wake Forest University,,
LIB 100,Academic Research and Information Issues. (1.5 h),,Wake Forest University,,
LIB 130,Topics in Mis- and Disinformation. (1.5 h),,Wake Forest University,,
LIB 200,Critical Approaches to Information. (1.5 h),,Wake Forest University,,
LIB 210,Social Sciences Research Sources and Strategies. (1.5 h),,Wake Forest University,,
LIB 220,Science Research Sources and Strategies. (1.5 h),,Wake Forest University,,
LIB 225,Engineering Research Sources and Strategies. (1.5 h),,Wake Forest University,,
LIB 230,Business and Accounting Research Sources and Strategies. (1.5 h),,Wake Forest University,,
LIB 235,Research Methods for Entrepreneurs. (1.5 h),,Wake Forest University,,
LIB 250,Humanities Research Sources and Strategies. (1.5 h),,Wake Forest University,,
LIB 255,Research & Creative Practice. (1.5 h),,Wake Forest University,,
LIB 260,"History of Material Texts, 1500-2000. (1.5 h)",,Wake Forest University,,
LIB 265,Archives and Primary Sources. (1.5 h),,Wake Forest University,,
LIB 270,Health Science Information Foundations and Evolution. (1.5 h),,Wake Forest University,,
LIB 290,Topics in Information. (0.5-3 h),,Wake Forest University,,
LIB 300,Research After Wake. (1.5 h),,Wake Forest University,,
LIN 115,"Language, Culture, and Power: Linguistic Anthropology. (3 h)",,Wake Forest University,,
LIN 150,Introduction to Linguistics. (3 h),,Wake Forest University,,
LIN 260,Global Work and Life: A Chinese Linguistics Approach. (3 h),,Wake Forest University,,
LIN 309,Modern English Grammar. (3 h),,Wake Forest University,,
LIN 310,Sociolinguistics and Dialectology. (3 h),,Wake Forest University,,
LIN 320,Phonetics and Phonology. (3 h),,Wake Forest University,,
LIN 330,Introduction to Psycholinguistics and Language Acquisition. (3 h),,Wake Forest University,,
LIN 333,Language and Gender. (3 h),,Wake Forest University,,
LIN 337,TESOL Linguistics. (3 h),,Wake Forest University,,
LIN 340,Special Topics in Linguistics. (3 h),,Wake Forest University,,
LIN 350,"Language, Indigeneity and Globalization. (3 h)",,Wake Forest University,,
LIN 352,Linguistics Cross-Cultural Communication. (3 h),,Wake Forest University,,
LIN 354,Field Methods in Linguistic Anthropology. (4 h),,Wake Forest University,,
LIN 356,"Language and Social Justice: Signs, Stigma and Social Capital. (3 h)",,Wake Forest University,,
LIN 361,Teaching World Languages. (3 h),,Wake Forest University,,
LIN 375,Philosophy of Language. (3 h),,Wake Forest University,,
LIN 380,Quantitative Text Analysis. (3 h),,Wake Forest University,,
LIN 383,Language Engineering: Localization and Terminology. (3 h),,Wake Forest University,,
LIN 390,The Structure of English. (3 h),,Wake Forest University,,
LIN 398,Individual Study. (1-3 h),,Wake Forest University,,
LIN 399,Individual Study. (1-3 h),,Wake Forest University,,
MES 110,Introductory Topics in Middle East and South Asia Studies. (1-3 h),,Wake Forest University,,
MES 210,Intermediate Topics in Middle East and South Asia Studies. (1-3 h),,Wake Forest University,,
MES 260,"Mind, Brain, A.I.: How Language Works. (3 h)",,Wake Forest University,,
MES 310,Advanced Topics in Middle East and South Asia Studies. (1-3 h),,Wake Forest University,,
MES 390,Individual Study. (1-3 h),,Wake Forest University,,
MIL 100,Leadership Laboratory. (1 h),,Wake Forest University,,
MIL 101,Leadership Laboratory. (1 h),,Wake Forest University,,
MIL 102,Leadership Laboratory. (1 h),,Wake Forest University,,
MIL 103,Leadership Laboratory. (1 h),,Wake Forest University,,
MIL 104,Advanced Leadership Lab. (1 h),,Wake Forest University,,
MIL 105,Advanced Leadership Lab. (1 h),,Wake Forest University,,
MIL 106,Advanced Leadership Lab. (1 h),,Wake Forest University,,
MIL 107,Advanced Leadership Lab. (1 h),,Wake Forest University,,
MIL 114,Leadership. (1.5 h),,Wake Forest University,,
MIL 121,Introduction to the Army. (1 h),,Wake Forest University,,
MIL 122,Foundations of Leadership. (1 h),,Wake Forest University,,
MIL 123,Leadership and Ethics. (2 h),,Wake Forest University,,
MIL 124,Army Doctrine and Decision Making. (2 h),,Wake Forest University,,
MIL 225,Training Management and the Warfighting Functions. (3 h),,Wake Forest University,,
MIL 226,Applied Leadership in Small Unit Operations. (3 h),,Wake Forest University,,
MIL 227,The Army Officer. (3 h),,Wake Forest University,,
MIL 228,Company Grade Leadership. (3 h),,Wake Forest University,,
MIL 229,American Military History. (3 h),,Wake Forest University,,
MSC 100,Introduction to Western Music. (3 h),,Wake Forest University,,
MSC 101,Introduction to the Music of World Cultures. (3 h),,Wake Forest University,,
MSC 102,Introduction to Modern Popular Music. (3 h),,Wake Forest University,,
MSC 103,Introduction to Jazz. (3 h),,Wake Forest University,,
MSC 104,Music of Latin America. (3 h),,Wake Forest University,,
MSC 105,Performing Arts of Asia. (3 h),,Wake Forest University,,
MSC 106,Performing Arts of Bali. (3 h),,Wake Forest University,,
MSC 108,American Music. (3 h),,Wake Forest University,,
MSC 109,"Gender, Sexuality, and Music. (3 h)",,Wake Forest University,,
MSC 110,History of the Wind Band. (3 h),,Wake Forest University,,
MSC 111,History of Musical Theatre. (3 h),,Wake Forest University,,
MSC 112,Music and Film. (3 h),,Wake Forest University,,
MSC 113,Video Game Music. (3 h),,Wake Forest University,,
MSC 120,Special Topics in Music. (3 h),,Wake Forest University,,
MSC 121,Music History and Culture I. (3 h),,Wake Forest University,,
MSC 122,Music History and Culture II. (3 h),,Wake Forest University,,
MSC 123,Special Topics in Music History & Culture. (3 h),,Wake Forest University,,
MSC 131,Music Theory I. (4 h),,Wake Forest University,,
MSC 132,Music Theory II. (4 h),,Wake Forest University,,
MSC 133,Music Theory for Western Classical Styles. (3 h),,Wake Forest University,,
MSC 134,Music Theory for Popular and Jazz Styles. (3 h),,Wake Forest University,,
MSC 135,Advanced Aural and Keyboard Skills. (3 h),,Wake Forest University,,
MSC 139,Special Topics in Music Theory. (3 h),,Wake Forest University,,
MSC 140,Orchestra. (1 h),,Wake Forest University,,
MSC 141,Wind Ensemble. (1 h),,Wake Forest University,,
MSC 142,Jazz Ensemble. (1 h),,Wake Forest University,,
MSC 143,Athletic Band I. (1 h),,Wake Forest University,,
MSC 144,Athletic Band II. (0.5 h),,Wake Forest University,,
MSC 145,Concert Choir. (1 h),,Wake Forest University,,
MSC 146,Chamber Choir. (1 h),,Wake Forest University,,
MSC 147,Schola Cantorum. (0.5 h),,Wake Forest University,,
MSC 150,Gamelan Ensemble. (1 h),,Wake Forest University,,
MSC 151,Chinese Ensemble. (1 h),,Wake Forest University,,
MSC 152,Afro-Cuban Drumming. (1 h),,Wake Forest University,,
MSC 159,Improvisation. (1 h),,Wake Forest University,,
MSC 160,Basic Music Reading and Skills. (1.5 h),,Wake Forest University,,
MSC 161,Class Guitar I. (0.5 h),,Wake Forest University,,
MSC 162,Class Piano I. (1 h),,Wake Forest University,,
MSC 163,Class Voice I. (0.5 h),,Wake Forest University,,
MSC 165,Music Production and Recording I. (1.5 h),,Wake Forest University,,
MSC 166,Music Production and Recording II. (1.5 h),,Wake Forest University,,
MSC 167,Alexander Technique for Musical Performers. (0.5 h),,Wake Forest University,,
MSC 168,Brass and Woodwind Class. (0.5 h),,Wake Forest University,,
MSC 169,Theatrical Singing. (1 h),,Wake Forest University,,
MSC 171,Class Guitar II. (0.5 h),,Wake Forest University,,
MSC 172,Class Piano II. (1 h),,Wake Forest University,,
MSC 173,Class Voice II. (0.5 h),,Wake Forest University,,
MSC 175,Chamber Music. (1 h),,Wake Forest University,,
MSC 175A,Chamber Music Collegium Musicum Instrumental. (1 h),,Wake Forest University,,
MSC 175B,Chamber Music-String. (1 h),,Wake Forest University,,
MSC 175C,Chamber Music-Woodwind. (1 h),,Wake Forest University,,
MSC 175D,Chamber Music- Brass. (1 h),,Wake Forest University,,
MSC 175E,Chamber Music-Percussion. (1 h),,Wake Forest University,,
MSC 175F,Chamber Music-Keyboard. (1 h),,Wake Forest University,,
MSC 175G,Chamber Music-Guitar. (1 h),,Wake Forest University,,
MSC 175H,Chamber Music-Mixed. (1 h),,Wake Forest University,,
MSC 177,Music Theatre Practicum. (1 h),,Wake Forest University,,
MSC 181,Individual Instruction. (0.5 h),,Wake Forest University,,
MSC 182,Individual Instruction. (1 h),,Wake Forest University,,
MSC 183,Advanced Voice Class. (1 h),,Wake Forest University,,
MSC 185,Opera Workshop. (1 h),,Wake Forest University,,
MSC 186,Conducting. (3 h),,Wake Forest University,,
MSC 200,Music Events. (0 h),,Wake Forest University,,
MSC 240,Music of Italy. (3 h),,Wake Forest University,,
MSC 241,Music in Vienna. (3 h),,Wake Forest University,,
MSC 282,Individual Instruction for the Performance Concentration. (1 h),,Wake Forest University,,
MSC 298,Independent Study. (1-3 h),,Wake Forest University,,
MSC 300,Advanced Study in Music. (2-3 h),,Wake Forest University,,
MSC 382,Senior Recital. (2 h),,Wake Forest University,,
MSC 383,Senior Honors Recital. (3 h),,Wake Forest University,,
MSC 397,Senior Project. (2 h),,Wake Forest University,,
MSC 398,Senior Honors Project. (3 h),,Wake Forest University,,
MTH 104,Fundamentals of Algebra and Trigonometry. (2 h),,Wake Forest University,,
MTH 105,Fundamentals of Algebra and Trigonometry. (1-3 h),,Wake Forest University,,
MTH 105L,Precalculus Assessment Lab. (1 h),,Wake Forest University,,
MTH 106,Calculus Foundations. (3 h),,Wake Forest University,,
MTH 107,Explorations in Mathematics. (4 h),,Wake Forest University,,
MTH 111,Calculus with Analytic Geometry I. (4 h),,Wake Forest University,,
MTH 112,Calculus with Analytic Geometry II. (4 h),,Wake Forest University,,
MTH 113,Multivariable Calculus. (4 h),,Wake Forest University,,
MTH 117,Discrete Mathematics. (4 h),,Wake Forest University,,
MTH 121,Linear Algebra I. (3 h),,Wake Forest University,,
MTH 165,Problem-Solving Seminar. (1 h),,Wake Forest University,,
MTH 172,Mathematics and Social Justice. (1.5 h),,Wake Forest University,,
MTH 191,Research Exploration in Mathematics. (1-2 h),,Wake Forest University,,
MTH 205,Introduction to Linear Algebra and Differential Equations. (4 h),,Wake Forest University,,
MTH 214,Multivariable Analysis. (3 h),,Wake Forest University,,
MTH 215,Axiomatic Systems. (3 h),,Wake Forest University,,
MTH 225,Linear Algebra II. (3 h),,Wake Forest University,,
MTH 243,Codes and Cryptography. (3 h),,Wake Forest University,,
MTH 251,Ordinary Differential Equations. (3 h),,Wake Forest University,,
MTH 253,Operations Research. (3 h),,Wake Forest University,,
MTH 254,Optimization Theory. (3 h),,Wake Forest University,,
MTH 283,Topics in Mathematics. (1-3 h),,Wake Forest University,,
MTH 311,Introductory Real Analysis I. (3 h),,Wake Forest University,,
MTH 312,Introductory Real Analysis II. (3 h),,Wake Forest University,,
MTH 317,Complex Analysis I. (3 h),,Wake Forest University,,
MTH 321,Modern Algebra I. (3 h),,Wake Forest University,,
MTH 322,Modern Algebra II. (3 h),,Wake Forest University,,
MTH 324,Advanced Linear Algebra. (3 h),,Wake Forest University,,
MTH 326,Numerical Linear Algebra. (3 h),,Wake Forest University,,
MTH 331,Geometry. (3 h),,Wake Forest University,,
MTH 333,Introductory Topology. (3 h),,Wake Forest University,,
MTH 334,Differential Geometry. (3 h),,Wake Forest University,,
MTH 345,Elementary Number Theory. (3 h),,Wake Forest University,,
MTH 346,Modern Number Theory. (3 h),,Wake Forest University,,
MTH 347,Graph Theory. (3 h),,Wake Forest University,,
MTH 348,Combinatorial Analysis I. (3 h),,Wake Forest University,,
MTH 349,Combinatorial Analysis II. (3 h),,Wake Forest University,,
MTH 351,Introduction to Mathematical Modeling. (3 h),,Wake Forest University,,
MTH 352,Partial Differential Equations. (3 h),,Wake Forest University,,
MTH 353,Probability Models. (3 h),,Wake Forest University,,
MTH 354,Discrete Dynamical Systems. (3 h),,Wake Forest University,,
MTH 355,Introduction to Numerical Methods. (3 h),,Wake Forest University,,
MTH 357,Probability. (3 h),,Wake Forest University,,
MTH 359,Networks: Models and Analysis. (3 h),,Wake Forest University,,
MTH 372,"Math, Statistics, and Society. (1-3 h)",,Wake Forest University,,
MTH 381,Individual Study. (1-3 h),,Wake Forest University,,
MTH 383,Advanced Topics in Mathematics. (1-3 h),,Wake Forest University,,
MTH 391,Senior Seminar Preparation. (1 h),,Wake Forest University,,
MTH 392,Senior Seminar Presentation. (1 h),,Wake Forest University,,
NEU 200,Introduction to Neuroscience. (3 h),,Wake Forest University,,
NEU 220,Survey of Neuroscience and the Humanities. (3 h),,Wake Forest University,,
NEU 221,Neuroscience and Art. (3 h),,Wake Forest University,,
NEU 222,Neuroscience and Movement. (3 h),,Wake Forest University,,
NEU 223,Neuroscience and Music. (3 h),,Wake Forest University,,
NEU 224,Neuroscience and History. (3 h),,Wake Forest University,,
NEU 225,Neuroscience and Literature. (3 h),,Wake Forest University,,
NEU 226,Neuroscience and Economics. (3 h),,Wake Forest University,,
NEU 227,Neuroscience and Ethics. (3 h),,Wake Forest University,,
NEU 354,Neuroscience Methods. (3 h),,Wake Forest University,,
NEU 354L,Neuroscience Methods Lab. (1 h),,Wake Forest University,,
NEU 389,Neuroscience Seminars. (3 h),,Wake Forest University,,
NEU 391,Research in Neuroscience. (2 h),,Wake Forest University,,
NEU 392,Research in Neuroscience. (2 h),,Wake Forest University,,
NEU 393,Research in Neuroscience. (2 h),,Wake Forest University,,
NEU 394,Research in Neuroscience. (2 h),,Wake Forest University,,
NLL 111,Elementary Hebrew. (3 h),,Wake Forest University,,
NLL 112,Elementary Hebrew. (3 h),,Wake Forest University,,
NLL 153,Intermediate Hebrew. (3 h),,Wake Forest University,,
NLL 211,Hebrew Literature. (3 h),,Wake Forest University,,
NLL 212,Hebrew Literature II. (3 h),,Wake Forest University,,
NLL 213,Studies in Modern Hebrew. (3 h),,Wake Forest University,,
NLL 301,Introduction to Semitic Languages. (3 h),,Wake Forest University,,
NLL 302,Akkadian I. (3 h),,Wake Forest University,,
NLL 303,Akkadian II. (3 h),,Wake Forest University,,
NLL 310,Intermediate Readings in Classical Hebrew. (1 h),,Wake Forest University,,
NLL 311,Aramaic. (3 h),,Wake Forest University,,
NLL 314,Readings from the Rabbis. (3 h),,Wake Forest University,,
NLL 321,Introduction to Middle Egyptian I. (3 h),,Wake Forest University,,
NLL 322,Introduction to Middle Egyptian II. (3 h),,Wake Forest University,,
PHI 111,Problems of Philosophy. (3 h),,Wake Forest University,,
PHI 112,Introduction to Philosophical Ideas. (3 h),,Wake Forest University,,
PHI 113,Knowledge and Reality. (3 h),,Wake Forest University,,
PHI 114,Philosophy of Human Nature. (3 h),,Wake Forest University,,
PHI 115,Introduction to Philosophy of Religion. (3 h),,Wake Forest University,,
PHI 116,Meaning and Happiness. (3 h),,Wake Forest University,,
PHI 160,Introduction to Political Philosophy. (3 h),,Wake Forest University,,
PHI 161,Introduction to Bioethics. (3 h),,Wake Forest University,,
PHI 163,Introduction to Environmental Ethics. (3 h),,Wake Forest University,,
PHI 164,Contemporary Moral Problems. (3 h),,Wake Forest University,,
PHI 165,Introduction to Philosophy of Law. (3 h),,Wake Forest University,,
PHI 220,Logic. (3 h),,Wake Forest University,,
PHI 221,Symbolic Logic. (3 h),,Wake Forest University,,
PHI 232,Ancient Greek Philosophy. (3 h),,Wake Forest University,,
PHI 235,Main Streams of Chinese Philosophy. (3 h),,Wake Forest University,,
PHI 237,Medieval Philosophy. (3 h),,Wake Forest University,,
PHI 239,Latin American & Latinx Philosophy. (3 h),,Wake Forest University,,
PHI 241,Modern Philosophy. (3 h),,Wake Forest University,,
PHI 260,Truth and Authenticity Lab. (3 h),,Wake Forest University,,
PHI 280,Topics in Philosophy. (1-3 h),,Wake Forest University,,
PHI 331,Plato. (3 h),,Wake Forest University,,
PHI 332,Aristotle. (3 h),,Wake Forest University,,
PHI 333,Hellenistic Philosophy. (3 h),,Wake Forest University,,
PHI 337,Thomas Aquinas. (3 h),,Wake Forest University,,
PHI 341,Kant: Theoretical Philosophy. (3 h),,Wake Forest University,,
PHI 342,Topics in Modern Philosophy. (3 h),,Wake Forest University,,
PHI 343,Kant: Practical Philosophy. (3 h),,Wake Forest University,,
PHI 352,19th-Century European Philosophy. (3 h),,Wake Forest University,,
PHI 353,Heidegger. (3 h),,Wake Forest University,,
PHI 354,Wittgenstein. (3 h),,Wake Forest University,,
PHI 355,Contemporary Philosophy. (3 h),,Wake Forest University,,
PHI 356,20th-Century European Philosophy. (3 h),,Wake Forest University,,
PHI 359,Environmental Ethics. (3 h),,Wake Forest University,,
PHI 360,Ethics. (3 h),,Wake Forest University,,
PHI 361,Topics in Ethics. (3 h),,Wake Forest University,,
PHI 362,Social and Political Philosophy. (3 h),,Wake Forest University,,
PHI 363,Philosophy of Law. (3 h),,Wake Forest University,,
PHI 364,"Freedom, Action, and Responsibility. (3 h)",,Wake Forest University,,
PHI 365,Philosophy of Love and Friendship. (3 h),,Wake Forest University,,
PHI 366,Global Justice. (3 h),,Wake Forest University,,
PHI 367,Philosophical Theories in Bioethics. (3 h),,Wake Forest University,,
PHI 368,Concepts of Health & Disease. (3 h),,Wake Forest University,,
PHI 369,Philosophy and Psychology. (3 h),,Wake Forest University,,
PHI 370,Philosophy and Christianity. (3 h),,Wake Forest University,,
PHI 371,Aesthetics and the Philosophy of Art. (3 h),,Wake Forest University,,
PHI 372,Philosophy of Religion. (3 h),,Wake Forest University,,
PHI 373,Philosophy of Science. (3 h),,Wake Forest University,,
PHI 374,Philosophy of Mind. (3 h),,Wake Forest University,,
PHI 375,Philosophy of Language. (3 h),,Wake Forest University,,
PHI 376,Epistemology. (3 h),,Wake Forest University,,
PHI 377,Metaphysics. (3 h),,Wake Forest University,,
PHI 378,Philosophy of Space and Time. (3 h),,Wake Forest University,,
PHI 379,Feminist Philosophy. (3 h),,Wake Forest University,,
PHI 380,Philosophy of Emotion. (3 h),,Wake Forest University,,
PHI 382,Seminar in Public Philosophy. (3 h),,Wake Forest University,,
PHI 385,Seminar. (3 h),,Wake Forest University,,
PHI 391,Honors I. (1.5 h),,Wake Forest University,,
PHI 392,Honors II. (1.5 h),,Wake Forest University,,
PHI 395,Independent Study. (1-3 h),,Wake Forest University,,
PHY 105,Descriptive Astronomy. (4 h),,Wake Forest University,,
PHY 109,Astronomy. (4 h),,Wake Forest University,,
PHY 109L,Astronomy Lab. (0 h),,Wake Forest University,,
PHY 110,Introductory Physics. (4 h),,Wake Forest University,,
PHY 110L,Introductory Physics Lab. (0 h),,Wake Forest University,,
PHY 111,Mechanics Waves and Heat. (4 h),,Wake Forest University,,
PHY 113,General Physics I. (4 h),,Wake Forest University,,
PHY 113L,General Physics Lab. (0 h),,Wake Forest University,,
PHY 114,General Physics II. (4 h),,Wake Forest University,,
PHY 114L,General Physics II Lab. (0 h),,Wake Forest University,,
PHY 115,The Physics of Music. (4 h),,Wake Forest University,,
PHY 120,Physics and Chemistry of Environment. (4 h),,Wake Forest University,,
PHY 120L,Physics and Chemistry of the Environment Lab. (0 h),,Wake Forest University,,
PHY 123,General Physics I - Studio Format. (4 h),,Wake Forest University,,
PHY 123L,General Physics I - Studio Format Lab. (0 h),,Wake Forest University,,
PHY 123S,Physics I Studio. (1 h),,Wake Forest University,,
PHY 124,General Physics II - Studio Format. (4 h),,Wake Forest University,,
PHY 124L,General Physics II - Studio Format Lab. (0 h),,Wake Forest University,,
PHY 124S,Physics II Studio. (1 h),,Wake Forest University,,
PHY 131,Fintech Through Physics. (4 h),,Wake Forest University,,
PHY 215,Elementary Modern Physics. (3 h),,Wake Forest University,,
PHY 230,Electronics. (3 h),,Wake Forest University,,
PHY 262,Mechanics. (3 h),,Wake Forest University,,
PHY 265,Intermediate Laboratory I. (1 h),,Wake Forest University,,
PHY 266,Intermediate Laboratory II. (1 h),,Wake Forest University,,
PHY 301,Physics Seminar. (0.5 h),,Wake Forest University,,
PHY 303,Physics Internship. (0 h),,Wake Forest University,,
PHY 307,Biophysics. (3 h),,Wake Forest University,,
PHY 310,Extragalactic Astronomy and Cosmology. (3 h),,Wake Forest University,,
PHY 320,Physics of Biological Macromolecules. (3 h),,Wake Forest University,,
PHY 325,Biophysical Methods Laboratory. (1.5 h),,Wake Forest University,,
PHY 335,Computational Physics. (3 h),,Wake Forest University,,
PHY 337,Analytical Mechanics. (1.5 h),,Wake Forest University,,
PHY 339,Electricity and Magnetism. (1.5 h),,Wake Forest University,,
PHY 340,Electricity and Magnetism. (3 h),,Wake Forest University,,
PHY 341,Thermodynamics and Statistical Mechanics. (3 h),,Wake Forest University,,
PHY 343,Quantum Physics. (3 h),,Wake Forest University,,
PHY 344,Quantum Physics. (3 h),,Wake Forest University,,
PHY 345,Introduction to Quantum Computing. (3 h),,Wake Forest University,,
PHY 347,Intellectual Property in Science and Engineering. (1 h),,Wake Forest University,,
PHY 352,Physical Optics and Optical Design. (4 h),,Wake Forest University,,
PHY 352L,Physical Optics Lab. (0 h),,Wake Forest University,,
PHY 354,Introduction to Solid State Physics. (3 h),,Wake Forest University,,
PHY 355,Exotic Materials. (1.5 h),,Wake Forest University,,
PHY 356,Electron-Imaging Sciences. (1.5 h),,Wake Forest University,,
PHY 357,Scanning Probes. (1.5 h),,Wake Forest University,,
PHY 358,Kinetics of Materials. (1.5 h),,Wake Forest University,,
PHY 361,Biophysics Seminar. (1 h),,Wake Forest University,,
PHY 363,Condensed Matter Seminar. (1 h),,Wake Forest University,,
PHY 381,Research Internship. (1.5-3 h),,Wake Forest University,,
PHY 385,Bioinformatics. (3 h),,Wake Forest University,,
PHY 391,Special Topics in Physics. (1-4 h),,Wake Forest University,,
PHY 392,Special Topics in Physics. (1-4 h),,Wake Forest University,,
POL 113,American Government and Politics. (3 h),,Wake Forest University,,
POL 114,Comparative Government and Politics. (3 h),,Wake Forest University,,
POL 115,Political Theory. (3 h),,Wake Forest University,,
POL 116,International Politics. (3 h),,Wake Forest University,,
POL 201,America's First Ladies. (3 h),,Wake Forest University,,
POL 202,Political Structures of Present-day Spain. (3 h),,Wake Forest University,,
POL 203,"Girls’ Stories: Race, Politics, Pedagogy. (3 h)",,Wake Forest University,,
POL 205,Politics of Consumer Finance. (3 h),,Wake Forest University,,
POL 206,Public Opinion and Pro Humanitate. (3 h),,Wake Forest University,,
POL 208,Race in America. (3 h),,Wake Forest University,,
POL 209,US Environmental Policy and Politics. (3 h),,Wake Forest University,,
POL 210,Topics In United States Politics and Policy. (1-3 h),,Wake Forest University,,
POL 211,"Political Parties, Voters, and Elections. (3 h)",,Wake Forest University,,
POL 212,U.S. Policymaking in the Twenty-first Century. (3 h),,Wake Forest University,,
POL 213,Economic Inequality and American Politics. (3 h),,Wake Forest University,,
POL 214,Latina/o/x Politics. (3 h),,Wake Forest University,,
POL 215,Citizen and Community. (3 h),,Wake Forest University,,
POL 216,Black Women in US Politics and Media. (3 h),,Wake Forest University,,
POL 217,Politics and the Mass Media. (3 h),,Wake Forest University,,
POL 218,Congress and Policymaking. (3 h),,Wake Forest University,,
POL 219,Political Participation. (3 h),,Wake Forest University,,
POL 220,The American Presidency. (3 h),,Wake Forest University,,
POL 221,State Politics. (3 h),,Wake Forest University,,
POL 222,Urban Politics. (3 h),,Wake Forest University,,
POL 223,African American Politics. (3 h),,Wake Forest University,,
POL 225,American Constitutional Law: Separation of Powers and the Federal System. (3 h),,Wake Forest University,,
POL 226,American Constitutional Law: Civil Rights and Liberties. (3 h),,Wake Forest University,,
POL 227,"Politics, Law, and Courts. (3 h)",,Wake Forest University,,
POL 228,Politics of Public Education. (3 h),,Wake Forest University,,
POL 230,Political and Economic Development of Western Europe. (3 h),,Wake Forest University,,
POL 231,Western European Politics. (3 h),,Wake Forest University,,
POL 232,Politics in Russia and Eurasia. (3 h),,Wake Forest University,,
POL 233,The Politics of Modern Germany. (3 h),,Wake Forest University,,
POL 234,United Kingdom Politics in a Global Age. (3 h),,Wake Forest University,,
POL 235,European Integration. (3 h),,Wake Forest University,,
POL 236,Government and Politics in Latin America. (3 h),,Wake Forest University,,
POL 237,The Comparative Politics of Welfare States. (3 h),,Wake Forest University,,
POL 238,Comparative Economic and Political Development. (3 h),,Wake Forest University,,
POL 239,"State, Economy, and International Competitiveness. (3 h)",,Wake Forest University,,
POL 240,Politics of Human Rights. (3 h),,Wake Forest University,,
POL 241,Contemporary India. (3 h),,Wake Forest University,,
POL 242,Topics in Comparative Politics. (1-3 h),,Wake Forest University,,
POL 243,Corruption. (3 h),,Wake Forest University,,
POL 244,Contemporary Southeast Asia. (3 h),,Wake Forest University,,
POL 245,Ethnonationalism. (3 h),,Wake Forest University,,
POL 246,Politics and Policies in South Asia. (3 h),,Wake Forest University,,
POL 247,Identity and Inclusion in the Global South. (3 h),,Wake Forest University,,
POL 248,Chinese Politics. (3 h),,Wake Forest University,,
POL 249,Humanitarian Action in a Political World. (3 h),,Wake Forest University,,
POL 250,The American Wars in Afghanistan and Iraq. (3 h),,Wake Forest University,,
POL 251,Politics of Forced Migration. (3 h),,Wake Forest University,,
POL 252,Topics in International Politics. (1-3 h),,Wake Forest University,,
POL 253,International Political Economy. (3 h),,Wake Forest University,,
POL 254,U.S. Foreign Policy. (3 h),,Wake Forest University,,
POL 255,Terrorism and Political Violence. (3 h),,Wake Forest University,,
POL 256,International Security. (3 h),,Wake Forest University,,
POL 257,Politics of International Development. (3 h),,Wake Forest University,,
POL 258,International Relations of South Asia. (3 h),,Wake Forest University,,
POL 259,Palestine and the Arab-Israeli Conflict. (3 h),,Wake Forest University,,
POL 260,United States and East Asia. (3 h),,Wake Forest University,,
POL 261,International Law. (3 h),,Wake Forest University,,
POL 262,International Organizations. (3 h),,Wake Forest University,,
POL 263,U.S. Foreign Policy in the Middle East. (3 h),,Wake Forest University,,
POL 264,Moral Dilemmas in International Politics. (3 h),,Wake Forest University,,
POL 265,Postcolonial International Relations. (3 h),,Wake Forest University,,
POL 266,Modern Civil Wars. (3 h),,Wake Forest University,,
POL 267,Intelligence and International Politics. (3 h),,Wake Forest University,,
POL 268,International Conflict Resolution. (3 h),,Wake Forest University,,
POL 269,Topics in Political Theory. (1-3 h),,Wake Forest University,,
POL 270,Ethics and Agency. (3 h),,Wake Forest University,,
POL 271,Classical Political Thought. (3 h),,Wake Forest University,,
POL 272,Democratic Theory. (3 h),,Wake Forest University,,
POL 273,"Marx, Marxism and Post-Marxism. (3 h)",,Wake Forest University,,
POL 274,Arab and Islamic Political Thought. (3 h),,Wake Forest University,,
POL 275,American Political Thought. (3 h),,Wake Forest University,,
POL 276,Modern Political Thought. (3 h),,Wake Forest University,,
POL 277,Feminist Political Thought. (3 h),,Wake Forest University,,
POL 279,"Technology, Violence, and Ethics. (3 h)",,Wake Forest University,,
POL 280,Research Methods. (3 h),,Wake Forest University,,
POL 281,Environmental Political Thought. (3 h),,Wake Forest University,,
POL 282,Gandhi. (3 h),,Wake Forest University,,
POL 284,Experimental Research in Social Science. (3 h),,Wake Forest University,,
POL 285,Data Visualization for Government and Consulting. (3 h),,Wake Forest University,,
POL 286,Topics in Political Science. (1-3 h),,Wake Forest University,,
POL 291,Democratic Institutional Design. (3 h),,Wake Forest University,,
POL 292,Statemaking in the Global South. (3 h),,Wake Forest University,,
POL 293,European Security. (3 h),,Wake Forest University,,
POL 383,Advanced Quantitative Methods for Social Research. (3 h),,Wake Forest University,,
POL 387,Individual Study. (2-3 h),,Wake Forest University,,
POL 388,Directed Reading. (2-3 h),,Wake Forest University,,
POL 389,Internship in Politics. (2-3 h),,Wake Forest University,,
POL 399,Senior Seminar in Political Science. (4 h),,Wake Forest University,,
PSY 100,Learning to Learn. (3 h),,Wake Forest University,,
PSY 151,Introductory Psychology. (3 h),,Wake Forest University,,
PSY 210,Methods in Psychological Research for the Minor. (3 h),,Wake Forest University,,
PSY 211,Research Methods I. (4 h),,Wake Forest University,,
PSY 211L,Research Methods I Lab. (0 h),,Wake Forest University,,
PSY 212,Research Methods II. (4 h),,Wake Forest University,,
PSY 212L,Research Methods II Lab. (0 h),,Wake Forest University,,
PSY 220,Biopsychology. (3 h),,Wake Forest University,,
PSY 221,Cognitive Psychology. (3 h),,Wake Forest University,,
PSY 222,Psychopharmacology. (3 h),,Wake Forest University,,
PSY 223,Social Affective Neuroscience. (3 h),,Wake Forest University,,
PSY 237,Topics in Brain and Cognitive Sciences. (3 h),,Wake Forest University,,
PSY 239,Brief Topics in Brain and Cognitive Sciences. (1.5 h),,Wake Forest University,,
PSY 240,Personality. (3 h),,Wake Forest University,,
PSY 241,Developmental Psychology. (3 h),,Wake Forest University,,
PSY 242,Social Psychology. (3 h),,Wake Forest University,,
PSY 244,"Stereotypes, Prejudice, & Discrimination. (3 h)",,Wake Forest University,,
PSY 246,Culture and Psychology. (3 h),,Wake Forest University,,
PSY 247,Parenting and Parent-Child Relationships. (3 h),,Wake Forest University,,
PSY 257,Topics in the Individual in Context. (3 h),,Wake Forest University,,
PSY 259,Brief Topics in the Individual in Context. (1.5 h),,Wake Forest University,,
PSY 261,Organizational Psychology. (3 h),,Wake Forest University,,
PSY 262,Science of Well-Being. (3 h),,Wake Forest University,,
PSY 263,Stress and Coping. (3 h),,Wake Forest University,,
PSY 264,Abnormal Psychology. (3 h),,Wake Forest University,,
PSY 265,Human Sexuality. (3 h),,Wake Forest University,,
PSY 277,Topics in Applied Psychology and Mental Health. (3 h),,Wake Forest University,,
PSY 279,Brief Topics in Applied Psychology and Mental Health. (1.5 h),,Wake Forest University,,
PSY 321,Seminar in Cognitive Psychology. (3 h),,Wake Forest University,,
PSY 324,Seminar in Developmental Psychology. (3 h),,Wake Forest University,,
PSY 325,Seminar in Perception. (3 h),,Wake Forest University,,
PSY 327,Seminar in Physiological Psychology. (3 h),,Wake Forest University,,
PSY 328,Seminar in Race and Ethnicity. (3 h),,Wake Forest University,,
PSY 330,Seminar in Gender and Sexuality. (3 h),,Wake Forest University,,
PSY 332,Seminar in History and Systems of Psychology. (3 h),,Wake Forest University,,
PSY 334,Seminar in Animal Behavior. (3 h),,Wake Forest University,,
PSY 336,Seminar in Honors. (3 h),,Wake Forest University,,
PSY 339,Seminar in Psychology. (3 h),,Wake Forest University,,
PSY 341,Research in Developmental Psychology. (3 h),,Wake Forest University,,
PSY 342,Research in Emotion. (3 h),,Wake Forest University,,
PSY 343,Research in Personality. (3 h),,Wake Forest University,,
PSY 347,Research in Social Psychology. (3 h),,Wake Forest University,,
PSY 349,Research in Psychological Assessment. (3 h),,Wake Forest University,,
PSY 350,Research in Judgment and Decision Making. (3 h),,Wake Forest University,,
PSY 352,Research in Learning Theory. (3 h),,Wake Forest University,,
PSY 356,Research in Honors: Multivariate Statistics. (3 h),,Wake Forest University,,
PSY 358,Research in Psychology. (3 h),,Wake Forest University,,
PSY 380,Directed Study. (1-3 h),,Wake Forest University,,
PSY 385,Internship in Psychology. (1-3 h),,Wake Forest University,,
PSY 386,Directed Honors Thesis Research. (3 h),,Wake Forest University,,
PSY 389,Experiences in Psychology. (1-3 h),,Wake Forest University,,
PSY 392,Contemporary Issues in Psychology. (1.5 h),,Wake Forest University,,
REE 200,Introduction to Russian and East European Studies. (3 h),,Wake Forest University,,
REL 101,Introduction to Religion. (3 h),,Wake Forest University,,
REL 102,Introduction to the Bible. (3 h),,Wake Forest University,,
REL 103A,Introduction to Christian Traditions. (3 h),,Wake Forest University,,
REL 103B,Introduction to Latin American Christian Traditions. (3 h),,Wake Forest University,,
REL 104A,Introduction to Asian Religions. (3 h),,Wake Forest University,,
REL 104B,Introduction to South Asian Religions. (3 h),,Wake Forest University,,
REL 104C,Introduction to East Asian Religions. (3 h),,Wake Forest University,,
REL 105,"Monotheisms: Judaism, Christianity, and Islam. (3 h)",,Wake Forest University,,
REL 106,The Bible in America. (3 h),,Wake Forest University,,
REL 107,Introduction to African Religions. (3 h),,Wake Forest University,,
REL 108,Introduction to Hindu Traditions. (3 h),,Wake Forest University,,
REL 109,Introduction to Buddhist Traditions. (3 h),,Wake Forest University,,
REL 110,Introduction to Islamic Traditions. (3 h),,Wake Forest University,,
REL 111,American Indian and First People's Traditions. (3 h),,Wake Forest University,,
REL 113,Introduction to Jewish Traditions. (3 h),,Wake Forest University,,
REL 200,Approaches to the Study of Religion. (3 h),,Wake Forest University,,
REL 210,Jerusalem in History and Tradition. (3 h),,Wake Forest University,,
REL 214,Excavating the Sacred. (3 h),,Wake Forest University,,
REL 230,Religion and the U.S. Constitution. (3 h),,Wake Forest University,,
REL 231,"Against God: Atheism, Secular Humanism, & the Problem of Belief. (3 h)",,Wake Forest University,,
REL 232,Trauma Tourism and Religion. (3 h),,Wake Forest University,,
REL 233,Religious Ethics and Moral Problems. (3 h),,Wake Forest University,,
REL 242,"Sex, Death and Salvation. (3 h)",,Wake Forest University,,
REL 244,"Religion, Terrorism, and Violence. (3 h)",,Wake Forest University,,
REL 246,Religion and Race. (3 h),,Wake Forest University,,
REL 261,Foundations of Traditional Judaism. (1.5 h),,Wake Forest University,,
REL 263,The Religions of Japan. (3 h),,Wake Forest University,,
REL 264,Jesus and Buddha. (3 h),,Wake Forest University,,
REL 265,Culture and Religion in Contemporary Native America. (3 h),,Wake Forest University,,
REL 266,Religious Sects and Cults. (3 h),,Wake Forest University,,
REL 267,Religion and Popular Culture. (3 h),,Wake Forest University,,
REL 280,"God, Gods, and the Ultimate. (3 h)",,Wake Forest University,,
REL 282,Religion and Culture in China. (3 h),,Wake Forest University,,
REL 286,Directed Reading. (1-3 h),,Wake Forest University,,
REL 287,Directed Reading. (1-3 h),,Wake Forest University,,
REL 288,Field Program in Religion and Public Engagement. (1-3 h),,Wake Forest University,,
REL 289,Mentored Research in Religion and Public Engagement. (3 h),,Wake Forest University,,
REL 290,Special Topics in Religion. (1.5-3 h),,Wake Forest University,,
REL 291,Crossing Divides: Dialogues Across Faith and Culture. (1.5-3 h),,Wake Forest University,,
REL 292,Crossing Divides: Crossing Back: Peacemaking. (1.5-3 h),,Wake Forest University,,
REL 305,Ethnography of Religion. (3 h),,Wake Forest University,,
REL 306,Ritual Studies. (3 h),,Wake Forest University,,
REL 307,"Magic, Science and Religion. (3 h)",,Wake Forest University,,
REL 308,Sacred Scripture in the Traditions of Abraham. (3 h),,Wake Forest University,,
REL 310,The Prophetic Literature. (3 h),,Wake Forest University,,
REL 312,The Critical Study of the Pentateuch. (3 h),,Wake Forest University,,
REL 313,Near Eastern Archeology. (3 h),,Wake Forest University,,
REL 315,Field Research in Biblical Archeology. (3 h),,Wake Forest University,,
REL 316,Field Research in Biblical Archeology. (3 h),,Wake Forest University,,
REL 317,Wisdom Literature. (3 h),,Wake Forest University,,
REL 318,Feminist and Contemporary Interpretations of the Bible. (3 h),,Wake Forest University,,
REL 319,What Would Jesus Do? The New Testament and Christian Ethics. (3 h),,Wake Forest University,,
REL 323,Jesus Traditions. (3 h),,Wake Forest University,,
REL 324,Early Christian Literature. (3 h),,Wake Forest University,,
REL 328,Jewish-Christian Relations and the New Testament. (3 h),,Wake Forest University,,
REL 329,"Asian Medicine, Health, and Healing Traditions. (3 h)",,Wake Forest University,,
REL 330,"Pope, Jefferson and Imam: A Study in Comparative Ethics. (3 h)",,Wake Forest University,,
REL 331,Religion and Law. (3 h),,Wake Forest University,,
REL 332,Religion and Public Engagement. (3 h),,Wake Forest University,,
REL 335,Religious Ethics and the Problem of War. (3 h),,Wake Forest University,,
REL 336,Religious Traditions and Human Rights. (3 h),,Wake Forest University,,
REL 338,"Religion, Ethics, and Politics. (3 h)",,Wake Forest University,,
REL 339,"Religion, Power, and Society in Modern Africa. (3 h)",,Wake Forest University,,
REL 340,Holy Chow! Food and Religion. (3 h),,Wake Forest University,,
REL 341,Religion and Ecology. (3 h),,Wake Forest University,,
REL 342,Religious Intolerance in the U.S.. (3 h),,Wake Forest University,,
REL 343,"Religion, Culture, and the Body. (3 h)",,Wake Forest University,,
REL 345,Religion and the Making of Black America. (3 h),,Wake Forest University,,
REL 346,Religious Utopias and the American Experience. (3 h),,Wake Forest University,,
REL 347,"Religion, Politics, and Sexuality in North America. (3 h)",,Wake Forest University,,
REL 348,"Race, Memory, and Identity. (3 h)",,Wake Forest University,,
REL 349,Asian Meditation Practices. (3 h),,Wake Forest University,,
REL 350,"Religion in Manga, Anime, and Popular Media. (3 h)",,Wake Forest University,,
REL 351,Sociology of Religion. (3 h),,Wake Forest University,,
REL 354,Meditation and Mindfulness Practices. (3 h),,Wake Forest University,,
REL 355,"Jewish Identities: Religion, Race, and Rights. (3 h)",,Wake Forest University,,
REL 356,Faces of Modern Judaism. (3 h),,Wake Forest University,,
REL 357,Jews in the United States. (3 h),,Wake Forest University,,
REL 359,Hinduism in America. (3 h),,Wake Forest University,,
REL 360,"Hindus, Muslims, & Sikhs in North America. (3 h)",,Wake Forest University,,
REL 361,Topics in Buddhism. (3 h),,Wake Forest University,,
REL 362,Topics in Islam. (3 h),,Wake Forest University,,
REL 364,Topics in U.S. Religious History. (1.5-3 h),,Wake Forest University,,
REL 365,History of Religions in America. (3 h),,Wake Forest University,,
REL 367,Christian Mysticism. (3 h),,Wake Forest University,,
REL 368,Protestant and Catholic Reformations. (3 h),,Wake Forest University,,
REL 369,Radical Christian Movements. (3 h),,Wake Forest University,,
REL 372,History of Christian Thought. (3 h),,Wake Forest University,,
REL 373,Special Topics in African-American Religious Traditions. (3 h),,Wake Forest University,,
REL 374,Black Messiahs and Uncle Toms. (3 h),,Wake Forest University,,
REL 375,"Race, Myth, and the American Imagination. (3 h)",,Wake Forest University,,
REL 376,"Race, Religion, and Film. (3 h)",,Wake Forest University,,
REL 378,Latin American Liberation Theologies. (3 h),,Wake Forest University,,
REL 379,Muslim Youth. (3 h),,Wake Forest University,,
REL 380,Islamic Bioethics. (3 h),,Wake Forest University,,
REL 381,Zen Buddhism. (3 h),,Wake Forest University,,
REL 383,The Quran and the Prophet. (3 h),,Wake Forest University,,
REL 384,Islam and Law: Varieties in Interpretation and Expression. (3 h),,Wake Forest University,,
REL 385,Topics in South Asian Religions. (3 h),,Wake Forest University,,
REL 386,"The Mahābhārata: Heroes, Demons, Women, and War. (3 h)",,Wake Forest University,,
REL 387,"Priests, Warriors and Ascetics in Ancient India. (3 h)",,Wake Forest University,,
REL 388,"South Asian Women: Religion, Culture and Politics. (3 h)",,Wake Forest University,,
REL 389,Islam in the West: Changes and Challenges. (3 h),,Wake Forest University,,
REL 390,Special Topics in Religion. (1.5-3 h),,Wake Forest University,,
REL 391,Topics in East Asian Religions. (3 h),,Wake Forest University,,
REL 392,Topics in First Peoples' Traditions. (3 h),,Wake Forest University,,
REL 393,Topics in Religions of Africa. (3 h),,Wake Forest University,,
REL 395,Exploring Interfaith Practice and Leadership. (3 h),,Wake Forest University,,
REL 396,Interreligious Encounters & Engagements. (3 h),,Wake Forest University,,
REL 398,Honors in Religion. (3 h),,Wake Forest University,,
REL 399,What’s Next? Religious Studies Beyond WFU. (1.5 h),,Wake Forest University,,
RUS 111,Elementary Russian I. (4 h),,Wake Forest University,,
RUS 112,Elementary Russian II. (4 h),,Wake Forest University,,
RUS 153,Intermediate Russian. (4 h),,Wake Forest University,,
RUS 153L,Intermediate Russian lab. (0 h),,Wake Forest University,,
RUS 210,Russians and Their World. (3 h),,Wake Forest University,,
RUS 212,Introduction to Russian Literature. (3 h),,Wake Forest University,,
RUS 317,Seminar in Russian Literature. (3 h),,Wake Forest University,,
RUS 321,Conversation and Composition. (3 h),,Wake Forest University,,
RUS 328,Practice in Advanced Grammar. (3 h),,Wake Forest University,,
RUS 330,Structure of Russian. (3 h),,Wake Forest University,,
RUS 332,The History of Russian Language. (3 h),,Wake Forest University,,
RUS 335,Russian Culture and Civilization. (3 h),,Wake Forest University,,
RUS 340,Seminar in Translation. (3 h),,Wake Forest University,,
RUS 341,Russian Literature in Translation. (3 h),,Wake Forest University,,
RUS 345,Special Topics in Russian. (3 h),,Wake Forest University,,
RUS 354,Language of the Russian Press and Mass Media. (3 h),,Wake Forest University,,
RUS 365,Russia Today: Contemporary Russian Culture and Society. (3 h),,Wake Forest University,,
RUS 366,Dostoevsky and the Limits of Language: From Novel to Neural Net. (3 h),,Wake Forest University,,
RUS 370,Individual Study. (1.5-3 h),,Wake Forest University,,
RUS 387,Honors in Russian. (2.5 h),,Wake Forest University,,
RUS 388,Honors in Russian. (2.5 h),,Wake Forest University,,
RUS 394,"Slavic Myths, Legends, and Fairy Tales. (3 h)",,Wake Forest University,,
SIL 101,Self Instructional Language. (3 h),,Wake Forest University,,
SIL 102,Self Instructional Language. (3 h),,Wake Forest University,,
SKT 111,Intro to Sanskrit. (3 h),,Wake Forest University,,
SKT 112,Intro to Sanskrit. (3 h),,Wake Forest University,,
SOC 150,Analyzing the Social World. (3 h),,Wake Forest University,,
SOC 151,Principles of Sociology. (3 h),,Wake Forest University,,
SOC 152,Social Problems. (3 h),,Wake Forest University,,
SOC 153,Contemporary Families. (3 h),,Wake Forest University,,
SOC 154,Social Deviance. (3 h),,Wake Forest University,,
SOC 155,Public Engagement in USA and Other Post-industrial Societies. (3 h),,Wake Forest University,,
SOC 270,Sociological Theory. (3 h),,Wake Forest University,,
SOC 271,Social Statistics. (4 h),,Wake Forest University,,
SOC 272,Research Methods in Sociology. (3 h),,Wake Forest University,,
SOC 301,Sociology of Religion. (3 h),,Wake Forest University,,
SOC 303,Business and Society. (3 h),,Wake Forest University,,
SOC 305,Gender in Society. (3 h),,Wake Forest University,,
SOC 309,Sexuality and Society. (3 h),,Wake Forest University,,
SOC 316,Conflict Management in Organizations. (3 h),,Wake Forest University,,
SOC 320,Sociology of Sports and Art Worlds. (1.5 h),,Wake Forest University,,
SOC 321,Sociology of Contested Past. (1.5 h),,Wake Forest University,,
SOC 325,The Individual and Society. (3 h),,Wake Forest University,,
SOC 326,Sociology of Care Work. (3 h),,Wake Forest University,,
SOC 327,Sociology of Emotion. (3 h),,Wake Forest University,,
SOC 328,The Sociology of Food. (3 h),,Wake Forest University,,
SOC 329,Health Inequalities. (3 h),,Wake Forest University,,
SOC 330,"Gender, Social Relationships, and Well-Being. (3 h)",,Wake Forest University,,
SOC 332,Sociology of Birth and Death. (3 h),,Wake Forest University,,
SOC 334,Sociology of Education. (3 h),,Wake Forest University,,
SOC 335,Sociology of Health and Illness. (3 h),,Wake Forest University,,
SOC 338,Courts and Criminal Procedure in the Era of Mass Incarceration. (3 h),,Wake Forest University,,
SOC 339,Family Violence. (3 h),,Wake Forest University,,
SOC 340,Corrections. (3 h),,Wake Forest University,,
SOC 341,Criminology. (3 h),,Wake Forest University,,
SOC 342,Juvenile Delinquency. (3 h),,Wake Forest University,,
SOC 343,Law and Society. (3 h),,Wake Forest University,,
SOC 344,"Social Justice in Theory, Method, and Practice. (3 h)",,Wake Forest University,,
SOC 345,Advanced Seminar on Criminal Homicide. (3 h),,Wake Forest University,,
SOC 346,Sociology of Guns. (3 h),,Wake Forest University,,
SOC 347,"Society, Culture, and Sport. (3 h)",,Wake Forest University,,
SOC 348,Sociology of the Family. (3 h),,Wake Forest University,,
SOC 349,"Defund, Transform, Abolish?: (Re)Imagining Justice. (3 h)",,Wake Forest University,,
SOC 350,"Globalization, Technology, and Work. (3 h)",,Wake Forest University,,
SOC 351,Management and Organizations. (3 h),,Wake Forest University,,
SOC 352,White-collar Crime. (3 h),,Wake Forest University,,
SOC 355,Social Psychology of Inequality. (3 h),,Wake Forest University,,
SOC 356,Sociology of Immigration. (3 h),,Wake Forest University,,
SOC 357,"Crime, Law, and Immigration. (3 h)",,Wake Forest University,,
SOC 358,Racial Capitalism. (3 h),,Wake Forest University,,
SOC 359,Race and Racism. (3 h),,Wake Forest University,,
SOC 360,Social Inequality. (3 h),,Wake Forest University,,
SOC 362,"Work, Conflict, and Change. (3 h)",,Wake Forest University,,
SOC 363,Global Capitalism. (3 h),,Wake Forest University,,
SOC 364,"Power, Politics, and Protest. (3 h)",,Wake Forest University,,
SOC 365,"Technology, Culture, and Change. (3 h)",,Wake Forest University,,
SOC 366,Sociological Analysis of Film. (3 h),,Wake Forest University,,
SOC 367,Sociology of Culture. (3 h),,Wake Forest University,,
SOC 368,Death and Dying. (1.5 h),,Wake Forest University,,
SOC 369,Social Movements. (3 h),,Wake Forest University,,
SOC 380,Special Topics Seminar in Social Institutions. (3 h),,Wake Forest University,,
SOC 381,Special Topics Seminar in Social Inequality. (3 h),,Wake Forest University,,
SOC 382,Special Topics Seminar in Social Psychology. (3 h),,Wake Forest University,,
SOC 383,Special Topics Seminar in Medicine and Health Care. (3 h),,Wake Forest University,,
SOC 384,Special Topics Seminar in Crime and Criminal Justice. (3 h),,Wake Forest University,,
SOC 385,Special Topics Seminar in Business and Society. (3 h),,Wake Forest University,,
SOC 386,Special Topics Seminar in Culture and Social Movements. (3 h),,Wake Forest University,,
SOC 390,Special Topics Seminar in Sociology. (1.5-3 h),,Wake Forest University,,
SOC 391,Special Topics Seminar in Sociology. (1.5-3 h),,Wake Forest University,,
SOC 394,Research with Faculty. (0.5-3 h),,Wake Forest University,,
SOC 395,Research with Faculty. (0.5-3 h),,Wake Forest University,,
SOC 398,Individual Study. (1-3 h),,Wake Forest University,,
SOC 399,Individual Study. (1-3 h),,Wake Forest University,,
SPA 101,Elementary Spanish I. (3 h),,Wake Forest University,,
SPA 102,Elementary Spanish II. (3 h),,Wake Forest University,,
SPA 195,Spanish Language and Culture. (1-3 h),,Wake Forest University,,
SPA 196,Spanish for Neuroscience. (3 h),,Wake Forest University,,
SPA 197,Spanish for Reading Knowledge. (1.5 h),,Wake Forest University,,
SPA 198,Service Learning in Spanish Language. (1.5 h),,Wake Forest University,,
SPA 199,Internship in Spanish Language. (1.5-3 h),,Wake Forest University,,
SPA 201,Intermediate Spanish I. (3 h),,Wake Forest University,,
SPA 202,Intermediate Spanish II. (3 h),,Wake Forest University,,
SPA 203,Exploring the Hispanic World. (3 h),,Wake Forest University,,
SPA 206,Accelerated Intermediate Spanish I & II. (6 h),,Wake Forest University,,
SPA 280,Introduction to Literary and Cultural Studies. (3 h),,Wake Forest University,,
SPA 282,Advanced Spanish Language and Grammar. (3 h),,Wake Forest University,,
SPA 283,Advanced Spanish Language and Grammar for Heritage Speakers. (3 h),,Wake Forest University,,
SPA 300A,Spanish Across the Curriculum. (1.5 h),,Wake Forest University,,
SPA 300B,Spanish Across the Business/Economics Curriculum. (1.5 h),,Wake Forest University,,
SPA 300C,Spanish Across the Sciences Curriculum. (1.5-3 h),,Wake Forest University,,
SPA 301,Intensive Spanish. (1.5 h),,Wake Forest University,,
SPA 303,Spanish Conversation. (3 h),,Wake Forest University,,
SPA 303I,Language Study in the Context of an Internship. (1.5-3 h),,Wake Forest University,,
SPA 304,Selected Topics in Spanish Language and Hispanic Culture. (3 h),,Wake Forest University,,
SPA 310,"Anecdotes, Bestsellers, Cuentos. The ABCs of Storytelling in the Spanish-Speaking World. (3 h)",,Wake Forest University,,
SPA 311,"Bard, Ballad, Bolero. Poetry, and Song in the Spanish-Speaking World. (3 h)",,Wake Forest University,,
SPA 312,"Page, Stage, and Performance. Theater and Drama of the Spanish-Speaking World. (3 h)",,Wake Forest University,,
SPA 313,"Lights, Camera, ¡Acción!. Cinema and Culture in the Spanish-Speaking World. (3 h)",,Wake Forest University,,
SPA 315,The Making of Spain: Interdisciplinary Approaches to the Cultures of Spain. (3 h),,Wake Forest University,,
SPA 316,Paradise in Perspective: An Interdisciplinary Approach to the Wider Caribbean. (3 h),,Wake Forest University,,
SPA 317,Mil máscaras/ A Thousand Masks: Interdisciplinary Approaches to Mexico and Central America. (3 h),,Wake Forest University,,
SPA 318,The Andes to Patagonia: Interdisciplinary Approaches to South American Culture. (3 h),,Wake Forest University,,
SPA 319,Literary and Cultural Studies of Spanish America. (3 h),,Wake Forest University,,
SPA 320,Introduction to Hispanic Linguistics. (3 h),,Wake Forest University,,
SPA 322,Spanish Pronunciation and Dialect Variation. (3 h),,Wake Forest University,,
SPA 323,Spanish/English Dialogue Interpreting. (3 h),,Wake Forest University,,
SPA 324,Med & Scientific Translation. (3 h),,Wake Forest University,,
SPA 325,Spanish for Business I. (3 h),,Wake Forest University,,
SPA 326,International Business: Spain/Latin America. (3 h),,Wake Forest University,,
SPA 327,Spanish for Business II. (3 h),,Wake Forest University,,
SPA 328,Medical Spanish. (3 h),,Wake Forest University,,
SPA 329,Intermediate Topics in Literary and Cultural Studies. (3 h),,Wake Forest University,,
SPA 330,The Debate about Woman in Late Medieval Spain. (3 h),,Wake Forest University,,
SPA 331,Medieval Spain: A Cultural and Literary Perspective. (3 h),,Wake Forest University,,
SPA 332,The Golden Age of Spain. (3 h),,Wake Forest University,,
SPA 333,The Spain of Don Quijote. (3 h),,Wake Forest University,,
SPA 334,Voices of Modern Spain. (3 h),,Wake Forest University,,
SPA 335,"Love, Death, and Poetry. (3 h)",,Wake Forest University,,
SPA 337,Contemporary Theater from Spain. (3 h),,Wake Forest University,,
SPA 338,"Fashioning Class, Gender, and National Identity in 18th/19th-Century Spain. (3 h)",,Wake Forest University,,
SPA 339,Unearthing the Future: Prehistory and Culture in Modern Spain. (3 h),,Wake Forest University,,
SPA 341,"Latin American Historical Fiction: Memory, Myth, and Social Justice. (3 h)",,Wake Forest University,,
SPA 342,From Colonial to Postcolonial Voices. (3 h),,Wake Forest University,,
SPA 343,Travel Literature. (3 h),,Wake Forest University,,
SPA 344,The 18th- and 19th-century Periodical Press in Spain and Spanish America. (3 h),,Wake Forest University,,
SPA 345,The Transatlantic Civil War. (3 h),,Wake Forest University,,
SPA 346,Transatlantic Transitions: Postdictatorship in Spain and the Southern Cone. (3 h),,Wake Forest University,,
SPA 347,Contemporary Theater in Spain and Spanish America. (3 h),,Wake Forest University,,
SPA 348,Contemporary Women Novelists and their Female Characters. (3 h),,Wake Forest University,,
SPA 349,Great Authors and Directors. (3 h),,Wake Forest University,,
SPA 350,Film Adaptations of Literary Works. (3 h),,Wake Forest University,,
SPA 351,Cinema and Society. (3 h),,Wake Forest University,,
SPA 352,Mexican Cultures between Global South and Global North. (3 h),,Wake Forest University,,
SPA 355,"Romantic Nationalism, Avant-garde Nihilism, and the Deconstruction of Utopia. (3 h)",,Wake Forest University,,
SPA 356,Transgressing Borders: Identity in Latin-American and U.S. Latino Cultures. (3 h),,Wake Forest University,,
SPA 357,Spanish American Short Story. (3 h),,Wake Forest University,,
SPA 358,Spanish-American Novel. (3 h),,Wake Forest University,,
SPA 359,Spanish-American Theater: From Page to Stage. (3 h),,Wake Forest University,,
SPA 360,Contemporary Theatre. (3 h),,Wake Forest University,,
SPA 361,Fictions of Mexican Revolution. (3 h),,Wake Forest University,,
SPA 362,Masculinity in Mexican Cinema. (3 h),,Wake Forest University,,
SPA 363,Cultural and Social Entrepreneurship: Promotion of Latin American and Latino Societies. (3 h),,Wake Forest University,,
SPA 364,"Keepers of Minerals, Forests, and Waters. (3 h)",,Wake Forest University,,
SPA 367,Cuban Literature. (3 h),,Wake Forest University,,
SPA 368,Afro Cuban Cultural Expression. (3 h),,Wake Forest University,,
SPA 369,Topics in Literary and Cultural Studies. (3 h),,Wake Forest University,,
SPA 370,History of the Spanish Language. (3 h),,Wake Forest University,,
SPA 371,Contrastive Spanish/English Grammar and Stylistics. (3 h),,Wake Forest University,,
SPA 372,Acquisition of Spanish. (3 h),,Wake Forest University,,
SPA 373,Language and Society. (3 h),,Wake Forest University,,
SPA 374,Spanish in the United States. (3 h),,Wake Forest University,,
SPA 379,Special Topics in Hispanic Linguistics. (3 h),,Wake Forest University,,
SPA 380,Spanish for the Professions. (3 h),,Wake Forest University,,
SPA 381,Spanish Translation. (3 h),,Wake Forest University,,
SPA 382,Spanish/English Interpreting. (3 h),,Wake Forest University,,
SPA 385,Special Topics in Translation. (3 h),,Wake Forest University,,
SPA 386,Special Topics in Interpreting. (3 h),,Wake Forest University,,
SPA 389,Advanced Spanish Conversation. (3 h),,Wake Forest University,,
SPA 391,Internship in Spanish for Business and the Professions. (2-3 h),,Wake Forest University,,
SPA 392,Internship in Spanish for the Health Professions. (2-3 h),,Wake Forest University,,
SPA 393,Internship in Spanish for Teaching. (1.5 h),,Wake Forest University,,
SPA 394,Internship in Spanish Translation. (2-3 h),,Wake Forest University,,
SPA 395,Internship in Spanish Interpreting. (2-3 h),,Wake Forest University,,
SPA 397,Spanish Independent Study. (1-3 h),,Wake Forest University,,
SPA 398,Honors Directed Reading and Research. (1.5 h),,Wake Forest University,,
SPA 399,Honors Directed Writing. (3 h),,Wake Forest University,,
SPM 201,Basic Athletic Training. (3 h),,Wake Forest University,,
SPM 302,Advanced Athletic Training. (3 h),,Wake Forest University,,
STA 107,Explorations in Statistics. (3 h),,Wake Forest University,,
STA 111,Elementary Probability and Statistics. (3 h),,Wake Forest University,,
STA 112,Introduction to Regression and Data Science. (3 h),,Wake Forest University,,
STA 175,Competitions. (1-3 h),,Wake Forest University,,
STA 214,Applied Generalized Linear Models. (3 h),,Wake Forest University,,
STA 247,Design and Sampling. (3 h),,Wake Forest University,,
STA 261,Statistical Computing. (3 h),,Wake Forest University,,
STA 279,Topics in Statistics. (1-3 h),,Wake Forest University,,
STA 310,Probability. (3 h),,Wake Forest University,,
STA 311,Statistical Inference. (3 h),,Wake Forest University,,
STA 312,Linear Models. (3 h),,Wake Forest University,,
STA 352,Networks: Models and Analysis. (3 h),,Wake Forest University,,
STA 362,Multivariate Statistics. (3 h),,Wake Forest University,,
STA 363,Introduction to Statistical Learning. (3 h),,Wake Forest University,,
STA 364,Computational Statistics. (3 h),,Wake Forest University,,
STA 365,Applied Bayesian Statistics. (3 h),,Wake Forest University,,
STA 368,Time Series and Forecasting. (3 h),,Wake Forest University,,
STA 379,Advanced Topics in Statistics. (1-3 h),,Wake Forest University,,
STA 381,Applied Statistics Capstone. (2 h),,Wake Forest University,,
STA 382,Applied Statistics Capstone. (1.5 h),,Wake Forest University,,
STA 383,Individual Study. (1-3 h),,Wake Forest University,,
STA 384,Internship in Statistics. (1-3 h),,Wake Forest University,,
STA 391,Honors Research I. (1 h),,Wake Forest University,,
STA 392,Honors Research II. (1 h),,Wake Forest University,,
THE 100,Participation. (0.5 h),,Wake Forest University,,
THE 110,Introduction to Western Theatre. (3 h),,Wake Forest University,,
THE 110L,Intro to Theatre-Lab. (1 h),,Wake Forest University,,
THE 111,Introduction to Theatre. (3 h),,Wake Forest University,,
THE 125,Basic Voice and Movement for non-Majors. (3 h),,Wake Forest University,,
THE 126,Stage Makeup. (1.5 h),,Wake Forest University,,
THE 131,Accents for the Stage. (1.5-3 h),,Wake Forest University,,
THE 132,Voiceover for the Actor. (1.5-3 h),,Wake Forest University,,
THE 133,Stage Combat. (1.5-3 h),,Wake Forest University,,
THE 140,Acting I. (3 h),,Wake Forest University,,
THE 145,Voice and Movement. (3 h),,Wake Forest University,,
THE 150,Intro to Design and Production. (4 h),,Wake Forest University,,
THE 151,Costume Construction. (3 h),,Wake Forest University,,
THE 155,Stagecraft. (3 h),,Wake Forest University,,
THE 181,Acting Workshop. (1 h),,Wake Forest University,,
THE 188,The Contemporary Theatre. (1 h),,Wake Forest University,,
THE 230,Advanced Voice and Movement. (3 h),,Wake Forest University,,
THE 241,Acting for the Camera. (3 h),,Wake Forest University,,
THE 243,Auditions. (1.5-3 h),,Wake Forest University,,
THE 245,Acting II. (3 h),,Wake Forest University,,
THE 246,Period and Style. (3 h),,Wake Forest University,,
THE 250,Scene Design. (3 h),,Wake Forest University,,
THE 251,Costume Design. (3 h),,Wake Forest University,,
THE 252,Lighting Design. (3 h),,Wake Forest University,,
THE 253,Sound and Projections Design. (3 h),,Wake Forest University,,
THE 254,Scenic Art for Theatre. (3 h),,Wake Forest University,,
THE 255,History of Costume. (3 h),,Wake Forest University,,
THE 258,Stage Management. (1.5 h),,Wake Forest University,,
THE 259,The Business of Theatre. (3 h),,Wake Forest University,,
THE 266,Modern English and Continental Drama and the London Stage. (3 h),,Wake Forest University,,
THE 270,Theatre in Education. (3 h),,Wake Forest University,,
THE 274,World Theatre. (3 h),,Wake Forest University,,
THE 283,Practicum. (1-1.5 h),,Wake Forest University,,
THE 285,Internship in Theatre. (1-3 h),,Wake Forest University,,
THE 290,Special Topics. (0.5-3 h),,Wake Forest University,,
THE 294,Individual Study. (1-3 h),,Wake Forest University,,
THE 295,Development and Performance. (1-4 h),,Wake Forest University,,
THE 310,History Western Theatre I. (3 h),,Wake Forest University,,
THE 311,History of Western Theatre II. (3 h),,Wake Forest University,,
THE 320,British Drama to 1642. (3 h),,Wake Forest University,,
THE 323,Shakespeare. (3 h),,Wake Forest University,,
THE 336,Restoration and 18th-Century British Drama. (3 h),,Wake Forest University,,
THE 340,Directing. (4 h),,Wake Forest University,,
THE 343,Studio Production. (1.5-3 h),,Wake Forest University,,
THE 344,Acting Shakespeare. (3 h),,Wake Forest University,,
THE 360,Playwriting. (3 h),,Wake Forest University,,
THE 362,Feminism and Theatre. (3 h),,Wake Forest University,,
THE 372,Contemporary Drama. (3 h),,Wake Forest University,,
THE 373,Women Playwrights. (3 h),,Wake Forest University,,
THE 374,Contemporary World Drama. (3 h),,Wake Forest University,,
THE 375,American Drama. (3 h),,Wake Forest University,,
THE 376,Multicultural American Drama. (3 h),,Wake Forest University,,
THE 390,Special Topics. (1-3 h),,Wake Forest University,,
THE 392,Special Topics in Dramatic Literature. (1-3 h),,Wake Forest University,,
THE 393,Special Topics in Dramatic Literature Cultural Diversity. (3 h),,Wake Forest University,,
THE 395,Senior Seminar. (1 h),,Wake Forest University,,
THE 399,Theatre Honors. (3 h),,Wake Forest University,,
WDC 100,Internship. (3-6 h),,Wake Forest University,,
WGS 101,Field Guide to Gender and Sexuality Studies. (1.5-3 h),,Wake Forest University,,
WGS 121,Feminist Leadership Project. (1.5-3 h),,Wake Forest University,,
WGS 122,Inclusive Leadership Project. (1.5-3 h),,Wake Forest University,,
WGS 125,Ending Violence Leadership Project. (1.5-3 h),,Wake Forest University,,
WGS 150,Perspectives in Gender and Sexuality. (3 h),,Wake Forest University,,
WGS 210,Transnational Asia and Asian American Feminism. (3 h),,Wake Forest University,,
WGS 212,(In)Visible Women. (3 h),,Wake Forest University,,
WGS 214,Gender and Sexuality in World History. (3 h),,Wake Forest University,,
WGS 220,"Theory and Practice of Women's, Gender, and Sexuality Studies. (3 h)",,Wake Forest University,,
WGS 222,Sexuality Studies. (3 h),,Wake Forest University,,
WGS 223,Introduction to Feminist Theory. (3 h),,Wake Forest University,,
WGS 224,Readings in Queer Theology. (1.5 h),,Wake Forest University,,
WGS 230,Studies in Gender and Literature. (3 h),,Wake Forest University,,
WGS 232,"Men, Masculinity and Power. (3 h)",,Wake Forest University,,
WGS 234,Sexual Revolutions!. (3 h),,Wake Forest University,,
WGS 236,"Gender, Sexuality, Inequality and the Brain. (3 h)",,Wake Forest University,,
WGS 250,Democracy From the Margins. (3 h),,Wake Forest University,,
WGS 251,Race and Ethnic Diversity in America. (3 h),,Wake Forest University,,
WGS 259,Migration and Citizenship. (3 h),,Wake Forest University,,
WGS 271,Making Sense of the News Through a Feminist Le. (1-3 h),,Wake Forest University,,
WGS 300,Gender and Sexuality in Literary Adaptations. (1.5-3 h),,Wake Forest University,,
WGS 301,Feminist Political Thought. (3 h),,Wake Forest University,,
WGS 302,Feminist Philosophy. (3 h),,Wake Forest University,,
WGS 303,When Black Women Clap Back. (3 h),,Wake Forest University,,
WGS 305,"Transgender History, Identity, and Politics in the U.S.. (3 h)",,Wake Forest University,,
WGS 306,Queer Public Histories. (3 h),,Wake Forest University,,
WGS 309,"Environmentalism, the Humanities, and Gender. (3 h)",,Wake Forest University,,
WGS 310,"Gender, Power and Violence. (3 h)",,Wake Forest University,,
WGS 311,"Geeks, Girlies, and Fangirls: Gender, Race, and Belonging in Online and Fan Communities.. (3 h)",,Wake Forest University,,
WGS 318,"Film Lab in Women's, Gender, and Sexuality Studies. (1.5-3 h)",,Wake Forest University,,
WGS 319,Women Playwrights. (3 h),,Wake Forest University,,
WGS 322,"Feminist, Womanist, Murjerista Theologies: Constructive Perspectives on Christian Thought. (3 h)",,Wake Forest University,,
WGS 326,Women and Leadership. (3 h),,Wake Forest University,,
WGS 327,The Feminist Book Society. (1.5-3 h),,Wake Forest University,,
WGS 329,Anthropology of Gender and Sexuality. (3 h),,Wake Forest University,,
WGS 330,Gender and the Politics of Health. (3 h),,Wake Forest University,,
WGS 333,Sexual Politics in the United States. (3 h),,Wake Forest University,,
WGS 345,Girls Gone Wild: A Century of Misbehavior. (3 h),,Wake Forest University,,
WGS 346,"Visual Narratives: Image, Sequence, Story. (3 h)",,Wake Forest University,,
WGS 349,"Invert, Pervert, Bull Dagger, Queen: Queer Fiction in the 20th Century. (3 h)",,Wake Forest University,,
WGS 358,Mothers and Daughters. (3 h),,Wake Forest University,,
WGS 359,"Trans History, Machismo, and Sex Work in Latin America. (3 h)",,Wake Forest University,,
WGS 362,Feminism and Theatre. (3 h),,Wake Forest University,,
WGS 363,Gender and Sexuality in Contemporary Asia. (3 h),,Wake Forest University,,
WGS 364,"Women of Color, Feminisms, and the Politics of Resistance in the U.S.. (3 h)",,Wake Forest University,,
WGS 377,Special Topics. (1.5-3 h),,Wake Forest University,,
WGS 380,"Sexuality, Law, and Power. (3 h)",,Wake Forest University,,
WGS 381,Gender and the Law. (3 h),,Wake Forest University,,
WGS 383,"Race, Gender, and the Courts. (3 h)",,Wake Forest University,,
WGS 388,"South Asian Women: Religion, Culture and Politics. (3 h)",,Wake Forest University,,
WGS 395,"Honors in Women’s, Gender, and Sexuality Studies. (1.5 h)",,Wake Forest University,,
WGS 396,Independent Study. (1-3 h),,Wake Forest University,,
WGS 397,"Public Engagement in Women's, Gender, and Sexuality Studies. (1.5-3 h)",,Wake Forest University,,
WGS 399,"Research Seminar in Women's, Gender, and Sexuality Studies. (3 h)",,Wake Forest University,,
WRI 109,"Writing Seminar, Part I. (2 h)",,Wake Forest University,,
WRI 110,"Writing Seminar, Part II. (2 h)",,Wake Forest University,,
WRI 111,Writing Seminar. (4 h),,Wake Forest University,,
WRI 210,Exploring Academic Genres. (3 h),,Wake Forest University,,
WRI 212,Literary Nonfiction: Art of the Essay. (3 h),,Wake Forest University,,
WRI 220,Writing and Power. (3 h),,Wake Forest University,,
WRI 230,Rhetoric and Ethics. (3 h),,Wake Forest University,,
WRI 250,Technical and Professional Communication. (3 h),,Wake Forest University,,
WRI 306,Special Topics in Rhetoric and Writing. (1.5-3 h),,Wake Forest University,,
WRI 307,Contemporary Theory of Rhetoric and Writing. (1.5-3 h),,Wake Forest University,,
WRI 308,The Rhetoric of Style. (3 h),,Wake Forest University,,
WRI 310,Interaction in Language: Introduction to Written Discourse Studies. (3 h),,Wake Forest University,,
WRI 320,Communicating Science: Principles of Effective Science Communication. (3 h),,Wake Forest University,,
WRI 322,"Investigating Innocence, at the Intersection of Journalism, Narrative and the Law. (3 h)",,Wake Forest University,,
WRI 325,Contemporary Environmental Writing. (3 h),,Wake Forest University,,
WRI 330,Digital Rhetoric and Writing. (3 h),,Wake Forest University,,
WRI 340,Practice in Rhetoric and Composition. (3 h),,Wake Forest University,,
WRI 341,Writing Center Pedagogy. (3 h),,Wake Forest University,,
WRI 342,Writing Practicum. (1-3 h),,Wake Forest University,,
WRI 343,Independent Study. (1-3 h),,Wake Forest University,,
WRI 344,Magazine Writing. (3 h),,Wake Forest University,,
WRI 350,Writing Minor Capstone. (3 h),,Wake Forest University,,
BIB 501,Elementary Hebrew I. (3 h),,Wake Forest University,,
BIB 502,Elementary Hebrew II. (3 h),,Wake Forest University,,
BIB 503,Intermediate Hebrew. (3 h),,Wake Forest University,,
BIB 504,Advanced Hebrew. (3 h),,Wake Forest University,,
BIB 505,Readings in Hebrew. (1-3 h),,Wake Forest University,,
BIB 511,Introduction to New Testament Greek I. (3 h),,Wake Forest University,,
BIB 512,Introduction to New Testament Greek II. (3 h),,Wake Forest University,,
BIB 513,Intermediate Readings in Koine Greek. (1-3 h),,Wake Forest University,,
BIB 514,Advanced Readings in Greek. (1-3 h),,Wake Forest University,,
BIB 521,Old Testament Interpretation. (3 h),,Wake Forest University,,
BIB 541,New Testament Interpretation. (3 h),,Wake Forest University,,
BIB 542,Interpreting New Testament Letters. (3 h),,Wake Forest University,,
BIB 543,Interpreting New Testament Gospels. (3 h),,Wake Forest University,,
BIB 612,Angels and Demons. (3 h),,Wake Forest University,,
BIB 614,Multicultural Biblical Interpretation. (3 h),,Wake Forest University,,
BIB 615,Myth and Scripture: The Bible and Ancient Near Eastern Myth. (3 h),,Wake Forest University,,
BIB 616,Myths of Creation. (3 h),,Wake Forest University,,
BIB 617,The Bible and Film. (3 h),,Wake Forest University,,
BIB 619,Africa and the Bible. (3 h),,Wake Forest University,,
BIB 620,Slavery and the New Testament. (3 h),,Wake Forest University,,
BIB 624,New Testament Places. (1-3 h),,Wake Forest University,,
BIB 630,Daniel: Stories and Visions. (3 h),,Wake Forest University,,
BIB 631,The Five Festival Scrolls. (3 h),,Wake Forest University,,
BIB 633,The Wisdom Literature. (3 h),,Wake Forest University,,
BIB 634,The Book of Psalms: Poetry and Spirituality. (3 h),,Wake Forest University,,
BIB 635,The Book of Isaiah. (3 h),,Wake Forest University,,
BIB 666,The Book of Revelation. (3 h),,Wake Forest University,,
BIB 690,Topics in Biblical Studies. (1-3 h),,Wake Forest University,,
BIB 690A,Topics in Biblical Studies. (1-3 h),,Wake Forest University,,
BIB 690B,Topics in Biblical Studies. (1-3 h),,Wake Forest University,,
BIB 690C,Topics in Biblical Studies. (1-3 h),,Wake Forest University,,
CDS 501,Social and Cultural Analysis. (3 h),,Wake Forest University,,
CDS 512,Introduction to Research and Writing. (2 h),,Wake Forest University,,
CDS 610,Theological Design Lab I. (3 h),,Wake Forest University,,
CDS 611,Theological Design Lab II. (3 h),,Wake Forest University,,
CDS 690,Topics. (1-3 h),,Wake Forest University,,
CDS 690A,Topics. (1-3 h),,Wake Forest University,,
CDS 690B,Topics. (1-3 h),,Wake Forest University,,
CDS 690C,Topics. (1-3 h),,Wake Forest University,,
CDS 791,Senior Research. (3 h),,Wake Forest University,,
CDS 792,Senior Project. (3 h),,Wake Forest University,,
HIS 501,History of Christianity. (3 h),,Wake Forest University,,
HIS 550,Religions in America. (3 h),,Wake Forest University,,
HIS 551,African-American Religious History and Experience. (3 h),,Wake Forest University,,
HIS 580,"O Jerusalem! Jews, Christians, and Muslims in the Holy City. (3 h)",,Wake Forest University,,
HIS 584A,Religions of Egypt. (1 h),,Wake Forest University,,
HIS 584B,Religions of Egypt. (1-2 h),,Wake Forest University,,
HIS 612,Gender and the Trinity in the Early Church. (3 h),,Wake Forest University,,
HIS 615,Poets Questioning God. (3 h),,Wake Forest University,,
HIS 620,Preachers of the Early Church. (3 h),,Wake Forest University,,
HIS 654,Humane Leadership: Christian and Confucian Perspectives. (3 h),,Wake Forest University,,
HIS 660,Islam and Interfaith Encounters in Morocco. (1-3 h),,Wake Forest University,,
HIS 661,World Religions. (3 h),,Wake Forest University,,
HIS 662,Classic Texts from World Religions. (3 h),,Wake Forest University,,
HIS 672,Culinary Culture in Black Religious Experience. (1-3 h),,Wake Forest University,,
HIS 673,Evangelicalism and Christian Nationalism in North America. (3 h),,Wake Forest University,,
HIS 674,Religion and the Civil Rights Struggle. (3 h),,Wake Forest University,,
HIS 675,Black Religious Leadership and Voices of Protest. (3 h),,Wake Forest University,,
HIS 682,A History of the Baptists. (3 h),,Wake Forest University,,
HIS 690,Topics. (1-4 h),,Wake Forest University,,
HIS 690A,Topics Course in Historical Studies. (1-3 h),,Wake Forest University,,
HIS 690B,Topics Course in Historical Studies. (1-3 h),,Wake Forest University,,
HIS 690C,Topics Course in Historical Studies. (1-3 h),,Wake Forest University,,
IDS 791,Independent Study I. (0.5-3 h),,Wake Forest University,,
IDS 792,Independent Study II. (0.5-3 h),,Wake Forest University,,
IDS 793,Independent Study III. (0.5-3 h),,Wake Forest University,,
IDS 794,Independent Study IV. (0.5-3 h),,Wake Forest University,,
MIN 501,Art of Ministry. (3 h),,Wake Forest University,,
MIN 511,Practical Theologies for Social Change. (3 h),,Wake Forest University,,
MIN 512,Unblurred Lines: Healthy Boundaries in Spiritual Care. (3 h),,Wake Forest University,,
MIN 520,The Church in Contemporary Cultures. (1-3 h),,Wake Forest University,,
MIN 522,Introduction to Congregational Budgeting and Finance. (1 h),,Wake Forest University,,
MIN 523,Transforming Leadership? Exploring Practical Theologies for 21st Century Ministry. (3 h),,Wake Forest University,,
MIN 530,Introduction to Christian Worship and Liturgy. (3 h),,Wake Forest University,,
MIN 531,Children in Worship. (1 h),,Wake Forest University,,
MIN 533,Worship Practicum. (1 h),,Wake Forest University,,
MIN 535,The Samuel DeWitt Proctor Institute for Child Advocacy. (3 h),,Wake Forest University,,
MIN 536,Introduction to Pastoral Counseling. (3 h),,Wake Forest University,,
MIN 537,Intercultural Pastoral Counseling. (3 h),,Wake Forest University,,
MIN 551,Introduction to Preaching. (3 h),,Wake Forest University,,
MIN 570,Exploring Interfaith Practice. (3 h),,Wake Forest University,,
MIN 577,Sacred Memory and Black Prophetic Preaching. (3 h),,Wake Forest University,,
MIN 602A,Internship Reflection Seminar. (1.5 h),,Wake Forest University,,
MIN 602B,Internship Reflection Seminar. (1.5 h),,Wake Forest University,,
MIN 602C,Summer Internship Reflection Seminar. (3 h),,Wake Forest University,,
MIN 603,Specialized Internships. (0.5-3 h),,Wake Forest University,,
MIN 612,Directed Reflection in Applied Sustainability. (1 h),,Wake Forest University,,
MIN 625,Worship as Theology. (3 h),,Wake Forest University,,
MIN 628,Financial Leadership in Ministry. (1 h),,Wake Forest University,,
MIN 629,Religious Leadership in Nonprofit Organizations. (3 h),,Wake Forest University,,
MIN 630,Christian Ministry and Public Leadership in America. (3 h),,Wake Forest University,,
MIN 631,The Ministry of Pastoral Care. (3 h),,Wake Forest University,,
MIN 636A,Clinical Pastoral Education I. (3 h),,Wake Forest University,,
MIN 636B,Clinical Pastoral Education II. (2 h),,Wake Forest University,,
MIN 638,Trauma and Resilience in the Care of Individuals and Groups. (3 h),,Wake Forest University,,
MIN 639,When Women Lead. (3 h),,Wake Forest University,,
MIN 640,Spirituality and Community Health. (3 h),,Wake Forest University,,
MIN 641,Leading Causes of Life. (3 h),,Wake Forest University,,
MIN 642,"Spirituality, Health, and Aging. (1 h)",,Wake Forest University,,
MIN 643,"Homiletics, Ethics and Community Leadership. (3 h)",,Wake Forest University,,
MIN 644,"Preaching, Worship, and the Care of Souls: Funerals, Weddings, and Other Pastoral Rites. (3 h)",,Wake Forest University,,
MIN 645,Preaching in the Tradition of the African American Church. (3 h),,Wake Forest University,,
MIN 654,Preaching and Worship in Sacred Time. (1-3 h),,Wake Forest University,,
MIN 658,Womanist Proclamation. (3 h),,Wake Forest University,,
MIN 659,Preaching at the Intersections. (3 h),,Wake Forest University,,
MIN 660,"Sacraments and Ordinances: History, Theologies, and Practices. (3 h)",,Wake Forest University,,
MIN 661,"Faith, Food, and Health: Navigating the Intersections in Community. (3 h)",,Wake Forest University,,
MIN 663,Ritual and Congregational Life. (3 h),,Wake Forest University,,
MIN 664,"Podcasts, Livestreams, and Vlogs: Proclamation in the Digital Age. (3 h)",,Wake Forest University,,
MIN 668,The Prophetic Pulpit: Preacher as Public Intellectual. (3 h),,Wake Forest University,,
MIN 671,Interfaith Care with Families. (3 h),,Wake Forest University,,
MIN 672,Interfaith in Winston-Salem. (1-3 h),,Wake Forest University,,
MIN 681,American Denominationalism. (3 h),,Wake Forest University,,
MIN 682,A History of the Baptists. (3 h),,Wake Forest University,,
MIN 683,"History and Polity of the Christian Church, Disciples of Christ. (2 h)",,Wake Forest University,,
MIN 684,United Church of Christ Polity and History. (2 h),,Wake Forest University,,
MIN 690,Topics Courses. (1-3 h),,Wake Forest University,,
MIN 690A,Topics in Ministerial Studies. (1-3 h),,Wake Forest University,,
MIN 690B,Topics in Ministerial Studies. (1-3 h),,Wake Forest University,,
MIN 690C,Topics in Ministerial Studies. (1-3 h),,Wake Forest University,,
MIN 690D,Topics in Ministerial Studies. (1-3 h),,Wake Forest University,,
MIN 690E,Topics in Ministerial Studies. (1-3 h),,Wake Forest University,,
MIN 690F,Topics in Ministerial Studies. (1-3 h),,Wake Forest University,,
MIN 690G,Topics in Ministerial Studies. (1-3 h),,Wake Forest University,,
MIN 690H,Topics in Ministerial Studies. (1-3 h),,Wake Forest University,,
MIN 705,Integrative Capstone. (3 h),,Wake Forest University,,
MIN 740,Theological Reflection as Praxis. (3 h),,Wake Forest University,,
MIN 750,Analyzing Communities and Contexts. (3 h),,Wake Forest University,,
MIN 760,Transformational Religious Leadership. (3 h),,Wake Forest University,,
MIN 770,DMin Project Seminar/Proposal. (3 h),,Wake Forest University,,
MIN 775,DMin Project Seminar/Research & Writing. (3 h),,Wake Forest University,,
MIN 780,DMin Project Seminar/Presentation. (3 h),,Wake Forest University,,
SPI 501,Introduction to Christian Spiritualities and the Religious Leader's Spiritual Life. (3 h),,Wake Forest University,,
SPI 530,"Liturgical Writing as Spiritual, Theological, and Prophetic Act. (1-3 h)",,Wake Forest University,,
SPI 535,Worship as Spiritual Practice. (3 h),,Wake Forest University,,
SPI 540,Music and the Church. (3 h),,Wake Forest University,,
SPI 574,Listening for God: Poetry and Lyricism in Pastoral Care. (3 h),,Wake Forest University,,
SPI 630,Womanist Theopoetics. (3 h),,Wake Forest University,,
SPI 670,Classics of Christian Devotion. (3 h),,Wake Forest University,,
SPI 671,Spiritual Writers. (3 h),,Wake Forest University,,
SPI 672,The Mysticism of Howard Thurman. (3 h),,Wake Forest University,,
SPI 680A,Readings for Holy Land Pilgrimage. (1 h),,Wake Forest University,,
SPI 680B,Holy Land Pilgrimage. (2 h),,Wake Forest University,,
SPI 690,Topics Courses. (1-3 h),,Wake Forest University,,
SPI 690A,Topics in Spirituality. (1-3 h),,Wake Forest University,,
SPI 690B,Topics in Spirituality. (1-3 h),,Wake Forest University,,
SPI 690C,Topics in Spirituality. (1-3 h),,Wake Forest University,,
SPI 690D,Topics in Spirituality. (1-3 h),,Wake Forest University,,
SPI 690E,Topics in Spirituality. (1-3 h),,Wake Forest University,,
SPI 690F,Topics in Spirituality. (1-3 h),,Wake Forest University,,
THS 501,Christian Theologies in Context. (3 h),,Wake Forest University,,
THS 521,Foundations of Christian Ethics. (3 h),,Wake Forest University,,
THS 522,Introduction to Theological Ethics. (3 h),,Wake Forest University,,
THS 611,Contemporary Christology. (3 h),,Wake Forest University,,
THS 612,Theological Anthropology. (3 h),,Wake Forest University,,
THS 614,Contemporary Ecclesiologies. (3 h),,Wake Forest University,,
THS 618,"Feminist, Womanist, Mujerista Theologies. (3 h)",,Wake Forest University,,
THS 619,Readings in Queer Theology. (1-3 h),,Wake Forest University,,
THS 630,The Problem of Evil. (3 h),,Wake Forest University,,
THS 631,Black Theologies in the U.S.. (3 h),,Wake Forest University,,
THS 633,Power in the Blood. (3 h),,Wake Forest University,,
THS 635,"Mary, Saints, Martyrs, and Ancestors: The Politics of Holiness. (3 h)",,Wake Forest University,,
THS 640,Latin American Liberation Theologies. (3 h),,Wake Forest University,,
THS 642,Theology and Disability. (1-3 h),,Wake Forest University,,
THS 643,Dangerous Memories: Theologies and Practices of Remembering Suffering. (3 h),,Wake Forest University,,
THS 645,Contemporary Ecotheologies. (3 h),,Wake Forest University,,
THS 648,Readings in Liturgical Theology: Denominations and Worship. (1 h),,Wake Forest University,,
THS 650,"Ecowomanism: Religion, Gender and Environmental Justice. (3 h)",,Wake Forest University,,
THS 651,Christianity and Public Policy. (3 h),,Wake Forest University,,
THS 652,Religious Traditions and Human Rights. (3 h),,Wake Forest University,,
THS 653,Church and State in America. (3 h),,Wake Forest University,,
THS 654,Contemporary Ethical Issues. (3 h),,Wake Forest University,,
THS 660,Postmodernism and Christian Ethics. (1-3 h),,Wake Forest University,,
THS 661,"Classics of Modern Theological Ethics: Kierkegaard, Bonhoeffer, Barth, and Tillich. (1-3 h)",,Wake Forest University,,
THS 662,Nietzsche and Kierkegaard. (3 h),,Wake Forest University,,
THS 663,Neuroethics. (3 h),,Wake Forest University,,
THS 664,Biotechnology and Ethics. (3 h),,Wake Forest University,,
THS 681,Christian Responses to Immigration. (3 h),,Wake Forest University,,
THS 690,Topics Courses. (1-3 h),,Wake Forest University,,
THS 690B,Topics in Theological Studies. (1-3 h),,Wake Forest University,,
THS 690C,Topics in Theological Studies. (1-3 h),,Wake Forest University,,
THS 690D,Topics in Theological Studies. (1-3 h),,Wake Forest University,,
THS 735,Grace: Classic and Contemporary Perspectives. (3 h),,Wake Forest University,,
THS 790A,Topics in Theological Studies. (1-3 h),,Wake Forest University,,
ANT 601,"Free Trade, Fair Trade: Independent Entrepreneurs in the Global Market. (3 h)",,Wake Forest University,Graduate,
ANT 605,Museum Anthropology. (3 h),,Wake Forest University,Graduate,
ANT 607,Collections Management Practicum. (1.5 h),,Wake Forest University,Graduate,
ANT 608,Archaeological Theory and Practice. (3 h),,Wake Forest University,Graduate,
ANT 615,Artifact Analysis and Laboratory Methods in Archeology. (3 h),,Wake Forest University,Graduate,
ANT 618,Prehistory and Archaeology of Europe. (3 h),,Wake Forest University,Graduate,
ANT 625,Roots of Racism: Race and Ethnic Diversity in the U.S. (3 h),,Wake Forest University,Graduate,
ANT 627,Global Justice and Human Rights in Latin America. (3 h),,Wake Forest University,Graduate,
ANT 629,Feminist Anthroplogy. (3 h),,Wake Forest University,Graduate,
ANT 632,Anthropology of Gender. (3 h),,Wake Forest University,Graduate,
ANT 633,Language and Gender. (3 h),,Wake Forest University,Graduate,
ANT 634,Peoples and Cultures of South Asia. (3 h),,Wake Forest University,Graduate,
ANT 635,Anthropology of Space and Place in the U.S.. (3-4 h),,Wake Forest University,Graduate,
ANT 636,"Myth, Ritual, and Symbolism. (3 h)",,Wake Forest University,Graduate,
ANT 637,Economic Anthropology. (3 h),,Wake Forest University,Graduate,
ANT 639,Culture and Nature. (3 h),,Wake Forest University,Graduate,
ANT 640,Anthropological Theory. (3 h),,Wake Forest University,Graduate,
ANT 642,Development Wars: Applying Anthropology. (3 h),,Wake Forest University,Graduate,
ANT 647,Warfare and Violent Conflict. (3 h),,Wake Forest University,Graduate,
ANT 650,"Language, Indigeneity and Globalization. (3 h)",,Wake Forest University,Graduate,
ANT 653,Language in Education. (3 h),,Wake Forest University,Graduate,
ANT 654,Field Methods in Linguistic Anthropology. (3 h),,Wake Forest University,Graduate,
ANT 655,Language and Culture. (3 h),,Wake Forest University,Graduate,
ANT 658,Native Peoples of North America. (3 h),,Wake Forest University,Graduate,
ANT 660,Anthropology of Global Health. (3 h),,Wake Forest University,Graduate,
ANT 661,Evolution of Human Behavior. (3 h),,Wake Forest University,Graduate,
ANT 662,Medical Anthropology. (3 h),,Wake Forest University,Graduate,
ANT 663,Primate Behavior and Biology. (3 h),,Wake Forest University,Graduate,
ANT 664,Primate Evolutionary Biology. (3 h),,Wake Forest University,Graduate,
ANT 666,Human Evolution. (3 h),,Wake Forest University,Graduate,
ANT 667,Human Biological Diversity. (3 h),,Wake Forest University,Graduate,
ANT 668,Human Osteology. (3 h),,Wake Forest University,Graduate,
ANT 670,Old World Prehistory. (3 h),,Wake Forest University,Graduate,
ANT 674,North American Archaeology. (3 h),,Wake Forest University,Graduate,
ANT 677,"Ancestors, Indians, Immigrants: A Southwest Cultural Tapestry. (3 h)",,Wake Forest University,Graduate,
ANT 678,Conservation Archeology. (1.5 h),,Wake Forest University,Graduate,
ANT 680,Anthropological Statistics. (3 h),,Wake Forest University,Graduate,
ANT 681,Field Program in Anthropological Archaeology. (3 h),,Wake Forest University,Graduate,
ANT 682,Field Program in Anthropological Archaeology. (3 h),,Wake Forest University,Graduate,
ANT 683,Field Program in Cultural Anthropology. (3 h),,Wake Forest University,Graduate,
ANT 684,Field Program in Cultural Anthropology. (3 h),,Wake Forest University,Graduate,
ANT 685,Special Problems Seminar. (3 h),,Wake Forest University,Graduate,
ANT 686,Special Problems Seminar. (3 h),,Wake Forest University,Graduate,
ANT 687,Ethnographic Research Methods. (3 h),,Wake Forest University,Graduate,
ANT 698,Individual Study. (1-3 h),,Wake Forest University,Graduate,
ANT 785,Directed Research and Reading. (1-3 h),,Wake Forest University,Graduate,
ARB 611,Elementary Arabic I. (3 h),,Wake Forest University,Graduate,
ARB 612,Elementary Arabic II. (3 h),,Wake Forest University,Graduate,
ARB 653,Intermediate Arabic I. (4 h),,Wake Forest University,Graduate,
ARB 701,Intermediate Arabic II. (3 h),,Wake Forest University,Graduate,
ARB 730,Upper Intermediate Arabic I. (3 h),,Wake Forest University,Graduate,
ARB 731,Upper Intermediate Arabic II. (3 h),,Wake Forest University,Graduate,
ART 600,Introduction to Filmmaking. (4 h),,Wake Forest University,Graduate,
ART 614,Filmmaking: Site Specific. (4 h),,Wake Forest University,Graduate,
ART 624,Filmmaking: Cyberspace. (4 h),,Wake Forest University,Graduate,
ART 628,Filmmaking: Theatre Works. (4 h),,Wake Forest University,Graduate,
ART 685,Global Contemporary Art. (3 h),,Wake Forest University,Graduate,
ART 696,Art History Seminar. (3 h),,Wake Forest University,Graduate,
ART 697,Advanced Topics in Studio Art. (3 h),,Wake Forest University,Graduate,
BIE 619,Concepts of Health and Disease. (2-3 h),,Wake Forest University,Graduate,
BIE 690,Special Topics. (1-3 h),,Wake Forest University,Graduate,
BIE 701,Historical Foundations of Bioethics. (2-3 h),,Wake Forest University,Graduate,
BIE 702,Biomedical Research Ethics. (3 h),,Wake Forest University,Graduate,
BIE 703,Bioethics Theory. (3 h),,Wake Forest University,Graduate,
BIE 704,Public Policy Medicine Justice. (3 h),,Wake Forest University,Graduate,
BIE 705,Clinical Ethics. (3 h),,Wake Forest University,Graduate,
BIE 706,Learning and Doing Bioethics. (3 h),,Wake Forest University,Graduate,
BIE 707,Learning and Doing Bioethics. (3 h),,Wake Forest University,Graduate,
BIE 708,Research Methods. (2 h),,Wake Forest University,Graduate,
BIE 711,Current Topics in Clinical and Biomedical Research Ethics. (2-3 h),,Wake Forest University,Graduate,
BIE 713,Medical Liability and Treatment Relationships. (2-3 h),,Wake Forest University,Graduate,
BIE 715,Bioethics and Religion. (2-3 h),,Wake Forest University,Graduate,
BIE 721,Research Independent Study. (1-3 h),,Wake Forest University,Graduate,
BIE 722,Research Independent Study. (1-3 h),,Wake Forest University,Graduate,
BIE 725,Health Care Law and Policy. (2-3 h),,Wake Forest University,Graduate,
BIE 731,Bioethics at Work: The IRB. (1-3 h),,Wake Forest University,Graduate,
BIE 733,Bioethics at Work: The Clinical Context. (1-3 h),,Wake Forest University,Graduate,
BIE 737,Genetics and Bioethics. (3 h),,Wake Forest University,Graduate,
BIE 739,Neuroethics. (3 h),,Wake Forest University,Graduate,
BIE 741,Narrative and Bioethics. (3 h),,Wake Forest University,Graduate,
BIE 757,Biotechnology Law & Policy. (2-3 h),,Wake Forest University,Graduate,
BIE 790,Biotechnology and Ethics. (3 h),,Wake Forest University,Graduate,
BIE 791,Thesis Research. (1-6 h),,Wake Forest University,Graduate,
BIE 792,Thesis Research. (1-6 h),,Wake Forest University,Graduate,
BIE 795,Capstone Project. (1-4 h),,Wake Forest University,Graduate,
BIO 601,Topics in Biology. (1-4 h),,Wake Forest University,Graduate,
BIO 602,Topics in Biology. (1-4 h),,Wake Forest University,Graduate,
BIO 603,Topics in Biology. (1-4 h),,Wake Forest University,Graduate,
BIO 604,Topics in Biology. (1-4 h),,Wake Forest University,Graduate,
BIO 605,Topics in Biology. (1-4 h),,Wake Forest University,Graduate,
BIO 607,Biophysics. (3 h),,Wake Forest University,Graduate,
BIO 608,Biomechanics. (3 h),,Wake Forest University,Graduate,
BIO 608L,Biomechanics Lab. (1 h),,Wake Forest University,Graduate,
BIO 609,Comparative Anatomy. (4 h),,Wake Forest University,Graduate,
BIO 610,Community Ecology and Global Change. (4 h),,Wake Forest University,Graduate,
BIO 611,Ecology and Conservation Biology of Coral Reefs. (4 h),,Wake Forest University,Graduate,
BIO 613,Herpetology. (4 h),,Wake Forest University,Graduate,
BIO 614,Evolution. (3 h),,Wake Forest University,Graduate,
BIO 614L,Evolution Lab. (1 h),,Wake Forest University,Graduate,
BIO 615,Population Genetics. (3 h),,Wake Forest University,Graduate,
BIO 615L,Population Genetics Lab. (1 h),,Wake Forest University,Graduate,
BIO 616,Biology of Birds. (4 h),,Wake Forest University,Graduate,
BIO 617,Plant Physiology and Development. (3 h),,Wake Forest University,Graduate,
BIO 617L,Plant Physiology and Development Lab. (1 h),,Wake Forest University,Graduate,
BIO 619,Biology of Soils. (3 h),,Wake Forest University,Graduate,
BIO 619L,Biology of Soils Lab. (1 h),,Wake Forest University,Graduate,
BIO 623,Animal Behavior. (3 h),,Wake Forest University,Graduate,
BIO 623L,Animal Behavior Lab. (1 h),,Wake Forest University,Graduate,
BIO 624,Hormones and Behavior. (3 h),,Wake Forest University,Graduate,
BIO 627,Mycology: Biology of Fungi. (4 h),,Wake Forest University,Graduate,
BIO 630,Land and Natural-Resources Management. (3 h),,Wake Forest University,Graduate,
BIO 632,Microbiology. (4 h),,Wake Forest University,Graduate,
BIO 634,Parasitology. (4 h),,Wake Forest University,Graduate,
BIO 636,Development. (3 h),,Wake Forest University,Graduate,
BIO 636L,Development Lab. (1 h),,Wake Forest University,Graduate,
BIO 639,Animal Cognition. (3 h),,Wake Forest University,Graduate,
BIO 640,Ecology. (4 h),,Wake Forest University,Graduate,
BIO 641,Marine Biology. (3 h),,Wake Forest University,Graduate,
BIO 641L,Marine Biology Lab. (1 h),,Wake Forest University,Graduate,
BIO 642,Oceanography. (4 h),,Wake Forest University,Graduate,
BIO 646,Neurobiology. (3 h),,Wake Forest University,Graduate,
BIO 646L,Neurobiology Lab. (1 h),,Wake Forest University,Graduate,
BIO 648,Physiological Plant Ecology. (3 h),,Wake Forest University,Graduate,
BIO 648L,Physiological Plant Ecology Lab. (1 h),,Wake Forest University,Graduate,
BIO 649,Tropical Biodiversity of the Amazon and Andes. (4 h),,Wake Forest University,Graduate,
BIO 652,Developmental Neuroscience. (4 h),,Wake Forest University,Graduate,
BIO 653,Functional Neuroanatomy. (3 h),,Wake Forest University,Graduate,
BIO 656,Ecology and Resource Management of Southeast Australia. (4 h),,Wake Forest University,Graduate,
BIO 660,Metabolic Diseases. (3 h),,Wake Forest University,Graduate,
BIO 662,Immunology. (3 h),,Wake Forest University,Graduate,
BIO 663,Sensory Biology. (3 h),,Wake Forest University,Graduate,
BIO 663L,Sensory Biology Lab. (1 h),,Wake Forest University,Graduate,
BIO 665,Biology of the Cell. (3 h),,Wake Forest University,Graduate,
BIO 665L,Biology of the Cell Lab. (1 h),,Wake Forest University,Graduate,
BIO 667,Virology. (3 h),,Wake Forest University,Graduate,
BIO 669,Cancer Biology. (3 h),,Wake Forest University,Graduate,
BIO 670,Biochemistry: Macromolecules and Metabolism. (3 h),,Wake Forest University,Graduate,
BIO 670L,Biochemistry Lab. (1 h),,Wake Forest University,Graduate,
BIO 671L,Advanced Biochemistry Lab. (1 h),,Wake Forest University,Graduate,
BIO 672,Advanced Molecular Biology. (3 h),,Wake Forest University,Graduate,
BIO 672L,Advanced Molecular Biology Lab. (1 h),,Wake Forest University,Graduate,
BIO 674,Neuropharmacology. (3 h),,Wake Forest University,Graduate,
BIO 679,Introduction to Geographic Information Systems (GIS). (4 h),,Wake Forest University,Graduate,
BIO 680,Biostatistics. (3 h),,Wake Forest University,Graduate,
BIO 681,Epigenetics. (3 h),,Wake Forest University,Graduate,
BIO 681L,Epigenetics Lab. (1 h),,Wake Forest University,Graduate,
BIO 682,Molecular Signaling. (3 h),,Wake Forest University,Graduate,
BIO 683,Genomics. (3 h),,Wake Forest University,Graduate,
BIO 683L,Genomics Lab. (1 h),,Wake Forest University,Graduate,
BIO 685,Bioinformatics. (3 h),,Wake Forest University,Graduate,
BIO 686,Genetics and African Diaspora. (3 h),,Wake Forest University,Graduate,
BIO 687,Computational Systems Biology. (3 h),,Wake Forest University,Graduate,
BIO 688,Methods in Molecular Genetics. (4 h),,Wake Forest University,Graduate,
BIO 701,Topics in Biology. (1-4 h),,Wake Forest University,Graduate,
BIO 702,Topics in Biology. (1-4 h),,Wake Forest University,Graduate,
BIO 703,Topics in Biology. (1-4 h),,Wake Forest University,Graduate,
BIO 704,Topics in Biology. (1-4 h),,Wake Forest University,Graduate,
BIO 705,Topics in Biology. (1-4 h),,Wake Forest University,Graduate,
BIO 706,Topics in Biology. (1-4 h),,Wake Forest University,Graduate,
BIO 707,Topics in Biology. (1-4 h),,Wake Forest University,Graduate,
BIO 708,Topics in Biology. (1-4 h),,Wake Forest University,Graduate,
BIO 711,Directed Study in Biology. (1 h),,Wake Forest University,Graduate,
BIO 712,Directed Study in Biology. (1 h),,Wake Forest University,Graduate,
BIO 715,Foundations of Physiology. (1-4 h),,Wake Forest University,Graduate,
BIO 716,Signal Transduction. (2 h),,Wake Forest University,Graduate,
BIO 717,Developmental Mechanism. (2 h),,Wake Forest University,Graduate,
BIO 718,Gene Expression. (2 h),,Wake Forest University,Graduate,
BIO 720,Integrative Biology I. (3 h),,Wake Forest University,Graduate,
BIO 721,Integrative Biology II. (3 h),,Wake Forest University,Graduate,
BIO 725,Plant Genetics. (1-2 h),,Wake Forest University,Graduate,
BIO 726,Plant Physiology. (1-2 h),,Wake Forest University,Graduate,
BIO 727,Plant Evolution. (1-2 h),,Wake Forest University,Graduate,
BIO 728,Plant Ecology. (1-2 h),,Wake Forest University,Graduate,
BIO 735,Foundations of Evolutionary Genetics. (2 h),,Wake Forest University,Graduate,
BIO 740,Physiological Ecolgy. (4 h),,Wake Forest University,Graduate,
BIO 757,Techniques in Mathematical Biology. (3 h),,Wake Forest University,Graduate,
BIO 767,Foundations of Ecology. (3 h),,Wake Forest University,Graduate,
BIO 775,Microscopy for the Biological Sciences. (4 h),,Wake Forest University,Graduate,
BIO 778,Advanced Ecology. (4 h),,Wake Forest University,Graduate,
BIO 781,Statistical Models and Data in R. (4 h),,Wake Forest University,Graduate,
BIO 783,Teaching Skills and Instructional Development. (3 h),,Wake Forest University,Graduate,
BIO 785,Teacher-Scholar Professional Development I. (1 h),,Wake Forest University,Graduate,
BIO 786,Teacher-Scholar Professional Development II. (1 h),,Wake Forest University,Graduate,
BIO 789,Research Seminar. (1 h),,Wake Forest University,Graduate,
BIO 791,Thesis Research I. (1-9 h),,Wake Forest University,Graduate,
BIO 792,Thesis Research II. (1-9 h),,Wake Forest University,Graduate,
BIO 891,Dissertation Research I. (1-9 h),,Wake Forest University,Graduate,
BIO 892,Dissertation Research II. (1-9 h),,Wake Forest University,Graduate,
CHM 621,Intermediate Organic Chemistry. (3 h),,Wake Forest University,Graduate,
CHM 623,Organic Analysis. (4 h),,Wake Forest University,Graduate,
CHM 624,Medicinal Chemistry. (3 h),,Wake Forest University,Graduate,
CHM 625,Organic Synthesis. (4 h),,Wake Forest University,Graduate,
CHM 626,Organic Synthesis. (4 h),,Wake Forest University,Graduate,
CHM 634,Chemical Analysis. (3-4 h),,Wake Forest University,Graduate,
CHM 641,Physical Chemistry. (3-4 h),,Wake Forest University,Graduate,
CHM 642,Physical Chemistry. (3-4 h),,Wake Forest University,Graduate,
CHM 644,Physical Chemistry. (3-4 h),,Wake Forest University,Graduate,
CHM 648,Electronic Structure Theory and Computational Chemistry. (3 h),,Wake Forest University,Graduate,
CHM 651,Special Topics in Biochemistry. (3 h),,Wake Forest University,Graduate,
CHM 656,Chemical Spectroscopy. (1.5 h),,Wake Forest University,Graduate,
CHM 657,Chemical Spectroscopy. (1.5 h),,Wake Forest University,Graduate,
CHM 661,Inorganic Chemistry. (3-4 h),,Wake Forest University,Graduate,
CHM 662,Nanochemistry in Energy and Medicine. (3 h),,Wake Forest University,Graduate,
CHM 664,Materials Chemistry. (3 h),,Wake Forest University,Graduate,
CHM 664L,Materials Chemistry Lab. (1 h),,Wake Forest University,Graduate,
CHM 666,Chemistry and Physics of Solid State Materials. (3 h),,Wake Forest University,Graduate,
CHM 670,Biochemistry: Macromolecules and Metabolism. (3 h),,Wake Forest University,Graduate,
CHM 673,Biochemistry Protein and Nucleic Acid Structure and Function. (3 h),,Wake Forest University,Graduate,
CHM 676,Biophysical Chemistry. (3 h),,Wake Forest University,Graduate,
CHM 681,Chemistry Seminar and Literature. (0.5 h),,Wake Forest University,Graduate,
CHM 682,Chemistry Seminar and Literature. (0.5 h),,Wake Forest University,Graduate,
CHM 701,Advanced Physical Chemistry. (3 h),,Wake Forest University,Graduate,
CHM 711,Directed Study in Chemistry. (1-2 h),,Wake Forest University,Graduate,
CHM 712,Directed Study in Chemistry. (1-2 h),,Wake Forest University,Graduate,
CHM 721,Advanced Organic Chemistry. (3 h),,Wake Forest University,Graduate,
CHM 722,Physical Organic Chemistry. (3 h),,Wake Forest University,Graduate,
CHM 723,Transition-Metal Organic Chemistry. (3 h),,Wake Forest University,Graduate,
CHM 724,Organic Synthesis. (3 h),,Wake Forest University,Graduate,
CHM 725,Structure Identification in Organic Chemistry. (3 h),,Wake Forest University,Graduate,
CHM 726,Reactive Intermediates. (3 h),,Wake Forest University,Graduate,
CHM 735,Spectrochemical Analysis. (3 h),,Wake Forest University,Graduate,
CHM 736,Chemical Separations. (3 h),,Wake Forest University,Graduate,
CHM 737,Electrochemical Processes. (3 h),,Wake Forest University,Graduate,
CHM 738,Statistics for Analytical Chemistry. (3 h),,Wake Forest University,Graduate,
CHM 739,Special Topics in Analytical Chemistry. (3 h),,Wake Forest University,Graduate,
CHM 740,"Drug Discovery, Design, and Development - Molecules to Medicines. (3 h)",,Wake Forest University,Graduate,
CHM 745,Statistical Thermodynamics. (3 h),,Wake Forest University,Graduate,
CHM 746,Chemical Kinetics. (3 h),,Wake Forest University,Graduate,
CHM 747,Self-Organization in Nonequilibrium Chemistry. (3 h),,Wake Forest University,Graduate,
CHM 751,Biochemistry of Nucleic Acids. (1.5-3 h),,Wake Forest University,Graduate,
CHM 752,Protein Chemistry. (1.5-3 h),,Wake Forest University,Graduate,
CHM 753,Chemical Biology. (3 h),,Wake Forest University,Graduate,
CHM 754,Integrated Protein Design. (3 h),,Wake Forest University,Graduate,
CHM 755,Biomolecular Mass Spectrometry: Fundamentals and Applications. (1.5-3 h),,Wake Forest University,Graduate,
CHM 756,Biomolecular NMR. (1.5 h),,Wake Forest University,Graduate,
CHM 757,Macromolecular Crysallography. (1.5 h),,Wake Forest University,Graduate,
CHM 761,Chemistry of the Main Group Elements. (3 h),,Wake Forest University,Graduate,
CHM 762,Coordination Chemistry. (3 h),,Wake Forest University,Graduate,
CHM 764,Chemical Applications of Group Theory and Symmetry. (3 h),,Wake Forest University,Graduate,
CHM 765,Bioinorganic Chemistry. (3 h),,Wake Forest University,Graduate,
CHM 771,Quantum Chemistry. (3 h),,Wake Forest University,Graduate,
CHM 791,Thesis Research I. (1-9 h),,Wake Forest University,Graduate,
CHM 792,Thesis Research II. (1-9 h),,Wake Forest University,Graduate,
CHM 829,Tutorial in Organic Chemistry. (3 h),,Wake Forest University,Graduate,
CHM 830,Heterocyclic Chemistry. (3 h),,Wake Forest University,Graduate,
CHM 831,Principles of Chemical Carcinogenesis. (3 h),,Wake Forest University,Graduate,
CHM 832,Theoretical Organic Chemistry. (3 h),,Wake Forest University,Graduate,
CHM 833,Advanced Reaction Mechanisms. (3 h),,Wake Forest University,Graduate,
CHM 838,Advances in Analytical Chemistry - Luminescence Spectroscopy. (3 h),,Wake Forest University,Graduate,
CHM 839,Tutorial in Analytical Chemistry. (2-3 h),,Wake Forest University,Graduate,
CHM 843,Tutorial in Advanced Kinetics. (3 h),,Wake Forest University,Graduate,
CHM 844,Tutorial in Thermodynamics/Statistical Mechanics. (3 h),,Wake Forest University,Graduate,
CHM 848,Lasers in Physical Chemistry. (3 h),,Wake Forest University,Graduate,
CHM 849,Tutorial in Chiral Asymmetry in Chemistry and Physics. (3 h),,Wake Forest University,Graduate,
CHM 861,Analytical and Inorganic Applications of Electrochemistry. (3 h),,Wake Forest University,Graduate,
CHM 862,Special Topics in Coordination Chemistry. (3 h),,Wake Forest University,Graduate,
CHM 863,Crystallography. (3 h),,Wake Forest University,Graduate,
CHM 864,Modern Chemical Spectroscopy. (3 h),,Wake Forest University,Graduate,
CHM 865,Metallopharmaceuticals. (3 h),,Wake Forest University,Graduate,
CHM 869,Tutorial in Inorganic Chemistry. (3 h),,Wake Forest University,Graduate,
CHM 871,Advanced Quantum Chemistry. (3 h),,Wake Forest University,Graduate,
CHM 879,Tutorial in Theoretical Chemistry. (3 h),,Wake Forest University,Graduate,
CHM 888,Dependent Proposal. (3 h),,Wake Forest University,Graduate,
CHM 889,Independent Proposal. (3 h),,Wake Forest University,Graduate,
CHM 891,Dissertation Research I. (1-9 h),,Wake Forest University,Graduate,
CHM 892,Dissertation Research II. (1-9 h),,Wake Forest University,Graduate,
CNS 721,Research and Statistical Analysis in Counseling. (3 h),,Wake Forest University,Graduate,
CNS 723,Statistical Analysis for the Helping Professions. (3 h),,Wake Forest University,Graduate,
CNS 736,Appraisal Procedures for Counselors. (3 h),,Wake Forest University,Graduate,
CNS 737,Basic Counseling Skills and Techniques. (3 h),,Wake Forest University,Graduate,
CNS 738A,Counseling Practicum - School. (3 h),,Wake Forest University,Graduate,
CNS 738B,Counseling Practicum - Clinical Mental Health. (3 h),,Wake Forest University,Graduate,
CNS 739,Advanced Counseling Skills and Crisis Management. (3 h),,Wake Forest University,Graduate,
CNS 740,Professional Orientation to Counseling. (3 h),,Wake Forest University,Graduate,
CNS 741,Theories and Models of Counseling. (3 h),,Wake Forest University,Graduate,
CNS 742,Group Procedures in Counseling. (3 h),,Wake Forest University,Graduate,
CNS 743,Career Development and Counseling. (3 h),,Wake Forest University,Graduate,
CNS 744A,Counseling Internship I: School. (2-3 h),,Wake Forest University,Graduate,
CNS 744B,Counseling Internship I: Clinical Mental Health. (2-3 h),,Wake Forest University,Graduate,
CNS 744C,Counseling Internship I: Addiction. (2-3 h),,Wake Forest University,Graduate,
CNS 745A,Counseling Internship II: School. (2-3 h),,Wake Forest University,Graduate,
CNS 745B,Counseling Internship II: Clinical Mental Health. (2-3 h),,Wake Forest University,Graduate,
CNS 745C,Counseling Internship II: Addiction. (2-3 h),,Wake Forest University,Graduate,
CNS 746,Counseling Children. (3 h),,Wake Forest University,Graduate,
CNS 747,Cultures and Counseling. (3 h),,Wake Forest University,Graduate,
CNS 748,Life Span Development: Implications for Counseling. (3 h),,Wake Forest University,Graduate,
CNS 749,School Guidance and Counseling. (3 h),,Wake Forest University,Graduate,
CNS 750,"The Vienna Theorists-Freud, Adler, Moreno and Frankl. (3 h)",,Wake Forest University,Graduate,
CNS 752,Human Services Administration. (3 h),,Wake Forest University,Graduate,
CNS 753,Human Services Program Planning and Evaluation. (3 h),,Wake Forest University,Graduate,
CNS 754,Human Services Field Experience. (1-3 h),,Wake Forest University,Graduate,
CNS 755A,Counseling Internship III: School. (2 h),,Wake Forest University,Graduate,
CNS 755B,Counseling Internship III: Clinical Mental Health. (2 h),,Wake Forest University,Graduate,
CNS 755C,Counseling Internship III: Addiction. (2 h),,Wake Forest University,Graduate,
CNS 760,Issues in School Counseling. (3 h),,Wake Forest University,Graduate,
CNS 762,Case Formulation and Treatment Planning in Clinical Mental Health Counseling. (3 h),,Wake Forest University,Graduate,
CNS 763,Specialized Study in Counseling. (1-3 h),,Wake Forest University,Graduate,
CNS 764,Creative Arts in Counseling. (1-3 h),,Wake Forest University,Graduate,
CNS 765,Addiction Counseling. (3 h),,Wake Forest University,Graduate,
CNS 766,Crisis Prevention and Response. (3 h),,Wake Forest University,Graduate,
CNS 767,Human Sexuality. (3 h),,Wake Forest University,Graduate,
CNS 768,PsychoPharmacology for Counselors. (3 h),,Wake Forest University,Graduate,
CNS 769,Advanced Counseling in a Diverse Society. (3 h),,Wake Forest University,Graduate,
CNS 770,Classification of Mental and Emotional Disorders. (3 h),,Wake Forest University,Graduate,
CNS 771,Clinical Mental Health Counseling. (3 h),,Wake Forest University,Graduate,
CNS 772,Marriage and Family Systems. (3 h),,Wake Forest University,Graduate,
CNS 773,Family Counseling. (3 h),,Wake Forest University,Graduate,
CNS 774,Marriage Counseling. (3 h),,Wake Forest University,Graduate,
CNS 775,Marital and Family Health and Dysfunctionality. (3 h),,Wake Forest University,Graduate,
CNS 776,Assessment and Treatment Planning in Addictions. (3 h),,Wake Forest University,Graduate,
CNS 777,Addictions Counseling Skills. (3 h),,Wake Forest University,Graduate,
CNS 778,Addiction and the Family. (3 h),,Wake Forest University,Graduate,
CNS 780,"Professional, Ethical and Legal Issues in Counseling. (2 h)",,Wake Forest University,Graduate,
CNS 782,Developmental Counseling Psychology. (3 h),,Wake Forest University,Graduate,
CNS 786,Consultation and Technology in Counseling. (2 h),,Wake Forest University,Graduate,
CNS 790,Professional Identity Capstone. (2 h),,Wake Forest University,Graduate,
COM 602,Argumentation Theory. (3 h),,Wake Forest University,Graduate,
COM 603S,Directing the Forensics Program. (1-3 h),,Wake Forest University,Graduate,
COM 604,Freedom of Speech. (3 h),,Wake Forest University,Graduate,
COM 605,Communication and Ethics. (3 h),,Wake Forest University,Graduate,
COM 607,The Prophetic Mode in American Public Discourse. (3 h),,Wake Forest University,Graduate,
COM 610,Media Production II. (3 h),,Wake Forest University,Graduate,
COM 612,Film History to 1945. (3 h),,Wake Forest University,Graduate,
COM 613,Film History since 1945. (3 h),,Wake Forest University,Graduate,
COM 614,Media Effects. (3 h),,Wake Forest University,Graduate,
COM 615,Communication and Technology. (3 h),,Wake Forest University,Graduate,
COM 616,Screenwriting. (3 h),,Wake Forest University,Graduate,
COM 617,Communication and Popular Culture. (3 h),,Wake Forest University,Graduate,
COM 619,Media Ethics. (3 h),,Wake Forest University,Graduate,
COM 620,Media Theory and Criticism. (3 h),,Wake Forest University,Graduate,
COM 629,The Arab-Israeli-Palestinian Conflict as a Communication Phenomenon. (3 h),,Wake Forest University,Graduate,
COM 630,Communication and Conflict. (3 h),,Wake Forest University,Graduate,
COM 631,Communication and Terror. (3 h),,Wake Forest University,Graduate,
COM 634,Narrative Approaches to Entrepreneurship. (3 h),,Wake Forest University,Graduate,
COM 635,Survey of Organizational Communication. (3 h),,Wake Forest University,Graduate,
COM 636,Organizational Rhetoric. (3 h),,Wake Forest University,Graduate,
COM 637,Rhetoric of Institutions. (3 h),,Wake Forest University,Graduate,
COM 638,The Art of Twentieth-Century African-American Rhetoric. (3 h),,Wake Forest University,Graduate,
COM 639,Practices of Citizenship. (3 h),,Wake Forest University,Graduate,
COM 640,"Democracy, Slavery, and Sex: Emancipation Discourse from the Founding to the Civil War. (3 h)",,Wake Forest University,Graduate,
COM 641,"Class, Race, Sex and War: Emancipation Discourse from the Civil War to the Second Wave of Feminism. (3 h)",,Wake Forest University,Graduate,
COM 642,Political Communication. (3 h),,Wake Forest University,Graduate,
COM 643,Presidential Rhetoric. (3 h),,Wake Forest University,Graduate,
COM 646,"Sport, Media and Communication. (3 h)",,Wake Forest University,Graduate,
COM 650,Intecultural Communication. (3 h),,Wake Forest University,Graduate,
COM 651A,Comparative Communication: Japan. (1.5-3 h),,Wake Forest University,Graduate,
COM 653,Persuasion. (3 h),,Wake Forest University,Graduate,
COM 654,International Communication. (3 h),,Wake Forest University,Graduate,
COM 655,Health Communication. (3 h),,Wake Forest University,Graduate,
COM 656,Health Communication: Patient-Provider. (3 h),,Wake Forest University,Graduate,
COM 657,Health Communication Campaigns. (3 h),,Wake Forest University,Graduate,
COM 664,"Narrative, Communication, and Health. (3 h)",,Wake Forest University,Graduate,
COM 670,Special Topics. (1-4 h),,Wake Forest University,Graduate,
COM 680,Great Teachers. (3 h),,Wake Forest University,Graduate,
COM 719,Theory and Research Design in Communication Science. (3 h),,Wake Forest University,Graduate,
COM 720,Quantitative Analysis in Communication Science. (3 h),,Wake Forest University,Graduate,
COM 752,Contemporary Rhetorical and Communication Theory. (3 h),,Wake Forest University,Graduate,
COM 753,Seminar in Persuasion. (3 h),,Wake Forest University,Graduate,
COM 758,Rhetorical Theory. (3 h),,Wake Forest University,Graduate,
COM 759,Rhetorical Criticism. (3 h),,Wake Forest University,Graduate,
COM 763,Proseminar in Communication. (1.5 h),,Wake Forest University,Graduate,
COM 764,Proseminar in Communication. (1.5 h),,Wake Forest University,Graduate,
COM 773,Seminar in Interpersonal Communication. (3 h),,Wake Forest University,Graduate,
COM 774,Research and Theory of Organizational Communication. (3 h),,Wake Forest University,Graduate,
COM 780,Special Seminar. (1-3 h),,Wake Forest University,Graduate,
COM 781,Readings and Research in Speech Communication. (1-3 h),,Wake Forest University,Graduate,
COM 782,Readings and Research in Speech Communication. (1-3 h),,Wake Forest University,Graduate,
COM 791,Thesis Research I. (1-9 h),,Wake Forest University,Graduate,
COM 792,Thesis Research II. (1-9 h),,Wake Forest University,Graduate,
CRW 600,Topics in Creative Writing. (3 h),,Wake Forest University,Graduate,
CRW 684,Playwriting. (3 h),,Wake Forest University,Graduate,
CRW 685,Poetry Workshop. (3 h),,Wake Forest University,Graduate,
CRW 686,Fiction Workshop. (3 h),,Wake Forest University,Graduate,
CRW 687,Literary Nonfiction Workshop. (3 h),,Wake Forest University,Graduate,
CSC 611,Computer Architecture. (3 h),,Wake Forest University,Graduate,
CSC 621,Database Management Systems. (3 h),,Wake Forest University,Graduate,
CSC 622,Data Management and Analytics. (3 h),,Wake Forest University,Graduate,
CSC 631,Software Engineering. (3 h),,Wake Forest University,Graduate,
CSC 632,Mobile and Pervasive Computing. (3 h),,Wake Forest University,Graduate,
CSC 633,Principles of Translators for Compilers and Interpreters. (3 h),,Wake Forest University,Graduate,
CSC 641,Operating Systems. (3 h),,Wake Forest University,Graduate,
CSC 643,Internet Protocols. (3 h),,Wake Forest University,Graduate,
CSC 645,Cloud Platforms and Services. (3 h),,Wake Forest University,Graduate,
CSC 646,Parallel Computation. (3 h),,Wake Forest University,Graduate,
CSC 647,GPU Programming. (3 h),,Wake Forest University,Graduate,
CSC 648,Computer Security. (3 h),,Wake Forest University,Graduate,
CSC 652,Numerical Linear Algebra. (3 h),,Wake Forest University,Graduate,
CSC 655,Introduction to Numerical Methods. (3 h),,Wake Forest University,Graduate,
CSC 671,Artificial Intelligence. (3 h),,Wake Forest University,Graduate,
CSC 673,Data Mining. (3 h),,Wake Forest University,Graduate,
CSC 674,Machine Learning. (3 h),,Wake Forest University,Graduate,
CSC 675,Neural Networks and Deep Learning. (3 h),,Wake Forest University,Graduate,
CSC 676,Reinforcement Learning. (3 h),,Wake Forest University,Graduate,
CSC 685,Bioinformatics. (3 h),,Wake Forest University,Graduate,
CSC 687,Computational Systems Biology. (3 h),,Wake Forest University,Graduate,
CSC 691,Selected Topics. (1-3 h),,Wake Forest University,Graduate,
CSC 693,Individual Study. (1-2 h),,Wake Forest University,Graduate,
CSC 702,Theory of Computation. (3 h),,Wake Forest University,Graduate,
CSC 721,Theory of Algorithms. (3 h),,Wake Forest University,Graduate,
CSC 726,Parallel Algorithms. (3 h),,Wake Forest University,Graduate,
CSC 731,Compiler Optimization. (3 h),,Wake Forest University,Graduate,
CSC 743,Topics in Operating Systems. (3 h),,Wake Forest University,Graduate,
CSC 753,Nonlinear Optimization. (3 h),,Wake Forest University,Graduate,
CSC 754,Numerical Methods for Partial Differential Equations. (3 h),,Wake Forest University,Graduate,
CSC 765,Image Processing. (3 h),,Wake Forest University,Graduate,
CSC 766,Pattern Recognition. (3 h),,Wake Forest University,Graduate,
CSC 767,Computer Vision. (3 h),,Wake Forest University,Graduate,
CSC 775,Neural Networks. (3 h),,Wake Forest University,Graduate,
CSC 779,Topics in Artificial Intelligence. (3 h),,Wake Forest University,Graduate,
CSC 781,Computer Science Seminar. (1 h),,Wake Forest University,Graduate,
CSC 790,Advanced Topics. (3 h),,Wake Forest University,Graduate,
CSC 791,Thesis Research I. (1-9 h),,Wake Forest University,Graduate,
CSC 792,Thesis Research II. (1-9 h),,Wake Forest University,Graduate,
CSC 795,Project. (3 h),,Wake Forest University,Graduate,
CSC 796,Internship. (1-6 h),,Wake Forest University,Graduate,
DOC 600,Applied Communications Strategies I. (3 h),,Wake Forest University,Graduate,
DOC 601,Applied Communications Strategies II. (3 h),,Wake Forest University,Graduate,
DOC 701,Internship I. (1.5 h),,Wake Forest University,Graduate,
DOC 702,Internship II. (1.5 h),,Wake Forest University,Graduate,
DOC 703,Internship. (3 h),,Wake Forest University,Graduate,
DOC 713,Documentary Storytelling I. (3 h),,Wake Forest University,Graduate,
DOC 715,Cinematography and Sound. (3 h),,Wake Forest University,Graduate,
DOC 717,Fundamentals of Documentary Editing. (1.5 h),,Wake Forest University,Graduate,
DOC 718,Social Media and Marketing in the Creative Arts. (3 h),,Wake Forest University,Graduate,
DOC 722,Documentary Storytelling II. (3 h),,Wake Forest University,Graduate,
DOC 724,Advanced Story Editing. (3 h),,Wake Forest University,Graduate,
DOC 726,Advanced Sports Storytelling. (3 h),,Wake Forest University,Graduate,
DOC 728,Documentary History. (3 h),,Wake Forest University,Graduate,
DOC 730,"Sports, Culture and Society. (3 h)",,Wake Forest University,Graduate,
DOC 733,The Business of Sports Media. (3 h),,Wake Forest University,Graduate,
DOC 734,Advanced Cinematography and Sound. (3 h),,Wake Forest University,Graduate,
DOC 735,Documentary Law and Ethics. (3 h),,Wake Forest University,Graduate,
DOC 737,Documentary Storytelling III. (3 h),,Wake Forest University,Graduate,
DOC 746,Documentary Storytelling IV. (3 h),,Wake Forest University,Graduate,
DOC 748,Creative Thesis Project. (1-9 h),,Wake Forest University,Graduate,
DOC 750,The Imagination Project. (3 h),,Wake Forest University,Graduate,
DOC 751,Professional Seminar: Teaching in Higher Education. (3 h),,Wake Forest University,Graduate,
DOC 753,Individual Study. (1-3 h),,Wake Forest University,Graduate,
DOC 755,Professional Seminar: Entrepreneurial Filmmaking. (3 h),,Wake Forest University,Graduate,
DOC 764,Individual Study. (1-3 h),,Wake Forest University,Graduate,
DOC 766,Teaching Practicum. (3 h),,Wake Forest University,Graduate,
DOC 780,Special Topics. (1-3 h),,Wake Forest University,Graduate,
EDU 601,Microcomputer and Audiovisual Literacy. (3 h),,Wake Forest University,Graduate,
EDU 602,Production of Instructional Materials. (3 h),,Wake Forest University,Graduate,
EDU 603,History of Western Education. (3 h),,Wake Forest University,Graduate,
EDU 604,Social Justice Issues in Education. (3 h),,Wake Forest University,Graduate,
EDU 605,The Sociology of Education. (3 h),,Wake Forest University,Graduate,
EDU 606,Studies in the History and Philosophy of Education. (3 h),,Wake Forest University,Graduate,
EDU 609L,Introduction to Secondary Education. (3 h),,Wake Forest University,Graduate,
EDU 610,"Race, Class, and Gender in a Color-blind Society. (3 h)",,Wake Forest University,Graduate,
EDU 612,Teaching Exceptional Children. (3 h),,Wake Forest University,Graduate,
EDU 613,Human Growth and Development. (3 h),,Wake Forest University,Graduate,
EDU 614L,Elementary Teaching Rounds. (2 h),,Wake Forest University,Graduate,
EDU 616,Elementary Literacy Interventions. (3 h),,Wake Forest University,Graduate,
EDU 621,Advanced Issues and Trends in Education. (3 h),,Wake Forest University,Graduate,
EDU 637,TESOL Linguistics. (3 h),,Wake Forest University,Graduate,
EDU 641,Teaching Elementary Literacy. (3 h),,Wake Forest University,Graduate,
EDU 642,Teaching Elementary Social Studies and Methodology and Management Lab. (3 h),,Wake Forest University,Graduate,
EDU 643,"Teaching Elementary STEM (Science, Technology, Engineering, Mathematics). (3 h)",,Wake Forest University,Graduate,
EDU 650L,Student Teaching: Elementary. (9 h),,Wake Forest University,Graduate,
EDU 651,Adolescent Psychology. (4 h),,Wake Forest University,Graduate,
EDU 654,Content Pedagogy. (3 h),,Wake Forest University,Graduate,
EDU 654A,Content Pedagogy: Teaching Secondary English. (3 h),,Wake Forest University,Graduate,
EDU 654B,Content Pedagogy: Teaching Secondary Mathematics. (3 h),,Wake Forest University,Graduate,
EDU 654C,Content Pedagogy: Teaching Secondary Social Studies. (3 h),,Wake Forest University,Graduate,
EDU 654D,Content Pedagogy: Teaching Secondary Science. (3 h),,Wake Forest University,Graduate,
EDU 654E,Content Pedagogy: Teaching World Languages. (3 h),,Wake Forest University,Graduate,
EDU 654L,Content Pedagogy Rounds. (2 h),,Wake Forest University,Graduate,
EDU 655,Professional Seminar: Elementary. (3 h),,Wake Forest University,Graduate,
EDU 657,Crisis in Higher Education. (3 h),,Wake Forest University,Graduate,
EDU 661,Foundations of Education. (3 h),,Wake Forest University,Graduate,
EDU 664L,Student Teaching Internship. (9 h),,Wake Forest University,Graduate,
EDU 665,Professional Development Seminars. (3 h),,Wake Forest University,Graduate,
EDU 668,Professional Experience in Education. (3 h),,Wake Forest University,Graduate,
EDU 673,Comparative and International Education. (3 h),,Wake Forest University,Graduate,
EDU 674,Student Teaching Seminar. (1.5 h),,Wake Forest University,Graduate,
EDU 677,Literacy in the 21st Century. (3 h),,Wake Forest University,Graduate,
EDU 681,Special Needs Seminar. (1 h),,Wake Forest University,Graduate,
EDU 682,Reading and Writing in the Content Areas. (2 h),,Wake Forest University,Graduate,
EDU 683,Classroom Management Seminar. (1 h),,Wake Forest University,Graduate,
EDU 684,Creative Research Methodologies. (2 h),,Wake Forest University,Graduate,
EDU 685,Diversity Seminar. (1 h),,Wake Forest University,Graduate,
EDU 687,Tutoring Basic Writing. (2 h),,Wake Forest University,Graduate,
EDU 688,Writing Pedagogy. (3 h),,Wake Forest University,Graduate,
EDU 690,Methods and Materials for Teaching Foreign Language. (3 h),,Wake Forest University,Graduate,
EDU 693,Individual Study. (1-3 h),,Wake Forest University,Graduate,
EDU 695,Teaching Diverse Learners. (3 h),,Wake Forest University,Graduate,
EDU 698,Seminar in Secondary Education. (1 h),,Wake Forest University,Graduate,
EDU 705,Sociology of Education. (3 h),,Wake Forest University,Graduate,
EDU 707,Educational Policy and Practice. (3 h),,Wake Forest University,Graduate,
EDU 708,School and Society. (3 h),,Wake Forest University,Graduate,
EDU 711,Reading Theory and Practice. (3 h),,Wake Forest University,Graduate,
EDU 712,Learning and Cognitive Science. (3 h),,Wake Forest University,Graduate,
EDU 713,Classroom Climate: Classroom Management and Conflict Resolution. (3 h),,Wake Forest University,Graduate,
EDU 714,Advanced Content Pedagogy. (3 h),,Wake Forest University,Graduate,
EDU 715,Action Research. (3 h),,Wake Forest University,Graduate,
EDU 716,Professional Growth Seminar. (3 h),,Wake Forest University,Graduate,
EDU 717,"Instructional Design, Assessment and Technology. (3 h)",,Wake Forest University,Graduate,
EDU 718,Advanced Multimedia Technology in Education. (3 h),,Wake Forest University,Graduate,
EDU 721,Educational Research. (3 h),,Wake Forest University,Graduate,
EDU 723,Educational Statistics. (3 h),,Wake Forest University,Graduate,
EDU 725,Action Research II. (1 h),,Wake Forest University,Graduate,
EDU 730L,Service Learning: Tutoring. (1 h),,Wake Forest University,Graduate,
EDU 731,Foundations of Curriculum Development. (3 h),,Wake Forest University,Graduate,
EDU 733,Supervision of Instruction. (3 h),,Wake Forest University,Graduate,
EDU 735,Assessment of Teaching and Learning. (3 h),,Wake Forest University,Graduate,
EDU 745,Advanced Diverse Learners. (3 h),,Wake Forest University,Graduate,
EDU 747,Research and Trends in the Teaching of Foreign Languages. (3 h),,Wake Forest University,Graduate,
EDU 751,Adolescent Psychology. (3 h),,Wake Forest University,Graduate,
EDU 758,Studies in Educational Leadership. (3 h),,Wake Forest University,Graduate,
EDU 764,Seminar in Curriculum and Instruction. (3 h),,Wake Forest University,Graduate,
EDU 781,Methodology and Research. (3 h),,Wake Forest University,Graduate,
EDU 783,Readings and Research in Education. (1-3 h),,Wake Forest University,Graduate,
EDU 784,Research in Writing. (3 h),,Wake Forest University,Graduate,
EDU 785,The Teaching of Writing. (3 h),,Wake Forest University,Graduate,
EDU 787,Teaching Advanced Placement. (2-3 h),,Wake Forest University,Graduate,
EDU 788,Teaching Foreign Languages in the Elementary Grades. (2 h),,Wake Forest University,Graduate,
ENG 601,Individual Authors. (3 h),,Wake Forest University,Graduate,
ENG 602,Ideas in Literature. (3 h),,Wake Forest University,Graduate,
ENG 604,History of the English Language. (3 h),,Wake Forest University,Graduate,
ENG 605,Old English Language and Literature. (3 h),,Wake Forest University,Graduate,
ENG 608,Beowulf. (3 h),,Wake Forest University,Graduate,
ENG 609,Modern English Grammar. (3 h),,Wake Forest University,Graduate,
ENG 610,The Medieval World. (3 h),,Wake Forest University,Graduate,
ENG 611,The Legend of Arthur. (3 h),,Wake Forest University,Graduate,
ENG 612,Medieval Poetry. (3 h),,Wake Forest University,Graduate,
ENG 613,The Roots of Song. (3 h),,Wake Forest University,Graduate,
ENG 615,Chaucer. (3 h),,Wake Forest University,Graduate,
ENG 620,British Drama to 1642. (3 h),,Wake Forest University,Graduate,
ENG 623,Shakespeare. (3 h),,Wake Forest University,Graduate,
ENG 625,16th-Century British Literature. (3 h),,Wake Forest University,Graduate,
ENG 626,Studies in English Renaissance Literature. (3 h),,Wake Forest University,Graduate,
ENG 627,Milton. (3 h),,Wake Forest University,Graduate,
ENG 628,17th-Century British Literature. (3 h),,Wake Forest University,Graduate,
ENG 630,Restoration and 18th-Century British Literature. (3 h),,Wake Forest University,Graduate,
ENG 633,Jane Austen. (3 h),,Wake Forest University,Graduate,
ENG 635,Eighteenth-Century British Fiction. (3 h),,Wake Forest University,Graduate,
ENG 636,Restoration and Eighteenth-Century British Drama. (3 h),,Wake Forest University,Graduate,
ENG 637,Studies in 18th-Century British Literature. (3 h),,Wake Forest University,Graduate,
ENG 638,Studies in Gender and Literature. (3 h),,Wake Forest University,Graduate,
ENG 639,Studies in Sexuality and Literature. (3 h),,Wake Forest University,Graduate,
ENG 640,Studies in Women and Literature. (3 h),,Wake Forest University,Graduate,
ENG 641,Literature and the Environment. (3 h),,Wake Forest University,Graduate,
ENG 644,Studies in Poetry. (3 h),,Wake Forest University,Graduate,
ENG 645,Studies in Fiction. (3 h),,Wake Forest University,Graduate,
ENG 646,Studies in Theatre. (3 h),,Wake Forest University,Graduate,
ENG 647,Internship in the Major. (1.5 h),,Wake Forest University,Graduate,
ENG 648,English Studies and the Professions. (1.5 h),,Wake Forest University,Graduate,
ENG 650,British Romantic Poets. (3 h),,Wake Forest University,Graduate,
ENG 651,Studies in Romanticism. (3 h),,Wake Forest University,Graduate,
ENG 653,Nineteenth-Century British Fiction. (3 h),,Wake Forest University,Graduate,
ENG 654,Victorian Poetry. (3 h),,Wake Forest University,Graduate,
ENG 656,Literature of the Caribbean. (3 h),,Wake Forest University,Graduate,
ENG 657,Studies in Chicano/a Literature. (3 h),,Wake Forest University,Graduate,
ENG 658,Postcolonial Literature. (3 h),,Wake Forest University,Graduate,
ENG 659,Studies in Postcolonial Literature. (3 h),,Wake Forest University,Graduate,
ENG 660,Studies in Victorian Literature. (3 h),,Wake Forest University,Graduate,
ENG 661,Literature and Science. (3 h),,Wake Forest University,Graduate,
ENG 662,Irish Literature in the 20th-Century. (3 h),,Wake Forest University,Graduate,
ENG 663,Studies in Modernism. (3 h),,Wake Forest University,Graduate,
ENG 664,Studies in Literary Criticism. (3 h),,Wake Forest University,Graduate,
ENG 665,Twentieth-Century British Fiction. (3 h),,Wake Forest University,Graduate,
ENG 666,James Joyce. (3 h),,Wake Forest University,Graduate,
ENG 667,Twentieth-Century English Poetry. (3 h),,Wake Forest University,Graduate,
ENG 668,Studies in Irish Literature. (3 h),,Wake Forest University,Graduate,
ENG 669,Modern Drama. (3 h),,Wake Forest University,Graduate,
ENG 670,American Literature to 1820. (3 h),,Wake Forest University,Graduate,
ENG 671,American Ethnic Literature. (3 h),,Wake Forest University,Graduate,
ENG 672,American Romanticism. (3 h),,Wake Forest University,Graduate,
ENG 673,Literature and Film. (3 h),,Wake Forest University,Graduate,
ENG 674,American Fiction before 1865. (3 h),,Wake Forest University,Graduate,
ENG 675,American Drama. (3 h),,Wake Forest University,Graduate,
ENG 676,American Poetry before 1900. (3 h),,Wake Forest University,Graduate,
ENG 677,American Jewish Literature. (3 h),,Wake Forest University,Graduate,
ENG 678,Literature of the American South. (3 h),,Wake Forest University,Graduate,
ENG 679,Literary Forms of the American Personal Narrative. (3 h),,Wake Forest University,Graduate,
ENG 680,American Fiction from 1865 to 1915. (3 h),,Wake Forest University,Graduate,
ENG 681,Studies in African American Literature. (3 h),,Wake Forest University,Graduate,
ENG 682,"Modern American Fiction, 1915 to 1965. (3 h)",,Wake Forest University,Graduate,
ENG 685,Twentieth-Century American Poetry. (3 h),,Wake Forest University,Graduate,
ENG 686,Directed Reading. (1-3 h),,Wake Forest University,Graduate,
ENG 687,African-American Fiction. (3 h),,Wake Forest University,Graduate,
ENG 689,African-American Poetry. (3 h),,Wake Forest University,Graduate,
ENG 690,The Structure of English. (3 h),,Wake Forest University,Graduate,
ENG 691,Studies in Postmodernism. (3 h),,Wake Forest University,Graduate,
ENG 693,Multicultural American Drama. (3 h),,Wake Forest University,Graduate,
ENG 694,Contemporary Drama. (3 h),,Wake Forest University,Graduate,
ENG 695,Contemporary American Literature. (3 h),,Wake Forest University,Graduate,
ENG 696,Contemporary British Fiction. (3 h),,Wake Forest University,Graduate,
ENG 700,Teaching Internship. (1.5 h),,Wake Forest University,Graduate,
ENG 701,Individual Authors. (3 h),,Wake Forest University,Graduate,
ENG 702,Ideas in Literature. (3 h),,Wake Forest University,Graduate,
ENG 703,Introduction to Composition Studies. (3 h),,Wake Forest University,Graduate,
ENG 704,Studies in Rhetorical Theory and Criticism. (3 h),,Wake Forest University,Graduate,
ENG 705,Special Topics in Writing Studies. (3 h),,Wake Forest University,Graduate,
ENG 707,Workshop in Prose. (3 h),,Wake Forest University,Graduate,
ENG 708,Workshop in Poetry. (3 h),,Wake Forest University,Graduate,
ENG 709,Special Topics in Creative Writing. (3 h),,Wake Forest University,Graduate,
ENG 710,Early Medieval Narrative. (3 h),,Wake Forest University,Graduate,
ENG 711,Arthurian Legend. (3 h),,Wake Forest University,Graduate,
ENG 712,Studies in Medieval Literature: Romance and Identity. (3 h),,Wake Forest University,Graduate,
ENG 715,Studies in Chaucer. (3 h),,Wake Forest University,Graduate,
ENG 720,Renaissance Drama. (3 h),,Wake Forest University,Graduate,
ENG 721,Studies in Spenser. (3 h),,Wake Forest University,Graduate,
ENG 722,Studies in 16th-Century British Literature. (3 h),,Wake Forest University,Graduate,
ENG 723,Studies in Shakespeare. (3 h),,Wake Forest University,Graduate,
ENG 725,Studies in 17th-Century British Literature. (3 h),,Wake Forest University,Graduate,
ENG 727,Studies in Seventeenth-Century British Literature: Primarily Milton. (3 h),,Wake Forest University,Graduate,
ENG 729,Early Modern Literature. (3 h),,Wake Forest University,Graduate,
ENG 733,18th-Century British Fiction. (3 h),,Wake Forest University,Graduate,
ENG 737,Studies in Restoration and Eighteenth Century British Literature. (3 h),,Wake Forest University,Graduate,
ENG 740,Studies in Gender and Literature. (3 h),,Wake Forest University,Graduate,
ENG 741,Studies in Sexuality and Literature. (3 h),,Wake Forest University,Graduate,
ENG 743,Nineteenth-Century British Fiction. (3 h),,Wake Forest University,Graduate,
ENG 745,British Poetry of the 19th and 20th Centuries. (3 h),,Wake Forest University,Graduate,
ENG 746,Studies in British Romanticism. (3 h),,Wake Forest University,Graduate,
ENG 757,American Poetry. (3 h),,Wake Forest University,Graduate,
ENG 758,Studies in Modern Poetry. (3 h),,Wake Forest University,Graduate,
ENG 759,Studies in Postcolonial Literature. (3 h),,Wake Forest University,Graduate,
ENG 760,Studies in Victorian Literature. (3 h),,Wake Forest University,Graduate,
ENG 763,Studies in Modernism. (3 h),,Wake Forest University,Graduate,
ENG 765,Literary Criticism. (3 h),,Wake Forest University,Graduate,
ENG 766,Studies in 20th-Century British Literature. (3 h),,Wake Forest University,Graduate,
ENG 767,20th-Century British Fiction. (3 h),,Wake Forest University,Graduate,
ENG 768,Irish Literature. (3 h),,Wake Forest University,Graduate,
ENG 770,Studies in American Literature. (3 h),,Wake Forest University,Graduate,
ENG 771,American Ethnic Literature. (3 h),,Wake Forest University,Graduate,
ENG 772,Studies in American Romanticism. (3 h),,Wake Forest University,Graduate,
ENG 774,American Fiction Before 1865. (3 h),,Wake Forest University,Graduate,
ENG 776,American Poetry Before 1900. (3 h),,Wake Forest University,Graduate,
ENG 779,"Autobiographical Voices: Race, Gender, Self-Portraiture. (3 h)",,Wake Forest University,Graduate,
ENG 780,Studies in American Fiction from 1865 to 1915. (3 h),,Wake Forest University,Graduate,
ENG 781,African-American Literature and the American Tradition. (3 h),,Wake Forest University,Graduate,
ENG 782,Studies in American Fiction from 1915 to 1965. (3 h),,Wake Forest University,Graduate,
ENG 783,Contemporary American Fiction. (3 h),,Wake Forest University,Graduate,
ENG 784,Contemporary American Poetry. (3 h),,Wake Forest University,Graduate,
ENG 786,Directed Reading. (1-3 h),,Wake Forest University,Graduate,
ENG 787,Introduction to Graduate Studies I. (1.5 h),,Wake Forest University,Graduate,
ENG 788,Introduction to Graduate Studies II. (1.5 h),,Wake Forest University,Graduate,
ENG 789,Linguistics in Literature. (3 h),,Wake Forest University,Graduate,
ENG 791,Thesis Research I. (1-9 h),,Wake Forest University,Graduate,
ENG 792,Thesis Research II. (1-9 h),,Wake Forest University,Graduate,
FRH 621,Introduction to Translation. (3 h),,Wake Forest University,Graduate,
FRH 623,Advanced Grammar and Stylistics. (3 h),,Wake Forest University,Graduate,
FRH 629,French for Business Communication. (3 h),,Wake Forest University,Graduate,
FRH 630,French for Management. (3 h),,Wake Forest University,Graduate,
FRH 643,Modern French. (3 h),,Wake Forest University,Graduate,
FRH 645,Language and Society. (3 h),,Wake Forest University,Graduate,
FRH 660,Cinema and Society. (3 h),,Wake Forest University,Graduate,
FRH 661,Special Topics in French and Francophone Film Studies. (3 h),,Wake Forest University,Graduate,
FRH 663,Trends in French and Francophone Poetry. (3 h),,Wake Forest University,Graduate,
FRH 664,French and Francophone Prose Fiction. (3 h),,Wake Forest University,Graduate,
FRH 665,French and Francophone Drama. (3 h),,Wake Forest University,Graduate,
FRH 670,Seminar in French and Francophone Studies. (3 h),,Wake Forest University,Graduate,
FRH 674,Topics in French and Francophone Culture. (3 h),,Wake Forest University,Graduate,
FRH 675,Special Topics in French and Francophone Literature. (3 h),,Wake Forest University,Graduate,
FRH 681,French Individual Study. (1.5-3 h),,Wake Forest University,Graduate,
GRD 700,Independent Study. (1-9 h),,Wake Forest University,Graduate,
GRD 701,Special Topics. (1-9 h),,Wake Forest University,Graduate,
GRD 702,Internship. (1-9 h),,Wake Forest University,Graduate,
GRD 703,Internship. (1-9 h),,Wake Forest University,Graduate,
GRD 704,Principles of Intellectual Property Development. (2 h),,Wake Forest University,Graduate,
GRD 705,Commercializing Innovation. (3 h),,Wake Forest University,Graduate,
GRD 706,"Regulation and Reimbursement of Novel Drugs, Biologics, and Medical Devices. (3 h)",,Wake Forest University,Graduate,
GRD 707,Professional Responsibilities and Conduct I. (1 h),,Wake Forest University,Graduate,
GRD 708,Communicating Science. (2 h),,Wake Forest University,Graduate,
GRD 709,Scientific Outreach. (1 h),,Wake Forest University,Graduate,
GRD 710,Scientific Outreach. (1 h),,Wake Forest University,Graduate,
GRD 711,Introduction to College Teaching. (1 h),,Wake Forest University,Graduate,
GRD 712,Clinical Integrity and Professionalism. (2 h),,Wake Forest University,Graduate,
GRD 713,Foundations of Scientific Integrity and Professionalism. (1 h),,Wake Forest University,Graduate,
GRD 714,Scientific Integrity and Professionalism. (1 h),,Wake Forest University,Graduate,
GRD 715,Career Planning in Biomedical Sciences. (1 h),,Wake Forest University,Graduate,
GRD 716,Seminars in Professional Development. (1 h),,Wake Forest University,Graduate,
GRD 717,Career Planning for Graduate Students. (1 h),,Wake Forest University,Graduate,
GRD 720,Topics in College-Level Teaching. (1-3 h),,Wake Forest University,Graduate,
GRD 722,Teaching Skills and Strategies Seminar. (2 h),,Wake Forest University,Graduate,
GRD 724,Biosafety in Research Laboratories. (3 h),,Wake Forest University,Graduate,
GRD 725,Speaking with Confidence. (3 h),,Wake Forest University,Graduate,
GRD 726,Written English for Professional Graduate. (3 h),,Wake Forest University,Graduate,
HES 650,Human Physiology. (3 h),,Wake Forest University,Graduate,
HES 651,Nutrition in Health and Disease. (3 h),,Wake Forest University,Graduate,
HES 652,Human Gross Anatomy. (4 h),,Wake Forest University,Graduate,
HES 653,Physiology of Exercise. (3 h),,Wake Forest University,Graduate,
HES 660,Epidemiology. (3 h),,Wake Forest University,Graduate,
HES 670,Biomechanics of Human Movement. (3 h),,Wake Forest University,Graduate,
HES 675,Advanced Exercise Physiology. (3 h),,Wake Forest University,Graduate,
HES 682,Independent Study. (1-3 h),,Wake Forest University,Graduate,
HES 710,Clinical Internship. (3 h),,Wake Forest University,Graduate,
HES 715,Experimental Design. (3 h),,Wake Forest University,Graduate,
HES 721,Data Analysis and Interpretation. (3 h),,Wake Forest University,Graduate,
HES 733,Health Psychology. (3 h),,Wake Forest University,Graduate,
HES 761,Cardiopulmonary Disease Management. (3 h),,Wake Forest University,Graduate,
HES 763,Advanced Biomechanics. (3 h),,Wake Forest University,Graduate,
HES 765,Graded Exercise Testing and Exercise Prescription. (3 h),,Wake Forest University,Graduate,
HES 780,Advanced Topics in Exercise and Sport Science. (3 h),,Wake Forest University,Graduate,
HES 782,Independent Study in Health and Exercise Science. (1-3 h),,Wake Forest University,Graduate,
HES 783,Seminar in Health and Exercise Science. (1 h),,Wake Forest University,Graduate,
HES 784,Seminar in Health and Exercise Science. (1 h),,Wake Forest University,Graduate,
HES 788,Advanced Clinical Internship. (3 h),,Wake Forest University,Graduate,
HES 791,Thesis Research I. (1-9 h),,Wake Forest University,Graduate,
HES 792,Thesis Research II. (1-9 h),,Wake Forest University,Graduate,
HNU 611,Elementary Hindi-Urdu I. (3 h),,Wake Forest University,Graduate,
HNU 612,Elementary Hindi-Urdu II. (3 h),,Wake Forest University,Graduate,
HNU 653,Intermediate Hindi-Urdu I. (3 h),,Wake Forest University,Graduate,
HNU 701,Intermediate Hindi-Urdu II. (3 h),,Wake Forest University,Graduate,
HNU 730,Advanced Hindi-Urdu I. (1-3 h),,Wake Forest University,Graduate,
HNU 731,Advanced Hindi-Urdu II. (1-3 h),,Wake Forest University,Graduate,
HST 602,Plants of Empire: Power and Pleasure. (3 h),,Wake Forest University,Graduate,
HST 605,Medieval and Early Modern Iberia. (3 h),,Wake Forest University,Graduate,
HST 606,"Science, Magic, and Alchemy in Europe, 1400-1700. (3 h)",,Wake Forest University,Graduate,
HST 607,Italian Renaissance. (3 h),,Wake Forest University,Graduate,
HST 608,World of Alexander the Great. (3 h),,Wake Forest University,Graduate,
HST 609,European International Relations since World War I. (3 h),,Wake Forest University,Graduate,
HST 610,20th Century Eastern Europe. (3 h),,Wake Forest University,Graduate,
HST 612,"Jews, Greeks, and Romans. (3 h)",,Wake Forest University,Graduate,
HST 613,The History of European Jewry from the Middle Ages to the Present. (3 h),,Wake Forest University,Graduate,
HST 614,"European Economic and Social History, 1700-1990. (3 h)",,Wake Forest University,Graduate,
HST 615,Greek History. (3 h),,Wake Forest University,Graduate,
HST 616,Rome: Republic and Empire. (3 h),,Wake Forest University,Graduate,
HST 617,The French Revolution and Napoleonic Empire. (3 h),,Wake Forest University,Graduate,
HST 618,Weimar Germany. (3 h),,Wake Forest University,Graduate,
HST 619,Poland and the Baltic Region. (3 h),,Wake Forest University,Graduate,
HST 620,Write and Record! Diaries and Memoirs of the Nazi Holocaust. (3 h),,Wake Forest University,Graduate,
HST 621,"Zionism, Palestine, and Israel in Historical Perspective. (3 h)",,Wake Forest University,Graduate,
HST 622,Migrants and Refugees in Modern History. (3 h),,Wake Forest University,Graduate,
HST 623,"Wives, Writers, and Witches: Women and Gender in Early Modern Europe, 1500-1800. (3 h)",,Wake Forest University,Graduate,
HST 624,Fashion in the Eighteenth Century. (3 h),,Wake Forest University,Graduate,
HST 625,"English Kings, Queens, and Spectacle. (3 h)",,Wake Forest University,Graduate,
HST 627,Profit and Power in Britain. (3 h),,Wake Forest University,Graduate,
HST 628,History of the English Common Law. (3 h),,Wake Forest University,Graduate,
HST 631,"The United States in Age of Empire, 1877-1919. (3 h)",,Wake Forest University,Graduate,
HST 632,The United States and the Global Cold War. (3 h),,Wake Forest University,Graduate,
HST 633,"European Diplomacy, 1848-1914. (3 h)",,Wake Forest University,Graduate,
HST 634,"Mystics, Monarchs, and Masses in South Asian Islam. (3 h)",,Wake Forest University,Graduate,
HST 635,"Hindus and Muslims in India, Pakistan, and Beyond. (3 h)",,Wake Forest University,Graduate,
HST 636,Gender in African History. (3 h),,Wake Forest University,Graduate,
HST 637,Women and Gender in Early America. (3 h),,Wake Forest University,Graduate,
HST 638,"Sexuality, Race and Class in the U.S. since 1850. (3 h)",,Wake Forest University,Graduate,
HST 639,Sickness and Health in American History. (3 h),,Wake Forest University,Graduate,
HST 640,Social and Cultural Change in Urban Africa. (3 h),,Wake Forest University,Graduate,
HST 641,"Africans in the Atlantic World, 1750-1815. (3 h)",,Wake Forest University,Graduate,
HST 643,The Silk Roads. (3 h),,Wake Forest University,Graduate,
HST 644,Early Modernity in China. (3 h),,Wake Forest University,Graduate,
HST 645,"Early Modern Global Encounters: China and the World, 1400-1800. (3 h)",,Wake Forest University,Graduate,
HST 647,Rise of Asian Economic Power. (3 h),,Wake Forest University,Graduate,
HST 648,"Samurai and Geisha: Fact, Film, and Fiction. (3 h)",,Wake Forest University,Graduate,
HST 650,"World Economic History: Globalization, Wealth and Poverty, 1500-Present. (3 h)",,Wake Forest University,Graduate,
HST 651,The American Revolution. (3 h),,Wake Forest University,Graduate,
HST 652,"Ten Years of Madness: The Chinese Cultural Revolution, 1966 to 1976. (3 h)",,Wake Forest University,Graduate,
HST 653,War and Society in Early America. (3 h),,Wake Forest University,Graduate,
HST 654,The Early American Republic. (3 h),,Wake Forest University,Graduate,
HST 655,History of Nature Conservation in Latin America. (3 h),,Wake Forest University,Graduate,
HST 656,"Jacksonian America, 1815-1850. (3 h)",,Wake Forest University,Graduate,
HST 658,"Race, Gender and the Courts. (3 h)",,Wake Forest University,Graduate,
HST 659,"Trans History, Machismo, and Sex Work in Latin America. (3 h)",,Wake Forest University,Graduate,
HST 660,Jewish Migrations to the Americas. (3 h),,Wake Forest University,Graduate,
HST 662,American Constitutional History. (3 h),,Wake Forest University,Graduate,
HST 663,"Law, Justice, and Reparations. (3 h)",,Wake Forest University,Graduate,
HST 665,Modern Native American History. (3 h),,Wake Forest University,Graduate,
HST 666,Historic Preservation and Conservation. (3 h),,Wake Forest University,Graduate,
HST 667,Public History. (3 h),,Wake Forest University,Graduate,
HST 668,US Environmental History. (3 h),,Wake Forest University,Graduate,
HST 669,Modern Military History. (3 h),,Wake Forest University,Graduate,
HST 670,Topics North Carolina History. (3 h),,Wake Forest University,Graduate,
HST 671,"Transgender History, Identity, and Politics in the U.S.. (3 h)",,Wake Forest University,Graduate,
HST 672,Queer Public Histories. (3 h),,Wake Forest University,Graduate,
HST 674,Protest and Rebellion in Latin. (3 h),,Wake Forest University,Graduate,
HST 675,Black Lives. (3 h),,Wake Forest University,Graduate,
HST 676,Civil Rights and Black Consciousness Movements. (3 h),,Wake Forest University,Graduate,
HST 678,"Race, Memory, and Identity. (3 h)",,Wake Forest University,Graduate,
HST 680,America at Work. (3 h),,Wake Forest University,Graduate,
HST 681,Religious Utopias and the American Experience. (3 h),,Wake Forest University,Graduate,
HST 682,Religion in the Development of Higher Education. (3 h),,Wake Forest University,Graduate,
HST 684,Global Outlaws in History since 1500. (3 h),,Wake Forest University,Graduate,
HST 685,History of Film: Bollywood and the Making of Modern India. (3 h),,Wake Forest University,Graduate,
HST 687,The Last Great Muslim Empires. (3 h),,Wake Forest University,Graduate,
HST 688,"Nation, Faith and Gender in the Middle East. (3 h)",,Wake Forest University,Graduate,
HST 689,The British Empire in the Middle East. (3 h),,Wake Forest University,Graduate,
HST 690,Research Seminar. (3 h),,Wake Forest University,Graduate,
HST 691,Making History. (3 h),,Wake Forest University,Graduate,
HST 692,Individual Research. (3 h),,Wake Forest University,Graduate,
HST 693,American Foundations I. (3 h),,Wake Forest University,Graduate,
HST 697,Historical Writing Tutorial. (1.5 h),,Wake Forest University,Graduate,
HST 698,Individual Study. (3 h),,Wake Forest University,Graduate,
HST 699,Directed Reading. (1-3 h),,Wake Forest University,Graduate,
HST 763,American Foundations I. (3 h),,Wake Forest University,Graduate,
HST 765,Management of Cultural Organizations. (3 h),,Wake Forest University,Graduate,
HST 771,Internship. (1-3 h),,Wake Forest University,Graduate,
HST 798,Individual Study. (3 h),,Wake Forest University,Graduate,
LBS 700,Prophecy and Protest: The Prophetic Voice in American Public Discourse. (3 h),,Wake Forest University,Graduate,
LBS 702,Black Light: The Novels of Toni Morrison and Gloria Naylor. (3 h),,Wake Forest University,Graduate,
LBS 703,The Artists: American Silent Cinema. (3 h),,Wake Forest University,Graduate,
LBS 704,Globalization in Contemporary World Literature. (3 h),,Wake Forest University,Graduate,
LBS 705,Black Religion and Radical Thought: An Intellectual and Cultural History. (3 h),,Wake Forest University,Graduate,
LBS 706,Reading Illness Narratives. (3 h),,Wake Forest University,Graduate,
LBS 707,Ideas&Pract Contem Pol Protest. (3 h),,Wake Forest University,Graduate,
LBS 708,"Bodies, Commodities, and Global Environments. (3 h)",,Wake Forest University,Graduate,
LBS 709,Bollywood: Culture and Identity in Modern India. (3 h),,Wake Forest University,Graduate,
LBS 710,Herman Melville and His World. (3 h),,Wake Forest University,Graduate,
LBS 711,Social Media and You: The Benefits and Burdens. (3 h),,Wake Forest University,Graduate,
LBS 712,"Afghanistan, Pakistan, Iraq Wars and US Foreign Policy. (3 h)",,Wake Forest University,Graduate,
LBS 713,"Race, Myth, and the American Imagination. (3 h)",,Wake Forest University,Graduate,
LBS 715,Rumor and Urban Legends. (3 h),,Wake Forest University,Graduate,
LBS 720,Special Topics: Language and Literature. (3 h),,Wake Forest University,Graduate,
LBS 721,"Special Topics: Media, Arts, and Rhetoric. (3 h)",,Wake Forest University,Graduate,
LBS 722,Special Topics: Politics and International Relations. (3 h),,Wake Forest University,Graduate,
LBS 723,"Special Topics: History, Societies, and Culture. (3 h)",,Wake Forest University,Graduate,
LBS 724,Special Topics: Philosophy and Religion. (3 h),,Wake Forest University,Graduate,
LBS 725,Special Topics: Popular Culture. (3 h),,Wake Forest University,Graduate,
LBS 726,Special Topics: Urban Arts and Architectural Design. (3 h),,Wake Forest University,Graduate,
LBS 727,"Special Topics: Science, Health, and Culture. (3 h)",,Wake Forest University,Graduate,
LBS 728,"Special Topics: Fine Arts, Aesthetics, and Creativity. (3 h)",,Wake Forest University,Graduate,
LBS 729,"Special Topics: Psychology, Humanism, and Business. (3 h)",,Wake Forest University,Graduate,
LBS 786,Directed Study. (1-3 h),,Wake Forest University,Graduate,
LBS 790,Capstone Project. (3 h),,Wake Forest University,Graduate,
LBS 791,Thesis Research. (3 h),,Wake Forest University,Graduate,
LBS 792,Thesis Research II. (3 h),,Wake Forest University,Graduate,
LBS 824,Commemoratives of the Middle Passage. (3 h),,Wake Forest University,Graduate,
LBS 832,India Calling. (3 h),,Wake Forest University,Graduate,
LBS 853,"State, Econ & Intl Competitive. (3 h)",,Wake Forest University,Graduate,
LIN 610,Sociolinguistics and Dialectology. (3 h),,Wake Forest University,Graduate,
LIN 640,Special Topics in Linguistics. (3 h),,Wake Forest University,Graduate,
LIN 680,Quantitative Text Analysis. (3 h),,Wake Forest University,Graduate,
LIN 683,Computer-Assisted Translation and Localization. (3 h),,Wake Forest University,Graduate,
MTH 605,Introduction to Linear Algebra and Differential Equations. (3 h),,Wake Forest University,Graduate,
MTH 611,Introductory Real Analysis I. (3 h),,Wake Forest University,Graduate,
MTH 617,Complex Analysis I. (3 h),,Wake Forest University,Graduate,
MTH 624,Advanced Linear Algebra. (3 h),,Wake Forest University,Graduate,
MTH 626,Numerical Linear Algebra. (3 h),,Wake Forest University,Graduate,
MTH 631,Geometry. (3 h),,Wake Forest University,Graduate,
MTH 634,Differential Geometry. (3 h),,Wake Forest University,Graduate,
MTH 645,Elementary Number Theory. (3 h),,Wake Forest University,Graduate,
MTH 646,Modern Number Theory. (3 h),,Wake Forest University,Graduate,
MTH 647,Graph Theory. (3 h),,Wake Forest University,Graduate,
MTH 648,Combinatorial Analysis I. (3 h),,Wake Forest University,Graduate,
MTH 649,Combinatorial Analysis II. (3 h),,Wake Forest University,Graduate,
MTH 651,Introduction to Mathematical Modeling. (3 h),,Wake Forest University,Graduate,
MTH 652,Partial Differential Equations. (3 h),,Wake Forest University,Graduate,
MTH 654,Discrete Dynamical Systems. (3 h),,Wake Forest University,Graduate,
MTH 655,Introduction to Numerical Methods. (3 h),,Wake Forest University,Graduate,
MTH 657,Probability. (3 h),,Wake Forest University,Graduate,
MTH 658,Mathematical Statistics. (3 h),,Wake Forest University,Graduate,
MTH 681,Individual Study. (1-2 h),,Wake Forest University,Graduate,
MTH 682,Reading in Mathematics. (1-3 h),,Wake Forest University,Graduate,
MTH 683,Advanced Topics in Mathematics. (1-3 h),,Wake Forest University,Graduate,
MTH 691,Research Exploration in Mathematics. (1-3 h),,Wake Forest University,Graduate,
MTH 711,Real Analysis. (3 h),,Wake Forest University,Graduate,
MTH 712,Real Analysis. (3 h),,Wake Forest University,Graduate,
MTH 715,Seminar in Analysis. (1 h),,Wake Forest University,Graduate,
MTH 716,Seminar in Analysis. (1 h),,Wake Forest University,Graduate,
MTH 717,Optimization in Banach Spaces. (3 h),,Wake Forest University,Graduate,
MTH 718,Topics in Analysis. (3 h),,Wake Forest University,Graduate,
MTH 721,Abstract Algebra. (3 h),,Wake Forest University,Graduate,
MTH 722,Abstract Algebra. (3 h),,Wake Forest University,Graduate,
MTH 724,Seminar on Theory of Matrices. (1 h),,Wake Forest University,Graduate,
MTH 725,Seminar in Algebra. (1 h),,Wake Forest University,Graduate,
MTH 726,Seminar in Algebra. (1 h),,Wake Forest University,Graduate,
MTH 728,Topics in Algebra. (3 h),,Wake Forest University,Graduate,
MTH 731,Topology. (3 h),,Wake Forest University,Graduate,
MTH 732,Topics in Topology and Geometry. (3 h),,Wake Forest University,Graduate,
MTH 733,Topics in Topology and Geometry. (3 h),,Wake Forest University,Graduate,
MTH 735,Seminar on Topology. (1 h),,Wake Forest University,Graduate,
MTH 736,Seminar on Topology. (1 h),,Wake Forest University,Graduate,
MTH 737,Seminar on Geometry. (1 h),,Wake Forest University,Graduate,
MTH 738,Seminar on Geometry. (1 h),,Wake Forest University,Graduate,
MTH 744,Topics in Number Theory. (3 h),,Wake Forest University,Graduate,
MTH 745,Seminar on Number Theory. (1 h),,Wake Forest University,Graduate,
MTH 746,Seminar on Number Theory. (1 h),,Wake Forest University,Graduate,
MTH 747,Topics in Discrete Mathematics. (3 h),,Wake Forest University,Graduate,
MTH 748,Seminar on Combinatorial Analysis. (1 h),,Wake Forest University,Graduate,
MTH 749,Seminar on Combinatorial Analysis. (1 h),,Wake Forest University,Graduate,
MTH 750,Dynamical Systems. (3 h),,Wake Forest University,Graduate,
MTH 752,Topics in Applied Mathematics. (3 h),,Wake Forest University,Graduate,
MTH 753,Nonlinear Optimization. (3 h),,Wake Forest University,Graduate,
MTH 754,Numerical Methods for Partial Differential Equations. (3 h),,Wake Forest University,Graduate,
MTH 757,Stochastic Processes and Applications. (3 h),,Wake Forest University,Graduate,
MTH 791,Thesis Research I. (1-9 h),,Wake Forest University,Graduate,
MTH 792,Thesis Research II. (1-9 h),,Wake Forest University,Graduate,
PHI 631,Plato. (3 h),,Wake Forest University,Graduate,
PHI 632,Aristotle. (3 h),,Wake Forest University,Graduate,
PHI 641,Kant. (3 h),,Wake Forest University,Graduate,
PHI 642,Studies in Modern Philosophy. (3 h),,Wake Forest University,Graduate,
PHI 652,"19th Century European Philosophy: Hegel, Kierkegaard, and Nietzsche. (3 h)",,Wake Forest University,Graduate,
PHI 653,Heidegger. (3 h),,Wake Forest University,Graduate,
PHI 654,Wittgenstein. (3 h),,Wake Forest University,Graduate,
PHI 660,Ethics. (3 h),,Wake Forest University,Graduate,
PHI 661,Topics in Ethics. (3 h),,Wake Forest University,Graduate,
PHI 662,Social and Political Philosophy. (3 h),,Wake Forest University,Graduate,
PHI 670,Philosophy and Christianity. (3 h),,Wake Forest University,Graduate,
PHI 671,Aesthetics and the Philosophy of Art. (3 h),,Wake Forest University,Graduate,
PHI 672,Philosophy of Religion. (3 h),,Wake Forest University,Graduate,
PHI 673,Philosophy of Science. (3 h),,Wake Forest University,Graduate,
PHI 674,Philosophy of Mind. (3 h),,Wake Forest University,Graduate,
PHI 675,Philosophy of Language. (3 h),,Wake Forest University,Graduate,
PHI 681,Topics in Epistemology. (3 h),,Wake Forest University,Graduate,
PHI 682,Public Philosophy. (3 h),,Wake Forest University,Graduate,
PHI 685,Seminar. (2-3 h),,Wake Forest University,Graduate,
PHY 601,Physics Seminar. (0.5 h),,Wake Forest University,Graduate,
PHY 603,Physics Internship. (0 h),,Wake Forest University,Graduate,
PHY 607,Biophysics. (3 h),,Wake Forest University,Graduate,
PHY 610,Extragalactic Astronomy and Cosmology. (3 h),,Wake Forest University,Graduate,
PHY 620,Physics of Macromolecules. (3 h),,Wake Forest University,Graduate,
PHY 623,Computational Biophysics Laboratory. (1 h),,Wake Forest University,Graduate,
PHY 625,Biophysical Methods Lab. (1.5 h),,Wake Forest University,Graduate,
PHY 635,Computational Physics. (3 h),,Wake Forest University,Graduate,
PHY 637,Analytical Mechanics. (1.5 h),,Wake Forest University,Graduate,
PHY 639,Electricity and Magnetism. (1.5 h),,Wake Forest University,Graduate,
PHY 640,Electricity and Magnetism. (3 h),,Wake Forest University,Graduate,
PHY 641,Thermodynamics and Statistical Mechanics. (3 h),,Wake Forest University,Graduate,
PHY 643,Quantum Physics. (3 h),,Wake Forest University,Graduate,
PHY 644,Quantum Physics. (3 h),,Wake Forest University,Graduate,
PHY 645,Introduction to Quantum Computing. (3 h),,Wake Forest University,Graduate,
PHY 652,Physical Optics and Optical Design. (4 h),,Wake Forest University,Graduate,
PHY 652L,Physical Optics Lab. (0 h),,Wake Forest University,Graduate,
PHY 654,Introduction to Solid State Physics. (3 h),,Wake Forest University,Graduate,
PHY 655,Quantum Materials. (3 h),,Wake Forest University,Graduate,
PHY 656,Electronic Imaging Sciences. (1.5 h),,Wake Forest University,Graduate,
PHY 657,Scanning Probes. (1.5 h),,Wake Forest University,Graduate,
PHY 658,Kinetics of Materials. (1.5 h),,Wake Forest University,Graduate,
PHY 661,Biophysics Seminar. (1 h),,Wake Forest University,Graduate,
PHY 663,Condensed Matter Seminar. (1 h),,Wake Forest University,Graduate,
PHY 685,Bioinformatics. (3 h),,Wake Forest University,Graduate,
PHY 691,Special Topics in Physics. (1-4 h),,Wake Forest University,Graduate,
PHY 692,Special Topics in Physics. (1-4 h),,Wake Forest University,Graduate,
PHY 711,Classical Mechanics and Mathematical Methods. (3 h),,Wake Forest University,Graduate,
PHY 712,Electromagnetism. (3 h),,Wake Forest University,Graduate,
PHY 715,Nonlinear Optics and Quantum Electronics. (3 h),,Wake Forest University,Graduate,
PHY 731,Elementary Particle Physics. (3 h),,Wake Forest University,Graduate,
PHY 741,Quantum Mechanics. (3 h),,Wake Forest University,Graduate,
PHY 742,Quantum Mechanics. (3 h),,Wake Forest University,Graduate,
PHY 744,Introduction to Quantum Field Theory. (3 h),,Wake Forest University,Graduate,
PHY 745,Group Theory. (3 h),,Wake Forest University,Graduate,
PHY 746,Quantum Information Theory. (3 h),,Wake Forest University,Graduate,
PHY 752,Solid State Physics. (3 h),,Wake Forest University,Graduate,
PHY 754,Surface Science. (3 h),,Wake Forest University,Graduate,
PHY 765,Gravitational and Particle Theory Seminar. (1 h),,Wake Forest University,Graduate,
PHY 770,Statistical Mechanics. (3 h),,Wake Forest University,Graduate,
PHY 771,Radiological Physics. (3 h),,Wake Forest University,Graduate,
PHY 773,Radiation Therapy Physics. (3 h),,Wake Forest University,Graduate,
PHY 774,Ionizing Medical Imaging. (2 h),,Wake Forest University,Graduate,
PHY 776,Medical Health Physics. (3 h),,Wake Forest University,Graduate,
PHY 779,Non-Ionizing Medical Imaging. (2 h),,Wake Forest University,Graduate,
PHY 780,Theory of General Relativity. (3 h),,Wake Forest University,Graduate,
PHY 785,Topics in Theoretical Physics. (1-3 h),,Wake Forest University,Graduate,
PHY 787,Advanced Topics in Physics. (1-3 h),,Wake Forest University,Graduate,
PHY 789,Survival Skills for Scientists. (1 h),,Wake Forest University,Graduate,
PHY 791,Thesis Research I. (1-9 h),,Wake Forest University,Graduate,
PHY 792,Thesis Research II. (1-9 h),,Wake Forest University,Graduate,
PHY 795,Physics for Education Research. (3 h),,Wake Forest University,Graduate,
PHY 891,Dissertation Research I. (1-9 h),,Wake Forest University,Graduate,
PHY 892,Dissertation Research II. (1-9 h),,Wake Forest University,Graduate,
POL 611,"Political Parties, Voters, and Elections. (3 h)",,Wake Forest University,Graduate,
POL 617,Politics of the Mass Media. (3 h),,Wake Forest University,Graduate,
POL 618,Congress and Policymaking. (3 h),,Wake Forest University,Graduate,
POL 620,The American Presidency. (3 h),,Wake Forest University,Graduate,
POL 629,"Women, Gender, and Politics. (3 h)",,Wake Forest University,Graduate,
POL 632,Politics in Russia and Eastern Europe. (3 h),,Wake Forest University,Graduate,
POL 636,Government and Politics in Latin America. (3 h),,Wake Forest University,Graduate,
POL 646,Politics and Policies in South Asia. (3 h),,Wake Forest University,Graduate,
POL 647,Islam and Politics. (3 h),,Wake Forest University,Graduate,
POL 650,"Afghanistan, Pakistan, Iraq and U.S. Policy since 2001. (3 h)",,Wake Forest University,Graduate,
POL 653,International Political Economy. (3 h),,Wake Forest University,Graduate,
POL 654,U.S. Foreign Policy. (3 h),,Wake Forest University,Graduate,
POL 659,Palestine and Arab-Israeli Conflict. (3 h),,Wake Forest University,Graduate,
POL 663,U.S. Foreign Policy in the Middle East. (3 h),,Wake Forest University,Graduate,
POL 672,Democratic Theory. (3 h),,Wake Forest University,Graduate,
POL 673,"Marx, Marxism, and Post-Marxism. (3 h)",,Wake Forest University,Graduate,
POL 677,Feminist Political Thought. (3 h),,Wake Forest University,Graduate,
POL 678,Politics and Identity. (3 h),,Wake Forest University,Graduate,
POL 687,Individual Study. (2-3 h),,Wake Forest University,Graduate,
POL 688,Directed Reading. (2-3 h),,Wake Forest University,Graduate,
POL 689,Internship in Politics. (2-3 h),,Wake Forest University,Graduate,
PSY 620,Physiological Psychology. (3 h),,Wake Forest University,Graduate,
PSY 622,Psychopharmacology. (3 h),,Wake Forest University,Graduate,
PSY 623,Animal Behavior. (3 h),,Wake Forest University,Graduate,
PSY 626,Learning Theory and Research. (3 h),,Wake Forest University,Graduate,
PSY 629,Perception. (3 h),,Wake Forest University,Graduate,
PSY 631,Research in Cognitive Psychology. (3 h),,Wake Forest University,Graduate,
PSY 633,Motivation of Behavior. (3 h),,Wake Forest University,Graduate,
PSY 638,Emotion. (3 h),,Wake Forest University,Graduate,
PSY 641,Research in Developmental Psychology. (3 h),,Wake Forest University,Graduate,
PSY 646,Stereotyping and Prejudice. (3 h),,Wake Forest University,Graduate,
PSY 648,Clinical Neuropsychology. (3 h),,Wake Forest University,Graduate,
PSY 651,Personality Research. (3 h),,Wake Forest University,Graduate,
PSY 655,Research in Social Psychology. (3 h),,Wake Forest University,Graduate,
PSY 657,Cross-Cultural Psychology. (3 h),,Wake Forest University,Graduate,
PSY 659,Psychology of Gender. (3 h),,Wake Forest University,Graduate,
PSY 662,Psychological Testing. (3 h),,Wake Forest University,Graduate,
PSY 663,Survey of Clinical Psychology. (3 h),,Wake Forest University,Graduate,
PSY 664,"Prejudice, Discrimination, Racism, and Heterosexism. (3 h)",,Wake Forest University,Graduate,
PSY 667,Parent-Child Relationships. (3 h),,Wake Forest University,Graduate,
PSY 674,Judgment and Decision Making. (3 h),,Wake Forest University,Graduate,
PSY 692,Contemporary Problems in Psychology. (1.5 h),,Wake Forest University,Graduate,
PSY 701,Current Topics in Psychology. (1.5 h),,Wake Forest University,Graduate,
PSY 702,Current Topics in Psychology. (1.5 h),,Wake Forest University,Graduate,
PSY 703,Current Topics in Psychology. (3 h),,Wake Forest University,Graduate,
PSY 715,Research Design and Analysis in Psychology I. (3 h),,Wake Forest University,Graduate,
PSY 716,Research Design and Analysis in Psychology II. (3 h),,Wake Forest University,Graduate,
PSY 718,Data Science for Psychologists. (3 h),,Wake Forest University,Graduate,
PSY 720,Biological Psychology. (3 h),,Wake Forest University,Graduate,
PSY 728,Human Cognition. (3 h),,Wake Forest University,Graduate,
PSY 738,Learning and Motivation. (3 h),,Wake Forest University,Graduate,
PSY 742,Seminar in Developmental Psychology. (3 h),,Wake Forest University,Graduate,
PSY 752,Seminar in Social Psychology. (3 h),,Wake Forest University,Graduate,
PSY 757,Seminar in Personality Psychology. (3 h),,Wake Forest University,Graduate,
PSY 770,Psychology Practicum. (1-3 h),,Wake Forest University,Graduate,
PSY 771,Psychology Practicum. (1-3 h),,Wake Forest University,Graduate,
PSY 772,Psychology Practicum. (1-3 h),,Wake Forest University,Graduate,
PSY 773,Psychology Practicum. (1-3 h),,Wake Forest University,Graduate,
PSY 782,Readings and Research in Psychology. (1-3 h),,Wake Forest University,Graduate,
PSY 785,Directed Thesis Research I. (3 h),,Wake Forest University,Graduate,
PSY 786,Directed Thesis Research. (3 h),,Wake Forest University,Graduate,
PSY 791,Thesis Research I. (1-9 h),,Wake Forest University,Graduate,
PSY 792,Thesis Research II. (1-9 h),,Wake Forest University,Graduate,
REL 600,Approaches to the Study of Religion. (3 h),,Wake Forest University,Graduate,
REL 604,"Myth, Ritual, and Symbolism. (3 h)",,Wake Forest University,Graduate,
REL 605,Ethnography of Religion. (3 h),,Wake Forest University,Graduate,
REL 606,Ritual Studies. (3 h),,Wake Forest University,Graduate,
REL 607,"Magic, Science, and Religion. (3 h)",,Wake Forest University,Graduate,
REL 608,Sacred Scripture in the Tradition of Abraham. (3 h),,Wake Forest University,Graduate,
REL 610,The Prophetic Literature. (3 h),,Wake Forest University,Graduate,
REL 612,The Critical Study of the Pentateuch. (3 h),,Wake Forest University,Graduate,
REL 613,Near Eastern Archeology. (3 h),,Wake Forest University,Graduate,
REL 615,Field Research in Biblical Archeology. (3 h),,Wake Forest University,Graduate,
REL 616,Field Research in Biblical Archeology. (3 h),,Wake Forest University,Graduate,
REL 617,The Wisdom Literature. (3 h),,Wake Forest University,Graduate,
REL 618,Feminist and Contemporary Interpretations of the Bible. (3 h),,Wake Forest University,Graduate,
REL 620,The Search for Jesus. (3 h),,Wake Forest University,Graduate,
REL 623,Jesus Traditions. (3 h),,Wake Forest University,Graduate,
REL 624,Early Christian Literature. (3 h),,Wake Forest University,Graduate,
REL 628,Jewish-Christian Relations and the New Testament. (3 h),,Wake Forest University,Graduate,
REL 629,Chinese Medicine. (3 h),,Wake Forest University,Graduate,
REL 630,"Pope, Jefferson and Imam: A Study In Comparative Ethics. (3 h)",,Wake Forest University,Graduate,
REL 631,Religion and Law. (3 h),,Wake Forest University,Graduate,
REL 632,Religion and Public Engagement. (3 h),,Wake Forest University,Graduate,
REL 635,Christian Ethics and the Problem of War. (3 h),,Wake Forest University,Graduate,
REL 636,Religious Traditions and Human Rights. (3 h),,Wake Forest University,Graduate,
REL 638,Religion Ethics and Politics. (3 h),,Wake Forest University,Graduate,
REL 639,"Religion, Power and Society in Modern Africa. (3 h)",,Wake Forest University,Graduate,
REL 640,Holy Chow: Food and Religion. (3 h),,Wake Forest University,Graduate,
REL 641,Religion and Ecology. (3 h),,Wake Forest University,Graduate,
REL 642,Religious Intolerance in U.S.. (3 h),,Wake Forest University,Graduate,
REL 643,"Religion, Culture, and the Body. (3 h)",,Wake Forest University,Graduate,
REL 644,"Religion, Poverty, and Social Entrepreneurship. (3 h)",,Wake Forest University,Graduate,
REL 645,The African American Religious Experience. (3 h),,Wake Forest University,Graduate,
REL 647,"Religion, Gender, and Sexuality. (3 h)",,Wake Forest University,Graduate,
REL 648,"Race, Memory, and Identity. (3 h)",,Wake Forest University,Graduate,
REL 649,Asian Meditation Practices. (3 h),,Wake Forest University,Graduate,
REL 651,Sociology of Religion. (3 h),,Wake Forest University,Graduate,
REL 655,"Jewish Identities: Religion, Race, and Rights. (3 h)",,Wake Forest University,Graduate,
REL 656,Faces of Modern Judaism. (3 h),,Wake Forest University,Graduate,
REL 657,Jews in the United States. (3 h),,Wake Forest University,Graduate,
REL 659,Hinduism in America. (3 h),,Wake Forest University,Graduate,
REL 660,"Hindus, Muslims, and Sikhs in North America. (3 h)",,Wake Forest University,Graduate,
REL 661,Topics in Buddhism. (3 h),,Wake Forest University,Graduate,
REL 662,Topics in Islam. (3 h),,Wake Forest University,Graduate,
REL 663,Religions of Japan. (3 h),,Wake Forest University,Graduate,
REL 665,History of Religion in America. (3 h),,Wake Forest University,Graduate,
REL 667,Christian Mysticism. (3 h),,Wake Forest University,Graduate,
REL 668,The Protestant and Catholic Reformations. (3 h),,Wake Forest University,Graduate,
REL 669,Radical Christian Movements. (3 h),,Wake Forest University,Graduate,
REL 672,History of Christian Thought. (1.5-3 h),,Wake Forest University,Graduate,
REL 672B,History of Christian Thought: Medieval and Reformation Thought. (1.5 h),,Wake Forest University,Graduate,
REL 673,Special Topics in African-American Religious Traditions. (3 h),,Wake Forest University,Graduate,
REL 674,Black Messiahs and Uncle Toms. (3 h),,Wake Forest University,Graduate,
REL 675,"Race, Myth, and the American Imagination. (3 h)",,Wake Forest University,Graduate,
REL 676,"Race, Religion, and Film. (3 h)",,Wake Forest University,Graduate,
REL 678,Latin American Liberation Theology. (3 h),,Wake Forest University,Graduate,
REL 679,Muslim Youth. (3 h),,Wake Forest University,Graduate,
REL 681,Zen Buddhism. (3 h),,Wake Forest University,Graduate,
REL 682,Religion and Culture in China. (3 h),,Wake Forest University,Graduate,
REL 683,The Qur'an and the Prophet. (3 h),,Wake Forest University,Graduate,
REL 684,Islam and Law: Varieties in Interpretation and Expression. (3 h),,Wake Forest University,Graduate,
REL 685,Topics in South Asian Religions. (3 h),,Wake Forest University,Graduate,
REL 686,Indian Epics. (3 h),,Wake Forest University,Graduate,
REL 687,"Priests, Warriors and Ascetics in Ancient India. (3 h)",,Wake Forest University,Graduate,
REL 688,"South Asian Women: Religion, Culture and Politics. (3 h)",,Wake Forest University,Graduate,
REL 689,Islam in the West: Changes and Challenges. (3 h),,Wake Forest University,Graduate,
REL 690,Special Topics in Religion. (1.5-3 h),,Wake Forest University,Graduate,
REL 691,Topics in East Asian Religions. (3 h),,Wake Forest University,Graduate,
REL 692,Topics in First Peoples' Traditions. (3 h),,Wake Forest University,Graduate,
REL 693,Topics in Religions of Africa. (3 h),,Wake Forest University,Graduate,
REL 695,Exploring Interfaith Practice and Leadership. (3 h),,Wake Forest University,Graduate,
REL 696,Interreligious Encounters and Engagements. (3 h),,Wake Forest University,Graduate,
REL 700,Theory and Method in the Study of Religion. (3 h),,Wake Forest University,Graduate,
REL 701,Directed Reading. (1-3 h),,Wake Forest University,Graduate,
REL 702,Directed Reading. (1-3 h),,Wake Forest University,Graduate,
REL 703,"Postmodern Perspective on Power, Symbolism and Performance. (3 h)",,Wake Forest University,Graduate,
REL 704,Conceptions of the Ultimate. (3 h),,Wake Forest University,Graduate,
REL 705,Research in Religion. (3 h),,Wake Forest University,Graduate,
REL 708,"Religion, Language, and Symbol. (3 h)",,Wake Forest University,Graduate,
REL 709,Field Program in Religion and Public Engagement. (1-3 h),,Wake Forest University,Graduate,
REL 716,Old Testament Theology. (3 h),,Wake Forest University,Graduate,
REL 718,Old Testament Exegesis. (3 h),,Wake Forest University,Graduate,
REL 719,Old Testament Exegesis. (3 h),,Wake Forest University,Graduate,
REL 720,The History of Biblical Interpretation. (3 h),,Wake Forest University,Graduate,
REL 721,New Testament Theology. (3 h),,Wake Forest University,Graduate,
REL 723,New Testament Exegesis. (3 h),,Wake Forest University,Graduate,
REL 724,New Testament Exegesis. (3 h),,Wake Forest University,Graduate,
REL 726,Seminar in Early Christianity Studies. (3 h),,Wake Forest University,Graduate,
REL 737,Figures and Traditions in Religious Ethics. (3 h),,Wake Forest University,Graduate,
REL 738,Seminar in Christian Social Ethics. (3 h),,Wake Forest University,Graduate,
REL 740,Seminar in the Sociology of Religion. (3 h),,Wake Forest University,Graduate,
REL 751,Theory and Practice of Pastoral Counseling. (3 h),,Wake Forest University,Graduate,
REL 755,Clinical Pastoral Education. (3 h),,Wake Forest University,Graduate,
REL 756,Clinical Pastoral Education. (3 h),,Wake Forest University,Graduate,
REL 761,Seminar in Eastern Religion. (3 h),,Wake Forest University,Graduate,
REL 762,Literature of Ancient Judaism. (3 h),,Wake Forest University,Graduate,
REL 763,Hellenistic Religions. (3 h),,Wake Forest University,Graduate,
REL 766,Seminar in Christian History. (3 h),,Wake Forest University,Graduate,
REL 768,The Protestant and Catholic Reformations. (3 h),,Wake Forest University,Graduate,
REL 771,Religions in America. (3 h),,Wake Forest University,Graduate,
REL 775,Seminar in the History of Christian Thought. (3 h),,Wake Forest University,Graduate,
REL 780,Seminar in Theology and Literature. (3 h),,Wake Forest University,Graduate,
REL 781,Special Topics in Religion. (3 h),,Wake Forest University,Graduate,
REL 791,Thesis Research I. (1-9 h),,Wake Forest University,Graduate,
REL 792,Thesis Research II. (1-9 h),,Wake Forest University,Graduate,
SPA 622,Spanish Pronunciation and Dialect Variation. (3 h),,Wake Forest University,Graduate,
SPA 623,Advanced Grammar and Composition. (3 h),,Wake Forest University,Graduate,
SPA 630,The Debate about Woman in Late Medieval Spain. (3 h),,Wake Forest University,Graduate,
SPA 631,Medieval Spain: A Cultural and Literary Perspective. (3 h),,Wake Forest University,Graduate,
SPA 632,Golden Age of Spain. (3 h),,Wake Forest University,Graduate,
SPA 633,Don Quijote: The Birth of the Novel. (3 h),,Wake Forest University,Graduate,
SPA 634,Voices of Modern Spain. (3 h),,Wake Forest University,Graduate,
SPA 635,"Love, Death, and Poetry. (3 h)",,Wake Forest University,Graduate,
SPA 638,"Fashioning Class, Gender, and National Identity in 18th/19th-Century Spain. (3 h)",,Wake Forest University,Graduate,
SPA 641,"European-American Encounters, 1492 to the Present. (3 h)",,Wake Forest University,Graduate,
SPA 642,From Colonial to Postcolonial Voices. (3 h),,Wake Forest University,Graduate,
SPA 647,Contemporary Theatre in Spain and Spanish America. (3 h),,Wake Forest University,Graduate,
SPA 648,Contemporary Women Novelists and their Female Characters. (3 h),,Wake Forest University,Graduate,
SPA 655,"Romantic Nationalism, Avant-garde Nihilism, and the Deconstruction of Utopia. (3 h)",,Wake Forest University,Graduate,
SPA 656,Transgressing Borders: Identity in the Literature of Latin American and U.S. Latino Cultures. (3 h),,Wake Forest University,Graduate,
SPA 657,Spanish-American Short Story. (3 h),,Wake Forest University,Graduate,
SPA 658,Spanish-American Novel. (3 h),,Wake Forest University,Graduate,
SPA 659,Spanish-American Theatre: From Page to Stage. (3 h),,Wake Forest University,Graduate,
SPA 660,Colonial Spanish America. (3 h),,Wake Forest University,Graduate,
SPA 661,Fiction Literatures of the Mexican Revolution. (3 h),,Wake Forest University,Graduate,
SPA 670,Film Adaptations of Literary Works. (3 h),,Wake Forest University,Graduate,
SPA 671,Contrastive Spanish/English Grammar and Stylistics. (3 h),,Wake Forest University,Graduate,
SPA 679,Special Topics in Hispanic Linguistics. (3 h),,Wake Forest University,Graduate,
SPA 681,Advanced Translation Skills for the Modern Translator. (3 h),,Wake Forest University,Graduate,
SPA 682,Spanish-English Interpreting. (3 h),,Wake Forest University,Graduate,
SPA 683,Medical and Scientific Translation. (3 h),,Wake Forest University,Graduate,
SPA 684,Internships for Spanish Translation Localization and Spanish Interpreting. (2-4 h),,Wake Forest University,Graduate,
SPA 687,Introduction to Spanish for Business. (3 h),,Wake Forest University,Graduate,
STA 601,Fundamentals of Statistics. (3 h),,Wake Forest University,Graduate,
STA 610,Probability. (3 h),,Wake Forest University,Graduate,
STA 611,Statistical Inference. (3 h),,Wake Forest University,Graduate,
STA 612,Linear Models. (3 h),,Wake Forest University,Graduate,
STA 652,Networks: Models and Analysis. (3 h),,Wake Forest University,Graduate,
STA 662,Multivariate Statistics. (3 h),,Wake Forest University,Graduate,
STA 663,Introduction to Statistical Learning. (3 h),,Wake Forest University,Graduate,
STA 664,Computational Statistics. (3 h),,Wake Forest University,Graduate,
STA 665,Applied Bayesian Statistics. (3 h),,Wake Forest University,Graduate,
STA 668,Time Series and Forecasting. (3 h),,Wake Forest University,Graduate,
STA 679,Advanced Topics in Statistics. (1-3 h),,Wake Forest University,Graduate,
STA 682,Readings in Statistics. (1-3 h),,Wake Forest University,Graduate,
STA 683,Individual Study. (1-3 h),,Wake Forest University,Graduate,
STA 684,Internship in Statistics. (1-3 h),,Wake Forest University,Graduate,
STA 710,Stochastic Processes and Applications. (3 h),,Wake Forest University,Graduate,
STA 711,Advanced Statistical Inference. (3 h),,Wake Forest University,Graduate,
STA 712,Generalized Linear Models. (3 h),,Wake Forest University,Graduate,
STA 720,Bayesian Analysis. (3 h),,Wake Forest University,Graduate,
STA 721,Statistical Aspects of Clinical Trials. (3 h),,Wake Forest University,Graduate,
STA 733,Applied Survival Analysis. (3 h),,Wake Forest University,Graduate,
STA 742,Causal Inference. (3 h),,Wake Forest University,Graduate,
STA 779,Topics in Statistics. (3 h),,Wake Forest University,Graduate,
STA 791,Thesis Research. (1-9 h),,Wake Forest University,Graduate,
STA 792,Thesis Research. (1-9 h),,Wake Forest University,Graduate,
SUS 600,Communications Workshop. (1 h),,Wake Forest University,Graduate,
SUS 601,Professional and Leadership Skills. (1 h),,Wake Forest University,Graduate,
SUS 602,Scientific Literacy. (1 h),,Wake Forest University,Graduate,
SUS 603,Natural Capital Valuation and Ecosystem Services. (1 h),,Wake Forest University,Graduate,
SUS 625,Environmental Decision-Making. (3 h),,Wake Forest University,Graduate,
SUS 630,Global Coastal Management. (3 h),,Wake Forest University,Graduate,
SUS 691,Special Topics. (1-3 h),,Wake Forest University,Graduate,
SUS 694,Internship. (1-4 h),,Wake Forest University,Graduate,
SUS 695,Individual Study. (1-3 h),,Wake Forest University,Graduate,
SUS 701,Global Human Systems. (3 h),,Wake Forest University,Graduate,
SUS 702,Sustainable Organizational Management. (3 h),,Wake Forest University,Graduate,
SUS 703,Natural Science for Sustainability. (3 h),,Wake Forest University,Graduate,
SUS 704,Environmental Law and Policy. (3 h),,Wake Forest University,Graduate,
SUS 705,Applied Sustainability 1. (2 h),,Wake Forest University,Graduate,
SUS 706,Applied Sustainability: Creativity and Impact. (2 h),,Wake Forest University,Graduate,
SUS 710,Sustainable Urban Planning and the Built Environment. (3 h),,Wake Forest University,Graduate,
SUS 715,Environmental Sustainability in a Global Context. (2 h),,Wake Forest University,Graduate,
SUS 720,Sustainability Practices and Policy in a National Context. (1 h),,Wake Forest University,Graduate,
SUS 791,Thesis Research. (1-4 h),,Wake Forest University,Graduate,
TIS 684,Internship. (3 h),,Wake Forest University,Graduate,
TIS 731,Applied Interpreting Studies. (3 h),,Wake Forest University,Graduate,
TIS 732,Methodology of Teaching Interpreting. (3 h),,Wake Forest University,Graduate,
TIS 733,Critical Translation Competencies for the Language Industries. (3 h),,Wake Forest University,Graduate,
TIS 734,U.S. Heritage Speakers. (3 h),,Wake Forest University,Graduate,
TIS 735,Discourse Organization and Interpreting. (3 h),,Wake Forest University,Graduate,
TIS 736,Organizational Behavior and Interpreting. (3 h),,Wake Forest University,Graduate,
TIS 737,Remote Interpreting. (3 h),,Wake Forest University,Graduate,
TIS 738,"Editing, Revising and Post-editing. (3 h)",,Wake Forest University,Graduate,
TIS 739,Transcreation in Global Marketing. (3 h),,Wake Forest University,Graduate,
TIS 742,Spanish Specialized Translation. (3 h),,Wake Forest University,Graduate,
TIS 743,Spanish-English Dialogue Interpreting. (3 h),,Wake Forest University,Graduate,
TIS 750,Contrastive Chinese-English Grammar. (3 h),,Wake Forest University,Graduate,
TIS 751,Chinese-English Translation. (3 h),,Wake Forest University,Graduate,
TIS 752,Chinese-English Specialized Translation. (3 h),,Wake Forest University,Graduate,
TIS 753,Chinese-English Dialogue Interpreting. (3 h),,Wake Forest University,Graduate,
TIS 755,Chinese-English Simultaneous Interpreting. (3 h),,Wake Forest University,Graduate,
TIS 760,"U.S. Landscapes: Systems, Culture and Norms. (3 h)",,Wake Forest University,Graduate,
TIS 770,Multimedia Translation. (3 h),,Wake Forest University,Graduate,
TIS 784,Applied Research Project I. (3 h),,Wake Forest University,Graduate,
TIS 785,Applied Research Project II. (3 h),,Wake Forest University,Graduate,
TIS 786,Special Topics. (1-3 h),,Wake Forest University,Graduate,
TIS 789,Independent Study. (1-3 h),,Wake Forest University,Graduate,
WGS 600,The WGS Field Guide to Museums. (1.5-3 h),,Wake Forest University,Graduate,
WGS 601,Feminist Political Thought. (3 h),,Wake Forest University,Graduate,
WGS 602,Studies in Gender and Literature. (3 h),,Wake Forest University,Graduate,
WGS 603,Gender and Sexuality in Literary Adaptations. (1.5-3 h),,Wake Forest University,Graduate,
WGS 604,"Transgender History, Identity, and Politics. (3 h)",,Wake Forest University,Graduate,
WGS 606,Queer Public Histories. (3 h),,Wake Forest University,Graduate,
WGS 609,"Gender, Humanities, and the Environment. (3 h)",,Wake Forest University,Graduate,
WGS 610,"Gender, Power, and Violence. (3 h)",,Wake Forest University,Graduate,
WGS 617,Introduction to Sexuality Studies. (3 h),,Wake Forest University,Graduate,
WGS 618,"Film Lab in Women's, Gender, and Sexuality Studies. (1.5-3 h)",,Wake Forest University,Graduate,
WGS 619,Women Playwrights. (3 h),,Wake Forest University,Graduate,
WGS 621,"Introduction to Women's, Gender, and Sexuality Studies. (3 h)",,Wake Forest University,Graduate,
WGS 622,"Introduction to Women's and Gender, and Sexuality Studies. (3 h)",,Wake Forest University,Graduate,
WGS 623,"Feminist, Womanist, and Mujerista Theologies: Constructive Perspectives on Christian Thought. (3 h)",,Wake Forest University,Graduate,
WGS 624,Queer Theologies. (1.5-3 h),,Wake Forest University,Graduate,
WGS 625,Feminist Leadership Project. (1.5 h),,Wake Forest University,Graduate,
WGS 626,"Telling Women's Lives: Writing about Entrepreneurs, Activists, and Thought Leaders. (3 h)",,Wake Forest University,Graduate,
WGS 627,The Feminist Book Society. (1.5-3 h),,Wake Forest University,Graduate,
WGS 629,Feminist Anthroplogy. (3 h),,Wake Forest University,Graduate,
WGS 630,Gender and the Politics of Health. (3 h),,Wake Forest University,Graduate,
WGS 632,"Men, Masculinity, and Power. (3 h)",,Wake Forest University,Graduate,
WGS 633,Sexual Politics in the United States. (3 h),,Wake Forest University,Graduate,
WGS 640,Feminist Philosophy. (3 h),,Wake Forest University,Graduate,
WGS 645,Girls Gone Wild: A Century of Misbehavior. (3 h),,Wake Forest University,Graduate,
WGS 646,"Visual Narratives: Image, Sequence, Story. (3 h)",,Wake Forest University,Graduate,
WGS 647,Joan Didion/Edmund White: Personal/History. (3 h),,Wake Forest University,Graduate,
WGS 649,"Invert, Pervert, Bull Dagger, Queen: U.S. Queer Fiction in the 20th Century. (3 h)",,Wake Forest University,Graduate,
WGS 650,Biocultural Perspectives on Women and Aging. (3 h),,Wake Forest University,Graduate,
WGS 651,Race and Ethnic Diversity in America. (3 h),,Wake Forest University,Graduate,
WGS 658,Mothers and Daughters Literature and Theory. (3 h),,Wake Forest University,Graduate,
WGS 662,Feminism and Theatre. (3 h),,Wake Forest University,Graduate,
WGS 663,Gender and Sexuality in Contemporary Korea. (3 h),,Wake Forest University,Graduate,
WGS 664,"Women of Color, Feminism, and the Politics of Resistance in the US. (3 h)",,Wake Forest University,Graduate,
WGS 665,Transnational Asia and Asian American Feminism. (3 h),,Wake Forest University,Graduate,
WGS 671,Making Sense of the News through a Feminist Lens. (1-3 h),,Wake Forest University,Graduate,
WGS 677,Special Topics. (1.5-3 h),,Wake Forest University,Graduate,
WGS 680,"Sexuality, Law, and Power. (3 h)",,Wake Forest University,Graduate,
WGS 681,Gender and the Law. (3 h),,Wake Forest University,Graduate,
WGS 683,"Race, Gender, and the Courts. (3 h)",,Wake Forest University,Graduate,
WGS 688,"South Asian Women: Religion, Culture and Politics. (3 h)",,Wake Forest University,Graduate,
WGS 696,Independent Study. (1-3 h),,Wake Forest University,Graduate,
WGS 697,"Public Engagement in Women's, Gender, and Sexuality Studies. (1.5-3 h)",,Wake Forest University,Graduate,
WGS 698,"Theory and Practice of Women, Gender, and Sexuality Studies. (3 h)",,Wake Forest University,Graduate,
WGS 699,"Research Seminar in Women, Gender, and Sexuality Studies. (3 h)",,Wake Forest University,Graduate,
WRI 606,Special Topics in Rhetoric and Writing. (1.5-3 h),,Wake Forest University,Graduate,
WRI 640,Practice in Rhetoric and Composition. (3 h),,Wake Forest University,Graduate,
WRI 641,Writing Center Pedagogy. (3 h),,Wake Forest University,Graduate,
WRI 644,Magazine Writing. (3 h),,Wake Forest University,Graduate,
SCB 701,Structural and Computational Biophysics Journal Club. (1 h),,Wake Forest University,Graduate,
SCB 710,Research Topics in Structural and Computational Biophysics. (1 h),,Wake Forest University,Graduate,
AIN 710,Artificial Intelligence Foundations and Evolution. (3 h),,Wake Forest University,,
AIN 712,Strategic Leadership in Artificial Intelligence. (3 h),,Wake Forest University,,
AIN 714,Emerging Tools and Technologies in Artificial Intelligence. (3 h),,Wake Forest University,,
AIN 720,Applications of Machine Learning Techniques. (3 h),,Wake Forest University,,
AIN 722,Ethics and Responsible Artificial Intelligence. (3 h),,Wake Forest University,,
AIN 724,Artificial Intelligence Implementation Across Industries. (3 h),,Wake Forest University,,
AIN 750,Deep Learning and Advanced Artificial Intelligence. (3 h),,Wake Forest University,,
AIN 751,Applied Computer Vision for Artificial Intelligence. (3 h),,Wake Forest University,,
AIN 799,Capstone: Interdisciplinary Artificial Intelligence Project. (3 h),,Wake Forest University,,
CMS 710,Communications Today. (3 h),,Wake Forest University,,
CMS 712,Communications Research. (3 h),,Wake Forest University,,
CMS 714,Digital Communications Engagement. (3 h),,Wake Forest University,,
CMS 720,Crisis and Issues Communications. (3 h),,Wake Forest University,,
CMS 722,Strategic Communications. (3 h),,Wake Forest University,,
CMS 724,Public Relations. (3 h),,Wake Forest University,,
CMS 730,"Communications Leadership, Organizational Culture & Ethics. (3 h)",,Wake Forest University,,
CMS 732,Leading through Intercultural Communications. (3 h),,Wake Forest University,,
CMS 750,Champion Corporate Branding. (3 h),,Wake Forest University,,
CMS 799,Consultative Project. (3 h),,Wake Forest University,,
CUI 710,Curriculum and Instruction Fundamentals. (3 h),,Wake Forest University,,
CUI 712,Social Foundations of Education. (3 h),,Wake Forest University,,
CUI 714,Assessment and Evaluation. (3 h),,Wake Forest University,,
CUI 720,Instructional Design and Digital Learning Technologies. (3 h),,Wake Forest University,,
CUI 722,Differentiated Instruction. (3 h),,Wake Forest University,,
CUI 724,Instructional Leadership. (3 h),,Wake Forest University,,
CUI 726,Curriculum Mapping for DEI. (3 h),,Wake Forest University,,
CYB 700,Cybersecurity Transfer Credit. (1-3 h),,Wake Forest University,,
CYB 710,Foundations in Cybersecurity Leadership. (3 h),,Wake Forest University,,
CYB 712,"Cybersecurity Law, Policy, and Privacy. (3 h)",,Wake Forest University,,
CYB 714,Advanced Information Security and Cyber Controls. (3 h),,Wake Forest University,,
CYB 720,Incident Management and Business Continuity. (3 h),,Wake Forest University,,
CYB 730,AI and Other Emerging Cyber Technologies. (3 h),,Wake Forest University,,
CYB 750,Cloud Security. (3 h),,Wake Forest University,,
CYB 751,Proactive Cyber Defense. (3 h),,Wake Forest University,,
CYB 799,Capstone. (3 h),,Wake Forest University,,
DMG 710,AI Marketing Strategy. (3 h),,Wake Forest University,,
DMG 712,The AI-Era Consumer Behavior and Research. (3 h),,Wake Forest University,,
DMG 714,AI Ethics and Marketing Responsibility. (3 h),,Wake Forest University,,
DMG 720,AI Marketing Analytics and Data Visualization. (3 h),,Wake Forest University,,
DMG 722,Storytelling and Creating Human and AI Content. (3 h),,Wake Forest University,,
DMG 724,Design Thinking and AI Tools. (3 h),,Wake Forest University,,
DMG 730,Campaign Analytics and the Ad-Tech Reset. (3 h),,Wake Forest University,,
DMG 732,"AI-Powered Social Media Marketing Strategy: Discovery, Content, and Influence. (3 h)",,Wake Forest University,,
DMG 751,AI-Powered Visual Content Creation and Video Development. (3 h),,Wake Forest University,,
DMG 752,Digital Consumer Psychology and Decision Making. (3 h),,Wake Forest University,,
DMG 753,The Customer Journey: Website and eCommerce Marketing. (3 h),,Wake Forest University,,
DMG 799,Digital Campaign Project/Capstone. (3 h),,Wake Forest University,,
EDL 710,Principles of Effective School Leadership. (3 h),,Wake Forest University,,
EDL 711,Principles for Effective Independent School Leadership. (3 h),,Wake Forest University,,
EDL 714,Using Research and Data to Lead School Improvement. (3 h),,Wake Forest University,,
EDL 720,Education Law and Ethics. (3 h),,Wake Forest University,,
EDL 721,Education Law and Ethics for Independent School Leaders. (3 h),,Wake Forest University,,
EDL 722,"Administration, Supervision, and Community. (3 h)",,Wake Forest University,,
EDL 723,"Independent School Administration, Supervision, and Community. (3 h)",,Wake Forest University,,
EDL 724,Human Resources and School Finance. (3 h),,Wake Forest University,,
EDL 725,Independent School Human Resources and School Finance. (3 h),,Wake Forest University,,
EDL 730,Internship: School Executive I (15 weeks). (3 h),,Wake Forest University,,
EDL 732,Internship: School Executive II (15 weeks). (3 h),,Wake Forest University,,
EDL 799,Capstone in Education. (3 h),,Wake Forest University,,
EMG 710,Systems Thinking for Engineering Operations. (3 h),,Wake Forest University,,
EMG 712,Innovation Strategy for AI & Emerging Technologies. (3 h),,Wake Forest University,,
EMG 714,Strategic Leadership & Ethics in Engineering. (3 h),,Wake Forest University,,
EMG 720,Engineering Analytics. (3 h),,Wake Forest University,,
EMG 750,Managing Product Innovation & Intellectual Property. (3 h),,Wake Forest University,,
EMG 751,Medical Technology Innovation. (3 h),,Wake Forest University,,
EMG 799,Capstone in Engineering Management. (3 h),,Wake Forest University,,
ERM 714,Financial Risk Management. (3 h),,Wake Forest University,,
ERM 716,Enterprise Risk Management and Decision Making. (3 h),,Wake Forest University,,
ERM 720,Decision Making for Enterprise Risk Management. (3 h),,Wake Forest University,,
ERM 722,"Operational Risk, Continuity & Organizational Resilience. (3 h)",,Wake Forest University,,
ERM 724,"Technology, Data, and Cyber Risk Management. (3 h)",,Wake Forest University,,
ERM 726,"Governance, Strategy, & Leadership for Enterprise Risk. (3 h)",,Wake Forest University,,
ERM 730,Data Analytics and Risk Management. (3 h),,Wake Forest University,,
ERM 732,Leadership and Risk Awareness. (3 h),,Wake Forest University,,
ERM 734,AI Risk Management and Governance. (3 h),,Wake Forest University,,
ERM 750,Emergency and Crisis Management. (3 h),,Wake Forest University,,
ERM 799,Capstone in Enterprise Risk Management. (3 h),,Wake Forest University,,
FTA 710,Financial Analytics. (3 h),,Wake Forest University,,
FTA 712,Data Management. (3 h),,Wake Forest University,,
FTA 714,Visual Analytics and Influencing. (3 h),,Wake Forest University,,
FTA 720,Financial Technology Today. (3 h),,Wake Forest University,,
FTA 722,Emerging Technologies. (3 h),,Wake Forest University,,
FTA 724,Machine Learning and Artificial Intelligence. (3 h),,Wake Forest University,,
FTA 730,Decision Making and Risk Management. (3 h),,Wake Forest University,,
FTA 732,Managing Disruption and Innovation. (3 h),,Wake Forest University,,
FTA 751,Financial Markets and Institutions. (3 h),,Wake Forest University,,
FTA 752,Emerging Applications and Entrepreneurship. (3 h),,Wake Forest University,,
FTA 799,Capstone in Financial Technology and Analytics. (3 h),,Wake Forest University,,
HAD 710,Principles of Health Systems Management. (3 h),,Wake Forest University,,
HAD 720,Health Information Management Systems. (3 h),,Wake Forest University,,
HAD 722,"Healthcare Policy, Law, and Ethics. (3 h)",,Wake Forest University,,
HAD 730,Strategic Planning and Decision Making for Healthcare Leaders. (3 h),,Wake Forest University,,
HAD 799,Capstone in Health Admin. (3 h),,Wake Forest University,,
HIF 710,Foundations of Health Informatics and Applied Artificial Intelligence. (3 h),,Wake Forest University,,
HIF 712,Population Health and the American Healthcare System. (3 h),,Wake Forest University,,
HIF 714,Applied AI in Digital Health. (3 h),,Wake Forest University,,
HIF 720,AI and Data Analytics for Health Professionals. (3 h),,Wake Forest University,,
HIF 722,AI-Enabled Healthcare Database Systems. (3 h),,Wake Forest University,,
HIF 730,"Health Information Regulation, Privacy, and Security. (3 h)",,Wake Forest University,,
HIF 732,Healthcare Leadership and Impact of AI. (3 h),,Wake Forest University,,
HIF 734,Quality and Patient Safety Management in Healthcare. (3 h),,Wake Forest University,,
HIF 751,Telehealth Today and Tomorrow. (3 h),,Wake Forest University,,
HIF 752,Artificial Intelligence (AI) in Health Informatics. (3 h),,Wake Forest University,,
HIF 799,Capstone in Health Informatics. (3 h),,Wake Forest University,,
IAF 710,Global Systems and Challenges. (3 h),,Wake Forest University,,
IAF 712,"International Governance, Trade, and Law. (3 h)",,Wake Forest University,,
IAF 714,Global Political Economy and Development. (3 h),,Wake Forest University,,
IAF 720,Global Analytics and Emerging Technologies. (3 h),,Wake Forest University,,
IAF 722,Ethical Leadership and Strategic Policy in Global Markets. (3 h),,Wake Forest University,,
IAF 750,Global Health Systems and Policy. (3 h),,Wake Forest University,,
IAF 751,Global Immersion. (3 h),,Wake Forest University,,
IAF 799,International Affairs Capstone. (3 h),,Wake Forest University,,
INF 710,IT Management Fundamentals. (3 h),,Wake Forest University,,
INF 712,"Systems Analysis, Design & AI-Enabled Solutions. (3 h)",,Wake Forest University,,
INF 714,IS Strategy & Governance. (3 h),,Wake Forest University,,
INF 750,Law and Ethics in IT. (3 h),,Wake Forest University,,
INF 751,"IT Infrastructure, Cloud Computing, & AI Operations. (3 h)",,Wake Forest University,,
INF 799,Capstone. (3 h),,Wake Forest University,,
LDR 720,Negotiation and Conflict Management. (3 h),,Wake Forest University,,
LDR 722,Leadership and Change Management. (3 h),,Wake Forest University,,
LDR 726,Financial Management for Today's Leaders. (3 h),,Wake Forest University,,
LDR 728,Human Resources Management and Organizational Development. (3 h),,Wake Forest University,,
LDR 730,Finance for Innovation & Technical Leadership. (3 h),,Wake Forest University,,
PAD 710,Public Administration Principles. (3 h),,Wake Forest University,,
PAD 712,Financial Management and Budgeting. (3 h),,Wake Forest University,,
PAD 714,Research Methods for Public Administration. (3 h),,Wake Forest University,,
PAD 720,Technology and Public Administration. (3 h),,Wake Forest University,,
PAD 724,Public Law. (3 h),,Wake Forest University,,
PAD 730,Data Analytics and Public Administration. (3 h),,Wake Forest University,,
PAD 732,Equity and Public Policy. (3 h),,Wake Forest University,,
PAD 750,Housing and Development. (3 h),,Wake Forest University,,
PAD 751,Sustainability and Environmental Systems. (3 h),,Wake Forest University,,
PAD 799,Capstone in Public Administration. (3 h),,Wake Forest University,,
PMP 710,Project Management Essentials. (3 h),,Wake Forest University,,
PMP 712,Mastering the Project Life Cycle. (3 h),,Wake Forest University,,
PMP 714,Portfolio and Program Management. (3 h),,Wake Forest University,,
PMP 730,Agile Essentials. (3 h),,Wake Forest University,,
PMP 734,AI and Data Analytics for Project Management. (3 h),,Wake Forest University,,
PMP 750,Lean Six Sigma. (3 h),,Wake Forest University,,
PMP 752,ScrumMaster Leadership Preparation. (3 h),,Wake Forest University,,
PMP 753,Leading Construction and Engineering Projects. (3 h),,Wake Forest University,,
PMP 756,CAPM Certification Preparation. (3 h),,Wake Forest University,,
PMP 757,PMP Certification Preparation. (3 h),,Wake Forest University,,
PMP 799,Capstone in Project Management. (3 h),,Wake Forest University,,
PPD 710,Quantitative Policy Analysis. (3 h),,Wake Forest University,,
PPD 712,Statistical Methods for Public Policy. (3 h),,Wake Forest University,,
PPD 714,Data Visualization & Storytelling for Public Policy. (3 h),,Wake Forest University,,
PPD 720,Public Policy Design. (3 h),,Wake Forest University,,
PPD 722,Public Policy Implementation and Management. (3 h),,Wake Forest University,,
PPD 730,"Data Ethics, Privacy, and Governance. (3 h)",,Wake Forest University,,
PPD 799,Capstone. (3 h),,Wake Forest University,,
NLL 601,Introduction to Semitic Linguistics. (3 h),,Wake Forest University,Undergraduate,
NLL 602,Akkadian I. (3 h),,Wake Forest University,Undergraduate,
NLL 603,Akkadian II. (3 h),,Wake Forest University,Undergraduate,
NLL 610,Readings from the Rabbis. (1 h),,Wake Forest University,Undergraduate,
NLL 611,Aramaic. (3 h),,Wake Forest University,Undergraduate,
NLL 615,Syriac. (3 h),,Wake Forest University,Undergraduate,
NLL 621,Introduction to Middle Egyptian I. (3 h),,Wake Forest University,Undergraduate,
NLL 622,Introduction to Middle Egyptian II. (3 h),,Wake Forest University,Undergraduate,
NLL 625,Coptic. (3 h),,Wake Forest University,Undergraduate,
