courseId,courseName,courseCredits,courseSubject,courseLevel,courseCampus
ACCT I S 100,Introductory Financial Accounting,"(3, 3)",Accounting And Information Systems,,
ACCT I S 211,Introductory Managerial Accounting,"(3, 3)",Accounting And Information Systems,,
ACCT I S 300,Accounting Principles,"(3, 3)",Accounting And Information Systems,,
ACCT I S 301,Financial Reporting I,"(3, 3)",Accounting And Information Systems,,
ACCT I S 302,Financial Reporting Ii,"(3, 3)",Accounting And Information Systems,,
ACCT I S 310,Cost Management Systems,"(3, 3)",Accounting And Information Systems,,
ACCT I S 329,Taxation: Concepts For Business And Personal Planning,"(3, 3)",Accounting And Information Systems,,
ACCT I S 340,Accounting Information Systems,"(3, 3)",Accounting And Information Systems,,
ACCT I S 399,Reading And Research-Accounting,"(1, 6)",Accounting And Information Systems,,
ACCT I S 401,Business Organizations And Negotiable Instruments,"(3, 3)",Accounting And Information Systems,,
ACCT I S 406,Accounting And Analysis For Reporting Entities,"(3, 3)",Accounting And Information Systems,,
ACCT I S 600,Professional Experience In Accounting,"(1, 6)",Accounting And Information Systems,,
ACCT I S 601,"Professional Practice Issues In Accounting, Auditing, And Taxation","(3, 3)",Accounting And Information Systems,,
ACCT I S 603,Financial Statement Analysis,"(3, 3)",Accounting And Information Systems,,
ACCT I S 620,Fundamentals Of Taxation,"(3, 3)",Accounting And Information Systems,,
ACCT I S 621,Corporate And Advanced Taxation,"(3, 3)",Accounting And Information Systems,,
ACCT I S 630,Foundations Of Auditing,"(3, 3)",Accounting And Information Systems,,
ACCT I S 640,Foundation In Accounting Analytics,"(3, 3)",Accounting And Information Systems,,
ACCT I S 700,Financial Accounting,"(2, 3)",Accounting And Information Systems,,
ACCT I S 701,Financial Reporting I,"(3, 3)",Accounting And Information Systems,,
ACCT I S 702,Financial Reporting Ii,"(3, 3)",Accounting And Information Systems,,
ACCT I S 710,Managerial Accounting,"(2, 3)",Accounting And Information Systems,,
ACCT I S 722,Analysis Of Taxation For Pass-Through Entities,"(3, 3)",Accounting And Information Systems,,
ACCT I S 724,"Tax Research, Procedure & Analysis","(3, 3)",Accounting And Information Systems,,
ACCT I S 725,Analysis Of International Taxation,"(3, 3)",Accounting And Information Systems,,
ACCT I S 730,"Advanced Auditing: Analysis, Policy, And Judgment","(3, 3)",Accounting And Information Systems,,
ACCT I S 740,"Information Risk, Control, & Forensics","(3, 3)",Accounting And Information Systems,,
ACCT I S 765,Contemporary Topics,"(1, 4)",Accounting And Information Systems,,
ACCT I S 770,Accounting Theory: Reporting Incentives And Consequences,"(3, 3)",Accounting And Information Systems,,
ACCT I S 771,Analysis Of Performance Measurement & Control,"(3, 3)",Accounting And Information Systems,,
ACCT I S 772,Analysis Of Taxes & Business Decisions,"(3, 3)",Accounting And Information Systems,,
ACCT I S/​E P D/​GEN BUS  781,Financial And Business Acumen,"(1, 1)",Accounting And Information Systems,,
ACCT I S 799,Reading And Research-Accounting,"(1, 6)",Accounting And Information Systems,,
ACCT I S 971,Seminar In Accounting Research,"(3, 3)",Accounting And Information Systems,,
ACCT I S 990,Accounting Independent Research Phd Thesis,"(1, 12)",Accounting And Information Systems,,
ACCT I S 999,Reading And Research-Accounting Phd,"(1, 6)",Accounting And Information Systems,,
ACT SCI 300,Probability For Actuaries,"(1, 1)",Actuarial Science,,
ACT SCI 301,Actuarial Science Methods Ii,"(1, 1)",Actuarial Science,,
ACT SCI 303,Theory Of Interest,"(3, 3)",Actuarial Science,,
ACT SCI 365,Contemporary Topics,"(1, 3)",Actuarial Science,,
ACT SCI 399,Reading And Research-Actuarial Science,"(1, 3)",Actuarial Science,,
ACT SCI 640,Actuarial Statistics For Risk Modeling,"(4, 4)",Actuarial Science,,
ACT SCI 650,Fundamentals Of Long-Term Actuarial Modeling,"(3, 3)",Actuarial Science,,
ACT SCI 651,Advanced Long-Term Actuarial Modeling,"(3, 3)",Actuarial Science,,
ACT SCI 652,Fundamentals Of Short-Term Actuarial Modeling,"(3, 3)",Actuarial Science,,
ACT SCI 653,Advanced Short-Term Actuarial Modeling,"(3, 3)",Actuarial Science,,
ACT SCI 654,Regression And Time Series For Actuaries,"(2, 3)",Actuarial Science,,
ACT SCI 655,Health Analytics,"(3, 3)",Actuarial Science,,
ACT SCI 657,Risk Analytics,"(3, 3)",Actuarial Science,,
ACT SCI 765,Contemporary Topics,"(1, 3)",Actuarial Science,,
AFROAMER 101,Introduction To African American Studies,"(3, 3)",African American Studies,,
AFROAMER/​AMER IND/​ASIAN AM/​CHICLA/​FOLKLORE  102,Introduction To Comparative Us Ethnic And American Indian Studies,"(3, 3)",African American Studies,,
AFROAMER 151,Introduction To Contemporary Afro-American Society,"(3, 3)",African American Studies,,
AFROAMER 154,Hip-Hop And Contemporary American Society,"(3, 3)",African American Studies,,
AFROAMER 155,They: Race In American Literature,"(3, 3)",African American Studies,,
AFROAMER 156,Black Music And American Cultural History,"(3, 3)",African American Studies,,
AFROAMER 199,Directed Study,"(1, 3)",African American Studies,,
AFROAMER/​AFRICAN  220,"Hiphop, Youth Culture, And Politics In Senegal","(3, 3)",African American Studies,,
AFROAMER/​GEN&WS  221,Introduction To Black Women'S Studies,"(3, 3)",African American Studies,,
AFROAMER/​GEN&WS  222,Introduction To Black Women Writers,"(3, 3)",African American Studies,,
AFROAMER 225,Introduction To African American Dramatic Literature,"(3, 3)",African American Studies,,
AFROAMER 227,Masterpieces Of African American Literature,"(3, 3)",African American Studies,,
AFROAMER 231,Introduction To Afro-American History,"(3, 3)",African American Studies,,
AFROAMER/​AFRICAN  233,Global Hiphop And Social Justice,"(3, 3)",African American Studies,,
AFROAMER/​ART HIST  241,Introduction To African Art And Architecture,"(3, 3)",African American Studies,,
AFROAMER/​ART HIST  242,Introduction To Afro-American Art,"(3, 3)",African American Studies,,
AFROAMER/​ANTHRO/​C&E SOC/​GEOG/​HISTORY/​LACIS/​POLI SCI/​SOC/​SPANISH  260,Latin America: An Introduction,"(3, 4)",African American Studies,,
AFROAMER 265,African-American Autobiography,"(3, 3)",African American Studies,,
AFROAMER/​GEN&WS  267,Artistic/Cultural Images Of Black Women,"(3, 3)",African American Studies,,
AFROAMER 270,Selected Topics In African American Studies,"(1, 3)",African American Studies,,
AFROAMER 271,Selected Topics In African American Culture,"(3, 3)",African American Studies,,
AFROAMER 272,Race And American Politics From The New Deal To The New Right,"(3, 3)",African American Studies,,
AFROAMER/​HIST SCI  275,"Science, Medicine, And Race: A History","(3, 4)",African American Studies,,
AFROAMER/​AFRICAN/​ANTHRO/​GEOG/​HISTORY/​POLI SCI/​SOC  277,Africa: An Introductory Survey,"(4, 4)",African American Studies,,
AFROAMER/​AFRICAN/​HISTORY/​POLI SCI  297,African And African-American Linkages: An Introduction,"(4, 4)",African American Studies,,
AFROAMER 302,Undergraduate Studies In Afro-American History,"(3, 3)",African American Studies,,
AFROAMER 303,"Blacks, Film, And Society","(3, 3)",African American Studies,,
AFROAMER/​DANCE/​MUSIC  318,Cultural Cross Currents: West African Dance/Music In The Americas,"(3, 3)",African American Studies,,
AFROAMER/​ASIAN AM/​DANCE/​FOLKLORE  319,Afro Asian Improv: From Hip Hop To Martial Arts Fusion,"(3, 3)",African American Studies,,
AFROAMER/​HISTORY  321,Afro-American History Since 1900,"(3, 4)",African American Studies,,
AFROAMER/​HISTORY  322,Afro-American History To 1900,"(3, 4)",African American Studies,,
AFROAMER/​GEN&WS  323,"Gender, Race And Class: Women In U.S. History","(3, 3)",African American Studies,,
AFROAMER/​GEN&WS  324,Black Women In America: Reconstruction To The Present,"(3, 3)",African American Studies,,
AFROAMER/​GEN&WS  326,Race And Gender In Post-World War Ii U.S. Society,"(3, 3)",African American Studies,,
AFROAMER/​GEN&WS  333,Black Feminisms,"(3, 3)",African American Studies,,
AFROAMER 337,The Harlem Renaissance,"(3, 3)",African American Studies,,
AFROAMER 338,The Black Arts Movement,"(3, 3)",African American Studies,,
AFROAMER/​HISTORY  347,The Caribbean And Its Diasporas,"(3, 4)",African American Studies,,
AFROAMER/​GEN&WS  367,Art And Visual Culture: Women Of The African Diaspora And Africa,"(3, 3)",African American Studies,,
AFROAMER/​HISTORY  393,"Slavery, Civil War, And Reconstruction, 1848-1877","(3, 4)",African American Studies,,
AFROAMER/​AFRICAN  413,Contemporary African And Caribbean Drama,"(3, 4)",African American Studies,,
AFROAMER/​LEGAL ST  435,"Civil Rights: Policing, Prisons, Voting, Housing, Employment","(3, 4)",African American Studies,,
AFROAMER/​POLI SCI  519,African American Political Theory,"(3, 4)",African American Studies,,
AFROAMER/​HIST SCI/​MED HIST  523,"Race, American Medicine And Public Health","(3, 3)",African American Studies,,
AFROAMER 525,Major Authors,"(3, 3)",African American Studies,,
AFROAMER/​ED POL  567,History Of African American Education,"(3, 3)",African American Studies,,
AFROAMER 621,Slavery And Capitalism In The United States,"(3, 3)",African American Studies,,
AFROAMER/​GEN&WS  624,African American Women'S Activism (19Th & 20Th Centuries),"(3, 3)",African American Studies,,
AFROAMER/​GEN&WS  625,"Gender, Race And The Civil Rights Movement","(3, 3)",African American Studies,,
AFROAMER/​HISTORY  628,History Of The Civil Rights Movement In The United States,"(3, 3)",African American Studies,,
AFROAMER 631,Colloquium In Afro-American History,"(3, 3)",African American Studies,,
AFROAMER 671,Selected Topics In Afro-American History,"(3, 3)",African American Studies,,
AFROAMER/​ENGL  672,Selected Topics In Afro-American Literature,"(3, 3)",African American Studies,,
AFROAMER 673,Selected Topics In Afro-American Society,"(3, 3)",African American Studies,,
AFROAMER 675,Selected Topics In Afro-American Culture,"(3, 3)",African American Studies,,
AFROAMER/​GEN&WS  677,Critical And Theoretical Perspectives In Black Women'S Writings,"(3, 3)",African American Studies,,
AFROAMER 681,Senior Honors Thesis,"(3, 3)",African American Studies,,
AFROAMER 682,Senior Honor Thesis,"(3, 3)",African American Studies,,
AFROAMER 691,Senior Thesis,"(2, 3)",African American Studies,,
AFROAMER 692,Senior Thesis,"(2, 3)",African American Studies,,
AFROAMER 699,Directed Study In Afro-American Studies,"(1, 6)",African American Studies,,
AFROAMER/​ED POL/​HISTORY  712,Education And The Civil Rights Movement,"(3, 3)",African American Studies,,
AFROAMER 790,Research And Thesis,"(1, 12)",African American Studies,,
AFROAMER/​ART HIST  801,"Historiography, Theory And Methods In Visual Culture","(3, 3)",African American Studies,,
AFROAMER/​ART HIST  802,Visual Cultures: Topics In Visual Cultures,"(3, 3)",African American Studies,,
AFROAMER/​AFRICAN  813,Contemporary African And Caribbean Drama,"(3, 3)",African American Studies,,
AFRICAN 100,Introduction To African Cultural Expression,"(3, 3)",African Cultural Studies,,
AFRICAN/​HISTORY  106,Introduction To African History,"(3, 4)",African Cultural Studies,,
AFRICAN/​HISTORY  129,Africa On The Global Stage,"(3, 4)",African Cultural Studies,,
AFRICAN 201,Introduction To African Literature,"(3, 3)",African Cultural Studies,,
AFRICAN 202,Introductory Topics In African Cultural Studies,"(3, 3)",African Cultural Studies,,
AFRICAN 203,Introductory Topics In African Literature,"(3, 3)",African Cultural Studies,,
AFRICAN 204,Introductory Topics In African Languages,"(3, 3)",African Cultural Studies,,
AFRICAN 206,Introduction To African Linguistic Practices,"(3, 3)",African Cultural Studies,,
AFRICAN/​FOLKLORE  210,The African Storyteller,"(3, 3)",African Cultural Studies,,
AFRICAN 212,Introduction To African Popular Culture,"(3, 3)",African Cultural Studies,,
AFRICAN/​FRENCH  216,Modern And Contemporary Francophone Topics,"(3, 3)",African Cultural Studies,,
AFRICAN/​AFROAMER  220,"Hiphop, Youth Culture, And Politics In Senegal","(3, 3)",African Cultural Studies,,
AFRICAN 230,Introduction To Yoruba Life And Culture,"(3, 3)",African Cultural Studies,,
AFRICAN 231,Introduction To Arabic Literary Culture,"(3, 3)",African Cultural Studies,,
AFRICAN 232,Introduction To Swahili Cultures,"(3, 3)",African Cultural Studies,,
AFRICAN/​AFROAMER  233,Global Hiphop And Social Justice,"(3, 3)",African Cultural Studies,,
AFRICAN/​AFROAMER/​ANTHRO/​GEOG/​HISTORY/​POLI SCI/​SOC  277,Africa: An Introductory Survey,"(4, 4)",African Cultural Studies,,
AFRICAN/​AFROAMER/​HISTORY/​POLI SCI  297,African And African-American Linkages: An Introduction,"(4, 4)",African Cultural Studies,,
AFRICAN 300,African Literature In Translation,"(3, 3)",African Cultural Studies,,
AFRICAN/​INTL ST  302,Arabic Literature And Cinema,"(3, 3)",African Cultural Studies,,
AFRICAN 303,African Literature And Visual Culture,"(3, 3)",African Cultural Studies,,
AFRICAN 304,Soccer In Africa,"(3, 3)",African Cultural Studies,,
AFRICAN 321,First Semester Arabic,"(5, 5)",African Cultural Studies,,
AFRICAN 322,Second Semester Arabic,"(5, 5)",African Cultural Studies,,
AFRICAN 323,Third Semester Arabic,"(4, 4)",African Cultural Studies,,
AFRICAN 324,Fourth Semester Arabic,"(4, 4)",African Cultural Studies,,
AFRICAN 325,Colloquial Arabic,"(2, 2)",African Cultural Studies,,
AFRICAN 326,Colloquial Arabic,"(2, 2)",African Cultural Studies,,
AFRICAN 329,Fifth Semester Arabic,"(3, 3)",African Cultural Studies,,
AFRICAN 330,Sixth Semester Arabic,"(3, 3)",African Cultural Studies,,
AFRICAN 331,First Semester Swahili,"(5, 5)",African Cultural Studies,,
AFRICAN 332,Second Semester Swahili,"(5, 5)",African Cultural Studies,,
AFRICAN 333,Third Semester Swahili,"(4, 4)",African Cultural Studies,,
AFRICAN 334,Fourth Semester Swahili,"(4, 4)",African Cultural Studies,,
AFRICAN 335,First Semester-A Language Of Southern Africa,"(5, 5)",African Cultural Studies,,
AFRICAN 336,Second Semester-A Language Of Southern Africa,"(4, 5)",African Cultural Studies,,
AFRICAN 338,Fourth Semester-A Language Of Southern Africa,"(4, 4)",African Cultural Studies,,
AFRICAN 339,First Semester Summer Arabic,"(4, 4)",African Cultural Studies,,
AFRICAN 340,Second Semester Summer Arabic,"(4, 4)",African Cultural Studies,,
AFRICAN 341,Third Semester Summer Arabic,"(4, 4)",African Cultural Studies,,
AFRICAN 342,Fourth Semester Summer Arabic,"(4, 4)",African Cultural Studies,,
AFRICAN 343,Fifth Semester Summer Arabic,"(4, 4)",African Cultural Studies,,
AFRICAN 344,Sixth Semester Summer Arabic,"(4, 4)",African Cultural Studies,,
AFRICAN 361,First Semester Hausa,"(5, 5)",African Cultural Studies,,
AFRICAN 362,Second Semester Hausa,"(4, 5)",African Cultural Studies,,
AFRICAN/​ASIAN/​RELIG ST  370,Islam: Religion And Culture,"(3, 4)",African Cultural Studies,,
AFRICAN 371,First Semester Yoruba,"(5, 5)",African Cultural Studies,,
AFRICAN 372,Second Semester Yoruba,"(5, 5)",African Cultural Studies,,
AFRICAN 373,Third Semester Yoruba,"(4, 4)",African Cultural Studies,,
AFRICAN 374,Fourth Semester Yoruba,"(4, 4)",African Cultural Studies,,
AFRICAN 391,First Semester-A Language Of West Africa,"(5, 5)",African Cultural Studies,,
AFRICAN 392,Second Semester-A Language Of West Africa,"(4, 5)",African Cultural Studies,,
AFRICAN 393,Third Semester-A Language Of West Africa,"(4, 4)",African Cultural Studies,,
AFRICAN 394,Fourth Semester-A Language Of West Africa,"(4, 4)",African Cultural Studies,,
AFRICAN 399,Directed Study Of An African Language,"(3, 3)",African Cultural Studies,,
AFRICAN 402,Theory Of African Literature,"(3, 4)",African Cultural Studies,,
AFRICAN 403,Theories Of African Cultural Studies,"(3, 3)",African Cultural Studies,,
AFRICAN 405,Topics In African Cultural Studies,"(3, 3)",African Cultural Studies,,
AFRICAN 406,Topics In African Literature,"(3, 3)",African Cultural Studies,,
AFRICAN 407,Topics In African Languages,"(3, 3)",African Cultural Studies,,
AFRICAN/​RELIG ST  408,Everyday Religion In Africa,"(3, 3)",African Cultural Studies,,
AFRICAN 409,Topics In Us And Global Black Music Studies,"(3, 3)",African Cultural Studies,,
AFRICAN 412,Contemporary African Fiction,"(3, 4)",African Cultural Studies,,
AFRICAN/​AFROAMER  413,Contemporary African And Caribbean Drama,"(3, 4)",African Cultural Studies,,
AFRICAN/​RELIG ST  414,Islam In Africa And The Diaspora,"(3, 3)",African Cultural Studies,,
AFRICAN 435,Fifth Semester Swahili,"(3, 3)",African Cultural Studies,,
AFRICAN 436,Sixth Semester Swahili,"(3, 3)",African Cultural Studies,,
AFRICAN/​FRENCH  440,African/Francophone Film,"(3, 3)",African Cultural Studies,,
AFRICAN/​COM ARTS/​L I S  444,Technology And Development In Africa And Beyond,"(3, 3)",African Cultural Studies,,
AFRICAN 445,Advanced Readings In Arabic Texts,"(3, 3)",African Cultural Studies,,
AFRICAN/​PORTUG  451,Lusophone African Literature,"(3, 3)",African Cultural Studies,,
AFRICAN 453,Modern African Literature In English,"(3, 4)",African Cultural Studies,,
AFRICAN/​JEWISH/​MEDIEVAL/​RELIG ST  462,Muslims And Jews,"(3, 3)",African Cultural Studies,,
AFRICAN 475,Fifth Semester Yoruba,"(3, 3)",African Cultural Studies,,
AFRICAN 476,Sixth Semester Yoruba,"(3, 3)",African Cultural Studies,,
AFRICAN 500,Language And Society In Africa,"(3, 4)",African Cultural Studies,,
AFRICAN 605,Advanced Topics In African Cultural Studies,"(3, 3)",African Cultural Studies,,
AFRICAN 606,Advanced Topics In African Literature,"(3, 3)",African Cultural Studies,,
AFRICAN 609,Advanced Topics In Global Black Music Studies,"(3, 3)",African Cultural Studies,,
AFRICAN 669,Special Topics,"(3, 3)",African Cultural Studies,,
AFRICAN 670,Theories And Methods Of Learning A Less Commonly Taught Language,"(2, 2)",African Cultural Studies,,
AFRICAN 671,Multilanguage Seminar,"(4, 4)",African Cultural Studies,,
AFRICAN 672,Intensive Summer Multilanguage Seminar,"(8, 8)",African Cultural Studies,,
AFRICAN 681,Senior Honors Thesis,"(3, 3)",African Cultural Studies,,
AFRICAN 682,Senior Honors Thesis,"(3, 3)",African Cultural Studies,,
AFRICAN 697,Directed Study Of A Less Commonly Taught Language,"(3, 5)",African Cultural Studies,,
AFRICAN 698,Directed Study,"(1, 6)",African Cultural Studies,,
AFRICAN 699,Directed Study,"(1, 6)",African Cultural Studies,,
AFRICAN 700,Reading And Writing African Cultural Studies,"(3, 3)",African Cultural Studies,,
AFRICAN 701,Advanced Topics In African Linguistics,"(3, 3)",African Cultural Studies,,
AFRICAN 703,Topics In Teaching African Languages,"(1, 1)",African Cultural Studies,,
AFRICAN 704,Topics In African Cultural Studies Pedagogy,"(1, 1)",African Cultural Studies,,
AFRICAN 705,Teaching Portfolio,"(2, 2)",African Cultural Studies,,
AFRICAN 796,Teaching Apprenticeship,"(3, 3)",African Cultural Studies,,
AFRICAN 802,Theory And Criticism Of African Literature,"(3, 3)",African Cultural Studies,,
AFRICAN 803,Theories Of African Cultural Studies,"(3, 3)",African Cultural Studies,,
AFRICAN 804,Critical Applied Linguistics Working Group,"(3, 3)",African Cultural Studies,,
AFRICAN/​AFROAMER  813,Contemporary African And Caribbean Drama,"(3, 3)",African Cultural Studies,,
AFRICAN 901,Seminar In Modern African Literature,"(3, 3)",African Cultural Studies,,
AFRICAN 905,Seminar In African Cultural Studies: Topics,"(3, 3)",African Cultural Studies,,
AFRICAN 926,Seminar In Research Methods In African Cultural Studies,"(3, 3)",African Cultural Studies,,
AFRICAN/​ANTHRO/​ECON/​GEOG/​HISTORY/​POLI SCI  983,Interdepartmental Seminar In African Studies Topics,"(3, 3)",African Cultural Studies,,
AFRICAN 990,Thesis,"(1, 9)",African Cultural Studies,,
AFRICAN 999,Independent Reading And Research,"(1, 3)",African Cultural Studies,,
A A E 101,Introduction To Agricultural And Applied Economics,"(4, 4)",Agricultural And Applied Economics,,
A A E/​ENVIR ST  244,The Environment And The Global Economy,"(4, 4)",Agricultural And Applied Economics,,
A A E 246,Climate Change Economics And Policy,"(3, 3)",Agricultural And Applied Economics,,
A A E 267,Career Development For Aae & Abm Majors,"(1, 1)",Agricultural And Applied Economics,,
A A E 289,Honors Independent Study,"(1, 2)",Agricultural And Applied Economics,,
A A E 299,Independent Study,"(1, 3)",Agricultural And Applied Economics,,
A A E/​ECON/​REAL EST/​URB R PL  306,The Real Estate Process,"(3, 3)",Agricultural And Applied Economics,,
A A E 319,The International Agricultural Economy,"(3, 3)",Agricultural And Applied Economics,,
A A E 320,Agricultural Systems Management,"(3, 3)",Agricultural And Applied Economics,,
A A E 322,Commodity Markets,"(4, 4)",Agricultural And Applied Economics,,
A A E 323,Cooperatives And Alternative Forms Of Enterprise Ownership,"(3, 3)",Agricultural And Applied Economics,,
A A E 335,Introduction To Data Analysis Using Spreadsheets,"(2, 2)",Agricultural And Applied Economics,,
A A E/​C&E SOC/​SOC  340,Issues In Food Systems,"(3, 4)",Agricultural And Applied Economics,,
A A E/​ECON/​ENVIR ST  343,Environmental Economics,"(3, 4)",Agricultural And Applied Economics,,
A A E/​AGRONOMY/​NUTR SCI  350,World Hunger And Malnutrition,"(3, 3)",Agricultural And Applied Economics,,
A A E 352,"Global Health: Economics, Natural Systems, And Policy","(4, 4)",Agricultural And Applied Economics,,
A A E/​AGRONOMY/​HORT/​PL PATH  367,"Introduction To Organic Agriculture: Production, Markets, And Policy","(3, 3)",Agricultural And Applied Economics,,
A A E/​ECON  371,"Energy, Resources And Economics","(3, 3)",Agricultural And Applied Economics,,
A A E/​INTL ST  373,"Globalization, Poverty And Development","(3, 3)",Agricultural And Applied Economics,,
A A E/​INTL ST  374,The Growth And Development Of Nations In The Global Economy,"(3, 3)",Agricultural And Applied Economics,,
A A E 375,Special Topics,"(1, 4)",Agricultural And Applied Economics,,
A A E 399,Coordinative Internship/Cooperative Education,"(1, 8)",Agricultural And Applied Economics,,
A A E 400,Study Abroad In Agricultural And Applied Economics,"(1, 6)",Agricultural And Applied Economics,,
A A E 419,Agricultural Finance,"(3, 3)",Agricultural And Applied Economics,,
A A E/​ECON  421,Economic Decision Analysis,"(4, 4)",Agricultural And Applied Economics,,
A A E 422,Food Systems And Supply Chains,"(3, 3)",Agricultural And Applied Economics,,
A A E/​ECON/​INTL BUS  462,Latin American Economic Development,"(3, 3)",Agricultural And Applied Economics,,
A A E/​ECON  473,Economic Growth And Development In Southeast Asia,"(3, 3)",Agricultural And Applied Economics,,
A A E/​ECON  474,Economic Problems Of Developing Areas,"(3, 3)",Agricultural And Applied Economics,,
A A E/​ECON  477,Agricultural And Economic Development In Africa,"(3, 3)",Agricultural And Applied Economics,,
A A E 500,Senior Capstone Experience,"(3, 3)",Agricultural And Applied Economics,,
A A E/​REAL EST/​URB R PL  520,Community Economic Analysis,"(3, 3)",Agricultural And Applied Economics,,
A A E/​ECON  526,Quantitative Methods In Agricultural And Applied Economics,"(4, 4)",Agricultural And Applied Economics,,
A A E/​ECON/​F&W ECOL  531,Natural Resource Economics,"(3, 3)",Agricultural And Applied Economics,,
A A E/​M H R  540,"Intellectual Property Rights, Innovation And Technology","(3, 3)",Agricultural And Applied Economics,,
A A E/​CIV ENGR/​ENVIR ST/​URB R PL  561,Energy Markets,"(3, 3)",Agricultural And Applied Economics,,
A A E 601,Applied Economics,"(3, 3)",Agricultural And Applied Economics,,
A A E 625,Agribusiness Economics And Management,"(3, 3)",Agricultural And Applied Economics,,
A A E 635,Applied Microeconomic Theory,"(3, 3)",Agricultural And Applied Economics,,
A A E 636,Applied Econometric Analysis I,"(3, 3)",Agricultural And Applied Economics,,
A A E 637,Applied Econometric Analysis Ii,"(4, 4)",Agricultural And Applied Economics,,
A A E 641,Foundations Of Agricultural Economics,"(3, 3)",Agricultural And Applied Economics,,
A A E 642,Foundations Of Development Economics,"(3, 3)",Agricultural And Applied Economics,,
A A E 643,Foundations Of Environmental And Natural Resource Economics,"(3, 3)",Agricultural And Applied Economics,,
A A E/​F&W ECOL  652,Decision Methods For Natural Resource Managers,"(3, 3)",Agricultural And Applied Economics,,
A A E 670,Mathematics For Agricultural And Applied Economics,"(3, 3)",Agricultural And Applied Economics,,
A A E/​ECON/​ENVIR ST/​URB R PL  671,Energy Economics,"(3, 3)",Agricultural And Applied Economics,,
A A E 681,Senior Honors Thesis,"(2, 4)",Agricultural And Applied Economics,,
A A E 682,Senior Honors Thesis,"(2, 4)",Agricultural And Applied Economics,,
A A E 691,Senior Thesis,"(2, 2)",Agricultural And Applied Economics,,
A A E 692,Senior Thesis,"(2, 2)",Agricultural And Applied Economics,,
A A E 699,Special Problems,"(1, 4)",Agricultural And Applied Economics,,
A A E 701,Applied Economic Data Analysis,"(4, 4)",Agricultural And Applied Economics,,
A A E 705,Applied Microeconomics,"(3, 3)",Agricultural And Applied Economics,,
A A E 706,Applied Risk Analysis,"(3, 3)",Agricultural And Applied Economics,,
A A E 718,Data Science For Agricultural And Applied Economics,"(3, 3)",Agricultural And Applied Economics,,
A A E 719,Applied Business Economics,"(3, 3)",Agricultural And Applied Economics,,
A A E 720,Seminar In Quantitative And Applied Economics,"(1, 1)",Agricultural And Applied Economics,,
A A E 721,Professional Communication Of Applied Economic Analysis,"(1, 1)",Agricultural And Applied Economics,,
A A E 722,Machine Learning In Applied Economic Analysis,"(4, 4)",Agricultural And Applied Economics,,
A A E 723,Professional Development Seminar,"(1, 1)",Agricultural And Applied Economics,,
A A E 724,Practicum For Applied Economists,"(4, 4)",Agricultural And Applied Economics,,
A A E 730,Frontiers In Development Economics 1,"(3, 3)",Agricultural And Applied Economics,,
A A E 731,Frontiers In Development Economics 2,"(3, 3)",Agricultural And Applied Economics,,
A A E 737,Applied Econometric Analysis Iii,"(3, 3)",Agricultural And Applied Economics,,
A A E 746,Frontiers In Agricultural Economics 1,"(3, 3)",Agricultural And Applied Economics,,
A A E/​ECON  747,Frontiers In Agricultural Economics 2,"(3, 3)",Agricultural And Applied Economics,,
A A E 750,Professional Development For Agribusiness Managers,"(3, 3)",Agricultural And Applied Economics,,
A A E 760,Frontiers In Environmental And Natural Resource Economics 1,"(3, 3)",Agricultural And Applied Economics,,
A A E 762,Frontiers In Environmental And Natural Resource Economics 2,"(3, 3)",Agricultural And Applied Economics,,
A A E 770,Introduction To Quantitative Methods In Resource And Energy Economics,"(3, 3)",Agricultural And Applied Economics,,
A A E 771,Microeconomics Of Resources And Energy: Theory To Practice,"(3, 3)",Agricultural And Applied Economics,,
A A E 772,Applied Econometrics Of Resource And Energy Demand,"(4, 4)",Agricultural And Applied Economics,,
A A E 773,Seminar In Resource And Energy Demand Analysis,"(1, 2)",Agricultural And Applied Economics,,
A A E 774,Practicum In Resource And Energy Demand Analysis I,"(1, 1)",Agricultural And Applied Economics,,
A A E 776,Practicum In Resource And Energy Demand Analysis Ii,"(3, 3)",Agricultural And Applied Economics,,
A A E 777,Survey And Sample Design In Applied Economics,"(2, 2)",Agricultural And Applied Economics,,
A A E 780,Research Colloquium,"(3, 3)",Agricultural And Applied Economics,,
A A E 799,Practicum In Agricultural And Applied Economics Teaching,"(1, 3)",Agricultural And Applied Economics,,
A A E/​POLI SCI  835,Game Theory And Political Analysis,"(3, 3)",Agricultural And Applied Economics,,
A A E 875,Special Topics,"(1, 4)",Agricultural And Applied Economics,,
A A E/​ENVIR ST/​POP HLTH/​PUB AFFR  881,Benefit-Cost Analysis,"(3, 3)",Agricultural And Applied Economics,,
A A E 899,Aae Graduate Practical Training/Internship,"(1, 6)",Agricultural And Applied Economics,,
A A E/​ANTHRO/​C&E SOC/​GEOG/​HISTORY/​LACIS/​POLI SCI/​PORTUG/​SOC/​SPANISH  982,Interdepartmental Seminar In The Latin-American Area,"(1, 3)",Agricultural And Applied Economics,,
A A E 990,Research And Thesis,"(1, 12)",Agricultural And Applied Economics,,
A A E 999,Special Work - Agricultural And Applied Economics,"(1, 3)",Agricultural And Applied Economics,,
AGROECOL/​AGRONOMY/​C&E SOC/​ENTOM/​ENVIR ST  103,Agroecology: An Introduction To The Ecology Of Food And Agriculture,"(3, 3)",Agroecology,,
AGROECOL 187,Plants And The Science Of Survival,"(3, 3)",Agroecology,,
AGROECOL 303,Agroecological Systems: Working Towards Sustainability,"(3, 3)",Agroecology,,
AGROECOL 399,Coordinative Internship/Cooperative Education,"(1, 8)",Agroecology,,
AGROECOL 400,Study Abroad In Agroecology,"(1, 6)",Agroecology,,
AGROECOL 503,Agroecology Capstone,"(3, 3)",Agroecology,,
AGROECOL 699,Special Problems,"(1, 3)",Agroecology,,
AGROECOL 701,The Farm As Socio-Environmental Endeavor,"(3, 3)",Agroecology,,
AGROECOL 702,The Multifunctionality Of Agriculture,"(3, 3)",Agroecology,,
AGROECOL 710,Seminar In Agroecology,"(1, 1)",Agroecology,,
AGROECOL 720,Agroecology Field Study,"(1, 3)",Agroecology,,
AGROECOL/​AGRONOMY/​ENVIR ST  724,Agroecosystems And Global Change,"(3, 3)",Agroecology,,
AGROECOL 799,Practicum In Agroecology Teaching,"(1, 3)",Agroecology,,
AGROECOL 990,Research,"(1, 12)",Agroecology,,
AGRONOMY 100,Principles And Practices In Crop Production,"(4, 4)",Agronomy,,
AGRONOMY/​AGROECOL/​C&E SOC/​ENTOM/​ENVIR ST  103,Agroecology: An Introduction To The Ecology Of Food And Agriculture,"(3, 3)",Agronomy,,
AGRONOMY 289,Honors Independent Study,"(1, 2)",Agronomy,,
AGRONOMY 299,Independent Study,"(1, 3)",Agronomy,,
AGRONOMY 300,Cropping Systems,"(3, 3)",Agronomy,,
AGRONOMY 302,Forage Management And Utilization,"(3, 3)",Agronomy,,
AGRONOMY/​HORT/​SOIL SCI  326,Plant Nutrition Management,"(3, 3)",Agronomy,,
AGRONOMY/​HORT  338,Plant Breeding And Biotechnology,"(3, 3)",Agronomy,,
AGRONOMY/​BOTANY/​HORT  340,Plant Cell Culture And Genetic Engineering,"(3, 3)",Agronomy,,
AGRONOMY/​A A E/​NUTR SCI  350,World Hunger And Malnutrition,"(3, 3)",Agronomy,,
AGRONOMY/​HORT  360,"Genetically Modified Crops: Science, Regulation & Controversy","(2, 2)",Agronomy,,
AGRONOMY/​A A E/​HORT/​PL PATH  367,"Introduction To Organic Agriculture: Production, Markets, And Policy","(3, 3)",Agronomy,,
AGRONOMY/​BOTANY/​SOIL SCI  370,Grassland Ecology,"(3, 3)",Agronomy,,
AGRONOMY 375,Special Topics,"(1, 4)",Agronomy,,
AGRONOMY/​HORT  376,Tropical Horticultural Systems,"(2, 2)",Agronomy,,
AGRONOMY 377,Global Food Production And Health,"(3, 3)",Agronomy,,
AGRONOMY 399,Coordinative Internship/Cooperative Education,"(1, 8)",Agronomy,,
AGRONOMY 400,Study Abroad In Agronomy,"(1, 6)",Agronomy,,
AGRONOMY/​DY SCI  471,Food Production Systems And Sustainability,"(3, 3)",Agronomy,,
AGRONOMY 500,Senior Capstone Experience,"(2, 2)",Agronomy,,
AGRONOMY/​HORT  501,Principles Of Plant Breeding,"(3, 3)",Agronomy,,
AGRONOMY/​HORT  502,Techniques Of Plant Breeding,"(1, 1)",Agronomy,,
AGRONOMY/​ATM OCN/​SOIL SCI  532,Environmental Biophysics,"(3, 3)",Agronomy,,
AGRONOMY/​C&E SOC/​MED HIST/​PHILOS  565,The Ethics Of Modern Biotechnology,"(3, 3)",Agronomy,,
AGRONOMY/​AN SCI/​GENETICS/​HORT  615,Genetic Mapping,"(3, 3)",Agronomy,,
AGRONOMY 681,Senior Honors Thesis,"(2, 4)",Agronomy,,
AGRONOMY 682,Senior Honors Thesis,"(2, 4)",Agronomy,,
AGRONOMY 699,Special Problems,"(1, 4)",Agronomy,,
AGRONOMY/​AGROECOL/​ENVIR ST  724,Agroecosystems And Global Change,"(3, 3)",Agronomy,,
AGRONOMY 771,Experimental Designs,"(1, 1)",Agronomy,,
AGRONOMY 772,Applications In Anova,"(1, 1)",Agronomy,,
AGRONOMY 799,Practicum In Agronomy Teaching,"(1, 3)",Agronomy,,
AGRONOMY/​HORT  811,Biometrical Procedures In Plant Breeding,"(3, 3)",Agronomy,,
AGRONOMY/​HORT  812,Selection Theory For Quantitative Traits In Plants,"(2, 2)",Agronomy,,
AGRONOMY 875,Special Topics,"(1, 4)",Agronomy,,
AGRONOMY 920,Seminar,"(1, 1)",Agronomy,,
AGRONOMY/​ATM OCN/​BOTANY/​ENTOM/​ENVIR ST/​F&W ECOL/​GEOG/​ZOOLOGY  953,Introduction To Ecology Research At Uw-Madison,"(1, 2)",Agronomy,,
AGRONOMY/​GENETICS/​HORT  957,Seminar-Plant Breeding,"(1, 1)",Agronomy,,
AGRONOMY 990,Research,"(1, 9)",Agronomy,,
A F AERO 101,Heritage And Values I,"(1, 1)",Air Force Aerospace Studies,,
A F AERO 102,Heritage And Values Ii,"(1, 1)",Air Force Aerospace Studies,,
A F AERO 201,Team And Leadership Fundamentals I,"(1, 1)",Air Force Aerospace Studies,,
A F AERO 202,Team And Leadership Fundamentals Ii,"(1, 1)",Air Force Aerospace Studies,,
A F AERO 301,Leading People And Effective Communication I,"(3, 3)",Air Force Aerospace Studies,,
A F AERO 302,Leading People And Effective Communication Ii,"(3, 3)",Air Force Aerospace Studies,,
A F AERO 401,National Security Affairs,"(3, 3)",Air Force Aerospace Studies,,
A F AERO 402,Leadership Responsibilities & Commissioning Preparation,"(3, 3)",Air Force Aerospace Studies,,
A F AERO 501,Leadership Laboratory I,"(1, 1)",Air Force Aerospace Studies,,
A F AERO 502,Leadership Laboratory Ii,"(1, 1)",Air Force Aerospace Studies,,
AMER IND 100,Introduction To American Indian Studies,"(3, 3)",American Indian Studies,,
AMER IND/​AFROAMER/​ASIAN AM/​CHICLA/​FOLKLORE  102,Introduction To Comparative Us Ethnic And American Indian Studies,"(3, 3)",American Indian Studies,,
AMER IND/​LAND ARC  106,Earth Partnership Indigenous Arts And Sciences,"(3, 3)",American Indian Studies,,
AMER IND/​ENGL  172,Literatures Of Native America,"(3, 3)",American Indian Studies,,
AMER IND 185,Indigenous Athletes And Sports,"(3, 3)",American Indian Studies,,
AMER IND/​HISTORY  190,Introduction To American Indian History,"(3, 4)",American Indian Studies,,
AMER IND 199,Directed Study,"(1, 3)",American Indian Studies,,
AMER IND 230,Indigenous Resistance And Activism,"(3, 3)",American Indian Studies,,
AMER IND/​ENGL  246,Literature By American Indian Women,"(3, 3)",American Indian Studies,,
AMER IND 250,Indians Of Wisconsin,"(3, 3)",American Indian Studies,,
AMER IND 301,First Semester Ojibwe,"(3, 3)",American Indian Studies,,
AMER IND 302,Second Semester Ojibwe,"(3, 3)",American Indian Studies,,
AMER IND 303,Beginner Level Indigenous Language,"(3, 3)",American Indian Studies,,
AMER IND 304,Beginner Level Indigenous Language Ii,"(3, 3)",American Indian Studies,,
AMER IND/​ENVIR ST  306,Indigenous Peoples And The Environment,"(3, 3)",American Indian Studies,,
AMER IND 308,Beginner Level Hoocak/Ho-Chunk Language,"(3, 3)",American Indian Studies,,
AMER IND/​ANTHRO  314,Indians Of North America,"(3, 3)",American Indian Studies,,
AMER IND 325,American Indians In Film,"(3, 3)",American Indian Studies,,
AMER IND/​CSCS  330,"American Indian Communities: Sovereignty, Struggles, And Successes","(3, 3)",American Indian Studies,,
AMER IND/​ENVIR ST  341,Indigenous Environmental Communicators,"(3, 3)",American Indian Studies,,
AMER IND/​ENVIR ST/​GEOG  345,Caring For Nature In Native North America,"(3, 3)",American Indian Studies,,
AMER IND/​ANTHRO  354,Archaeology Of Wisconsin,"(3, 3)",American Indian Studies,,
AMER IND/​ANTHRO  355,Archaeology Of Eastern North America,"(3, 3)",American Indian Studies,,
AMER IND/​LINGUIS  371,Survey Of North American Indian Languages,"(3, 3)",American Indian Studies,,
AMER IND/​HISTORY  380,Sovereignty And The Schoolhouse,"(3, 3)",American Indian Studies,,
AMER IND 401,Ojibwe Language Iii,"(3, 3)",American Indian Studies,,
AMER IND 402,Ojibwe Language Iv,"(3, 3)",American Indian Studies,,
AMER IND 403,Intermediate Level Indigenous Language,"(3, 3)",American Indian Studies,,
AMER IND 404,Intermediate Level Indigenous Language Ii,"(3, 3)",American Indian Studies,,
AMER IND/​GEOG  410,Critical Indigenous Ecological Knowledges,"(3, 3)",American Indian Studies,,
AMER IND 425,Special Topics In American Indian Studies,"(3, 3)",American Indian Studies,,
AMER IND/​ANTHRO/​FOLKLORE  431,American Indian Folklore,"(3, 3)",American Indian Studies,,
AMER IND/​ANTHRO/​FOLKLORE/​GEN&WS  437,American Indian Women,"(3, 3)",American Indian Studies,,
AMER IND 450,Issues In American Indian Studies,"(3, 3)",American Indian Studies,,
AMER IND/​ANTHRO/​BOTANY  474,Ethnobotany,"(3, 4)",American Indian Studies,,
AMER IND/​C&E SOC/​SOC  578,Poverty And Place,"(3, 3)",American Indian Studies,,
AMER IND/​SOC WORK  636,Social Work In American Indian Communities: The Indian Child Welfare Act,"(3, 3)",American Indian Studies,,
AMER IND 699,Directed Study,"(1, 3)",American Indian Studies,,
ANATOMY 622,Human Anatomy For Physical And Occupational Therapy Students,"(6, 6)",Anatomy,,
ANATOMY 699,Independent Study,"(1, 4)",Anatomy,,
ANAT&PHY 235,Human Physiology And Health,"(4, 4)",Anatomy & Physiology,,
ANAT&PHY 335,Physiology,"(5, 5)",Anatomy & Physiology,,
ANAT&PHY 337,Human Anatomy,"(3, 3)",Anatomy & Physiology,,
ANAT&PHY 338,Human Anatomy Laboratory,"(2, 2)",Anatomy & Physiology,,
ANAT&PHY 399,Independent Study,"(1, 3)",Anatomy & Physiology,,
ANAT&PHY 435,Fundamentals Of Human Physiology,"(5, 5)",Anatomy & Physiology,,
ANAT&PHY 699,Independent Study,"(1, 3)",Anatomy & Physiology,,
ANESTHES 699,Independent Study,"(0, 5)",Anesthesiology,,
ANESTHES 910,Independent Reading & Research In Anesthesiology,"(1, 4)",Anesthesiology,,
ANESTHES 911,The Shock Course,"(2, 2)",Anesthesiology,,
ANESTHES 919,Individualized Anesthesiology Clinical Elective,"(2, 4)",Anesthesiology,,
ANESTHES 920,Clinical Anesthesiology Elective,"(2, 4)",Anesthesiology,,
ANESTHES 922,Cardiothoracic Intensive Care Unit Clinical Anesthesia Elective,"(2, 4)",Anesthesiology,,
ANESTHES 930,Resuscitation Anesthesiology Elective,"(1, 1)",Anesthesiology,,
ANESTHES 940,Integrated Elective In Pain Management,"(2, 2)",Anesthesiology,,
AN SCI 1,Cooperative Education/Co-Op In Animal Sciences,"(1, 1)",Animal Sciences,,
AN SCI/​DY SCI  101,Introduction To Animal Sciences,"(3, 3)",Animal Sciences,,
AN SCI/​DY SCI  102,Introduction To Animal Sciences Laboratory,"(1, 1)",Animal Sciences,,
AN SCI 135,Grand Challenges And Career Opportunities In Animal And Dairy Sciences,"(1, 1)",Animal Sciences,,
AN SCI 140,Introduction To Poultry: From Backyard Chickens To Commercial Production,"(1, 1)",Animal Sciences,,
AN SCI 200,The Biology And Appreciation Of Companion Animals,"(3, 3)",Animal Sciences,,
AN SCI 210,You And Your Food: Farm To Table,"(2, 2)",Animal Sciences,,
AN SCI 240,Ancient Animals And Peoples,"(3, 3)",Animal Sciences,,
AN SCI 245,Animal Welfare,"(3, 3)",Animal Sciences,,
AN SCI 289,Honors Independent Study,"(1, 2)",Animal Sciences,,
AN SCI 299,Independent Study,"(1, 3)",Animal Sciences,,
AN SCI/​FOOD SCI  305,Introduction To Meat Science And Technology,"(4, 4)",Animal Sciences,,
AN SCI/​DY SCI/​NUTR SCI  311,Comparative Animal Nutrition,"(3, 3)",Animal Sciences,,
AN SCI 314,Poultry Nutrition,"(3, 3)",Animal Sciences,,
AN SCI 315,Poultry Enterprise Management,"(3, 3)",Animal Sciences,,
AN SCI/​DY SCI  320,Animal Health And Disease,"(3, 3)",Animal Sciences,,
AN SCI/​FOOD SCI  321,Food Laws And Regulations,"(1, 1)",Animal Sciences,,
AN SCI/​BOTANY/​MICROBIO  335,"The Microbiome Of Plants, Animals, And Humans","(3, 3)",Animal Sciences,,
AN SCI 336,Animal Growth And Development,"(3, 3)",Animal Sciences,,
AN SCI/​BSE  344,Digital Technologies For Animal Monitoring,"(3, 3)",Animal Sciences,,
AN SCI/​DY SCI  361,Introduction To Animal And Veterinary Genetics,"(2, 2)",Animal Sciences,,
AN SCI/​DY SCI  362,Veterinary Genetics,"(2, 2)",Animal Sciences,,
AN SCI/​DY SCI  363,Principles Of Animal Breeding,"(2, 2)",Animal Sciences,,
AN SCI 366,Concepts In Genomics,"(3, 3)",Animal Sciences,,
AN SCI/​DY SCI  370,Livestock Production And Health In Agricultural Development,"(3, 3)",Animal Sciences,,
AN SCI/​DY SCI  373,Animal Physiology,"(3, 3)",Animal Sciences,,
AN SCI 375,Special Topics,"(1, 4)",Animal Sciences,,
AN SCI 377,Integrative Animal Physiology Laboratory,"(1, 1)",Animal Sciences,,
AN SCI 399,Coordinative Internship/Cooperative Education,"(1, 8)",Animal Sciences,,
AN SCI 400,Study Abroad In Animal Sciences,"(1, 6)",Animal Sciences,,
AN SCI/​DY SCI  414,Ruminant Nutrition & Metabolism,"(3, 3)",Animal Sciences,,
AN SCI 415,Application Of Monogastric Nutrition Principles,"(2, 2)",Animal Sciences,,
AN SCI 420,Microbiomes Of Animal Systems,"(3, 3)",Animal Sciences,,
AN SCI 431,Beef Cattle Production,"(3, 3)",Animal Sciences,,
AN SCI 432,Swine Production,"(3, 3)",Animal Sciences,,
AN SCI/​DY SCI  434,Reproductive Physiology,"(3, 3)",Animal Sciences,,
AN SCI 435,Animal Sciences Proseminar,"(2, 2)",Animal Sciences,,
AN SCI/​DY SCI/​FOOD SCI/​SOIL SCI  472,Animal Agriculture And Global Sustainable Development,"(1, 1)",Animal Sciences,,
AN SCI/​DY SCI/​FOOD SCI/​SOIL SCI  473,International Field Study In Animal Agriculture And Sustainable Development,"(2, 2)",Animal Sciences,,
AN SCI 503,Avian Physiology,"(3, 3)",Animal Sciences,,
AN SCI 508,Poultry Products Technology,"(3, 3)",Animal Sciences,,
AN SCI 511,Breeder Flock And Hatchery Management,"(3, 3)",Animal Sciences,,
AN SCI 512,Management For Avian Health,"(3, 3)",Animal Sciences,,
AN SCI/​FOOD SCI  515,Commercial Meat Processing,"(2, 2)",Animal Sciences,,
AN SCI/​F&W ECOL/​ZOOLOGY  520,Ornithology,"(3, 3)",Animal Sciences,,
AN SCI/​F&W ECOL/​ZOOLOGY  521,Birds Of Southern Wisconsin,"(3, 3)",Animal Sciences,,
AN SCI 610,Quantitative Genetics,"(3, 3)",Animal Sciences,,
AN SCI/​AGRONOMY/​GENETICS/​HORT  615,Genetic Mapping,"(3, 3)",Animal Sciences,,
AN SCI/​NUTR SCI  626,Experimental Diet Design,"(1, 1)",Animal Sciences,,
AN SCI 681,Senior Honor Thesis,"(2, 4)",Animal Sciences,,
AN SCI 682,Senior Honors Thesis,"(2, 4)",Animal Sciences,,
AN SCI 691,Thesis,"(2, 2)",Animal Sciences,,
AN SCI 692,Thesis,"(2, 2)",Animal Sciences,,
AN SCI 699,Special Problems,"(1, 3)",Animal Sciences,,
AN SCI/​FOOD SCI  710,Chemistry Of The Food Lipids,"(2, 2)",Animal Sciences,,
AN SCI/​FOOD SCI  711,Food Biochemistry,"(3, 3)",Animal Sciences,,
AN SCI 799,Practicum In Animal Sciences Teaching,"(1, 3)",Animal Sciences,,
AN SCI/​DY SCI  824,Ruminant Nutritional Physiology I,"(4, 4)",Animal Sciences,,
AN SCI/​DY SCI  825,Ruminant Nutritional Physiology Ii,"(4, 4)",Animal Sciences,,
AN SCI/​GENETICS/​POP HLTH  849,Genetic Epidemiology,"(3, 3)",Animal Sciences,,
AN SCI 865,Design And Analysis Of Biological Studies,"(4, 4)",Animal Sciences,,
AN SCI 875,Special Topics,"(1, 4)",Animal Sciences,,
AN SCI/​DY SCI  931,Seminar In Animal Nutrition,"(1, 1)",Animal Sciences,,
AN SCI/​DY SCI/​GENETICS  951,Seminar In Animal Breeding,"(0, 1)",Animal Sciences,,
AN SCI/​OBS&GYN/​ZOOLOGY  954,Seminar In Endocrinology-Reproductive Physiology,"(0, 1)",Animal Sciences,,
AN SCI 990,Research,"(1, 12)",Animal Sciences,,
ANTHRO 100,General Anthropology,"(3, 3)",Anthropology,,
ANTHRO 102,Archaeology And The Prehistoric World,"(3, 3)",Anthropology,,
ANTHRO 104,Cultural Anthropology And Human Diversity,"(3, 3)",Anthropology,,
ANTHRO 105,Principles Of Biological Anthropology,"(3, 3)",Anthropology,,
ANTHRO 120,Freshman/Sophomore Seminar In Anthropology,"(3, 3)",Anthropology,,
ANTHRO/​FOLKLORE/​INTL ST/​LINGUIS  211,Global Language Issues,"(3, 3)",Anthropology,,
ANTHRO 212,Principles Of Archaeology,"(3, 3)",Anthropology,,
ANTHRO/​MED HIST  231,Introduction To Social Medicine,"(3, 3)",Anthropology,,
ANTHRO 237,"Cut 'N' Mix: Music, Race, And Culture In The Caribbean","(3, 3)",Anthropology,,
ANTHRO/​AFROAMER/​C&E SOC/​GEOG/​HISTORY/​LACIS/​POLI SCI/​SOC/​SPANISH  260,Latin America: An Introduction,"(3, 4)",Anthropology,,
ANTHRO/​ART HIST/​DS/​HISTORY/​LAND ARC  264,Dimensions Of Material Culture,"(4, 4)",Anthropology,,
ANTHRO 265,Introduction To Culture And Health,"(3, 3)",Anthropology,,
ANTHRO/​AFRICAN/​AFROAMER/​GEOG/​HISTORY/​POLI SCI/​SOC  277,Africa: An Introductory Survey,"(4, 4)",Anthropology,,
ANTHRO 300,Cultural Anthropology: Theory And Ethnography,"(3, 3)",Anthropology,,
ANTHRO/​LINGUIS  301,Introduction To Linguistics: Descriptive And Theoretical,"(3, 3)",Anthropology,,
ANTHRO 302,Hominoid Evolution,"(3, 3)",Anthropology,,
ANTHRO 303,Human Skeletal Anatomy,"(4, 4)",Anthropology,,
ANTHRO 304,"Heredity, Environment And Human Populations","(3, 3)",Anthropology,,
ANTHRO 307,Urban Anthropology,"(3, 3)",Anthropology,,
ANTHRO 310,Topics In Archaeology,"(3, 3)",Anthropology,,
ANTHRO/​AMER IND  314,Indians Of North America,"(3, 3)",Anthropology,,
ANTHRO 321,The Emergence Of Human Culture,"(3, 3)",Anthropology,,
ANTHRO 322,The Origins Of Civilization,"(3, 3)",Anthropology,,
ANTHRO 330,Topics In Ethnology,"(3, 4)",Anthropology,,
ANTHRO 333,Prehistory Of Africa,"(3, 3)",Anthropology,,
ANTHRO 337,Lithics And Archaeology,"(3, 3)",Anthropology,,
ANTHRO 339,Archaeology Of Warfare And Human Nature,"(3, 3)",Anthropology,,
ANTHRO 340,"Music, Race, And Culture In Brazil","(3, 3)",Anthropology,,
ANTHRO/​RELIG ST  343,Anthropology Of Religion,"(3, 4)",Anthropology,,
ANTHRO 345,"Family, Kin And Community In Anthropological Perspective","(3, 3)",Anthropology,,
ANTHRO 348,Economic Anthropology,"(3, 4)",Anthropology,,
ANTHRO 350,Political Anthropology,"(3, 4)",Anthropology,,
ANTHRO 352,Ancient Technology And Invention,"(3, 3)",Anthropology,,
ANTHRO/​AMER IND  354,Archaeology Of Wisconsin,"(3, 3)",Anthropology,,
ANTHRO/​AMER IND  355,Archaeology Of Eastern North America,"(3, 3)",Anthropology,,
ANTHRO 357,Introduction To The Anthropology Of Japan,"(3, 4)",Anthropology,,
ANTHRO/​LACIS  361,Elementary Quechua,"(4, 4)",Anthropology,,
ANTHRO/​LACIS  362,Elementary Quechua,"(4, 4)",Anthropology,,
ANTHRO/​LACIS  363,Intermediate Quechua,"(4, 4)",Anthropology,,
ANTHRO/​LACIS  364,Advanced Quechua,"(4, 4)",Anthropology,,
ANTHRO 365,Medical Anthropology,"(3, 3)",Anthropology,,
ANTHRO 370,Field Course In Archaeology,"(3, 6)",Anthropology,,
ANTHRO/​LACIS  376,First Semester Yucatec Maya,"(4, 4)",Anthropology,,
ANTHRO/​LACIS  377,Second Semester Yucatec Maya,"(4, 4)",Anthropology,,
ANTHRO 391,Bones For The Archaeologist,"(3, 3)",Anthropology,,
ANTHRO 405,Introduction To Museum Studies In Anthropology,"(3, 3)",Anthropology,,
ANTHRO/​BOTANY/​ZOOLOGY  410,Evolutionary Biology,"(3, 3)",Anthropology,,
ANTHRO 411,"The Evolution Of The Genus, Homo","(3, 3)",Anthropology,,
ANTHRO 415,The Anthropological Study Of Children & Youth,"(3, 3)",Anthropology,,
ANTHRO 420,Introduction To Primatological Research,"(3, 3)",Anthropology,,
ANTHRO 424,Historical Anthropology,"(3, 3)",Anthropology,,
ANTHRO/​LINGUIS  430,Language And Culture,"(3, 4)",Anthropology,,
ANTHRO/​AMER IND/​FOLKLORE  431,American Indian Folklore,"(3, 3)",Anthropology,,
ANTHRO/​AMER IND/​FOLKLORE/​GEN&WS  437,American Indian Women,"(3, 3)",Anthropology,,
ANTHRO/​GEN&WS  443,Anthropology By Women,"(3, 3)",Anthropology,,
ANTHRO 448,Anthropology Of Law,"(3, 3)",Anthropology,,
ANTHRO 453,Study Abroad: Topics In Archaeology,"(1, 6)",Anthropology,,
ANTHRO 454,Study Abroad: Topics In Biological Anthropology,"(1, 6)",Anthropology,,
ANTHRO 455,Study Abroad: Topics In Cultural Anthropology,"(1, 6)",Anthropology,,
ANTHRO 456,Symbolic Anthropology,"(3, 4)",Anthropology,,
ANTHRO 458,Primate Behavioral Ecology,"(3, 3)",Anthropology,,
ANTHRO 460,The Anthropology Of Dance: Movement And Music In Performance,"(3, 3)",Anthropology,,
ANTHRO/​AMER IND/​BOTANY  474,Ethnobotany,"(3, 4)",Anthropology,,
ANTHRO 477,"Anthropology, Environment, And Development","(3, 3)",Anthropology,,
ANTHRO 490,Undergraduate Seminar,"(3, 3)",Anthropology,,
ANTHRO/​FOLKLORE  520,Ethnic Representations In Wisconsin,"(4, 4)",Anthropology,,
ANTHRO 545,Psychological Anthropology,"(3, 3)",Anthropology,,
ANTHRO/​ED POL  570,Anthropology And Education,"(3, 3)",Anthropology,,
ANTHRO 601,Proseminar In Biological Anthropology,"(3, 3)",Anthropology,,
ANTHRO 603,Seminar In Evolutionary Theory,"(3, 3)",Anthropology,,
ANTHRO 605,Seminar-Current Problems In Paleoanthropology,"(3, 3)",Anthropology,,
ANTHRO 606,"Ethnicity, Nations, And Nationalism","(3, 4)",Anthropology,,
ANTHRO/​NTP/​PSYCH/​ZOOLOGY  619,Biology Of Mind,"(3, 3)",Anthropology,,
ANTHRO 668,Primate Conservation,"(3, 3)",Anthropology,,
ANTHRO 681,Senior Honors Thesis,"(3, 3)",Anthropology,,
ANTHRO 682,Senior Honors Thesis,"(3, 3)",Anthropology,,
ANTHRO 690,Problems In Anthropology,"(3, 4)",Anthropology,,
ANTHRO 691,Senior Thesis,"(2, 2)",Anthropology,,
ANTHRO 692,Senior Thesis,"(2, 2)",Anthropology,,
ANTHRO 696,Archaeological Methods Of Curation,"(1, 3)",Anthropology,,
ANTHRO 698,Directed Study,"(1, 6)",Anthropology,,
ANTHRO 699,Directed Study,"(1, 6)",Anthropology,,
ANTHRO/​ART HIST/​DS/​HISTORY/​LAND ARC  764,Dimensions Of Material Culture,"(4, 4)",Anthropology,,
ANTHRO 860,History Of Anthropological Theory,"(3, 3)",Anthropology,,
ANTHRO 900,Fundamentals Of Anthropological Theory,"(3, 3)",Anthropology,,
ANTHRO/​PSYCH  906,Methods And Hypothesis-Testing For Behavioral Ecologists,"(1, 3)",Anthropology,,
ANTHRO 909,Research Methods And Research Design In Cultural Anthropology,"(3, 3)",Anthropology,,
ANTHRO 917,Globalization And Transnational Cultures,"(3, 3)",Anthropology,,
ANTHRO 919,Anthropology And International Health,"(2, 2)",Anthropology,,
ANTHRO/​GEN&WS  920,Anthropology Of Gender,"(3, 3)",Anthropology,,
ANTHRO/​C&E SOC/​ECON/​SOC  925,Seminar: Socio-Economic Change In Underdeveloped Areas,"(2, 3)",Anthropology,,
ANTHRO 940,Seminar-Problems In Cultural Anthropology,"(3, 3)",Anthropology,,
ANTHRO 942,Seminar-Archaeological Problems,"(3, 3)",Anthropology,,
ANTHRO/​ED POL  970,Seminar In Anthropology And Education,"(3, 3)",Anthropology,,
ANTHRO/​A A E/​C&E SOC/​GEOG/​HISTORY/​LACIS/​POLI SCI/​PORTUG/​SOC/​SPANISH  982,Interdepartmental Seminar In The Latin-American Area,"(1, 3)",Anthropology,,
ANTHRO/​AFRICAN/​ECON/​GEOG/​HISTORY/​POLI SCI  983,Interdepartmental Seminar In African Studies Topics,"(3, 3)",Anthropology,,
ANTHRO 990,Research And Thesis,"(1, 3)",Anthropology,,
ANTHRO 999,Reading And Research,"(1, 9)",Anthropology,,
ABT 700,Principles Of Biotechnology,"(3, 3)",Applied Biotechnology,,
ABT 705,"Ethics, Safety, And Regulatory Environments In Biotechnology","(3, 3)",Applied Biotechnology,,
ABT 710,Professional And Technical Communication In Biotechnology,"(3, 3)",Applied Biotechnology,,
ABT 715,Techniques In Biotechnology,"(3, 3)",Applied Biotechnology,,
ABT 720,Experimental Design And Analysis In Biotechnology,"(3, 3)",Applied Biotechnology,,
ABT 725,Leadership In Organizations,"(3, 3)",Applied Biotechnology,,
ABT 730,Python For Bioinformatics,"(3, 3)",Applied Biotechnology,,
ABT 735,Quality Control And Validation,"(3, 3)",Applied Biotechnology,,
ABT 740,Regulatory Practice And Compliance,"(3, 3)",Applied Biotechnology,,
ABT 745,Industrial Applications In Regulatory Affairs,"(3, 3)",Applied Biotechnology,,
ABT 750,Biotechnology Marketing And Entrepreneurship,"(3, 3)",Applied Biotechnology,,
ABT 755,Global Operations And Supply Chain Management,"(3, 3)",Applied Biotechnology,,
ABT 760,Quality And Project Management,"(3, 3)",Applied Biotechnology,,
ABT 765,Assessing Innovation In Biotechnology,"(3, 3)",Applied Biotechnology,,
ABT 770,Product Development,"(3, 3)",Applied Biotechnology,,
ABT 775,Tools For Data Analysis,"(3, 3)",Applied Biotechnology,,
ABT 780,Bioinformatic Inquiry,"(3, 3)",Applied Biotechnology,,
ABT 785,Application Of Bioinformatics,"(3, 3)",Applied Biotechnology,,
ABT 789,Pre-Capstone,"(1, 1)",Applied Biotechnology,,
ABT 790,Capstone,"(3, 3)",Applied Biotechnology,,
ART 100,Introduction To Art,"(3, 3)",Art Department,,
ART 102,Two-Dimensional Design,"(3, 3)",Art Department,,
ART 104,Three-Dimensional Design,"(3, 3)",Art Department,,
ART 107,Introduction To Digital Forms,"(3, 3)",Art Department,,
ART 108,Foundations Of Contemporary Art,"(3, 3)",Art Department,,
ART 112,Drawing I,"(3, 3)",Art Department,,
ART 176,Digital Photography For Non-Art Majors,"(4, 4)",Art Department,,
ART 208,Current Directions In Art,"(3, 3)",Art Department,,
ART 212,Drawing Methods & Concepts,"(3, 3)",Art Department,,
ART 214,Sculpture I,"(4, 4)",Art Department,,
ART 222,Introduction To Painting,"(3, 4)",Art Department,,
ART 224,Ceramics I,"(4, 4)",Art Department,,
ART/​DS  226,Textile Design: Off-Loom Construction,"(3, 3)",Art Department,,
ART/​DS  229,Textile Design: Weaving I,"(3, 3)",Art Department,,
ART 232,Life Drawing I,"(4, 4)",Art Department,,
ART 236,Bascom Course,"(3, 3)",Art Department,,
ART 242,Watercolor I,"(3, 4)",Art Department,,
ART 244,Art Metal I,"(3, 4)",Art Department,,
ART 302,Color,"(4, 4)",Art Department,,
ART 306,Relief Printmaking,"(3, 4)",Art Department,,
ART 307,Making Comics 1,"(4, 4)",Art Department,,
ART 309,Digital Art And Code,"(4, 4)",Art Department,,
ART 312,Intermediate Drawing I,"(3, 4)",Art Department,,
ART 314,Sculpture Ii,"(4, 4)",Art Department,,
ART 316,Lithography,"(4, 4)",Art Department,,
ART 318,"Introduction To Video, Performance & Installation Art","(4, 4)",Art Department,,
ART 322,Intermediate Painting I,"(4, 4)",Art Department,,
ART 324,Ceramics Ii,"(4, 4)",Art Department,,
ART 326,Etching,"(4, 4)",Art Department,,
ART 332,Life Drawing Ii,"(4, 4)",Art Department,,
ART 333,Intro To Responsive Web Design,"(4, 4)",Art Department,,
ART 334,Wood Working,"(3, 4)",Art Department,,
ART 336,Serigraphy,"(3, 4)",Art Department,,
ART 338,Service Learning In Art,"(2, 2)",Art Department,,
ART/​DANCE  341,Sound Design For The Performing And Visual Arts,"(3, 3)",Art Department,,
ART 342,Watercolor Ii,"(4, 4)",Art Department,,
ART 343,Metal Fabrication And Welding In Sculpture,"(3, 4)",Art Department,,
ART 346,Basic Graphic Design,"(4, 4)",Art Department,,
ART 348,Introduction To Digital Printmaking,"(4, 4)",Art Department,,
ART 354,Glassworking,"(4, 4)",Art Department,,
ART 356,Coding For Graphic Design,"(4, 4)",Art Department,,
ART/​THEATRE  366,Stage Lighting I,"(3, 3)",Art Department,,
ART/​THEATRE  372,Set Design I,"(3, 3)",Art Department,,
ART 376,Photography,"(3, 4)",Art Department,,
ART 393,Internships In Art,"(1, 1)",Art Department,,
ART 409,Digital Fabrication Studio,"(4, 4)",Art Department,,
ART 414,Art Foundry,"(3, 3)",Art Department,,
ART 428,Digital Imaging Studio,"(4, 4)",Art Department,,
ART 429,3D Digital Studio I,"(4, 4)",Art Department,,
ART 438,History Of Graphic Design And Typography,"(3, 3)",Art Department,,
ART/​DANCE  441,Advanced Sound Design,"(3, 3)",Art Department,,
ART 442,"Icons, Symbols, And Pictograms","(4, 4)",Art Department,,
ART 443,Graphic Design For Exhibitions,"(4, 4)",Art Department,,
ART 446,Artists' Books,"(4, 4)",Art Department,,
ART 448,Special Topics,"(1, 4)",Art Department,,
ART 452,Intermediate Painting: New Figuration I,"(4, 4)",Art Department,,
ART 454,Neon: Light As Sculpture,"(4, 4)",Art Department,,
ART 458,Graphic Design For Branding And Identity,"(4, 4)",Art Department,,
ART 463,Information Graphics,"(4, 4)",Art Department,,
ART 465,Graphic Design For Packaging,"(4, 4)",Art Department,,
ART 466,"Papermaking: History, Elements And Techniques","(4, 4)",Art Department,,
ART 467,Graphic Design For Posters,"(4, 4)",Art Department,,
ART 470,Special Topics In 4D Art,"(3, 4)",Art Department,,
ART 476,Intermediate Photography,"(4, 4)",Art Department,,
ART 486,Letterpress Printing: Books And Multiples,"(4, 4)",Art Department,,
ART 506,Advanced Relief Printmaking,"(4, 4)",Art Department,,
ART 507,Making Comics 2,"(4, 4)",Art Department,,
ART 508,Colloquium In Art,"(1, 1)",Art Department,,
ART 511,Art Performance,"(3, 4)",Art Department,,
ART 512,Advanced Drawing I,"(4, 4)",Art Department,,
ART 514,Advanced Sculpture Workshop 1,"(4, 4)",Art Department,,
ART 516,Advanced Lithography,"(2, 3)",Art Department,,
ART 518,Artist'S Video,"(4, 4)",Art Department,,
ART 521,Installations And Environments,"(4, 4)",Art Department,,
ART 522,Advanced Painting I,"(4, 4)",Art Department,,
ART 524,Advanced Ceramics I,"(4, 4)",Art Department,,
ART 525,Advanced Typography,"(4, 4)",Art Department,,
ART 526,Advanced Etching/Intaglio,"(4, 4)",Art Department,,
ART 529,3D Digital Studio Ii,"(4, 4)",Art Department,,
ART 531,Screen Performance,"(3, 4)",Art Department,,
ART 532,Advanced Life Drawing I,"(4, 4)",Art Department,,
ART 534,Advanced Wood Working,"(4, 4)",Art Department,,
ART 536,Advanced Serigraphy,"(4, 4)",Art Department,,
ART 542,Advanced Watercolor I,"(4, 4)",Art Department,,
ART 544,Advanced Art Metal I,"(4, 4)",Art Department,,
ART 546,Graphic Design For Publications,"(4, 4)",Art Department,,
ART 548,Special Topics: Advanced Level,"(1, 4)",Art Department,,
ART 552,Advanced Painting: New Figuration Ii,"(4, 4)",Art Department,,
ART 554,Advanced Glassworking,"(4, 4)",Art Department,,
ART 556,Graphic Design For Interactive Media,"(4, 4)",Art Department,,
ART 558,Product Development For Graphic Design,"(4, 4)",Art Department,,
ART 560,Graphic Design Senior Thesis Project And Exhibition,"(4, 4)",Art Department,,
ART 563,Graphic Design For Games,"(4, 4)",Art Department,,
ART 564,Graphic Design For Accessibility,"(4, 4)",Art Department,,
ART 565,Typeface Design,"(4, 4)",Art Department,,
ART 568,Motion Typography,"(4, 4)",Art Department,,
ART 570,Advanced Topics In 4D Art,"(3, 4)",Art Department,,
ART/​THEATRE  572,Set Design Ii,"(3, 3)",Art Department,,
ART 575,User Experience For Graphic Design,"(4, 4)",Art Department,,
ART 576,Advanced Photography,"(4, 4)",Art Department,,
ART 608,Interdisciplinary Critique In The Visual Arts,"(3, 3)",Art Department,,
ART 612,Advanced Drawing Ii,"(3, 4)",Art Department,,
ART 614,Advanced Sculpture Workshop 2,"(3, 4)",Art Department,,
ART 622,Advanced Undergraduate Painting Workshop,"(3, 3)",Art Department,,
ART 624,Advanced Ceramics Ii,"(4, 4)",Art Department,,
ART 629,3D Digital Studio Iii,"(4, 4)",Art Department,,
ART 632,Advanced Life Drawing Ii,"(3, 4)",Art Department,,
ART 636,Computer Augmented Printmaking,"(4, 4)",Art Department,,
ART 642,Advanced Watercolor Ii,"(4, 4)",Art Department,,
ART 644,Advanced Art Metal Ii,"(4, 4)",Art Department,,
ART 656,Design Portfolio And Professional Practice,"(4, 4)",Art Department,,
ART 663,Graphic Design Practicum,"(2, 2)",Art Department,,
ART 699,Independent Study,"(1, 3)",Art Department,,
ART 700,Introduction To Graduate Studies In Art,"(3, 3)",Art Department,,
ART 722,Graduate Painting I,"(2, 3)",Art Department,,
ART 726,Graduate Intaglio Printmaking I,"(2, 3)",Art Department,,
ART 736,Graduate Graphics Workshop I,"(2, 6)",Art Department,,
ART 740,Interdisciplinary Graduate Critique,"(1, 1)",Art Department,,
ART 908,Seminar-Art,"(3, 3)",Art Department,,
ART 912,Advanced Research-Drawing,"(1, 4)",Art Department,,
ART 914,Advanced Research-Sculpture,"(1, 4)",Art Department,,
ART 922,Advanced Research-Painting,"(1, 4)",Art Department,,
ART 924,Advanced Research-Ceramics,"(1, 4)",Art Department,,
ART 944,Advanced Research-Art Metal,"(1, 4)",Art Department,,
ART 996,Advanced Research-Graphics,"(1, 4)",Art Department,,
ART 999,Independent Study,"(1, 4)",Art Department,,
ART ED 321,Introduction To Teaching Art,"(2, 2)",Art Education,,
ART ED 323,Foundations In Art Education,"(3, 3)",Art Education,,
ART ED 324,Methods In Art Education,"(3, 3)",Art Education,,
ART ED 327,Practicum In Art Education,"(6, 6)",Art Education,,
ART ED 423,Student Teaching In Elementary Art,"(5, 5)",Art Education,,
ART ED 424,Student Teaching In Secondary Art,"(5, 5)",Art Education,,
ART ED 425,Seminar In Art Education,"(2, 2)",Art Education,,
ART ED/​CURRIC  493,Practicum In Secondary School Art,"(3, 3)",Art Education,,
ART ED 699,Independent Reading And Research,"(1, 3)",Art Education,,
ART ED 999,Advanced Independent Reading,"(1, 3)",Art Education,,
ART HIST 102,Seeing Through Conspiracy Theories,"(3, 3)",Art History,,
ART HIST 103,Topics In Art History,"(3, 4)",Art History,,
ART HIST 104,The Art Of Diversity: Race And Representation In The Art And Visual Culture Of The United States,"(3, 4)",Art History,,
ART HIST 105,Introductory Topics In Art History,"(3, 3)",Art History,,
ART HIST 106,"Have Brush, Will Travel: The Italian Renaissance From Florence To Rome","(3, 3)",Art History,,
ART HIST 107,"The Body, Sex, & Health In Art","(3, 3)",Art History,,
ART HIST 130,Seeing Race: Anti-Racism And Visual Culture,"(3, 3)",Art History,,
ART HIST/​ASIAN  179,Passage Through India: South Asia'S Global Architectural Histories,"(3, 3)",Art History,,
ART HIST 201,History Of Western Art I: From Pyramids To Cathedrals,"(4, 4)",Art History,,
ART HIST 202,History Of Western Art Ii: From Renaissance To Contemporary,"(4, 4)",Art History,,
ART HIST 203,Survey Of Asian Art,"(3, 4)",Art History,,
ART HIST 205,Global Arts,"(3, 4)",Art History,,
ART HIST 206,Survey Of Photography: 1839 To 1989,"(3, 4)",Art History,,
ART HIST 210,A History Of The World In 20 Buildings,"(3, 3)",Art History,,
ART HIST 227,The Modernist Revolution,"(4, 4)",Art History,,
ART HIST/​ENVIR ST/​GEOG/​HISTORY/​LAND ARC  239,Making The American Landscape,"(3, 4)",Art History,,
ART HIST/​AFROAMER  241,Introduction To African Art And Architecture,"(3, 3)",Art History,,
ART HIST/​AFROAMER  242,Introduction To Afro-American Art,"(3, 3)",Art History,,
ART HIST/​ANTHRO/​DS/​HISTORY/​LAND ARC  264,Dimensions Of Material Culture,"(4, 4)",Art History,,
ART HIST/​CLASSICS  300,The Art And Archaeology Of Ancient Greece,"(3, 4)",Art History,,
ART HIST 301,"Myths, Loves, And Lives In Greek Vases","(3, 4)",Art History,,
ART HIST 302,Greek Sculpture,"(3, 4)",Art History,,
ART HIST 303,Topics In Art History,"(3, 3)",Art History,,
ART HIST/​CLASSICS  304,The Art And Archaeology Of Ancient Rome,"(3, 4)",Art History,,
ART HIST 305,History Of Islamic Art And Architecture,"(3, 3)",Art History,,
ART HIST 307,From Tomb To Temple: Ancient Chinese Art And Religion In Transition,"(3, 3)",Art History,,
ART HIST 308,The Tastes Of Scholars And Emperors: Chinese Art In The Later Periods,"(3, 3)",Art History,,
ART HIST 310,"Icons, Religion, And Empire: Early Christian And Byzantine Art, Ca. 200-1453","(3, 3)",Art History,,
ART HIST 318,Romanesque And Gothic Art And Architecture,"(3, 4)",Art History,,
ART HIST 320,Italian Renaissance Art,"(3, 4)",Art History,,
ART HIST 323,From Michelangelo & Raphael To Titian: The Arts In 16Th Century Italy,"(3, 4)",Art History,,
ART HIST 331,"Angels, Demons, And Nudes: Early Netherlandish Painting From Bosch To Bruegel","(3, 4)",Art History,,
ART HIST 335,Study Abroad In Ancient/Medieval Art,"(1, 6)",Art History,,
ART HIST 336,Study Abroad In Renaissance/Baroque/Northern Art,"(1, 6)",Art History,,
ART HIST 337,Study Abroad In 18Th-20Th Century Art,"(1, 6)",Art History,,
ART HIST 338,Study Abroad In African/Asian Art,"(1, 6)",Art History,,
ART HIST 341,Italian Baroque Art,"(3, 4)",Art History,,
ART HIST 346,British Art And Society From The Eighteenth Century To The Present,"(3, 4)",Art History,,
ART HIST 350,19Th Century Painting In Europe,"(3, 4)",Art History,,
ART HIST 354,Cross-Cultural Arts Around The Atlantic Rim: 1800 To The Present,"(3, 4)",Art History,,
ART HIST 355,History Of Photography,"(3, 3)",Art History,,
ART HIST 357,"History Of Wisconsin Architecture, 1800-Present","(3, 3)",Art History,,
ART HIST 360,Gore Luxury Identity Mimesis: Northern Renaissance,"(3, 3)",Art History,,
ART HIST/​DS  363,American Decorative Arts And Interiors: 1620-1840,"(3, 4)",Art History,,
ART HIST 364,"History Of American Art: Art, Material Culture, And Constructions Of Identity, 1607-Present","(3, 4)",Art History,,
ART HIST 365,The Concept Of Contemporary Art,"(3, 4)",Art History,,
ART HIST/​RELIG ST  373,Great Cities Of Islam,"(3, 3)",Art History,,
ART HIST/​ASIAN  379,Cities Of Asia,"(3, 3)",Art History,,
ART HIST 403,Topics In Art History,"(3, 3)",Art History,,
ART HIST 405,Cities And Sanctuaries Of Ancient Greece,"(3, 3)",Art History,,
ART HIST 407,Topics In Nineteenth Century Art,"(3, 4)",Art History,,
ART HIST 408,Topics In Twentieth-Century Art,"(3, 4)",Art History,,
ART HIST 409,Topics In Contemporary Art,"(3, 3)",Art History,,
ART HIST 411,Topics In Asian Art,"(3, 4)",Art History,,
ART HIST 412,Topics In African And African Diaspora Art History,"(3, 4)",Art History,,
ART HIST 413,Art And Architecture In The Age Of The Caliphs,"(3, 3)",Art History,,
ART HIST/​MEDIEVAL  415,Topics In Medieval Art,"(3, 3)",Art History,,
ART HIST 420,Topics In Italian Renaissance Art,"(3, 3)",Art History,,
ART HIST/​ASIAN  428,Visual Cultures Of India,"(3, 3)",Art History,,
ART HIST 430,Topics In Visual Culture,"(3, 3)",Art History,,
ART HIST 431,Topics In Theory,"(3, 3)",Art History,,
ART HIST 435,Study Abroad In Ancient/Medieval Art,"(1, 6)",Art History,,
ART HIST 436,Study Abroad In Renaissance/Baroque/Northern Art,"(1, 6)",Art History,,
ART HIST 437,Study Abroad In 18Th-20Th Century Art,"(1, 6)",Art History,,
ART HIST 438,Study Abroad In African/Asian Art,"(1, 6)",Art History,,
ART HIST 440,Art And Power In The Arab World,"(3, 3)",Art History,,
ART HIST 457,History Of American Vernacular Architecture And Landscapes,"(3, 3)",Art History,,
ART HIST 468,Frank Lloyd Wright,"(3, 4)",Art History,,
ART HIST 475,Japanese Ceramics And Allied Arts,"(3, 3)",Art History,,
ART HIST/​RELIG ST  478,Art And Religious Practice In Medieval Japan,"(3, 3)",Art History,,
ART HIST 500,Proseminar: Special Topics In Art History,"(3, 3)",Art History,,
ART HIST 505,Proseminar In Ancient Art,"(3, 3)",Art History,,
ART HIST 506,Curatorial Studies Exhibition Practice,"(3, 3)",Art History,,
ART HIST 510,Proseminar In Islamic Art And Architecture,"(3, 3)",Art History,,
ART HIST 515,Proseminar In Medieval Art,"(3, 3)",Art History,,
ART HIST 525,Proseminar In Italian Renaissance Art,"(3, 3)",Art History,,
ART HIST 535,Proseminar In Northern European Painting,"(3, 3)",Art History,,
ART HIST 555,Proseminar In 19Th Century European Art,"(3, 3)",Art History,,
ART HIST 556,Proseminar In 20Th Century European Art,"(3, 3)",Art History,,
ART HIST 563,Proseminar In Material Culture,"(3, 3)",Art History,,
ART HIST 567,Proseminar In American Architecture,"(3, 3)",Art History,,
ART HIST 575,Proseminar In Japanese Art,"(3, 3)",Art History,,
ART HIST 576,Proseminar In Chinese Art,"(3, 3)",Art History,,
ART HIST 579,Proseminar In African Art,"(3, 3)",Art History,,
ART HIST 600,Special Topics In Art History,"(3, 3)",Art History,,
ART HIST 601,Introduction To Museum Studies I,"(3, 3)",Art History,,
ART HIST 602,Introduction To Museum Studies Ii,"(3, 3)",Art History,,
ART HIST 603,Curatorial Studies Colloquium,"(3, 3)",Art History,,
ART HIST/​ASIAN  621,"Mapping, Making, And Representing Colonial Spaces","(3, 3)",Art History,,
ART HIST/​HISTORY/​JOURN/​L I S  650,History Of Books And Print Culture In Europe And North America,"(3, 3)",Art History,,
ART HIST 681,Senior Honors Thesis,"(3, 3)",Art History,,
ART HIST 682,Senior Honors Thesis,"(3, 3)",Art History,,
ART HIST 691,Senior Thesis,"(3, 6)",Art History,,
ART HIST 692,Senior Thesis,"(3, 6)",Art History,,
ART HIST 697,Undergraduate Curatorial Studies Internship (Directed Study),"(1, 3)",Art History,,
ART HIST 698,Directed Study,"(2, 3)",Art History,,
ART HIST 699,Directed Study,"(1, 3)",Art History,,
ART HIST/​CLASSICS  700,The Art And Archaeology Of Ancient Greece,"(3, 3)",Art History,,
ART HIST 701,"Practicum In Art History: Bibliography, Historiography, Methods","(3, 3)",Art History,,
ART HIST 703,Curatorial Studies Colloquium,"(3, 3)",Art History,,
ART HIST/​CLASSICS  704,The Art And Archaeology Of Ancient Rome,"(3, 3)",Art History,,
ART HIST 706,Topics In American Art History,"(3, 3)",Art History,,
ART HIST 707,Topics In Nineteenth-Century European Art,"(3, 3)",Art History,,
ART HIST 715,Topics In Medieval Art,"(3, 3)",Art History,,
ART HIST 731,Topics In Early Modern Art,"(3, 3)",Art History,,
ART HIST 749,Topics In Architectural History,"(3, 3)",Art History,,
ART HIST/​ANTHRO/​DS/​HISTORY/​LAND ARC  764,Dimensions Of Material Culture,"(4, 4)",Art History,,
ART HIST 775,Topics In Japanese Art History,"(3, 3)",Art History,,
ART HIST 776,Topics In Chinese Art History,"(3, 3)",Art History,,
ART HIST 779,Topics In Architecture & Urbanism Of Asia,"(3, 3)",Art History,,
ART HIST 797,Curatorial Studies Internships (Directed Study),"(3, 3)",Art History,,
ART HIST 799,Independent Study,"(1, 6)",Art History,,
ART HIST 800,Seminar: Special Topics In Art History,"(3, 3)",Art History,,
ART HIST/​AFROAMER  801,"Historiography, Theory And Methods In Visual Culture","(3, 3)",Art History,,
ART HIST/​AFROAMER  802,Visual Cultures: Topics In Visual Cultures,"(3, 3)",Art History,,
ART HIST 805,Seminar-Ancient Art And Architecture,"(3, 3)",Art History,,
ART HIST 810,Seminar In Islamic Art And Architecture,"(3, 3)",Art History,,
ART HIST 815,Seminar-Medieval Art,"(3, 3)",Art History,,
ART HIST 835,Seminar-Northern European Art,"(3, 3)",Art History,,
ART HIST 855,Seminar-19Th Century European Art,"(3, 3)",Art History,,
ART HIST 856,Graduate Seminar In Twentieth Century European Art,"(3, 3)",Art History,,
ART HIST 863,Seminar In Material Culture,"(3, 3)",Art History,,
ART HIST 865,Seminar-American Art,"(3, 3)",Art History,,
ART HIST 867,Seminar-American Architecture,"(3, 3)",Art History,,
ART HIST 875,Seminar In Japanese Art,"(3, 3)",Art History,,
ART HIST 876,Seminar In Chinese Art,"(3, 3)",Art History,,
ART HIST 879,Seminar In African Art,"(3, 3)",Art History,,
ART HIST 990,Research And Thesis,"(3, 3)",Art History,,
ASIAN AM 101,Introduction To Asian American Studies,"(3, 3)",Asian American Studies,,
ASIAN AM/​AFROAMER/​AMER IND/​CHICLA/​FOLKLORE  102,Introduction To Comparative Us Ethnic And American Indian Studies,"(3, 3)",Asian American Studies,,
ASIAN AM/​DANCE  121,Asian American Movement,"(3, 3)",Asian American Studies,,
ASIAN AM/​ENGL  150,Literature & Culture Of Asian America,"(3, 3)",Asian American Studies,,
ASIAN AM 152,"Asian American Literary And Popular Culture: Race, Fantasy, Futures","(3, 3)",Asian American Studies,,
ASIAN AM/​HISTORY  160,Asian American History: Movement And Dislocation,"(3, 4)",Asian American Studies,,
ASIAN AM/​HISTORY  161,Asian American History: Settlement And National Belonging,"(3, 4)",Asian American Studies,,
ASIAN AM 170,Hmong American Experiences In The United States,"(3, 3)",Asian American Studies,,
ASIAN AM/​SOC  220,Ethnic Movements In The United States,"(3, 4)",Asian American Studies,,
ASIAN AM 240,Topics In Asian American Studies,"(3, 3)",Asian American Studies,,
ASIAN AM/​ASIAN/​HISTORY  246,"Southeast Asian Refugees Of The ""Cold"" War","(4, 4)",Asian American Studies,,
ASIAN AM 250,Eating Asian America,"(3, 3)",Asian American Studies,,
ASIAN AM/​ENGL  270,A Survey Of Asian American Literature,"(3, 3)",Asian American Studies,,
ASIAN AM/​AFROAMER/​DANCE/​FOLKLORE  319,Afro Asian Improv: From Hip Hop To Martial Arts Fusion,"(3, 3)",Asian American Studies,,
ASIAN AM/​COM ARTS  420,Asian Americans And Media,"(3, 3)",Asian American Studies,,
ASIAN AM 441,Hmong American Social Movements In The 20Th And 21St Centuries,"(3, 3)",Asian American Studies,,
ASIAN AM/​ENGL  462,Topic In Asian American Literature,"(3, 3)",Asian American Studies,,
ASIAN AM/​ENGL/​GEN&WS  463,Race And Sexuality In American Literature,"(3, 3)",Asian American Studies,,
ASIAN AM/​ENGL/​GEN&WS  464,Asian American Women Writers,"(3, 3)",Asian American Studies,,
ASIAN AM/​ENGL  465,Asian American Poetry,"(3, 3)",Asian American Studies,,
ASIAN AM 540,Special Topics,"(3, 3)",Asian American Studies,,
ASIAN AM 560,Humanities Topics,"(3, 3)",Asian American Studies,,
ASIAN AM/​JOURN  662,Mass Media And Minorities,"(4, 4)",Asian American Studies,,
ASIAN AM 699,Independent Study: Directed Readings In Asian American Studies,"(1, 4)",Asian American Studies,,
ASIAN 100,Gateway To Asia: Special Topics,"(3, 4)",Asian Languages And Cultures,,
ASIAN/​HISTORY  103,Introduction To East Asian History: China,"(3, 4)",Asian Languages And Cultures,,
ASIAN/​HISTORY  104,Introduction To East Asian History: Japan,"(3, 4)",Asian Languages And Cultures,,
ASIAN/​HISTORY  108,Introduction To East Asian History - Korea,"(3, 4)",Asian Languages And Cultures,,
ASIAN/​COUN PSY/​ED PSYCH/​PSYCH  120,The Art And Science Of Human Flourishing,"(3, 3)",Asian Languages And Cultures,,
ASIAN/​ART HIST  179,Passage Through India: South Asia'S Global Architectural Histories,"(3, 3)",Asian Languages And Cultures,,
ASIAN 203,Lost In Translation: Western Experience In Asia,"(3, 3)",Asian Languages And Cultures,,
ASIAN/​RELIG ST  206,The Qur'An: Religious Scripture & Literature,"(3, 3)",Asian Languages And Cultures,,
ASIAN/​LITTRANS  212,Classical South Asian Literatures,"(3, 3)",Asian Languages And Cultures,,
ASIAN/​RELIG ST  218,Health And Healing In South Asia,"(3, 4)",Asian Languages And Cultures,,
ASIAN/​RELIG ST  236,"Asia Enchanted: Ghosts, Gods, And Monsters","(3, 3)",Asian Languages And Cultures,,
ASIAN/​GEOG/​HISTORY/​POLI SCI/​SOC  244,Introduction To Southeast Asia:  Vietnam To The Philippines,"(4, 4)",Asian Languages And Cultures,,
ASIAN/​ASIAN AM/​HISTORY  246,"Southeast Asian Refugees Of The ""Cold"" War","(4, 4)",Asian Languages And Cultures,,
ASIAN 252,Contemporary Indian Society,"(3, 3)",Asian Languages And Cultures,,
ASIAN 253,Japanese Popular Culture,"(3, 3)",Asian Languages And Cultures,,
ASIAN 254,Korean Popular Culture,"(3, 3)",Asian Languages And Cultures,,
ASIAN/​HISTORY/​POLI SCI  255,Introduction To East Asian Civilizations,"(3, 4)",Asian Languages And Cultures,,
ASIAN 268,Tibetan Cultures And Traditions,"(3, 3)",Asian Languages And Cultures,,
ASIAN/​RELIG ST  274,Religion In South Asia,"(3, 3)",Asian Languages And Cultures,,
ASIAN 277,Kendo: Integration Of Martial Arts And Liberal Arts,"(2, 2)",Asian Languages And Cultures,,
ASIAN 299,Directed Study,"(1, 3)",Asian Languages And Cultures,,
ASIAN 300,Topics In Asian Studies,"(3, 3)",Asian Languages And Cultures,,
ASIAN 301,Social Science Topics In Asian Studies,"(3, 3)",Asian Languages And Cultures,,
ASIAN/​RELIG ST  306,Hinduism,"(3, 3)",Asian Languages And Cultures,,
ASIAN/​RELIG ST  307,A Survey Of Tibetan Buddhism,"(3, 3)",Asian Languages And Cultures,,
ASIAN/​HISTORY/​RELIG ST  308,Introduction To Buddhism,"(3, 4)",Asian Languages And Cultures,,
ASIAN 310,"Introduction To Comics And Graphic Novels: Theory, History, Method","(3, 3)",Asian Languages And Cultures,,
ASIAN 311,Modern Indian Literatures,"(3, 3)",Asian Languages And Cultures,,
ASIAN/​HISTORY  319,The Vietnam Wars,"(3, 4)",Asian Languages And Cultures,,
ASIAN/​SOC  334,"Gender, Work, And Family In East Asia","(3, 3)",Asian Languages And Cultures,,
ASIAN/​HISTORY  335,The Koreas: Korean War To The 21St Century,"(3, 4)",Asian Languages And Cultures,,
ASIAN/​SOC  336,Social Change In Contemporary South Korea,"(3, 3)",Asian Languages And Cultures,,
ASIAN/​HISTORY  337,"Social And Intellectual History Of China, 589 Ad-1919","(3, 4)",Asian Languages And Cultures,,
ASIAN/​HISTORY  341,"History Of Modern China, 1800-1949","(3, 4)",Asian Languages And Cultures,,
ASIAN/​HISTORY  342,"History Of The Peoples Republic Of China, 1949 To The Present","(3, 4)",Asian Languages And Cultures,,
ASIAN 351,Survey Of Classical Chinese Literature,"(3, 3)",Asian Languages And Cultures,,
ASIAN 352,Survey Of Modern Chinese Literature,"(3, 3)",Asian Languages And Cultures,,
ASIAN 353,"Lovers, Warriors And Monks: Survey Of Japanese Literature","(3, 3)",Asian Languages And Cultures,,
ASIAN 354,Early Modern Japanese Literature,"(3, 3)",Asian Languages And Cultures,,
ASIAN 355,Modern Japanese Literature,"(3, 3)",Asian Languages And Cultures,,
ASIAN 357,Japanese Ghost Stories,"(3, 3)",Asian Languages And Cultures,,
ASIAN 358,Language In Japanese Society,"(3, 3)",Asian Languages And Cultures,,
ASIAN 360,Topics In Asian Literature,"(3, 3)",Asian Languages And Cultures,,
ASIAN 361,Love And Politics: The Tale Of Genji,"(3, 3)",Asian Languages And Cultures,,
ASIAN/​HISTORY  363,China And World War Ii In Asia,"(3, 4)",Asian Languages And Cultures,,
ASIAN 367,Haiku,"(3, 3)",Asian Languages And Cultures,,
ASIAN/​AFRICAN/​RELIG ST  370,Islam: Religion And Culture,"(3, 4)",Asian Languages And Cultures,,
ASIAN 371,Topics In Chinese Literature,"(2, 3)",Asian Languages And Cultures,,
ASIAN 372,Topics In Chinese: Study Abroad,"(1, 6)",Asian Languages And Cultures,,
ASIAN 373,Topics In Japanese: Study Abroad,"(1, 6)",Asian Languages And Cultures,,
ASIAN 374,Korean Cinema,"(3, 3)",Asian Languages And Cultures,,
ASIAN 375,Survey Of Chinese Film,"(3, 3)",Asian Languages And Cultures,,
ASIAN 376,Manga,"(3, 3)",Asian Languages And Cultures,,
ASIAN 378,Anime,"(3, 3)",Asian Languages And Cultures,,
ASIAN/​ART HIST  379,Cities Of Asia,"(3, 3)",Asian Languages And Cultures,,
ASIAN 403,Southeast Asian Literature,"(3, 3)",Asian Languages And Cultures,,
ASIAN/​RELIG ST  405,Gods And Goddesses Of South Asia,"(3, 3)",Asian Languages And Cultures,,
ASIAN/​ART HIST  428,Visual Cultures Of India,"(3, 3)",Asian Languages And Cultures,,
ASIAN/​RELIG ST  430,Indian Traditions In The Modern Age,"(3, 3)",Asian Languages And Cultures,,
ASIAN 432,Introduction To Chinese Linguistics,"(3, 3)",Asian Languages And Cultures,,
ASIAN 433,Topics In East Asian Visual Cultures,"(3, 3)",Asian Languages And Cultures,,
ASIAN 434,Introduction To Japanese Linguistics,"(3, 3)",Asian Languages And Cultures,,
ASIAN 435,Teaching Of Japanese,"(3, 3)",Asian Languages And Cultures,,
ASIAN/​COM ARTS  443,Indian Cinema In The U.S. And Beyond,"(3, 3)",Asian Languages And Cultures,,
ASIAN/​HISTORY  454,Samurai: History And Image,"(3, 4)",Asian Languages And Cultures,,
ASIAN/​HISTORY  456,"Pearl Harbor & Hiroshima: Japan, The Us & The Crisis In Asia","(3, 4)",Asian Languages And Cultures,,
ASIAN/​HISTORY  458,History Of Southeast Asia Since 1800,"(3, 4)",Asian Languages And Cultures,,
ASIAN/​RELIG ST  460,The History Of Yoga,"(3, 3)",Asian Languages And Cultures,,
ASIAN/​HISTORY  463,Topics In South Asian History,"(3, 3)",Asian Languages And Cultures,,
ASIAN/​RELIG ST  466,Buddhist Thought,"(3, 3)",Asian Languages And Cultures,,
ASIAN/​RELIG ST  473,Meditation In Indian Buddhism And Hinduism,"(3, 3)",Asian Languages And Cultures,,
ASIAN/​ENGL  478,"Indian Writers Abroad: Literature, Diaspora And Globalization","(3, 3)",Asian Languages And Cultures,,
ASIAN/​RELIG ST  505,"The Perfectible Body In Religions, Medicines, And Politics","(3, 3)",Asian Languages And Cultures,,
ASIAN 533,Readings In Early Modern Japanese Literature,"(3, 3)",Asian Languages And Cultures,,
ASIAN 563,Readings In Modern Japanese Literature,"(3, 3)",Asian Languages And Cultures,,
ASIAN 573,Readings In Classical Japanese Literature,"(3, 3)",Asian Languages And Cultures,,
ASIAN 600,Capstone Seminar In Asian Humanities,"(3, 3)",Asian Languages And Cultures,,
ASIAN/​ART HIST  621,"Mapping, Making, And Representing Colonial Spaces","(3, 3)",Asian Languages And Cultures,,
ASIAN 630,Proseminar: Studies In Cultures Of Asia,"(3, 3)",Asian Languages And Cultures,,
ASIAN 631,History Of The Chinese Language,"(3, 3)",Asian Languages And Cultures,,
ASIAN 632,Studies In Chinese Linguistics,"(3, 3)",Asian Languages And Cultures,,
ASIAN 633,Chinese Applied Linguistics,"(3, 3)",Asian Languages And Cultures,,
ASIAN 641,History Of Chinese Literature I,"(3, 3)",Asian Languages And Cultures,,
ASIAN 642,History Of Chinese Literature Ii,"(3, 3)",Asian Languages And Cultures,,
ASIAN/​RELIG ST  650,Proseminar In Buddhist Thought,"(2, 3)",Asian Languages And Cultures,,
ASIAN 655,Ethnography In Asia,"(3, 3)",Asian Languages And Cultures,,
ASIAN 672,Studies In Chinese Fiction,"(3, 3)",Asian Languages And Cultures,,
ASIAN 681,Senior Honors Thesis,"(3, 3)",Asian Languages And Cultures,,
ASIAN 682,Senior Honors Thesis,"(3, 3)",Asian Languages And Cultures,,
ASIAN 691,Senior Thesis,"(3, 3)",Asian Languages And Cultures,,
ASIAN 692,Senior Thesis,"(3, 3)",Asian Languages And Cultures,,
ASIAN 698,Directed Study,"(2, 3)",Asian Languages And Cultures,,
ASIAN 699,Directed Study,"(2, 3)",Asian Languages And Cultures,,
ASIAN 700,Teaching Asian Languages,"(2, 3)",Asian Languages And Cultures,,
ASIAN 701,Proseminar In Chinese Literature,"(3, 3)",Asian Languages And Cultures,,
ASIAN 712,Teaching Of Chinese,"(3, 3)",Asian Languages And Cultures,,
ASIAN 763,Studies In Japanese Literature,"(3, 3)",Asian Languages And Cultures,,
ASIAN 775,Japanese Applied Linguistics,"(3, 3)",Asian Languages And Cultures,,
ASIAN 799,Reading For Research,"(1, 3)",Asian Languages And Cultures,,
ASIAN 815,Seminar: Interdisciplinary Approaches To Asia,"(3, 3)",Asian Languages And Cultures,,
ASIAN 833,Topics In East Asian Visual Cultures,"(3, 3)",Asian Languages And Cultures,,
ASIAN/​HISTORY  857,Seminar-History Of India (South Asia),"(1, 3)",Asian Languages And Cultures,,
ASIAN 873,Seminar In Languages And Literatures Of Asia,"(3, 3)",Asian Languages And Cultures,,
ASIAN 932,Seminar In Chinese Linguistics,"(2, 3)",Asian Languages And Cultures,,
ASIAN 951,Seminar In Chinese Literature,"(3, 3)",Asian Languages And Cultures,,
ASIAN 990,Thesis Research,"(3, 3)",Asian Languages And Cultures,,
ASIAN 999,Independent Research,"(1, 3)",Asian Languages And Cultures,,
ASIALANG 101,First Semester Chinese,"(4, 4)",Asian Languages And Cultures: Languages,,
ASIALANG 102,Second Semester Chinese,"(4, 4)",Asian Languages And Cultures: Languages,,
ASIALANG 103,First Semester Japanese,"(4, 4)",Asian Languages And Cultures: Languages,,
ASIALANG 104,Second Semester Japanese,"(4, 4)",Asian Languages And Cultures: Languages,,
ASIALANG 105,First Semester Korean,"(4, 4)",Asian Languages And Cultures: Languages,,
ASIALANG 106,Second Semester Korean,"(4, 4)",Asian Languages And Cultures: Languages,,
ASIALANG 110,Elementary Chinese I,"(2, 2)",Asian Languages And Cultures: Languages,,
ASIALANG 111,Elementary Chinese Ii,"(2, 2)",Asian Languages And Cultures: Languages,,
ASIALANG 113,First Semester Elementary Japanese,"(2, 2)",Asian Languages And Cultures: Languages,,
ASIALANG 114,Second Semester Elementary Japanese,"(2, 2)",Asian Languages And Cultures: Languages,,
ASIALANG 121,First Semester Asian Language,"(4, 4)",Asian Languages And Cultures: Languages,,
ASIALANG 122,Second Semester Asian Language,"(4, 4)",Asian Languages And Cultures: Languages,,
ASIALANG 123,First Semester Filipino,"(4, 4)",Asian Languages And Cultures: Languages,,
ASIALANG 124,Second Semester Filipino,"(4, 4)",Asian Languages And Cultures: Languages,,
ASIALANG 125,First Semester Hmong,"(4, 4)",Asian Languages And Cultures: Languages,,
ASIALANG 126,Second Semester Hmong,"(4, 4)",Asian Languages And Cultures: Languages,,
ASIALANG 127,First Semester Indonesian,"(4, 4)",Asian Languages And Cultures: Languages,,
ASIALANG 128,Second Semester Indonesian,"(4, 4)",Asian Languages And Cultures: Languages,,
ASIALANG 129,First Semester Thai,"(4, 4)",Asian Languages And Cultures: Languages,,
ASIALANG 130,Second Semester Thai,"(4, 4)",Asian Languages And Cultures: Languages,,
ASIALANG 131,First Semester Vietnamese,"(4, 4)",Asian Languages And Cultures: Languages,,
ASIALANG 132,Second Semester Vietnamese,"(4, 4)",Asian Languages And Cultures: Languages,,
ASIALANG 133,First Semester Hindi,"(4, 4)",Asian Languages And Cultures: Languages,,
ASIALANG 134,Second Semester Hindi,"(4, 4)",Asian Languages And Cultures: Languages,,
ASIALANG 135,First Semester Modern Tibetan,"(4, 4)",Asian Languages And Cultures: Languages,,
ASIALANG 136,Second Semester Modern Tibetan,"(4, 4)",Asian Languages And Cultures: Languages,,
ASIALANG 137,First Semester Persian,"(4, 4)",Asian Languages And Cultures: Languages,,
ASIALANG 138,Second Semester Persian,"(4, 4)",Asian Languages And Cultures: Languages,,
ASIALANG 139,First Semester Urdu,"(4, 4)",Asian Languages And Cultures: Languages,,
ASIALANG 140,Second Semester Urdu,"(4, 4)",Asian Languages And Cultures: Languages,,
ASIALANG 141,First Semester Sanskrit,"(3, 4)",Asian Languages And Cultures: Languages,,
ASIALANG 142,Second Semester Sanskrit,"(3, 4)",Asian Languages And Cultures: Languages,,
ASIALANG 201,Third Semester Chinese,"(4, 4)",Asian Languages And Cultures: Languages,,
ASIALANG 202,Fourth Semester Chinese,"(4, 4)",Asian Languages And Cultures: Languages,,
ASIALANG 203,Third Semester Japanese,"(4, 4)",Asian Languages And Cultures: Languages,,
ASIALANG 204,Fourth Semester Japanese,"(4, 4)",Asian Languages And Cultures: Languages,,
ASIALANG 205,Third Semester Korean,"(4, 4)",Asian Languages And Cultures: Languages,,
ASIALANG 206,Fourth Semester Korean,"(4, 4)",Asian Languages And Cultures: Languages,,
ASIALANG 211,Heritage Chinese I,"(3, 3)",Asian Languages And Cultures: Languages,,
ASIALANG 212,Heritage Chinese Ii,"(3, 3)",Asian Languages And Cultures: Languages,,
ASIALANG 221,Third Semester Asian Language,"(4, 4)",Asian Languages And Cultures: Languages,,
ASIALANG 222,Fourth Semester Asian Language,"(4, 4)",Asian Languages And Cultures: Languages,,
ASIALANG 223,Third Semester Filipino,"(4, 4)",Asian Languages And Cultures: Languages,,
ASIALANG 224,Fourth Semester Filipino,"(4, 4)",Asian Languages And Cultures: Languages,,
ASIALANG 225,Third Semester Hmong,"(4, 4)",Asian Languages And Cultures: Languages,,
ASIALANG 226,Fourth Semester Hmong,"(4, 4)",Asian Languages And Cultures: Languages,,
ASIALANG 227,Third Semester Indonesian,"(4, 4)",Asian Languages And Cultures: Languages,,
ASIALANG 228,Fourth Semester Indonesian,"(4, 4)",Asian Languages And Cultures: Languages,,
ASIALANG 229,Third Semester Thai,"(4, 4)",Asian Languages And Cultures: Languages,,
ASIALANG 230,Fourth Semester Thai,"(4, 4)",Asian Languages And Cultures: Languages,,
ASIALANG 231,Third Semester Vietnamese,"(4, 4)",Asian Languages And Cultures: Languages,,
ASIALANG 232,Fourth Semester Vietnamese,"(4, 4)",Asian Languages And Cultures: Languages,,
ASIALANG 233,Third Semester Hindi,"(4, 4)",Asian Languages And Cultures: Languages,,
ASIALANG 234,Fourth Semester Hindi,"(4, 4)",Asian Languages And Cultures: Languages,,
ASIALANG 235,Third Semester Modern Tibetan,"(4, 4)",Asian Languages And Cultures: Languages,,
ASIALANG 236,Fourth Semester Modern Tibetan,"(4, 4)",Asian Languages And Cultures: Languages,,
ASIALANG 237,Third Semester Persian,"(4, 4)",Asian Languages And Cultures: Languages,,
ASIALANG 238,Fourth Semester Persian,"(4, 4)",Asian Languages And Cultures: Languages,,
ASIALANG 239,Third Semester Urdu,"(4, 4)",Asian Languages And Cultures: Languages,,
ASIALANG 240,Fourth Semester Urdu,"(4, 4)",Asian Languages And Cultures: Languages,,
ASIALANG 241,Third Semester Sanskrit,"(3, 4)",Asian Languages And Cultures: Languages,,
ASIALANG 242,Fourth Semester Sanskrit,"(3, 4)",Asian Languages And Cultures: Languages,,
ASIALANG 301,Fifth Semester Chinese,"(4, 4)",Asian Languages And Cultures: Languages,,
ASIALANG 302,Sixth Semester Chinese,"(4, 4)",Asian Languages And Cultures: Languages,,
ASIALANG 303,Fifth Semester Japanese,"(4, 4)",Asian Languages And Cultures: Languages,,
ASIALANG 304,Sixth Semester Japanese,"(4, 4)",Asian Languages And Cultures: Languages,,
ASIALANG 305,Fifth Semester Korean,"(3, 3)",Asian Languages And Cultures: Languages,,
ASIALANG 306,Sixth Semester Korean,"(3, 3)",Asian Languages And Cultures: Languages,,
ASIALANG 307,First Semester Southeast Asian Language,"(4, 4)",Asian Languages And Cultures: Languages,,
ASIALANG 308,Second Semester Southeast Asian Language,"(4, 4)",Asian Languages And Cultures: Languages,,
ASIALANG 311,First Semester Classical Chinese,"(3, 3)",Asian Languages And Cultures: Languages,,
ASIALANG 312,Second Semester Classical Chinese,"(3, 3)",Asian Languages And Cultures: Languages,,
ASIALANG 313,Classical Japanese,"(3, 3)",Asian Languages And Cultures: Languages,,
ASIALANG 315,First Semester Classical Chinese For Chinese Speakers,"(3, 3)",Asian Languages And Cultures: Languages,,
ASIALANG 316,Second Semester Classical Chinese For Chinese Speakers,"(3, 3)",Asian Languages And Cultures: Languages,,
ASIALANG 317,First Semester Summer Asian Language,"(4, 4)",Asian Languages And Cultures: Languages,,
ASIALANG 322,Sixth Semester Asian Language,"(3, 4)",Asian Languages And Cultures: Languages,,
ASIALANG 323,Fifth Semester Filipino,"(3, 3)",Asian Languages And Cultures: Languages,,
ASIALANG 324,Sixth Semester Filipino,"(3, 3)",Asian Languages And Cultures: Languages,,
ASIALANG 325,Fifth Semester Hmong,"(3, 3)",Asian Languages And Cultures: Languages,,
ASIALANG 326,Sixth Semester Hmong,"(3, 3)",Asian Languages And Cultures: Languages,,
ASIALANG 327,Second Semester Summer Asian Language,"(4, 4)",Asian Languages And Cultures: Languages,,
ASIALANG 328,Sixth Semester Indonesian,"(3, 4)",Asian Languages And Cultures: Languages,,
ASIALANG 329,Fifth Semester Thai,"(3, 4)",Asian Languages And Cultures: Languages,,
ASIALANG 330,Sixth Semester Thai,"(3, 4)",Asian Languages And Cultures: Languages,,
ASIALANG 331,Fifth Semester Vietnamese,"(3, 4)",Asian Languages And Cultures: Languages,,
ASIALANG 332,Sixth Semester Vietnamese,"(3, 4)",Asian Languages And Cultures: Languages,,
ASIALANG 333,Fifth Semester Hindi,"(3, 4)",Asian Languages And Cultures: Languages,,
ASIALANG 334,Sixth Semester Hindi,"(3, 4)",Asian Languages And Cultures: Languages,,
ASIALANG 335,Fifth Semester Tibetan,"(4, 4)",Asian Languages And Cultures: Languages,,
ASIALANG 336,Sixth Semester Tibetan,"(4, 4)",Asian Languages And Cultures: Languages,,
ASIALANG 337,Fifth Semester Persian,"(3, 4)",Asian Languages And Cultures: Languages,,
ASIALANG 338,Sixth Semester Persian,"(3, 4)",Asian Languages And Cultures: Languages,,
ASIALANG 339,Fifth Semester Urdu,"(3, 4)",Asian Languages And Cultures: Languages,,
ASIALANG 340,Sixth Semester Urdu,"(3, 4)",Asian Languages And Cultures: Languages,,
ASIALANG 348,Fifth Semester Indonesian,"(3, 4)",Asian Languages And Cultures: Languages,,
ASIALANG 355,First Semester Asian Language For Graduate Students,"(4, 4)",Asian Languages And Cultures: Languages,,
ASIALANG 356,Second Semester Asian Language For Graduate Students,"(4, 4)",Asian Languages And Cultures: Languages,,
ASIALANG 357,Third Semester Asian Language For Graduate Students,"(4, 4)",Asian Languages And Cultures: Languages,,
ASIALANG 358,Fourth Semester Asian Language For Graduate Students,"(4, 4)",Asian Languages And Cultures: Languages,,
ASIALANG 360,Intermediate Reading Proficiency In Asian Languages,"(4, 4)",Asian Languages And Cultures: Languages,,
ASIALANG 375,Advanced Japanese: Solidifying The Foundations,"(3, 3)",Asian Languages And Cultures: Languages,,
ASIALANG 376,Japanese Conversation,"(3, 3)",Asian Languages And Cultures: Languages,,
ASIALANG 377,Business Japanese Communication,"(3, 3)",Asian Languages And Cultures: Languages,,
ASIALANG 378,Chinese Conversation,"(3, 3)",Asian Languages And Cultures: Languages,,
ASIALANG 379,Business Chinese,"(3, 3)",Asian Languages And Cultures: Languages,,
ASIALANG 381,Business Korean,"(3, 3)",Asian Languages And Cultures: Languages,,
ASIALANG 401,Seventh Semester Chinese,"(3, 3)",Asian Languages And Cultures: Languages,,
ASIALANG 403,Seventh Semester Japanese,"(3, 3)",Asian Languages And Cultures: Languages,,
ASIALANG 405,Seventh Semester Korean,"(3, 3)",Asian Languages And Cultures: Languages,,
ASIALANG 406,Eighth Semester Korean,"(3, 3)",Asian Languages And Cultures: Languages,,
ASIALANG 407,Third Semester Southeast Asian Language,"(4, 4)",Asian Languages And Cultures: Languages,,
ASIALANG 408,Fourth Semester Southeast Asian Language,"(4, 4)",Asian Languages And Cultures: Languages,,
ASIALANG 417,Third Semester Summer Asian Language,"(4, 4)",Asian Languages And Cultures: Languages,,
ASIALANG 421,Seventh Semester Asian Language,"(3, 4)",Asian Languages And Cultures: Languages,,
ASIALANG 422,Eighth Semester Asian Language,"(3, 4)",Asian Languages And Cultures: Languages,,
ASIALANG 427,Fourth Semester Summer Asian Language,"(4, 4)",Asian Languages And Cultures: Languages,,
ASIALANG 451,Advanced Readings In Japanese,"(3, 3)",Asian Languages And Cultures: Languages,,
ASIALANG 452,Advanced Japanese Through Audio-Visual Media,"(3, 3)",Asian Languages And Cultures: Languages,,
ASIALANG 454,Advanced Chinese Through Media,"(3, 3)",Asian Languages And Cultures: Languages,,
ASIALANG 456,Advanced Korean Through Audio-Visual Media,"(3, 3)",Asian Languages And Cultures: Languages,,
ASIALANG 457,Advanced Chinese: Reading And Writing,"(3, 3)",Asian Languages And Cultures: Languages,,
ASIALANG 460,Intermediate High Reading Proficiency In Asian Languages,"(4, 4)",Asian Languages And Cultures: Languages,,
ASIALANG 475,Advanced Topics In Asian Translation,"(3, 3)",Asian Languages And Cultures: Languages,,
ASIALANG 507,Fifth Semester Southeast Asian Language,"(4, 4)",Asian Languages And Cultures: Languages,,
ASIALANG 508,Sixth Semester Southeast Asian Language,"(4, 4)",Asian Languages And Cultures: Languages,,
ASIALANG 517,Fifth Semester Summer Asian Language,"(4, 4)",Asian Languages And Cultures: Languages,,
ASIALANG 527,Sixth Semester Summer Asian Language,"(4, 4)",Asian Languages And Cultures: Languages,,
ASIALANG 560,Advanced Reading Proficiency In Asian Languages,"(4, 4)",Asian Languages And Cultures: Languages,,
ASIALANG 607,Seventh Semester Southeast Asian Language,"(4, 4)",Asian Languages And Cultures: Languages,,
ASIALANG 608,Eighth Semester Southeast Asian Language,"(4, 4)",Asian Languages And Cultures: Languages,,
ASIALANG 675,Advanced Readings In Sanskrit,"(3, 3)",Asian Languages And Cultures: Languages,,
ASTRON 103,"The Evolving Universe: Stars, Galaxies, And Cosmology","(3, 3)",Astronomy,,
ASTRON 104,Our Exploration Of The Solar System,"(3, 3)",Astronomy,,
ASTRON 140,Earth 2.0: The Exoplanet Revolution,"(3, 3)",Astronomy,,
ASTRON 150,Topics In Astronomy,"(2, 2)",Astronomy,,
ASTRON/​GEOSCI  160,Life In The Universe,"(2, 2)",Astronomy,,
ASTRON 170,The Dark Side Of The Universe: The Great Cosmic Mysteries From Black Holes To Dark Energy,"(3, 3)",Astronomy,,
ASTRON 199,Directed Study,"(1, 3)",Astronomy,,
ASTRON 200,The Physical Universe,"(3, 3)",Astronomy,,
ASTRON/​HIST SCI  206,History Of Astronomy And Cosmology,"(3, 3)",Astronomy,,
ASTRON 236,The History Of Matter In The Universe,"(3, 3)",Astronomy,,
ASTRON 310,Stellar Astrophysics,"(3, 3)",Astronomy,,
ASTRON 320,The Interstellar Medium,"(3, 3)",Astronomy,,
ASTRON 330,Galaxies,"(3, 3)",Astronomy,,
ASTRON 335,Cosmology,"(3, 3)",Astronomy,,
ASTRON 340,Solar System Astrophysics,"(3, 3)",Astronomy,,
ASTRON 460,Experiences In Astronomical Observing,"(1, 1)",Astronomy,,
ASTRON 465,Observational Astronomy And Data Analysis,"(3, 3)",Astronomy,,
ASTRON 500,Techniques Of Modern Observational Astrophysics,"(3, 3)",Astronomy,,
ASTRON 540,Exoplanets,"(3, 3)",Astronomy,,
ASTRON/​E M A  550,Astrodynamics,"(3, 3)",Astronomy,,
ASTRON 620,Seminar In Astrophysical Topics,"(1, 3)",Astronomy,,
ASTRON 681,Senior Honors Thesis,"(3, 3)",Astronomy,,
ASTRON 682,Senior Honors Thesis,"(3, 3)",Astronomy,,
ASTRON 691,Senior Thesis,"(2, 3)",Astronomy,,
ASTRON 692,Senior Thesis,"(2, 3)",Astronomy,,
ASTRON 699,Directed Study,"(1, 6)",Astronomy,,
ASTRON 700,Basic Astrophysics I,"(2, 2)",Astronomy,,
ASTRON 702,Basic Astrophysics Ii,"(2, 2)",Astronomy,,
ASTRON 715,Stellar Interiors And Evolution,"(2, 2)",Astronomy,,
ASTRON 720,The Interstellar Medium I: Basic Processes,"(2, 2)",Astronomy,,
ASTRON 730,Galaxies,"(2, 2)",Astronomy,,
ASTRON 735,Observational Cosmology,"(2, 2)",Astronomy,,
ASTRON/​PHYSICS  910,Seminar In Astrophysics,"(0, 1)",Astronomy,,
ASTRON 920,Seminar-Astrophysical Topics,"(1, 3)",Astronomy,,
ASTRON 990,Research And Thesis,"(1, 12)",Astronomy,,
ASTRON 999,Advanced Independent Reading,"(1, 2)",Astronomy,,
ATM OCN 100,Weather And Climate,"(3, 3)",Atmospheric And Oceanic Sciences,,
ATM OCN 101,Weather And Climate,"(4, 4)",Atmospheric And Oceanic Sciences,,
ATM OCN/​ENVIR ST/​GEOSCI  102,Climate And Climate Change,"(3, 3)",Atmospheric And Oceanic Sciences,,
ATM OCN/​GEOSCI  105,Survey Of Oceanography,"(3, 4)",Atmospheric And Oceanic Sciences,,
ATM OCN/​SOIL SCI  132,Earth'S Water: Natural Science And Human Use,"(3, 3)",Atmospheric And Oceanic Sciences,,
ATM OCN/​GEOSCI  140,Natural Hazards And Disasters,"(3, 3)",Atmospheric And Oceanic Sciences,,
ATM OCN 141,Natural Hazards Of Weather,"(2, 2)",Atmospheric And Oceanic Sciences,,
ATM OCN/​ENVIR ST  171,Global Change: Atmospheric Issues And Problems,"(2, 3)",Atmospheric And Oceanic Sciences,,
ATM OCN 201,Explorations Of Atmospheric And Oceanic Sciences,"(2, 3)",Atmospheric And Oceanic Sciences,,
ATM OCN 310,Dynamics Of The Atmosphere And Ocean I,"(3, 3)",Atmospheric And Oceanic Sciences,,
ATM OCN 311,Dynamics Of The Atmosphere And Ocean Ii,"(3, 3)",Atmospheric And Oceanic Sciences,,
ATM OCN/​ENVIR ST/​GEOG  322,Polar Regions And Their Importance In The Global Environment,"(3, 3)",Atmospheric And Oceanic Sciences,,
ATM OCN 330,Physics Of The Atmosphere And Ocean I,"(3, 3)",Atmospheric And Oceanic Sciences,,
ATM OCN/​ENVIR ST/​GEOG  332,Global Warming: Science And Impacts,"(3, 3)",Atmospheric And Oceanic Sciences,,
ATM OCN/​ENVIR ST/​GEOG/​GEOSCI  335,Climatic Environments Of The Past,"(3, 3)",Atmospheric And Oceanic Sciences,,
ATM OCN 340,Physics Of The Atmosphere And Ocean Ii,"(3, 3)",Atmospheric And Oceanic Sciences,,
ATM OCN/​ENVIR ST  355,Introduction To Air Quality,"(3, 3)",Atmospheric And Oceanic Sciences,,
ATM OCN 401,Topics In Meteorology,"(2, 3)",Atmospheric And Oceanic Sciences,,
ATM OCN 404,Meteorological Measurements,"(3, 3)",Atmospheric And Oceanic Sciences,,
ATM OCN 405,Aos Senior Capstone Seminar,"(1, 1)",Atmospheric And Oceanic Sciences,,
ATM OCN 425,Global Climate Processes,"(3, 3)",Atmospheric And Oceanic Sciences,,
ATM OCN 441,Radar And Satellite Meteorology,"(3, 3)",Atmospheric And Oceanic Sciences,,
ATM OCN 452,Synoptic Laboratory I: The Frontal Cyclone,"(4, 4)",Atmospheric And Oceanic Sciences,,
ATM OCN 453,Synoptic Laboratory Ii: Mesoscale Meteorology,"(4, 4)",Atmospheric And Oceanic Sciences,,
ATM OCN 460,Fundamentals Of Physical Oceanography,"(3, 3)",Atmospheric And Oceanic Sciences,,
ATM OCN/​ENVIR ST  520,Bioclimatology,"(3, 3)",Atmospheric And Oceanic Sciences,,
ATM OCN 522,Tropical Meteorology,"(3, 3)",Atmospheric And Oceanic Sciences,,
ATM OCN/​AGRONOMY/​SOIL SCI  532,Environmental Biophysics,"(3, 3)",Atmospheric And Oceanic Sciences,,
ATM OCN 573,Computational Methods In Atmospheric And Oceanic Sciences,"(3, 3)",Atmospheric And Oceanic Sciences,,
ATM OCN 575,Climatological Analysis,"(3, 4)",Atmospheric And Oceanic Sciences,,
ATM OCN 610,Geophysical Fluid Dynamics I,"(3, 3)",Atmospheric And Oceanic Sciences,,
ATM OCN 611,Geophysical Fluid Dynamics Ii,"(3, 3)",Atmospheric And Oceanic Sciences,,
ATM OCN 630,Introduction To Atmospheric And Oceanic Physics,"(3, 3)",Atmospheric And Oceanic Sciences,,
ATM OCN 637,Cloud Physics,"(3, 4)",Atmospheric And Oceanic Sciences,,
ATM OCN 640,Radiation In The Atmosphere And Ocean,"(3, 3)",Atmospheric And Oceanic Sciences,,
ATM OCN 660,Introduction To Physical Oceanography,"(3, 3)",Atmospheric And Oceanic Sciences,,
ATM OCN 681,Senior Honors Thesis,"(3, 3)",Atmospheric And Oceanic Sciences,,
ATM OCN 682,Senior Honors Thesis,"(3, 3)",Atmospheric And Oceanic Sciences,,
ATM OCN 691,Senior Thesis,"(2, 3)",Atmospheric And Oceanic Sciences,,
ATM OCN 692,Senior Thesis,"(2, 3)",Atmospheric And Oceanic Sciences,,
ATM OCN 698,Directed Study,"(1, 5)",Atmospheric And Oceanic Sciences,,
ATM OCN 699,Directed Study,"(1, 5)",Atmospheric And Oceanic Sciences,,
ATM OCN/​CIV ENGR  701,The Chemistry Of Air Pollution,"(2, 2)",Atmospheric And Oceanic Sciences,,
ATM OCN 705,The Middle Atmosphere,"(3, 3)",Atmospheric And Oceanic Sciences,,
ATM OCN 712,General Circulation Of The Atmosphere,"(3, 3)",Atmospheric And Oceanic Sciences,,
ATM OCN 718,Dynamics Of Moist Convective Systems,"(3, 3)",Atmospheric And Oceanic Sciences,,
ATM OCN/​ENVIR ST  745,Meteorological Satellite Applications,"(2, 3)",Atmospheric And Oceanic Sciences,,
ATM OCN/​ENVIR ST/​GEOSCI/​ZOOLOGY  750,Problems In Oceanography,"(3, 3)",Atmospheric And Oceanic Sciences,,
ATM OCN 751,The Frontal Cyclone,"(3, 3)",Atmospheric And Oceanic Sciences,,
ATM OCN 753,Mesoscale Meteorology,"(3, 3)",Atmospheric And Oceanic Sciences,,
ATM OCN 760,Large-Scale Ocean-Atmosphere Coupling,"(3, 3)",Atmospheric And Oceanic Sciences,,
ATM OCN 773,Boundary Layer Meteorology,"(3, 3)",Atmospheric And Oceanic Sciences,,
ATM OCN 801,Topics In Theoretical Meteorology,"(2, 3)",Atmospheric And Oceanic Sciences,,
ATM OCN 810,Practical Training In Atmospheric And Oceanic Sciences I,"(1, 1)",Atmospheric And Oceanic Sciences,,
ATM OCN 811,Practical Training In Atmospheric And Oceanic Sciences Ii,"(2, 2)",Atmospheric And Oceanic Sciences,,
ATM OCN 900,Seminar-Meteorology,"(1, 2)",Atmospheric And Oceanic Sciences,,
ATM OCN 901,Foundations Of Atmospheric And Oceanic Sciences Research,"(1, 1)",Atmospheric And Oceanic Sciences,,
ATM OCN 902,Scientific Communications In The Atmospheric And Oceanic Sciences,"(1, 1)",Atmospheric And Oceanic Sciences,,
ATM OCN 903,Research Advances In The Atmospheric And Oceanic Sciences,"(1, 1)",Atmospheric And Oceanic Sciences,,
ATM OCN/​BOTANY/​CIV ENGR/​ENVIR ST/​GEOSCI/​ZOOLOGY  911,Limnology And Marine Science Seminar,"(1, 1)",Atmospheric And Oceanic Sciences,,
ATM OCN/​ENVIR ST  925,Seminar-Climatology,"(1, 2)",Atmospheric And Oceanic Sciences,,
ATM OCN/​AGRONOMY/​BOTANY/​ENTOM/​ENVIR ST/​F&W ECOL/​GEOG/​ZOOLOGY  953,Introduction To Ecology Research At Uw-Madison,"(1, 2)",Atmospheric And Oceanic Sciences,,
ATM OCN 965,Seminar-Oceanography,"(1, 2)",Atmospheric And Oceanic Sciences,,
ATM OCN/​BOTANY/​ENVIR ST/​F&W ECOL/​GEOG/​GEOSCI/​ZOOLOGY  980,Earth System Science Seminar,"(1, 1)",Atmospheric And Oceanic Sciences,,
ATM OCN 990,Research,"(1, 12)",Atmospheric And Oceanic Sciences,,
ATM OCN 999,Advanced Independent Study,"(1, 6)",Atmospheric And Oceanic Sciences,,
BIOCHEM 100,Biochemistry Freshman Seminar,"(1, 1)",Biochemistry,,
BIOCHEM 104,Molecules To Life And The Nature Of Science,"(3, 3)",Biochemistry,,
BIOCHEM 207,Engineering Bacteriophage Laboratory,"(2, 2)",Biochemistry,,
BIOCHEM 289,Honors Independent Study,"(1, 2)",Biochemistry,,
BIOCHEM 299,Independent Study,"(1, 3)",Biochemistry,,
BIOCHEM 301,Survey Of Biochemistry,"(3, 3)",Biochemistry,,
BIOCHEM 375,Special Topics,"(1, 4)",Biochemistry,,
BIOCHEM 399,Coordinative Internship/Cooperative Education,"(1, 8)",Biochemistry,,
BIOCHEM 400,Study Abroad In Biochemistry,"(1, 6)",Biochemistry,,
BIOCHEM 501,Introduction To Biochemistry,"(3, 3)",Biochemistry,,
BIOCHEM 507,General Biochemistry I,"(3, 3)",Biochemistry,,
BIOCHEM 508,General Biochemistry Ii,"(3, 4)",Biochemistry,,
BIOCHEM/​NUTR SCI  510,Nutritional Biochemistry And Metabolism,"(3, 3)",Biochemistry,,
BIOCHEM 551,Biochemical Methods,"(4, 4)",Biochemistry,,
BIOCHEM/​NUTR SCI  560,Principles Of Human Disease And Biotechnology,"(2, 2)",Biochemistry,,
BIOCHEM/​M M & I  575,Biology Of Viruses,"(2, 2)",Biochemistry,,
BIOCHEM 601,Protein And Enzyme Structure And Function,"(2, 2)",Biochemistry,,
BIOCHEM/​B M I/​BMOLCHEM/​MATH  609,Mathematical Methods For Systems Biology,"(3, 3)",Biochemistry,,
BIOCHEM/​GENETICS/​MICROBIO  612,Prokaryotic Molecular Biology,"(3, 3)",Biochemistry,,
BIOCHEM/​NUTR SCI  619,Advanced Nutrition: Intermediary Metabolism Of Macronutrients,"(3, 3)",Biochemistry,,
BIOCHEM/​GENETICS/​MD GENET  620,Eukaryotic Molecular Biology,"(3, 3)",Biochemistry,,
BIOCHEM/​BOTANY  621,Plant Biochemistry,"(3, 3)",Biochemistry,,
BIOCHEM 625,Mechanisms Of Action Of Vitamins And Minerals,"(2, 2)",Biochemistry,,
BIOCHEM/​GENETICS  631,Plant Genetics And Development,"(3, 3)",Biochemistry,,
BIOCHEM/​NUTR SCI  645,Molecular Control Of Metabolism And Metabolic Disease,"(3, 3)",Biochemistry,,
BIOCHEM 681,Senior Honors Thesis,"(2, 4)",Biochemistry,,
BIOCHEM 682,Senior Honors Thesis,"(2, 4)",Biochemistry,,
BIOCHEM 691,Senior Thesis,"(2, 2)",Biochemistry,,
BIOCHEM 692,Senior Thesis,"(2, 2)",Biochemistry,,
BIOCHEM 699,Special Problems,"(1, 4)",Biochemistry,,
BIOCHEM/​BMOLCHEM  701,Responsible Conduct In Bioscience Research,"(2, 2)",Biochemistry,,
BIOCHEM/​CHEM  704,Chemical Biology,"(3, 3)",Biochemistry,,
BIOCHEM 719,From Atoms To Molecules,"(3, 3)",Biochemistry,,
BIOCHEM 721,Biochemical Communication,"(2, 2)",Biochemistry,,
BIOCHEM 729,Advanced Topics,"(1, 3)",Biochemistry,,
BIOCHEM/​BOTANY/​GENETICS  840,Regulatory Mechanisms In Plant Development,"(3, 3)",Biochemistry,,
BIOCHEM/​CHEM  872,Selected Topics In Macromolecular And Biophysical Chemistry,"(1, 3)",Biochemistry,,
BIOCHEM/​NUTR SCI  901,Seminar-Nutrition And Metabolism (Advanced),"(1, 1)",Biochemistry,,
BIOCHEM 910,Seminar-Molecular Virology (Advanced),"(1, 1)",Biochemistry,,
BIOCHEM/​BMOLCHEM  913,Seminar-Ribogroup (Advanced),"(1, 1)",Biochemistry,,
BIOCHEM/​B M E/​B M I/​CBE/​COMP SCI/​GENETICS  915,Computation And Informatics In Biology And Medicine,"(1, 1)",Biochemistry,,
BIOCHEM 916,Cellular Mechanisms Of Protein Biogenesis And Trafficking,"(1, 1)",Biochemistry,,
BIOCHEM/​MICROBIO  917,Regulation Of Gene Expression (Advanced Seminar),"(1, 1)",Biochemistry,,
BIOCHEM/​CHEM  918,Single Molecule Approaches To Biology,"(1, 1)",Biochemistry,,
BIOCHEM 919,Synthetic Biology Seminar,"(1, 1)",Biochemistry,,
BIOCHEM 924,Membrane Protein Structure And Function,"(1, 1)",Biochemistry,,
BIOCHEM/​CBE  932,Biotechnology Training Program Seminar,"(1, 1)",Biochemistry,,
BIOCHEM/​CHEM  945,Seminar-Chemical Biology (Advanced),"(1, 1)",Biochemistry,,
BIOCHEM 990,Research,"(1, 12)",Biochemistry,,
BSE 1,Cooperative Education Program,"(1, 1)",Biological Systems Engineering,,
BSE 170,Product Design Practicum,"(2, 2)",Biological Systems Engineering,,
BSE 249,Engineering Principles For Biological Systems,"(3, 3)",Biological Systems Engineering,,
BSE 270,Introduction To Computer Aided Design,"(3, 3)",Biological Systems Engineering,,
BSE 289,Honors Independent Study,"(1, 2)",Biological Systems Engineering,,
BSE 299,Independent Study,"(1, 3)",Biological Systems Engineering,,
BSE 301,Land Information Management,"(3, 3)",Biological Systems Engineering,,
BSE 308,Career Management For Engineers,"(1, 1)",Biological Systems Engineering,,
BSE 310,Project Economics & Decision Analysis,"(3, 3)",Biological Systems Engineering,,
BSE/​AN SCI  344,Digital Technologies For Animal Monitoring,"(3, 3)",Biological Systems Engineering,,
BSE 349,Quantitative Techniques For Biological Systems,"(3, 3)",Biological Systems Engineering,,
BSE 364,Engineering Properties Of Food And Biological Materials,"(3, 3)",Biological Systems Engineering,,
BSE 365,Measurements And Instrumentation For Biological Systems,"(3, 3)",Biological Systems Engineering,,
BSE/​ENVIR ST  367,Renewable Energy Systems,"(3, 3)",Biological Systems Engineering,,
BSE/​CIV ENGR/​SOIL SCI  372,On-Site Waste Water Treatment And Dispersal,"(2, 2)",Biological Systems Engineering,,
BSE 375,Special Topics,"(1, 4)",Biological Systems Engineering,,
BSE 380,Introductory Data Science For The Agricultural And Life Sciences,"(3, 3)",Biological Systems Engineering,,
BSE 399,Coordinative Internship/Cooperative Education,"(1, 8)",Biological Systems Engineering,,
BSE 400,Study Abroad In Biological Systems Engineering,"(1, 6)",Biological Systems Engineering,,
BSE 405,Artificial Intelligence In Agriculture,"(3, 3)",Biological Systems Engineering,,
BSE 460,Biorefining: Energy And Products From Renewable Resources,"(3, 3)",Biological Systems Engineering,,
BSE 461,Food And Bioprocessing Operations,"(3, 3)",Biological Systems Engineering,,
BSE 464,Heat And Mass Transfer In Biological Systems,"(3, 3)",Biological Systems Engineering,,
BSE 472,Sediment And Bio-Nutrient Engineering And Management,"(3, 3)",Biological Systems Engineering,,
BSE 473,Water Management Systems,"(3, 3)",Biological Systems Engineering,,
BSE/​M E  474,Fluid Power,"(3, 3)",Biological Systems Engineering,,
BSE/​M E  475,Engineering Principles Of Agricultural Machinery,"(3, 3)",Biological Systems Engineering,,
BSE/​M E  476,Engineering Principles Of Off-Road Vehicles,"(3, 3)",Biological Systems Engineering,,
BSE 508,Biological Systems Engineering Design Practicum I,"(2, 2)",Biological Systems Engineering,,
BSE 509,Biological Systems Engineering Design Practicum Ii,"(3, 3)",Biological Systems Engineering,,
BSE 571,Small Watershed Engineering,"(3, 3)",Biological Systems Engineering,,
BSE 681,Senior Honors Thesis,"(2, 4)",Biological Systems Engineering,,
BSE 682,Senior Honors Thesis,"(2, 4)",Biological Systems Engineering,,
BSE 691,Senior Thesis,"(2, 2)",Biological Systems Engineering,,
BSE 692,Senior Thesis,"(2, 2)",Biological Systems Engineering,,
BSE 699,Special Problems,"(1, 4)",Biological Systems Engineering,,
BSE 799,Practicum In Agricultural Engineering Teaching,"(1, 3)",Biological Systems Engineering,,
BSE 875,Special Topics,"(1, 4)",Biological Systems Engineering,,
BSE 900,Seminar,"(1, 1)",Biological Systems Engineering,,
BSE 901,Graduate Research Seminar,"(1, 1)",Biological Systems Engineering,,
BSE 990,Research,"(1, 12)",Biological Systems Engineering,,
BSE 999,Special Problems,"(1, 3)",Biological Systems Engineering,,
BIOLOGY/​ZOOLOGY  101,Animal Biology,"(3, 3)",Biology,,
BIOLOGY/​ZOOLOGY  102,Animal Biology Laboratory,"(2, 2)",Biology,,
BIOLOGY/​BOTANY  130,General Botany,"(5, 5)",Biology,,
BIOLOGY/​BOTANY/​ZOOLOGY  151,Introductory Biology,"(5, 5)",Biology,,
BIOLOGY/​BOTANY/​ZOOLOGY  152,Introductory Biology,"(5, 5)",Biology,,
BIOLOGY 299,Directed Studies,"(1, 4)",Biology,,
BIOLOGY 375,Special Topics,"(1, 5)",Biology,,
BIOLOGY 399,Internship/Field Experience,"(1, 8)",Biology,,
BIOLOGY/​GENETICS  522,Communicating Evolutionary Biology,"(2, 3)",Biology,,
BIOLOGY 681,Senior Honors Thesis,"(2, 3)",Biology,,
BIOLOGY 682,Senior Honors Thesis,"(2, 3)",Biology,,
BIOLOGY 691,Senior Thesis,"(2, 3)",Biology,,
BIOLOGY 692,Senior Thesis,"(2, 3)",Biology,,
BIOLOGY 699,Directed Studies,"(1, 4)",Biology,,
BIOCORE 181,Becoming A Scientist: Doing Biology Research,"(2, 2)",Biology Core Curriculum,,
BIOCORE 381,"Evolution, Ecology, And Genetics","(3, 3)",Biology Core Curriculum,,
BIOCORE 382,"Evolution, Ecology, And Genetics Laboratory","(2, 2)",Biology Core Curriculum,,
BIOCORE 383,Cellular Biology,"(3, 3)",Biology Core Curriculum,,
BIOCORE 384,Cellular Biology Laboratory,"(2, 2)",Biology Core Curriculum,,
BIOCORE 401,Peer Mentoring,"(1, 1)",Biology Core Curriculum,,
BIOCORE 485,Principles Of Physiology,"(3, 3)",Biology Core Curriculum,,
BIOCORE 486,Principles Of Physiology Laboratory,"(2, 2)",Biology Core Curriculum,,
BIOCORE 587,Biological Interactions,"(3, 3)",Biology Core Curriculum,,
BIOCORE 699,Directed Study,"(1, 3)",Biology Core Curriculum,,
B M E 1,Cooperative Education Program,"(1, 1)",Biomedical Engineering,,
B M E 200,Biomedical Engineering Design,"(2, 2)",Biomedical Engineering,,
B M E 201,Biomedical Engineering Design And Fundamentals,"(3, 3)",Biomedical Engineering,,
B M E 300,Biomedical Engineering Design And Leadership,"(3, 3)",Biomedical Engineering,,
B M E 301,Biomedical Engineering Design And Communication,"(3, 3)",Biomedical Engineering,,
B M E 310,Bioinstrumentation,"(3, 3)",Biomedical Engineering,,
B M E 315,Biomechanics,"(3, 3)",Biomedical Engineering,,
B M E 325,Applied Statistics For Biomedical Engineers,"(3, 3)",Biomedical Engineering,,
B M E 330,"Engineering Principles Of Molecules, Cells, And Tissues","(4, 4)",Biomedical Engineering,,
B M E 389,Honors In Research,"(1, 3)",Biomedical Engineering,,
B M E 399,Independent Study,"(1, 3)",Biomedical Engineering,,
B M E 400,Capstone Design Course In Biomedical Engineering,"(3, 3)",Biomedical Engineering,,
B M E 402,Biomedical Engineering Capstone Design Ii,"(3, 3)",Biomedical Engineering,,
B M E/​M E  414,Orthopaedic Biomechanics - Design Of Orthopaedic Implants,"(3, 3)",Biomedical Engineering,,
B M E/​M E  415,Biomechanics Of Human Movement,"(3, 3)",Biomedical Engineering,,
B M E/​PHM SCI  430,Biological Interactions With Materials,"(3, 3)",Biomedical Engineering,,
B M E/​E C E  462,Medical Instrumentation,"(3, 3)",Biomedical Engineering,,
B M E/​E C E  463,Computers In Medicine,"(3, 3)",Biomedical Engineering,,
B M E 489,Honors In Research,"(1, 3)",Biomedical Engineering,,
B M E/​H ONCOL/​MED PHYS/​PHYSICS  501,Radiation Physics And Dosimetry,"(3, 3)",Biomedical Engineering,,
B M E/​M E  505,Biofluidics,"(3, 3)",Biomedical Engineering,,
B M E 510,Introduction To Tissue Engineering,"(3, 3)",Biomedical Engineering,,
B M E 511,Tissue Engineering Laboratory,"(1, 1)",Biomedical Engineering,,
B M E/​M E  516,Finite Elements For Biological And Other Soft Materials,"(3, 3)",Biomedical Engineering,,
B M E 517,Biology In Engineering Seminar,"(1, 1)",Biomedical Engineering,,
B M E 520,Stem Cell Bioengineering,"(3, 3)",Biomedical Engineering,,
B M E/​MED PHYS  535,Introduction To Energy-Tissue Interactions,"(3, 3)",Biomedical Engineering,,
B M E 545,Engineering Extracellular Matrices,"(3, 3)",Biomedical Engineering,,
B M E 550,Introduction To Biological And Medical Microsystems,"(3, 3)",Biomedical Engineering,,
B M E 556,Systems Biology: Mammalian Signaling Networks,"(3, 3)",Biomedical Engineering,,
B M E/​CBE  560,Biochemical Engineering,"(3, 3)",Biomedical Engineering,,
B M E/​I SY E  564,Occupational Ergonomics And Biomechanics,"(3, 3)",Biomedical Engineering,,
B M E/​MED PHYS  566,Physics Of Radiotherapy,"(3, 3)",Biomedical Engineering,,
B M E/​MED PHYS  567,The Physics Of Diagnostic Radiology,"(4, 4)",Biomedical Engineering,,
B M E/​MED PHYS  568,Magnetic Resonance Imaging (Mri),"(2, 2)",Biomedical Engineering,,
B M E/​MED PHYS  573,Mathematical Methods In Medical Physics,"(3, 3)",Biomedical Engineering,,
B M E/​MED PHYS  574,Data Science In Medical Physics,"(3, 3)",Biomedical Engineering,,
B M E/​MED PHYS  575,Diagnostic Ultrasound Imaging,"(2, 2)",Biomedical Engineering,,
B M E/​MED PHYS  578,Non-Ionizing Diagnostic Imaging,"(4, 4)",Biomedical Engineering,,
B M E/​MED PHYS  580,The Physics Of Medical Imaging With Ionizing Radiation,"(4, 4)",Biomedical Engineering,,
B M E 601,Special Topics In Biomedical Engineering,"(1, 3)",Biomedical Engineering,,
B M E 602,Special Topics In Biomedical Engineering,"(1, 3)",Biomedical Engineering,,
B M E 603,Special Topics In Bioinstrumentation And Medical Devices,"(1, 3)",Biomedical Engineering,,
B M E 604,Special Topics In Biomedical Imaging And Optics,"(1, 3)",Biomedical Engineering,,
B M E/​M E  605,Special Topics In Biomechanics,"(1, 3)",Biomedical Engineering,,
B M E 606,"Special Topics In Biomaterials, Cellular And Tissue Engineering","(1, 3)",Biomedical Engineering,,
B M E/​M E  615,Tissue Mechanics,"(3, 3)",Biomedical Engineering,,
B M E/​MED PHYS/​PHMCOL-M/​PHYSICS/​RADIOL  619,Microscopy Of Life,"(3, 3)",Biomedical Engineering,,
B M E 640,Medical Devices Ecosystem: The Path To Product,"(3, 3)",Biomedical Engineering,,
B M E 651,Biophotonics Laboratory,"(3, 3)",Biomedical Engineering,,
B M E/​I SY E  662,Design And Human Disability And Aging,"(3, 3)",Biomedical Engineering,,
B M E/​CRB  670,Biology Of Heart Disease And Regeneration,"(3, 3)",Biomedical Engineering,,
B M E 701,Seminar In Biomedical Engineering,"(1, 1)",Biomedical Engineering,,
B M E 702,Graduate Cooperative Education Program,"(1, 2)",Biomedical Engineering,,
B M E 703,Responsible Conduct Of Research For Biomedical Engineers,"(2, 2)",Biomedical Engineering,,
B M E/​MED PHYS  710,Advances In Medical Magnetic Resonance,"(3, 3)",Biomedical Engineering,,
B M E/​M E  715,Advanced Tissue Mechanics,"(3, 3)",Biomedical Engineering,,
B M E 740,Biomanufacturing Entrepreneurship,"(3, 3)",Biomedical Engineering,,
B M E/​CHEM/​MED PHYS  750,Biological Optical Microscopy,"(3, 3)",Biomedical Engineering,,
B M E 751,Biomedical Optics And Biophotonics,"(3, 3)",Biomedical Engineering,,
B M E 770,Nanotechnology In Neuroscience,"(2, 2)",Biomedical Engineering,,
B M E/​E C E/​MED PHYS  778,Machine Learning In Ultrasound Imaging,"(3, 3)",Biomedical Engineering,,
B M E 780,Methods In Quantitative Biology,"(1, 1)",Biomedical Engineering,,
B M E/​CBE  782,Modeling Biological Systems,"(3, 3)",Biomedical Engineering,,
B M E/​CBE  783,Design Of Biological Molecules,"(3, 3)",Biomedical Engineering,,
B M E 790,Master'S Research And Thesis,"(1, 9)",Biomedical Engineering,,
B M E 799,Advanced Independent Study,"(1, 5)",Biomedical Engineering,,
B M E 890,Pre-Dissertation Research,"(1, 9)",Biomedical Engineering,,
B M E/​B M I/​BIOCHEM/​CBE/​COMP SCI/​GENETICS  915,Computation And Informatics In Biology And Medicine,"(1, 1)",Biomedical Engineering,,
B M E 990,Research And Thesis,"(1, 9)",Biomedical Engineering,,
B M E 999,Advanced Independent Study,"(1, 9)",Biomedical Engineering,,
BIOMDSCI 720,Survey Of Quality Assurance And Regulatory Affairs In Biotechnology,"(3, 3)",Biomedical Sciences And Technologies,,
BIOMDSCI 721,Topics In Quality Assurance And Regulatory Affairs In Biotechnology,"(3, 3)",Biomedical Sciences And Technologies,,
BIOMDSCI 722,Leadership In Quality Assurance And Regulatory Affairs In Biotechnology,"(3, 3)",Biomedical Sciences And Technologies,,
BIOMDSCI 800,"Intellectual Property, Patents And Licensing","(2, 2)",Biomedical Sciences And Technologies,,
BIOMDSCI 801,Biotechnology Regulation And Ethics,"(2, 2)",Biomedical Sciences And Technologies,,
BIOMDSCI 802,Business Of Biotechnology: Business Fundamentals,"(2, 2)",Biomedical Sciences And Technologies,,
BIOMDSCI 803,Molecular Technologies I: Diagnostic Testing,"(2, 2)",Biomedical Sciences And Technologies,,
BIOMDSCI 810,Biotechnology Operations,"(4, 4)",Biomedical Sciences And Technologies,,
BIOMDSCI 812,Project Management And Leadership,"(2, 2)",Biomedical Sciences And Technologies,,
BIOMDSCI 813,Molecular Technologies Ii: Biomanufacturing,"(2, 2)",Biomedical Sciences And Technologies,,
BIOMDSCI 820,Early Drug Discovery,"(4, 4)",Biomedical Sciences And Technologies,,
BIOMDSCI 822,Business Of Biotechnology: Commercialization Pathways,"(2, 2)",Biomedical Sciences And Technologies,,
BIOMDSCI 823,Molecular Technologies Iii: Assay Development,"(2, 2)",Biomedical Sciences And Technologies,,
BIOMDSCI 830,Professional Development And Effective Management,"(1, 1)",Biomedical Sciences And Technologies,,
BIOMDSCI 831,Advanced Biotechnology: Global Perspectives,"(3, 3)",Biomedical Sciences And Technologies,,
BIOMDSCI 832,Business Of Biotechnology: Corporate Strategy,"(3, 3)",Biomedical Sciences And Technologies,,
BIOMDSCI 834,Biotechnology Capstone,"(1, 1)",Biomedical Sciences And Technologies,,
BMOLCHEM/​B M I/​BIOCHEM/​MATH  609,Mathematical Methods For Systems Biology,"(3, 3)",Biomolecular Chemistry,,
BMOLCHEM/​MICROBIO  668,Microbiology At Atomic Resolution,"(3, 3)",Biomolecular Chemistry,,
BMOLCHEM 675,Advanced Or Special Topics In Biomolecular Chemistry,"(1, 3)",Biomolecular Chemistry,,
BMOLCHEM 699,Special Research Problems,"(1, 5)",Biomolecular Chemistry,,
BMOLCHEM 700,Practical Biophysics,"(3, 3)",Biomolecular Chemistry,,
BMOLCHEM/​BIOCHEM  701,Responsible Conduct In Bioscience Research,"(2, 2)",Biomolecular Chemistry,,
BMOLCHEM 720,Experimental Design And Paradigms In Cellular Biochemistry And Molecular Biology,"(3, 3)",Biomolecular Chemistry,,
BMOLCHEM 901,Biomolecular Chemistry Seminar,"(1, 1)",Biomolecular Chemistry,,
BMOLCHEM/​BIOCHEM  913,Seminar-Ribogroup (Advanced),"(1, 1)",Biomolecular Chemistry,,
BMOLCHEM 990,Advanced Biomolecular Chemistry And Research,"(1, 12)",Biomolecular Chemistry,,
B M I/​POP HLTH  451,Introduction To Sas Programming For Population Health,"(2, 2)",Biostatistics And Medical Informatics,,
B M I/​STAT  541,Introduction To Biostatistics,"(3, 3)",Biostatistics And Medical Informatics,,
B M I/​STAT  542,Introduction To Clinical Trials I,"(3, 3)",Biostatistics And Medical Informatics,,
B M I 544,Introduction To Clinical And Healthcare Research Ii,"(3, 3)",Biostatistics And Medical Informatics,,
B M I/​POP HLTH  551,Introduction To Biostatistics For Population Health,"(3, 3)",Biostatistics And Medical Informatics,,
B M I/​POP HLTH  552,Regression Methods For Population Health,"(3, 3)",Biostatistics And Medical Informatics,,
B M I/​COMP SCI  567,Medical Image Analysis,"(3, 3)",Biostatistics And Medical Informatics,,
B M I 573,Foundations Of Data-Driven Healthcare,"(3, 3)",Biostatistics And Medical Informatics,,
B M I/​COMP SCI  576,Introduction To Bioinformatics,"(3, 3)",Biostatistics And Medical Informatics,,
B M I/​BIOCHEM/​BMOLCHEM/​MATH  609,Mathematical Methods For Systems Biology,"(3, 3)",Biostatistics And Medical Informatics,,
B M I/​I SY E  617,Health Information Systems,"(3, 3)",Biostatistics And Medical Informatics,,
B M I/​STAT  620,Statistics In Human Genetics,"(3, 3)",Biostatistics And Medical Informatics,,
B M I/​STAT  641,Statistical Methods For Clinical Trials,"(3, 3)",Biostatistics And Medical Informatics,,
B M I/​STAT  642,Statistical Methods For Epidemiology,"(3, 3)",Biostatistics And Medical Informatics,,
B M I/​STAT  643,"Clinical Trial Design, Implementation, And Analysis","(3, 3)",Biostatistics And Medical Informatics,,
B M I/​POP HLTH  651,Advanced Regression Methods For Population Health,"(3, 3)",Biostatistics And Medical Informatics,,
B M I/​POP HLTH  652,Topics In Biostatistics For Epidemiology,"(1, 3)",Biostatistics And Medical Informatics,,
B M I/​POP HLTH  694,Applied Biomedical Informatics & Real-World Data For Precision Medicine & Population Health,"(2, 2)",Biostatistics And Medical Informatics,,
B M I 699,Independent Study,"(1, 3)",Biostatistics And Medical Informatics,,
B M I/​COMP SCI/​E C E/​MED PHYS  722,Computational Optics And Imaging,"(3, 3)",Biostatistics And Medical Informatics,,
B M I/​STAT  727,Theory And Methods Of Longitudinal Data Analysis,"(3, 3)",Biostatistics And Medical Informatics,,
B M I 738,Ethics For Data Scientists,"(1, 1)",Biostatistics And Medical Informatics,,
B M I/​STAT  741,Survival Analysis Theory And Methods,"(3, 3)",Biostatistics And Medical Informatics,,
B M I/​COMP SCI  767,Computational Methods For Medical Image Analysis,"(3, 3)",Biostatistics And Medical Informatics,,
B M I/​STAT  768,Statistical Methods For Medical Image Analysis,"(3, 3)",Biostatistics And Medical Informatics,,
B M I/​COMP SCI  771,Learning Based Methods For Computer Vision,"(3, 3)",Biostatistics And Medical Informatics,,
B M I 773,Clinical Research Informatics,"(3, 3)",Biostatistics And Medical Informatics,,
B M I/​COMP SCI  775,Computational Network Biology,"(3, 3)",Biostatistics And Medical Informatics,,
B M I/​COMP SCI  776,Advanced Bioinformatics,"(3, 3)",Biostatistics And Medical Informatics,,
B M I 800,Becoming A Biomedical Data Scientist,"(1, 1)",Biostatistics And Medical Informatics,,
B M I 826,Special Topics In Biostatistics And Biomedical Informatics,"(1, 3)",Biostatistics And Medical Informatics,,
B M I/​STAT  828,Semiparametric Methods In Data Science,"(3, 3)",Biostatistics And Medical Informatics,,
B M I/​COMP SCI/​PSYCH  841,Computational Cognitive Science,"(3, 3)",Biostatistics And Medical Informatics,,
B M I/​STAT  877,Statistical Methods For Molecular Biology,"(3, 3)",Biostatistics And Medical Informatics,,
B M I 881,Biomedical Data Science Scholarly Literature 1,"(2, 2)",Biostatistics And Medical Informatics,,
B M I 882,Biomedical Data Science Scholarly Literature 2,"(2, 2)",Biostatistics And Medical Informatics,,
B M I 883,Biomedical Data Science Professional Skills 1,"(1, 1)",Biostatistics And Medical Informatics,,
B M I 884,Biomedical Data Science Professional Skills 2,"(1, 1)",Biostatistics And Medical Informatics,,
B M I 899,Pre-Dissertator Research,"(1, 12)",Biostatistics And Medical Informatics,,
B M I 901,Fundamentals Of Informatics In Clinical Research,"(2, 2)",Biostatistics And Medical Informatics,,
B M I/​B M E/​BIOCHEM/​CBE/​COMP SCI/​GENETICS  915,Computation And Informatics In Biology And Medicine,"(1, 1)",Biostatistics And Medical Informatics,,
B M I/​MEDICINE  918,Health Informatics For Medical Students Elective,"(2, 2)",Biostatistics And Medical Informatics,,
B M I 990,Dissertator Research,"(1, 3)",Biostatistics And Medical Informatics,,
BOTANY 100,Survey Of Botany,"(3, 3)",Botany,,
BOTANY/​PL PATH  123,"Plants, Parasites, And People","(3, 3)",Botany,,
BOTANY/​BIOLOGY  130,General Botany,"(5, 5)",Botany,,
BOTANY/​BIOLOGY/​ZOOLOGY  151,Introductory Biology,"(5, 5)",Botany,,
BOTANY/​BIOLOGY/​ZOOLOGY  152,Introductory Biology,"(5, 5)",Botany,,
BOTANY 211,Understanding Changed Landscapes: Wisconsin,"(3, 3)",Botany,,
BOTANY 240,Plants And Humans,"(3, 3)",Botany,,
BOTANY/​F&W ECOL  250,Forests And Humans: From The Midwest To Madagascar,"(2, 2)",Botany,,
BOTANY/​ENVIR ST/​ZOOLOGY  260,Introductory Ecology,"(3, 3)",Botany,,
BOTANY 265,Rainforests And Coral Reefs,"(3, 3)",Botany,,
BOTANY 299,Directed Study In Botany,"(1, 3)",Botany,,
BOTANY 300,Plant Anatomy,"(4, 4)",Botany,,
BOTANY 305,Plant Morphology And Evolution,"(4, 4)",Botany,,
BOTANY 330,Algae,"(3, 3)",Botany,,
BOTANY/​PL PATH  332,Fungi,"(4, 4)",Botany,,
BOTANY/​PL PATH  333,Biology Of The Fungi,"(2, 2)",Botany,,
BOTANY/​AN SCI/​MICROBIO  335,"The Microbiome Of Plants, Animals, And Humans","(3, 3)",Botany,,
BOTANY/​GEOG  338,Environmental Biogeography,"(3, 3)",Botany,,
BOTANY/​AGRONOMY/​HORT  340,Plant Cell Culture And Genetic Engineering,"(3, 3)",Botany,,
BOTANY/​AGRONOMY/​SOIL SCI  370,Grassland Ecology,"(3, 3)",Botany,,
BOTANY 400,Plant Systematics,"(4, 4)",Botany,,
BOTANY 401,Vascular Flora Of Wisconsin,"(4, 4)",Botany,,
BOTANY/​F&W ECOL  402,Dendrology: Woody Plant Identification And Ecology,"(3, 3)",Botany,,
BOTANY 403,Field Collections And Identification,"(1, 4)",Botany,,
BOTANY/​ANTHRO/​ZOOLOGY  410,Evolutionary Biology,"(3, 3)",Botany,,
BOTANY 422,Plant Geography,"(3, 3)",Botany,,
BOTANY/​ZOOLOGY  450,Midwestern Ecological Issues: A Case Study Approach,"(2, 2)",Botany,,
BOTANY/​F&W ECOL  455,The Vegetation Of Wisconsin,"(4, 4)",Botany,,
BOTANY/​F&W ECOL/​ZOOLOGY  460,General Ecology,"(4, 4)",Botany,,
BOTANY/​ENTOM/​ZOOLOGY  473,Plant-Insect Interactions,"(3, 3)",Botany,,
BOTANY/​AMER IND/​ANTHRO  474,Ethnobotany,"(3, 4)",Botany,,
BOTANY 499,Intermediate Directed Research,"(1, 3)",Botany,,
BOTANY 500,Plant Physiology,"(3, 4)",Botany,,
BOTANY/​ENTOM/​PL PATH  505,Plant-Microbe Interactions: Molecular And Ecological Aspects,"(3, 3)",Botany,,
BOTANY/​PL PATH  563,Phylogenetic Analysis Of Molecular Data,"(3, 3)",Botany,,
BOTANY 575,Special Topics,"(1, 3)",Botany,,
BOTANY/​BIOCHEM  621,Plant Biochemistry,"(3, 3)",Botany,,
BOTANY/​HORT/​SOIL SCI  626,Mineral Nutrition Of Plants,"(3, 3)",Botany,,
BOTANY/​ENVIR ST/​F&W ECOL/​ZOOLOGY  651,Conservation Biology,"(3, 3)",Botany,,
BOTANY/​GENETICS/​M M & I/​PL PATH  655,Biology And Genetics Of Fungi,"(3, 3)",Botany,,
BOTANY/​LAND ARC  670,Adaptive Restoration Lab,"(2, 2)",Botany,,
BOTANY/​F&W ECOL/​ZOOLOGY  672,Historical Ecology,"(2, 2)",Botany,,
BOTANY 681,Senior Honors Thesis,"(3, 3)",Botany,,
BOTANY 682,Senior Honors Thesis,"(3, 3)",Botany,,
BOTANY 691,Senior Thesis,"(2, 3)",Botany,,
BOTANY 692,Senior Thesis,"(2, 3)",Botany,,
BOTANY 698,Directed Study,"(1, 4)",Botany,,
BOTANY 699,Directed Study,"(1, 4)",Botany,,
BOTANY/​ZOOLOGY  725,Ecosystem Concepts,"(3, 3)",Botany,,
BOTANY 801,Advanced Plant Community Ecology,"(4, 4)",Botany,,
BOTANY 802,Physiological Plant Ecology,"(3, 3)",Botany,,
BOTANY/​ENTOM/​GENETICS/​ZOOLOGY  820,Foundations Of Evolution,"(2, 2)",Botany,,
BOTANY/​ENTOM/​F&W ECOL/​ZOOLOGY  821,Foundations Of Ecology,"(2, 2)",Botany,,
BOTANY/​BIOCHEM/​GENETICS  840,Regulatory Mechanisms In Plant Development,"(3, 3)",Botany,,
BOTANY 858,Special Topics In Plant Physiology,"(1, 3)",Botany,,
BOTANY 860,Plant Cell Biology,"(2, 2)",Botany,,
BOTANY/​F&W ECOL/​ZOOLOGY  879,Advanced Landscape Ecology,"(3, 3)",Botany,,
BOTANY/​ATM OCN/​CIV ENGR/​ENVIR ST/​GEOSCI/​ZOOLOGY  911,Limnology And Marine Science Seminar,"(1, 1)",Botany,,
BOTANY/​PL PATH  930,Seminar-Mycology,"(1, 1)",Botany,,
BOTANY 940,Seminar In Plant Systematics And Evolution,"(1, 1)",Botany,,
BOTANY 941,Plant Taxonomy Journal Review,"(1, 1)",Botany,,
BOTANY 950,Seminar-Plant Ecology,"(1, 1)",Botany,,
BOTANY/​AGRONOMY/​ATM OCN/​ENTOM/​ENVIR ST/​F&W ECOL/​GEOG/​ZOOLOGY  953,Introduction To Ecology Research At Uw-Madison,"(1, 2)",Botany,,
BOTANY 960,Seminar-Plant Physiology,"(1, 1)",Botany,,
BOTANY/​ATM OCN/​ENVIR ST/​F&W ECOL/​GEOG/​GEOSCI/​ZOOLOGY  980,Earth System Science Seminar,"(1, 1)",Botany,,
BOTANY 990,Research-Phycology,"(1, 12)",Botany,,
BOTANY 993,Research: Fungal Biology,"(1, 12)",Botany,,
BOTANY 994,Research-Plant Systematics,"(1, 12)",Botany,,
BOTANY 995,Research-Plant Ecology,"(1, 12)",Botany,,
BOTANY 996,Research-Plant Physiology,"(1, 12)",Botany,,
BOTANY 999,Independent Work,"(1, 3)",Botany,,
CRB/​MED HIST  615,Regenerative Medicine Ethics And Society,"(3, 3)",Cell And Regenerative Biology,,
CRB 625,Stem Cell Seminar,"(1, 1)",Cell And Regenerative Biology,,
CRB 630,Proteomics Approaches For Biologists,"(2, 2)",Cell And Regenerative Biology,,
CRB 640,Fundamentals Of Stem Cell And Regenerative Biology,"(3, 3)",Cell And Regenerative Biology,,
CRB 650,Molecular And Cellular Organogenesis,"(3, 3)",Cell And Regenerative Biology,,
CRB/​B M E  670,Biology Of Heart Disease And Regeneration,"(3, 3)",Cell And Regenerative Biology,,
CRB 675,Topics In Cell And Regenerative Biology,"(1, 3)",Cell And Regenerative Biology,,
CRB 699,Independent Study,"(1, 4)",Cell And Regenerative Biology,,
CRB/​MEDICINE  701,Cell Signaling And Human Disease,"(1, 1)",Cell And Regenerative Biology,,
CRB/​GENETICS  710,Developmental Genetics,"(3, 3)",Cell And Regenerative Biology,,
CRB 800,"Intellectual Property, Patents And Licensing","(2, 2)",Cell And Regenerative Biology,,
CRB 802,Business Of Biotechnology: Fundamentals Of Product Development,"(2, 2)",Cell And Regenerative Biology,,
CRB 803,Molecular Technologies I,"(2, 2)",Cell And Regenerative Biology,,
CRB 804,Biotechnology Regulation And Ethics,"(2, 2)",Cell And Regenerative Biology,,
CRB 810,Mouse Genetics And Embryonic Stem Cells: Lab Immersion And Understanding Current Literature,"(2, 2)",Cell And Regenerative Biology,,
CRB 820,Biotechnology Operations,"(5, 5)",Cell And Regenerative Biology,,
CRB 824,Molecular Technologies Ii,"(3, 3)",Cell And Regenerative Biology,,
CRB 830,Early Drug Discovery,"(4, 4)",Cell And Regenerative Biology,,
CRB 834,Molecular Technologies Iii,"(2, 2)",Cell And Regenerative Biology,,
CRB 841,Business Of Biotechnology: Contemporary Challenges And Applications,"(2, 2)",Cell And Regenerative Biology,,
CRB 842,Business Of Biotechnology: Sustaining Growth,"(3, 3)",Cell And Regenerative Biology,,
CRB 843,Project Management And Leadership,"(2, 2)",Cell And Regenerative Biology,,
CRB 844,Advanced Biotechnology: Global Perspectives,"(3, 3)",Cell And Regenerative Biology,,
CRB 845,Professional Development And Effective Management,"(1, 1)",Cell And Regenerative Biology,,
CRB 846,Biotechnology Capstone,"(1, 1)",Cell And Regenerative Biology,,
CRB 850,Fundamentals Of Stem Cell And Regenerative Biology,"(1, 1)",Cell And Regenerative Biology,,
CRB 860,The Beat Goes On: Generation And Regeneration Of The Heart,"(2, 2)",Cell And Regenerative Biology,,
CRB 990,Research And Thesis,"(1, 9)",Cell And Regenerative Biology,,
CBE 1,Cooperative Education Program,"(1, 1)",Chemical And Biological Engineering,,
CBE 150,Introduction To Chemical Engineering,"(1, 1)",Chemical And Biological Engineering,,
CBE 250,Process Synthesis,"(3, 3)",Chemical And Biological Engineering,,
CBE 255,Introduction To Chemical Process Modeling,"(3, 3)",Chemical And Biological Engineering,,
CBE 310,Chemical Process Thermodynamics,"(3, 3)",Chemical And Biological Engineering,,
CBE 311,Thermodynamics Of Mixtures,"(3, 3)",Chemical And Biological Engineering,,
CBE 320,Introductory Transport Phenomena,"(4, 4)",Chemical And Biological Engineering,,
CBE 324,Transport Phenomena Lab,"(3, 3)",Chemical And Biological Engineering,,
CBE 326,Momentum And Heat Transfer Operations,"(3, 3)",Chemical And Biological Engineering,,
CBE 355,Statistics For Chemical Engineers,"(3, 3)",Chemical And Biological Engineering,,
CBE 361,Biomolecular Engineering Laboratory,"(3, 3)",Chemical And Biological Engineering,,
CBE 424,Operations And Process Laboratory,"(5, 5)",Chemical And Biological Engineering,,
CBE 426,Mass Transfer Operations,"(3, 3)",Chemical And Biological Engineering,,
CBE 430,Chemical Kinetics And Reactor Design,"(3, 3)",Chemical And Biological Engineering,,
CBE 440,Chemical Engineering Materials,"(3, 3)",Chemical And Biological Engineering,,
CBE 450,Process Design,"(3, 3)",Chemical And Biological Engineering,,
CBE 470,Process Dynamics And Control,"(3, 3)",Chemical And Biological Engineering,,
CBE 489,Honors In Research,"(1, 3)",Chemical And Biological Engineering,,
CBE/​CHEM  505,Aspects Of Industrial Chemistry And Business Fundamentals,"(3, 3)",Chemical And Biological Engineering,,
CBE 512,Energy Technologies And Sustainability,"(3, 3)",Chemical And Biological Engineering,,
CBE/​M E  525,Macromolecular Hydrodynamics,"(3, 3)",Chemical And Biological Engineering,,
CBE 535,Heterogeneous Catalysis: Principles And Applications,"(3, 3)",Chemical And Biological Engineering,,
CBE 538,Processes For The Production Of Renewable Fuels And Chemicals From Biomass,"(3, 3)",Chemical And Biological Engineering,,
CBE 540,Polymer Science And Technology,"(3, 3)",Chemical And Biological Engineering,,
CBE 541,Plastics And High Polymer Laboratory,"(1, 3)",Chemical And Biological Engineering,,
CBE 547,Introduction To Colloid And Interface Science,"(3, 3)",Chemical And Biological Engineering,,
CBE 554,Chemical Engineering And The Community,"(1, 1)",Chemical And Biological Engineering,,
CBE 555,Seminar-Chemical Engineering Connections,"(1, 1)",Chemical And Biological Engineering,,
CBE/​B M E  560,Biochemical Engineering,"(3, 3)",Chemical And Biological Engineering,,
CBE 562,Special Topics In Chemical Engineering,"(1, 3)",Chemical And Biological Engineering,,
CBE/​M E  567,Solar Energy Technology,"(3, 3)",Chemical And Biological Engineering,,
CBE 575,Instrumental Analysis For Chemical Engineers,"(3, 3)",Chemical And Biological Engineering,,
CBE 599,Special Problems,"(1, 4)",Chemical And Biological Engineering,,
CBE 620,Intermediate Transport Phenomena,"(3, 3)",Chemical And Biological Engineering,,
CBE 648,Synthetic Organic Materials In Biology And Medicine,"(2, 3)",Chemical And Biological Engineering,,
CBE 660,Intermediate Problems In Chemical Engineering,"(3, 3)",Chemical And Biological Engineering,,
CBE 699,Advanced Independent Studies,"(1, 6)",Chemical And Biological Engineering,,
CBE 702,Graduate Cooperative Education Program,"(1, 2)",Chemical And Biological Engineering,,
CBE 710,Advanced Chemical Engineering Thermodynamics,"(3, 3)",Chemical And Biological Engineering,,
CBE 720,"Microhydrodynamics, Brownian Motion, And Complex Fluids","(3, 3)",Chemical And Biological Engineering,,
CBE 731,Computational Modelling Of Reactive Systems,"(3, 3)",Chemical And Biological Engineering,,
CBE 735,Kinetics And Catalysis,"(2, 3)",Chemical And Biological Engineering,,
CBE 747,Advanced Colloid And Interface Science,"(3, 3)",Chemical And Biological Engineering,,
CBE 750,Advanced Chemical Process Synthesis And Optimization,"(3, 3)",Chemical And Biological Engineering,,
CBE 770,Advanced Process Dynamics And Control,"(3, 3)",Chemical And Biological Engineering,,
CBE/​E C E/​MATH  777,"Nonlinear Dynamics, Bifurcations And Chaos","(3, 3)",Chemical And Biological Engineering,,
CBE 781,"Biological Engineering: Molecules, Cells & Systems","(3, 3)",Chemical And Biological Engineering,,
CBE/​B M E  782,Modeling Biological Systems,"(3, 3)",Chemical And Biological Engineering,,
CBE/​B M E  783,Design Of Biological Molecules,"(3, 3)",Chemical And Biological Engineering,,
CBE 790,Master'S Research Or Thesis,"(1, 9)",Chemical And Biological Engineering,,
CBE 890,Pre-Dissertator'S Research,"(1, 9)",Chemical And Biological Engineering,,
CBE/​B M E/​B M I/​BIOCHEM/​COMP SCI/​GENETICS  915,Computation And Informatics In Biology And Medicine,"(1, 1)",Chemical And Biological Engineering,,
CBE/​BIOCHEM  932,Biotechnology Training Program Seminar,"(1, 1)",Chemical And Biological Engineering,,
CBE 961,Seminar-Chemical Engineering,"(0, 1)",Chemical And Biological Engineering,,
CBE 990,Thesis-Research,"(1, 12)",Chemical And Biological Engineering,,
CBE 999,Advanced Independent Studies,"(1, 6)",Chemical And Biological Engineering,,
CHEM 101,General Chemistry I Laboratory,"(1, 1)",Chemistry,,
CHEM 102,General Chemistry Ii Laboratory,"(1, 1)",Chemistry,,
CHEM 103,General Chemistry I,"(4, 4)",Chemistry,,
CHEM 104,General Chemistry Ii,"(5, 5)",Chemistry,,
CHEM 105,General Chemistry I,"(3, 3)",Chemistry,,
CHEM 106,General Chemistry Ii,"(4, 4)",Chemistry,,
CHEM 108,Chemistry In Our World,"(5, 5)",Chemistry,,
CHEM 109,Advanced General Chemistry,"(5, 5)",Chemistry,,
CHEM 115,Chemical Principles I,"(5, 5)",Chemistry,,
CHEM 116,Chemical Principles Ii,"(5, 5)",Chemistry,,
CHEM 155,Study Abroad In Introductory Chemistry,"(1, 6)",Chemistry,,
CHEM 175,Introductory Topics In Chemistry,"(1, 3)",Chemistry,,
CHEM 260,Entering Research I,"(1, 1)",Chemistry,,
CHEM 299,Directed Study,"(1, 4)",Chemistry,,
CHEM 311,Chemistry Across The Periodic Table,"(4, 4)",Chemistry,,
CHEM 327,Fundamentals Of Analytical Science,"(4, 4)",Chemistry,,
CHEM 329,Fundamentals Of Analytical Science,"(4, 4)",Chemistry,,
CHEM 341,Elementary Organic Chemistry,"(3, 3)",Chemistry,,
CHEM 342,Elementary Organic Chemistry Laboratory,"(1, 1)",Chemistry,,
CHEM 343,Organic Chemistry I,"(3, 3)",Chemistry,,
CHEM 344,Introductory Organic Chemistry Laboratory,"(2, 2)",Chemistry,,
CHEM 345,Organic Chemistry Ii,"(3, 3)",Chemistry,,
CHEM 346,Intermediate Organic Chemistry Laboratory,"(1, 2)",Chemistry,,
CHEM 355,Study Abroad In Intermediate Chemistry,"(1, 6)",Chemistry,,
CHEM 361,Machine Learning In Chemistry,"(3, 3)",Chemistry,,
CHEM 375,Intermediate Topics In Chemistry,"(1, 4)",Chemistry,,
CHEM/​M S & E  421,Polymeric Materials,"(3, 3)",Chemistry,,
CHEM/​CBE  505,Aspects Of Industrial Chemistry And Business Fundamentals,"(3, 3)",Chemistry,,
CHEM 509,Senior Seminar,"(2, 2)",Chemistry,,
CHEM 511,Advanced Inorganic Chemistry,"(3, 3)",Chemistry,,
CHEM 512,Advanced Synthesis And Laboratory Techniques,"(1, 2)",Chemistry,,
CHEM 524,Chemical Instrumentation,"(3, 3)",Chemistry,,
CHEM 547,Advanced Organic Chemistry,"(3, 3)",Chemistry,,
CHEM 555,Study Abroad In Advanced Chemistry,"(1, 6)",Chemistry,,
CHEM 561,Physical Chemistry I,"(3, 3)",Chemistry,,
CHEM 562,Physical Chemistry Ii,"(3, 3)",Chemistry,,
CHEM 563,Physical Chemistry Laboratory I,"(1, 1)",Chemistry,,
CHEM 564,Physical Chemistry Laboratory Ii,"(1, 1)",Chemistry,,
CHEM 575,Advanced Topics In Chemistry,"(1, 4)",Chemistry,,
CHEM 605,Spectrochemical Measurements,"(3, 3)",Chemistry,,
CHEM 606,Physical Methods For Structure Determination,"(1, 3)",Chemistry,,
CHEM 607,Laboratory Safety,"(1, 1)",Chemistry,,
CHEM 608,"Symmetry, Bonding, And Molecular Shapes","(1, 3)",Chemistry,,
CHEM 613,Chemical Crystallography,"(3, 3)",Chemistry,,
CHEM 622,Organic Analysis,"(2, 2)",Chemistry,,
CHEM 623,Experimental Spectroscopy,"(2, 3)",Chemistry,,
CHEM 624,Electrochemistry,"(2, 3)",Chemistry,,
CHEM/​GENETICS  626,Genomic Science,"(2, 2)",Chemistry,,
CHEM 629,Atmospheric Chemical Mechanisms,"(3, 3)",Chemistry,,
CHEM 630,Selected Topics In Analytical Chemistry,"(1, 3)",Chemistry,,
CHEM 635,Topics In Computational Chemistry,"(1, 1)",Chemistry,,
CHEM 636,Topics In Chemical Instrumentation: Introduction To Nmr,"(2, 2)",Chemistry,,
CHEM 637,Topics In Chemical Instrumentation: Advanced Methods In Nmr,"(1, 2)",Chemistry,,
CHEM 641,Advanced Organic Chemistry,"(3, 3)",Chemistry,,
CHEM 652,Chemistry Of Inorganic Materials,"(3, 3)",Chemistry,,
CHEM 653,Chemistry Of Nanoscale Materials,"(3, 3)",Chemistry,,
CHEM 654,Materials Chemistry Of Polymers,"(2, 3)",Chemistry,,
CHEM 661,Chemical And Statistical Thermodynamics,"(3, 3)",Chemistry,,
CHEM 664,Physical Chemistry Of Macromolecules,"(2, 3)",Chemistry,,
CHEM 665,Biophysical Chemistry,"(3, 3)",Chemistry,,
CHEM 668,Biophysical Spectroscopy,"(2, 3)",Chemistry,,
CHEM 675,Introductory Quantum Chemistry,"(3, 3)",Chemistry,,
CHEM 681,Senior Honors Thesis,"(2, 4)",Chemistry,,
CHEM 682,Senior Honors Thesis,"(2, 4)",Chemistry,,
CHEM 691,Senior Thesis,"(2, 6)",Chemistry,,
CHEM 692,Senior Thesis,"(2, 6)",Chemistry,,
CHEM 699,Directed Study,"(1, 6)",Chemistry,,
CHEM 701,Responsible Conduct Of Research In The Chemical Sciences,"(1, 1)",Chemistry,,
CHEM/​BIOCHEM  704,Chemical Biology,"(3, 3)",Chemistry,,
CHEM 713,Inorganic And Organometallic Chemistry Of The Main Group Elements,"(1, 3)",Chemistry,,
CHEM 714,Organometallic Chemistry Of The Transition Elements,"(2, 3)",Chemistry,,
CHEM 721,Instrumental Analysis,"(3, 4)",Chemistry,,
CHEM 725,Separations In Chemical Analysis,"(2, 3)",Chemistry,,
CHEM 728,Electronics For Chemical Instrumentation,"(3, 3)",Chemistry,,
CHEM 738,Introduction To Mass Spectrometry,"(1, 1)",Chemistry,,
CHEM/​B M E/​MED PHYS  750,Biological Optical Microscopy,"(3, 3)",Chemistry,,
CHEM 758,Chemistry Education Research,"(2, 2)",Chemistry,,
CHEM 763,Introduction To Molecular Spectroscopy,"(2, 3)",Chemistry,,
CHEM/​PHM SCI  766,Molecular Recognition,"(2, 3)",Chemistry,,
CHEM 775,Electronic Structure Of Molecules,"(2, 3)",Chemistry,,
CHEM 777,Physical Chemistry Of Surfaces,"(2, 3)",Chemistry,,
CHEM 801,Selected Topics In Inorganic Chemistry,"(1, 3)",Chemistry,,
CHEM 840,Advanced Topics In Organic Chemistry,"(1, 4)",Chemistry,,
CHEM 841,Advanced Organic Chemistry,"(3, 3)",Chemistry,,
CHEM 843,Advanced Organic Chemistry,"(1, 3)",Chemistry,,
CHEM 845,Macromolecular Chemical Biology,"(2, 2)",Chemistry,,
CHEM 858,Special Topics In Chemistry Education,"(1, 3)",Chemistry,,
CHEM 860,Selected Topics In Physical Chemistry,"(1, 3)",Chemistry,,
CHEM 864,Statistical Mechanics,"(2, 3)",Chemistry,,
CHEM/​BIOCHEM  872,Selected Topics In Macromolecular And Biophysical Chemistry,"(1, 3)",Chemistry,,
CHEM 890,Highlights At The Chemistry-Biology Interface,"(1, 1)",Chemistry,,
CHEM 900,Seminar-Inorganic Chemistry,"(0, 0)",Chemistry,,
CHEM 901,Seminar-Teaching Of Chemistry,"(0, 1)",Chemistry,,
CHEM/​BIOCHEM  918,Single Molecule Approaches To Biology,"(1, 1)",Chemistry,,
CHEM 920,Seminar-Analytical Chemistry,"(0, 0)",Chemistry,,
CHEM 923,Genomic Sciences Program Seminar,"(1, 1)",Chemistry,,
CHEM 940,Seminar-Organic Chemistry,"(0, 0)",Chemistry,,
CHEM/​BIOCHEM  945,Seminar-Chemical Biology (Advanced),"(1, 1)",Chemistry,,
CHEM 960,Seminar-Physical Chemistry,"(0, 2)",Chemistry,,
CHEM 980,Seminar: Review Of Current Research,"(1, 1)",Chemistry,,
CHEM 990,Research,"(1, 15)",Chemistry,,
CHICLA/​AFROAMER/​AMER IND/​ASIAN AM/​FOLKLORE  102,Introduction To Comparative Us Ethnic And American Indian Studies,"(3, 3)",Chicana/O And Latina/O Studies,,
CHICLA/​HISTORY  151,The North American West To 1850,"(3, 4)",Chicana/O And Latina/O Studies,,
CHICLA/​HISTORY  152,The United States West Since 1850,"(3, 4)",Chicana/O And Latina/O Studies,,
CHICLA/​HISTORY  153,Latina/Latino/Latinx History,"(3, 4)",Chicana/O And Latina/O Studies,,
CHICLA 201,Introduction To Chicana/O And Latina/O Studies,"(3, 3)",Chicana/O And Latina/O Studies,,
CHICLA 210,Chicana/O And Latina/O Cultural Studies,"(3, 3)",Chicana/O And Latina/O Studies,,
CHICLA/​SPANISH  215,Border And Migration Studies Of Latinx America,"(3, 3)",Chicana/O And Latina/O Studies,,
CHICLA/​SPANISH  222,Introduction To Latinx Cultures,"(3, 3)",Chicana/O And Latina/O Studies,,
CHICLA/​POLI SCI  231,Politics In Multi-Cultural Societies,"(3, 4)",Chicana/O And Latina/O Studies,,
CHICLA/​GEN&WS/​HISTORY  245,Chicana And Latina History,"(3, 3)",Chicana/O And Latina/O Studies,,
CHICLA/​HISTORY/​LACIS/​POLI SCI  268,The U.S. & Latin America From The Colonial Era To The Present: A Critical Survey,"(3, 3)",Chicana/O And Latina/O Studies,,
CHICLA 299,Directed Study,"(1, 3)",Chicana/O And Latina/O Studies,,
CHICLA 301,Chicana/O And Latina/O History,"(3, 3)",Chicana/O And Latina/O Studies,,
CHICLA/​POLI SCI  302,Mexican-American Politics,"(3, 4)",Chicana/O And Latina/O Studies,,
CHICLA/​CURRIC  306,Latinx Literacies,"(3, 3)",Chicana/O And Latina/O Studies,,
CHICLA/​GEN&WS/​GEOG  308,"Latinx Feminisms: Women'S Lives, Work, And Activism","(3, 3)",Chicana/O And Latina/O Studies,,
CHICLA 315,Racial Formation And Whiteness,"(3, 3)",Chicana/O And Latina/O Studies,,
CHICLA/​CURRIC  321,Chicano/Latino Educational Justice,"(3, 3)",Chicana/O And Latina/O Studies,,
CHICLA 328,Cultures And Histories Topics In Chicana/O & Latina/O Studies,"(3, 3)",Chicana/O And Latina/O Studies,,
CHICLA 329,Education And Service Topics In Chicana/O & Latina/O Studies,"(3, 3)",Chicana/O And Latina/O Studies,,
CHICLA 330,Topics In Chicano/A Studies,"(3, 4)",Chicana/O And Latina/O Studies,,
CHICLA/​COUN PSY  331,Immigrant Health And Wellbeing,"(3, 3)",Chicana/O And Latina/O Studies,,
CHICLA/​GEN&WS  332,Latinas: Self Identity And Social Change,"(3, 3)",Chicana/O And Latina/O Studies,,
CHICLA/​GEN&WS  334,Feminist Social Movements Across The Americas,"(3, 3)",Chicana/O And Latina/O Studies,,
CHICLA/​ED POL/​LACIS  342,"Education Across The Americas: Empire, Capitalism, And Resistance","(3, 3)",Chicana/O And Latina/O Studies,,
CHICLA/​COM ARTS  347,"Race, Ethnicity, And Media","(3, 3)",Chicana/O And Latina/O Studies,,
CHICLA/​CURRIC  354,Race And Language In Stem And Environmental Education,"(3, 3)",Chicana/O And Latina/O Studies,,
CHICLA/​HISTORY/​LACIS/​POLI SCI  355,Labor In The Americas: Us & Mexico In Comparative & Historical Perspective,"(3, 3)",Chicana/O And Latina/O Studies,,
CHICLA/​SPANISH  364,Survey Of Latino And Latina Popular Culture,"(3, 3)",Chicana/O And Latina/O Studies,,
CHICLA/​ENGL  368,Chicana/O And Latina/O Literatures,"(3, 3)",Chicana/O And Latina/O Studies,,
CHICLA/​COM ARTS  419,Latino/As And Media,"(3, 3)",Chicana/O And Latina/O Studies,,
CHICLA/​HISTORY/​POLI SCI  422,Latino History And Politics,"(3, 3)",Chicana/O And Latina/O Studies,,
CHICLA/​HISTORY  435,"Colony, Nation, And Minority: The Puerto Ricans' World","(3, 3)",Chicana/O And Latina/O Studies,,
CHICLA/​LEGAL ST/​SOC  440,"Ethnicity, Race, And Justice","(3, 4)",Chicana/O And Latina/O Studies,,
CHICLA/​LEGAL ST/​SOC  443,"Immigration, Crime, And Enforcement","(3, 4)",Chicana/O And Latina/O Studies,,
CHICLA/​ENGL  460,Black And Latinx In Literature And Visual Culture,"(3, 3)",Chicana/O And Latina/O Studies,,
CHICLA/​SPANISH  467,Us Latino Literature,"(3, 3)",Chicana/O And Latina/O Studies,,
CHICLA/​SPANISH  469,Topics In Latinx Culture,"(3, 3)",Chicana/O And Latina/O Studies,,
CHICLA/​SOC  470,Sociodemographic Analysis Of Mexican Migration,"(3, 3)",Chicana/O And Latina/O Studies,,
CHICLA/​LAND ARC  475,Latino Urbanism: Design And Engagement In The American City,"(3, 3)",Chicana/O And Latina/O Studies,,
CHICLA/​SPANISH  478,Border And Race Studies In Latin America,"(3, 3)",Chicana/O And Latina/O Studies,,
CHICLA 501,Chican@ And Latin@ Social Movements In The U.S.,"(3, 3)",Chicana/O And Latina/O Studies,,
CHICLA 520,Latinx Digital Publics,"(3, 3)",Chicana/O And Latina/O Studies,,
CHICLA/​COUN PSY  525,Dimensions Of Latin@ Mental Health Services,"(3, 3)",Chicana/O And Latina/O Studies,,
CHICLA 530,Advanced Topics In Chicana/O And Latina/O Studies,"(1, 4)",Chicana/O And Latina/O Studies,,
CHICLA/​COUN PSY  590,Esperanza Community-Engaged Research With Latines,"(3, 3)",Chicana/O And Latina/O Studies,,
CHICLA 699,Directed Study,"(1, 3)",Chicana/O And Latina/O Studies,,
CIV ENGR 1,Cooperative Education Program,"(1, 1)",Civil And Environmental Engineering,,
CIV ENGR 150,Introduction To Architectural Theory,"(3, 3)",Civil And Environmental Engineering,,
CIV ENGR 151,Architectural Making I,"(3, 3)",Civil And Environmental Engineering,,
CIV ENGR 152,Architectural Making Ii,"(3, 3)",Civil And Environmental Engineering,,
CIV ENGR 155,Architectural Thinking,"(3, 3)",Civil And Environmental Engineering,,
CIV ENGR 159,Civil Engineering Graphics,"(2, 2)",Civil And Environmental Engineering,,
CIV ENGR 250,Architectural Visualization,"(3, 3)",Civil And Environmental Engineering,,
CIV ENGR/​G L E  291,Problem Solving Using Computer Tools,"(4, 4)",Civil And Environmental Engineering,,
CIV ENGR 299,Independent Study,"(1, 3)",Civil And Environmental Engineering,,
CIV ENGR 310,Fluid Mechanics,"(3, 3)",Civil And Environmental Engineering,,
CIV ENGR 311,Hydroscience,"(3, 3)",Civil And Environmental Engineering,,
CIV ENGR 320,Environmental Engineering,"(3, 3)",Civil And Environmental Engineering,,
CIV ENGR 322,Environmental Engineering Processes,"(3, 3)",Civil And Environmental Engineering,,
CIV ENGR 324,Environmental Engineering Thermodynamics,"(3, 3)",Civil And Environmental Engineering,,
CIV ENGR 325,Environmental Engineering Materials,"(3, 3)",Civil And Environmental Engineering,,
CIV ENGR/​G L E  330,Soil Mechanics,"(3, 3)",Civil And Environmental Engineering,,
CIV ENGR 340,Structural Analysis I,"(3, 3)",Civil And Environmental Engineering,,
CIV ENGR 352,Frank Lloyd Wright - Design Seminar,"(3, 3)",Civil And Environmental Engineering,,
CIV ENGR 360,Construction Systems,"(3, 3)",Civil And Environmental Engineering,,
CIV ENGR 370,Transportation Engineering,"(3, 3)",Civil And Environmental Engineering,,
CIV ENGR/​BSE/​SOIL SCI  372,On-Site Waste Water Treatment And Dispersal,"(2, 2)",Civil And Environmental Engineering,,
CIV ENGR/​ENVIR ST/​GEOG  377,An Introduction To Geographic Information Systems,"(4, 4)",Civil And Environmental Engineering,,
CIV ENGR 392,Building Information Modeling (Bim),"(3, 3)",Civil And Environmental Engineering,,
CIV ENGR/​E M A  395,Materials For Constructed Facilities,"(3, 3)",Civil And Environmental Engineering,,
CIV ENGR 410,Hydraulic Engineering,"(3, 3)",Civil And Environmental Engineering,,
CIV ENGR 411,Open Channel Hydraulics,"(3, 3)",Civil And Environmental Engineering,,
CIV ENGR 412,Groundwater Hydraulics,"(3, 3)",Civil And Environmental Engineering,,
CIV ENGR 414,Hydrologic Design,"(3, 3)",Civil And Environmental Engineering,,
CIV ENGR 415,Hydrology,"(3, 3)",Civil And Environmental Engineering,,
CIV ENGR 416,Water Resources Systems Analysis,"(3, 3)",Civil And Environmental Engineering,,
CIV ENGR/​G L E  421,Environmental Sustainability Engineering,"(3, 3)",Civil And Environmental Engineering,,
CIV ENGR 422,Elements Of Public Health Engineering,"(3, 3)",Civil And Environmental Engineering,,
CIV ENGR 423,"Air Pollution Effects, Measurement And Control","(3, 3)",Civil And Environmental Engineering,,
CIV ENGR 425,Environmental Engineering Microbiology,"(3, 3)",Civil And Environmental Engineering,,
CIV ENGR 426,Design Of Wastewater Treatment Plants,"(3, 3)",Civil And Environmental Engineering,,
CIV ENGR 427,Solid And Hazardous Wastes Engineering,"(3, 3)",Civil And Environmental Engineering,,
CIV ENGR 428,Water Treatment Plant Design,"(3, 3)",Civil And Environmental Engineering,,
CIV ENGR/​G L E  430,Introduction To Slope Stability And Earth Retention,"(1, 1)",Civil And Environmental Engineering,,
CIV ENGR/​G L E  432,Introduction To Shallow And Deep Foundation Systems,"(1, 1)",Civil And Environmental Engineering,,
CIV ENGR/​G L E  434,Introduction To Underground Openings Engineering,"(1, 1)",Civil And Environmental Engineering,,
CIV ENGR 440,Structural Analysis Ii,"(3, 3)",Civil And Environmental Engineering,,
CIV ENGR/​ENVIR ST/​G L E/​GEOSCI  444,Practical Applications Of Gps Surveying,"(2, 2)",Civil And Environmental Engineering,,
CIV ENGR 445,Steel Structures I,"(3, 3)",Civil And Environmental Engineering,,
CIV ENGR 447,Concrete Structures I,"(3, 3)",Civil And Environmental Engineering,,
CIV ENGR 451,Architectural Design,"(3, 3)",Civil And Environmental Engineering,,
CIV ENGR 465,Data Sensing And Analysis In Construction,"(3, 3)",Civil And Environmental Engineering,,
CIV ENGR/​G L E/​GEOSCI/​M S & E  474,Rock Mechanics,"(3, 3)",Civil And Environmental Engineering,,
CIV ENGR 489,Honors In Research,"(1, 3)",Civil And Environmental Engineering,,
CIV ENGR 491,Legal Aspects Of Engineering,"(3, 3)",Civil And Environmental Engineering,,
CIV ENGR 492,Integrated Project Estimating And Scheduling,"(3, 3)",Civil And Environmental Engineering,,
CIV ENGR 494,Civil And Environmental Engineering Decision Making,"(3, 3)",Civil And Environmental Engineering,,
CIV ENGR 495,Sustainable Building And Materials,"(3, 3)",Civil And Environmental Engineering,,
CIV ENGR 496,Electrical Systems For Construction,"(3, 3)",Civil And Environmental Engineering,,
CIV ENGR 497,Mechanical Systems For Construction,"(3, 3)",Civil And Environmental Engineering,,
CIV ENGR 498,Construction Project Management,"(3, 3)",Civil And Environmental Engineering,,
CIV ENGR 500,Water Chemistry,"(3, 3)",Civil And Environmental Engineering,,
CIV ENGR 501,Water Analysis-Intermediate,"(3, 3)",Civil And Environmental Engineering,,
CIV ENGR/​E M A/​M E  508,Composite Materials,"(3, 3)",Civil And Environmental Engineering,,
CIV ENGR/​G L E  511,Mixing And Transport In The Environment,"(3, 3)",Civil And Environmental Engineering,,
CIV ENGR 514,Coastal Engineering,"(2, 3)",Civil And Environmental Engineering,,
CIV ENGR 515,Hydroclimatology For Water Resources Management,"(3, 3)",Civil And Environmental Engineering,,
CIV ENGR 516,Hydrologic Data Analysis,"(3, 3)",Civil And Environmental Engineering,,
CIV ENGR/​G L E  520,Reactive Processes For Sustainable Energy And Resource Production,"(3, 3)",Civil And Environmental Engineering,,
CIV ENGR 522,Hazardous Waste Management,"(3, 3)",Civil And Environmental Engineering,,
CIV ENGR 525,Case Studies Exploring Infrastructure Sustainability And Climate Change,"(3, 3)",Civil And Environmental Engineering,,
CIV ENGR/​G L E  530,Seepage And Slopes,"(3, 3)",Civil And Environmental Engineering,,
CIV ENGR/​G L E  532,Foundations,"(3, 3)",Civil And Environmental Engineering,,
CIV ENGR/​G L E  534,Nondestructive Evaluation,"(3, 3)",Civil And Environmental Engineering,,
CIV ENGR/​G L E  535,Wind Energy Balance-Of-Plant Design,"(3, 3)",Civil And Environmental Engineering,,
CIV ENGR 545,Steel Structures Ii,"(3, 3)",Civil And Environmental Engineering,,
CIV ENGR 547,Concrete Structures Ii,"(3, 3)",Civil And Environmental Engineering,,
CIV ENGR/​ENVIR ST/​LAND ARC  556,Remote Sensing Digital Image Processing,"(3, 3)",Civil And Environmental Engineering,,
CIV ENGR/​A A E/​ENVIR ST/​URB R PL  561,Energy Markets,"(3, 3)",Civil And Environmental Engineering,,
CIV ENGR 570,Connected And Automated Transportation Systems,"(3, 3)",Civil And Environmental Engineering,,
CIV ENGR 571,Urban Transportation Planning,"(3, 3)",Civil And Environmental Engineering,,
CIV ENGR 572,Transportation Operations,"(3, 3)",Civil And Environmental Engineering,,
CIV ENGR 573,Geometric Design Of Transport Facilities,"(3, 3)",Civil And Environmental Engineering,,
CIV ENGR 574,Traffic Control,"(3, 3)",Civil And Environmental Engineering,,
CIV ENGR 575,Advanced Highway Materials And Construction,"(3, 3)",Civil And Environmental Engineering,,
CIV ENGR 576,Advanced Pavement Design,"(3, 3)",Civil And Environmental Engineering,,
CIV ENGR 577,Traffic Flow Theory,"(3, 3)",Civil And Environmental Engineering,,
CIV ENGR 578,Senior Capstone Design,"(4, 4)",Civil And Environmental Engineering,,
CIV ENGR 579,Seminar-Transportation Engineering,"(1, 1)",Civil And Environmental Engineering,,
CIV ENGR 609,Special Topics In Water Chemistry,"(1, 3)",Civil And Environmental Engineering,,
CIV ENGR/​G L E  612,Ecohydrology,"(3, 3)",Civil And Environmental Engineering,,
CIV ENGR 618,Special Topics In Hydraulics And Fluid Mechanics,"(1, 3)",Civil And Environmental Engineering,,
CIV ENGR 619,Special Topics In Hydrology,"(1, 3)",Civil And Environmental Engineering,,
CIV ENGR 621,Biological Treatment Process Modeling,"(1, 1)",Civil And Environmental Engineering,,
CIV ENGR 629,Special Topics In Environmental Engineering,"(1, 3)",Civil And Environmental Engineering,,
CIV ENGR/​M&ENVTOX/​SOIL SCI  631,"Toxicants In The Environment: Sources, Distribution, Fate, & Effects","(3, 3)",Civil And Environmental Engineering,,
CIV ENGR/​G L E  635,Remediation Geotechnics,"(3, 3)",Civil And Environmental Engineering,,
CIV ENGR 639,Special Topics In Geotechnical Engineering,"(1, 4)",Civil And Environmental Engineering,,
CIV ENGR 643,Prestressed Concrete,"(3, 3)",Civil And Environmental Engineering,,
CIV ENGR 647,Concrete Structures Iii,"(3, 3)",Civil And Environmental Engineering,,
CIV ENGR 649,Special Topics In Structural Engineering,"(1, 3)",Civil And Environmental Engineering,,
CIV ENGR 669,Special Topics In Construction Engineering And Management,"(1, 4)",Civil And Environmental Engineering,,
CIV ENGR 678,Advanced Traffic Modeling And Computer Simulation,"(3, 3)",Civil And Environmental Engineering,,
CIV ENGR 679,Special Topics In Transportation And City Planning,"(3, 3)",Civil And Environmental Engineering,,
CIV ENGR/​PUB AFFR  694,Management Of Civil Infrastructure Systems,"(3, 3)",Civil And Environmental Engineering,,
CIV ENGR 699,Independent Study,"(1, 9)",Civil And Environmental Engineering,,
CIV ENGR/​ATM OCN  701,The Chemistry Of Air Pollution,"(2, 2)",Civil And Environmental Engineering,,
CIV ENGR 702,Graduate Cooperative Education Program,"(1, 2)",Civil And Environmental Engineering,,
CIV ENGR 703,Environmental Geochemistry,"(3, 3)",Civil And Environmental Engineering,,
CIV ENGR 704,Environmental Chemical Kinetics,"(3, 3)",Civil And Environmental Engineering,,
CIV ENGR/​ENVIR ST/​URB R PL  717,Water Resources Management Practicum Planning Seminar I,"(1, 1)",Civil And Environmental Engineering,,
CIV ENGR/​ENVIR ST/​URB R PL  718,Water Resources Management Practicum Planning Seminar Ii,"(2, 2)",Civil And Environmental Engineering,,
CIV ENGR/​ENVIR ST/​URB R PL  719,Water Resources Management Summer Practicum,"(4, 4)",Civil And Environmental Engineering,,
CIV ENGR 721,Biological Principles Of Environmental Engineering,"(3, 3)",Civil And Environmental Engineering,,
CIV ENGR 722,Chemical Principles Of Environmental Engineering,"(3, 3)",Civil And Environmental Engineering,,
CIV ENGR 723,Energy Principles Of Environmental Engineering,"(3, 3)",Civil And Environmental Engineering,,
CIV ENGR 729,Environmental Sustainability Tools,"(3, 3)",Civil And Environmental Engineering,,
CIV ENGR/​G L E  730,Engineering Properties Of Soils,"(3, 3)",Civil And Environmental Engineering,,
CIV ENGR/​G L E  732,Unsaturated Soil Geoengineering,"(3, 3)",Civil And Environmental Engineering,,
CIV ENGR/​G L E  733,Physicochemical Basis Of Soil Behavior,"(3, 3)",Civil And Environmental Engineering,,
CIV ENGR 744,Structural Dynamics And Earthquake Engineering,"(4, 4)",Civil And Environmental Engineering,,
CIV ENGR 749,Special Topics In Structural Engineering,"(1, 4)",Civil And Environmental Engineering,,
CIV ENGR 760,Research Methods In Construction Engineering Management,"(1, 1)",Civil And Environmental Engineering,,
CIV ENGR/​E M A/​M E  775,Turbulent Heat And Momentum Transfer,"(3, 3)",Civil And Environmental Engineering,,
CIV ENGR 790,Master'S Research Or Thesis,"(1, 9)",Civil And Environmental Engineering,,
CIV ENGR 820,Hydraulics And Applied Fluid Mechanics For Environmental Engineers,"(3, 3)",Civil And Environmental Engineering,,
CIV ENGR 821,Environmental Engineering: Biological Treatment Processes,"(3, 4)",Civil And Environmental Engineering,,
CIV ENGR 822,Environmental Engineering: Physical/Chemical Treatment Process,"(3, 4)",Civil And Environmental Engineering,,
CIV ENGR 823,Environmental Engineering Design Project,"(3, 3)",Civil And Environmental Engineering,,
CIV ENGR 890,Pre-Dissertator'S Research,"(1, 9)",Civil And Environmental Engineering,,
CIV ENGR 909,Graduate Seminar - Environmental Chemistry & Technology,"(1, 1)",Civil And Environmental Engineering,,
CIV ENGR/​ATM OCN/​BOTANY/​ENVIR ST/​GEOSCI/​ZOOLOGY  911,Limnology And Marine Science Seminar,"(1, 1)",Civil And Environmental Engineering,,
CIV ENGR 919,Seminar-Hydraulic Engineering And Fluid Mechanics,"(1, 1)",Civil And Environmental Engineering,,
CIV ENGR 929,Seminar-Environmental Engineering,"(1, 1)",Civil And Environmental Engineering,,
CIV ENGR 939,Geotechnical Engineering Seminar,"(1, 1)",Civil And Environmental Engineering,,
CIV ENGR 949,Seminar-Structural Engineering,"(1, 1)",Civil And Environmental Engineering,,
CIV ENGR 990,Thesis,"(1, 12)",Civil And Environmental Engineering,,
CIV ENGR 999,Advanced Independent Study,"(1, 9)",Civil And Environmental Engineering,,
CSCS 125,Community And Social Change,"(3, 3)",Civil Society And Community Studies,,
CSCS 130,Community Newswriting,"(3, 3)",Civil Society And Community Studies,,
CSCS 155,Social Media For Social Justice,"(3, 3)",Civil Society And Community Studies,,
CSCS 254,Community & Nonprofit Leadership Symposium,"(1, 1)",Civil Society And Community Studies,,
CSCS 299,Independent Study,"(1, 3)",Civil Society And Community Studies,,
CSCS 300,Nonprofit Sector: Overview And Foundations,"(3, 3)",Civil Society And Community Studies,,
CSCS 301,Coordinative Internship/Cooperative Education,"(1, 6)",Civil Society And Community Studies,,
CSCS/​AMER IND  330,"American Indian Communities: Sovereignty, Struggles, And Successes","(3, 3)",Civil Society And Community Studies,,
CSCS 335,Communicating With Key Audiences,"(3, 3)",Civil Society And Community Studies,,
CSCS 345,Evaluation And Planning For Community And Nonprofit Organizations,"(3, 3)",Civil Society And Community Studies,,
CSCS 375,Special Topics,"(1, 4)",Civil Society And Community Studies,,
CSCS 400,Philanthropy And Civic Engagement,"(3, 3)",Civil Society And Community Studies,,
CSCS 410,Human Trafficking:  Global And Local Perspectives,"(3, 3)",Civil Society And Community Studies,,
CSCS/​CURRIC  427,Methods Of Teaching Family And Consumer Education,"(3, 3)",Civil Society And Community Studies,,
CSCS/​CURRIC  428,Program Planning In Family And Consumer Education,"(3, 3)",Civil Society And Community Studies,,
CSCS 430,Fundraising & Development For Nonprofit Organizations,"(3, 3)",Civil Society And Community Studies,,
CSCS 455,Entrepreneurialism And Society,"(3, 3)",Civil Society And Community Studies,,
CSCS 460,Civil Society And Community Leadership,"(3, 3)",Civil Society And Community Studies,,
CSCS 470,The Human Rights Of Children And Youth: Global And Local Perspectives,"(3, 3)",Civil Society And Community Studies,,
CSCS 500,Global Health And Communities: From Research To Praxis,"(3, 3)",Civil Society And Community Studies,,
CSCS 501,Special Topics,"(1, 3)",Civil Society And Community Studies,,
CSCS 510,Design & Write Grant Proposals,"(3, 3)",Civil Society And Community Studies,,
CSCS 530,Purpose-Driven Organizations,"(3, 3)",Civil Society And Community Studies,,
CSCS 560,Community Leadership,"(3, 3)",Civil Society And Community Studies,,
CSCS 570,Community Based Research And Evaluation,"(3, 3)",Civil Society And Community Studies,,
CSCS 600,Community Leadership Portfolio Capstone,"(3, 3)",Civil Society And Community Studies,,
CSCS 601,Internship,"(1, 6)",Civil Society And Community Studies,,
CSCS 675,General Topics,"(2, 3)",Civil Society And Community Studies,,
CSCS 680,Senior Honors Thesis,"(2, 4)",Civil Society And Community Studies,,
CSCS 690,Senior Thesis,"(2, 2)",Civil Society And Community Studies,,
CSCS 699,Independent Study,"(1, 4)",Civil Society And Community Studies,,
CSCS 742,Nonprofit Board Leadership Development I,"(2, 2)",Civil Society And Community Studies,,
CSCS 743,Nonprofit Board Leadership Development Ii,"(1, 1)",Civil Society And Community Studies,,
CSCS 775,Building Civil Society,"(3, 3)",Civil Society And Community Studies,,
CSCS 785,Civic Development Across The Lifespan,"(3, 3)",Civil Society And Community Studies,,
CSCS 795,Community Power And Collective Action,"(3, 3)",Civil Society And Community Studies,,
CSCS 801,Special Topics In Civil Society And Community Research,"(1, 3)",Civil Society And Community Studies,,
CSCS 811,Community-Based Research: Theory And Practice,"(3, 3)",Civil Society And Community Studies,,
CSCS 812,Mixed-Methods In Community-Based Research,"(3, 3)",Civil Society And Community Studies,,
CSCS 813,Transformative Evaluation In Practice,"(3, 3)",Civil Society And Community Studies,,
CSCS 990,Research And Thesis,"(1, 12)",Civil Society And Community Studies,,
CSCS 999,Independent Study,"(1, 3)",Civil Society And Community Studies,,
CLASSICS 100,Legacy Of Greece And Rome In Modern Culture,"(3, 3)",Classics,,
CLASSICS 101,Topics In Classical And Ancient Near Eastern Studies,"(3, 3)",Classics,,
CLASSICS 102,Topics In Classical And Ancient Near Eastern Literature,"(3, 3)",Classics,,
CLASSICS 103,"Nature, Race, And Human Difference","(3, 3)",Classics,,
CLASSICS/​HISTORY  110,The Ancient Mediterranean,"(4, 4)",Classics,,
CLASSICS 150,Ancient Greek And Roman Monsters,"(3, 3)",Classics,,
CLASSICS 205,Greek And Latin Origins Of Medical Terms,"(3, 3)",Classics,,
CLASSICS 206,Classical Influences On Western Art And Science,"(3, 3)",Classics,,
CLASSICS/​JEWISH/​LITTRANS/​RELIG ST  227,Introduction To Biblical Literature (In English),"(4, 4)",Classics,,
CLASSICS/​JEWISH  241,Introduction To Biblical Archaeology,"(4, 4)",Classics,,
CLASSICS 270,Classical Mythology,"(3, 3)",Classics,,
CLASSICS/​ART HIST  300,The Art And Archaeology Of Ancient Greece,"(3, 4)",Classics,,
CLASSICS/​ART HIST  304,The Art And Archaeology Of Ancient Rome,"(3, 4)",Classics,,
CLASSICS 308,Sex And Violence In The Ancient Near East,"(3, 3)",Classics,,
CLASSICS 315,Africana Approaches To Biblical Interpretation,"(3, 3)",Classics,,
CLASSICS 320,The Greeks,"(3, 3)",Classics,,
CLASSICS 321,"The Egyptians:  History, Society, And Literature","(3, 3)",Classics,,
CLASSICS 322,The Romans,"(3, 3)",Classics,,
CLASSICS/​JEWISH/​RELIG ST  323,The Bible And Film: Literature And Media,"(3, 3)",Classics,,
CLASSICS/​HEBR-BIB/​JEWISH/​LITTRANS/​RELIG ST  332,Prophets Of The Bible,"(4, 4)",Classics,,
CLASSICS/​JEWISH/​RELIG ST  335,King David In History And Tradition,"(3, 3)",Classics,,
CLASSICS 340,Conspiracy In The Ancient And Modern Worlds,"(3, 3)",Classics,,
CLASSICS/​JEWISH/​RELIG ST  346,Jewish Literature Of The Greco-Roman Period,"(3, 3)",Classics,,
CLASSICS/​GEN&WS  351,Women And Gender In The Classical World,"(3, 4)",Classics,,
CLASSICS/​GEN&WS  361,Sex And Power In Greece And Rome,"(3, 3)",Classics,,
CLASSICS/​HISTORY/​POLI SCI  362,Athenian Democracy,"(3, 3)",Classics,,
CLASSICS 371,Topics In Greek Culture,"(1, 3)",Classics,,
CLASSICS 373,Topics In Classical Culture,"(1, 3)",Classics,,
CLASSICS 420,"Ancient Texts, Modern Contexts","(3, 3)",Classics,,
CLASSICS 430,Topics In Classical Archaeology,"(3, 3)",Classics,,
CLASSICS/​JEWISH  451,Biblical Archaeology,"(3, 3)",Classics,,
CLASSICS/​ENVIR ST  488,"Greeks, Romans And The Natural Environment","(3, 3)",Classics,,
CLASSICS/​HISTORY/​RELIG ST  517,Religions Of The Ancient Mediterranean,"(3, 3)",Classics,,
CLASSICS 523,Palmyra And The Palmyrenes,"(3, 3)",Classics,,
CLASSICS 591,Undergraduate Seminar: Approaches To The Classical World,"(3, 3)",Classics,,
CLASSICS 681,Senior Honors Thesis,"(3, 3)",Classics,,
CLASSICS 682,Senior Honors Thesis,"(3, 3)",Classics,,
CLASSICS 691,Senior Thesis,"(3, 3)",Classics,,
CLASSICS 692,Senior Thesis,"(3, 3)",Classics,,
CLASSICS 699,Directed Reading,"(1, 3)",Classics,,
CLASSICS/​ART HIST  700,The Art And Archaeology Of Ancient Greece,"(3, 3)",Classics,,
CLASSICS/​ART HIST  704,The Art And Archaeology Of Ancient Rome,"(3, 3)",Classics,,
CLASSICS/​HISTORY  801,Seminar-Ancient History,"(1, 3)",Classics,,
CLASSICS/​POLI SCI  834,Roman Political Thought,"(3, 3)",Classics,,
CLASSICS 900,Advanced Seminar In Theory And Methodology,"(3, 3)",Classics,,
CLASSICS 970,Classical Literature And Culture,"(3, 4)",Classics,,
CNP 306,"Transitions: Practice, Professional And Personal","(3, 3)",Collaborative Nursing Program,,
CNP 317,Health Assessment,"(3, 3)",Collaborative Nursing Program,,
CNP 407,Foundations Of Professional Nursing Practice,"(3, 3)",Collaborative Nursing Program,,
CNP 441,Chronic Care Management,"(3, 3)",Collaborative Nursing Program,,
CNP 446,Nursing Research And Evidence-Based Practice,"(3, 3)",Collaborative Nursing Program,,
CNP 447,Leadership And Management,"(3, 3)",Collaborative Nursing Program,,
CNP 453,Information Management And Healthcare Technology,"(3, 3)",Collaborative Nursing Program,,
CNP 454,Community Health Nursing,"(3, 3)",Collaborative Nursing Program,,
CNP 490,Special Topics In Nursing,"(1, 4)",Collaborative Nursing Program,,
CNP 519,Capstone Practicum For Registered Nurses,"(3, 3)",Collaborative Nursing Program,,
COM ARTS 100,Introduction To Speech Composition,"(3, 3)",Communication Arts,,
COM ARTS 105,Public Speaking,"(2, 2)",Communication Arts,,
COM ARTS 155,Introduction To Digital Media Production,"(4, 4)",Communication Arts,,
COM ARTS 181,Elements Of Speech-Honors Course,"(3, 3)",Communication Arts,,
COM ARTS 198,Directed Study,"(1, 3)",Communication Arts,,
COM ARTS 199,Directed Study,"(1, 3)",Communication Arts,,
COM ARTS 200,Introduction To Digital Communication,"(3, 3)",Communication Arts,,
COM ARTS 213,Introductory Topic In Communication Arts: Study Abroad,"(1, 6)",Communication Arts,,
COM ARTS 250,Survey Of Contemporary Media,"(3, 3)",Communication Arts,,
COM ARTS 260,Communication And Human Behavior,"(3, 3)",Communication Arts,,
COM ARTS 262,Theory And Practice Of Argumentation And Debate,"(3, 3)",Communication Arts,,
COM ARTS 266,Theory And Practice Of Group Discussion,"(3, 3)",Communication Arts,,
COM ARTS 272,Introduction To Interpersonal Communication,"(3, 3)",Communication Arts,,
COM ARTS 273,Theory And Practice Of Interpersonal Communication,"(3, 3)",Communication Arts,,
COM ARTS 298,Directed Study,"(1, 3)",Communication Arts,,
COM ARTS 299,Directed Study,"(1, 3)",Communication Arts,,
COM ARTS 300,Film Comedy,"(3, 3)",Communication Arts,,
COM ARTS 309,Topics In Communication And Social Dynamics,"(3, 3)",Communication Arts,,
COM ARTS 310,Topics In Rhetoric And Communication Science,"(3, 3)",Communication Arts,,
COM ARTS/​JOURN/​RP & SE  312,Disability And The Media,"(3, 3)",Communication Arts,,
COM ARTS 313,Topics In Film And Media Studies,"(3, 3)",Communication Arts,,
COM ARTS/​GEN&WS  316,Gender And Communication,"(3, 3)",Communication Arts,,
COM ARTS 317,Rhetoric And Health,"(3, 3)",Communication Arts,,
COM ARTS 318,Introduction To Health Communication,"(3, 3)",Communication Arts,,
COM ARTS 323,The Business And Culture Of Disney,"(3, 3)",Communication Arts,,
COM ARTS 325,Media And Human Behavior,"(3, 3)",Communication Arts,,
COM ARTS 330,Music Industries And Popular Culture,"(3, 3)",Communication Arts,,
COM ARTS 335,Social Media As Literature,"(3, 3)",Communication Arts,,
COM ARTS 343,Human Communication In The Age Of Artificial Intelligence (Ai),"(3, 3)",Communication Arts,,
COM ARTS 344,Social Media & Well-Being,"(3, 3)",Communication Arts,,
COM ARTS 345,Online Communication And Personal Relationships,"(3, 3)",Communication Arts,,
COM ARTS 346,Critical Internet Studies,"(3, 3)",Communication Arts,,
COM ARTS/​CHICLA  347,"Race, Ethnicity, And Media","(3, 3)",Communication Arts,,
COM ARTS 350,Introduction To Film,"(3, 3)",Communication Arts,,
COM ARTS 351,Television Industries,"(3, 3)",Communication Arts,,
COM ARTS 352,Film History To 1960,"(3, 3)",Communication Arts,,
COM ARTS 354,Film Genres,"(3, 3)",Communication Arts,,
COM ARTS 355,Introduction To Media Production,"(4, 4)",Communication Arts,,
COM ARTS 357,History Of The Animated Film,"(3, 3)",Communication Arts,,
COM ARTS 358,History Of Documentary Film,"(3, 3)",Communication Arts,,
COM ARTS 359,Sports Media,"(3, 3)",Communication Arts,,
COM ARTS 360,Introduction To Rhetoric In Politics And Culture,"(3, 3)",Communication Arts,,
COM ARTS 361,Introduction To Quantitative Research In Communication,"(3, 3)",Communication Arts,,
COM ARTS 368,Persuasion And Social Influence,"(3, 3)",Communication Arts,,
COM ARTS 369,Rhetoric Of The U.S. Presidential Election,"(3, 3)",Communication Arts,,
COM ARTS 370,Great Speakers And Speeches,"(3, 3)",Communication Arts,,
COM ARTS 371,Communication And Conflict Resolution,"(3, 3)",Communication Arts,,
COM ARTS 372,Rhetoric Of Campaigns And Revolutions,"(3, 3)",Communication Arts,,
COM ARTS 373,Intercultural Communication & Rhetoric,"(3, 3)",Communication Arts,,
COM ARTS/​RELIG ST  374,The Rhetoric Of Religion,"(3, 3)",Communication Arts,,
COM ARTS 375,Ethics Of Entertainment Media,"(3, 3)",Communication Arts,,
COM ARTS 377,Topics In Digital Studies (Communication Science & Rhetoric),"(3, 3)",Communication Arts,,
COM ARTS 379,Global Technology & Digital Culture,"(3, 3)",Communication Arts,,
COM ARTS 402,The Psychology Of Communication,"(3, 3)",Communication Arts,,
COM ARTS/​GEN&WS  418,"Gender, Sexuality, And The Media","(3, 3)",Communication Arts,,
COM ARTS/​CHICLA  419,Latino/As And Media,"(3, 3)",Communication Arts,,
COM ARTS/​ASIAN AM  420,Asian Americans And Media,"(3, 3)",Communication Arts,,
COM ARTS/​ASIAN  443,Indian Cinema In The U.S. And Beyond,"(3, 3)",Communication Arts,,
COM ARTS/​AFRICAN/​L I S  444,Technology And Development In Africa And Beyond,"(3, 3)",Communication Arts,,
COM ARTS 448,Media And National Identity,"(3, 3)",Communication Arts,,
COM ARTS 449,Sound Cultures: Podcasting And Music,"(3, 3)",Communication Arts,,
COM ARTS 450,Cultural History Of Broadcasting,"(3, 3)",Communication Arts,,
COM ARTS 451,Television Criticism,"(3, 3)",Communication Arts,,
COM ARTS 454,Critical Film Analysis,"(3, 3)",Communication Arts,,
COM ARTS 455,French Film,"(3, 3)",Communication Arts,,
COM ARTS 458,Global Media Cultures,"(3, 3)",Communication Arts,,
COM ARTS 459,New Media And Society,"(3, 3)",Communication Arts,,
COM ARTS/​ITALIAN  460,Italian Film,"(3, 3)",Communication Arts,,
COM ARTS 461,Global Art Cinema,"(3, 3)",Communication Arts,,
COM ARTS 462,American Independent Cinema,"(3, 3)",Communication Arts,,
COM ARTS 463,Avant-Garde Film,"(3, 3)",Communication Arts,,
COM ARTS 465,Editing And Post-Production For Video And Film,"(4, 4)",Communication Arts,,
COM ARTS 466,Writing For Television And Film,"(3, 3)",Communication Arts,,
COM ARTS 467,Cinematography And Sound Recording,"(4, 4)",Communication Arts,,
COM ARTS 468,Producing For Internet Tv And Video,"(3, 3)",Communication Arts,,
COM ARTS 470,Contemporary Political Discourse,"(3, 3)",Communication Arts,,
COM ARTS 474,Rhetoric Of The Cold War,"(3, 3)",Communication Arts,,
COM ARTS 476,Nature Of Criticism-The Public Arts Of Communication,"(3, 3)",Communication Arts,,
COM ARTS 478,Rhetoric And Power On The Internet,"(3, 3)",Communication Arts,,
COM ARTS 509,Digital Media And Political Communication,"(3, 3)",Communication Arts,,
COM ARTS 513,Topics In Communication Arts: Study Abroad,"(1, 6)",Communication Arts,,
COM ARTS 518,Communication And Health Inequalities,"(3, 3)",Communication Arts,,
COM ARTS/​FOLKLORE  522,Digital Storytelling For Social Media,"(3, 3)",Communication Arts,,
COM ARTS 540,Television Genres,"(3, 3)",Communication Arts,,
COM ARTS 545,Media Audience Cultures,"(3, 3)",Communication Arts,,
COM ARTS 547,Digital Game Cultures,"(3, 3)",Communication Arts,,
COM ARTS 552,Contemporary Hollywood Cinema,"(3, 3)",Communication Arts,,
COM ARTS 556,The American Film Industry In The Era Of The Studio System,"(3, 3)",Communication Arts,,
COM ARTS 565,Communication And Interethnic Behavior,"(3, 3)",Communication Arts,,
COM ARTS 570,Classical Rhetorical Theory,"(3, 3)",Communication Arts,,
COM ARTS 573,Rhetoric Of Globalization And Transnationalism,"(3, 3)",Communication Arts,,
COM ARTS 575,Communication In Complex Organizations,"(3, 3)",Communication Arts,,
COM ARTS 577,Dynamics Of Online Relationships,"(3, 3)",Communication Arts,,
COM ARTS 605,Digital Studies Capstone,"(1, 1)",Communication Arts,,
COM ARTS 608,Special Topics In Media And Cultural Studies,"(3, 3)",Communication Arts,,
COM ARTS 609,Special Topics In Production,"(3, 3)",Communication Arts,,
COM ARTS 610,Special Topics In Rhetoric And Public Address,"(3, 3)",Communication Arts,,
COM ARTS 612,Special Topics In Communication Science,"(3, 3)",Communication Arts,,
COM ARTS 613,Special Topics In Film,"(3, 3)",Communication Arts,,
COM ARTS 614,Field Experience In Communication,"(1, 1)",Communication Arts,,
COM ARTS 615,Second Field Experience In Communication,"(1, 1)",Communication Arts,,
COM ARTS/​HDFS/​JOURN  616,Mass Media And Youth,"(3, 3)",Communication Arts,,
COM ARTS/​JOURN/​LSC  617,Health Communication In The Information Age,"(3, 3)",Communication Arts,,
COM ARTS/​ED PSYCH  626,Youth Development And Social Media: Interdisciplinary Training Seminar,"(1, 1)",Communication Arts,,
COM ARTS 651,Advanced Video Production And Direction,"(3, 3)",Communication Arts,,
COM ARTS/​GERMAN  655,German Film,"(3, 3)",Communication Arts,,
COM ARTS 659,Advanced Motion Picture Production Workshop,"(4, 4)",Communication Arts,,
COM ARTS 669,Film Theory,"(3, 3)",Communication Arts,,
COM ARTS 681,Senior Honors Thesis,"(3, 3)",Communication Arts,,
COM ARTS 682,Senior Honors Thesis,"(3, 3)",Communication Arts,,
COM ARTS 691,Senior Thesis,"(2, 3)",Communication Arts,,
COM ARTS 692,Senior Thesis,"(2, 3)",Communication Arts,,
COM ARTS 698,Directed Study,"(1, 3)",Communication Arts,,
COM ARTS 699,Directed Study,"(1, 3)",Communication Arts,,
COM ARTS/​ENGL  704,Intellectual Sources Of Contemporary Composition Theory I-Classical,"(3, 3)",Communication Arts,,
COM ARTS/​L I S  705,Introductory Analytics For Decision Making,"(3, 3)",Communication Arts,,
COM ARTS 760,Advances In Communication Theories,"(3, 3)",Communication Arts,,
COM ARTS 762,Communication Research Methods,"(3, 3)",Communication Arts,,
COM ARTS 799,Independent Study,"(1, 3)",Communication Arts,,
COM ARTS/​JOURN/​LSC  831,Psychology Of Entertainment Media,"(3, 3)",Communication Arts,,
COM ARTS 902,Film Colloquium,"(1, 1)",Communication Arts,,
COM ARTS 903,Media And Cultural Studies Colloquium,"(1, 1)",Communication Arts,,
COM ARTS 904,Communication Science Colloquium,"(1, 1)",Communication Arts,,
COM ARTS 905,Rhetoric Colloquium,"(1, 3)",Communication Arts,,
COM ARTS/​CURRIC  914,How Games Change Us,"(3, 3)",Communication Arts,,
COM ARTS 950,Seminar-Radio Television Film,"(2, 3)",Communication Arts,,
COM ARTS 955,Media History And Historiography,"(3, 3)",Communication Arts,,
COM ARTS 958,Seminar In Film History,"(2, 3)",Communication Arts,,
COM ARTS 967,Seminar-Problems In Communication And Public Address,"(2, 3)",Communication Arts,,
COM ARTS 969,Seminar: Contemporary Rhetorical Theory,"(2, 3)",Communication Arts,,
COM ARTS 970,Seminar In Communication Science,"(3, 3)",Communication Arts,,
COM ARTS 976,Seminar In Rhetorical Criticism,"(2, 3)",Communication Arts,,
COM ARTS 990,Research And Thesis,"(1, 9)",Communication Arts,,
CS&D 110,Introduction To Communicative Disorders,"(3, 3)",Communication Sciences And Disorders,,
CS&D 120,Cultural And Linguistic Diversity In Communication Sciences And Disorders,"(3, 3)",Communication Sciences And Disorders,,
CS&D 201,Anatomy And Physiology Of Speech Production,"(3, 3)",Communication Sciences And Disorders,,
CS&D 202,Hearing Science,"(3, 3)",Communication Sciences And Disorders,,
CS&D 210,Neural Basis Of Communication,"(3, 3)",Communication Sciences And Disorders,,
CS&D 240,Language Development In Children And Adolescents,"(3, 3)",Communication Sciences And Disorders,,
CS&D 303,Speech Acoustics And Perception,"(3, 3)",Communication Sciences And Disorders,,
CS&D 315,Phonetics And Phonological Development,"(3, 3)",Communication Sciences And Disorders,,
CS&D 318,"Voice, Craniofacial, And Fluency Disorders","(3, 3)",Communication Sciences And Disorders,,
CS&D 320,Introduction To Audiology,"(3, 3)",Communication Sciences And Disorders,,
CS&D 371,Pre-Clinical Observation Of Children And Adults,"(3, 3)",Communication Sciences And Disorders,,
CS&D 424,Sign Language I,"(2, 2)",Communication Sciences And Disorders,,
CS&D 425,Auditory Rehabilitation,"(3, 3)",Communication Sciences And Disorders,,
CS&D 434,Sign Language Ii,"(2, 2)",Communication Sciences And Disorders,,
CS&D 440,"Child Language Disorders, Assessment And Intervention","(3, 3)",Communication Sciences And Disorders,,
CS&D 481,Undergraduate Junior Honors,"(3, 3)",Communication Sciences And Disorders,,
CS&D 503,"Neural Mechanisms Of Speech, Hearing And Language","(3, 3)",Communication Sciences And Disorders,,
CS&D 681,Senior Honors Thesis,"(3, 3)",Communication Sciences And Disorders,,
CS&D 682,Senior Honors Thesis,"(3, 3)",Communication Sciences And Disorders,,
CS&D 698,Directed Study,"(1, 6)",Communication Sciences And Disorders,,
CS&D 699,Directed Study,"(1, 6)",Communication Sciences And Disorders,,
CS&D 703,Language And Learning Disorders Of Children,"(3, 3)",Communication Sciences And Disorders,,
CS&D 704,Acquired Language And Cognitive-Communication Disorders In Adults,"(3, 3)",Communication Sciences And Disorders,,
CS&D 705,Motor Speech Disorders/Augmentative And Alternative Communication,"(3, 3)",Communication Sciences And Disorders,,
CS&D 706,Management And Assessment Of Voice Disorders,"(3, 3)",Communication Sciences And Disorders,,
CS&D 707,Swallowing Disorders,"(2, 3)",Communication Sciences And Disorders,,
CS&D 708,Fluency And Phonological Disorders,"(3, 3)",Communication Sciences And Disorders,,
CS&D 709,Language Development And Disorders In School Age Populations: School Methods And Procedures,"(3, 3)",Communication Sciences And Disorders,,
CS&D 713,Introduction To Medical Speech Pathology,"(1, 1)",Communication Sciences And Disorders,,
CS&D 752,Capstone In Communication Sciences And Disorders: Integration Of Clinical And Research Methods,"(3, 3)",Communication Sciences And Disorders,,
CS&D 790,Practicum In Communicative Disorders,"(1, 5)",Communication Sciences And Disorders,,
CS&D 791,School Practicum In Communication Sciences & Disorders,"(5, 5)",Communication Sciences And Disorders,,
CS&D 799,Independent Study,"(1, 6)",Communication Sciences And Disorders,,
CS&D 806,Professional Issues: Medical Issues,"(1, 1)",Communication Sciences And Disorders,,
CS&D 832,Pediatric Audiology,"(3, 3)",Communication Sciences And Disorders,,
CS&D 833,Occupational Audiology,"(2, 2)",Communication Sciences And Disorders,,
CS&D 834,Counseling In Audiology,"(2, 2)",Communication Sciences And Disorders,,
CS&D 835,Clinical Research Methods,"(3, 3)",Communication Sciences And Disorders,,
CS&D 836,Pediatric Habilitation/Rehabilitation,"(3, 3)",Communication Sciences And Disorders,,
CS&D 845,"The Human Balance System: Structure, Assessment, And Rehabilitation","(3, 3)",Communication Sciences And Disorders,,
CS&D 846,The Human Balance System: Laboratory,"(1, 1)",Communication Sciences And Disorders,,
CS&D 849,Geriatric Audiology: Diagnosis And Rehabilitation,"(2, 2)",Communication Sciences And Disorders,,
CS&D 850,Hearing Science I: Basic Acoustics And Psychoacoustics,"(3, 3)",Communication Sciences And Disorders,,
CS&D 852,Hearing Assessment,"(3, 3)",Communication Sciences And Disorders,,
CS&D 853,Hearing Assessment Laboratory,"(1, 1)",Communication Sciences And Disorders,,
CS&D 854,Electroacoustics And Instrument Calibration,"(2, 2)",Communication Sciences And Disorders,,
CS&D 855,Electroacoustics And Calibration Laboratory,"(1, 1)",Communication Sciences And Disorders,,
CS&D 856,Amplification Systems I,"(3, 3)",Communication Sciences And Disorders,,
CS&D 857,Laboratory In Amplification Systems I,"(1, 1)",Communication Sciences And Disorders,,
CS&D 858,Physiological Assessment In Audiology I,"(2, 2)",Communication Sciences And Disorders,,
CS&D 859,Laboratory In Physiological Assessment Of The Auditory System I,"(1, 1)",Communication Sciences And Disorders,,
CS&D 860,Physiological Assessment In Audiology Ii,"(2, 2)",Communication Sciences And Disorders,,
CS&D 861,Laboratory In Physiological Assessment Of The Auditory System Ii,"(1, 1)",Communication Sciences And Disorders,,
CS&D 862,Auditory And Vestibular Pathologies Ii,"(3, 3)",Communication Sciences And Disorders,,
CS&D 863,Implantable Auditory Prostheses,"(3, 3)",Communication Sciences And Disorders,,
CS&D 865,Practice Management,"(2, 2)",Communication Sciences And Disorders,,
CS&D 866,Amplification Systems Ii,"(2, 2)",Communication Sciences And Disorders,,
CS&D 867,School Methods For Audiologists,"(1, 1)",Communication Sciences And Disorders,,
CS&D 891,Clerkship In Audiology I,"(1, 3)",Communication Sciences And Disorders,,
CS&D 892,Clerkship In Audiology Ii,"(1, 3)",Communication Sciences And Disorders,,
CS&D 893,Clerkship In Audiology Iii,"(1, 4)",Communication Sciences And Disorders,,
CS&D 894,Externship In Audiology,"(2, 4)",Communication Sciences And Disorders,,
CS&D 899,Capstone Study In Audiology,"(1, 3)",Communication Sciences And Disorders,,
CS&D 900,Seminar-Speech Science,"(2, 3)",Communication Sciences And Disorders,,
CS&D 913,Seminar-Problems In Voice Disorders,"(1, 3)",Communication Sciences And Disorders,,
CS&D 921,Seminar-Problems In Audiology,"(1, 3)",Communication Sciences And Disorders,,
CS&D 990,Research And Thesis,"(1, 12)",Communication Sciences And Disorders,,
CS&D 999,Independent Studies,"(1, 3)",Communication Sciences And Disorders,,
C&E SOC/​AGROECOL/​AGRONOMY/​ENTOM/​ENVIR ST  103,Agroecology: An Introduction To The Ecology Of Food And Agriculture,"(3, 3)",Community And Environmental Sociology,,
C&E SOC/​SOC  140,Introduction To Community And Environmental Sociology,"(4, 4)",Community And Environmental Sociology,,
C&E SOC/​SOC  210,Survey Of Sociology,"(3, 4)",Community And Environmental Sociology,,
C&E SOC/​SOC  211,The Sociological Enterprise,"(3, 3)",Community And Environmental Sociology,,
C&E SOC/​SOC  222,"Food, Culture, And Society","(3, 3)",Community And Environmental Sociology,,
C&E SOC/​SOC  245,Technology And Society,"(3, 3)",Community And Environmental Sociology,,
C&E SOC/​F&W ECOL/​SOC  248,"Environment, Natural Resources, And Society","(3, 3)",Community And Environmental Sociology,,
C&E SOC/​HISTORY/​POLI SCI/​SOC  259,"Forward? The Wisconsin Idea, Past And Present","(1, 3)",Community And Environmental Sociology,,
C&E SOC/​AFROAMER/​ANTHRO/​GEOG/​HISTORY/​LACIS/​POLI SCI/​SOC/​SPANISH  260,Latin America: An Introduction,"(3, 4)",Community And Environmental Sociology,,
C&E SOC 289,Honors Independent Study,"(1, 2)",Community And Environmental Sociology,,
C&E SOC 299,Independent Study,"(1, 3)",Community And Environmental Sociology,,
C&E SOC/​A A E/​SOC  340,Issues In Food Systems,"(3, 4)",Community And Environmental Sociology,,
C&E SOC/​SOC  341,Labor In Global Food Systems,"(3, 3)",Community And Environmental Sociology,,
C&E SOC/​SOC  343,Sociology Of Health And Medicine,"(3, 3)",Community And Environmental Sociology,,
C&E SOC/​SOC  357,Methods Of Sociological Inquiry,"(3, 4)",Community And Environmental Sociology,,
C&E SOC/​SOC  360,Statistics For Sociologists I,"(4, 4)",Community And Environmental Sociology,,
C&E SOC/​SOC  361,Statistics For Sociologists Ii,"(4, 4)",Community And Environmental Sociology,,
C&E SOC/​SOC  365,Data Management For Social Science Research,"(3, 4)",Community And Environmental Sociology,,
C&E SOC/​POP HLTH  370,Introduction To Public Health,"(3, 3)",Community And Environmental Sociology,,
C&E SOC 375,Special Topics,"(1, 4)",Community And Environmental Sociology,,
C&E SOC 399,Coordinative Internship/Cooperative Education,"(1, 8)",Community And Environmental Sociology,,
C&E SOC 400,Study Abroad In Community And Environmental Sociology,"(1, 6)",Community And Environmental Sociology,,
C&E SOC/​CURRIC/​ENVIR ST  405,Education For Sustainable Communities,"(3, 3)",Community And Environmental Sociology,,
C&E SOC/​ENVIR ST/​GEOG  434,"People, Wildlife And Landscapes","(3, 3)",Community And Environmental Sociology,,
C&E SOC/​SOC  475,Classical Sociological Theory,"(3, 3)",Community And Environmental Sociology,,
C&E SOC 500,Capstone Experience,"(3, 3)",Community And Environmental Sociology,,
C&E SOC/​SOC  532,"Health Care Issues For Individuals, Families And Society","(3, 3)",Community And Environmental Sociology,,
C&E SOC/​SOC  533,Public Health In Rural & Urban Communities,"(3, 3)",Community And Environmental Sociology,,
C&E SOC/​ENVIR ST/​SOC  540,"Sociology Of International Development, Environment, And Sustainability","(3, 3)",Community And Environmental Sociology,,
C&E SOC/​SOC  541,Environmental Stewardship And Social Justice,"(3, 3)",Community And Environmental Sociology,,
C&E SOC/​AGRONOMY/​MED HIST/​PHILOS  565,The Ethics Of Modern Biotechnology,"(3, 3)",Community And Environmental Sociology,,
C&E SOC/​SOC  573,Community Organization And Change,"(3, 3)",Community And Environmental Sociology,,
C&E SOC/​AMER IND/​SOC  578,Poverty And Place,"(3, 3)",Community And Environmental Sociology,,
C&E SOC/​SOC/​URB R PL  617,Community Development,"(3, 3)",Community And Environmental Sociology,,
C&E SOC/​SOC  618,Social Network Analysis,"(3, 3)",Community And Environmental Sociology,,
C&E SOC/​SOC  630,Sociology Of Developing Societies/Third World,"(3, 3)",Community And Environmental Sociology,,
C&E SOC/​SOC/​URB R PL  645,Modern American Communities,"(3, 3)",Community And Environmental Sociology,,
C&E SOC/​SOC  650,Sociology Of Agriculture,"(3, 3)",Community And Environmental Sociology,,
C&E SOC/​SOC  652,Sociology Of Economic Institutions,"(3, 3)",Community And Environmental Sociology,,
C&E SOC/​SOC  676,Applied Demography: Planning And Policy,"(3, 3)",Community And Environmental Sociology,,
C&E SOC 681,Senior Honors Thesis,"(2, 4)",Community And Environmental Sociology,,
C&E SOC 682,Senior Honors Thesis,"(2, 4)",Community And Environmental Sociology,,
C&E SOC 691,Senior Thesis,"(2, 2)",Community And Environmental Sociology,,
C&E SOC 692,Senior Thesis,"(2, 2)",Community And Environmental Sociology,,
C&E SOC/​SOC  693,Practicum In Analysis And Research,"(3, 3)",Community And Environmental Sociology,,
C&E SOC 699,Special Problems,"(1, 4)",Community And Environmental Sociology,,
C&E SOC/​I SY E/​N E/​SOC  708,Societal Risk Management Of Technological Hazards,"(3, 3)",Community And Environmental Sociology,,
C&E SOC/​SOC  724,Intermediate Political Sociology,"(3, 3)",Community And Environmental Sociology,,
C&E SOC/​SOC  730,Intermediate Social Psychology: The Individual And Society,"(3, 3)",Community And Environmental Sociology,,
C&E SOC/​SOC  731,Intermediate Social Psychology: Group And Collective Processes,"(3, 3)",Community And Environmental Sociology,,
C&E SOC/​SOC  750,Research Methods In Sociology,"(3, 3)",Community And Environmental Sociology,,
C&E SOC/​ED POL/​SOC  755,Methods Of Qualitative Research,"(3, 3)",Community And Environmental Sociology,,
C&E SOC/​SOC  875,Special Topics,"(1, 4)",Community And Environmental Sociology,,
C&E SOC/​GEN&WS/​SOC  904,Sociological Perspectives On Gender,"(3, 3)",Community And Environmental Sociology,,
C&E SOC/​SOC  913,Seminar-Social Change,"(3, 3)",Community And Environmental Sociology,,
C&E SOC/​SOC  922,Seminar-Race And Ethnic Relations,"(3, 3)",Community And Environmental Sociology,,
C&E SOC/​SOC  923,Seminar-Social Stratification,"(3, 3)",Community And Environmental Sociology,,
C&E SOC/​ANTHRO/​ECON/​SOC  925,Seminar: Socio-Economic Change In Underdeveloped Areas,"(2, 3)",Community And Environmental Sociology,,
C&E SOC/​SOC  929,Seminar: Class Analysis And Historical Change,"(3, 3)",Community And Environmental Sociology,,
C&E SOC/​SOC  940,Seminar-Sociology Of Economic Change,"(3, 3)",Community And Environmental Sociology,,
C&E SOC/​SOC  945,Seminar-Rural Sociology,"(3, 3)",Community And Environmental Sociology,,
C&E SOC/​SOC  948,Seminar: Environmental Sociology,"(3, 3)",Community And Environmental Sociology,,
C&E SOC/​SOC  960,Seminar-Current Methodological Issues In Social Psychology,"(3, 3)",Community And Environmental Sociology,,
C&E SOC/​SOC  965,Seminar-Recent Developments In Social Psychology,"(3, 3)",Community And Environmental Sociology,,
C&E SOC/​SOC  971,Seminar-Topics In Demography And Ecology,"(3, 3)",Community And Environmental Sociology,,
C&E SOC/​SOC  972,Seminar In Population And Development,"(3, 3)",Community And Environmental Sociology,,
C&E SOC/​SOC  977,Seminar-Human Ecology,"(3, 3)",Community And Environmental Sociology,,
C&E SOC/​A A E/​ANTHRO/​GEOG/​HISTORY/​LACIS/​POLI SCI/​PORTUG/​SOC/​SPANISH  982,Interdepartmental Seminar In The Latin-American Area,"(1, 3)",Community And Environmental Sociology,,
C&E SOC/​SOC  985,Research: Community And Environmental Sociology,"(1, 3)",Community And Environmental Sociology,,
C&E SOC/​SOC  987,Research: Race And Ethnic Studies,"(1, 3)",Community And Environmental Sociology,,
C&E SOC 990,Research,"(1, 12)",Community And Environmental Sociology,,
C&E SOC/​SOC  993,Research: Sociology Of Economic Change Trainees,"(1, 3)",Community And Environmental Sociology,,
C&E SOC/​SOC  995,Research: Methodology Trainees,"(1, 3)",Community And Environmental Sociology,,
C&E SOC/​SOC  997,Research: Demography And Ecology Trainees,"(1, 3)",Community And Environmental Sociology,,
C&E SOC 999,Reading And Research,"(1, 3)",Community And Environmental Sociology,,
COMP BIO 500,Fundamental Principles Of Veterinary Anatomy,"(5, 5)",Comparative Biosciences,,
COMP BIO 501,Veterinary Histology,"(5, 5)",Comparative Biosciences,,
COMP BIO 502,Molecular And Metabolic Basis Of Medicine,"(3, 3)",Comparative Biosciences,,
COMP BIO 503,Veterinary Developmental Anatomy,"(2, 2)",Comparative Biosciences,,
COMP BIO 505,Veterinary Neuroanatomy And Neurophysiology,"(3, 3)",Comparative Biosciences,,
COMP BIO 506,Veterinary Physiology B,"(4, 4)",Comparative Biosciences,,
COMP BIO 550,Anatomy Of The Large Domestic Animals,"(2, 2)",Comparative Biosciences,,
COMP BIO 551,Veterinary Physiology A,"(4, 4)",Comparative Biosciences,,
COMP BIO 555,Veterinary Toxicology,"(2, 2)",Comparative Biosciences,,
COMP BIO 556,Veterinary Pharmacology,"(4, 4)",Comparative Biosciences,,
COMP BIO 675,Special Topics,"(1, 5)",Comparative Biosciences,,
COMP BIO 699,Directed Study,"(1, 5)",Comparative Biosciences,,
COMP BIO 775,Externship,"(1, 24)",Comparative Biosciences,,
COMP BIO/​PATH-BIO  812,Research Ethics And Career Development,"(2, 2)",Comparative Biosciences,,
COMP BIO 990,Research,"(1, 12)",Comparative Biosciences,,
COMP LIT 201,Introduction To Pre-Modern Literatures/Impact On The Modern World,"(3, 3)",Comparative Literature,,
COMP LIT 202,Introduction To Modern And Contemporary Literature,"(3, 3)",Comparative Literature,,
COMP LIT 203,Introduction To Cross-Cultural Literary Forms,"(3, 3)",Comparative Literature,,
COMP LIT 350,Problems In Comparative Literatures And Cultures,"(3, 4)",Comparative Literature,,
COMP LIT 358,Problems In Transnational Genre And Mode,"(3, 4)",Comparative Literature,,
COMP LIT 370,Comparative Problems In Periods And Movements,"(3, 4)",Comparative Literature,,
COMP LIT 475,Poetics And Literary Theory,"(3, 4)",Comparative Literature,,
COMP LIT 500,The Comparative In And Beyond Comparative Literature,"(3, 3)",Comparative Literature,,
COMP LIT 699,Directed Study,"(1, 6)",Comparative Literature,,
COMP LIT 750,Problems In Comparative Literatures And Cultures,"(3, 3)",Comparative Literature,,
COMP LIT 990,Research And Thesis,"(1, 12)",Comparative Literature,,
COMP SCI/​L I S  102,Introduction To Computing,"(3, 3)",Computer Sciences,,
COMP SCI 200,Programming I,"(3, 3)",Computer Sciences,,
COMP SCI 220,Data Science Programming I,"(4, 4)",Computer Sciences,,
COMP SCI/​MATH  240,Introduction To Discrete Mathematics,"(3, 3)",Computer Sciences,,
COMP SCI/​E C E  252,Introduction To Computer Engineering,"(3, 3)",Computer Sciences,,
COMP SCI 270,Fundamentals Of Human-Computer Interaction,"(3, 3)",Computer Sciences,,
COMP SCI 272,Introduction To Web Development,"(3, 3)",Computer Sciences,,
COMP SCI 298,Directed Study In Computer Science,"(1, 3)",Computer Sciences,,
COMP SCI 300,Programming Ii,"(3, 3)",Computer Sciences,,
COMP SCI 304,Wes-Cs Group Meeting,"(0, 1)",Computer Sciences,,
COMP SCI 310,Problem Solving Using Computers,"(3, 3)",Computer Sciences,,
COMP SCI 319,Data Science Programming I For Research,"(3, 3)",Computer Sciences,,
COMP SCI 320,Data Science Programming Ii,"(4, 4)",Computer Sciences,,
COMP SCI/​E C E  352,Digital System Fundamentals,"(3, 3)",Computer Sciences,,
COMP SCI/​E C E  354,Machine Organization And Programming,"(3, 3)",Computer Sciences,,
COMP SCI 368,Learning A Programming Language,"(1, 1)",Computer Sciences,,
COMP SCI 400,Programming Iii,"(3, 3)",Computer Sciences,,
COMP SCI 402,Introducing Computer Science To K-12 Students,"(2, 2)",Computer Sciences,,
COMP SCI/​STAT  403,Internship Course In Comp Sci And Data Science,"(1, 1)",Computer Sciences,,
COMP SCI 407,Foundations Of Mobile Systems And Applications,"(3, 3)",Computer Sciences,,
COMP SCI 412,Introduction To Numerical Methods,"(3, 3)",Computer Sciences,,
COMP SCI/​I SY E/​MATH  425,Introduction To Combinatorial Optimization,"(3, 3)",Computer Sciences,,
COMP SCI/​E C E/​MATH  435,Introduction To Cryptography,"(3, 3)",Computer Sciences,,
COMP SCI/​STAT  471,Introduction To Computational Statistics,"(3, 3)",Computer Sciences,,
COMP SCI/​L I S  472,Introduction To Web Development,"(3, 3)",Computer Sciences,,
COMP SCI/​MATH/​STAT  475,Introduction To Combinatorics,"(3, 3)",Computer Sciences,,
COMP SCI/​CURRIC  502,Theory And Practice In Computer Science Education,"(1, 1)",Computer Sciences,,
COMP SCI/​E C E  506,Software Engineering,"(3, 3)",Computer Sciences,,
COMP SCI/​MATH  513,Numerical Linear Algebra,"(3, 3)",Computer Sciences,,
COMP SCI/​MATH  514,Numerical Analysis,"(3, 3)",Computer Sciences,,
COMP SCI/​DS/​I SY E  518,Wearable Technology,"(3, 3)",Computer Sciences,,
COMP SCI 520,Introduction To Theory Of Computing,"(3, 3)",Computer Sciences,,
COMP SCI/​E C E/​I SY E  524,Introduction To Optimization,"(3, 3)",Computer Sciences,,
COMP SCI/​I SY E/​MATH/​STAT  525,Linear Optimization,"(3, 3)",Computer Sciences,,
COMP SCI/​I SY E  526,Advanced Linear Programming,"(3, 3)",Computer Sciences,,
COMP SCI/​E C E/​M E  532,Matrix Methods In Machine Learning,"(3, 3)",Computer Sciences,,
COMP SCI/​E C E  533,Image Processing,"(3, 3)",Computer Sciences,,
COMP SCI 534,Computational Photography,"(3, 3)",Computer Sciences,,
COMP SCI 536,Introduction To Programming Languages And Compilers,"(3, 3)",Computer Sciences,,
COMP SCI 537,Introduction To Operating Systems,"(4, 4)",Computer Sciences,,
COMP SCI 538,Introduction To The Theory And Design Of Programming Languages,"(3, 3)",Computer Sciences,,
COMP SCI/​E C E/​M E  539,Introduction To Artificial Neural Networks,"(3, 3)",Computer Sciences,,
COMP SCI 540,Introduction To Artificial Intelligence,"(3, 3)",Computer Sciences,,
COMP SCI 541,Theory & Algorithms For Data Science,"(3, 3)",Computer Sciences,,
COMP SCI 542,Introduction To Software Security,"(3, 3)",Computer Sciences,,
COMP SCI 544,Introduction To Big Data Systems,"(3, 3)",Computer Sciences,,
COMP SCI/​E C E  552,Introduction To Computer Architecture,"(3, 3)",Computer Sciences,,
COMP SCI 557,Parallel & Throughput- Optimized Programming,"(3, 3)",Computer Sciences,,
COMP SCI/​I SY E/​M E  558,Introduction To Computational Geometry,"(3, 3)",Computer Sciences,,
COMP SCI 559,Computer Graphics,"(3, 3)",Computer Sciences,,
COMP SCI/​E C E  561,Probability And Information Theory In Machine Learning,"(3, 3)",Computer Sciences,,
COMP SCI 564,Database Management Systems: Design And Implementation,"(4, 4)",Computer Sciences,,
COMP SCI 565,Introduction To Data Visualization,"(3, 3)",Computer Sciences,,
COMP SCI 566,Introduction To Computer Vision,"(3, 3)",Computer Sciences,,
COMP SCI/​B M I  567,Medical Image Analysis,"(3, 3)",Computer Sciences,,
COMP SCI 570,Introduction To Human-Computer Interaction,"(3, 3)",Computer Sciences,,
COMP SCI 571,Building User Interfaces,"(3, 3)",Computer Sciences,,
COMP SCI/​B M I  576,Introduction To Bioinformatics,"(3, 3)",Computer Sciences,,
COMP SCI 577,Introduction To Algorithms,"(4, 4)",Computer Sciences,,
COMP SCI 578,Contest-Level Programming,"(1, 1)",Computer Sciences,,
COMP SCI/​DS  579,Virtual Reality,"(3, 3)",Computer Sciences,,
COMP SCI/​L I S  611,User Experience Design 1,"(3, 3)",Computer Sciences,,
COMP SCI/​L I S  612,User Experience Design 2,"(3, 3)",Computer Sciences,,
COMP SCI/​L I S  613,User Experience Design 3,"(3, 3)",Computer Sciences,,
COMP SCI/​L I S  614,User Experience Design Capstone,"(1, 1)",Computer Sciences,,
COMP SCI 620,Computer Sciences Capstone,"(3, 3)",Computer Sciences,,
COMP SCI 638,Undergraduate Topics In Computing,"(1, 4)",Computer Sciences,,
COMP SCI 639,Undergraduate Elective Topics In Computing,"(3, 4)",Computer Sciences,,
COMP SCI 640,Introduction To Computer Networks,"(3, 3)",Computer Sciences,,
COMP SCI 642,Introduction To Information Security,"(3, 3)",Computer Sciences,,
COMP SCI 681,Senior Honors Thesis,"(3, 3)",Computer Sciences,,
COMP SCI 682,Senior Honors Thesis,"(3, 3)",Computer Sciences,,
COMP SCI 691,Senior Thesis,"(2, 3)",Computer Sciences,,
COMP SCI 692,Senior Thesis,"(2, 3)",Computer Sciences,,
COMP SCI 698,Directed Study,"(1, 6)",Computer Sciences,,
COMP SCI 699,Directed Study,"(1, 6)",Computer Sciences,,
COMP SCI 701,Construction Of Compilers,"(3, 3)",Computer Sciences,,
COMP SCI 702,Graduate Cooperative Education,"(1, 2)",Computer Sciences,,
COMP SCI 703,Program Verification And Synthesis,"(3, 3)",Computer Sciences,,
COMP SCI 704,Principles Of Programming Languages,"(3, 3)",Computer Sciences,,
COMP SCI 706,Analysis Of Software Artifacts,"(3, 3)",Computer Sciences,,
COMP SCI/​E C E  707,Mobile And Wireless Networking,"(3, 3)",Computer Sciences,,
COMP SCI 710,Computational Complexity,"(3, 3)",Computer Sciences,,
COMP SCI/​MATH  714,Methods Of Computational Mathematics I,"(3, 3)",Computer Sciences,,
COMP SCI/​MATH  715,Methods Of Computational Mathematics Ii,"(3, 3)",Computer Sciences,,
COMP SCI/​I SY E  719,Stochastic Programming,"(3, 3)",Computer Sciences,,
COMP SCI/​B M I/​E C E/​MED PHYS  722,Computational Optics And Imaging,"(3, 3)",Computer Sciences,,
COMP SCI/​I SY E  723,Dynamic Programming And Associated Topics,"(3, 3)",Computer Sciences,,
COMP SCI/​I SY E/​MATH/​STAT  726,Nonlinear Optimization I,"(3, 3)",Computer Sciences,,
COMP SCI/​I SY E  727,Convex Analysis,"(3, 3)",Computer Sciences,,
COMP SCI/​I SY E/​MATH  728,Integer Optimization,"(3, 3)",Computer Sciences,,
COMP SCI/​I SY E/​MATH  730,Nonlinear Optimization Ii,"(3, 3)",Computer Sciences,,
COMP SCI 736,Advanced Operating Systems,"(3, 3)",Computer Sciences,,
COMP SCI 739,Distributed Systems,"(3, 3)",Computer Sciences,,
COMP SCI 740,Advanced Computer Networks,"(3, 3)",Computer Sciences,,
COMP SCI 744,Big Data Systems,"(3, 3)",Computer Sciences,,
COMP SCI/​E C E  750,Real-Time Computing Systems,"(3, 3)",Computer Sciences,,
COMP SCI/​E C E  752,Advanced Computer Architecture I,"(3, 3)",Computer Sciences,,
COMP SCI/​E C E  755,Vlsi Systems Design,"(3, 3)",Computer Sciences,,
COMP SCI/​E C E  756,Computer-Aided Design For Vlsi,"(3, 3)",Computer Sciences,,
COMP SCI/​E C E  757,Advanced Computer Architecture Ii,"(3, 3)",Computer Sciences,,
COMP SCI 758,Advanced Topics In Computer Architecture,"(3, 3)",Computer Sciences,,
COMP SCI/​E C E/​E M A/​E P/​M E  759,High Performance Computing For Applications In Engineering,"(3, 3)",Computer Sciences,,
COMP SCI/​E C E  760,Machine Learning,"(3, 3)",Computer Sciences,,
COMP SCI/​E C E  761,Mathematical Foundations Of Machine Learning,"(3, 3)",Computer Sciences,,
COMP SCI 762,Advanced Deep Learning,"(3, 3)",Computer Sciences,,
COMP SCI 763,Security And Privacy For Data Science,"(3, 3)",Computer Sciences,,
COMP SCI 764,Topics In Database Management Systems,"(3, 3)",Computer Sciences,,
COMP SCI 765,Data Visualization,"(3, 3)",Computer Sciences,,
COMP SCI/​E C E  766,Computer Vision,"(3, 3)",Computer Sciences,,
COMP SCI/​B M I  767,Computational Methods For Medical Image Analysis,"(3, 3)",Computer Sciences,,
COMP SCI 769,Advanced Natural Language Processing,"(3, 3)",Computer Sciences,,
COMP SCI/​ED PSYCH/​PSYCH  770,Human-Computer Interaction,"(3, 3)",Computer Sciences,,
COMP SCI/​B M I  771,Learning Based Methods For Computer Vision,"(3, 3)",Computer Sciences,,
COMP SCI 774,"Data Exploration, Cleaning, And Integration For Data Science","(3, 3)",Computer Sciences,,
COMP SCI/​B M I  775,Computational Network Biology,"(3, 3)",Computer Sciences,,
COMP SCI/​B M I  776,Advanced Bioinformatics,"(3, 3)",Computer Sciences,,
COMP SCI/​E C E  782,Advanced Computer Security And Privacy,"(3, 3)",Computer Sciences,,
COMP SCI 784,Foundations Of Data Management,"(3, 3)",Computer Sciences,,
COMP SCI 787,Advanced Algorithms,"(3, 3)",Computer Sciences,,
COMP SCI 790,Master'S Thesis,"(1, 9)",Computer Sciences,,
COMP SCI 799,Master'S Research,"(1, 9)",Computer Sciences,,
COMP SCI 809,Mathematical Techniques In The Analysis Of Algorithms,"(3, 3)",Computer Sciences,,
COMP SCI 812,Arithmetic Algorithms,"(3, 3)",Computer Sciences,,
COMP SCI 838,Topics In Computing,"(1, 3)",Computer Sciences,,
COMP SCI 839,Core Topics In Computing,"(3, 3)",Computer Sciences,,
COMP SCI/​B M I/​PSYCH  841,Computational Cognitive Science,"(3, 3)",Computer Sciences,,
COMP SCI/​E C E/​STAT  861,Theoretical Foundations Of Machine Learning,"(3, 3)",Computer Sciences,,
COMP SCI 880,Topics In Theoretical Computer Science,"(3, 3)",Computer Sciences,,
COMP SCI 899,Pre-Dissertator Research,"(1, 9)",Computer Sciences,,
COMP SCI 900,Advanced Seminar In Computer Science,"(0, 1)",Computer Sciences,,
COMP SCI/​B M E/​B M I/​BIOCHEM/​CBE/​GENETICS  915,Computation And Informatics In Biology And Medicine,"(1, 1)",Computer Sciences,,
COMP SCI 990,Dissertation,"(1, 6)",Computer Sciences,,
COMP SCI 999,Dissertator Research,"(1, 6)",Computer Sciences,,
CNSR SCI 111,Financial Life Skills,"(1, 1)",Consumer Science,,
CNSR SCI/​RELIG ST  173,Consuming Happiness,"(3, 3)",Consumer Science,,
CNSR SCI 175,Introduction To Consumer Finance,"(3, 3)",Consumer Science,,
CNSR SCI 201,Consumer Insights,"(3, 3)",Consumer Science,,
CNSR SCI 250,Retail Leadership Symposium,"(1, 1)",Consumer Science,,
CNSR SCI 251,Financial Services Leadership Symposium,"(1, 1)",Consumer Science,,
CNSR SCI 255,Consumer Financial Services Innovation,"(3, 3)",Consumer Science,,
CNSR SCI 257,Introduction To Retail,"(2, 2)",Consumer Science,,
CNSR SCI 273,Finances & Families,"(3, 3)",Consumer Science,,
CNSR SCI 275,Introduction To Personal Financial Planning,"(3, 3)",Consumer Science,,
CNSR SCI 299,Independent Study,"(1, 3)",Consumer Science,,
CNSR SCI 301,Consumer Analytics,"(3, 3)",Consumer Science,,
CNSR SCI 340,Building Financial Assets And Capability For Vulnerable Families,"(3, 3)",Consumer Science,,
CNSR SCI 355,Financial Coaching,"(3, 3)",Consumer Science,,
CNSR SCI 360,Sustainable And Socially Just Consumption,"(3, 3)",Consumer Science,,
CNSR SCI 390,Financial Life Skills: Peer Education Techniques,"(2, 2)",Consumer Science,,
CNSR SCI/​HDFS  465,Families & Poverty,"(3, 3)",Consumer Science,,
CNSR SCI 475,Family Economics,"(3, 3)",Consumer Science,,
CNSR SCI 477,The Consumer And The Market,"(3, 3)",Consumer Science,,
CNSR SCI 501,Special Topics,"(1, 3)",Consumer Science,,
CNSR SCI 527,Consumer Spending And Saving Over The Lifecycle,"(3, 3)",Consumer Science,,
CNSR SCI 555,Consumer Design Strategies & Evaluation,"(3, 3)",Consumer Science,,
CNSR SCI 560,Retail Promotion,"(3, 3)",Consumer Science,,
CNSR SCI 561,Consumer Engagement Strategies,"(3, 3)",Consumer Science,,
CNSR SCI 562,The Global Consumer,"(3, 3)",Consumer Science,,
CNSR SCI 564,Retail Financial Analysis,"(3, 3)",Consumer Science,,
CNSR SCI 567,Product Development Strategies In Retailing,"(3, 3)",Consumer Science,,
CNSR SCI 575,Family Economics And Public Policy,"(3, 3)",Consumer Science,,
CNSR SCI 579,Consumer Policy Analysis,"(3, 3)",Consumer Science,,
CNSR SCI 601,Consumer Science Internship,"(1, 8)",Consumer Science,,
CNSR SCI 603,Retailing Internship,"(1, 6)",Consumer Science,,
CNSR SCI 627,Advanced Consumer Finance,"(3, 3)",Consumer Science,,
CNSR SCI 635,Estate Planning For Financial Planners,"(3, 3)",Consumer Science,,
CNSR SCI 657,Consumer Behavior,"(3, 3)",Consumer Science,,
CNSR SCI 665,Household Risk Management,"(3, 3)",Consumer Science,,
CNSR SCI 675,Family Financial Counseling,"(3, 3)",Consumer Science,,
CNSR SCI 680,Senior Honors Thesis,"(2, 4)",Consumer Science,,
CNSR SCI 690,Senior Thesis,"(2, 2)",Consumer Science,,
CNSR SCI 699,Independent Study,"(1, 6)",Consumer Science,,
CNSR SCI 748,The Economic Organization Of The Household,"(3, 3)",Consumer Science,,
CNSR SCI 768,Introduction To Quantitative Methods In Social Science,"(3, 3)",Consumer Science,,
CNSR SCI 775,Household Finance And Well-Being,"(3, 3)",Consumer Science,,
CNSR SCI 778,Causal Models In Household And Consumer Research,"(3, 3)",Consumer Science,,
CNSR SCI 820,Health And Financial Well-Being,"(3, 3)",Consumer Science,,
CNSR SCI 830,Families And Households In Communities,"(3, 3)",Consumer Science,,
CNSR SCI 851,Measuring Household And Community Well-Being,"(3, 3)",Consumer Science,,
CNSR SCI 852,Advanced Consumer Policy,"(3, 3)",Consumer Science,,
CNSR SCI 888,Advanced Consumer Behavior,"(3, 3)",Consumer Science,,
CNSR SCI 901,Graduate Special Topics In Consumer Science,"(1, 3)",Consumer Science,,
CNSR SCI 920,Consumer Science Graduate Workshop,"(1, 1)",Consumer Science,,
CNSR SCI 930,Seminar In Family Economic Policy,"(3, 3)",Consumer Science,,
CNSR SCI 990,Research And Thesis,"(1, 12)",Consumer Science,,
CNSR SCI 999,Independent Study,"(1, 3)",Consumer Science,,
COUN PSY 101,Academic Enhancement Seminar,"(1, 1)",Counseling Psychology,,
COUN PSY 105,Human Resources Develop: Awareness Processes-Cnsl&Guid Perspective,"(1, 1)",Counseling Psychology,,
COUN PSY 110,Human Resources Development: Career Strategies,"(1, 1)",Counseling Psychology,,
COUN PSY 115,Human Resources Development: Educational Effectiveness,"(1, 1)",Counseling Psychology,,
COUN PSY/​ASIAN/​ED PSYCH/​PSYCH  120,The Art And Science Of Human Flourishing,"(3, 3)",Counseling Psychology,,
COUN PSY 125,The Wisconsin Experience Seminar,"(1, 1)",Counseling Psychology,,
COUN PSY 200,Lgbtq+ People And Mental Health Equity,"(3, 3)",Counseling Psychology,,
COUN PSY 225,"Intersectionalities, Self ­Awareness, And Social Actions For Social Change","(3, 3)",Counseling Psychology,,
COUN PSY 230,Race And The Developing Child,"(3, 3)",Counseling Psychology,,
COUN PSY 237,"Mental Health, Self-Awareness, And Social Justice: Working In Diverse Communities","(3, 3)",Counseling Psychology,,
COUN PSY 300,Special Topics: Counseling And Counseling Psychology,"(1, 4)",Counseling Psychology,,
COUN PSY 325,Seminar: Students Seeking Educational Equity And Diversity (Seed),"(3, 4)",Counseling Psychology,,
COUN PSY/​CHICLA  331,Immigrant Health And Wellbeing,"(3, 3)",Counseling Psychology,,
COUN PSY 332,Gender And Queer Issues In Psychology,"(3, 3)",Counseling Psychology,,
COUN PSY 333,Asian American Psychology,"(3, 3)",Counseling Psychology,,
COUN PSY 334,Black Psychology,"(3, 3)",Counseling Psychology,,
COUN PSY 371,Psychology Of Suicide,"(3, 3)",Counseling Psychology,,
COUN PSY 372,Psychology Of Mindfulness,"(3, 3)",Counseling Psychology,,
COUN PSY 500,Radical Healing And Ethics Of Bilingual Latinx Training,"(1, 1)",Counseling Psychology,,
COUN PSY/​CHICLA  525,Dimensions Of Latin@ Mental Health Services,"(3, 3)",Counseling Psychology,,
COUN PSY 531,Prevention And Intervention In Mental Health Across The Lifespan,"(3, 3)",Counseling Psychology,,
COUN PSY 550,Strengthening Latinxs,"(3, 3)",Counseling Psychology,,
COUN PSY 575,Latinx Foundational Practicum: Case Conceptualization,"(1, 1)",Counseling Psychology,,
COUN PSY 580,Latinx Advanced Practicum: Treatment Planning & Interventions,"(1, 1)",Counseling Psychology,,
COUN PSY/​CHICLA  590,Esperanza Community-Engaged Research With Latines,"(3, 3)",Counseling Psychology,,
COUN PSY 601,Best Practices In Community-Engaged Scholarship,"(2, 2)",Counseling Psychology,,
COUN PSY 620,Special Topics In Counseling And Guidance,"(1, 6)",Counseling Psychology,,
COUN PSY 650,Theory And Practice In Interviewing,"(3, 3)",Counseling Psychology,,
COUN PSY 655,Clinical Communication Skills,"(3, 3)",Counseling Psychology,,
COUN PSY 665,Career Development Throughout The Life Span,"(3, 3)",Counseling Psychology,,
COUN PSY 699,Independent Reading,"(1, 3)",Counseling Psychology,,
COUN PSY 700,Practicum Activities,"(1, 1)",Counseling Psychology,,
COUN PSY/​CURRIC/​ED POL/​ED PSYCH/​ELPA/​RP & SE  719,Introduction To Qualitative Research,"(3, 3)",Counseling Psychology,,
COUN PSY/​ED PSYCH  723,Developmental Processes Across The Life Span,"(3, 3)",Counseling Psychology,,
COUN PSY/​ED PSYCH/​HDFS  726,Ethnic And Racial Diversity In Social Development,"(3, 3)",Counseling Psychology,,
COUN PSY/​PSYCH/​RP & SE  729,Advanced Social Psychology,"(3, 3)",Counseling Psychology,,
COUN PSY/​RP & SE  730,Professional Counseling Orientation,"(3, 3)",Counseling Psychology,,
COUN PSY/​ED PSYCH/​RP & SE  736,Seminar In Psychology Of Individual Differences,"(3, 3)",Counseling Psychology,,
COUN PSY/​ED PSYCH/​RP & SE  737,Seminar In History And Systems Of Psychology,"(3, 3)",Counseling Psychology,,
COUN PSY 740,Abnormal Behavior And Psychopathology,"(3, 3)",Counseling Psychology,,
COUN PSY 745,Clinical Mental Health Counseling: Diagnosis And Treatment Planning For Counselors,"(3, 3)",Counseling Psychology,,
COUN PSY 755,Seminar On Meta-Analysis,"(3, 3)",Counseling Psychology,,
COUN PSY 777,Crisis And Trauma Counseling,"(3, 3)",Counseling Psychology,,
COUN PSY/​CURRIC/​ED POL/​ED PSYCH/​ELPA/​RP & SE  788,Qualitative Research Methods In Education: Field Methods I,"(3, 3)",Counseling Psychology,,
COUN PSY/​CURRIC/​ED POL/​ED PSYCH/​ELPA/​RP & SE  789,Qualitative Research Methods In Education: Field Methods Ii,"(3, 3)",Counseling Psychology,,
COUN PSY 791,Foundations Of Clinical Mental Health Counseling,"(3, 3)",Counseling Psychology,,
COUN PSY 800,Theories Of Counseling,"(3, 3)",Counseling Psychology,,
COUN PSY 802,Group Dynamics Processing And Counseling,"(3, 3)",Counseling Psychology,,
COUN PSY 805,Helping Relationships And Techniques,"(3, 3)",Counseling Psychology,,
COUN PSY 806,Supervised Practicum In Counseling,"(3, 3)",Counseling Psychology,,
COUN PSY 808,Supervised Internship In Counseling,"(2, 5)",Counseling Psychology,,
COUN PSY 810,Professional Development And Clinical Practice,"(1, 6)",Counseling Psychology,,
COUN PSY 825,Counseling Psychology Techniques With Families,"(3, 3)",Counseling Psychology,,
COUN PSY 850,Mental Health Consultation In Health Service Psychology,"(3, 3)",Counseling Psychology,,
COUN PSY 860,Social And Cultural Foundations Of Counseling,"(3, 3)",Counseling Psychology,,
COUN PSY 865,Lifestyle And Career Development,"(3, 3)",Counseling Psychology,,
COUN PSY 890,Advanced Assessment Techniques In Counseling Psychology,"(3, 3)",Counseling Psychology,,
COUN PSY 900,Counseling Psychology Practicum--Foundational,"(3, 3)",Counseling Psychology,,
COUN PSY 901,"Couns Psych Pract: Group Counseling, Consultation, College Teaching","(1, 6)",Counseling Psychology,,
COUN PSY 902,Counseling Psychology Practicum In Supervision,"(4, 4)",Counseling Psychology,,
COUN PSY 903,Counseling Psychology Practicum--Advanced,"(3, 3)",Counseling Psychology,,
COUN PSY 904,Counseling Psychology Externship,"(1, 3)",Counseling Psychology,,
COUN PSY 905,Research Practicum In Counseling Psychology,"(3, 3)",Counseling Psychology,,
COUN PSY 908,Pre-Doctoral Internship In Health Service Psychology Preparation Seminar,"(2, 2)",Counseling Psychology,,
COUN PSY/​RP & SE  925,Seminar In Counseling Psychology,"(3, 3)",Counseling Psychology,,
COUN PSY 926,Seminar In Ethical And Professional Issues In Counseling Psychology,"(3, 3)",Counseling Psychology,,
COUN PSY 950,Research Methods In Counseling Psychology,"(2, 3)",Counseling Psychology,,
COUN PSY 951,Counseling Psychology Research In Individual Intervention,"(2, 3)",Counseling Psychology,,
COUN PSY 956,Seminar: Research In Vocational Psychology And Career Development,"(2, 3)",Counseling Psychology,,
COUN PSY 960,"Research Methods In Counseling Psychology, Ii","(3, 3)",Counseling Psychology,,
COUN PSY 990,Research Or Thesis,"(1, 12)",Counseling Psychology,,
COUN PSY/​ED PSYCH/​PSYCH/​RP & SE  995,Predoctoral Internship,"(0, 0)",Counseling Psychology,,
COUN PSY 999,Independent Reading,"(1, 3)",Counseling Psychology,,
CURRIC 209,Digital Media And Literacy,"(3, 3)",Curriculum And Instruction,,
CURRIC 240,"Critical Aspects Of Teaching, Schooling, And Education","(3, 3)",Curriculum And Instruction,,
CURRIC 243,Practicum In World Languages (K-12),"(3, 3)",Curriculum And Instruction,,
CURRIC/​ED POL/​LEGAL ST  250,Incarceration And Education,"(3, 3)",Curriculum And Instruction,,
CURRIC 276,Contemporary Issues In K-12 Schools,"(1, 1)",Curriculum And Instruction,,
CURRIC 277,Videogames & Learning,"(3, 3)",Curriculum And Instruction,,
CURRIC 292,Globalizing Education,"(3, 3)",Curriculum And Instruction,,
CURRIC/​MUSIC  300,Principles Of Music Education,"(2, 2)",Curriculum And Instruction,,
CURRIC/​MUSIC  301,Music Learning And Teaching 1,"(2, 2)",Curriculum And Instruction,,
CURRIC/​MUSIC  302,Music Learning And Teaching 2,"(2, 2)",Curriculum And Instruction,,
CURRIC/​MUSIC  304,"Composition, Arrangement, And Orchestration For The Music Teacher","(2, 2)",Curriculum And Instruction,,
CURRIC 305,Integrating The Teaching Of Reading With Other Language Arts,"(3, 3)",Curriculum And Instruction,,
CURRIC/​CHICLA  306,Latinx Literacies,"(3, 3)",Curriculum And Instruction,,
CURRIC 309,Reading And Writing Across The Content Areas,"(3, 3)",Curriculum And Instruction,,
CURRIC 311,Language Acquisition For Multilingual Learners,"(3, 3)",Curriculum And Instruction,,
CURRIC 312,Foundations Of Esl Education,"(3, 3)",Curriculum And Instruction,,
CURRIC 314,Becoming Literate In And Out Of Schools,"(3, 3)",Curriculum And Instruction,,
CURRIC 315,Reading And Writing Across The Curriculum In Early Childhood,"(3, 3)",Curriculum And Instruction,,
CURRIC 316,Esl/Bilingual Methods,"(3, 3)",Curriculum And Instruction,,
CURRIC 317,Dimensions Of Literacy,"(3, 3)",Curriculum And Instruction,,
CURRIC 318,Teaching Reading And Writing,"(3, 3)",Curriculum And Instruction,,
CURRIC 319,Pedagogical Content Knowledge For Teaching Elementary Mathematics 1,"(3, 3)",Curriculum And Instruction,,
CURRIC 320,Pedagogical Content Knowledge For Teaching Elementary Mathematics 2,"(3, 3)",Curriculum And Instruction,,
CURRIC/​CHICLA  321,Chicano/Latino Educational Justice,"(3, 3)",Curriculum And Instruction,,
CURRIC 325,Educating Young English Learners,"(3, 3)",Curriculum And Instruction,,
CURRIC 326,Language Use And Acquisition In Early Childhood,"(3, 3)",Curriculum And Instruction,,
CURRIC 327,Methods Of Teaching Young English Learners,"(3, 3)",Curriculum And Instruction,,
CURRIC 328,Arts Integration For Teaching And Learning,"(3, 3)",Curriculum And Instruction,,
CURRIC 329,Teaching Artist Practicum,"(3, 3)",Curriculum And Instruction,,
CURRIC 331,Taking Education Outside Of School,"(3, 3)",Curriculum And Instruction,,
CURRIC/​MUSIC  337,Practicum In Teaching Music,"(1, 1)",Curriculum And Instruction,,
CURRIC 338,Linguistics For Teachers,"(3, 3)",Curriculum And Instruction,,
CURRIC 339,Cultural Foundations Of Learning And Development,"(3, 3)",Curriculum And Instruction,,
CURRIC 340,Elementary Education Practicum I,"(3, 3)",Curriculum And Instruction,,
CURRIC 342,Teaching World Languages (K-8),"(3, 3)",Curriculum And Instruction,,
CURRIC 343,Teaching World Languages (6-12),"(3, 3)",Curriculum And Instruction,,
CURRIC/​MUSIC  344,Teaching Vocal Styles In The Music Classroom,"(1, 1)",Curriculum And Instruction,,
CURRIC 346,Foundations Of Language And Reading Instruction In Elementary Education,"(3, 3)",Curriculum And Instruction,,
CURRIC/​CHICLA  354,Race And Language In Stem And Environmental Education,"(3, 3)",Curriculum And Instruction,,
CURRIC 357,Game Design I,"(3, 3)",Curriculum And Instruction,,
CURRIC 359,Teaching Of History And The Other Social Studies,"(3, 3)",Curriculum And Instruction,,
CURRIC/​SLAVIC/​THEATRE  362,Drama For Teaching And Learning,"(3, 3)",Curriculum And Instruction,,
CURRIC 363,Practicum In Early Childhood Education In Kindergarten,"(1, 3)",Curriculum And Instruction,,
CURRIC 364,Introduction To Education,"(3, 3)",Curriculum And Instruction,,
CURRIC/​RP & SE  365,Teaching Mathematics In Inclusive Settings,"(3, 3)",Curriculum And Instruction,,
CURRIC 366,Internationalizing Educational Knowledge,"(3, 3)",Curriculum And Instruction,,
CURRIC 367,Elementary Education Practicum Ii,"(3, 3)",Curriculum And Instruction,,
CURRIC 368,The Teaching Of Reading,"(3, 3)",Curriculum And Instruction,,
CURRIC 369,The Teaching Of Language Arts,"(3, 3)",Curriculum And Instruction,,
CURRIC 370,Teaching Mathematics,"(3, 3)",Curriculum And Instruction,,
CURRIC 371,Teaching Social Studies,"(3, 3)",Curriculum And Instruction,,
CURRIC 372,Teaching Science,"(3, 3)",Curriculum And Instruction,,
CURRIC 373,Elementary Teaching Practicum Iii,"(3, 3)",Curriculum And Instruction,,
CURRIC 374,General Educ Practicum & Instructional Planning For Diverse Learners,"(2, 5)",Curriculum And Instruction,,
CURRIC 375,Proseminar,"(1, 3)",Curriculum And Instruction,,
CURRIC 390,Teaching Of Science In Secondary Schools,"(3, 3)",Curriculum And Instruction,,
CURRIC 393,The Teaching Of Secondary School Mathematics I,"(3, 3)",Curriculum And Instruction,,
CURRIC 394,The Teaching Of Secondary School Mathematics Ii,"(3, 3)",Curriculum And Instruction,,
CURRIC 396,Teaching Of English,"(3, 3)",Curriculum And Instruction,,
CURRIC 399,Independent Study,"(1, 3)",Curriculum And Instruction,,
CURRIC/​C&E SOC/​ENVIR ST  405,Education For Sustainable Communities,"(3, 3)",Curriculum And Instruction,,
CURRIC/​RP & SE  406,"Race, Intersectionality, And Equity In Education","(3, 3)",Curriculum And Instruction,,
CURRIC/​MUSIC  409,Student Teaching In General And Vocal Music,"(6, 12)",Curriculum And Instruction,,
CURRIC/​MUSIC  410,Student Teaching In General And Instrumental Music,"(6, 12)",Curriculum And Instruction,,
CURRIC 418,Preparing To Teach Abroad,"(3, 3)",Curriculum And Instruction,,
CURRIC 419,Preparing To Teach Abroad Capstone,"(3, 3)",Curriculum And Instruction,,
CURRIC/​MUSIC  420,Teaching Popular Instrumental Music 1,"(1, 1)",Curriculum And Instruction,,
CURRIC/​MUSIC  421,Teaching Popular Instrumental Music 2,"(1, 1)",Curriculum And Instruction,,
CURRIC/​THEATRE  426,"History, Theory, And Dramatic Criticism In Theatre For Young Audiences","(3, 4)",Curriculum And Instruction,,
CURRIC/​CSCS  427,Methods Of Teaching Family And Consumer Education,"(3, 3)",Curriculum And Instruction,,
CURRIC/​CSCS  428,Program Planning In Family And Consumer Education,"(3, 3)",Curriculum And Instruction,,
CURRIC 432,Game Design Ii,"(3, 3)",Curriculum And Instruction,,
CURRIC 435,Foundations Of World Language Education,"(2, 2)",Curriculum And Instruction,,
CURRIC 442,Student Teaching In World Languages (Pk-8),"(2, 12)",Curriculum And Instruction,,
CURRIC 443,Student Teaching In World Languages (6-12),"(2, 12)",Curriculum And Instruction,,
CURRIC 454,Student Teaching In The Middle School,"(1, 10)",Curriculum And Instruction,,
CURRIC 458,Student Teaching In History And Social Studies In The Middle School,"(2, 12)",Curriculum And Instruction,,
CURRIC 459,Student Teaching In History And Social Studies In The High School,"(2, 12)",Curriculum And Instruction,,
CURRIC/​THEATRE  462,Theatre For Young Audiences: Production,"(3, 6)",Curriculum And Instruction,,
CURRIC 463,Seminar In Elementary Education,"(1, 2)",Curriculum And Instruction,,
CURRIC 464,Student Teaching In The Elementary School,"(1, 10)",Curriculum And Instruction,,
CURRIC 468,Early Childhood/English As A Second Language Student Teaching,"(5, 10)",Curriculum And Instruction,,
CURRIC/​MATH  471,Mathematics For Secondary School Teachers,"(3, 3)",Curriculum And Instruction,,
CURRIC 472,Student Teaching Of English In The Middle School,"(2, 12)",Curriculum And Instruction,,
CURRIC/​KINES  478,Elementary School Physical Education Student Teaching,"(2, 8)",Curriculum And Instruction,,
CURRIC/​KINES  479,Middle School Or High School Physical Education Student Teaching,"(2, 8)",Curriculum And Instruction,,
CURRIC 490,Student Teaching In Science In The High School,"(2, 12)",Curriculum And Instruction,,
CURRIC/​ART ED  493,Practicum In Secondary School Art,"(3, 3)",Curriculum And Instruction,,
CURRIC 494,Student Teaching In High School Mathematics,"(2, 12)",Curriculum And Instruction,,
CURRIC 495,Student Teaching In Science In The Middle School,"(2, 12)",Curriculum And Instruction,,
CURRIC 496,Student Teaching Of English In The High School,"(2, 12)",Curriculum And Instruction,,
CURRIC 497,Student Teaching In Middle School Mathematics,"(4, 12)",Curriculum And Instruction,,
CURRIC 500,Literacy And Language Development,"(3, 3)",Curriculum And Instruction,,
CURRIC/​COMP SCI  502,Theory And Practice In Computer Science Education,"(1, 1)",Curriculum And Instruction,,
CURRIC 503,Literacy Across The Curriculum,"(3, 3)",Curriculum And Instruction,,
CURRIC 504,Literacy Assessment And Intervention,"(3, 3)",Curriculum And Instruction,,
CURRIC/​RP & SE  506,Strategies For Inclusive Schooling,"(3, 3)",Curriculum And Instruction,,
CURRIC 507,Inclusive Education In Secondary Schools,"(2, 2)",Curriculum And Instruction,,
CURRIC 510,Community-Based Practicum,"(1, 4)",Curriculum And Instruction,,
CURRIC 511,School-Based Practicum,"(1, 4)",Curriculum And Instruction,,
CURRIC/​ED POL/​HISTORY/​JEWISH  515,"Holocaust: History, Memory And Education","(3, 3)",Curriculum And Instruction,,
CURRIC/​ED POL/​RELIG ST  516,Religion And Public Education,"(3, 3)",Curriculum And Instruction,,
CURRIC/​THEATRE  525,Theatre In Education,"(3, 4)",Curriculum And Instruction,,
CURRIC 534,Tools For Game Design,"(1, 1)",Curriculum And Instruction,,
CURRIC 535,Foundations Of Literacy,"(2, 2)",Curriculum And Instruction,,
CURRIC 537,Teaching Diverse Learners,"(3, 3)",Curriculum And Instruction,,
CURRIC 545,Teaching World Languages I,"(3, 3)",Curriculum And Instruction,,
CURRIC 546,Teaching World Languages Ii,"(2, 2)",Curriculum And Instruction,,
CURRIC 550,"Methods, Materials And Activities In Early Childhood Education","(3, 3)",Curriculum And Instruction,,
CURRIC 559,Advanced Practices In The Teaching Of Social Studies,"(3, 3)",Curriculum And Instruction,,
CURRIC/​THEATRE  562,Drama In Education: Advanced Studies,"(3, 4)",Curriculum And Instruction,,
CURRIC 564,Advanced Problems On The Teaching Of World Languages,"(3, 3)",Curriculum And Instruction,,
CURRIC 576,Topics In Game Design,"(3, 3)",Curriculum And Instruction,,
CURRIC 590,Advanced Practices In The Teaching Of Science,"(3, 3)",Curriculum And Instruction,,
CURRIC 596,Advanced Practices In Teaching English In Secondary Schools,"(3, 3)",Curriculum And Instruction,,
CURRIC 604,Seminar On Literacy,"(3, 3)",Curriculum And Instruction,,
CURRIC 606,Critical Perspectives On Digital Media In Education,"(2, 3)",Curriculum And Instruction,,
CURRIC/​L I S  620,Field Project In Library And Information Agencies,"(3, 3)",Curriculum And Instruction,,
CURRIC 625,Bilingual-Bicultural Education Practicum,"(1, 1)",Curriculum And Instruction,,
CURRIC 626,Action Research In Schools,"(3, 3)",Curriculum And Instruction,,
CURRIC 630,Professional Development For Schools And Community Educators,"(1, 6)",Curriculum And Instruction,,
CURRIC 632,Literature And Literacy,"(3, 3)",Curriculum And Instruction,,
CURRIC 635,Epistemology Of Mathematics For Teachers,"(2, 2)",Curriculum And Instruction,,
CURRIC 636,Mathematical Knowledgeteaching,"(3, 3)",Curriculum And Instruction,,
CURRIC 645,Foundations Of Educational Assessment,"(3, 3)",Curriculum And Instruction,,
CURRIC 660,Foundations Of Early Childhood Education,"(2, 3)",Curriculum And Instruction,,
CURRIC 663,Learning Environments For Initial Education Programs,"(3, 3)",Curriculum And Instruction,,
CURRIC 665,Early Childhood Education Policy & Practice,"(3, 3)",Curriculum And Instruction,,
CURRIC 670,Theories Of Bilingualism And Biliteracy,"(3, 3)",Curriculum And Instruction,,
CURRIC 671,Educational Linguistics For Bilingual Teachers,"(3, 3)",Curriculum And Instruction,,
CURRIC 673,Learning Second Language And Literacies,"(1, 6)",Curriculum And Instruction,,
CURRIC 674,Advanced Methods In Teaching English As A Second Language,"(3, 6)",Curriculum And Instruction,,
CURRIC 675,General Seminar,"(1, 3)",Curriculum And Instruction,,
CURRIC 676,Bilingualism And Biliteracy In Schools,"(3, 3)",Curriculum And Instruction,,
CURRIC 690,Independent Field Work,"(1, 9)",Curriculum And Instruction,,
CURRIC 699,Independent Reading,"(1, 3)",Curriculum And Instruction,,
CURRIC 702,Sociocultural Theory,"(3, 3)",Curriculum And Instruction,,
CURRIC 704,Curriculum Planning,"(3, 3)",Curriculum And Instruction,,
CURRIC 709,Digital Media & Technology In Schools,"(1, 1)",Curriculum And Instruction,,
CURRIC 711,"Culture, Curriculum, And Learning","(3, 3)",Curriculum And Instruction,,
CURRIC 712,Introduction To Curriculum And Instruction: Research And Resources,"(3, 3)",Curriculum And Instruction,,
CURRIC 713,Technology Integration For Teaching And Learning,"(1, 3)",Curriculum And Instruction,,
CURRIC 714,Research And Evaluation Paradigms In Curriculum And Instruction,"(3, 3)",Curriculum And Instruction,,
CURRIC 715,Design Of Research In Curriculum And Instruction,"(3, 3)",Curriculum And Instruction,,
CURRIC 716,Reform And Change In Curriculum And Instruction,"(3, 3)",Curriculum And Instruction,,
CURRIC 718,Introduction To Narrative Inquiry,"(3, 3)",Curriculum And Instruction,,
CURRIC/​COUN PSY/​ED POL/​ED PSYCH/​ELPA/​RP & SE  719,Introduction To Qualitative Research,"(3, 3)",Curriculum And Instruction,,
CURRIC 721,Research In Computing Education,"(3, 3)",Curriculum And Instruction,,
CURRIC 723,Life History: Theories & Methods,"(3, 3)",Curriculum And Instruction,,
CURRIC 726,Qualitative Methods Of Studying Children And Contexts,"(3, 3)",Curriculum And Instruction,,
CURRIC 727,Internationalizing Educational Knowledge,"(3, 3)",Curriculum And Instruction,,
CURRIC 729,Classroom Management For Secondary Educators,"(1, 1)",Curriculum And Instruction,,
CURRIC 731,Collaborative Teamwork For Inclusive School Reform,"(3, 3)",Curriculum And Instruction,,
CURRIC/​STS  733,Public Engagement With Science,"(3, 3)",Curriculum And Instruction,,
CURRIC/​STS  734,Science Studies And Science Education,"(3, 3)",Curriculum And Instruction,,
CURRIC 735,Epistemic Practice And Science Teaching,"(2, 2)",Curriculum And Instruction,,
CURRIC 736,Educating Linguistically And Culturally Diverse Learners,"(2, 3)",Curriculum And Instruction,,
CURRIC 737,Linguistics For Educators,"(2, 2)",Curriculum And Instruction,,
CURRIC 744,Perspectives In Multicultural Education,"(3, 3)",Curriculum And Instruction,,
CURRIC 747,Masters Capstone In Teacher Education,"(3, 3)",Curriculum And Instruction,,
CURRIC/​GEN&WS  760,Sex/Gender-Related Issues In Curriculum And Instruction,"(3, 3)",Curriculum And Instruction,,
CURRIC 764,Globalization And Linguistic Human Rights In Education,"(2, 3)",Curriculum And Instruction,,
CURRIC 765,Globalization And Teaching: Dimensions For Curriculum Planning,"(3, 3)",Curriculum And Instruction,,
CURRIC 774,Literacy Research Methods,"(3, 3)",Curriculum And Instruction,,
CURRIC 775,"Theories Of Race, Racism, And Racialization In Education Research","(3, 3)",Curriculum And Instruction,,
CURRIC 778,"Teaching, Literacies, And Identities","(3, 3)",Curriculum And Instruction,,
CURRIC/​COUN PSY/​ED POL/​ED PSYCH/​ELPA/​RP & SE  788,Qualitative Research Methods In Education: Field Methods I,"(3, 3)",Curriculum And Instruction,,
CURRIC/​COUN PSY/​ED POL/​ED PSYCH/​ELPA/​RP & SE  789,Qualitative Research Methods In Education: Field Methods Ii,"(3, 3)",Curriculum And Instruction,,
CURRIC 790,Master'S Project Or Thesis,"(1, 9)",Curriculum And Instruction,,
CURRIC 799,Master'S Independent Study,"(1, 3)",Curriculum And Instruction,,
CURRIC 802,Discourse Analysis,"(3, 3)",Curriculum And Instruction,,
CURRIC/​ED PSYCH/​L I S  803,Computational Research Methods,"(3, 3)",Curriculum And Instruction,,
CURRIC 805,Guiding And Directing The School Reading Program,"(3, 3)",Curriculum And Instruction,,
CURRIC 809,Politics Of Stem Education,"(3, 3)",Curriculum And Instruction,,
CURRIC 810,"Goals, Content And Programs In Mathematics Education","(3, 3)",Curriculum And Instruction,,
CURRIC 811,The Instruction Of Mathematics,"(3, 3)",Curriculum And Instruction,,
CURRIC 812,Curricular Issues In Mathematics Education,"(3, 3)",Curriculum And Instruction,,
CURRIC 818,Teaching Controversial Issues,"(3, 3)",Curriculum And Instruction,,
CURRIC/​ED PSYCH  821,Constructionism,"(3, 3)",Curriculum And Instruction,,
CURRIC 823,Coloniality Of Language And Science In Education,"(3, 3)",Curriculum And Instruction,,
CURRIC 829,Proseminar In American Curriculum Theory: 1890-Present,"(3, 3)",Curriculum And Instruction,,
CURRIC 830,Theory And Design Of The Curriculum,"(3, 3)",Curriculum And Instruction,,
CURRIC 835,Foundations Of Social Studies Education,"(2, 2)",Curriculum And Instruction,,
CURRIC 840,Field Work In School Reading Programs,"(2, 7)",Curriculum And Instruction,,
CURRIC 844,Culturally Relevant Pedagogy,"(3, 3)",Curriculum And Instruction,,
CURRIC/​ED POL  855,Issues In Elementary Education,"(3, 3)",Curriculum And Instruction,,
CURRIC 860,Supervision In Teacher Education,"(1, 3)",Curriculum And Instruction,,
CURRIC 864,Semiotics For Education,"(1, 3)",Curriculum And Instruction,,
CURRIC 900,Advanced Seminar In Digital Media,"(2, 3)",Curriculum And Instruction,,
CURRIC 910,Seminar-Curriculum Development,"(3, 3)",Curriculum And Instruction,,
CURRIC 912,Writing In Educational Research,"(3, 3)",Curriculum And Instruction,,
CURRIC/​COM ARTS  914,How Games Change Us,"(3, 3)",Curriculum And Instruction,,
CURRIC 916,Smr: Special Topics In Research & Evaluation In Curriculum & Instruction,"(3, 3)",Curriculum And Instruction,,
CURRIC/​ENVIR ST  932,Foundations Of Environmental And Sustainability Education,"(3, 3)",Curriculum And Instruction,,
CURRIC 942,Seminar In Research On Mathematics Education,"(1, 3)",Curriculum And Instruction,,
CURRIC 943,"Mobility, Language & Education","(3, 3)",Curriculum And Instruction,,
CURRIC/​MUSIC  946,Past Perspectives On Music Education,"(3, 3)",Curriculum And Instruction,,
CURRIC 947,Current Issues In Music Education,"(3, 3)",Curriculum And Instruction,,
CURRIC 950,Seminar In The Study Of Teacher Education,"(3, 3)",Curriculum And Instruction,,
CURRIC 964,Seminar In World Language Education,"(1, 3)",Curriculum And Instruction,,
CURRIC 975,General Seminar,"(2, 3)",Curriculum And Instruction,,
CURRIC 976,Seminar In Reading,"(2, 3)",Curriculum And Instruction,,
CURRIC 990,Dissertation Research,"(1, 12)",Curriculum And Instruction,,
CURRIC 991,Post-Secondary Teaching Practicum,"(3, 3)",Curriculum And Instruction,,
CURRIC 999,Doctoral Independent Study,"(1, 3)",Curriculum And Instruction,,
DY SCI 1,Cooperative Education/Co-Op In Diary Science,"(1, 1)",Dairy Science,,
DY SCI/​AN SCI  101,Introduction To Animal Sciences,"(3, 3)",Dairy Science,,
DY SCI/​AN SCI  102,Introduction To Animal Sciences Laboratory,"(1, 1)",Dairy Science,,
DY SCI 205,Dairy Cattle Improvement Programs,"(2, 2)",Dairy Science,,
DY SCI 233,Dairy Herd Management I,"(3, 3)",Dairy Science,,
DY SCI 234,Dairy Herd Management Ii,"(3, 3)",Dairy Science,,
DY SCI 289,Honors Independent Study,"(1, 2)",Dairy Science,,
DY SCI 299,Independent Study,"(1, 3)",Dairy Science,,
DY SCI/​AN SCI/​NUTR SCI  311,Comparative Animal Nutrition,"(3, 3)",Dairy Science,,
DY SCI/​AN SCI  320,Animal Health And Disease,"(3, 3)",Dairy Science,,
DY SCI/​AN SCI  361,Introduction To Animal And Veterinary Genetics,"(2, 2)",Dairy Science,,
DY SCI/​AN SCI  362,Veterinary Genetics,"(2, 2)",Dairy Science,,
DY SCI/​AN SCI  363,Principles Of Animal Breeding,"(2, 2)",Dairy Science,,
DY SCI/​AN SCI  370,Livestock Production And Health In Agricultural Development,"(3, 3)",Dairy Science,,
DY SCI/​AN SCI  373,Animal Physiology,"(3, 3)",Dairy Science,,
DY SCI 375,Special Topics,"(1, 4)",Dairy Science,,
DY SCI 378,Lactation Physiology,"(3, 3)",Dairy Science,,
DY SCI 399,Coordinative Internship/Cooperative Education,"(1, 8)",Dairy Science,,
DY SCI 400,Study Abroad In Dairy Science,"(1, 6)",Dairy Science,,
DY SCI/​AN SCI  414,Ruminant Nutrition & Metabolism,"(3, 3)",Dairy Science,,
DY SCI/​AN SCI  434,Reproductive Physiology,"(3, 3)",Dairy Science,,
DY SCI/​AGRONOMY  471,Food Production Systems And Sustainability,"(3, 3)",Dairy Science,,
DY SCI/​AN SCI/​FOOD SCI/​SOIL SCI  472,Animal Agriculture And Global Sustainable Development,"(1, 1)",Dairy Science,,
DY SCI/​AN SCI/​FOOD SCI/​SOIL SCI  473,International Field Study In Animal Agriculture And Sustainable Development,"(2, 2)",Dairy Science,,
DY SCI 534,Reproductive Management Of Dairy Cattle,"(3, 3)",Dairy Science,,
DY SCI 535,Dairy Farm Management Practicum,"(3, 3)",Dairy Science,,
DY SCI 681,Senior Honors Thesis,"(2, 4)",Dairy Science,,
DY SCI 682,Senior Honors Thesis,"(2, 4)",Dairy Science,,
DY SCI 699,Special Problems,"(1, 3)",Dairy Science,,
DY SCI 799,Practicum In Dairy Science Teaching,"(1, 3)",Dairy Science,,
DY SCI/​AN SCI  824,Ruminant Nutritional Physiology I,"(4, 4)",Dairy Science,,
DY SCI/​AN SCI  825,Ruminant Nutritional Physiology Ii,"(4, 4)",Dairy Science,,
DY SCI 875,Special Topics,"(1, 4)",Dairy Science,,
DY SCI 900,Seminar,"(1, 1)",Dairy Science,,
DY SCI/​AN SCI  931,Seminar In Animal Nutrition,"(1, 1)",Dairy Science,,
DY SCI/​AN SCI/​GENETICS  951,Seminar In Animal Breeding,"(0, 1)",Dairy Science,,
DY SCI 990,Research,"(1, 12)",Dairy Science,,
DANCE 100,Understanding Dance,"(1, 1)",Dance,,
DANCE 101,Social Dance I,"(1, 1)",Dance,,
DANCE 102,Social Dance Ii,"(1, 1)",Dance,,
DANCE 103,Modern Jazz Dance,"(1, 1)",Dance,,
DANCE 105,Ballet I,"(1, 1)",Dance,,
DANCE 106,Ballet Ii,"(1, 1)",Dance,,
DANCE 107,Contemporary Dance I,"(1, 1)",Dance,,
DANCE 108,Contemporary Dance Ii,"(1, 1)",Dance,,
DANCE 110,Workshop In Dance Activity,"(1, 2)",Dance,,
DANCE 111,Contemporary Dance Technique And Theory I,"(1, 3)",Dance,,
DANCE 112,Contemporary Dance Technique And Theory Ii,"(1, 3)",Dance,,
DANCE 115,Hip-Hop Dance Technique And Theory 1,"(1, 2)",Dance,,
DANCE 116,Workshop In World Dance,"(2, 2)",Dance,,
DANCE 118,African Dance,"(1, 1)",Dance,,
DANCE/​ASIAN AM  121,Asian American Movement,"(3, 3)",Dance,,
DANCE 125,Ballet Technique I,"(1, 2)",Dance,,
DANCE 126,Ballet Technique I-B,"(1, 2)",Dance,,
DANCE 131,Somatic Theory And Practices,"(2, 2)",Dance,,
DANCE 132,Workshop In Body Studies And Practices,"(1, 1)",Dance,,
DANCE 133,Relaxation Techniques For Embodiment And Stress Management,"(1, 1)",Dance,,
DANCE 135,Pilates Mat I,"(1, 1)",Dance,,
DANCE 136,Pilates Equipment I,"(2, 2)",Dance,,
DANCE 140,Dance Production,"(2, 2)",Dance,,
DANCE 156,Movement As Material Through Improvisation,"(2, 2)",Dance,,
DANCE 157,Introduction To Movement Analysis,"(2, 2)",Dance,,
DANCE 159,Collaborative Arts Workshop,"(2, 2)",Dance,,
DANCE 162,First Year Workshop,"(1, 1)",Dance,,
DANCE 165,Introduction To The Histories Of Dance,"(3, 3)",Dance,,
DANCE 168,"Dancing Gender: Embodiment, Politics And Feminist Theory","(3, 3)",Dance,,
DANCE 200,Writing The Moving Body,"(3, 3)",Dance,,
DANCE 205,Dance,"(1, 4)",Dance,,
DANCE 211,Contemporary Dance Technique And Theory Iii,"(1, 3)",Dance,,
DANCE 212,Contemporary Dance Technique And Theory Iv,"(1, 3)",Dance,,
DANCE 213,New Movement Techniques,"(1, 2)",Dance,,
DANCE/​THEATRE  218,African Dance Performance,"(2, 2)",Dance,,
DANCE 225,Ballet Technique Ii,"(1, 2)",Dance,,
DANCE 226,Ballet Technique Ii-B,"(1, 2)",Dance,,
DANCE 231,Introduction To Dance/Movement Therapy,"(3, 3)",Dance,,
DANCE 232,Introduction To Dynamics Of Dance Therapy,"(3, 3)",Dance,,
DANCE 233,Disarming The Playground: Violence Prevention Through Movement,"(1, 1)",Dance,,
DANCE 235,Pilates Mat Ii,"(1, 1)",Dance,,
DANCE 236,Pilates Equipment Ii,"(2, 2)",Dance,,
DANCE 237,Pilates Studio I,"(3, 3)",Dance,,
DANCE 240,Dance Production Laboratory,"(1, 1)",Dance,,
DANCE 241,Music Fundamentals For Dancers,"(3, 3)",Dance,,
DANCE 255,Movement Composition For The Performing And Visual Arts,"(2, 2)",Dance,,
DANCE/​THEATRE  259,Collaborative Arts Performance Lab: Devising Collaborative Performance Through Hip Hop Arts,"(1, 2)",Dance,,
DANCE 265,Dance History I: Dance In The Modern Era,"(3, 3)",Dance,,
DANCE 268,Political And Cultural Perspectives In Dance Studies,"(3, 3)",Dance,,
DANCE 274,Methods In Dance Education,"(3, 3)",Dance,,
DANCE 311,Contemporary Dance Technique And Theory V,"(1, 3)",Dance,,
DANCE 312,Contemporary Dance Technique And Theory Vi,"(1, 3)",Dance,,
DANCE/​AFROAMER/​MUSIC  318,Cultural Cross Currents: West African Dance/Music In The Americas,"(3, 3)",Dance,,
DANCE/​AFROAMER/​ASIAN AM/​FOLKLORE  319,Afro Asian Improv: From Hip Hop To Martial Arts Fusion,"(3, 3)",Dance,,
DANCE/​FOLKLORE/​THEATRE  321,Javanese Performance,"(2, 2)",Dance,,
DANCE 325,Ballet Technique Iii,"(1, 2)",Dance,,
DANCE 326,Ballet Technique Iii-B,"(1, 2)",Dance,,
DANCE 330,Functional Anatomy For Movement Practices,"(2, 2)",Dance,,
DANCE 331,Dynamics Of Dance Therapy,"(3, 3)",Dance,,
DANCE 337,Pilates Studio Ii,"(3, 3)",Dance,,
DANCE/​ART  341,Sound Design For The Performing And Visual Arts,"(3, 3)",Dance,,
DANCE 345,Screendance Production,"(3, 3)",Dance,,
DANCE 355,Dance Composition Ii,"(3, 3)",Dance,,
DANCE 365,Dance History Ii: Directions And Issues Of Contemporary Dance,"(3, 3)",Dance,,
DANCE 368,Dancing Cultures In Greece,"(3, 3)",Dance,,
DANCE 373,Introduction To Dance And Community,"(3, 3)",Dance,,
DANCE 374,Teaching Dance,"(3, 3)",Dance,,
DANCE 375,Pilates Teaching Methods,"(1, 1)",Dance,,
DANCE 376,Pilates Teaching I,"(2, 2)",Dance,,
DANCE 379,Dance Teaching Practicum,"(3, 3)",Dance,,
DANCE 399,Independent Project,"(1, 3)",Dance,,
DANCE/​FOLKLORE/​THEATRE  421,Javanese Performance Repertory,"(2, 2)",Dance,,
DANCE 431,Dance Therapy Practicum,"(3, 3)",Dance,,
DANCE 440,Advanced Production Laboratory,"(1, 1)",Dance,,
DANCE/​ART  441,Advanced Sound Design,"(3, 3)",Dance,,
DANCE 449,Survey Of Interarts And Technology,"(3, 3)",Dance,,
DANCE 451,Dance Repertory Theater,"(1, 3)",Dance,,
DANCE 452,Dance Repertory Theater,"(1, 3)",Dance,,
DANCE 453,Dance Repertory Theatre,"(1, 1)",Dance,,
DANCE 455,Dance Composition Iii,"(2, 3)",Dance,,
DANCE 462,Senior Seminar,"(3, 3)",Dance,,
DANCE 463,Senior Project,"(1, 2)",Dance,,
DANCE 466,Curating The Practice,"(4, 4)",Dance,,
DANCE 469,Interdisciplinary Studies In The Arts,"(1, 4)",Dance,,
DANCE 476,Pilates Teaching Ii,"(3, 3)",Dance,,
DANCE 552,Advanced Dance Repertory And Performance Ii,"(1, 1)",Dance,,
DANCE 560,Current Topics In Dance: Workshop,"(1, 3)",Dance,,
DANCE 567,History Of Screendance,"(3, 3)",Dance,,
DANCE 665,Dance History And Theory,"(3, 3)",Dance,,
DANCE 675,Dance And Community,"(2, 3)",Dance,,
DANCE 679,Dance Field Work,"(2, 4)",Dance,,
DANCE 699,Independent Project,"(0, 3)",Dance,,
DANCE 762,Research Methods,"(3, 3)",Dance,,
DANCE 776,Dance Curriculum And Teaching Practices,"(1, 1)",Dance,,
DANCE 990,Creative Project For Research,"(3, 3)",Dance,,
DANCE 999,Independent Project,"(1, 3)",Dance,,
DERM 601,Skin Biology And Skin Diseases,"(3, 3)",Dermatology,,
DERM 602,Advances In Skin Biology And Skin Diseases,"(2, 2)",Dermatology,,
DERM 904,Science Of Cutaneous Disease,"(2, 2)",Dermatology,,
DERM 910,Independent Reading And Research In Dermatology,"(2, 8)",Dermatology,,
DERM 919,Individualized Clinical Elective In Dermatology,"(2, 4)",Dermatology,,
DERM 953,Dermatology Elective,"(2, 4)",Dermatology,,
DERM 954,Ambulatory Dermatology Elective,"(2, 4)",Dermatology,,
DERM 955,Public Health In Dermatology Selective,"(2, 2)",Dermatology,,
DS 101,Introduction To Textile Design,"(3, 3)",Design Studies,,
DS 120,Design: Fundamentals I,"(3, 3)",Design Studies,,
DS 123,What Is Design?,"(3, 3)",Design Studies,,
DS 130,Introduction To Interior Architecture,"(3, 3)",Design Studies,,
DS 140,Visual Thinking - Form And Space,"(3, 3)",Design Studies,,
DS 150,Visual Thinking - Pixels And Pencils,"(3, 3)",Design Studies,,
DS 153,Sewn Construction I,"(3, 3)",Design Studies,,
DS 154,Sewn Construction Ii,"(3, 3)",Design Studies,,
DS 210,Fashion Illustration,"(3, 3)",Design Studies,,
DS 215,Patternmaking For Accessories,"(3, 3)",Design Studies,,
DS 220,Design: Fundamentals Ii,"(3, 3)",Design Studies,,
DS 221,Person And Environment Interactions,"(3, 3)",Design Studies,,
DS 222,Interior Design I,"(4, 4)",Design Studies,,
DS 223,Interior Architectural Design,"(3, 3)",Design Studies,,
DS 224,Interior Materials And Finishes,"(3, 3)",Design Studies,,
DS 225,Apparel Design I,"(3, 3)",Design Studies,,
DS/​ART  226,Textile Design: Off-Loom Construction,"(3, 3)",Design Studies,,
DS 227,Textile Design: Printing And Dyeing I,"(3, 3)",Design Studies,,
DS 228,Textile Embellishment I,"(3, 3)",Design Studies,,
DS/​ART  229,Textile Design: Weaving I,"(3, 3)",Design Studies,,
DS/​GEN BUS  240,Human-Centered Design And Business,"(2, 2)",Design Studies,,
DS 241,Visual Communication I,"(3, 3)",Design Studies,,
DS 242,Visual Communication Ii,"(3, 3)",Design Studies,,
DS 251,Textile Science,"(3, 3)",Design Studies,,
DS 252,Design Leadership Symposium,"(1, 1)",Design Studies,,
DS 253,Patternmaking For Apparel Design,"(3, 3)",Design Studies,,
DS/​ANTHRO/​ART HIST/​HISTORY/​LAND ARC  264,Dimensions Of Material Culture,"(4, 4)",Design Studies,,
DS 270,Design And Fashion Event Practicum,"(2, 2)",Design Studies,,
DS 299,Independent Study,"(1, 3)",Design Studies,,
DS 319,Cloth To Clothing,"(3, 3)",Design Studies,,
DS 321,Problem-Definition: Design Programming,"(3, 3)",Design Studies,,
DS 322,Interior Design Ii,"(4, 4)",Design Studies,,
DS 327,Textile Design: Manual/Computer Generated Imagery And Pattern,"(3, 3)",Design Studies,,
DS 333,Digital Fabrication For Designers,"(3, 3)",Design Studies,,
DS 341,Design Thinking For Transformation,"(3, 3)",Design Studies,,
DS 355,"History Of Fashion, 1400-Present","(3, 3)",Design Studies,,
DS 361,Design-Related International Experience,"(1, 6)",Design Studies,,
DS/​ART HIST  363,American Decorative Arts And Interiors: 1620-1840,"(3, 4)",Design Studies,,
DS 401,Fit Accessories Design,"(1, 6)",Design Studies,,
DS 402,Fit Advertising And Marketing Communications,"(1, 6)",Design Studies,,
DS 403,Fit Communication Design Foundation,"(1, 6)",Design Studies,,
DS 404,Fit Fashion Business Management,"(1, 6)",Design Studies,,
DS 405,Fit Fashion Design,"(1, 6)",Design Studies,,
DS 406,Fit Textile Design And Science,"(1, 6)",Design Studies,,
DS 407,Fit Related Area,"(1, 6)",Design Studies,,
DS 421,History Of Architecture And Interiors I: Antiquity Through 18Th Century,"(3, 3)",Design Studies,,
DS 422,History Of Architecture & Interiors Ii: 19Th And 20Th Centuries,"(3, 3)",Design Studies,,
DS 427,Textile Design: Printing And Dyeing Ii,"(3, 3)",Design Studies,,
DS 428,Textile Embellishment Ii,"(3, 3)",Design Studies,,
DS 429,Textile Design: Weaving Ii,"(3, 3)",Design Studies,,
DS 430,History Of Textiles,"(3, 3)",Design Studies,,
DS 451,Color Theory And Technology,"(3, 3)",Design Studies,,
DS 501,Special Topics,"(1, 3)",Design Studies,,
DS/​COMP SCI/​I SY E  518,Wearable Technology,"(3, 3)",Design Studies,,
DS 519,Collection Development,"(3, 3)",Design Studies,,
DS 521,Environments Of Crisis & Design,"(3, 3)",Design Studies,,
DS 527,Global Artisans,"(3, 3)",Design Studies,,
DS 528,Experimental Textile Design,"(2, 3)",Design Studies,,
DS 529,Building A Sustainable Creative Practice,"(3, 3)",Design Studies,,
DS 549,"Environmental Control Systems: Lighting, Acoustics, And Thermal Comfort In Buildings","(3, 3)",Design Studies,,
DS 561,Textiles: Specifications And End Use Analysis,"(3, 3)",Design Studies,,
DS 570,Design And Fashion Event Management,"(3, 3)",Design Studies,,
DS/​COMP SCI  579,Virtual Reality,"(3, 3)",Design Studies,,
DS 601,Internship,"(1, 8)",Design Studies,,
DS 620,Visual Thinking For Problem Solving,"(3, 3)",Design Studies,,
DS 622,Interior Design Iii,"(4, 4)",Design Studies,,
DS 623,Interior Design Iv,"(4, 4)",Design Studies,,
DS 624,Interior Architecture Professional Practice,"(3, 3)",Design Studies,,
DS 626,Interior Design V,"(4, 4)",Design Studies,,
DS/​LAND ARC  639,Culture And Built Environment,"(3, 3)",Design Studies,,
DS 641,Advanced Design Thinking For Transformation,"(3, 3)",Design Studies,,
DS 642,Taste,"(3, 3)",Design Studies,,
DS 650,Collaborative Design Capstone,"(3, 3)",Design Studies,,
DS 679,Research Methods In Design,"(3, 3)",Design Studies,,
DS 680,Senior Honors Thesis,"(2, 4)",Design Studies,,
DS 690,Senior Thesis,"(2, 4)",Design Studies,,
DS 699,Independent Study,"(1, 6)",Design Studies,,
DS/​ANTHRO/​ART HIST/​HISTORY/​LAND ARC  764,Dimensions Of Material Culture,"(4, 4)",Design Studies,,
DS 920,Seminar In Design Studies,"(1, 3)",Design Studies,,
DS/​F&W ECOL/​URB R PL  955,Practical Research Design And Methods Of Empirical Inquiry,"(3, 3)",Design Studies,,
DS 990,Research And Thesis,"(1, 12)",Design Studies,,
DS 999,Independent Study,"(1, 3)",Design Studies,,
ECON 100,Economic Approach To Current Issues,"(3, 4)",Economics,,
ECON 101,Principles Of Microeconomics,"(4, 4)",Economics,,
ECON 102,Principles Of Macroeconomics,"(3, 4)",Economics,,
ECON 109,Study Abroad In Introductory Economics,"(1, 4)",Economics,,
ECON 111,Principles Of Economics-Accelerated Treatment,"(4, 4)",Economics,,
ECON 205,Quantitative Tools For Economics,"(3, 4)",Economics,,
ECON 228,Internship Economics,"(1, 1)",Economics,,
ECON 299,Directed Study,"(1, 3)",Economics,,
ECON/​FINANCE  300,Introduction To Finance,"(3, 3)",Economics,,
ECON 301,Intermediate Microeconomic Theory,"(4, 4)",Economics,,
ECON 302,Intermediate Macroeconomic Theory,"(4, 4)",Economics,,
ECON/​HIST SCI  305,Development Of Economic Thought,"(3, 4)",Economics,,
ECON/​A A E/​REAL EST/​URB R PL  306,The Real Estate Process,"(3, 3)",Economics,,
ECON 309,Study Abroad In Intermediate Economics,"(1, 4)",Economics,,
ECON 310,Statistics: Measurement In Economics,"(4, 4)",Economics,,
ECON 311,Intermediate Microeconomic Theory - Advanced Treatment,"(3, 3)",Economics,,
ECON 312,Intermediate Macroeconomic Theory - Advanced Treatment,"(3, 3)",Economics,,
ECON 315,Data Visualization For Economists,"(3, 4)",Economics,,
ECON/​FINANCE  320,Investment Theory,"(3, 3)",Economics,,
ECON 321,Sports Economics,"(3, 4)",Economics,,
ECON 325,Economics Of Race In The United States,"(3, 3)",Economics,,
ECON 330,Money And Banking,"(4, 4)",Economics,,
ECON 340,Microeconomics In Popular Culture,"(3, 3)",Economics,,
ECON/​A A E/​ENVIR ST  343,Environmental Economics,"(3, 4)",Economics,,
ECON 350,The Chinese Economy,"(3, 3)",Economics,,
ECON 355,The Economics Of Growing-Up And Getting Old,"(3, 4)",Economics,,
ECON 370,Economics Of Poverty And Inequality,"(3, 3)",Economics,,
ECON/​A A E  371,"Energy, Resources And Economics","(3, 3)",Economics,,
ECON 390,Contemporary Economic Issues,"(3, 4)",Economics,,
ECON 400,Introduction To Applied Econometrics,"(4, 4)",Economics,,
ECON 409,Study Abroad In Advanced Economics,"(1, 4)",Economics,,
ECON 410,Introductory Econometrics,"(4, 4)",Economics,,
ECON/​REAL EST/​URB R PL  420,Urban And Regional Economics,"(3, 3)",Economics,,
ECON/​A A E  421,Economic Decision Analysis,"(4, 4)",Economics,,
ECON 435,The Financial System,"(3, 3)",Economics,,
ECON 441,Analytical Public Finance,"(3, 4)",Economics,,
ECON 442,Macroeconomic Policy,"(3, 4)",Economics,,
ECON 448,Human Resources And Economic Growth,"(3, 4)",Economics,,
ECON/​ENVIR ST/​POLI SCI/​URB R PL  449,Government And Natural Resources,"(3, 4)",Economics,,
ECON 450,Wages And The Labor Market,"(3, 4)",Economics,,
ECON 455,Behavioral Economics,"(3, 4)",Economics,,
ECON 458,Industrial Structure And Competitive Strategy,"(3, 3)",Economics,,
ECON 460,Economic Forecasting,"(3, 4)",Economics,,
ECON 461,International Macroeconomics,"(3, 4)",Economics,,
ECON/​A A E/​INTL BUS  462,Latin American Economic Development,"(3, 3)",Economics,,
ECON 464,International Trade,"(3, 4)",Economics,,
ECON 465,The American Economy To 1865,"(3, 4)",Economics,,
ECON/​HISTORY  466,The American Economy Since 1865,"(3, 4)",Economics,,
ECON 467,International Industrial Organizations,"(3, 4)",Economics,,
ECON 468,Industrial Organization And Imperfect Competition,"(3, 4)",Economics,,
ECON/​A A E  473,Economic Growth And Development In Southeast Asia,"(3, 3)",Economics,,
ECON/​A A E  474,Economic Problems Of Developing Areas,"(3, 3)",Economics,,
ECON 475,Economics Of Growth,"(3, 4)",Economics,,
ECON/​A A E  477,Agricultural And Economic Development In Africa,"(3, 3)",Economics,,
ECON/​FINANCE  503,Markets With Frictions,"(3, 3)",Economics,,
ECON 521,Game Theory And Economic Analysis,"(3, 4)",Economics,,
ECON 522,Law And Economics,"(3, 4)",Economics,,
ECON/​PHILOS  524,Philosophy And Economics,"(3, 3)",Economics,,
ECON/​A A E  526,Quantitative Methods In Agricultural And Applied Economics,"(4, 4)",Economics,,
ECON/​R M I  530,"Insuring Life'S Risks: Health, Aging, And Policy","(3, 3)",Economics,,
ECON/​A A E/​F&W ECOL  531,Natural Resource Economics,"(3, 3)",Economics,,
ECON 535,Experimental Economics,"(3, 3)",Economics,,
ECON/​POP HLTH/​PUB AFFR  548,The Economics Of Health Care,"(3, 4)",Economics,,
ECON 570,Fundamentals Of Data Analytics For Economists,"(3, 4)",Economics,,
ECON 580,Honors Tutorial In Research Project Design,"(3, 3)",Economics,,
ECON 581,Honors Thesis,"(3, 3)",Economics,,
ECON 621,Markets And Models,"(3, 4)",Economics,,
ECON 623,Population Economics,"(3, 4)",Economics,,
ECON 661,Issues In International Macroeconomics,"(3, 4)",Economics,,
ECON/​SOC  663,Population And Society,"(3, 3)",Economics,,
ECON 664,Issues In International Trade,"(3, 4)",Economics,,
ECON 666,Issues In International Finance,"(3, 4)",Economics,,
ECON/​A A E/​ENVIR ST/​URB R PL  671,Energy Economics,"(3, 3)",Economics,,
ECON 681,Senior Honors Thesis,"(3, 3)",Economics,,
ECON 682,Senior Honors Thesis,"(3, 3)",Economics,,
ECON 690,Topics In Economics,"(2, 4)",Economics,,
ECON 691,Senior Thesis,"(1, 3)",Economics,,
ECON 692,Senior Thesis,"(1, 3)",Economics,,
ECON 695,Topics In Economic Data Analysis,"(3, 4)",Economics,,
ECON 698,Directed Study,"(1, 4)",Economics,,
ECON 699,Directed Study,"(1, 4)",Economics,,
ECON 700,Mathematics For Economists,"(3, 3)",Economics,,
ECON 701,Microeconomics I,"(3, 3)",Economics,,
ECON 702,Macroeconomics I,"(3, 3)",Economics,,
ECON 703,Mathematical Economics I,"(3, 4)",Economics,,
ECON 704,Econometrics I,"(3, 3)",Economics,,
ECON 705,Econometrics Ii,"(3, 3)",Economics,,
ECON 706,Econometrics Iii,"(3, 3)",Economics,,
ECON 708,Microeconomics Ii,"(3, 3)",Economics,,
ECON 709,Economic Statistics And Econometrics I,"(3, 4)",Economics,,
ECON 710,Economic Statistics And Econometrics Ii,"(3, 4)",Economics,,
ECON 711,Economic Theory-Microeconomics Sequence,"(3, 3)",Economics,,
ECON 712,Economic Theory-Macroeconomics Sequence,"(3, 3)",Economics,,
ECON 713,Economic Theory: Microeconomics Sequence,"(3, 3)",Economics,,
ECON 714,Economic Theory; Macroeconomics Sequence,"(3, 3)",Economics,,
ECON 715,Econometric Methods,"(3, 3)",Economics,,
ECON 716,Econometric Methods,"(3, 3)",Economics,,
ECON 717,Applied Econometrics,"(3, 3)",Economics,,
ECON 718,Topics In Applied Econometrics,"(3, 3)",Economics,,
ECON 721,Financial Microeconomics,"(3, 3)",Economics,,
ECON 724,Financial Econometrics,"(3, 3)",Economics,,
ECON 725,Machine Learning For Economists,"(3, 3)",Economics,,
ECON 730,International Financial Economics,"(3, 3)",Economics,,
ECON/​PUB AFFR/​URB R PL  734,Regional Economic Problem Analysis,"(3, 3)",Economics,,
ECON 735,Monetary And Financial Theory,"(3, 3)",Economics,,
ECON 736,Macroeconomic Policy,"(3, 3)",Economics,,
ECON 741,Theory Of Public Finance And Fiscal Policy,"(3, 3)",Economics,,
ECON 742,Theory Of Public Finance And Fiscal Policy,"(3, 3)",Economics,,
ECON/​A A E  747,Frontiers In Agricultural Economics 2,"(3, 3)",Economics,,
ECON 750,Labor Economics,"(3, 3)",Economics,,
ECON 751,Survey Of Institutional Aspects Of Labor Economics,"(3, 3)",Economics,,
ECON 761,Industrial Organization Theory,"(3, 3)",Economics,,
ECON 762,Empirical Analysis Of Industrial Organization And Public Policy,"(3, 3)",Economics,,
ECON 770,Data Analytics For Economists,"(3, 3)",Economics,,
ECON/​GEN BUS/​STAT  775,Bayesian Statistics,"(3, 3)",Economics,,
ECON 805,Advanced Microeconomic Theory I,"(3, 3)",Economics,,
ECON 806,Advanced Microeconomic Theory Ii,"(3, 3)",Economics,,
ECON 809,Topics In Microeconomic Theory,"(1, 3)",Economics,,
ECON 810,Advanced Macroeconomic Theory,"(3, 3)",Economics,,
ECON/​URB R PL  845,Advanced Topics In Public Finance,"(1, 4)",Economics,,
ECON/​POP HLTH  848,Health Economics,"(1, 3)",Economics,,
ECON 871,Advanced International Economics,"(3, 3)",Economics,,
ECON 872,Advanced International Economics,"(3, 3)",Economics,,
ECON 880,Topics In Computational Economics,"(3, 3)",Economics,,
ECON 899,Recent Advances In Economics,"(1, 3)",Economics,,
ECON 901,Workshop In Mathematical Economic Theory,"(1, 7)",Economics,,
ECON 902,Workshop In Economic Theory,"(1, 7)",Economics,,
ECON 903,Workshop On Industrial Organization,"(1, 7)",Economics,,
ECON 904,Workshop On Industrial Organization,"(1, 7)",Economics,,
ECON 913,Workshop In Econometrics,"(1, 7)",Economics,,
ECON 914,Workshop In Econometrics,"(1, 7)",Economics,,
ECON/​ANTHRO/​C&E SOC/​SOC  925,Seminar: Socio-Economic Change In Underdeveloped Areas,"(2, 3)",Economics,,
ECON 955,Workshop In Labor Economics,"(1, 7)",Economics,,
ECON 956,Workshop In Labor Economics,"(1, 7)",Economics,,
ECON/​LAW  961,Selected Problems In Trade Regulation-Seminar,"(2, 3)",Economics,,
ECON 965,Workshop On Quantitative Macro-Economic Analysis,"(1, 7)",Economics,,
ECON 966,Workshop On Quantitative Macro-Economic Analysis,"(1, 7)",Economics,,
ECON 968,Workshop On Public Economics,"(1, 7)",Economics,,
ECON 969,Workshop On Public Economics,"(1, 7)",Economics,,
ECON 977,Workshop In International Economics,"(1, 7)",Economics,,
ECON 978,Workshop In International Economics,"(1, 7)",Economics,,
ECON/​AFRICAN/​ANTHRO/​GEOG/​HISTORY/​POLI SCI  983,Interdepartmental Seminar In African Studies Topics,"(3, 3)",Economics,,
ECON 990,Thesis,"(2, 9)",Economics,,
ECON 999,Independent Work,"(2, 9)",Economics,,
ELPA/​LEGAL ST  442,"Civil Rights Laws, The Courts, And Public Education","(3, 3)",Educational Leadership And Policy Analysis,,
ELPA 502,Workshop In Educational Leadership And Policy Analysis,"(1, 3)",Educational Leadership And Policy Analysis,,
ELPA/​ED POL/​LEGAL ST  542,Law And Public Education,"(3, 3)",Educational Leadership And Policy Analysis,,
ELPA 600,Cooperative Program Off-Campus Term,"(0, 0)",Educational Leadership And Policy Analysis,,
ELPA 640,Legal Rights And Responsibilities For Teachers,"(1, 3)",Educational Leadership And Policy Analysis,,
ELPA 662,Expeditions In Evidence-Based Teaching And Learning,"(2, 2)",Educational Leadership And Policy Analysis,,
ELPA 663,Capstone Seminar In Teaching And Learning,"(1, 1)",Educational Leadership And Policy Analysis,,
ELPA 700,Field Experience In Educational Leadership,"(3, 3)",Educational Leadership And Policy Analysis,,
ELPA 701,Introduction To Higher And Post-Secondary Education,"(3, 3)",Educational Leadership And Policy Analysis,,
ELPA 702,Introduction To Educational Leadership,"(3, 3)",Educational Leadership And Policy Analysis,,
ELPA 703,Evaluating And Supporting Quality Classroom Teaching,"(3, 3)",Educational Leadership And Policy Analysis,,
ELPA 710,Introduction To Intercollegiate Athletics Administration,"(3, 3)",Educational Leadership And Policy Analysis,,
ELPA 715,Governance And Administration Of Colleges And Universities,"(3, 3)",Educational Leadership And Policy Analysis,,
ELPA/​COUN PSY/​CURRIC/​ED POL/​ED PSYCH/​RP & SE  719,Introduction To Qualitative Research,"(3, 3)",Educational Leadership And Policy Analysis,,
ELPA 725,Research Methods And Procedures In Educational Administration,"(3, 3)",Educational Leadership And Policy Analysis,,
ELPA 726,Data-Based Decision-Making For Educational Leadership,"(3, 3)",Educational Leadership And Policy Analysis,,
ELPA 735,Leadership For Equity And Diversity,"(3, 3)",Educational Leadership And Policy Analysis,,
ELPA 736,Administration Of Student Services In Higher Education,"(3, 3)",Educational Leadership And Policy Analysis,,
ELPA 750,Coaching Athletics 1: Everyday Practices Of Top Leaders,"(3, 3)",Educational Leadership And Policy Analysis,,
ELPA 751,Leadership And Justice In Sports,"(3, 3)",Educational Leadership And Policy Analysis,,
ELPA 752,Coach As Teacher: Mastering Instructional Practice On And Off The Field,"(3, 3)",Educational Leadership And Policy Analysis,,
ELPA 753,Psychology And Coaching In Sports,"(3, 3)",Educational Leadership And Policy Analysis,,
ELPA 754,Running A Championship System: The Badger Sports Leadership Road Course,"(3, 3)",Educational Leadership And Policy Analysis,,
ELPA 755,Coaching Athletics 2: A Bell Cow Way,"(3, 3)",Educational Leadership And Policy Analysis,,
ELPA/​ED POL/​PUB AFFR  765,Issues In Educational Policy Analysis,"(3, 3)",Educational Leadership And Policy Analysis,,
ELPA/​INTER-HE  770,"Community, Opportunity, And Justice","(3, 3)",Educational Leadership And Policy Analysis,,
ELPA 777,Higher And Post-Secondary Education Capstone Seminar,"(3, 3)",Educational Leadership And Policy Analysis,,
ELPA/​ED PSYCH  780,Teacher Leadership And Learning Communities,"(3, 4)",Educational Leadership And Policy Analysis,,
ELPA/​COUN PSY/​CURRIC/​ED POL/​ED PSYCH/​RP & SE  788,Qualitative Research Methods In Education: Field Methods I,"(3, 3)",Educational Leadership And Policy Analysis,,
ELPA/​COUN PSY/​CURRIC/​ED POL/​ED PSYCH/​RP & SE  789,Qualitative Research Methods In Education: Field Methods Ii,"(3, 3)",Educational Leadership And Policy Analysis,,
ELPA 810,Doctoral Inquiry In Educational Leadership And Policy Analysis,"(3, 3)",Educational Leadership And Policy Analysis,,
ELPA 815,Problems In College And University Administration,"(3, 3)",Educational Leadership And Policy Analysis,,
ELPA/​ED PSYCH  822,Introduction To Quantitative Inquiry In Education,"(3, 3)",Educational Leadership And Policy Analysis,,
ELPA 823,Data Management For Education Policy Analysis,"(3, 3)",Educational Leadership And Policy Analysis,,
ELPA 824,Field Research Designs & Methodologies In Educational Administratn,"(3, 3)",Educational Leadership And Policy Analysis,,
ELPA 825,Advanced Research Methods In Educational Administration,"(3, 3)",Educational Leadership And Policy Analysis,,
ELPA/​ED PSYCH  827,Surveys And Other Quantitative Data Collection Strategies,"(3, 3)",Educational Leadership And Policy Analysis,,
ELPA/​ED POL/​PUB AFFR  830,School Finance And Resource Allocation,"(3, 3)",Educational Leadership And Policy Analysis,,
ELPA 831,Financing Postsecondary Education,"(3, 3)",Educational Leadership And Policy Analysis,,
ELPA 832,Resource Allocation For Equity And Social Justice,"(3, 3)",Educational Leadership And Policy Analysis,,
ELPA/​RP & SE  835,Leadership For Inclusive Schooling,"(3, 3)",Educational Leadership And Policy Analysis,,
ELPA 840,Public School Law,"(3, 3)",Educational Leadership And Policy Analysis,,
ELPA 841,Legal Aspects Of Higher Education,"(3, 3)",Educational Leadership And Policy Analysis,,
ELPA/​ED POL/​ED PSYCH/​RP & SE  842,Legal Foundations Of Special Education And Pupil Services,"(3, 3)",Educational Leadership And Policy Analysis,,
ELPA 844,Technology And School Leadership,"(3, 3)",Educational Leadership And Policy Analysis,,
ELPA 845,School-Level Leadership,"(3, 3)",Educational Leadership And Policy Analysis,,
ELPA 846,The School Superintendency,"(3, 3)",Educational Leadership And Policy Analysis,,
ELPA 847,Instructional Leadership And Teacher Capacity,"(3, 3)",Educational Leadership And Policy Analysis,,
ELPA 848,Professional Development And Organizational Learning,"(3, 3)",Educational Leadership And Policy Analysis,,
ELPA 856,Mobility And Inclusion In Global Higher Education,"(3, 3)",Educational Leadership And Policy Analysis,,
ELPA 860,Organizational Theory And Behavior In Education,"(3, 3)",Educational Leadership And Policy Analysis,,
ELPA 863,"Race, Class And Educational Inequality","(3, 3)",Educational Leadership And Policy Analysis,,
ELPA 870,The Politics Of Education,"(3, 3)",Educational Leadership And Policy Analysis,,
ELPA 875,Theory And Practice Of Educational Planning,"(3, 3)",Educational Leadership And Policy Analysis,,
ELPA 878,The American Community College,"(3, 3)",Educational Leadership And Policy Analysis,,
ELPA 880,Academic Programs In Colleges And Universities,"(3, 3)",Educational Leadership And Policy Analysis,,
ELPA 881,Ideas Of The University: Images Of Higher Learning For The 21St Century,"(3, 3)",Educational Leadership And Policy Analysis,,
ELPA 882,Minority-Serving Institutions Of Higher Education,"(3, 3)",Educational Leadership And Policy Analysis,,
ELPA 883,Perspectives On College Student Identity And Development,"(3, 3)",Educational Leadership And Policy Analysis,,
ELPA 885,Leadership For Study Abroad Programs And International Student Services,"(3, 3)",Educational Leadership And Policy Analysis,,
ELPA 886,Internationalization Of Higher Education,"(3, 3)",Educational Leadership And Policy Analysis,,
ELPA 887,Diversity And Inequality In Higher Education,"(3, 3)",Educational Leadership And Policy Analysis,,
ELPA 888,Assessment In Higher Education,"(3, 3)",Educational Leadership And Policy Analysis,,
ELPA 890,Applied Research In Educational Administration,"(3, 3)",Educational Leadership And Policy Analysis,,
ELPA 900,Internship In Educational Administration,"(1, 3)",Educational Leadership And Policy Analysis,,
ELPA 910,Seminar In Educational Law,"(3, 3)",Educational Leadership And Policy Analysis,,
ELPA 911,Authentic Pedagogy And Achievement,"(3, 3)",Educational Leadership And Policy Analysis,,
ELPA 940,Special Topics Seminar In Educational Leadership,"(1, 3)",Educational Leadership And Policy Analysis,,
ELPA 960,Seminar In Educational Finance,"(3, 3)",Educational Leadership And Policy Analysis,,
ELPA 961,Critical Issues In Educational Policy,"(3, 3)",Educational Leadership And Policy Analysis,,
ELPA 990,Research Or Thesis,"(1, 12)",Educational Leadership And Policy Analysis,,
ELPA 999,Independent Reading,"(1, 3)",Educational Leadership And Policy Analysis,,
ED POL/​HISTORY  107,The History Of The University In The West,"(3, 3)",Educational Policy Studies,,
ED POL 112,Global Education Through Film,"(3, 3)",Educational Policy Studies,,
ED POL 123,"Education, Technology, And Society: Ai, Big Data, And The Digital Divide","(3, 3)",Educational Policy Studies,,
ED POL 134,Media Literacy And Misinformation In Education,"(3, 3)",Educational Policy Studies,,
ED POL 140,Introduction To Education,"(3, 3)",Educational Policy Studies,,
ED POL/​HISTORY  143,History Of Race And Inequality In Urban America,"(3, 3)",Educational Policy Studies,,
ED POL 145,Introduction To Education Policy,"(3, 3)",Educational Policy Studies,,
ED POL 150,Education And Public Policy,"(1, 3)",Educational Policy Studies,,
ED POL/​GEN&WS  160,"Gender, Sexuality, And Education Policy","(3, 3)",Educational Policy Studies,,
ED POL 180,Education And White Supremacy,"(3, 3)",Educational Policy Studies,,
ED POL 197,Listening To The Land,"(3, 3)",Educational Policy Studies,,
ED POL 200,"Race, Ethnicity, And Inequality In American Education","(3, 3)",Educational Policy Studies,,
ED POL 202,Careers In Education,"(3, 3)",Educational Policy Studies,,
ED POL 203,"Internship In Education, Arts, Or Health","(1, 3)",Educational Policy Studies,,
ED POL 205,Language And Social Inequality,"(3, 3)",Educational Policy Studies,,
ED POL 209,Introduction To Quantitative Methods In Education Policy,"(3, 3)",Educational Policy Studies,,
ED POL 210,"Youth, Education, And Society","(3, 3)",Educational Policy Studies,,
ED POL 212,Education For Social Justice,"(3, 3)",Educational Policy Studies,,
ED POL 215,Disability And Education Policy,"(3, 3)",Educational Policy Studies,,
ED POL/​INTL ST  220,Human Rights And Education,"(3, 3)",Educational Policy Studies,,
ED POL 237,"Wealth, Poverty And Inequality: Transnational Perspectives On Policy And Practice In Education","(3, 3)",Educational Policy Studies,,
ED POL 240,Comparative Education,"(3, 3)",Educational Policy Studies,,
ED POL 245,Education In East Asia,"(3, 3)",Educational Policy Studies,,
ED POL/​CURRIC/​LEGAL ST  250,Incarceration And Education,"(3, 3)",Educational Policy Studies,,
ED POL 260,Introduction To International Education Development,"(3, 3)",Educational Policy Studies,,
ED POL 274,Education Studies--Study Abroad/Global Education,"(1, 3)",Educational Policy Studies,,
ED POL 300,School And Society,"(3, 3)",Educational Policy Studies,,
ED POL 305,Democracy And Education,"(3, 3)",Educational Policy Studies,,
ED POL 308,Introduction To Qualitative Research Methods In Education,"(3, 3)",Educational Policy Studies,,
ED POL 309,Applied Quantitative Education Research,"(3, 3)",Educational Policy Studies,,
ED POL 320,"Climate Change, Sustainability, And Education","(3, 3)",Educational Policy Studies,,
ED POL/​INTL ST  335,Globalization And Education,"(3, 3)",Educational Policy Studies,,
ED POL/​CHICLA/​LACIS  342,"Education Across The Americas: Empire, Capitalism, And Resistance","(3, 3)",Educational Policy Studies,,
ED POL 345,Economics Of Education,"(3, 3)",Educational Policy Studies,,
ED POL 350,Topics In Education Studies,"(3, 3)",Educational Policy Studies,,
ED POL 355,The Politics Of Education Injustice In The Us,"(3, 3)",Educational Policy Studies,,
ED POL 399,Independent Reading,"(1, 3)",Educational Policy Studies,,
ED POL/​HISTORY  412,History Of American Education,"(3, 3)",Educational Policy Studies,,
ED POL 423,Education For Global Change,"(3, 3)",Educational Policy Studies,,
ED POL 435,Education In Emergencies,"(3, 3)",Educational Policy Studies,,
ED POL 450,"Rethinking ""After-School"" Education","(3, 3)",Educational Policy Studies,,
ED POL 460,"Immigration, Education, And Equity","(3, 3)",Educational Policy Studies,,
ED POL/​HISTORY  478,Comparative History Of Childhood And Adolescence,"(3, 3)",Educational Policy Studies,,
ED POL 500,Topics On Social Issues And Education,"(3, 3)",Educational Policy Studies,,
ED POL 505,Issues In Urban Education In The U.S.,"(3, 3)",Educational Policy Studies,,
ED POL 510,Urban School Policy,"(3, 3)",Educational Policy Studies,,
ED POL/​CURRIC/​HISTORY/​JEWISH  515,"Holocaust: History, Memory And Education","(3, 3)",Educational Policy Studies,,
ED POL/​CURRIC/​RELIG ST  516,Religion And Public Education,"(3, 3)",Educational Policy Studies,,
ED POL 518,Introduction To Debates In Higher Education Policy,"(3, 3)",Educational Policy Studies,,
ED POL 525,Is College Possible? College Access And Admissions In The Us,"(3, 3)",Educational Policy Studies,,
ED POL/​ELPA/​LEGAL ST  542,Law And Public Education,"(3, 3)",Educational Policy Studies,,
ED POL/​PHILOS  545,Philosophical Conceptions Of Teaching And Learning,"(3, 3)",Educational Policy Studies,,
ED POL/​PHILOS  550,Philosophy Of Moral Education,"(3, 3)",Educational Policy Studies,,
ED POL/​GEN&WS  560,Gender And Education,"(3, 3)",Educational Policy Studies,,
ED POL/​AFROAMER  567,History Of African American Education,"(3, 3)",Educational Policy Studies,,
ED POL/​ANTHRO  570,Anthropology And Education,"(3, 3)",Educational Policy Studies,,
ED POL 575,Education Policy And Practice,"(3, 3)",Educational Policy Studies,,
ED POL 580,Participatory And Community-Based Research And Evaluation,"(3, 3)",Educational Policy Studies,,
ED POL 585,Family And Community Engagement In Education,"(3, 3)",Educational Policy Studies,,
ED POL 595,Language Politics And Education,"(3, 3)",Educational Policy Studies,,
ED POL 600,Problems In Educational Policy,"(3, 3)",Educational Policy Studies,,
ED POL 601,Research And Evaluation For Equity,"(3, 3)",Educational Policy Studies,,
ED POL 602,Statistics For Research And Evaluation,"(3, 3)",Educational Policy Studies,,
ED POL 603,Research And Evaluation Design And Methods,"(3, 3)",Educational Policy Studies,,
ED POL 605,Using Secondary Data: Applied Quantitative Analysis,"(3, 3)",Educational Policy Studies,,
ED POL 606,Research And Evaluation Planning And Management,"(3, 3)",Educational Policy Studies,,
ED POL/​HISTORY  612,History Of Student Activism From The Popular Front To Black Lives Matter,"(3, 3)",Educational Policy Studies,,
ED POL/​HISTORY  622,History Of Radical And Experimental Education In The Us And Uk,"(3, 3)",Educational Policy Studies,,
ED POL/​SOC  648,Sociology Of Education,"(3, 3)",Educational Policy Studies,,
ED POL/​HISTORY  665,History Of The Federal Role In American Education,"(3, 3)",Educational Policy Studies,,
ED POL 675,Introduction To Comparative And International Education,"(3, 3)",Educational Policy Studies,,
ED POL 688,Introduction To Survey Methods For Education Research,"(3, 3)",Educational Policy Studies,,
ED POL 699,Independent Reading,"(1, 3)",Educational Policy Studies,,
ED POL 701,Introduction To Educational Policy Studies,"(3, 3)",Educational Policy Studies,,
ED POL/​AFROAMER/​HISTORY  712,Education And The Civil Rights Movement,"(3, 3)",Educational Policy Studies,,
ED POL/​HISTORY  713,History Of Higher Education In Europe And America,"(3, 3)",Educational Policy Studies,,
ED POL/​COUN PSY/​CURRIC/​ED PSYCH/​ELPA/​RP & SE  719,Introduction To Qualitative Research,"(3, 3)",Educational Policy Studies,,
ED POL 743,Cost-Effectiveness & Benefit-Cost Analysis In Education,"(3, 3)",Educational Policy Studies,,
ED POL 745,Political Economy And Education,"(3, 3)",Educational Policy Studies,,
ED POL 750,"African Education: Past, Present And Future","(3, 3)",Educational Policy Studies,,
ED POL/​C&E SOC/​SOC  755,Methods Of Qualitative Research,"(3, 3)",Educational Policy Studies,,
ED POL 760,Critical Development Studies And Education,"(3, 3)",Educational Policy Studies,,
ED POL 761,Migration And Education,"(3, 3)",Educational Policy Studies,,
ED POL/​ELPA/​PUB AFFR  765,Issues In Educational Policy Analysis,"(3, 3)",Educational Policy Studies,,
ED POL 780,Special Topics In Educational Policy Studies,"(3, 3)",Educational Policy Studies,,
ED POL/​COUN PSY/​CURRIC/​ED PSYCH/​ELPA/​RP & SE  788,Qualitative Research Methods In Education: Field Methods I,"(3, 3)",Educational Policy Studies,,
ED POL/​COUN PSY/​CURRIC/​ED PSYCH/​ELPA/​RP & SE  789,Qualitative Research Methods In Education: Field Methods Ii,"(3, 3)",Educational Policy Studies,,
ED POL/​GEN&WS/​PUB AFFR  805,Gender Issues In International Educational Policy,"(3, 3)",Educational Policy Studies,,
ED POL 810,Education And Resistance In Community-Based Spaces,"(3, 3)",Educational Policy Studies,,
ED POL/​ELPA/​PUB AFFR  830,School Finance And Resource Allocation,"(3, 3)",Educational Policy Studies,,
ED POL/​ED PSYCH/​ELPA/​RP & SE  842,Legal Foundations Of Special Education And Pupil Services,"(3, 3)",Educational Policy Studies,,
ED POL/​CURRIC  855,Issues In Elementary Education,"(3, 3)",Educational Policy Studies,,
ED POL 860,Proseminar: Theory And Method In Comparative Education,"(3, 3)",Educational Policy Studies,,
ED POL 870,Theories Of Social And Educational Change,"(3, 3)",Educational Policy Studies,,
ED POL/​HISTORY  903,History Of Education Of Multicultural America,"(3, 3)",Educational Policy Studies,,
ED POL/​HISTORY  906,Proseminar On The History Of Education,"(3, 3)",Educational Policy Studies,,
ED POL/​HISTORY  907,Seminar-History Of Education,"(1, 3)",Educational Policy Studies,,
ED POL/​SOC  908,Seminar-Sociology Of Education,"(3, 3)",Educational Policy Studies,,
ED POL 911,Seminar In Urban Education,"(3, 3)",Educational Policy Studies,,
ED POL/​SOC  955,Seminar-Qualitative Methodology,"(3, 3)",Educational Policy Studies,,
ED POL 962,Seminar In Cross National Studies Of Educational Problems,"(3, 3)",Educational Policy Studies,,
ED POL/​ANTHRO  970,Seminar In Anthropology And Education,"(3, 3)",Educational Policy Studies,,
ED POL 990,Research Or Thesis,"(1, 12)",Educational Policy Studies,,
ED POL 999,Independent Reading,"(1, 3)",Educational Policy Studies,,
ED PSYCH/​ASIAN/​COUN PSY/​PSYCH  120,The Art And Science Of Human Flourishing,"(3, 3)",Educational Psychology,,
ED PSYCH 215,Probably Correct: How To Think With Statistics And Data,"(3, 3)",Educational Psychology,,
ED PSYCH 301,How People Learn,"(3, 3)",Educational Psychology,,
ED PSYCH 320,Human Development In Infancy And Childhood,"(2, 3)",Educational Psychology,,
ED PSYCH 321,Human Development In Adolescence,"(2, 3)",Educational Psychology,,
ED PSYCH 322,The Psychology And Moral Development Of Forgiveness,"(3, 3)",Educational Psychology,,
ED PSYCH 326,"Mind, Brain And Education","(3, 3)",Educational Psychology,,
ED PSYCH 331,Human Development From Childhood Through Adolescence,"(3, 3)",Educational Psychology,,
ED PSYCH 470,Research Experience In Educational Psychology,"(1, 6)",Educational Psychology,,
ED PSYCH 501,Thinking And Learning,"(3, 4)",Educational Psychology,,
ED PSYCH 505,Fundamental Statistics In Learning Analytics,"(1, 1)",Educational Psychology,,
ED PSYCH 506,Contemporary Issues In Educational Psychology,"(3, 3)",Educational Psychology,,
ED PSYCH 509,Embodied Cognition & Education,"(3, 3)",Educational Psychology,,
ED PSYCH 525,Learning Analytics Theory And Practice,"(5, 6)",Educational Psychology,,
ED PSYCH 533,"Thinking, Feeling, & Learning","(3, 3)",Educational Psychology,,
ED PSYCH 540,Introduction To Professional School Psychology,"(2, 2)",Educational Psychology,,
ED PSYCH 541,Applied Behavior Analysis In Classrooms,"(3, 3)",Educational Psychology,,
ED PSYCH 542,The Biological Basis Of Behavior,"(3, 3)",Educational Psychology,,
ED PSYCH 551,Quantitative Ethnography,"(3, 4)",Educational Psychology,,
ED PSYCH 560,Foundations Of Quantitative And Qualitative Research Methods,"(6, 6)",Educational Psychology,,
ED PSYCH 570,Foundations Of Educational Measurement,"(3, 3)",Educational Psychology,,
ED PSYCH 575,Instructional Design For Learning Analytics,"(3, 3)",Educational Psychology,,
ED PSYCH 615,Conversations And Visualizations,"(3, 3)",Educational Psychology,,
ED PSYCH 621,Adolescent Development In Educational Contexts,"(2, 2)",Educational Psychology,,
ED PSYCH/​COM ARTS  626,Youth Development And Social Media: Interdisciplinary Training Seminar,"(1, 1)",Educational Psychology,,
ED PSYCH 631,Supervision Of School Personnel,"(1, 1)",Educational Psychology,,
ED PSYCH 632,Practicum In Supervision Of School Personnel,"(1, 1)",Educational Psychology,,
ED PSYCH 633,Supporting Students' Social/Emotional Well-Being,"(3, 3)",Educational Psychology,,
ED PSYCH 640,Foundations Of Instructional Coaching,"(3, 3)",Educational Psychology,,
ED PSYCH 641,Organizational Change And Instructional Coaching,"(3, 3)",Educational Psychology,,
ED PSYCH 642,Assessment Analysis And Instructional Decision-Making,"(3, 3)",Educational Psychology,,
ED PSYCH 643,Practicum For Instructional Coaching,"(2, 2)",Educational Psychology,,
ED PSYCH 695,Capstone In Learning Analytics,"(5, 6)",Educational Psychology,,
ED PSYCH 699,Independent Reading Undergrad,"(1, 6)",Educational Psychology,,
ED PSYCH 709,Seminar In Research In Educational Psychology I,"(3, 3)",Educational Psychology,,
ED PSYCH 710,Seminar In Research In Educational Psychology Ii,"(3, 3)",Educational Psychology,,
ED PSYCH 711,Current Topics In Educational Psychology,"(1, 3)",Educational Psychology,,
ED PSYCH 712,Educational Psychology Diversity Seminar,"(1, 1)",Educational Psychology,,
ED PSYCH/​COUN PSY/​CURRIC/​ED POL/​ELPA/​RP & SE  719,Introduction To Qualitative Research,"(3, 3)",Educational Psychology,,
ED PSYCH 720,Child Development,"(3, 3)",Educational Psychology,,
ED PSYCH 721,Adolescent Development,"(3, 3)",Educational Psychology,,
ED PSYCH/​COUN PSY  723,Developmental Processes Across The Life Span,"(3, 3)",Educational Psychology,,
ED PSYCH/​HDFS  725,Theory And Issues In Human Development,"(3, 3)",Educational Psychology,,
ED PSYCH/​COUN PSY/​HDFS  726,Ethnic And Racial Diversity In Social Development,"(3, 3)",Educational Psychology,,
ED PSYCH/​COUN PSY/​RP & SE  736,Seminar In Psychology Of Individual Differences,"(3, 3)",Educational Psychology,,
ED PSYCH/​COUN PSY/​RP & SE  737,Seminar In History And Systems Of Psychology,"(3, 3)",Educational Psychology,,
ED PSYCH 740,Cognitive Assessment Of Children In The Schools,"(3, 3)",Educational Psychology,,
ED PSYCH 741,"Social, Emotional, And Behavioral Assessment","(3, 3)",Educational Psychology,,
ED PSYCH 742,Assessment And Intervention For Academic Skill Problems,"(3, 3)",Educational Psychology,,
ED PSYCH 743,Design And Analysis Of Single-Case Research,"(3, 3)",Educational Psychology,,
ED PSYCH 745,Designing And Managing The Learning Environment,"(2, 2)",Educational Psychology,,
ED PSYCH 752,Engaging With Education Research,"(3, 3)",Educational Psychology,,
ED PSYCH 760,Statistical Methods Applied To Education I,"(3, 3)",Educational Psychology,,
ED PSYCH 761,Statistical Methods Applied To Education Ii,"(3, 3)",Educational Psychology,,
ED PSYCH 762,Introduction To The Design Of Educational Experiments,"(3, 3)",Educational Psychology,,
ED PSYCH 763,Regression Models In Education,"(3, 3)",Educational Psychology,,
ED PSYCH/​COMP SCI/​PSYCH  770,Human-Computer Interaction,"(3, 3)",Educational Psychology,,
ED PSYCH 771,Test Construction,"(3, 3)",Educational Psychology,,
ED PSYCH 773,"Factor Analysis, Multidimensional Scaling And Cluster Analysis","(3, 3)",Educational Psychology,,
ED PSYCH/​ELPA  780,Teacher Leadership And Learning Communities,"(3, 4)",Educational Psychology,,
ED PSYCH/​COUN PSY/​CURRIC/​ED POL/​ELPA/​RP & SE  788,Qualitative Research Methods In Education: Field Methods I,"(3, 3)",Educational Psychology,,
ED PSYCH/​COUN PSY/​CURRIC/​ED POL/​ELPA/​RP & SE  789,Qualitative Research Methods In Education: Field Methods Ii,"(3, 3)",Educational Psychology,,
ED PSYCH 791,Master Of Science For Professional Educators Capstone,"(1, 4)",Educational Psychology,,
ED PSYCH 795,Introduction To Learning Sciences I,"(3, 3)",Educational Psychology,,
ED PSYCH 796,Introduction To The Learning Sciences Ii,"(3, 3)",Educational Psychology,,
ED PSYCH/​CURRIC/​L I S  803,Computational Research Methods,"(3, 3)",Educational Psychology,,
ED PSYCH/​CURRIC  821,Constructionism,"(3, 3)",Educational Psychology,,
ED PSYCH/​ELPA  822,Introduction To Quantitative Inquiry In Education,"(3, 3)",Educational Psychology,,
ED PSYCH/​ELPA  827,Surveys And Other Quantitative Data Collection Strategies,"(3, 3)",Educational Psychology,,
ED PSYCH 828,Beginning Practicum In School Psychology,"(1, 1)",Educational Psychology,,
ED PSYCH 829,Clinic Practicum In School Psychology,"(3, 3)",Educational Psychology,,
ED PSYCH 830,Field Practicum In School Psychology,"(6, 6)",Educational Psychology,,
ED PSYCH 840,Advanced Practicum In School Psychology,"(1, 1)",Educational Psychology,,
ED PSYCH/​ED POL/​ELPA/​RP & SE  842,Legal Foundations Of Special Education And Pupil Services,"(3, 3)",Educational Psychology,,
ED PSYCH 844,Childhood And Adolescent Psychopathology In Schools,"(3, 3)",Educational Psychology,,
ED PSYCH 845,Psychopharmacological Treatments For Children And Adolescents,"(3, 3)",Educational Psychology,,
ED PSYCH 871,Test Theory Ii,"(3, 3)",Educational Psychology,,
ED PSYCH/​HDFS/​NURSING/​SOC WORK  880,Prevention Science,"(3, 3)",Educational Psychology,,
ED PSYCH/​HDFS/​NURSING/​SOC WORK  881,Capstone Seminar In Prevention Science,"(1, 1)",Educational Psychology,,
ED PSYCH 921,Seminar In Adolescent Development,"(2, 3)",Educational Psychology,,
ED PSYCH 925,Advanced Seminar In Human Development,"(2, 3)",Educational Psychology,,
ED PSYCH 942,Systems Of Consultation In School Psychology,"(2, 3)",Educational Psychology,,
ED PSYCH 943,Internship In School Psychology,"(1, 12)",Educational Psychology,,
ED PSYCH/​SOC WORK  945,Evaluation Research,"(3, 3)",Educational Psychology,,
ED PSYCH 946,Advanced Assessment And Intervention Techniques,"(3, 3)",Educational Psychology,,
ED PSYCH 947,Evidenced-Based Child And Adolescent Psychotherapy,"(3, 3)",Educational Psychology,,
ED PSYCH 948,Research And Measurement Seminar In School Psychology,"(3, 3)",Educational Psychology,,
ED PSYCH 960,Structural Equation Modeling,"(3, 3)",Educational Psychology,,
ED PSYCH 963,Design & Analysis Of Quasi-Experiments For Causal Inference,"(3, 3)",Educational Psychology,,
ED PSYCH 964,Hierarchical Linear Modeling,"(3, 3)",Educational Psychology,,
ED PSYCH 965,Applied Bayesian Statistics For Education Research,"(3, 3)",Educational Psychology,,
ED PSYCH 971,Advanced Seminar In Educational Measurement And Statistics,"(1, 2)",Educational Psychology,,
ED PSYCH 990,Research Or Thesis,"(1, 12)",Educational Psychology,,
ED PSYCH/​COUN PSY/​PSYCH/​RP & SE  995,Predoctoral Internship,"(0, 0)",Educational Psychology,,
ED PSYCH 999,Independent Reading,"(1, 3)",Educational Psychology,,
E C E 1,Cooperative Education Program,"(1, 1)",Electrical And Computer Engineering,,
E C E 203,"Signals, Information, And Computation","(3, 3)",Electrical And Computer Engineering,,
E C E 204,Data Science & Engineering,"(3, 3)",Electrical And Computer Engineering,,
E C E 210,Introductory Experience In Electrical Engineering,"(2, 2)",Electrical And Computer Engineering,,
E C E 219,Analytical Methods For Electromagnetics Engineering,"(2, 2)",Electrical And Computer Engineering,,
E C E 220,Electrodynamics I,"(3, 3)",Electrical And Computer Engineering,,
E C E 222,Electrodynamics I,"(4, 4)",Electrical And Computer Engineering,,
E C E 230,Circuit Analysis,"(4, 4)",Electrical And Computer Engineering,,
E C E/​PHYSICS  235,Introduction To Solid State Electronics,"(3, 3)",Electrical And Computer Engineering,,
E C E/​COMP SCI  252,Introduction To Computer Engineering,"(3, 3)",Electrical And Computer Engineering,,
E C E 270,Circuits Laboratory I,"(1, 1)",Electrical And Computer Engineering,,
E C E 271,Circuits Laboratory Ii,"(1, 1)",Electrical And Computer Engineering,,
E C E 303,Introduction To Real-Time Digital Signal Processing,"(2, 2)",Electrical And Computer Engineering,,
E C E 304,Electric Machines Laboratory,"(1, 1)",Electrical And Computer Engineering,,
E C E 305,Semiconductor Properties Laboratory,"(1, 1)",Electrical And Computer Engineering,,
E C E 313,Optoelectronics Lab,"(1, 1)",Electrical And Computer Engineering,,
E C E 315,Introductory Microprocessor Laboratory,"(1, 1)",Electrical And Computer Engineering,,
E C E 317,Sensors Laboratory,"(1, 1)",Electrical And Computer Engineering,,
E C E 320,Electrodynamics Ii,"(3, 3)",Electrical And Computer Engineering,,
E C E 330,Signals And Systems,"(3, 3)",Electrical And Computer Engineering,,
E C E 331,Introduction To Random Signal Analysis And Statistics,"(3, 3)",Electrical And Computer Engineering,,
E C E 332,Feedback Control Systems,"(3, 3)",Electrical And Computer Engineering,,
E C E 334,State Space Systems Analysis,"(3, 3)",Electrical And Computer Engineering,,
E C E 335,Microelectronic Devices,"(3, 3)",Electrical And Computer Engineering,,
E C E 340,Electronic Circuits I,"(3, 3)",Electrical And Computer Engineering,,
E C E 342,Electronic Circuits Ii,"(3, 3)",Electrical And Computer Engineering,,
E C E/​COMP SCI  352,Digital System Fundamentals,"(3, 3)",Electrical And Computer Engineering,,
E C E 353,Introduction To Microprocessor Systems,"(3, 3)",Electrical And Computer Engineering,,
E C E/​COMP SCI  354,Machine Organization And Programming,"(3, 3)",Electrical And Computer Engineering,,
E C E 355,Electromechanical Energy Conversion,"(3, 3)",Electrical And Computer Engineering,,
E C E 356,Electric Power Processing For Alternative Energy Systems,"(3, 3)",Electrical And Computer Engineering,,
E C E 370,Advanced Laboratory,"(2, 2)",Electrical And Computer Engineering,,
E C E 376,Electrical And Electronic Circuits,"(3, 3)",Electrical And Computer Engineering,,
E C E 377,Fundamentals Of Electrical And Electro-Mechanical Power Conversion,"(3, 3)",Electrical And Computer Engineering,,
E C E 379,Special Topics In Electrical And Computer Engineering,"(1, 4)",Electrical And Computer Engineering,,
E C E 399,Independent Study,"(1, 3)",Electrical And Computer Engineering,,
E C E 401,Electro-Acoustical Engineering,"(3, 3)",Electrical And Computer Engineering,,
E C E 411,Introduction To Electric Drive Systems,"(3, 3)",Electrical And Computer Engineering,,
E C E 412,Power Electronic Circuits,"(3, 3)",Electrical And Computer Engineering,,
E C E 420,Electromagnetic Wave Transmission,"(3, 3)",Electrical And Computer Engineering,,
E C E 427,Electric Power Systems,"(3, 3)",Electrical And Computer Engineering,,
E C E 431,Digital Signal Processing,"(3, 3)",Electrical And Computer Engineering,,
E C E 432,Digital Signal Processing Laboratory,"(3, 3)",Electrical And Computer Engineering,,
E C E 434,Photonics,"(3, 3)",Electrical And Computer Engineering,,
E C E/​COMP SCI/​MATH  435,Introduction To Cryptography,"(3, 3)",Electrical And Computer Engineering,,
E C E 436,Communication Systems I,"(3, 3)",Electrical And Computer Engineering,,
E C E 437,Communication Systems Ii,"(3, 3)",Electrical And Computer Engineering,,
E C E/​M E  439,Introduction To Robotics,"(3, 3)",Electrical And Computer Engineering,,
E C E/​M E  441,"Kinematics, Dynamics, And Control Of Robotic Manipulators","(3, 3)",Electrical And Computer Engineering,,
E C E 445,Semiconductor Physics And Devices,"(3, 3)",Electrical And Computer Engineering,,
E C E 447,Applied Communications Systems,"(3, 3)",Electrical And Computer Engineering,,
E C E 453,Embedded Microprocessor System Design,"(4, 4)",Electrical And Computer Engineering,,
E C E 454,Mobile Computing Laboratory,"(4, 4)",Electrical And Computer Engineering,,
E C E 455,Capstone Design In Electrical And Computer Engineering,"(4, 4)",Electrical And Computer Engineering,,
E C E/​B M E  462,Medical Instrumentation,"(3, 3)",Electrical And Computer Engineering,,
E C E/​B M E  463,Computers In Medicine,"(3, 3)",Electrical And Computer Engineering,,
E C E 466,Electronics Of Solids,"(3, 3)",Electrical And Computer Engineering,,
E C E 489,Honors In Research,"(1, 3)",Electrical And Computer Engineering,,
E C E 491,Senior Design Project,"(3, 3)",Electrical And Computer Engineering,,
E C E 504,Electric Machine & Drive System Laboratory,"(2, 3)",Electrical And Computer Engineering,,
E C E/​COMP SCI  506,Software Engineering,"(3, 3)",Electrical And Computer Engineering,,
E C E 511,Theory And Control Of Synchronous Machines,"(3, 3)",Electrical And Computer Engineering,,
E C E 512,Power Electronics Laboratory,"(3, 3)",Electrical And Computer Engineering,,
E C E/​COMP SCI/​I SY E  524,Introduction To Optimization,"(3, 3)",Electrical And Computer Engineering,,
E C E/​N E/​PHYSICS  525,Introduction To Plasmas,"(3, 3)",Electrical And Computer Engineering,,
E C E/​N E/​PHYSICS  527,Plasma Confinement And Heating,"(3, 3)",Electrical And Computer Engineering,,
E C E/​N E  528,Plasma Processing And Technology,"(3, 3)",Electrical And Computer Engineering,,
E C E/​COMP SCI/​M E  532,Matrix Methods In Machine Learning,"(3, 3)",Electrical And Computer Engineering,,
E C E/​COMP SCI  533,Image Processing,"(3, 3)",Electrical And Computer Engineering,,
E C E 536,Integrated Optics And Optoelectronics,"(3, 3)",Electrical And Computer Engineering,,
E C E 537,Communication Networks,"(3, 3)",Electrical And Computer Engineering,,
E C E/​COMP SCI/​M E  539,Introduction To Artificial Neural Networks,"(3, 3)",Electrical And Computer Engineering,,
E C E 541,Analog Mos Integrated Circuit Design,"(3, 3)",Electrical And Computer Engineering,,
E C E 542,Introduction To Microelectromechanical Systems,"(3, 3)",Electrical And Computer Engineering,,
E C E 545,Advanced Microwave Measurements For Communications,"(3, 3)",Electrical And Computer Engineering,,
E C E 547,Advanced Communications Circuit Design,"(3, 3)",Electrical And Computer Engineering,,
E C E 548,Integrated Circuit Design,"(3, 3)",Electrical And Computer Engineering,,
E C E 549,Integrated Circuit Fabrication Laboratory,"(4, 4)",Electrical And Computer Engineering,,
E C E 551,Digital System Design And Synthesis,"(3, 3)",Electrical And Computer Engineering,,
E C E/​COMP SCI  552,Introduction To Computer Architecture,"(3, 3)",Electrical And Computer Engineering,,
E C E 553,Testing And Testable Design Of Digital Systems,"(3, 3)",Electrical And Computer Engineering,,
E C E 554,Digital Engineering Laboratory,"(4, 4)",Electrical And Computer Engineering,,
E C E 555,Digital Circuits And Components,"(3, 3)",Electrical And Computer Engineering,,
E C E 556,Design Automation Of Digital Systems,"(3, 3)",Electrical And Computer Engineering,,
E C E/​COMP SCI  561,Probability And Information Theory In Machine Learning,"(3, 3)",Electrical And Computer Engineering,,
E C E/​I SY E  570,Ethics Of Data For Engineers,"(3, 3)",Electrical And Computer Engineering,,
E C E/​M E  576,"Printed And Flexible Electronics: Manufacturing, Devices, And Applications","(3, 3)",Electrical And Computer Engineering,,
E C E/​M E  577,Automatic Controls Laboratory,"(4, 4)",Electrical And Computer Engineering,,
E C E 601,Special Topics In Electrical And Computer Engineering,"(1, 4)",Electrical And Computer Engineering,,
E C E 610,Seminar In Electrical And Computer Engineering,"(1, 1)",Electrical And Computer Engineering,,
E C E 611,Introduction To Doctoral Research In Electrical & Computer Engineering,"(2, 2)",Electrical And Computer Engineering,,
E C E/​MATH  641,Introduction To Error-Correcting Codes,"(3, 3)",Electrical And Computer Engineering,,
E C E 697,Capstone Project In Machine Learning And Signal Processing,"(5, 5)",Electrical And Computer Engineering,,
E C E 699,Advanced Independent Study,"(1, 6)",Electrical And Computer Engineering,,
E C E 702,Graduate Cooperative Education Program,"(1, 2)",Electrical And Computer Engineering,,
E C E/​COMP SCI  707,Mobile And Wireless Networking,"(3, 3)",Electrical And Computer Engineering,,
E C E 711,Dynamics And Control Of Ac Drives,"(3, 3)",Electrical And Computer Engineering,,
E C E 712,Solid State Power Conversion,"(3, 3)",Electrical And Computer Engineering,,
E C E 713,Electromagnetic Design Of Ac Machines,"(3, 3)",Electrical And Computer Engineering,,
E C E 714,Utility Application Of Power Electronics,"(3, 3)",Electrical And Computer Engineering,,
E C E 717,Linear Systems,"(3, 3)",Electrical And Computer Engineering,,
E C E/​B M I/​COMP SCI/​MED PHYS  722,Computational Optics And Imaging,"(3, 3)",Electrical And Computer Engineering,,
E C E 723,On-Line Control Of Power Systems,"(3, 3)",Electrical And Computer Engineering,,
E C E/​N E/​PHYSICS  724,Waves And Instabilities In Plasmas,"(3, 3)",Electrical And Computer Engineering,,
E C E/​N E/​PHYSICS  725,Plasma Kinetic Theory And Radiation Processes,"(3, 3)",Electrical And Computer Engineering,,
E C E/​N E/​PHYSICS  726,Plasma Magnetohydrodynamics,"(3, 3)",Electrical And Computer Engineering,,
E C E 729,Information Theory,"(3, 3)",Electrical And Computer Engineering,,
E C E 730,Probability And Random Processes,"(3, 3)",Electrical And Computer Engineering,,
E C E 731,Advanced Power System Analysis,"(3, 3)",Electrical And Computer Engineering,,
E C E/​M E  732,Dynamics Of Controlled Systems,"(3, 3)",Electrical And Computer Engineering,,
E C E/​M E  733,Advanced Computer Control Of Machines And Processes,"(3, 3)",Electrical And Computer Engineering,,
E C E 734,Vlsi Array Structures For Digital Signal Processing,"(3, 3)",Electrical And Computer Engineering,,
E C E 735,Signal Synthesis And Recovery Techniques,"(3, 3)",Electrical And Computer Engineering,,
E C E 736,Wireless Communications,"(3, 3)",Electrical And Computer Engineering,,
E C E 738,Advanced Digital Image Processing,"(3, 3)",Electrical And Computer Engineering,,
E C E 740,Electromagnetic Theory,"(3, 3)",Electrical And Computer Engineering,,
E C E 741,Semiconductor Diode Lasers And Other Optoelectronic Devices,"(3, 3)",Electrical And Computer Engineering,,
E C E 742,Computational Methods In Electromagnetics,"(3, 3)",Electrical And Computer Engineering,,
E C E 743,High-Power Diode Lasers And Amplifiers,"(3, 3)",Electrical And Computer Engineering,,
E C E 744,Theory Of Microwave Circuits And Devices,"(3, 3)",Electrical And Computer Engineering,,
E C E 745,Solid State Electronics,"(3, 3)",Electrical And Computer Engineering,,
E C E/​PHYSICS  746,Quantum Electronics,"(3, 3)",Electrical And Computer Engineering,,
E C E 747,Nanophotonics,"(3, 3)",Electrical And Computer Engineering,,
E C E/​PHYSICS  748,Linear Waves,"(3, 3)",Electrical And Computer Engineering,,
E C E/​N E/​PHYSICS  749,Coherent Generation And Particle Beams,"(3, 3)",Electrical And Computer Engineering,,
E C E/​COMP SCI  750,Real-Time Computing Systems,"(3, 3)",Electrical And Computer Engineering,,
E C E 751,Embedded Computing Systems,"(3, 3)",Electrical And Computer Engineering,,
E C E/​COMP SCI  752,Advanced Computer Architecture I,"(3, 3)",Electrical And Computer Engineering,,
E C E 753,Fault-Tolerant Computing,"(3, 3)",Electrical And Computer Engineering,,
E C E/​COMP SCI  755,Vlsi Systems Design,"(3, 3)",Electrical And Computer Engineering,,
E C E/​COMP SCI  756,Computer-Aided Design For Vlsi,"(3, 3)",Electrical And Computer Engineering,,
E C E/​COMP SCI  757,Advanced Computer Architecture Ii,"(3, 3)",Electrical And Computer Engineering,,
E C E/​COMP SCI/​E M A/​E P/​M E  759,High Performance Computing For Applications In Engineering,"(3, 3)",Electrical And Computer Engineering,,
E C E/​COMP SCI  760,Machine Learning,"(3, 3)",Electrical And Computer Engineering,,
E C E/​COMP SCI  761,Mathematical Foundations Of Machine Learning,"(3, 3)",Electrical And Computer Engineering,,
E C E/​COMP SCI  766,Computer Vision,"(3, 3)",Electrical And Computer Engineering,,
E C E/​CBE/​MATH  777,"Nonlinear Dynamics, Bifurcations And Chaos","(3, 3)",Electrical And Computer Engineering,,
E C E/​B M E/​MED PHYS  778,Machine Learning In Ultrasound Imaging,"(3, 3)",Electrical And Computer Engineering,,
E C E/​COMP SCI  782,Advanced Computer Security And Privacy,"(3, 3)",Electrical And Computer Engineering,,
E C E 790,Master'S Research,"(1, 9)",Electrical And Computer Engineering,,
E C E 817,Nonlinear Systems,"(3, 3)",Electrical And Computer Engineering,,
E C E 821,Optimal Control And Variational Methods,"(3, 3)",Electrical And Computer Engineering,,
E C E 826,Theoretical Foundations Of Large-Scale Machine Learning,"(3, 3)",Electrical And Computer Engineering,,
E C E 830,Estimation And Decision Theory,"(3, 3)",Electrical And Computer Engineering,,
E C E 835,Light Interactions With Quantum Materials,"(3, 3)",Electrical And Computer Engineering,,
E C E 841,Antennas,"(3, 3)",Electrical And Computer Engineering,,
E C E/​MATH  842,Topics In Applied Algebra,"(3, 3)",Electrical And Computer Engineering,,
E C E 845,Transport In Semiconductor Devices,"(3, 3)",Electrical And Computer Engineering,,
E C E/​PHYSICS  848,Nonlinear Waves,"(3, 3)",Electrical And Computer Engineering,,
E C E/​COMP SCI/​STAT  861,Theoretical Foundations Of Machine Learning,"(3, 3)",Electrical And Computer Engineering,,
E C E/​MATH/​STAT  888,Topics In Mathematical Data Science,"(1, 3)",Electrical And Computer Engineering,,
E C E 890,Pre-Dissertator'S Research,"(1, 9)",Electrical And Computer Engineering,,
E C E 901,Special Topics In Electrical And Computer Engineering,"(1, 3)",Electrical And Computer Engineering,,
E C E/​N E/​PHYSICS  922,Seminar In Plasma Physics,"(0, 1)",Electrical And Computer Engineering,,
E C E 990,Dissertator'S Research,"(1, 12)",Electrical And Computer Engineering,,
E C E 999,Advanced Independent Study,"(1, 3)",Electrical And Computer Engineering,,
EMER MED 699,Independent Study,"(1, 4)",Emergency Medicine,,
EMER MED 909,Emergency Medicine Internship Prep Course,"(1, 1)",Emergency Medicine,,
EMER MED 911,Introduction To Prehospital Medicine And Determinants Of Utilization Of The Prehospital System,"(2, 2)",Emergency Medicine,,
EMER MED 912,Guatemala Health Advanced Elective,"(2, 2)",Emergency Medicine,,
EMER MED 913,Guatemala Public Health Field Project,"(2, 2)",Emergency Medicine,,
EMER MED 914,Wilderness Medicine,"(2, 2)",Emergency Medicine,,
EMER MED 919,Individualized Phase 3 Clinical Elective In Emergency Medicine,"(2, 4)",Emergency Medicine,,
EMER MED 920,Art And Science Of Resuscitation,"(2, 2)",Emergency Medicine,,
EMER MED 930,Wilderness Medicine,"(1, 1)",Emergency Medicine,,
EMER MED 940,Pediatric Emergency Medicine Elective,"(2, 2)",Emergency Medicine,,
EMER MED 958,Introduction To Bedside Ultrasound Elective,"(2, 2)",Emergency Medicine,,
EMER MED 959,Emergency Medicine Regional Site,"(2, 4)",Emergency Medicine,,
EMER MED 960,Basic Emergency Medicine (Em) Elective,"(2, 2)",Emergency Medicine,,
EMER MED 961,Advanced Em Elective,"(4, 4)",Emergency Medicine,,
EMER MED 970,Teaching In Emergency Medicine,"(2, 4)",Emergency Medicine,,
EMER MED 990,Independent Reading And Research In Emergency Medicine,"(2, 8)",Emergency Medicine,,
EMER MED 998,Independent Study,"(1, 8)",Emergency Medicine,,
E M A 1,Cooperative Education Program,"(1, 1)",Engineering Mechanics And Aerospace Engineering,,
E M A 103,Principles Of Engineering From The Renaissance To Modern Times,"(3, 3)",Engineering Mechanics And Aerospace Engineering,,
E M A 105,Introduction To Unmanned Aircraft Systems,"(3, 3)",Engineering Mechanics And Aerospace Engineering,,
E M A 200,Introduction To Mechanics And Aerospace,"(3, 3)",Engineering Mechanics And Aerospace Engineering,,
E M A 201,Statics,"(3, 3)",Engineering Mechanics And Aerospace Engineering,,
E M A 202,Dynamics,"(3, 3)",Engineering Mechanics And Aerospace Engineering,,
E M A 303,Mechanics Of Materials,"(3, 3)",Engineering Mechanics And Aerospace Engineering,,
E M A/​M E  307,Mechanics Of Materials Lab,"(1, 1)",Engineering Mechanics And Aerospace Engineering,,
E M A/​CIV ENGR  395,Materials For Constructed Facilities,"(3, 3)",Engineering Mechanics And Aerospace Engineering,,
E M A 405,Practicum In Finite Elements,"(3, 3)",Engineering Mechanics And Aerospace Engineering,,
E M A 469,Design Problems In Engineering,"(3, 3)",Engineering Mechanics And Aerospace Engineering,,
E M A/​E P  471,Intermediate Problem Solving For Engineers,"(3, 3)",Engineering Mechanics And Aerospace Engineering,,
E M A/​E P  476,Introduction To Scientific Computing For Engineering Physics,"(3, 3)",Engineering Mechanics And Aerospace Engineering,,
E M A 489,Honors In Research,"(1, 3)",Engineering Mechanics And Aerospace Engineering,,
E M A 506,Advanced Mechanics Of Materials I,"(3, 3)",Engineering Mechanics And Aerospace Engineering,,
E M A/​CIV ENGR/​M E  508,Composite Materials,"(3, 3)",Engineering Mechanics And Aerospace Engineering,,
E M A 519,Fracture Mechanics,"(3, 3)",Engineering Mechanics And Aerospace Engineering,,
E M A 521,Aerodynamics,"(3, 3)",Engineering Mechanics And Aerospace Engineering,,
E M A 522,Aerodynamics Lab,"(3, 3)",Engineering Mechanics And Aerospace Engineering,,
E M A 523,Flight Dynamics And Control,"(3, 3)",Engineering Mechanics And Aerospace Engineering,,
E M A 524,Rocket Propulsion,"(3, 3)",Engineering Mechanics And Aerospace Engineering,,
E M A/​M E  540,Experimental Vibration And Dynamic System Analysis,"(3, 3)",Engineering Mechanics And Aerospace Engineering,,
E M A/​M S & E  541,Heterogeneous And Multiphase Materials,"(3, 3)",Engineering Mechanics And Aerospace Engineering,,
E M A 542,Advanced Dynamics,"(3, 3)",Engineering Mechanics And Aerospace Engineering,,
E M A 545,Mechanical Vibrations,"(3, 3)",Engineering Mechanics And Aerospace Engineering,,
E M A/​E P  547,Engineering Analysis I,"(3, 3)",Engineering Mechanics And Aerospace Engineering,,
E M A/​E P  548,Engineering Analysis Ii,"(3, 3)",Engineering Mechanics And Aerospace Engineering,,
E M A/​ASTRON  550,Astrodynamics,"(3, 3)",Engineering Mechanics And Aerospace Engineering,,
E M A 569,Senior Design Project,"(3, 3)",Engineering Mechanics And Aerospace Engineering,,
E M A/​M E  570,Experimental Mechanics,"(3, 3)",Engineering Mechanics And Aerospace Engineering,,
E M A 599,Independent Study,"(1, 3)",Engineering Mechanics And Aerospace Engineering,,
E M A 601,Special Topics In Engineering Mechanics,"(1, 3)",Engineering Mechanics And Aerospace Engineering,,
E M A 605,Introduction To Finite Elements,"(3, 3)",Engineering Mechanics And Aerospace Engineering,,
E M A 610,Structural Finite Element Model Validation,"(3, 3)",Engineering Mechanics And Aerospace Engineering,,
E M A 611,Advanced Mechanical Testing Of Materials,"(3, 3)",Engineering Mechanics And Aerospace Engineering,,
E M A/​E P  615,Micro- And Nanoscale Mechanics,"(3, 3)",Engineering Mechanics And Aerospace Engineering,,
E M A 630,Viscoelastic Solids,"(3, 3)",Engineering Mechanics And Aerospace Engineering,,
E M A 642,Satellite Dynamics,"(3, 3)",Engineering Mechanics And Aerospace Engineering,,
E M A 700,Theory Of Elasticity,"(3, 3)",Engineering Mechanics And Aerospace Engineering,,
E M A 702,Graduate Cooperative Education Program,"(1, 2)",Engineering Mechanics And Aerospace Engineering,,
E M A/​M E  703,Plasticity Theory And Physics,"(3, 3)",Engineering Mechanics And Aerospace Engineering,,
E M A 705,Advanced Topics In Finite Elements,"(3, 3)",Engineering Mechanics And Aerospace Engineering,,
E M A/​M E  708,Advanced Composite Materials,"(3, 3)",Engineering Mechanics And Aerospace Engineering,,
E M A 710,Mechanics Of Continua,"(3, 3)",Engineering Mechanics And Aerospace Engineering,,
E M A/​M E  722,Introduction To Polymer Rheology,"(3, 3)",Engineering Mechanics And Aerospace Engineering,,
E M A 742,Theory And Applications In Advanced Dynamics,"(3, 3)",Engineering Mechanics And Aerospace Engineering,,
E M A 745,Advanced Methods In Structural Dynamics,"(3, 3)",Engineering Mechanics And Aerospace Engineering,,
E M A 747,Nonlinear And Random Mechanical Vibrations,"(3, 3)",Engineering Mechanics And Aerospace Engineering,,
E M A/​COMP SCI/​E C E/​E P/​M E  759,High Performance Computing For Applications In Engineering,"(3, 3)",Engineering Mechanics And Aerospace Engineering,,
E M A/​CIV ENGR/​M E  775,Turbulent Heat And Momentum Transfer,"(3, 3)",Engineering Mechanics And Aerospace Engineering,,
E M A 790,Master'S Research And Thesis,"(1, 9)",Engineering Mechanics And Aerospace Engineering,,
E M A 890,Pre-Dissertator Research,"(1, 9)",Engineering Mechanics And Aerospace Engineering,,
E M A 990,Research And Thesis,"(1, 12)",Engineering Mechanics And Aerospace Engineering,,
E P 271,Engineering Problem Solving I,"(3, 3)",Engineering Physics,,
E P 418,Sustainable Energy Challenges And Solutions,"(1, 1)",Engineering Physics,,
E P 468,Introduction To Engineering Research,"(1, 1)",Engineering Physics,,
E P 469,Research Proposal In Engineering Physics,"(1, 1)",Engineering Physics,,
E P/​E M A  471,Intermediate Problem Solving For Engineers,"(3, 3)",Engineering Physics,,
E P/​E M A  476,Introduction To Scientific Computing For Engineering Physics,"(3, 3)",Engineering Physics,,
E P/​E M A  547,Engineering Analysis I,"(3, 3)",Engineering Physics,,
E P/​E M A  548,Engineering Analysis Ii,"(3, 3)",Engineering Physics,,
E P/​M E  566,Cryogenics,"(3, 3)",Engineering Physics,,
E P 568,Research Practicum In Engineering Physics I,"(3, 3)",Engineering Physics,,
E P 569,Research Practicum In Engineering Physics Ii,"(3, 3)",Engineering Physics,,
E P 602,Special Topics In Engineering Physics,"(1, 3)",Engineering Physics,,
E P/​E M A  615,Micro- And Nanoscale Mechanics,"(3, 3)",Engineering Physics,,
E P/​COMP SCI/​E C E/​E M A/​M E  759,High Performance Computing For Applications In Engineering,"(3, 3)",Engineering Physics,,
E P/​M E  777,Vacuum Technology,"(3, 3)",Engineering Physics,,
E P 920,Engineering Physics Graduate Seminar,"(0, 1)",Engineering Physics,,
E P D 275,Technical Presentations,"(2, 2)",Engineering Professional Development,,
E P D 361,Fundamentals Of Engine Thermodynamics,"(2, 2)",Engineering Professional Development,,
E P D 398,Technical Communications Internship,"(1, 1)",Engineering Professional Development,,
E P D 416,Engineering Applications Of Statistics,"(3, 3)",Engineering Professional Development,,
E P D 455,Python For Applications In Engineering,"(1, 1)",Engineering Professional Development,,
E P D 499,Senior Independent Study,"(1, 3)",Engineering Professional Development,,
E P D 518,Quality Engineering And Quality Management,"(3, 3)",Engineering Professional Development,,
E P D 605,Fundamentals Of Technical Project Management,"(1, 1)",Engineering Professional Development,,
E P D 606,Leading And Managing Technical Teams,"(1, 1)",Engineering Professional Development,,
E P D 610,Engineering Analysis For Decision Making,"(3, 3)",Engineering Professional Development,,
E P D 611,Engineering Economics And Management,"(3, 3)",Engineering Professional Development,,
E P D 612,Technical Project Management,"(3, 3)",Engineering Professional Development,,
E P D 613,International Engineering Strategies And Practices,"(3, 3)",Engineering Professional Development,,
E P D 614,Marketing For Technical Professionals,"(3, 3)",Engineering Professional Development,,
E P D 616,Engineering Law,"(2, 2)",Engineering Professional Development,,
E P D 617,Communicating Technical Information,"(3, 3)",Engineering Professional Development,,
E P D 618,Applied Leadership And Management Of Engineering Organizations,"(3, 3)",Engineering Professional Development,,
E P D 619,Fostering And Leading Innovation,"(3, 3)",Engineering Professional Development,,
E P D 620,Electrified Powertrain Systems,"(2, 2)",Engineering Professional Development,,
E P D 621,Batteries For Xelectrified Vehicles,"(2, 2)",Engineering Professional Development,,
E P D 622,Engine Design I,"(3, 3)",Engineering Professional Development,,
E P D 623,Engine Design Ii,"(3, 3)",Engineering Professional Development,,
E P D 624,Engine Performance And Combustion,"(3, 3)",Engineering Professional Development,,
E P D 625,Engine Gas Dynamics,"(3, 3)",Engineering Professional Development,,
E P D 627,Perspectives On Engine Modeling Seminar,"(1, 1)",Engineering Professional Development,,
E P D 628,Analysis Of Trends In Engines,"(1, 1)",Engineering Professional Development,,
E P D 629,Powertrain Systems And Controls,"(3, 3)",Engineering Professional Development,,
E P D 630,Engine Design Iii,"(3, 3)",Engineering Professional Development,,
E P D 631,Electrified Vehicle-Level Modeling,"(2, 2)",Engineering Professional Development,,
E P D 633,Engine Boosting,"(2, 2)",Engineering Professional Development,,
E P D 635,Exhaust Aftertreatment Systems,"(2, 2)",Engineering Professional Development,,
E P D 636,Introduction To Polymers,"(3, 3)",Engineering Professional Development,,
E P D 637,Polymer Characterization,"(3, 3)",Engineering Professional Development,,
E P D 638,Polymer Coatings,"(3, 3)",Engineering Professional Development,,
E P D 639,Plastics Recycling And Sustainability,"(3, 3)",Engineering Professional Development,,
E P D 640,Introductory Polymer Rheology,"(3, 3)",Engineering Professional Development,,
E P D 642,Thermodynamics Of Engine Systems,"(3, 3)",Engineering Professional Development,,
E P D 645,Electric Machines For Traction Applications,"(2, 2)",Engineering Professional Development,,
E P D 646,Electric Drives For Traction Applications,"(2, 2)",Engineering Professional Development,,
E P D 647,Trends In Electrification Seminar,"(1, 1)",Engineering Professional Development,,
E P D 650,Introduction To Polymers Processing,"(3, 3)",Engineering Professional Development,,
E P D 654,Teaching In Science And Engineering,"(2, 3)",Engineering Professional Development,,
E P D 660,Core Competencies Of Sustainability,"(3, 3)",Engineering Professional Development,,
E P D 669,Sustainable Systems Engineering Capstone,"(3, 3)",Engineering Professional Development,,
E P D 678,Supply Chain Management For Engineers,"(3, 3)",Engineering Professional Development,,
E P D 690,Special Topics In Engineering Professional Development,"(1, 3)",Engineering Professional Development,,
E P D 699,Independent Study,"(1, 3)",Engineering Professional Development,,
E P D 701,Writing For Professionals,"(1, 1)",Engineering Professional Development,,
E P D 702,Professional Presentations,"(1, 1)",Engineering Professional Development,,
E P D 704,Organizational Communication And Problem Solving,"(1, 1)",Engineering Professional Development,,
E P D 706,Change Management,"(1, 1)",Engineering Professional Development,,
E P D 708,Creating Breakthrough Innovations,"(1, 1)",Engineering Professional Development,,
E P D 710,Foundations Of Engineering Leadership,"(2, 2)",Engineering Professional Development,,
E P D 712,Ethics For Professionals,"(1, 1)",Engineering Professional Development,,
E P D 720,Engine Noise And Vibration,"(2, 2)",Engineering Professional Development,,
E P D 730,Sustainable Facilities,"(3, 3)",Engineering Professional Development,,
E P D 731,Energy Efficiency In Buildings,"(3, 3)",Engineering Professional Development,,
E P D/​ACCT I S/​GEN BUS  781,Financial And Business Acumen,"(1, 1)",Engineering Professional Development,,
E P D/​GEN BUS/​MARKETNG  782,Marketing For Non-Marketing Professionals,"(1, 1)",Engineering Professional Development,,
E P D/​GEN BUS/​M H R  783,Leading Teams,"(1, 1)",Engineering Professional Development,,
E P D/​GEN BUS/​OTM  784,Project Management Essentials,"(1, 1)",Engineering Professional Development,,
E P D/​GEN BUS/​M H R  785,Effective Negotiation Strategies,"(1, 1)",Engineering Professional Development,,
ESL 110,Intensive English As A Second Language,"(4, 6)",English As A Second Language,,
ESL 113,Essentials Of Academic Reading And Writing,"(3, 3)",English As A Second Language,,
ESL 114,Intermediate English Language Skills,"(3, 3)",English As A Second Language,,
ESL 115,Grammar For Academic Use,"(3, 3)",English As A Second Language,,
ESL 116,Academic Reading And Vocabulary Skills,"(3, 3)",English As A Second Language,,
ESL 117,Academic Writing I,"(3, 3)",English As A Second Language,,
ESL 118,Academic Writing Ii,"(3, 3)",English As A Second Language,,
ESL 200,Academic And Professional Speaking Skills For English Language Learners,"(2, 2)",English As A Second Language,,
ESL 328,Academic Skills Workshops,"(1, 3)",English As A Second Language,,
ESL 343,Oral Communication Skills,"(3, 3)",English As A Second Language,,
ESL 344,Academic Presentations And Discussion,"(2, 3)",English As A Second Language,,
ESL 345,American English Pronunciation,"(1, 1)",English As A Second Language,,
ESL 349,Academic Writing For Graduate Students,"(2, 3)",English As A Second Language,,
ESL 350,Professional And Academic Writing Skills,"(2, 3)",English As A Second Language,,
ESL 352,English For Lawyers,"(3, 3)",English As A Second Language,,
ESL 370,International Ta Training,"(0, 2)",English As A Second Language,,
ENGL 100,Introduction To College Composition,"(3, 3)",English,,
ENGL/​THEATRE  120,Introduction To Theatre And Dramatic Literature,"(3, 4)",English,,
ENGL 140,Comm B Topics In English Literature,"(4, 4)",English,,
ENGL 141,Science Fiction And Fantasy,"(3, 3)",English,,
ENGL 142,Mystery And Crime Fiction,"(3, 3)",English,,
ENGL 143,The Graphic Novel,"(3, 3)",English,,
ENGL/​GEN&WS  144,Women'S Writing,"(3, 3)",English,,
ENGL 145,American Dreamers,"(3, 3)",English,,
ENGL/​ASIAN AM  150,Literature & Culture Of Asian America,"(3, 3)",English,,
ENGL/​ENVIR ST  153,Literature And The Environment,"(3, 3)",English,,
ENGL 155,Myth And Literature,"(3, 3)",English,,
ENGL 156,Literature And Medicine,"(3, 3)",English,,
ENGL/​LEGAL ST  160,Truth And Crime,"(3, 3)",English,,
ENGL 162,Shakespeare,"(3, 3)",English,,
ENGL 167,British And American Writers,"(3, 3)",English,,
ENGL 168,Modern Literature,"(3, 3)",English,,
ENGL 169,Modern American Literature,"(3, 3)",English,,
ENGL 171,"Literature, Gender, And Sexuality","(3, 3)",English,,
ENGL/​AMER IND  172,Literatures Of Native America,"(3, 3)",English,,
ENGL 173,Ethnic And Multicultural Literature,"(3, 3)",English,,
ENGL 174,Literature And Social Justice,"(3, 3)",English,,
ENGL 175,Literature And The Other Disciplines,"(3, 3)",English,,
ENGL 176,Topics In Literature And Film,"(3, 3)",English,,
ENGL 177,Literature And Popular Culture,"(3, 3)",English,,
ENGL 178,"Digital Media, Literature, And Culture","(3, 3)",English,,
ENGL 179,Introduction To Language And Ideology,"(3, 3)",English,,
ENGL 181,First-Year Honors Seminar,"(3, 3)",English,,
ENGL 182,Introduction To Literature For Honors,"(3, 3)",English,,
ENGL 200,Writing Studio,"(1, 1)",English,,
ENGL 201,Intermediate Composition,"(3, 3)",English,,
ENGL 204,"Studies In Writing, Rhetoric, And Literacy","(3, 3)",English,,
ENGL 207,Introduction To Creative Writing: Fiction And Poetry Workshop,"(3, 3)",English,,
ENGL 214,The English Language,"(3, 3)",English,,
ENGL 220,Shakespearean Drama,"(3, 3)",English,,
ENGL/​LITTRANS  223,Vladimir Nabokov: Russian And American Writings,"(3, 3)",English,,
ENGL 224,Introduction To Poetry,"(3, 3)",English,,
ENGL 236,Bascom Course,"(3, 3)",English,,
ENGL 241,Literature And Culture I: To The 18Th Century,"(3, 3)",English,,
ENGL 242,Literature And Culture Ii: From The 18Th Century To The Present,"(3, 3)",English,,
ENGL 243,American Literary Cultures,"(3, 3)",English,,
ENGL 245,Seminar In The Major,"(3, 3)",English,,
ENGL/​AMER IND  246,Literature By American Indian Women,"(3, 3)",English,,
ENGL/​GEN&WS  248,Women In Ethnic American Literature,"(3, 3)",English,,
ENGL/​GEN&WS  250,Women In Literature,"(3, 3)",English,,
ENGL/​ASIAN AM  270,A Survey Of Asian American Literature,"(3, 3)",English,,
ENGL 271,Writing With New Media,"(3, 3)",English,,
ENGL 279,"Topics In English, Study Abroad - Literature","(1, 6)",English,,
ENGL 304,History And Theory Of Rhetoric And Writing Studies,"(3, 3)",English,,
ENGL/​ENVIR ST  305,"Rhetoric, Science, And Public Engagement","(3, 3)",English,,
ENGL 307,Creative Writing: Fiction And Poetry Workshop,"(3, 3)",English,,
ENGL 314,Structure Of English,"(3, 3)",English,,
ENGL 315,English Phonology,"(3, 3)",English,,
ENGL 316,English Language Variation In The U.S.,"(3, 3)",English,,
ENGL 318,Second Language Acquisition,"(3, 3)",English,,
ENGL 319,"Language, Race, And Identity","(3, 3)",English,,
ENGL 320,Linguistic Theory And Child Language,"(3, 3)",English,,
ENGL 328,The Sixteenth Century,"(3, 3)",English,,
ENGL 334,Eighteenth Century Literature And Culture,"(3, 3)",English,,
ENGL 335,Stage And Page In The Long Eighteenth Century,"(3, 3)",English,,
ENGL 336,Eighteenth-Century Novel,"(3, 3)",English,,
ENGL 340,Romantic Literature And Culture,"(3, 3)",English,,
ENGL 345,Nineteenth-Century Novel,"(3, 3)",English,,
ENGL 346,Victorian Poetry,"(3, 3)",English,,
ENGL/​GEN&WS  350,Special Topics In Gender & Literature,"(3, 3)",English,,
ENGL 351,Modernist Novel,"(3, 3)",English,,
ENGL 352,Modernist Poetry,"(3, 3)",English,,
ENGL 353,British Literature Since 1900,"(3, 3)",English,,
ENGL 357,Major American Poets,"(3, 3)",English,,
ENGL/​GEN&WS  359,Visionary And Speculative Fiction: Social Justice Approaches,"(3, 3)",English,,
ENGL/​HISTORY/​RELIG ST  360,The Anglo-Saxons,"(3, 3)",English,,
ENGL 361,Modern And Contemporary American Literature,"(3, 3)",English,,
ENGL/​CHICLA  368,Chicana/O And Latina/O Literatures,"(3, 3)",English,,
ENGL/​JEWISH  370,Jewish Humor,"(3, 4)",English,,
ENGL 373,Contemporary Poetry,"(3, 3)",English,,
ENGL 374,African And African Diaspora Literature And Culture,"(3, 3)",English,,
ENGL 375,Literatures Of Migration And Diaspora,"(3, 3)",English,,
ENGL 376,Literature And Animal Studies,"(3, 3)",English,,
ENGL 379,Postcolonial And World Literature,"(3, 3)",English,,
ENGL 400,Advanced Composition,"(3, 3)",English,,
ENGL/​GEN&WS  401,"Race, Sex, And Texts (How To Do Things With Writing)","(3, 3)",English,,
ENGL 403,Seminar On Tutoring Writing Across The Curriculum,"(3, 3)",English,,
ENGL 407,Creative Writing: Nonfiction Workshop,"(3, 3)",English,,
ENGL 408,Creative Writing: Fiction Workshop,"(3, 3)",English,,
ENGL 409,Creative Writing: Poetry Workshop,"(3, 3)",English,,
ENGL 410,Creative Writing: Playwriting Workshop,"(3, 3)",English,,
ENGL 411,Creative Writing: Special Topics Workshop,"(3, 3)",English,,
ENGL 412,Bad Grammar And Metalinguistic Awareness,"(3, 3)",English,,
ENGL 413,"English Words: Grammar, Culture, Mind","(3, 3)",English,,
ENGL 414,Global Spread Of English,"(3, 3)",English,,
ENGL 415,Introduction To Tesol Methods,"(3, 3)",English,,
ENGL 416,English In Society,"(3, 3)",English,,
ENGL 417,History Of The English Language,"(3, 3)",English,,
ENGL 420,Topics In English Language And Linguistics,"(3, 3)",English,,
ENGL 422,Outstanding Figure(S) In Literature Before 1800,"(3, 3)",English,,
ENGL/​MEDIEVAL  423,Topic In Medieval Literature And Culture,"(3, 3)",English,,
ENGL/​MEDIEVAL  424,Medieval Drama,"(3, 3)",English,,
ENGL/​MEDIEVAL  425,Medieval Romance,"(3, 3)",English,,
ENGL/​MEDIEVAL  426,Chaucers Courtly Poetry,"(3, 3)",English,,
ENGL/​MEDIEVAL  427,Chaucer'S Canterbury Tales,"(3, 3)",English,,
ENGL 430,Topic In Early Modern Literature And Culture,"(3, 3)",English,,
ENGL 431,Early Works Of Shakespeare,"(3, 3)",English,,
ENGL 432,Later Works Of Shakespeare,"(3, 3)",English,,
ENGL 433,Spenser,"(3, 3)",English,,
ENGL/​RELIG ST  434,Milton,"(3, 3)",English,,
ENGL 438,Topic In Eighteenth-Century Literature And Culture,"(3, 3)",English,,
ENGL 443,Outstanding Figure(S) In Literature Since 1800,"(3, 3)",English,,
ENGL 444,Topic In Romantic Or Victorian Literature And Culture,"(3, 3)",English,,
ENGL 453,Topic In British Literature And Culture Since 1900,"(3, 3)",English,,
ENGL 454,James Joyce,"(3, 3)",English,,
ENGL 455,A Study Of An Outstanding Figure Or Figures In American Literature,"(3, 3)",English,,
ENGL 456,Topic In Nineteenth-Century American Literature And Culture,"(3, 3)",English,,
ENGL 457,Topic In American Literature And Culture Since 1900,"(3, 3)",English,,
ENGL 458,Major American Writer Or Writers,"(3, 3)",English,,
ENGL 459,Three American Novelists,"(3, 3)",English,,
ENGL/​CHICLA  460,Black And Latinx In Literature And Visual Culture,"(3, 3)",English,,
ENGL 461,Topics In Ethnic And Multicultural Literature,"(3, 3)",English,,
ENGL/​ASIAN AM  462,Topic In Asian American Literature,"(3, 3)",English,,
ENGL/​ASIAN AM/​GEN&WS  463,Race And Sexuality In American Literature,"(3, 3)",English,,
ENGL/​ASIAN AM/​GEN&WS  464,Asian American Women Writers,"(3, 3)",English,,
ENGL/​ASIAN AM  465,Asian American Poetry,"(3, 3)",English,,
ENGL 469,Interdisciplinary Studies In The Arts,"(1, 4)",English,,
ENGL 473,Topic In Postcolonial Or World Literature,"(3, 3)",English,,
ENGL 474,Topic In Contemporary Literature,"(3, 3)",English,,
ENGL 475,Comedy As Genre,"(3, 3)",English,,
ENGL/​THEATRE  477,Diaspora And Theatre,"(3, 3)",English,,
ENGL/​ASIAN  478,"Indian Writers Abroad: Literature, Diaspora And Globalization","(3, 3)",English,,
ENGL 505,Topics In Composition And Rhetoric,"(3, 3)",English,,
ENGL 508,Creative Writing: Advanced Fiction Workshop,"(3, 3)",English,,
ENGL 509,Creative Writing: Advanced Poetry Workshop,"(3, 3)",English,,
ENGL 514,English Syntax,"(3, 3)",English,,
ENGL 515,Techniques And Materials For Tesol,"(3, 3)",English,,
ENGL 516,English Grammar In Use,"(3, 3)",English,,
ENGL/​MEDIEVAL  520,Old English,"(3, 3)",English,,
ENGL/​MEDIEVAL  521,Advanced Old English Literature,"(3, 3)",English,,
ENGL/​HIST SCI/​MED HIST  525,Health And The Humanities,"(3, 3)",English,,
ENGL/​ENVIR ST  533,Topic In Literature And The Environment,"(3, 3)",English,,
ENGL/​JEWISH  539,Jewish Literatures In Diaspora,"(3, 3)",English,,
ENGL 543,"Discourses Of Disability, Antiquity To 1800","(3, 3)",English,,
ENGL/​GEN&WS  545,Feminist Theory And Women'S Writing In English,"(3, 3)",English,,
ENGL 546,Topic In Travel Writing Before 1800,"(3, 3)",English,,
ENGL 548,Topic In Literature And Politics,"(3, 3)",English,,
ENGL 559,Topic In Literary Or Cultural Theory,"(3, 3)",English,,
ENGL 561,Modern Critical Theories,"(3, 3)",English,,
ENGL 571,"Remix, Mashup, And Digital Design","(3, 3)",English,,
ENGL/​THEATRE  575,"British Drama, 1914 To Present","(3, 3)",English,,
ENGL/​THEATRE  576,Survey: Theories Of Drama,"(3, 3)",English,,
ENGL/​THEATRE  577,"Postcolonial Theatre: Drama, Theory And Performance In The Global South","(3, 3)",English,,
ENGL/​THEATRE  578,Modern American Drama And Theatre,"(3, 3)",English,,
ENGL/​JEWISH  593,Literature Of Jewish Identity In America,"(3, 3)",English,,
ENGL/​HIST SCI/​MED HIST  599,Directed Study In Health And The Humanities,"(1, 1)",English,,
ENGL 613,Tesol: Pedagogical Grammar I,"(1, 1)",English,,
ENGL 614,Tesol: Pedagogical Grammar Ii,"(1, 1)",English,,
ENGL 615,Tesol: Teaching Listening And Speaking,"(1, 1)",English,,
ENGL 616,Tesol: Teaching Of Reading,"(1, 1)",English,,
ENGL 617,Tesol: Teaching Of Writing,"(1, 1)",English,,
ENGL 618,Tesol: Teaching Pronunciation,"(1, 1)",English,,
ENGL 622,Topics In English: Study Abroad,"(1, 6)",English,,
ENGL 651,Special Topics In Theatre And Performance Studies Research,"(3, 3)",English,,
ENGL 653,Applied Theatre,"(3, 3)",English,,
ENGL 654,Dramaturgy In Theory And Practice,"(3, 3)",English,,
ENGL 656,"Theatre Of The Avant-Garde, 1850-1950","(3, 3)",English,,
ENGL/​AFROAMER  672,Selected Topics In Afro-American Literature,"(3, 3)",English,,
ENGL 680,Honors Project,"(3, 3)",English,,
ENGL 681,Senior Honors Thesis In The Major,"(3, 3)",English,,
ENGL 682,Senior Honors Thesis In The Major,"(3, 3)",English,,
ENGL 691,Senior Thesis,"(3, 3)",English,,
ENGL 692,Senior Thesis,"(3, 3)",English,,
ENGL 695,Directed Creative Writing,"(3, 3)",English,,
ENGL 699,Directed Study,"(1, 3)",English,,
ENGL 700,Introduction To Composition Studies,"(3, 3)",English,,
ENGL 701,Writing And Learning,"(3, 3)",English,,
ENGL 702,Perspectives On Literacy,"(3, 3)",English,,
ENGL 703,Research Methods In Composition Studies,"(3, 3)",English,,
ENGL/​COM ARTS  704,Intellectual Sources Of Contemporary Composition Theory I-Classical,"(3, 3)",English,,
ENGL 705,Intellectual Sources Of Contemporary Composition Theory Ii-Modern,"(3, 3)",English,,
ENGL 706,Special Topics In Composition Theory,"(3, 3)",English,,
ENGL 708,Advanced English Syntax,"(3, 3)",English,,
ENGL 709,Advanced English Phonology,"(3, 3)",English,,
ENGL/​SOC  710,Interaction Analysis: Talk As Social Organization,"(3, 3)",English,,
ENGL 711,Research Methods In Applied Linguistics,"(3, 3)",English,,
ENGL 713,Topics In Contemporary English Linguistics,"(3, 3)",English,,
ENGL 715,Advanced Second Language Acquisition,"(3, 3)",English,,
ENGL 719,Summer Writing Workshop,"(1, 3)",English,,
ENGL 720,Seminar In Early Modern Studies,"(2, 2)",English,,
ENGL 722,Composition And Critical Theories,"(3, 3)",English,,
ENGL/​THEATRE  731,Advanced Theatre History 500 Bc To 1700,"(3, 3)",English,,
ENGL/​THEATRE  732,Advanced Theatre History 1700 To Present,"(3, 3)",English,,
ENGL/​GEN&WS  737,Feminist Theory And Criticism,"(3, 3)",English,,
ENGL 780,Creative Writing: Graduate Workshop,"(3, 3)",English,,
ENGL 781,Graduate Fiction Workshop,"(3, 3)",English,,
ENGL 782,Graduate Poetry Workshop,"(3, 3)",English,,
ENGL 783,Creative Writing Pedagogy Seminar,"(3, 3)",English,,
ENGL 785,Mfa Thesis,"(3, 6)",English,,
ENGL 790,Proseminar In The Teaching Of Writing,"(1, 1)",English,,
ENGL 795,One-Credit Seminar,"(1, 1)",English,,
ENGL 799,Independent Reading,"(1, 6)",English,,
ENGL 800,Critical Methods In Literary Studies,"(3, 3)",English,,
ENGL/​MEDIEVAL  803,Topics In Medieval Literature,"(3, 3)",English,,
ENGL 804,Topics In Early Modern Literature,"(3, 3)",English,,
ENGL 805,Topics In Eighteenth-Century Literature,"(3, 3)",English,,
ENGL 806,Topics In Romanticism,"(3, 3)",English,,
ENGL 807,Topics In Victorian Literature And Culture,"(3, 3)",English,,
ENGL 808,Topics In Modernism,"(3, 3)",English,,
ENGL 810,Topics In Early American Literature,"(3, 3)",English,,
ENGL 811,Topics In Nineteenth-Century American Literature And Culture,"(3, 3)",English,,
ENGL 812,Topics In American Literature Since 1900,"(3, 3)",English,,
ENGL 813,World And/Or Postcolonial Literature In English,"(3, 3)",English,,
ENGL 814,Topics In Contemporary Literature,"(3, 3)",English,,
ENGL 816,Topics In Ethnic And Multicultural Literature,"(3, 3)",English,,
ENGL 817,Seminar-American Literature,"(3, 3)",English,,
ENGL 820,Topics In Poetry,"(3, 3)",English,,
ENGL 822,Topics In Literary And Cultural Theory,"(3, 3)",English,,
ENGL 825,Topics In Literature And The Environment,"(3, 3)",English,,
ENGL 826,Topics In Digital Studies,"(3, 3)",English,,
ENGL 828,Topics In Material Culture,"(3, 3)",English,,
ENGL 829,Topics In Migration And Diaspora,"(3, 3)",English,,
ENGL 850,Proseminar In Theatre Research,"(2, 2)",English,,
ENGL 851,Advanced Studies In Theatre And Performance Studies Research,"(3, 3)",English,,
ENGL 859,Seminar-Interdisciplinary Theatre Studies,"(2, 3)",English,,
ENGL 879,Advanced Seminar In Literary Studies,"(3, 3)",English,,
ENGL 890,Pre-Dissertator Preliminary Exam Research,"(1, 12)",English,,
ENGL 900,Topics In Composition Study,"(3, 3)",English,,
ENGL 905,Seminar-Topics In Applied English Linguistics,"(3, 3)",English,,
ENGL 906,Seminar-The English Language,"(3, 3)",English,,
ENGL 990,Dissertation Research In English,"(1, 12)",English,,
ENTOM/​AGROECOL/​AGRONOMY/​C&E SOC/​ENVIR ST  103,Agroecology: An Introduction To The Ecology Of Food And Agriculture,"(3, 3)",Entomology,,
ENTOM/​ENVIR ST  201,Insects And Human Culture-A Survey Course In Entomology,"(3, 3)",Entomology,,
ENTOM/​NUTR SCI  203,Introduction To Global Health,"(3, 3)",Entomology,,
ENTOM/​ENVIR ST  205,"Our Planet, Our Health","(3, 3)",Entomology,,
ENTOM 289,Honors Independent Study,"(1, 2)",Entomology,,
ENTOM 299,Independent Study,"(1, 3)",Entomology,,
ENTOM/​ZOOLOGY  302,Introduction To Entomology,"(4, 4)",Entomology,,
ENTOM 321,Physiology Of Insects,"(3, 3)",Entomology,,
ENTOM 331,Taxonomy Of Mature Insects,"(4, 4)",Entomology,,
ENTOM/​M M & I/​PATH-BIO/​ZOOLOGY  350,Parasitology,"(3, 3)",Entomology,,
ENTOM 351,Principles Of Economic Entomology,"(3, 3)",Entomology,,
ENTOM/​ZOOLOGY  371,Medical Entomology: Biology Of Vector And Vector-Borne Diseases,"(3, 4)",Entomology,,
ENTOM 375,Special Topics,"(1, 4)",Entomology,,
ENTOM 399,Coordinative Internship/Cooperative Education,"(1, 8)",Entomology,,
ENTOM 400,Study Abroad In Entomology,"(1, 6)",Entomology,,
ENTOM 432,Taxonomy And Bionomics Of Immature Insects,"(4, 4)",Entomology,,
ENTOM 450,Basic And Applied Insect Ecology,"(3, 3)",Entomology,,
ENTOM 468,Studies In Field Entomology,"(3, 3)",Entomology,,
ENTOM/​BOTANY/​ZOOLOGY  473,Plant-Insect Interactions,"(3, 3)",Entomology,,
ENTOM 490,Biodiversity And Global Change,"(3, 3)",Entomology,,
ENTOM/​BOTANY/​PL PATH  505,Plant-Microbe Interactions: Molecular And Ecological Aspects,"(3, 3)",Entomology,,
ENTOM/​ZOOLOGY  540,Theoretical Ecology,"(3, 3)",Entomology,,
ENTOM 570,Systems Thinking In Global Health,"(3, 3)",Entomology,,
ENTOM/​F&W ECOL/​PL PATH/​SOIL SCI  606,Colloquium In Environmental Toxicology,"(1, 1)",Entomology,,
ENTOM/​GENETICS/​ZOOLOGY  624,Molecular Ecology,"(3, 3)",Entomology,,
ENTOM 681,Senior Honors Thesis,"(2, 4)",Entomology,,
ENTOM 682,Senior Honors Thesis,"(2, 4)",Entomology,,
ENTOM 691,Senior Thesis,"(2, 2)",Entomology,,
ENTOM 692,Senior Thesis,"(1, 3)",Entomology,,
ENTOM 699,Special Problems,"(1, 4)",Entomology,,
ENTOM 701,Advanced Taxonomy,"(3, 3)",Entomology,,
ENTOM/​F&W ECOL  711,Multivariate Analysis Of Ecological And Community Data,"(2, 2)",Entomology,,
ENTOM 799,Practicum In Entomology Teaching,"(1, 3)",Entomology,,
ENTOM 801,Colloquium,"(1, 1)",Entomology,,
ENTOM/​BOTANY/​GENETICS/​ZOOLOGY  820,Foundations Of Evolution,"(2, 2)",Entomology,,
ENTOM/​BOTANY/​F&W ECOL/​ZOOLOGY  821,Foundations Of Ecology,"(2, 2)",Entomology,,
ENTOM 875,Special Topics,"(1, 4)",Entomology,,
ENTOM 901,Seminar In Organismal Entomology,"(1, 1)",Entomology,,
ENTOM/​AGRONOMY/​ATM OCN/​BOTANY/​ENVIR ST/​F&W ECOL/​GEOG/​ZOOLOGY  953,Introduction To Ecology Research At Uw-Madison,"(1, 2)",Entomology,,
ENTOM 990,Graduate Research And Thesis,"(1, 12)",Entomology,,
ENVIR ST/​F&W ECOL  100,Forests Of The World,"(3, 3)",Gaylord Nelson Institute,,
ENVIR ST/​SOIL SCI  101,Forum On The Environment,"(1, 2)",Gaylord Nelson Institute,,
ENVIR ST/​ATM OCN/​GEOSCI  102,Climate And Climate Change,"(3, 3)",Gaylord Nelson Institute,,
ENVIR ST/​AGROECOL/​AGRONOMY/​C&E SOC/​ENTOM  103,Agroecology: An Introduction To The Ecology Of Food And Agriculture,"(3, 3)",Gaylord Nelson Institute,,
ENVIR ST/​GEOSCI  106,Environmental Geology,"(3, 3)",Gaylord Nelson Institute,,
ENVIR ST 112,Environmental Studies: Social Science Perspectives,"(3, 3)",Gaylord Nelson Institute,,
ENVIR ST 113,Environmental Studies: Environmental Humanities,"(3, 3)",Gaylord Nelson Institute,,
ENVIR ST/​GEOG  120,Introduction To The Earth System,"(3, 3)",Gaylord Nelson Institute,,
ENVIR ST/​HIST SCI/​HISTORY  125,Green Screen: Environmental Perspectives Through Film,"(3, 3)",Gaylord Nelson Institute,,
ENVIR ST/​ILS  126,Principles Of Environmental Science,"(4, 4)",Gaylord Nelson Institute,,
ENVIR ST/​GEOG  127,Physical Systems Of The Environment,"(4, 4)",Gaylord Nelson Institute,,
ENVIR ST/​GEOG  139,Global Environmental Issues,"(3, 3)",Gaylord Nelson Institute,,
ENVIR ST/​ENGL  153,Literature And The Environment,"(3, 3)",Gaylord Nelson Institute,,
ENVIR ST/​ATM OCN  171,Global Change: Atmospheric Issues And Problems,"(2, 3)",Gaylord Nelson Institute,,
ENVIR ST 199,Directed Study,"(1, 3)",Gaylord Nelson Institute,,
ENVIR ST/​ENTOM  201,Insects And Human Culture-A Survey Course In Entomology,"(3, 3)",Gaylord Nelson Institute,,
ENVIR ST 202,Careers In The Environment,"(2, 2)",Gaylord Nelson Institute,,
ENVIR ST 203,Special Topics In Environmental Studies,"(1, 3)",Gaylord Nelson Institute,,
ENVIR ST/​ENTOM  205,"Our Planet, Our Health","(3, 3)",Gaylord Nelson Institute,,
ENVIR ST/​GNS  210,"Cultures Of Sustainability: Central, Eastern, And Northern Europe","(3, 3)",Gaylord Nelson Institute,,
ENVIR ST/​HIST SCI  213,Global Environmental Health: An Interdisciplinary Introduction,"(3, 3)",Gaylord Nelson Institute,,
ENVIR ST 215,Sustainability,"(3, 3)",Gaylord Nelson Institute,,
ENVIR ST/​GEOG/​SOIL SCI  230,Soil: Ecosystem And Resource,"(3, 3)",Gaylord Nelson Institute,,
ENVIR ST/​ART HIST/​GEOG/​HISTORY/​LAND ARC  239,Making The American Landscape,"(3, 4)",Gaylord Nelson Institute,,
ENVIR ST/​A A E  244,The Environment And The Global Economy,"(4, 4)",Gaylord Nelson Institute,,
ENVIR ST 251,Ecology And The Global Environment,"(3, 3)",Gaylord Nelson Institute,,
ENVIR ST/​ILS  255,Introduction To Sustainability Science,"(4, 4)",Gaylord Nelson Institute,,
ENVIR ST/​BOTANY/​ZOOLOGY  260,Introductory Ecology,"(3, 3)",Gaylord Nelson Institute,,
ENVIR ST/​RELIG ST  270,The Environment: Religion & Ethics,"(3, 4)",Gaylord Nelson Institute,,
ENVIR ST/​ENGL  305,"Rhetoric, Science, And Public Engagement","(3, 3)",Gaylord Nelson Institute,,
ENVIR ST/​AMER IND  306,Indigenous Peoples And The Environment,"(3, 3)",Gaylord Nelson Institute,,
ENVIR ST 307,Literature Of The Environment: Speaking For Nature,"(3, 3)",Gaylord Nelson Institute,,
ENVIR ST 308,Outdoors For All: Inequities In Environmentalism,"(3, 3)",Gaylord Nelson Institute,,
ENVIR ST/​GEOG  309,"People, Land And Food: Comparative Study Of Agriculture Systems","(3, 3)",Gaylord Nelson Institute,,
ENVIR ST/​ZOOLOGY  315,Limnology-Conservation Of Aquatic Resources,"(2, 2)",Gaylord Nelson Institute,,
ENVIR ST 317,Community Environmental Scholars Program Seminar,"(1, 1)",Gaylord Nelson Institute,,
ENVIR ST/​ATM OCN/​GEOG  322,Polar Regions And Their Importance In The Global Environment,"(3, 3)",Gaylord Nelson Institute,,
ENVIR ST/​SOIL SCI  324,Soils And Environmental Quality,"(3, 3)",Gaylord Nelson Institute,,
ENVIR ST 326,Sustainability Tools: Systems Thinking & Life Cycle Assessment,"(3, 3)",Gaylord Nelson Institute,,
ENVIR ST/​HISTORY  328,Environmental History Of Europe,"(3, 3)",Gaylord Nelson Institute,,
ENVIR ST/​ATM OCN/​GEOG  332,Global Warming: Science And Impacts,"(3, 3)",Gaylord Nelson Institute,,
ENVIR ST/​GEOG  333,Green Urbanism,"(3, 3)",Gaylord Nelson Institute,,
ENVIR ST/​ATM OCN/​GEOG/​GEOSCI  335,Climatic Environments Of The Past,"(3, 3)",Gaylord Nelson Institute,,
ENVIR ST/​GEOG  337,"Nature, Power And Society","(3, 3)",Gaylord Nelson Institute,,
ENVIR ST/​GEOG  339,Environmental Conservation,"(4, 4)",Gaylord Nelson Institute,,
ENVIR ST/​AMER IND  341,Indigenous Environmental Communicators,"(3, 3)",Gaylord Nelson Institute,,
ENVIR ST/​A A E/​ECON  343,Environmental Economics,"(3, 4)",Gaylord Nelson Institute,,
ENVIR ST/​AMER IND/​GEOG  345,Caring For Nature In Native North America,"(3, 3)",Gaylord Nelson Institute,,
ENVIR ST 349,Climate Change Governance,"(3, 3)",Gaylord Nelson Institute,,
ENVIR ST/​ATM OCN  355,Introduction To Air Quality,"(3, 3)",Gaylord Nelson Institute,,
ENVIR ST/​HIST SCI/​RELIG ST  356,"Islam, Science & Technology, And The Environment","(3, 4)",Gaylord Nelson Institute,,
ENVIR ST/​F&W ECOL/​ZOOLOGY  360,Extinction Of Species,"(3, 3)",Gaylord Nelson Institute,,
ENVIR ST/​LAND ARC  361,Wetlands Ecology,"(3, 3)",Gaylord Nelson Institute,,
ENVIR ST 365,Systems Thinking,"(3, 3)",Gaylord Nelson Institute,,
ENVIR ST/​BSE  367,Renewable Energy Systems,"(3, 3)",Gaylord Nelson Institute,,
ENVIR ST/​HISTORY  369,Thinking Through History With Animals,"(3, 4)",Gaylord Nelson Institute,,
ENVIR ST/​F&W ECOL/​G L E/​GEOG/​GEOSCI/​LAND ARC  371,Introduction To Environmental Remote Sensing,"(3, 3)",Gaylord Nelson Institute,,
ENVIR ST 375,Field Ecology Workshop,"(3, 3)",Gaylord Nelson Institute,,
ENVIR ST/​CIV ENGR/​GEOG  377,An Introduction To Geographic Information Systems,"(4, 4)",Gaylord Nelson Institute,,
ENVIR ST 398,Independent Study: Sustainability Community Engagement,"(1, 1)",Gaylord Nelson Institute,,
ENVIR ST 399,Directed Study,"(1, 3)",Gaylord Nelson Institute,,
ENVIR ST 400,Special Topics In The Environment: Biological Aspects Of Envir St,"(1, 4)",Gaylord Nelson Institute,,
ENVIR ST 401,Special Topics: Environmental Perspectives In The Physical Sciences,"(1, 4)",Gaylord Nelson Institute,,
ENVIR ST 402,Special Topics: Social Perspectives In Environmental Studies,"(1, 4)",Gaylord Nelson Institute,,
ENVIR ST 403,Special Topics In Environmental Studies,"(1, 3)",Gaylord Nelson Institute,,
ENVIR ST 404,Special Topics In Environmental Humanities,"(1, 3)",Gaylord Nelson Institute,,
ENVIR ST/​C&E SOC/​CURRIC  405,Education For Sustainable Communities,"(3, 3)",Gaylord Nelson Institute,,
ENVIR ST/​GEOSCI  411,Energy Resources,"(3, 3)",Gaylord Nelson Institute,,
ENVIR ST 413,Preserving Nature,"(3, 3)",Gaylord Nelson Institute,,
ENVIR ST 417,"Sustainability Science, Technology And Policy","(1, 1)",Gaylord Nelson Institute,,
ENVIR ST/​HISTORY/​LEGAL ST  430,Law And Environment: Historical And Contemporary Perspectives,"(3, 3)",Gaylord Nelson Institute,,
ENVIR ST/​C&E SOC/​GEOG  434,"People, Wildlife And Landscapes","(3, 3)",Gaylord Nelson Institute,,
ENVIR ST/​GEOG  439,Us Environmental Policy And Regulation,"(3, 4)",Gaylord Nelson Institute,,
ENVIR ST/​PHILOS  441,Environmental Ethics,"(3, 4)",Gaylord Nelson Institute,,
ENVIR ST/​CIV ENGR/​G L E/​GEOSCI  444,Practical Applications Of Gps Surveying,"(2, 2)",Gaylord Nelson Institute,,
ENVIR ST/​SPANISH  445,Culture And The Environment In The Luso-Hispanic World,"(3, 3)",Gaylord Nelson Institute,,
ENVIR ST/​ECON/​POLI SCI/​URB R PL  449,Government And Natural Resources,"(3, 4)",Gaylord Nelson Institute,,
ENVIR ST/​GEOG/​HISTORY  460,American Environmental History,"(4, 4)",Gaylord Nelson Institute,,
ENVIR ST/​HISTORY  465,Global Environmental History,"(3, 4)",Gaylord Nelson Institute,,
ENVIR ST/​POP HLTH  471,Introduction To Environmental Health,"(3, 3)",Gaylord Nelson Institute,,
ENVIR ST/​CLASSICS  488,"Greeks, Romans And The Natural Environment","(3, 3)",Gaylord Nelson Institute,,
ENVIR ST/​POP HLTH  502,Air Pollution And Human Health,"(3, 3)",Gaylord Nelson Institute,,
ENVIR ST 506,Modeling And Analysis Of Environmental Systems,"(3, 3)",Gaylord Nelson Institute,,
ENVIR ST/​ZOOLOGY  510,Ecology Of Fishes,"(3, 3)",Gaylord Nelson Institute,,
ENVIR ST/​ZOOLOGY  511,Ecology Of Fishes Lab,"(2, 2)",Gaylord Nelson Institute,,
ENVIR ST/​F&W ECOL  515,Natural Resources Policy,"(3, 3)",Gaylord Nelson Institute,,
ENVIR ST/​ATM OCN  520,Bioclimatology,"(3, 3)",Gaylord Nelson Institute,,
ENVIR ST/​PHILOS  523,Philosophical Problems Of The Biological Sciences,"(3, 3)",Gaylord Nelson Institute,,
ENVIR ST/​GEOG/​LAND ARC/​URB R PL  532,Applications Of Geographic Information Systems In Planning,"(3, 3)",Gaylord Nelson Institute,,
ENVIR ST/​ENGL  533,Topic In Literature And The Environment,"(3, 3)",Gaylord Nelson Institute,,
ENVIR ST/​GEOG  534,"Environmental Governance: Markets, States And Nature","(3, 3)",Gaylord Nelson Institute,,
ENVIR ST/​GEOG  537,Culture And Environment,"(4, 4)",Gaylord Nelson Institute,,
ENVIR ST/​C&E SOC/​SOC  540,"Sociology Of International Development, Environment, And Sustainability","(3, 3)",Gaylord Nelson Institute,,
ENVIR ST/​CIV ENGR/​LAND ARC  556,Remote Sensing Digital Image Processing,"(3, 3)",Gaylord Nelson Institute,,
ENVIR ST/​GEOG  557,Development And Environment In Southeast Asia,"(3, 3)",Gaylord Nelson Institute,,
ENVIR ST/​A A E/​CIV ENGR/​URB R PL  561,Energy Markets,"(3, 3)",Gaylord Nelson Institute,,
ENVIR ST/​SOIL SCI  575,Assessment Of Environmental Impact,"(3, 3)",Gaylord Nelson Institute,,
ENVIR ST/​LAND ARC  581,Prescribed Fire: Ecology And Implementation,"(3, 3)",Gaylord Nelson Institute,,
ENVIR ST 600,Environmental Studies Capstone,"(3, 3)",Gaylord Nelson Institute,,
ENVIR ST 613,Reproducibility Crises And Open Science In Environmental Studies,"(3, 3)",Gaylord Nelson Institute,,
ENVIR ST/​BOTANY/​F&W ECOL/​ZOOLOGY  651,Conservation Biology,"(3, 3)",Gaylord Nelson Institute,,
ENVIR ST/​URB R PL  668,"Green Politics: Global Experience, American Prospects","(3, 3)",Gaylord Nelson Institute,,
ENVIR ST/​A A E/​ECON/​URB R PL  671,Energy Economics,"(3, 3)",Gaylord Nelson Institute,,
ENVIR ST 681,Senior Honors Thesis,"(3, 3)",Gaylord Nelson Institute,,
ENVIR ST 682,Senior Honors Thesis,"(3, 3)",Gaylord Nelson Institute,,
ENVIR ST 691,Senior Thesis,"(1, 3)",Gaylord Nelson Institute,,
ENVIR ST 692,Senior Thesis,"(1, 3)",Gaylord Nelson Institute,,
ENVIR ST/​LAND ARC/​SOIL SCI  695,Applications Of Geographic Information Systems In Natural Resources,"(3, 3)",Gaylord Nelson Institute,,
ENVIR ST 699,Directed Study,"(1, 3)",Gaylord Nelson Institute,,
ENVIR ST/​CIV ENGR/​URB R PL  717,Water Resources Management Practicum Planning Seminar I,"(1, 1)",Gaylord Nelson Institute,,
ENVIR ST/​CIV ENGR/​URB R PL  718,Water Resources Management Practicum Planning Seminar Ii,"(2, 2)",Gaylord Nelson Institute,,
ENVIR ST/​CIV ENGR/​URB R PL  719,Water Resources Management Summer Practicum,"(4, 4)",Gaylord Nelson Institute,,
ENVIR ST/​AGROECOL/​AGRONOMY  724,Agroecosystems And Global Change,"(3, 3)",Gaylord Nelson Institute,,
ENVIR ST/​POP HLTH  739,"Climate Change, Human And Planetary Health","(2, 2)",Gaylord Nelson Institute,,
ENVIR ST/​ATM OCN  745,Meteorological Satellite Applications,"(2, 3)",Gaylord Nelson Institute,,
ENVIR ST/​ATM OCN/​GEOSCI/​ZOOLOGY  750,Problems In Oceanography,"(3, 3)",Gaylord Nelson Institute,,
ENVIR ST/​PUB AFFR/​URB R PL  809,Introduction To Energy Analysis And Policy,"(3, 3)",Gaylord Nelson Institute,,
ENVIR ST/​PUB AFFR/​URB R PL  810,Energy Analysis And Policy Capstone,"(3, 3)",Gaylord Nelson Institute,,
ENVIR ST/​URB R PL  821,Resources Policy Issues: Regional And National,"(2, 3)",Gaylord Nelson Institute,,
ENVIR ST/​JOURN/​LSC  823,Science And Environment Communication,"(3, 3)",Gaylord Nelson Institute,,
ENVIR ST/​URB R PL  843,Land Use Policy And Planning,"(3, 3)",Gaylord Nelson Institute,,
ENVIR ST/​URB R PL  865,Water Resources Institutions And Policies,"(3, 3)",Gaylord Nelson Institute,,
ENVIR ST/​POLI SCI/​PUB AFFR  866,Global Environmental Governance,"(3, 3)",Gaylord Nelson Institute,,
ENVIR ST/​A A E/​POP HLTH/​PUB AFFR  881,Benefit-Cost Analysis,"(3, 3)",Gaylord Nelson Institute,,
ENVIR ST 900,Seminar,"(1, 3)",Gaylord Nelson Institute,,
ENVIR ST 901,Graduate Orientation Seminar,"(1, 1)",Gaylord Nelson Institute,,
ENVIR ST 909,Professional Skills In Energy Analysis And Policy,"(1, 1)",Gaylord Nelson Institute,,
ENVIR ST/​ATM OCN/​BOTANY/​CIV ENGR/​GEOSCI/​ZOOLOGY  911,Limnology And Marine Science Seminar,"(1, 1)",Gaylord Nelson Institute,,
ENVIR ST/​URB R PL  917,Public Participation For Planning And Policy Making,"(3, 3)",Gaylord Nelson Institute,,
ENVIR ST 922,Historical And Cultural Methods In Environmental Research,"(3, 3)",Gaylord Nelson Institute,,
ENVIR ST/​URB R PL  923,Seminar-Land Problems: Institutional Development,"(2, 3)",Gaylord Nelson Institute,,
ENVIR ST/​ATM OCN  925,Seminar-Climatology,"(1, 2)",Gaylord Nelson Institute,,
ENVIR ST 931,Remote Sensing For International Development,"(3, 3)",Gaylord Nelson Institute,,
ENVIR ST/​CURRIC  932,Foundations Of Environmental And Sustainability Education,"(3, 3)",Gaylord Nelson Institute,,
ENVIR ST 950,Environmental Monitoring Seminar,"(1, 2)",Gaylord Nelson Institute,,
ENVIR ST 951,Conservation Of Biodiversity,"(3, 3)",Gaylord Nelson Institute,,
ENVIR ST/​AGRONOMY/​ATM OCN/​BOTANY/​ENTOM/​F&W ECOL/​GEOG/​ZOOLOGY  953,Introduction To Ecology Research At Uw-Madison,"(1, 2)",Gaylord Nelson Institute,,
ENVIR ST 956,Advanced Environmental Remote Sensing,"(3, 3)",Gaylord Nelson Institute,,
ENVIR ST 971,Environmental Sensing Technologies,"(3, 3)",Gaylord Nelson Institute,,
ENVIR ST 972,Conservation Planning,"(4, 4)",Gaylord Nelson Institute,,
ENVIR ST 974,Environmental Conservation Cohort Seminar,"(1, 1)",Gaylord Nelson Institute,,
ENVIR ST 975,Environmental Conservation Leadership Seminar,"(1, 1)",Gaylord Nelson Institute,,
ENVIR ST 976,The Practice Of Conservation Biology And Sustainable Development,"(1, 1)",Gaylord Nelson Institute,,
ENVIR ST 977,Sustainable Development - Integral Perspective,"(3, 3)",Gaylord Nelson Institute,,
ENVIR ST 978,Environmental Conservation Tools Modules,"(1, 1)",Gaylord Nelson Institute,,
ENVIR ST 979,Environmental Conservation Professional Practice,"(3, 3)",Gaylord Nelson Institute,,
ENVIR ST/​ATM OCN/​BOTANY/​F&W ECOL/​GEOG/​GEOSCI/​ZOOLOGY  980,Earth System Science Seminar,"(1, 1)",Gaylord Nelson Institute,,
ENVIR ST 990,Research,"(1, 12)",Gaylord Nelson Institute,,
ENVIR ST 999,Advanced Independent Study,"(1, 5)",Gaylord Nelson Institute,,
FAM MED 699,Directed Study,"(1, 5)",Family Medicine,,
FAM MED 711,The Healer'S Art,"(1, 1)",Family Medicine,,
FAM MED 712,Heallth Care In Diverse Communities,"(1, 1)",Family Medicine,,
FAM MED 790,Rural Public Health And Community Projects For Phase 3 Warm Students,"(2, 2)",Family Medicine,,
FAM MED 909,Family Medicine Internship Preparation Elective,"(1, 1)",Family Medicine,,
FAM MED 910,Research And Independent Study Elective In Family Medicine,"(2, 8)",Family Medicine,,
FAM MED 911,Evidence-Based Herbal Medicine Safety And Efficacy Selective In Family Medicine,"(2, 2)",Family Medicine,,
FAM MED 919,Individualized Family Medicine Elective,"(2, 8)",Family Medicine,,
FAM MED 920,Clinical Elective In Family Medicine,"(2, 8)",Family Medicine,,
FAM MED 924,Correctional System Healthcare Elective In Family Medicine,"(2, 8)",Family Medicine,,
FAM MED 926,Native American Clinical Elective In Family Medicine,"(2, 8)",Family Medicine,,
FAM MED 927,Rural And Community Clinical Elective In Family Medicine,"(2, 8)",Family Medicine,,
FAM MED 930,Urban And Community Clinical Elective In Family Medicine,"(2, 8)",Family Medicine,,
FAM MED 931,Addictive Disorders Management In Family Medicine,"(2, 8)",Family Medicine,,
FAM MED 933,Sports Medicine Elective In Family Medicine,"(2, 8)",Family Medicine,,
FAM MED 935,Inpatient Elective In Family Medicine,"(2, 8)",Family Medicine,,
FAM MED 937,Family Medicine Uw Hospital Sub-Internship,"(1, 6)",Family Medicine,,
FAM MED 938,Hospice & Palliative Care Elective In Family Medicine,"(2, 8)",Family Medicine,,
FAM MED 940,Community Based Care Of The Elderly,"(2, 4)",Family Medicine,,
FAM MED 941,Integrative Health Elective In Family Medicine,"(2, 4)",Family Medicine,,
FAM MED 943,Infectious Disease Surveillance,"(2, 2)",Family Medicine,,
FAM MED 944,Office-Based Procedures In Family Medicine,"(2, 8)",Family Medicine,,
FISC 20,Introduction To Plant Science,"(2, 2)",Farm And Industry Short Course,,
FISC 21,Agricultural Sales,"(2, 2)",Farm And Industry Short Course,,
FISC 23,Safe And Effective Uses Of Pesticides In Agronomic Crops,"(1, 1)",Farm And Industry Short Course,,
FISC 49,Agricultural Weather And Climate,"(1, 1)",Farm And Industry Short Course,,
FISC 50,The Business Of Agriculture,"(1, 1)",Farm And Industry Short Course,,
FISC 51,Business Principles Of Agricultural Management,"(1, 1)",Farm And Industry Short Course,,
FISC 52,Agricultural Safety And Health,"(1, 1)",Farm And Industry Short Course,,
FISC 53,Agriculture Human Resources Management,"(1, 1)",Farm And Industry Short Course,,
FISC 54,Agribusiness Communications,"(2, 2)",Farm And Industry Short Course,,
FISC 55,Farm And Industry Short Course First-Year Seminar,"(1, 1)",Farm And Industry Short Course,,
FISC 56,"Agriculture, Food Systems, And Rural Development","(1, 1)",Farm And Industry Short Course,,
FISC 57,Introduction To Soils,"(2, 2)",Farm And Industry Short Course,,
FISC 58,Forage Crops,"(2, 2)",Farm And Industry Short Course,,
FISC 59,Food Safety,"(1, 1)",Farm And Industry Short Course,,
FISC 61,Dairy Herd Health,"(1, 1)",Farm And Industry Short Course,,
FISC 63,Dairy Herd Management,"(2, 2)",Farm And Industry Short Course,,
FISC 71,Pasture Management,"(1, 1)",Farm And Industry Short Course,,
FISC 72,Pasture Based Dairy/Livestock - Business Start-Up And Marketing,"(1, 1)",Farm And Industry Short Course,,
FISC 73,Pasture Based Dairy/Livestock - Managing The Business,"(1, 1)",Farm And Industry Short Course,,
FISC 75,Special Topics In Fisc,"(1, 3)",Farm And Industry Short Course,,
FISC 101,Meat Animal Production I,"(2, 2)",Farm And Industry Short Course,,
FISC 104,Grain Crops Production & Management,"(2, 2)",Farm And Industry Short Course,,
FISC 105,Dairy Cattle Selection And Evaluation,"(2, 2)",Farm And Industry Short Course,,
FISC 110,Livestock Housing,"(2, 2)",Farm And Industry Short Course,,
FISC 114,Ruminant Nutrition,"(2, 2)",Farm And Industry Short Course,,
FISC 115,Agribusiness Feasibility Planning,"(1, 1)",Farm And Industry Short Course,,
FISC 119,Introduction To Turfgrass Management,"(2, 2)",Farm And Industry Short Course,,
FISC 120,Meat Animal Evaluation & Marketing,"(2, 2)",Farm And Industry Short Course,,
FISC 121,Agricultural Commodities Marketing,"(2, 2)",Farm And Industry Short Course,,
FISC 122,Turfgrass Nutrient Management,"(2, 2)",Farm And Industry Short Course,,
FISC 123,Turfgrass Integrated Pest Management,"(2, 2)",Farm And Industry Short Course,,
FISC 124,Turfgrass Irrigation And Drainage,"(1, 1)",Farm And Industry Short Course,,
FISC 133,Soil And Crop Nutrient Management,"(2, 2)",Farm And Industry Short Course,,
FISC 134,Reproduction Of Farm Animals,"(2, 2)",Farm And Industry Short Course,,
FISC 136,Agricultural Business Law,"(1, 1)",Farm And Industry Short Course,,
FISC 140,Farm Machinery,"(2, 2)",Farm And Industry Short Course,,
FISC 142,Identification And Management Of Agronomic Pests,"(3, 3)",Farm And Industry Short Course,,
FISC 143,Farm Power,"(2, 2)",Farm And Industry Short Course,,
FISC 145,Precision Agricultural Technologies,"(2, 2)",Farm And Industry Short Course,,
FINANCE 200,Finance Industry Fundamentals,"(1, 1)","Finance, Investment And Banking",,
FINANCE 205,Financial Modeling In Excel,"(1, 1)","Finance, Investment And Banking",,
FINANCE/​ECON  300,Introduction To Finance,"(3, 3)","Finance, Investment And Banking",,
FINANCE 305,"Financial Markets, Institutions And Economic Activity","(3, 3)","Finance, Investment And Banking",,
FINANCE 310,Data Analytics For Finance,"(3, 3)","Finance, Investment And Banking",,
FINANCE/​ECON  320,Investment Theory,"(3, 3)","Finance, Investment And Banking",,
FINANCE 325,Corporation Finance,"(3, 3)","Finance, Investment And Banking",,
FINANCE 330,Derivative Securities,"(3, 3)","Finance, Investment And Banking",,
FINANCE 340,Fixed Income Securities,"(3, 3)","Finance, Investment And Banking",,
FINANCE 365,Contemporary Topics,"(1, 3)","Finance, Investment And Banking",,
FINANCE 399,Reading And Research-Finance,"(1, 6)","Finance, Investment And Banking",,
FINANCE 410,Bank Management,"(3, 3)","Finance, Investment And Banking",,
FINANCE 420,Investment Banking And Capital Markets,"(3, 3)","Finance, Investment And Banking",,
FINANCE/​INTL BUS  445,Multinational Business Finance,"(3, 3)","Finance, Investment And Banking",,
FINANCE 457,Entrepreneurial Finance,"(3, 3)","Finance, Investment And Banking",,
FINANCE/​ECON  503,Markets With Frictions,"(3, 3)","Finance, Investment And Banking",,
FINANCE 535,Applied Equity Markets Research 1,"(3, 3)","Finance, Investment And Banking",,
FINANCE 536,Applied Equity Markets Research 2,"(3, 3)","Finance, Investment And Banking",,
FINANCE 601,Strategic Planning For Estates And Business Transitions,"(3, 3)","Finance, Investment And Banking",,
FINANCE 602,Wealth Management & Financial Planning,"(3, 3)","Finance, Investment And Banking",,
FINANCE 610,Bank Simulation And Strategy,"(3, 3)","Finance, Investment And Banking",,
FINANCE 635,Business Valuation,"(3, 3)","Finance, Investment And Banking",,
FINANCE 640,Introduction To Credit Analysis & Trading,"(3, 3)","Finance, Investment And Banking",,
FINANCE 645,Introduction To Applied Security Analysis,"(3, 3)","Finance, Investment And Banking",,
FINANCE 646,Introduction To Applied Portfolio Management,"(3, 3)","Finance, Investment And Banking",,
FINANCE 650,Mergers And Acquisitions,"(2, 3)","Finance, Investment And Banking",,
FINANCE 700,Introduction To Financial Management,"(2, 3)","Finance, Investment And Banking",,
FINANCE 720,Investment Theory And Practice,"(3, 3)","Finance, Investment And Banking",,
FINANCE 725,Corporation Finance Theory And Practice,"(2, 3)","Finance, Investment And Banking",,
FINANCE 730,Derivative Securities - Theory And Practice,"(3, 3)","Finance, Investment And Banking",,
FINANCE 740,Analysis Of Fixed Income Securities,"(3, 3)","Finance, Investment And Banking",,
FINANCE/​INTL BUS  745,Multinational Business Finance,"(2, 3)","Finance, Investment And Banking",,
FINANCE 757,Entrepreneurial Finance,"(2, 3)","Finance, Investment And Banking",,
FINANCE 760,Current Topics And Applied Learning In Finance,"(1, 1)","Finance, Investment And Banking",,
FINANCE 765,Contemporary Topics,"(1, 4)","Finance, Investment And Banking",,
FINANCE 799,Reading And Research-Finance,"(1, 6)","Finance, Investment And Banking",,
FINANCE 830,Advanced Derivative Securities,"(3, 3)","Finance, Investment And Banking",,
FINANCE 835,Applied Security Analysis And Investment Management I,"(5, 5)","Finance, Investment And Banking",,
FINANCE 836,Applied Security Analysis And Investment Management Ii,"(4, 4)","Finance, Investment And Banking",,
FINANCE 850,Applied Corporate Finance I,"(4, 4)","Finance, Investment And Banking",,
FINANCE 920,Theory Of Finance,"(3, 3)","Finance, Investment And Banking",,
FINANCE 970,Seminar- Investments (Ph.D.),"(3, 3)","Finance, Investment And Banking",,
FINANCE 971,Seminar-Corporate Finance (Ph.D.),"(1, 3)","Finance, Investment And Banking",,
FINANCE 972,Topics Seminar-Finance Phd,"(3, 3)","Finance, Investment And Banking",,
FINANCE 973,Seminar-Workshop In Finance,"(2, 2)","Finance, Investment And Banking",,
FINANCE 974,Advanced Topics Seminar-Finance Phd,"(3, 3)","Finance, Investment And Banking",,
FINANCE 990,Finance Independent Research Phd Thesis,"(1, 12)","Finance, Investment And Banking",,
FINANCE 999,Reading And Research-Finance Phd,"(1, 6)","Finance, Investment And Banking",,
FOLKLORE 100,Introduction To Folklore,"(3, 3)",Folklore Program,,
FOLKLORE/​AFROAMER/​AMER IND/​ASIAN AM/​CHICLA  102,Introduction To Comparative Us Ethnic And American Indian Studies,"(3, 3)",Folklore Program,,
FOLKLORE/​MUSIC  103,Introduction To Music Cultures Of The World,"(3, 3)",Folklore Program,,
FOLKLORE/​RELIG ST  104,Sacred Places And Journeys,"(3, 3)",Folklore Program,,
FOLKLORE/​GNS  200,"Folklore Of Central, Eastern And Northern Europe","(3, 3)",Folklore Program,,
FOLKLORE/​AFRICAN  210,The African Storyteller,"(3, 3)",Folklore Program,,
FOLKLORE/​ANTHRO/​INTL ST/​LINGUIS  211,Global Language Issues,"(3, 3)",Folklore Program,,
FOLKLORE 215,Elementary Topics In Folklore,"(1, 3)",Folklore Program,,
FOLKLORE 220,The Folk Tale,"(3, 3)",Folklore Program,,
FOLKLORE 225,Horror As Expressions Of National Angst,"(3, 3)",Folklore Program,,
FOLKLORE 230,Introduction To American Folklore,"(3, 3)",Folklore Program,,
FOLKLORE/​MEDIEVAL/​SCAND ST  235,The World Of Sagas,"(3, 3)",Folklore Program,,
FOLKLORE 315,Intermediate Topics In Folklore,"(1, 3)",Folklore Program,,
FOLKLORE 317,The Irish Tradition,"(3, 3)",Folklore Program,,
FOLKLORE/​AFROAMER/​ASIAN AM/​DANCE  319,Afro Asian Improv: From Hip Hop To Martial Arts Fusion,"(3, 3)",Folklore Program,,
FOLKLORE 320,Folklore Of Wisconsin,"(3, 3)",Folklore Program,,
FOLKLORE/​DANCE/​THEATRE  321,Javanese Performance,"(2, 2)",Folklore Program,,
FOLKLORE/​RELIG ST  326,The Supernatural In The Modern World,"(3, 3)",Folklore Program,,
FOLKLORE/​LITTRANS  327,Vampires,"(3, 3)",Folklore Program,,
FOLKLORE/​MEDIEVAL/​RELIG ST/​SCAND ST  342,Nordic Mythology,"(3, 3)",Folklore Program,,
FOLKLORE/​LITTRANS/​MEDIEVAL/​SCAND ST  345,The Nordic Storyteller,"(3, 3)",Folklore Program,,
FOLKLORE/​LITTRANS  347,In Translation: Kalevala And Finnish Folk-Lore,"(3, 4)",Folklore Program,,
FOLKLORE/​RELIG ST  352,Shamanism,"(3, 3)",Folklore Program,,
FOLKLORE/​RELIG ST  359,Myth,"(3, 3)",Folklore Program,,
FOLKLORE 399,Directed Study In Folklore For Undergraduates,"(1, 3)",Folklore Program,,
FOLKLORE/​MUSIC  402,Musical Cultures Of The World,"(3, 3)",Folklore Program,,
FOLKLORE 415,Advanced Topics In Folklore,"(1, 3)",Folklore Program,,
FOLKLORE/​DANCE/​THEATRE  421,Javanese Performance Repertory,"(2, 2)",Folklore Program,,
FOLKLORE/​GEN&WS  428,Gender And Expressive Culture,"(3, 3)",Folklore Program,,
FOLKLORE 430,Topics In American Folklore: Ethnic Studies,"(3, 6)",Folklore Program,,
FOLKLORE/​AMER IND/​ANTHRO  431,American Indian Folklore,"(3, 3)",Folklore Program,,
FOLKLORE/​AMER IND/​ANTHRO/​GEN&WS  437,American Indian Women,"(3, 3)",Folklore Program,,
FOLKLORE 439,Foodways,"(3, 3)",Folklore Program,,
FOLKLORE/​SCAND ST  440,Scandinavian American Folklore,"(3, 3)",Folklore Program,,
FOLKLORE/​SCAND ST  443,"Sami Culture, Yesterday And Today","(4, 4)",Folklore Program,,
FOLKLORE/​SLAVIC  444,Slavic And East European Folklore,"(3, 3)",Folklore Program,,
FOLKLORE/​MEDIEVAL/​SCAND ST  446,Celtic-Scandinavian Cultural Interrelations,"(3, 3)",Folklore Program,,
FOLKLORE 460,Folk Epics,"(3, 3)",Folklore Program,,
FOLKLORE/​L I S  490,Field Methods And The Public Presentation Of Folklore,"(3, 3)",Folklore Program,,
FOLKLORE 491,Practicum In Public Folklore,"(1, 3)",Folklore Program,,
FOLKLORE/​MUSIC  515,Proseminar In Ethnomusicology,"(3, 3)",Folklore Program,,
FOLKLORE/​MUSIC  516,Ethnographic Methods For Music And Sound,"(3, 3)",Folklore Program,,
FOLKLORE/​ANTHRO  520,Ethnic Representations In Wisconsin,"(4, 4)",Folklore Program,,
FOLKLORE/​COM ARTS  522,Digital Storytelling For Social Media,"(3, 3)",Folklore Program,,
FOLKLORE 530,Topics In Folklore,"(1, 3)",Folklore Program,,
FOLKLORE 540,Local Culture And Identity In The Upper Midwest,"(3, 3)",Folklore Program,,
FOLKLORE 699,Independent Study In Folklore (Graduate),"(1, 3)",Folklore Program,,
FOLKLORE/​MUSIC  915,Seminar In Ethnomusicology,"(3, 3)",Folklore Program,,
FOOD SCI 120,Science Of Food,"(3, 3)",Food Science,,
FOOD SCI 140,"The Chocolate Experience: Science, Society, And Sustainability","(3, 3)",Food Science,,
FOOD SCI 150,"Fermented Food And Beverages: Science, Art And Health","(3, 3)",Food Science,,
FOOD SCI 201,Discovering Food Science,"(1, 1)",Food Science,,
FOOD SCI 289,Honors Independent Study,"(1, 2)",Food Science,,
FOOD SCI 299,Independent Study,"(1, 3)",Food Science,,
FOOD SCI 301,Introduction To The Science And Technology Of Food,"(3, 3)",Food Science,,
FOOD SCI/​AN SCI  305,Introduction To Meat Science And Technology,"(4, 4)",Food Science,,
FOOD SCI/​AN SCI  321,Food Laws And Regulations,"(1, 1)",Food Science,,
FOOD SCI/​MICROBIO  324,Food Microbiology Laboratory,"(2, 2)",Food Science,,
FOOD SCI/​MICROBIO  325,Food Microbiology,"(3, 3)",Food Science,,
FOOD SCI 330,Dairy Products Evaluation,"(1, 1)",Food Science,,
FOOD SCI 375,Special Topics,"(1, 3)",Food Science,,
FOOD SCI 378,Precision Fermentation For Sustainable Foods And Products,"(2, 2)",Food Science,,
FOOD SCI 399,Coordinative Internship/Cooperative Education,"(1, 8)",Food Science,,
FOOD SCI 400,Study Abroad In Food Science,"(1, 6)",Food Science,,
FOOD SCI 410,Food Chemistry,"(3, 3)",Food Science,,
FOOD SCI 412,Food Analysis,"(4, 4)",Food Science,,
FOOD SCI 432,Principles Of Food Preservation,"(3, 3)",Food Science,,
FOOD SCI 437,Food Service Operations,"(4, 4)",Food Science,,
FOOD SCI 440,Principles Of Food Engineering,"(3, 3)",Food Science,,
FOOD SCI/​AN SCI/​DY SCI/​SOIL SCI  472,Animal Agriculture And Global Sustainable Development,"(1, 1)",Food Science,,
FOOD SCI/​AN SCI/​DY SCI/​SOIL SCI  473,International Field Study In Animal Agriculture And Sustainable Development,"(2, 2)",Food Science,,
FOOD SCI 511,Chemistry And Technology Of Dairy Products,"(3, 3)",Food Science,,
FOOD SCI 514,Integrated Food Functionality,"(4, 4)",Food Science,,
FOOD SCI/​AN SCI  515,Commercial Meat Processing,"(2, 2)",Food Science,,
FOOD SCI 532,Integrated Food Manufacturing,"(4, 4)",Food Science,,
FOOD SCI 535,Confectionery Science And Technology,"(3, 3)",Food Science,,
FOOD SCI 550,Fermented Foods And Beverages,"(2, 2)",Food Science,,
FOOD SCI 551,Food Fermentation Laboratory,"(1, 1)",Food Science,,
FOOD SCI 602,Senior Project,"(2, 2)",Food Science,,
FOOD SCI 603,Senior Seminar,"(1, 1)",Food Science,,
FOOD SCI 611,Chemistry And Technology Of Dairy Products,"(3, 3)",Food Science,,
FOOD SCI 681,Senior Honors Thesis,"(2, 4)",Food Science,,
FOOD SCI 682,Senior Honors Thesis,"(2, 4)",Food Science,,
FOOD SCI 699,Special Problems,"(1, 3)",Food Science,,
FOOD SCI/​AN SCI  710,Chemistry Of The Food Lipids,"(2, 2)",Food Science,,
FOOD SCI/​AN SCI  711,Food Biochemistry,"(3, 3)",Food Science,,
FOOD SCI 725,Advanced Food Microbiology,"(3, 3)",Food Science,,
FOOD SCI 799,Practicum In Food Science Teaching,"(1, 3)",Food Science,,
FOOD SCI 875,Special Topics,"(1, 3)",Food Science,,
FOOD SCI 900,Seminar Advanced,"(1, 1)",Food Science,,
FOOD SCI 990,Research,"(1, 12)",Food Science,,
F&W ECOL 1,Cooperative Education/Co-Op In Forest & Wildlife Ecology,"(1, 1)",Forest And Wildlife Ecology,,
F&W ECOL/​ENVIR ST  100,Forests Of The World,"(3, 3)",Forest And Wildlife Ecology,,
F&W ECOL 101,Orientation To Wildlife Ecology,"(1, 1)",Forest And Wildlife Ecology,,
F&W ECOL 110,"Living With Wildlife - Animals, Habitats, And Human Interactions","(3, 3)",Forest And Wildlife Ecology,,
F&W ECOL/​C&E SOC/​SOC  248,"Environment, Natural Resources, And Society","(3, 3)",Forest And Wildlife Ecology,,
F&W ECOL/​BOTANY  250,Forests And Humans: From The Midwest To Madagascar,"(2, 2)",Forest And Wildlife Ecology,,
F&W ECOL 289,Honors Independent Study,"(1, 2)",Forest And Wildlife Ecology,,
F&W ECOL 299,Independent Study,"(1, 3)",Forest And Wildlife Ecology,,
F&W ECOL 300,Forest Measurements,"(4, 4)",Forest And Wildlife Ecology,,
F&W ECOL 305,Forest Operations,"(2, 2)",Forest And Wildlife Ecology,,
F&W ECOL 306,Terrestrial Vertebrates: Life History And Ecology,"(4, 4)",Forest And Wildlife Ecology,,
F&W ECOL 318,Principles Of Wildlife Ecology,"(3, 3)",Forest And Wildlife Ecology,,
F&W ECOL/​ZOOLOGY  335,Human/Animal Relationships: Biological And Philosophical Issues,"(3, 3)",Forest And Wildlife Ecology,,
F&W ECOL/​ENVIR ST/​ZOOLOGY  360,Extinction Of Species,"(3, 3)",Forest And Wildlife Ecology,,
F&W ECOL/​ENVIR ST/​G L E/​GEOG/​GEOSCI/​LAND ARC  371,Introduction To Environmental Remote Sensing,"(3, 3)",Forest And Wildlife Ecology,,
F&W ECOL 375,Special Topics,"(1, 4)",Forest And Wildlife Ecology,,
F&W ECOL 379,Principles Of Wildlife Management,"(3, 3)",Forest And Wildlife Ecology,,
F&W ECOL 390,Learning To Action: Professional Development,"(1, 1)",Forest And Wildlife Ecology,,
F&W ECOL 395,Data And Gis Tools For Ecology,"(3, 3)",Forest And Wildlife Ecology,,
F&W ECOL 399,Coordinative Internship/Cooperative Education,"(1, 8)",Forest And Wildlife Ecology,,
F&W ECOL 400,Study Abroad In Forest And Wildlife Ecology,"(1, 6)",Forest And Wildlife Ecology,,
F&W ECOL 401,Physiological Animal Ecology,"(3, 3)",Forest And Wildlife Ecology,,
F&W ECOL/​BOTANY  402,Dendrology: Woody Plant Identification And Ecology,"(3, 3)",Forest And Wildlife Ecology,,
F&W ECOL 410,Principles Of Silviculture,"(3, 3)",Forest And Wildlife Ecology,,
F&W ECOL 411,Practices Of Silviculture,"(1, 1)",Forest And Wildlife Ecology,,
F&W ECOL 420,Regulated Trapping In Wildlife Management And Conservation,"(1, 1)",Forest And Wildlife Ecology,,
F&W ECOL 424,Wildlife Ecology Summer Field Practicum,"(2, 2)",Forest And Wildlife Ecology,,
F&W ECOL 448,Disturbance Ecology,"(3, 3)",Forest And Wildlife Ecology,,
F&W ECOL 449,Disturbance Ecology Lab (I): Herbivores And Fire,"(1, 1)",Forest And Wildlife Ecology,,
F&W ECOL 450,Disturbance Ecology Lab (Ii): Forest Pathogens,"(1, 1)",Forest And Wildlife Ecology,,
F&W ECOL/​SOIL SCI  451,Environmental Biogeochemistry,"(3, 3)",Forest And Wildlife Ecology,,
F&W ECOL/​BOTANY  455,The Vegetation Of Wisconsin,"(4, 4)",Forest And Wildlife Ecology,,
F&W ECOL 458,Environmental Data Science,"(3, 3)",Forest And Wildlife Ecology,,
F&W ECOL/​BOTANY/​ZOOLOGY  460,General Ecology,"(4, 4)",Forest And Wildlife Ecology,,
F&W ECOL/​ENVIR ST  515,Natural Resources Policy,"(3, 3)",Forest And Wildlife Ecology,,
F&W ECOL/​AN SCI/​ZOOLOGY  520,Ornithology,"(3, 3)",Forest And Wildlife Ecology,,
F&W ECOL/​AN SCI/​ZOOLOGY  521,Birds Of Southern Wisconsin,"(3, 3)",Forest And Wildlife Ecology,,
F&W ECOL/​A A E/​ECON  531,Natural Resource Economics,"(3, 3)",Forest And Wildlife Ecology,,
F&W ECOL/​SURG SCI  548,Diseases Of Wildlife,"(3, 3)",Forest And Wildlife Ecology,,
F&W ECOL 550,Forest Ecology,"(3, 3)",Forest And Wildlife Ecology,,
F&W ECOL 551,Forest Ecology Lab,"(1, 1)",Forest And Wildlife Ecology,,
F&W ECOL 561,Wildlife Management Techniques,"(3, 3)",Forest And Wildlife Ecology,,
F&W ECOL/​LAND ARC/​ZOOLOGY  565,Principles Of Landscape Ecology,"(2, 2)",Forest And Wildlife Ecology,,
F&W ECOL/​STAT  571,Statistical Methods For Bioscience I,"(4, 4)",Forest And Wildlife Ecology,,
F&W ECOL/​STAT  572,Statistical Methods For Bioscience Ii,"(4, 4)",Forest And Wildlife Ecology,,
F&W ECOL 577,Complexity And Conservation Of White-Tailed Deer,"(3, 3)",Forest And Wildlife Ecology,,
F&W ECOL 590,Integrated Resource Management,"(3, 3)",Forest And Wildlife Ecology,,
F&W ECOL 599,Wildlife Research Capstone,"(3, 3)",Forest And Wildlife Ecology,,
F&W ECOL/​ENTOM/​PL PATH/​SOIL SCI  606,Colloquium In Environmental Toxicology,"(1, 1)",Forest And Wildlife Ecology,,
F&W ECOL/​BOTANY/​ENVIR ST/​ZOOLOGY  651,Conservation Biology,"(3, 3)",Forest And Wildlife Ecology,,
F&W ECOL/​A A E  652,Decision Methods For Natural Resource Managers,"(3, 3)",Forest And Wildlife Ecology,,
F&W ECOL 655,Animal Population Dynamics,"(3, 3)",Forest And Wildlife Ecology,,
F&W ECOL 658,Forest Resources Practicum,"(3, 3)",Forest And Wildlife Ecology,,
F&W ECOL/​ZOOLOGY  660,Climate Change Ecology,"(3, 3)",Forest And Wildlife Ecology,,
F&W ECOL/​BOTANY/​ZOOLOGY  672,Historical Ecology,"(2, 2)",Forest And Wildlife Ecology,,
F&W ECOL 675,Professional Development In Forest & Wildlife Ecology,"(1, 1)",Forest And Wildlife Ecology,,
F&W ECOL 681,Senior Honors Thesis,"(2, 4)",Forest And Wildlife Ecology,,
F&W ECOL 682,Senior Honors Thesis,"(2, 4)",Forest And Wildlife Ecology,,
F&W ECOL 691,Senior Thesis,"(2, 4)",Forest And Wildlife Ecology,,
F&W ECOL 692,Senior Thesis,"(2, 4)",Forest And Wildlife Ecology,,
F&W ECOL 699,Special Problems,"(1, 4)",Forest And Wildlife Ecology,,
F&W ECOL/​ENTOM  711,Multivariate Analysis Of Ecological And Community Data,"(2, 2)",Forest And Wildlife Ecology,,
F&W ECOL 799,Practicum In Forestry And Wildlife Ecologyteaching,"(1, 3)",Forest And Wildlife Ecology,,
F&W ECOL/​BOTANY/​ENTOM/​ZOOLOGY  821,Foundations Of Ecology,"(2, 2)",Forest And Wildlife Ecology,,
F&W ECOL 850,Demographic Methods In Wildlife Conservation,"(3, 3)",Forest And Wildlife Ecology,,
F&W ECOL 875,Special Topics,"(1, 4)",Forest And Wildlife Ecology,,
F&W ECOL/​BOTANY/​ZOOLOGY  879,Advanced Landscape Ecology,"(3, 3)",Forest And Wildlife Ecology,,
F&W ECOL/​AGRONOMY/​ATM OCN/​BOTANY/​ENTOM/​ENVIR ST/​GEOG/​ZOOLOGY  953,Introduction To Ecology Research At Uw-Madison,"(1, 2)",Forest And Wildlife Ecology,,
F&W ECOL/​DS/​URB R PL  955,Practical Research Design And Methods Of Empirical Inquiry,"(3, 3)",Forest And Wildlife Ecology,,
F&W ECOL/​ATM OCN/​BOTANY/​ENVIR ST/​GEOG/​GEOSCI/​ZOOLOGY  980,Earth System Science Seminar,"(1, 1)",Forest And Wildlife Ecology,,
F&W ECOL 990,Research And Thesis,"(1, 12)",Forest And Wildlife Ecology,,
F&W ECOL 999,Advanced Independent Study,"(1, 3)",Forest And Wildlife Ecology,,
FRENCH 101,First Semester French,"(4, 4)",French,,
FRENCH 102,Second Semester French,"(4, 4)",French,,
FRENCH 105,Accelerated Introductory French,"(4, 4)",French,,
FRENCH 203,Third Semester French,"(4, 4)",French,,
FRENCH 204,Fourth Semester French,"(4, 4)",French,,
FRENCH 211,French Literary And Interdisciplinary Studies,"(3, 4)",French,,
FRENCH/​AFRICAN  216,Modern And Contemporary Francophone Topics,"(3, 3)",French,,
FRENCH 228,Intermediate Language And Culture,"(3, 4)",French,,
FRENCH 248,Ethnic Studies In The French/Francophone World(S),"(3, 3)",French,,
FRENCH 271,"Literature, Comics, And Film In French","(3, 4)",French,,
FRENCH 285,Rebellious Women,"(3, 4)",French,,
FRENCH 288,Doctors Without Borders (Médecins Sans Frontières),"(3, 3)",French,,
FRENCH 298,Directed Study,"(1, 3)",French,,
FRENCH 299,Directed Study,"(1, 3)",French,,
FRENCH 301,Practical French Conversation,"(1, 1)",French,,
FRENCH 302,Practical French Conversation,"(1, 1)",French,,
FRENCH 311,Advanced Composition And Speaking,"(3, 3)",French,,
FRENCH 312,Advanced Writing Workshop,"(3, 3)",French,,
FRENCH/​INTL BUS  313,Professional Communication And Culture In The Francophone World,"(3, 3)",French,,
FRENCH/​INTL BUS  314,"Contemporary Issues In Business, Government And Ngos","(3, 3)",French,,
FRENCH 316,Study Abroad: Advanced French Language,"(2, 6)",French,,
FRENCH 321,Medieval And Early Modern French Literature,"(3, 3)",French,,
FRENCH 322,Modern French And Francophone Literature,"(3, 3)",French,,
FRENCH 325,Visual Culture In French/Francophone Studies,"(3, 3)",French,,
FRENCH 345,French Fashion And Literature From The Middle Ages To Today,"(3, 3)",French,,
FRENCH 347,Medieval And Early Modern Culture,"(3, 3)",French,,
FRENCH 348,Modernity Studies,"(3, 3)",French,,
FRENCH 350,Applied French Language Studies,"(1, 3)",French,,
FRENCH 361,Study Abroad: French/Francophone Literature,"(2, 3)",French,,
FRENCH 362,Study Abroad: French/Francophone Civilization,"(2, 3)",French,,
FRENCH 391,French For Reading Knowledge,"(3, 3)",French,,
FRENCH 420,Topics In French: Study Abroad,"(1, 6)",French,,
FRENCH/​ITALIAN/​PORTUG/​SPANISH  429,Introduction To The Romance Languages,"(3, 3)",French,,
FRENCH 430,Readings In Medieval And Renaissance Literature,"(3, 3)",French,,
FRENCH 431,Readings In Early Modern Literature,"(3, 3)",French,,
FRENCH/​AFRICAN  440,African/Francophone Film,"(3, 3)",French,,
FRENCH 461,French/Francophone Literary Studies Across The Centuries,"(3, 3)",French,,
FRENCH 462,French/Francophone Cultural Studies Across The Centuries,"(3, 3)",French,,
FRENCH 464,Literature And Medicine In French-Speaking Cultures,"(3, 3)",French,,
FRENCH 465,French/Francophone Film,"(3, 3)",French,,
FRENCH 467,Aspects Of Contemporary French Literature,"(3, 3)",French,,
FRENCH 567,Undergraduate Seminar In French/Francophone Literary Studies,"(3, 3)",French,,
FRENCH 568,Undergraduate Seminar In French/Francophone Cultural Studies,"(3, 3)",French,,
FRENCH 569,Critical Approaches To Literature And Culture: French And Francophone Perspectives,"(3, 3)",French,,
FRENCH 590,Introduction To Phonetics,"(3, 3)",French,,
FRENCH 615,Advanced Grammar,"(3, 3)",French,,
FRENCH 616,Social Responsibility In Contemporary French-Language Professional Writing,"(3, 3)",French,,
FRENCH 617,Contemporary Skill Set Literature In French,"(3, 3)",French,,
FRENCH 618,Career Strategies For The French-Speaking World,"(2, 2)",French,,
FRENCH 623,Oral Communication,"(3, 3)",French,,
FRENCH 630,The Age Of Reason,"(3, 3)",French,,
FRENCH 631,17Th-Century French Literature,"(3, 3)",French,,
FRENCH 639,17Th-Century Literature,"(3, 3)",French,,
FRENCH 642,Culture And Societies,"(3, 3)",French,,
FRENCH 647,The 20Th-Century French Novel,"(3, 3)",French,,
FRENCH 665,Introduction To Francophone Studies,"(3, 3)",French,,
FRENCH 672,Topics In Literature And Culture,"(3, 3)",French,,
FRENCH 681,Senior Honors Thesis,"(3, 3)",French,,
FRENCH 682,Senior Honors Thesis,"(3, 3)",French,,
FRENCH 691,Thesis,"(2, 2)",French,,
FRENCH 692,Thesis,"(2, 2)",French,,
FRENCH 698,Directed Study,"(1, 6)",French,,
FRENCH 699,Directed Study,"(1, 6)",French,,
FRENCH/​MEDIEVAL  704,La Litterature Francaise Du Xiv Et Du Xv Siecle,"(3, 3)",French,,
FRENCH 750,Research Laboratory I: Introduction To Graduate Research,"(3, 3)",French,,
FRENCH 752,Research Laboratory Ii: Producing Professional Research,"(3, 3)",French,,
FRENCH 793,Professional French Masters Program Internship,"(2, 3)",French,,
FRENCH 799,Independent Study,"(1, 6)",French,,
FRENCH/​GERMAN/​HISTORY/​POLI SCI/​SOC  804,Interdisciplinary Western European Area Studies Seminar,"(3, 3)",French,,
FRENCH 820,College Teaching Of French,"(3, 3)",French,,
FRENCH/​ITALIAN  821,Issues In Methods Of Teaching French And Italian,"(1, 3)",French,,
FRENCH 825,Grammar And Style,"(3, 3)",French,,
FRENCH 901,Seminar-Materials And Methods Of Research,"(1, 3)",French,,
FRENCH 947,Seminar: Literature Questions,"(3, 3)",French,,
FRENCH 948,Seminar: Literature Questions,"(3, 3)",French,,
FRENCH 951,Seminar On 19Th Century French Poetry,"(3, 3)",French,,
FRENCH 990,Individual Research,"(1, 12)",French,,
GEN&WS 100,Open House Gender Learning Community Seminar,"(1, 1)",Gender And Womens Studies,,
GEN&WS 101,"Gender, Women, And Cultural Representation","(3, 3)",Gender And Womens Studies,,
GEN&WS 102,"Gender, Women, And Society In Global Perspective","(3, 3)",Gender And Womens Studies,,
GEN&WS 103,"Gender, Women, Bodies, And Health","(3, 3)",Gender And Womens Studies,,
GEN&WS 104,"Gender, Sexuality, And Global Health","(3, 3)",Gender And Womens Studies,,
GEN&WS 105,Intersectional Approaches To Disability Studies,"(3, 3)",Gender And Womens Studies,,
GEN&WS/​HISTORY  134,Women And Gender In World History,"(3, 4)",Gender And Womens Studies,,
GEN&WS/​ENGL  144,Women'S Writing,"(3, 3)",Gender And Womens Studies,,
GEN&WS/​ED POL  160,"Gender, Sexuality, And Education Policy","(3, 3)",Gender And Womens Studies,,
GEN&WS/​SOC  200,"Introduction To Lesbian, Gay, Bisexual, Transgender And Queer+ Studies","(3, 4)",Gender And Womens Studies,,
GEN&WS/​RELIG ST  202,Queering Religion,"(3, 3)",Gender And Womens Studies,,
GEN&WS/​LITTRANS  205,Women In Russian Literature In Translation,"(3, 4)",Gender And Womens Studies,,
GEN&WS/​AFROAMER  221,Introduction To Black Women'S Studies,"(3, 3)",Gender And Womens Studies,,
GEN&WS/​AFROAMER  222,Introduction To Black Women Writers,"(3, 3)",Gender And Womens Studies,,
GEN&WS 240,Feminist Approach To Research And Writing,"(3, 3)",Gender And Womens Studies,,
GEN&WS/​CHICLA/​HISTORY  245,Chicana And Latina History,"(3, 3)",Gender And Womens Studies,,
GEN&WS/​ENGL  248,Women In Ethnic American Literature,"(3, 3)",Gender And Womens Studies,,
GEN&WS/​ENGL  250,Women In Literature,"(3, 3)",Gender And Womens Studies,,
GEN&WS/​AFROAMER  267,Artistic/Cultural Images Of Black Women,"(3, 3)",Gender And Womens Studies,,
GEN&WS/​LITTRANS  270,German Women Writers In Translation,"(3, 3)",Gender And Womens Studies,,
GEN&WS 299,Directed Study,"(1, 3)",Gender And Womens Studies,,
GEN&WS/​RELIG ST  305,"Women, Gender And Religion","(3, 3)",Gender And Womens Studies,,
GEN&WS/​CHICLA/​GEOG  308,"Latinx Feminisms: Women'S Lives, Work, And Activism","(3, 3)",Gender And Womens Studies,,
GEN&WS 310,"Special Topics In Gender, Women And The Humanities","(1, 3)",Gender And Womens Studies,,
GEN&WS/​COM ARTS  316,Gender And Communication,"(3, 3)",Gender And Womens Studies,,
GEN&WS 319,"Study Abroad Special Topic: Gender, Women And The Humanities","(3, 4)",Gender And Womens Studies,,
GEN&WS 320,"Special Topics In Gender, Women And Society","(1, 3)",Gender And Womens Studies,,
GEN&WS/​PSYCH  322,Sexual & Relationship Violence Research & Activism,"(3, 3)",Gender And Womens Studies,,
GEN&WS/​AFROAMER  323,"Gender, Race And Class: Women In U.S. History","(3, 3)",Gender And Womens Studies,,
GEN&WS/​AFROAMER  324,Black Women In America: Reconstruction To The Present,"(3, 3)",Gender And Womens Studies,,
GEN&WS/​AFROAMER  326,Race And Gender In Post-World War Ii U.S. Society,"(3, 3)",Gender And Womens Studies,,
GEN&WS 329,"Study Abroad Special Topic: Gender, Women In Society","(3, 4)",Gender And Womens Studies,,
GEN&WS 330,Topics In Gender/Class/Race/Ethnicity (Humanities),"(3, 3)",Gender And Womens Studies,,
GEN&WS 331,Topics In Gender/Class/Race/Ethnicity (Social Sciences),"(3, 3)",Gender And Womens Studies,,
GEN&WS/​CHICLA  332,Latinas: Self Identity And Social Change,"(3, 3)",Gender And Womens Studies,,
GEN&WS/​AFROAMER  333,Black Feminisms,"(3, 3)",Gender And Womens Studies,,
GEN&WS/​CHICLA  334,Feminist Social Movements Across The Americas,"(3, 3)",Gender And Womens Studies,,
GEN&WS 340,Topics In Lgbtq Sexuality,"(3, 3)",Gender And Womens Studies,,
GEN&WS 342,Transgender Studies,"(3, 4)",Gender And Womens Studies,,
GEN&WS 343,Queer Bodies,"(3, 3)",Gender And Womens Studies,,
GEN&WS 344,Bi/Pan/Asexuality: Community & Representation,"(3, 3)",Gender And Womens Studies,,
GEN&WS 345,Narrating Queer Lives,"(3, 3)",Gender And Womens Studies,,
GEN&WS/​HISTORY  346,Trans/Gender In Historical Perspective,"(3, 4)",Gender And Womens Studies,,
GEN&WS/​ENGL  350,Special Topics In Gender & Literature,"(3, 3)",Gender And Womens Studies,,
GEN&WS/​CLASSICS  351,Women And Gender In The Classical World,"(3, 4)",Gender And Womens Studies,,
GEN&WS/​HISTORY  353,Women And Gender In The U.S. To 1870,"(3, 4)",Gender And Womens Studies,,
GEN&WS/​HISTORY  354,Women And Gender In The U.S. Since 1870,"(3, 4)",Gender And Womens Studies,,
GEN&WS/​ENGL  359,Visionary And Speculative Fiction: Social Justice Approaches,"(3, 3)",Gender And Womens Studies,,
GEN&WS/​CLASSICS  361,Sex And Power In Greece And Rome,"(3, 3)",Gender And Womens Studies,,
GEN&WS/​AFROAMER  367,Art And Visual Culture: Women Of The African Diaspora And Africa,"(3, 3)",Gender And Womens Studies,,
GEN&WS 370,Topics In Gender And Disability,"(3, 3)",Gender And Womens Studies,,
GEN&WS 374,"Disability, Gender And Sexuality","(3, 3)",Gender And Womens Studies,,
GEN&WS/​HISTORY  392,Women And Gender In Modern Europe,"(3, 4)",Gender And Womens Studies,,
GEN&WS/​ENGL  401,"Race, Sex, And Texts (How To Do Things With Writing)","(3, 3)",Gender And Womens Studies,,
GEN&WS/​LEGAL ST/​SOC  406,"Law, Sexuality, & Society","(3, 4)",Gender And Womens Studies,,
GEN&WS 410,Special Topics In Gender And Visual Culture,"(3, 3)",Gender And Womens Studies,,
GEN&WS 412,Contemporary Queer Art And Visual Culture,"(3, 3)",Gender And Womens Studies,,
GEN&WS/​THEATRE  415,Introduction To Contemporary Feminist Theatre And Criticism,"(3, 3)",Gender And Womens Studies,,
GEN&WS/​COM ARTS  418,"Gender, Sexuality, And The Media","(3, 3)",Gender And Womens Studies,,
GEN&WS 420,Women In Cross-Societal Perspective,"(3, 3)",Gender And Womens Studies,,
GEN&WS/​LEGAL ST  422,Women And The Law,"(3, 3)",Gender And Womens Studies,,
GEN&WS 423,The Female Body In The World: Gender And Contemporary Body Politics In Cross Cultural Perspective,"(3, 3)",Gender And Womens Studies,,
GEN&WS/​LEGAL ST/​SOC  425,"Crime, Gender And Justice","(3, 3)",Gender And Womens Studies,,
GEN&WS/​FOLKLORE  428,Gender And Expressive Culture,"(3, 3)",Gender And Womens Studies,,
GEN&WS/​POLI SCI  429,Gender And Politics In Comparative Perspective,"(3, 4)",Gender And Womens Studies,,
GEN&WS/​POLI SCI  435,Politics Of Gender And Women'S Rights In The Middle East,"(3, 3)",Gender And Womens Studies,,
GEN&WS/​AMER IND/​ANTHRO/​FOLKLORE  437,American Indian Women,"(3, 3)",Gender And Womens Studies,,
GEN&WS/​LITTRANS/​SCAND ST  438,Sexual Politics In Scandinavia,"(3, 3)",Gender And Womens Studies,,
GEN&WS 441,Contemporary Feminist Theories,"(3, 3)",Gender And Womens Studies,,
GEN&WS/​ANTHRO  443,Anthropology By Women,"(3, 3)",Gender And Womens Studies,,
GEN&WS 444,From Past Feminisms To Postfeminism: Feminisms For The 21St Century,"(3, 3)",Gender And Womens Studies,,
GEN&WS 445,The Body In Theory,"(3, 3)",Gender And Womens Studies,,
GEN&WS 446,Queer Of Color Critique,"(3, 3)",Gender And Womens Studies,,
GEN&WS 449,Special Topics In Feminist Theory,"(3, 3)",Gender And Womens Studies,,
GEN&WS/​PORTUG  450,Brazillian Women Writers,"(3, 3)",Gender And Womens Studies,,
GEN&WS/​PORTUG  460,Carmen Miranda,"(3, 3)",Gender And Womens Studies,,
GEN&WS/​ASIAN AM/​ENGL  463,Race And Sexuality In American Literature,"(3, 3)",Gender And Womens Studies,,
GEN&WS/​ASIAN AM/​ENGL  464,Asian American Women Writers,"(3, 3)",Gender And Womens Studies,,
GEN&WS/​POLI SCI  469,Women And Politics,"(3, 4)",Gender And Womens Studies,,
GEN&WS 472,Food For Thought: An Intersectional Approach,"(3, 3)",Gender And Womens Studies,,
GEN&WS/​GEOG  504,Feminist Geography: Theoretical Approaches,"(3, 3)",Gender And Womens Studies,,
GEN&WS/​GEOG  514,Feminist Geography: Methodological Approaches,"(3, 3)",Gender And Womens Studies,,
GEN&WS/​HISTORY  519,"Sexuality, Modernity And Social Change","(3, 3)",Gender And Womens Studies,,
GEN&WS/​PSYCH  522,Psychology Of Women And Gender,"(3, 3)",Gender And Womens Studies,,
GEN&WS 523,"Framing Fatness: Gender, Size, Constructing Health","(3, 3)",Gender And Womens Studies,,
GEN&WS 524,"Race, Gender, Health, And Medicine","(3, 3)",Gender And Womens Studies,,
GEN&WS 525,Gender And Global Health In Critical Perspective,"(3, 3)",Gender And Womens Studies,,
GEN&WS 527,The Environment Of The Womb: Epigenetics And Parent/Child Health,"(3, 3)",Gender And Womens Studies,,
GEN&WS 528,Sexuality And Science,"(3, 3)",Gender And Womens Studies,,
GEN&WS 529,The Science And Politics Of Reproductive Health,"(3, 3)",Gender And Womens Studies,,
GEN&WS 530,Biology And Gender,"(3, 3)",Gender And Womens Studies,,
GEN&WS/​HIST SCI/​MED HIST  531,Women And Health In American History,"(3, 3)",Gender And Womens Studies,,
GEN&WS/​HIST SCI/​MED HIST  532,The History Of The (American) Body,"(3, 3)",Gender And Womens Studies,,
GEN&WS 533,Special Topics In Gender And Biology,"(3, 3)",Gender And Womens Studies,,
GEN&WS 534,"Gender, Sexuality, And Reproduction: Public Health Perspectives","(3, 3)",Gender And Womens Studies,,
GEN&WS/​INTL ST  535,Women'S Global Health And Human Rights,"(3, 3)",Gender And Womens Studies,,
GEN&WS 536,Queering Sexuality Education,"(3, 3)",Gender And Womens Studies,,
GEN&WS/​HIST SCI  537,Childbirth In The United States,"(3, 3)",Gender And Womens Studies,,
GEN&WS 538,Special Topics In Lgbtq+ Health,"(3, 3)",Gender And Womens Studies,,
GEN&WS 539,Special Topics In Gender And Health,"(3, 3)",Gender And Womens Studies,,
GEN&WS/​ENGL  545,Feminist Theory And Women'S Writing In English,"(3, 3)",Gender And Womens Studies,,
GEN&WS 546,Feminist Theories And Masculinities,"(3, 3)",Gender And Womens Studies,,
GEN&WS 547,Theorizing Intersectionality,"(3, 3)",Gender And Womens Studies,,
GEN&WS/​ED POL  560,Gender And Education,"(3, 3)",Gender And Womens Studies,,
GEN&WS/​SOC  611,"Gender, Science And Technology","(3, 3)",Gender And Womens Studies,,
GEN&WS/​AFROAMER  624,African American Women'S Activism (19Th & 20Th Centuries),"(3, 3)",Gender And Womens Studies,,
GEN&WS/​AFROAMER  625,"Gender, Race And The Civil Rights Movement","(3, 3)",Gender And Womens Studies,,
GEN&WS 640,Capstone Seminar In Gender And Women'S Studies,"(3, 3)",Gender And Womens Studies,,
GEN&WS 642,Advanced Seminar In Lgbt Studies (Lgbt Studies Capstone),"(3, 3)",Gender And Womens Studies,,
GEN&WS/​URB R PL  644,International Development And Gender,"(3, 3)",Gender And Womens Studies,,
GEN&WS 660,Internship In Gender And Women'S Studies,"(3, 3)",Gender And Womens Studies,,
GEN&WS/​AFROAMER  677,Critical And Theoretical Perspectives In Black Women'S Writings,"(3, 3)",Gender And Womens Studies,,
GEN&WS 681,Senior Honors Thesis I,"(3, 3)",Gender And Womens Studies,,
GEN&WS 682,Senior Honors Thesis Ii,"(3, 3)",Gender And Womens Studies,,
GEN&WS 691,Senior Thesis I,"(2, 3)",Gender And Womens Studies,,
GEN&WS 692,Senior Thesis Ii,"(2, 3)",Gender And Womens Studies,,
GEN&WS 699,Directed Study,"(1, 6)",Gender And Womens Studies,,
GEN&WS 720,Special Topics In Gender And Women'S Studies,"(1, 3)",Gender And Womens Studies,,
GEN&WS/​ENGL  737,Feminist Theory And Criticism,"(3, 3)",Gender And Womens Studies,,
GEN&WS/​CURRIC  760,Sex/Gender-Related Issues In Curriculum And Instruction,"(3, 3)",Gender And Womens Studies,,
GEN&WS 790,Research & Thesis: Master'S And Professional Level,"(1, 6)",Gender And Womens Studies,,
GEN&WS 799,Independent Research At The Master'S And Professional Level,"(1, 3)",Gender And Womens Studies,,
GEN&WS 800,Research Methods In Gender & Women'S Studies,"(3, 3)",Gender And Womens Studies,,
GEN&WS/​ED POL/​PUB AFFR  805,Gender Issues In International Educational Policy,"(3, 3)",Gender And Womens Studies,,
GEN&WS 810,Gender And Women'S Studies: The Emergence And Transformation Of A Field,"(3, 3)",Gender And Womens Studies,,
GEN&WS/​JOURN  828,Gender And Sexuality In Mass Communication,"(3, 3)",Gender And Womens Studies,,
GEN&WS 830,Contemporary Theorizing In Gender And Women'S Studies,"(3, 3)",Gender And Womens Studies,,
GEN&WS 840,Pedagogy In Gender And Women'S Studies,"(3, 3)",Gender And Womens Studies,,
GEN&WS 860,Proseminar In Gender And Women'S Studies,"(1, 1)",Gender And Womens Studies,,
GEN&WS 880,Proseminar: Graduate Study In Gender And Women'S Studies,"(3, 3)",Gender And Womens Studies,,
GEN&WS/​C&E SOC/​SOC  904,Sociological Perspectives On Gender,"(3, 3)",Gender And Womens Studies,,
GEN&WS/​ANTHRO  920,Anthropology Of Gender,"(3, 3)",Gender And Womens Studies,,
GEN&WS/​PSYCH  932,Psychology Of Women And Gender,"(3, 3)",Gender And Womens Studies,,
GEN&WS/​POLI SCI  933,Feminist Political Theory,"(3, 3)",Gender And Womens Studies,,
GEN&WS/​HISTORY  938,History Of Sexuality,"(3, 3)",Gender And Womens Studies,,
GEN&WS 950,Seminar: Topics In Gender And Women'S Studies,"(3, 3)",Gender And Womens Studies,,
GEN&WS 990,Research & Thesis,"(1, 6)",Gender And Womens Studies,,
GEN&WS 999,Independent Research,"(1, 3)",Gender And Womens Studies,,
GEN BUS 106,Foundational Skills For Business Analysis,"(1, 1)",General Business,,
GEN BUS 110,Personal And Professional Foundations In Business,"(1, 1)",General Business,,
GEN BUS 112,Exploring Business,"(1, 1)",General Business,,
GEN BUS 206,Beginning Data Analysis For Business,"(3, 3)",General Business,,
GEN BUS 207,Intermediate Data Analysis For Business,"(3, 3)",General Business,,
GEN BUS/​DS  240,Human-Centered Design And Business,"(2, 2)",General Business,,
GEN BUS 250,Sustainable Capitalism,"(2, 2)",General Business,,
GEN BUS 301,Business Law,"(3, 3)",General Business,,
GEN BUS 306,Business Analytics I,"(3, 3)",General Business,,
GEN BUS 307,Business Analytics Ii,"(3, 3)",General Business,,
GEN BUS 308,Cloud Based Business Analytics,"(2, 2)",General Business,,
GEN BUS 310,Fundamentals Of Accounting And Finance For Non-Business Majors,"(3, 3)",General Business,,
GEN BUS 311,Fundamentals Of Management And Marketing For Non-Business Majors,"(3, 3)",General Business,,
GEN BUS 317,Mathematical Foundations Of Business Analytics,"(3, 3)",General Business,,
GEN BUS/​INTL BUS  320,Intercultural Communication In Business,"(3, 3)",General Business,,
GEN BUS 360,Workplace Writing And Communication,"(3, 3)",General Business,,
GEN BUS 365,Contemporary Topics,"(1, 3)",General Business,,
GEN BUS 370,Case Interview Analysis,"(1, 1)",General Business,,
GEN BUS 399,Reading And Research-Business Research,"(1, 6)",General Business,,
GEN BUS 400,Integrated Strategic Leadership,"(3, 3)",General Business,,
GEN BUS 450,Professional Experience In Business,"(1, 1)",General Business,,
GEN BUS 451,Professional Experience In Business-Extended Internship,"(1, 1)",General Business,,
GEN BUS 656,Machine Learning For Business Analytics,"(3, 3)",General Business,,
GEN BUS/​R M I  701,Managing Legal Risks,"(3, 3)",General Business,,
GEN BUS 704,Data To Decisions,"(2, 3)",General Business,,
GEN BUS 705,Statistics And Programming For Business Analytics,"(3, 3)",General Business,,
GEN BUS 710,"Ethics, Integrity And Society","(1, 1)",General Business,,
GEN BUS 713,Role Of Business In Society,"(2, 2)",General Business,,
GEN BUS 714,Corporate Governance And Board Membership,"(2, 3)",General Business,,
GEN BUS 720,Data Visualization For Business Analytics,"(1, 2)",General Business,,
GEN BUS 725,Consulting Practicum,"(1, 1)",General Business,,
GEN BUS 730,Prescriptive Modeling And Optimization For Business Analytics,"(2, 3)",General Business,,
GEN BUS 740,Experiments And Causal Methods For Business Insights,"(2, 3)",General Business,,
GEN BUS 745,Robotic Process Automation,"(1, 2)",General Business,,
GEN BUS 746,Advanced Sql & Data Warehousing,"(2, 2)",General Business,,
GEN BUS 750,Professional Experience In Business,"(1, 1)",General Business,,
GEN BUS 760,Data Technology For Business Analytics,"(2, 3)",General Business,,
GEN BUS 765,Contemporary Topics,"(1, 4)",General Business,,
GEN BUS/​ECON/​STAT  775,Bayesian Statistics,"(3, 3)",General Business,,
GEN BUS 777,Consulting Skills Bootcamp,"(1, 1)",General Business,,
GEN BUS 780,Cloud Technology For Business Analytics,"(1, 1)",General Business,,
GEN BUS/​ACCT I S/​E P D  781,Financial And Business Acumen,"(1, 1)",General Business,,
GEN BUS/​E P D/​MARKETNG  782,Marketing For Non-Marketing Professionals,"(1, 1)",General Business,,
GEN BUS/​E P D/​M H R  783,Leading Teams,"(1, 1)",General Business,,
GEN BUS/​E P D/​OTM  784,Project Management Essentials,"(1, 1)",General Business,,
GEN BUS/​E P D/​M H R  785,Effective Negotiation Strategies,"(1, 1)",General Business,,
GEN BUS 790,Consulting Project Capstone,"(1, 3)",General Business,,
GEN BUS 791,Emba Consulting Practicum I,"(1, 1)",General Business,,
GEN BUS 792,Emba Consulting Practicum Ii,"(1, 1)",General Business,,
GEN BUS 799,Reading And Research-Business Research,"(1, 6)",General Business,,
GEN BUS 806,Panel Data Analysis,"(3, 3)",General Business,,
GEN BUS 840,Current Topics In Business Analytics And Artificial Intelligence,"(1, 1)",General Business,,
GEN BUS 881,Business Statistics Using Python,"(2, 2)",General Business,,
GEN BUS 882,Sql Fundamentals,"(2, 2)",General Business,,
GEN BUS 883,Data Visualization & Cloud Technologies,"(2, 2)",General Business,,
GEN BUS 884,Applied Analytics - Case Studies,"(2, 2)",General Business,,
GEN BUS 885,Python Fundamentals,"(2, 2)",General Business,,
GEN BUS 886,Foundations Of Predictive Modeling For Business Analytics,"(2, 2)",General Business,,
GEN BUS 888,Applied Machine Learning For Business Analytics,"(2, 2)",General Business,,
GEN BUS 891,Text Mining And Generation For Business Analytics,"(2, 2)",General Business,,
GEN BUS 893,Analytics Consulting Project Management,"(2, 2)",General Business,,
GEN BUS 894,"Pitfalls, Ethics, Communication, And Leadership In Business Analytics","(2, 2)",General Business,,
GEN BUS 895,Masters Capstone In Business Analytics,"(2, 2)",General Business,,
GEN BUS 933,Beginning A Research Career In Business,"(1, 1)",General Business,,
GEN BUS 999,Reading And Research-Business Research Phd,"(1, 6)",General Business,,
GENECSLR 713,Introductory Practicum In Genetic Counseling,"(3, 3)",Genetic Counselor Studies,,
GENECSLR 714,Introductory Practicum In Genetic Counseling,"(3, 3)",Genetic Counselor Studies,,
GENECSLR 721,Introduction To Clinical Genetics,"(2, 2)",Genetic Counselor Studies,,
GENECSLR 724,Cancer Genetics Risk Assessment And Counseling,"(2, 2)",Genetic Counselor Studies,,
GENECSLR 731,Advanced Clinical Genetics Concepts,"(3, 3)",Genetic Counselor Studies,,
GENECSLR 737,Contemporary Professional Issues In Genetics Counseling,"(1, 1)",Genetic Counselor Studies,,
GENECSLR 739,Research Strategies And Analysis In Clinical Genetics,"(1, 1)",Genetic Counselor Studies,,
GENECSLR 740,Laboratory Genetics And Genomics  For The Genetic Counselor,"(2, 2)",Genetic Counselor Studies,,
GENECSLR 741,Introduction To Genetic Counseling,"(1, 1)",Genetic Counselor Studies,,
GENECSLR 742,Clinical Embryology And Prenatal Genetics,"(1, 1)",Genetic Counselor Studies,,
GENECSLR 743,Advanced Interviewing And Counseling For The Gc I,"(1, 1)",Genetic Counselor Studies,,
GENECSLR 744,Applications Of Biochemical Genetics For Genetic Counselors,"(2, 2)",Genetic Counselor Studies,,
GENECSLR 745,Seminar In Medical Genetic Counseling Research,"(1, 1)",Genetic Counselor Studies,,
GENECSLR 748,Special Topics In Genetic Counseling,"(1, 1)",Genetic Counselor Studies,,
GENECSLR 813,Advanced Practicum In Genetics Counseling,"(4, 5)",Genetic Counselor Studies,,
GENECSLR 814,Advanced Practicum In Genetics Counseling,"(4, 5)",Genetic Counselor Studies,,
GENECSLR 990,Research In Genetic Counseling,"(1, 8)",Genetic Counselor Studies,,
GENETICS 133,Genetics In The News,"(3, 3)",Genetics,,
GENETICS 155,Freshman Seminar In Genetics,"(1, 1)",Genetics,,
GENETICS 234,Genomes And Society,"(3, 3)",Genetics,,
GENETICS 289,Honors Independent Study,"(1, 2)",Genetics,,
GENETICS 299,Independent Study,"(1, 3)",Genetics,,
GENETICS 375,Special Topics,"(1, 4)",Genetics,,
GENETICS 399,Coordinative Internship/Cooperative Education,"(1, 8)",Genetics,,
GENETICS 400,Study Abroad In Genetics,"(1, 6)",Genetics,,
GENETICS 466,Principles Of Genetics,"(3, 3)",Genetics,,
GENETICS 467,General Genetics 1,"(3, 3)",Genetics,,
GENETICS 468,General Genetics 2,"(3, 3)",Genetics,,
GENETICS 470,Basic Cytology And Laboratory Procedures,"(1, 1)",Genetics,,
GENETICS 471,Advanced Laboratory Procedures,"(1, 1)",Genetics,,
GENETICS 520,Neurogenetics,"(3, 3)",Genetics,,
GENETICS/​BIOLOGY  522,Communicating Evolutionary Biology,"(2, 3)",Genetics,,
GENETICS 525,Epigenetics,"(3, 3)",Genetics,,
GENETICS 527,Developmental Genetics For Conservation And Regeneration,"(3, 3)",Genetics,,
GENETICS 528,Banking Animal Biodiversity: International Field Study In Costa Rica,"(1, 1)",Genetics,,
GENETICS 545,Genetics Laboratory,"(2, 2)",Genetics,,
GENETICS 548,The Genomic Revolution,"(3, 3)",Genetics,,
GENETICS/​HORT  550,Molecular Approaches For Potential Crop Improvement,"(3, 3)",Genetics,,
GENETICS 564,Genomics And Proteomics,"(3, 3)",Genetics,,
GENETICS/​MD GENET  565,Human Genetics,"(3, 3)",Genetics,,
GENETICS 566,Advanced Genetics,"(3, 3)",Genetics,,
GENETICS 567,Companion Research Seminar,"(1, 1)",Genetics,,
GENETICS 568,The Central Nervous System,"(1, 1)",Genetics,,
GENETICS 569,The Breast,"(1, 1)",Genetics,,
GENETICS 570,The Female Reproductive System,"(8, 8)",Genetics,,
GENETICS 571,Clinical Practice I,"(1, 1)",Genetics,,
GENETICS 572,The Respiratory System,"(3, 3)",Genetics,,
GENETICS 573,The Genitourinary System,"(2, 2)",Genetics,,
GENETICS 574,The Gastrointestinal System,"(3, 3)",Genetics,,
GENETICS 575,Miscellaneous Systems,"(3, 3)",Genetics,,
GENETICS 576,Effusions,"(2, 2)",Genetics,,
GENETICS 577,Applied Cytology I,"(1, 1)",Genetics,,
GENETICS 578,Applied Cytology Ii,"(1, 1)",Genetics,,
GENETICS 588,Immunogenetics,"(3, 3)",Genetics,,
GENETICS 605,Clinical Cases In Medical Genetics,"(3, 3)",Genetics,,
GENETICS/​BIOCHEM/​MICROBIO  612,Prokaryotic Molecular Biology,"(3, 3)",Genetics,,
GENETICS/​AGRONOMY/​AN SCI/​HORT  615,Genetic Mapping,"(3, 3)",Genetics,,
GENETICS/​BIOCHEM/​MD GENET  620,Eukaryotic Molecular Biology,"(3, 3)",Genetics,,
GENETICS/​ENTOM/​ZOOLOGY  624,Molecular Ecology,"(3, 3)",Genetics,,
GENETICS/​CHEM  626,Genomic Science,"(2, 2)",Genetics,,
GENETICS 627,Animal Developmental Genetics,"(3, 3)",Genetics,,
GENETICS/​BIOCHEM  631,Plant Genetics And Development,"(3, 3)",Genetics,,
GENETICS 633,Population Genetics,"(3, 3)",Genetics,,
GENETICS/​MD GENET/​POP HLTH  636,Public Health Genomics,"(1, 1)",Genetics,,
GENETICS/​BOTANY/​M M & I/​PL PATH  655,Biology And Genetics Of Fungi,"(3, 3)",Genetics,,
GENETICS/​MD GENET  662,Cancer Genetics,"(3, 3)",Genetics,,
GENETICS 670,Seminar In Clinical Cytogenetics,"(1, 1)",Genetics,,
GENETICS 671,Advanced Clinical Practice,"(8, 8)",Genetics,,
GENETICS 672,Seminar In Laboratory Operations And Quality Control,"(1, 1)",Genetics,,
GENETICS 673,Seminar In Clinical Cytology,"(1, 1)",Genetics,,
GENETICS/​MD GENET  677,Advanced Topics In Genetics,"(1, 3)",Genetics,,
GENETICS 681,Senior Honors Thesis,"(2, 4)",Genetics,,
GENETICS 682,Senior Honors Thesis,"(2, 4)",Genetics,,
GENETICS 695,Advancing To Biological Sciences Phd Study,"(1, 1)",Genetics,,
GENETICS 699,Special Problems,"(1, 3)",Genetics,,
GENETICS 701,Advanced Genetics,"(3, 3)",Genetics,,
GENETICS 702,Advanced Genetics Ii,"(3, 3)",Genetics,,
GENETICS/​MD GENET  707,Genetics Of Development,"(3, 3)",Genetics,,
GENETICS/​MD GENET  708,Methods And Logic In Genetic Analysis,"(3, 3)",Genetics,,
GENETICS/​CRB  710,Developmental Genetics,"(3, 3)",Genetics,,
GENETICS 808,From Genes To Grants: Writing Winning Research Proposals In Genetics,"(2, 2)",Genetics,,
GENETICS/​BOTANY/​ENTOM/​ZOOLOGY  820,Foundations Of Evolution,"(2, 2)",Genetics,,
GENETICS/​BIOCHEM/​BOTANY  840,Regulatory Mechanisms In Plant Development,"(3, 3)",Genetics,,
GENETICS/​AN SCI/​POP HLTH  849,Genetic Epidemiology,"(3, 3)",Genetics,,
GENETICS 875,Special Topics,"(1, 4)",Genetics,,
GENETICS 885,Advanced Genomic And Proteomic Analysis,"(3, 3)",Genetics,,
GENETICS/​B M E/​B M I/​BIOCHEM/​CBE/​COMP SCI  915,Computation And Informatics In Biology And Medicine,"(1, 1)",Genetics,,
GENETICS/​AN SCI/​DY SCI  951,Seminar In Animal Breeding,"(0, 1)",Genetics,,
GENETICS/​AGRONOMY/​HORT  957,Seminar-Plant Breeding,"(1, 1)",Genetics,,
GENETICS 990,Research,"(1, 12)",Genetics,,
GENETICS 993,Seminar In Genetics,"(0, 1)",Genetics,,
GEOG 101,Introduction To Human Geography,"(4, 4)",Geography,,
GEOG 104,Introduction To Human Geography,"(3, 3)",Geography,,
GEOG/​ENVIR ST  120,Introduction To The Earth System,"(3, 3)",Geography,,
GEOG/​ENVIR ST  127,Physical Systems Of The Environment,"(4, 4)",Geography,,
GEOG/​ENVIR ST  139,Global Environmental Issues,"(3, 3)",Geography,,
GEOG 170,Our Digital Globe: An Overview Of Giscience And Its Technology,"(3, 3)",Geography,,
GEOG 175,Topics In Geography,"(3, 3)",Geography,,
GEOG 198,Directed Study,"(1, 2)",Geography,,
GEOG 199,Directed Study,"(1, 2)",Geography,,
GEOG/​ENVIR ST/​SOIL SCI  230,Soil: Ecosystem And Resource,"(3, 3)",Geography,,
GEOG/​ART HIST/​ENVIR ST/​HISTORY/​LAND ARC  239,Making The American Landscape,"(3, 4)",Geography,,
GEOG/​ASIAN/​HISTORY/​POLI SCI/​SOC  244,Introduction To Southeast Asia:  Vietnam To The Philippines,"(4, 4)",Geography,,
GEOG/​HISTORY/​POLI SCI/​SLAVIC  253,Russia: An Interdisciplinary Survey,"(4, 4)",Geography,,
GEOG/​HISTORY/​POLI SCI/​SLAVIC  254,Eastern Europe: An Interdisciplinary Survey,"(4, 4)",Geography,,
GEOG/​AFROAMER/​ANTHRO/​C&E SOC/​HISTORY/​LACIS/​POLI SCI/​SOC/​SPANISH  260,Latin America: An Introduction,"(3, 4)",Geography,,
GEOG/​AFRICAN/​AFROAMER/​ANTHRO/​HISTORY/​POLI SCI/​SOC  277,Africa: An Introductory Survey,"(4, 4)",Geography,,
GEOG 300,Weird Geographies,"(3, 3)",Geography,,
GEOG 301,Revolutions And Social Change,"(3, 3)",Geography,,
GEOG 302,Economic Geography: Locational Behavior,"(4, 4)",Geography,,
GEOG/​URB R PL  305,Introduction To The City,"(3, 4)",Geography,,
GEOG 307,"International Migration, Health, And Human Rights","(3, 3)",Geography,,
GEOG/​CHICLA/​GEN&WS  308,"Latinx Feminisms: Women'S Lives, Work, And Activism","(3, 3)",Geography,,
GEOG/​ENVIR ST  309,"People, Land And Food: Comparative Study Of Agriculture Systems","(3, 3)",Geography,,
GEOG/​INTL ST  311,"The Global Game: Soccer, Politics, And Identity","(3, 4)",Geography,,
GEOG/​INTL ST  315,Universal Basic Income: The Politics Behind A Global Movement,"(3, 3)",Geography,,
GEOG 318,Introduction To Geopolitics,"(3, 3)",Geography,,
GEOG/​GEOSCI  320,Geomorphology,"(3, 3)",Geography,,
GEOG/​ATM OCN/​ENVIR ST  322,Polar Regions And Their Importance In The Global Environment,"(3, 3)",Geography,,
GEOG/​GEOSCI  326,Landforms-Topics And Regions,"(3, 3)",Geography,,
GEOG/​ATM OCN/​ENVIR ST  332,Global Warming: Science And Impacts,"(3, 3)",Geography,,
GEOG/​ENVIR ST  333,Green Urbanism,"(3, 3)",Geography,,
GEOG/​ATM OCN/​ENVIR ST/​GEOSCI  335,Climatic Environments Of The Past,"(3, 3)",Geography,,
GEOG/​ENVIR ST  337,"Nature, Power And Society","(3, 3)",Geography,,
GEOG/​BOTANY  338,Environmental Biogeography,"(3, 3)",Geography,,
GEOG/​ENVIR ST  339,Environmental Conservation,"(4, 4)",Geography,,
GEOG 340,World Regions In Global Context,"(3, 3)",Geography,,
GEOG 342,Geography Of Wisconsin,"(3, 3)",Geography,,
GEOG 344,Changing Landscapes Of The American West,"(3, 3)",Geography,,
GEOG/​AMER IND/​ENVIR ST  345,Caring For Nature In Native North America,"(3, 3)",Geography,,
GEOG 355,"Africa, South Of The Sahara","(3, 3)",Geography,,
GEOG 358,Human Geography Of Southeast Asia,"(3, 3)",Geography,,
GEOG 359,Australia: Environment And Society,"(3, 3)",Geography,,
GEOG 365,Geographical Traditions And Practices,"(3, 3)",Geography,,
GEOG 370,Introduction To Cartography,"(4, 4)",Geography,,
GEOG/​ENVIR ST/​F&W ECOL/​G L E/​GEOSCI/​LAND ARC  371,Introduction To Environmental Remote Sensing,"(3, 3)",Geography,,
GEOG/​CIV ENGR/​ENVIR ST  377,An Introduction To Geographic Information Systems,"(4, 4)",Geography,,
GEOG 378,Introduction To Geocomputing,"(4, 4)",Geography,,
GEOG 379,"Geospatial Technologies: Drones, Sensors, And Applications","(3, 3)",Geography,,
GEOG 399,Independent Study,"(1, 3)",Geography,,
GEOG/​AMER IND  410,Critical Indigenous Ecological Knowledges,"(3, 3)",Geography,,
GEOG/​GEOSCI  420,Glacial And Pleistocene Geology,"(3, 3)",Geography,,
GEOG/​C&E SOC/​ENVIR ST  434,"People, Wildlife And Landscapes","(3, 3)",Geography,,
GEOG/​ENVIR ST  439,Us Environmental Policy And Regulation,"(3, 4)",Geography,,
GEOG/​ENVIR ST/​HISTORY  460,American Environmental History,"(4, 4)",Geography,,
GEOG 475,Topics In Geography,"(1, 4)",Geography,,
GEOG 500,Qualitative Strategies In Geography,"(3, 3)",Geography,,
GEOG 501,Space And Place: A Geography Of Experience,"(3, 3)",Geography,,
GEOG/​URB R PL  503,Researching The City: Qualitative Strategies,"(3, 3)",Geography,,
GEOG/​GEN&WS  504,Feminist Geography: Theoretical Approaches,"(3, 3)",Geography,,
GEOG/​URB R PL  505,Urban Spatial Patterns And Theories,"(3, 3)",Geography,,
GEOG/​URB R PL  506,Historical Geography Of European Urbanization,"(3, 3)",Geography,,
GEOG 507,"Waste Geographies: Politics, People, And Infrastructures","(3, 3)",Geography,,
GEOG 510,Economic Geography,"(4, 4)",Geography,,
GEOG 511,Critical Social Theory,"(3, 3)",Geography,,
GEOG 513,Queer Geographies,"(3, 3)",Geography,,
GEOG/​GEN&WS  514,Feminist Geography: Methodological Approaches,"(3, 3)",Geography,,
GEOG 515,Trans Autotheories,"(3, 3)",Geography,,
GEOG 518,"Power, Place, Identity","(3, 3)",Geography,,
GEOG 523,Advanced Paleoecology: Species Responses To Past Environmental Change,"(3, 3)",Geography,,
GEOG/​SOIL SCI  525,Soil Geomorphology,"(3, 3)",Geography,,
GEOG/​SOIL SCI  526,Human Transformations Of Earth Surface Processes,"(3, 3)",Geography,,
GEOG/​ENVIR ST/​LAND ARC/​URB R PL  532,Applications Of Geographic Information Systems In Planning,"(3, 3)",Geography,,
GEOG/​ENVIR ST  534,"Environmental Governance: Markets, States And Nature","(3, 3)",Geography,,
GEOG/​ENVIR ST  537,Culture And Environment,"(4, 4)",Geography,,
GEOG 538,"The Humid Tropics: Ecology, Subsistence, And Development","(4, 4)",Geography,,
GEOG/​ENVIR ST  557,Development And Environment In Southeast Asia,"(3, 3)",Geography,,
GEOG 560,Advanced Quantitative Methods,"(3, 3)",Geography,,
GEOG 565,Colloquium For Undergraduate Majors,"(3, 3)",Geography,,
GEOG 566,History Of Geographic Thought,"(3, 3)",Geography,,
GEOG 572,Graphic Design In Cartography,"(3, 4)",Geography,,
GEOG 573,Advanced Geocomputing And Geospatial Big Data Analytics,"(4, 4)",Geography,,
GEOG 574,Geospatial Database Design And Development,"(4, 4)",Geography,,
GEOG 575,Interactive Cartography & Geovisualization,"(4, 4)",Geography,,
GEOG 576,Geospatial Web And Mobile Programming,"(4, 4)",Geography,,
GEOG 578,Gis Applications,"(4, 4)",Geography,,
GEOG 579,Gis And Spatial Analysis,"(4, 4)",Geography,,
GEOG 602,Internship,"(1, 2)",Geography,,
GEOG 675,Special Topics In Geography,"(3, 3)",Geography,,
GEOG 676,Special Topics In Geography,"(3, 3)",Geography,,
GEOG 681,Senior Honors Thesis,"(2, 3)",Geography,,
GEOG 682,Senior Honors Thesis,"(2, 3)",Geography,,
GEOG 691,Senior Thesis,"(2, 3)",Geography,,
GEOG 692,Senior Thesis,"(2, 3)",Geography,,
GEOG 698,Directed Study,"(1, 3)",Geography,,
GEOG 699,Directed Study,"(1, 3)",Geography,,
GEOG 765,Geographical Inquiry And Analysis: An Introduction,"(1, 1)",Geography,,
GEOG 766,Geographical Inquiry And Analysis: Techniques,"(1, 3)",Geography,,
GEOG 777,Capstone In Gis Development,"(4, 4)",Geography,,
GEOG 778,Practicum In Gis Development,"(4, 4)",Geography,,
GEOG 799,Independent Reading,"(1, 3)",Geography,,
GEOG 900,Seminar In Geography,"(1, 3)",Geography,,
GEOG 901,Seminar In Cultural Geography,"(2, 3)",Geography,,
GEOG 918,Seminar In Political Geography,"(2, 3)",Geography,,
GEOG 920,Seminar In Physical Geography,"(1, 3)",Geography,,
GEOG 930,Seminar In People-Environment Geography,"(2, 3)",Geography,,
GEOG/​HISTORY  932,Seminar In American Environmental History,"(3, 3)",Geography,,
GEOG/​AGRONOMY/​ATM OCN/​BOTANY/​ENTOM/​ENVIR ST/​F&W ECOL/​ZOOLOGY  953,Introduction To Ecology Research At Uw-Madison,"(1, 2)",Geography,,
GEOG 970,Seminar In Geographic Information Science,"(1, 3)",Geography,,
GEOG/​ATM OCN/​BOTANY/​ENVIR ST/​F&W ECOL/​GEOSCI/​ZOOLOGY  980,Earth System Science Seminar,"(1, 1)",Geography,,
GEOG/​A A E/​ANTHRO/​C&E SOC/​HISTORY/​LACIS/​POLI SCI/​PORTUG/​SOC/​SPANISH  982,Interdepartmental Seminar In The Latin-American Area,"(1, 3)",Geography,,
GEOG/​AFRICAN/​ANTHRO/​ECON/​HISTORY/​POLI SCI  983,Interdepartmental Seminar In African Studies Topics,"(3, 3)",Geography,,
GEOG 990,Research And Thesis,"(1, 9)",Geography,,
GEOG 999,Independent Work,"(1, 3)",Geography,,
G L E 1,Cooperative Education Program,"(1, 1)",Geological Engineering,,
G L E 171,Introduction To Geological Engineering,"(1, 1)",Geological Engineering,,
G L E/​CIV ENGR  291,Problem Solving Using Computer Tools,"(4, 4)",Geological Engineering,,
G L E/​CIV ENGR  330,Soil Mechanics,"(3, 3)",Geological Engineering,,
G L E/​GEOSCI  350,Introduction To Geophysics: The Dynamic Earth,"(3, 3)",Geological Engineering,,
G L E/​GEOSCI  360,Principles Of Mineralogy,"(3, 3)",Geological Engineering,,
G L E/​GEOSCI  370,Elementary Petrology,"(3, 3)",Geological Engineering,,
G L E/​ENVIR ST/​F&W ECOL/​GEOG/​GEOSCI/​LAND ARC  371,Introduction To Environmental Remote Sensing,"(3, 3)",Geological Engineering,,
G L E 401,Special Topics In Geological Engineering,"(1, 3)",Geological Engineering,,
G L E/​CIV ENGR  421,Environmental Sustainability Engineering,"(3, 3)",Geological Engineering,,
G L E/​CIV ENGR  430,Introduction To Slope Stability And Earth Retention,"(1, 1)",Geological Engineering,,
G L E/​GEOSCI  431,Sedimentary & Stratigraphy Lab,"(1, 1)",Geological Engineering,,
G L E/​CIV ENGR  432,Introduction To Shallow And Deep Foundation Systems,"(1, 1)",Geological Engineering,,
G L E/​CIV ENGR  434,Introduction To Underground Openings Engineering,"(1, 1)",Geological Engineering,,
G L E/​CIV ENGR/​ENVIR ST/​GEOSCI  444,Practical Applications Of Gps Surveying,"(2, 2)",Geological Engineering,,
G L E/​GEOSCI  455,Structural Geology,"(4, 4)",Geological Engineering,,
G L E/​CIV ENGR/​GEOSCI/​M S & E  474,Rock Mechanics,"(3, 3)",Geological Engineering,,
G L E 479,Geological Engineering Design,"(4, 4)",Geological Engineering,,
G L E 489,Honors In Research,"(1, 3)",Geological Engineering,,
G L E/​CIV ENGR  511,Mixing And Transport In The Environment,"(3, 3)",Geological Engineering,,
G L E/​CIV ENGR  520,Reactive Processes For Sustainable Energy And Resource Production,"(3, 3)",Geological Engineering,,
G L E/​CIV ENGR  530,Seepage And Slopes,"(3, 3)",Geological Engineering,,
G L E/​CIV ENGR  532,Foundations,"(3, 3)",Geological Engineering,,
G L E/​CIV ENGR  534,Nondestructive Evaluation,"(3, 3)",Geological Engineering,,
G L E/​CIV ENGR  535,Wind Energy Balance-Of-Plant Design,"(3, 3)",Geological Engineering,,
G L E/​GEOSCI  537,Quantitative Methods For Geoscience,"(3, 3)",Geological Engineering,,
G L E/​GEOSCI  594,Introduction To Applied Geophysics,"(3, 3)",Geological Engineering,,
G L E/​GEOSCI  595,Field Methods In Applied And Engineering Geophysics,"(1, 1)",Geological Engineering,,
G L E/​GEOSCI  596,Geomechanics,"(3, 3)",Geological Engineering,,
G L E/​CIV ENGR  612,Ecohydrology,"(3, 3)",Geological Engineering,,
G L E/​GEOSCI  627,Hydrogeology,"(3, 4)",Geological Engineering,,
G L E/​GEOSCI  629,Contaminant Hydrogeology,"(3, 3)",Geological Engineering,,
G L E/​CIV ENGR  635,Remediation Geotechnics,"(3, 3)",Geological Engineering,,
G L E 699,Independent Study,"(1, 3)",Geological Engineering,,
G L E/​GEOSCI  724,Groundwater Flow Modeling,"(3, 3)",Geological Engineering,,
G L E/​CIV ENGR  730,Engineering Properties Of Soils,"(3, 3)",Geological Engineering,,
G L E/​CIV ENGR  732,Unsaturated Soil Geoengineering,"(3, 3)",Geological Engineering,,
G L E/​CIV ENGR  733,Physicochemical Basis Of Soil Behavior,"(3, 3)",Geological Engineering,,
G L E/​GEOSCI  747,Tectonophysics,"(3, 3)",Geological Engineering,,
G L E/​GEOSCI  757,Advanced Rock Mechanics,"(3, 3)",Geological Engineering,,
G L E 790,Master'S Research Or Thesis,"(1, 9)",Geological Engineering,,
G L E 801,Special Topics In Geological Engineering,"(1, 3)",Geological Engineering,,
G L E 890,Pre-Dissertator'S Research,"(1, 9)",Geological Engineering,,
G L E 900,Seminar,"(1, 1)",Geological Engineering,,
G L E 990,Research And Thesis,"(1, 9)",Geological Engineering,,
G L E 999,Independent Work,"(1, 3)",Geological Engineering,,
GEOSCI 100,Introductory Geology: How The Earth Works,"(3, 3)",Geoscience,,
GEOSCI/​ATM OCN/​ENVIR ST  102,Climate And Climate Change,"(3, 3)",Geoscience,,
GEOSCI/​ATM OCN  105,Survey Of Oceanography,"(3, 4)",Geoscience,,
GEOSCI/​ENVIR ST  106,Environmental Geology,"(3, 3)",Geoscience,,
GEOSCI 109,Three Billion Years Beneath Your Feet: Geology Of The National Parks,"(3, 3)",Geoscience,,
GEOSCI 110,Evolution And Extinction,"(4, 4)",Geoscience,,
GEOSCI 115,Science Behind The News - The World Around Us,"(1, 2)",Geoscience,,
GEOSCI 117,Ex-Files: Life In The Earth'S Extreme Environment,"(2, 2)",Geoscience,,
GEOSCI 118,Eye In The Sky: Monitoring The Earth By Satellite,"(1, 1)",Geoscience,,
GEOSCI/​ATM OCN  140,Natural Hazards And Disasters,"(3, 3)",Geoscience,,
GEOSCI/​ASTRON  160,Life In The Universe,"(2, 2)",Geoscience,,
GEOSCI 198,Directed Study,"(1, 3)",Geoscience,,
GEOSCI 199,Directed Study,"(1, 3)",Geoscience,,
GEOSCI 202,Introduction To Geologic Structures,"(4, 4)",Geoscience,,
GEOSCI 204,Geologic Evolution Of The Earth,"(4, 4)",Geoscience,,
GEOSCI 304,Geobiology,"(3, 3)",Geoscience,,
GEOSCI/​GEOG  320,Geomorphology,"(3, 3)",Geoscience,,
GEOSCI/​GEOG  326,Landforms-Topics And Regions,"(3, 3)",Geoscience,,
GEOSCI 331,Gems: The Science Behind The Sparkle,"(1, 2)",Geoscience,,
GEOSCI/​ATM OCN/​ENVIR ST/​GEOG  335,Climatic Environments Of The Past,"(3, 3)",Geoscience,,
GEOSCI/​G L E  350,Introduction To Geophysics: The Dynamic Earth,"(3, 3)",Geoscience,,
GEOSCI/​G L E  360,Principles Of Mineralogy,"(3, 3)",Geoscience,,
GEOSCI/​G L E  370,Elementary Petrology,"(3, 3)",Geoscience,,
GEOSCI/​ENVIR ST/​F&W ECOL/​G L E/​GEOG/​LAND ARC  371,Introduction To Environmental Remote Sensing,"(3, 3)",Geoscience,,
GEOSCI 375,Principles Of Geochemistry,"(3, 3)",Geoscience,,
GEOSCI 376,Topics In Geology,"(1, 3)",Geoscience,,
GEOSCI 402,Research And Communication In The Geological Sciences,"(3, 3)",Geoscience,,
GEOSCI/​ENVIR ST  411,Energy Resources,"(3, 3)",Geoscience,,
GEOSCI/​GEOG  420,Glacial And Pleistocene Geology,"(3, 3)",Geoscience,,
GEOSCI 430,Sedimentology And Stratigraphy,"(3, 3)",Geoscience,,
GEOSCI/​G L E  431,Sedimentary & Stratigraphy Lab,"(1, 1)",Geoscience,,
GEOSCI/​CIV ENGR/​ENVIR ST/​G L E  444,Practical Applications Of Gps Surveying,"(2, 2)",Geoscience,,
GEOSCI/​G L E  455,Structural Geology,"(4, 4)",Geoscience,,
GEOSCI 456,Geologic Field Methods,"(2, 2)",Geoscience,,
GEOSCI 457,Conducted Field Trip,"(2, 2)",Geoscience,,
GEOSCI 459,Field Geology,"(6, 6)",Geoscience,,
GEOSCI/​CIV ENGR/​G L E/​M S & E  474,Rock Mechanics,"(3, 3)",Geoscience,,
GEOSCI/​HIST SCI  514,History Of Geologic Thought,"(3, 3)",Geoscience,,
GEOSCI 515,Principles Of Economic Geology,"(4, 4)",Geoscience,,
GEOSCI/​G L E  537,Quantitative Methods For Geoscience,"(3, 3)",Geoscience,,
GEOSCI/​ZOOLOGY  541,Paleobiology,"(3, 3)",Geoscience,,
GEOSCI/​ZOOLOGY  542,Invertebrate Paleontology,"(3, 3)",Geoscience,,
GEOSCI 551,Paleoceanography,"(3, 3)",Geoscience,,
GEOSCI 556,Mountain Belts,"(3, 3)",Geoscience,,
GEOSCI 557,Structural Petrology,"(3, 3)",Geoscience,,
GEOSCI/​G L E  594,Introduction To Applied Geophysics,"(3, 3)",Geoscience,,
GEOSCI/​G L E  595,Field Methods In Applied And Engineering Geophysics,"(1, 1)",Geoscience,,
GEOSCI/​G L E  596,Geomechanics,"(3, 3)",Geoscience,,
GEOSCI 610,"Geochronology, Timescales, And Rates Of Geologic Processes","(3, 3)",Geoscience,,
GEOSCI/​G L E  627,Hydrogeology,"(3, 4)",Geoscience,,
GEOSCI/​G L E  629,Contaminant Hydrogeology,"(3, 3)",Geoscience,,
GEOSCI 681,Senior Honors Thesis,"(3, 3)",Geoscience,,
GEOSCI 682,Senior Honors Thesis,"(3, 3)",Geoscience,,
GEOSCI 691,Senior Thesis,"(3, 4)",Geoscience,,
GEOSCI 692,Senior Thesis,"(3, 4)",Geoscience,,
GEOSCI 698,Directed Study,"(1, 6)",Geoscience,,
GEOSCI 699,Directed Study,"(1, 6)",Geoscience,,
GEOSCI 701,Quantitative Geomorphology,"(4, 4)",Geoscience,,
GEOSCI 720,Glaciology,"(3, 3)",Geoscience,,
GEOSCI/​G L E  724,Groundwater Flow Modeling,"(3, 3)",Geoscience,,
GEOSCI 727,Advanced Hydrogeology,"(1, 3)",Geoscience,,
GEOSCI 729,Field Applications In Hydrogeology,"(2, 2)",Geoscience,,
GEOSCI 731,Carbonate Geology,"(2, 2)",Geoscience,,
GEOSCI 732,Geochemistry Of Sediments,"(3, 3)",Geoscience,,
GEOSCI/​G L E  747,Tectonophysics,"(3, 3)",Geoscience,,
GEOSCI/​ATM OCN/​ENVIR ST/​ZOOLOGY  750,Problems In Oceanography,"(3, 3)",Geoscience,,
GEOSCI 755,Advanced Structural Geology,"(3, 3)",Geoscience,,
GEOSCI/​G L E  757,Advanced Rock Mechanics,"(3, 3)",Geoscience,,
GEOSCI 758,Mechanics Of Earthquakes And Faulting,"(3, 3)",Geoscience,,
GEOSCI 765,Crystal Chemistry,"(3, 3)",Geoscience,,
GEOSCI 771,Igneous Petrology,"(3, 3)",Geoscience,,
GEOSCI 777,Electron Microprobe Analysis,"(3, 3)",Geoscience,,
GEOSCI 793,Geophysical Inverse Theory,"(3, 3)",Geoscience,,
GEOSCI 796,Physics Of The Earth Ii,"(3, 3)",Geoscience,,
GEOSCI 875,Advanced Topics In Geology,"(1, 3)",Geoscience,,
GEOSCI/​ATM OCN/​BOTANY/​CIV ENGR/​ENVIR ST/​ZOOLOGY  911,Limnology And Marine Science Seminar,"(1, 1)",Geoscience,,
GEOSCI 920,Seminar In Glacial And Pleistocene Geology,"(1, 3)",Geoscience,,
GEOSCI 929,Seminar-Hydrogeology,"(1, 2)",Geoscience,,
GEOSCI 970,Seminar-Geochemistry,"(2, 2)",Geoscience,,
GEOSCI/​ATM OCN/​BOTANY/​ENVIR ST/​F&W ECOL/​GEOG/​ZOOLOGY  980,Earth System Science Seminar,"(1, 1)",Geoscience,,
GEOSCI 990,Research,"(1, 12)",Geoscience,,
GEOSCI 999,Advanced Independent Reading,"(1, 3)",Geoscience,,
GERMAN 101,First Semester German,"(4, 4)",German,,
GERMAN 102,Second Semester German,"(4, 4)",German,,
GERMAN 111,First Semester Dutch,"(4, 4)",German,,
GERMAN 112,Second Semester Dutch,"(4, 4)",German,,
GERMAN 203,Third Semester German,"(4, 4)",German,,
GERMAN 204,Fourth Semester German,"(4, 4)",German,,
GERMAN 213,Third Semester Dutch,"(4, 4)",German,,
GERMAN 214,Fourth Semester Dutch,"(4, 4)",German,,
GERMAN 235,Dutch Conversation And Composition,"(3, 3)",German,,
GERMAN 236,Bascom Course,"(3, 3)",German,,
GERMAN 245,Topics In Dutch Life And Culture,"(3, 3)",German,,
GERMAN 249,Intermediate German - Speaking And Listening,"(3, 3)",German,,
GERMAN 258,Intermediate German-Reading,"(3, 3)",German,,
GERMAN 262,Intermediate German-Writing,"(3, 3)",German,,
GERMAN 264,Culture In 20Th Century Berlin,"(3, 3)",German,,
GERMAN 266,Topics In German And/Or Yiddish Culture,"(3, 3)",German,,
GERMAN 267,Yiddish Song And The Jewish Experience,"(3, 4)",German,,
GERMAN/​JEWISH/​LITTRANS  269,Yiddish Literature And Culture In Europe,"(3, 3)",German,,
GERMAN 271,The German Immigration Experience,"(3, 3)",German,,
GERMAN 272,Nazi Culture,"(3, 3)",German,,
GERMAN/​RELIG ST/​SOC  273,God & Money,"(3, 3)",German,,
GERMAN 275,Kafka And The Kafkaesque,"(3, 3)",German,,
GERMAN/​LITTRANS  276,Special Topics In German And World Literature/S,"(3, 3)",German,,
GERMAN 278,Topics In German Culture,"(3, 3)",German,,
GERMAN/​JEWISH/​LITTRANS  279,Yiddish Literature And Culture In America,"(3, 3)",German,,
GERMAN/​LITTRANS  280,From Grimm To Gryffindor: German Fairytales (Re)Imagined,"(3, 3)",German,,
GERMAN 285,"Intermediate Intensive (Honors) German: Language, Culture, Texts","(6, 6)",German,,
GERMAN 298,Directed Study,"(1, 3)",German,,
GERMAN 299,Directed Study,"(1, 3)",German,,
GERMAN 305,Literatur Des 20. Und 21. Jahrhunderts,"(3, 4)",German,,
GERMAN 311,First Semester Dutch For Graduate Students,"(3, 3)",German,,
GERMAN 312,Second Semester Dutch For Graduate Students,"(3, 3)",German,,
GERMAN 313,Third Semester Dutch For Graduate Students,"(3, 3)",German,,
GERMAN 314,Fourth Semester Dutch For Graduate Students,"(3, 3)",German,,
GERMAN 325,Topics In Dutch Literature,"(3, 3)",German,,
GERMAN 335,Dutch Conversation And Composition,"(3, 3)",German,,
GERMAN 337,Advanced Composition & Conversation,"(3, 4)",German,,
GERMAN 351,Introduction To German Linguistics,"(3, 4)",German,,
GERMAN 352,Topics In German Linguistics,"(3, 4)",German,,
GERMAN 362,Topics In German Literature,"(3, 4)",German,,
GERMAN 367,Study Abroad In German Literature,"(2, 5)",German,,
GERMAN 368,Study Abroad In German Culture,"(2, 5)",German,,
GERMAN 369,Study Abroad In German Linguistics,"(2, 5)",German,,
GERMAN 372,Topics In German Culture,"(3, 4)",German,,
GERMAN 377,Study Abroad In Dutch Literature,"(2, 5)",German,,
GERMAN 378,Study Abroad In Dutch Culture,"(2, 5)",German,,
GERMAN 379,Study Abroad In Dutch Linguistics,"(2, 5)",German,,
GERMAN 385,Honors Seminar In German Literature,"(3, 3)",German,,
GERMAN 391,German For Graduate Reading Knowledge I,"(3, 3)",German,,
GERMAN 392,German For Graduate Reading Knowledge Ii,"(3, 3)",German,,
GERMAN 401,First-Semester German For Graduate Students,"(3, 3)",German,,
GERMAN 402,Second-Semester German For Graduate Students,"(3, 3)",German,,
GERMAN 403,Third-Semester German For Graduate Students,"(3, 3)",German,,
GERMAN 404,Fourth-Semester German For Graduate Students,"(3, 3)",German,,
GERMAN 411,Kultur Des 20. Und 21. Jahrhunderts,"(3, 4)",German,,
GERMAN 445,Topics In Dutch Culture,"(3, 4)",German,,
GERMAN/​JEWISH  510,German-Jewish Culture Since The 18Th Century,"(3, 3)",German,,
GERMAN 560,Topics In German Studies,"(3, 3)",German,,
GERMAN 612,German Literary Movements Since 1750,"(3, 3)",German,,
GERMAN 625,Letterkunde Der Lage Landen,"(3, 4)",German,,
GERMAN 632,A Theme In German Literature,"(3, 3)",German,,
GERMAN 644,Theory And Practice Of German Drama,"(3, 3)",German,,
GERMAN 645,Cultuurkunde Der Lage Landen,"(3, 4)",German,,
GERMAN 650,History Of The German Language,"(3, 3)",German,,
GERMAN/​MEDIEVAL  651,Introduction To Middle High German,"(3, 3)",German,,
GERMAN/​COM ARTS  655,German Film,"(3, 3)",German,,
GERMAN 676,Advanced Seminar In German Studies,"(3, 3)",German,,
GERMAN 677,Seminar In German Culture Studies,"(3, 3)",German,,
GERMAN 681,Senior Honors Thesis-First Semester,"(3, 3)",German,,
GERMAN 682,Senior Honors Thesis-Second Semester,"(3, 3)",German,,
GERMAN 683,Senior Honors Seminar In German Literature,"(3, 3)",German,,
GERMAN 698,Directed Study,"(1, 6)",German,,
GERMAN 699,Directed Study,"(1, 6)",German,,
GERMAN 720,College Teaching Of German,"(1, 1)",German,,
GERMAN 722,Theory Of Teaching German,"(2, 2)",German,,
GERMAN 723,Practicum In Teaching Undergraduate Literature,"(1, 2)",German,,
GERMAN 724,Practicum In Teaching Undergraduate Linguistics,"(1, 2)",German,,
GERMAN 725,Practicum In Teaching Undergraduate Culture,"(1, 2)",German,,
GERMAN 727,Topics In Applied Linguistics,"(3, 3)",German,,
GERMAN 742,Topics In German Cultural Studies,"(3, 3)",German,,
GERMAN/​MEDIEVAL  755,Old Germanic Languages,"(3, 3)",German,,
GERMAN 758,Topics In Contemporary German,"(3, 3)",German,,
GERMAN 768,Comparative And Historical Grammar Of The Old Germanic Languages,"(3, 3)",German,,
GERMAN 799,Independent Study,"(1, 6)",German,,
GERMAN/​FRENCH/​HISTORY/​POLI SCI/​SOC  804,Interdisciplinary Western European Area Studies Seminar,"(3, 3)",German,,
GERMAN 947,Seminar In German Literature And Culture,"(3, 3)",German,,
GERMAN 960,Seminar In German Linguistics,"(3, 3)",German,,
GERMAN 970,Advanced Seminar In German Linguistics,"(3, 3)",German,,
GERMAN 990,Individual Research In Literature,"(1, 9)",German,,
GERMAN 991,Individual Research Linguistics And Germanic Philology,"(1, 9)",German,,
GNS/​JEWISH  105,First Semester Yiddish,"(4, 4)","German, Nordic, And Slavic",,
GNS/​JEWISH  106,Second Semester Yiddish,"(4, 4)","German, Nordic, And Slavic",,
GNS/​FOLKLORE  200,"Folklore Of Central, Eastern And Northern Europe","(3, 3)","German, Nordic, And Slavic",,
GNS/​ENVIR ST  210,"Cultures Of Sustainability: Central, Eastern, And Northern Europe","(3, 3)","German, Nordic, And Slavic",,
GNS/​HISTORY  265,An Introduction To Central Asia: From The Silk Route To Afghanistan,"(3, 3)","German, Nordic, And Slavic",,
GNS 270,Introductory Topics In Gns,"(3, 3)","German, Nordic, And Slavic",,
GNS 324,Literatures Of Central Asia,"(3, 3)","German, Nordic, And Slavic",,
GNS 329,Elementary Summer Immersion Turkish,"(8, 8)","German, Nordic, And Slavic",,
GNS 331,First Semester Kazakh,"(4, 4)","German, Nordic, And Slavic",,
GNS 332,Second Semester Kazakh,"(4, 4)","German, Nordic, And Slavic",,
GNS 339,First Semester Turkish,"(4, 4)","German, Nordic, And Slavic",,
GNS 340,Second Semester Turkish,"(4, 4)","German, Nordic, And Slavic",,
GNS 351,First Semester Central Eurasian Language,"(4, 4)","German, Nordic, And Slavic",,
GNS 352,Second Semester Central Eurasian Language,"(4, 4)","German, Nordic, And Slavic",,
GNS 370,Topics In Gns (Intermediate),"(3, 3)","German, Nordic, And Slavic",,
GNS 375,"Philosophy, Theory, Criticism","(3, 3)","German, Nordic, And Slavic",,
GNS/​JEWISH  405,First Semester Yiddish For Graduate Students,"(4, 4)","German, Nordic, And Slavic",,
GNS 429,Intermediate Summer Immersion Turkish,"(8, 8)","German, Nordic, And Slavic",,
GNS 431,Third Semester Kazakh,"(4, 4)","German, Nordic, And Slavic",,
GNS 432,Fourth Semester Kazakh,"(4, 4)","German, Nordic, And Slavic",,
GNS 439,Third Semester Turkish,"(4, 4)","German, Nordic, And Slavic",,
GNS 440,Fourth Semester Turkish,"(4, 4)","German, Nordic, And Slavic",,
GNS 451,Third Semester Central Eurasian Language,"(4, 4)","German, Nordic, And Slavic",,
GNS 452,Fourth Semester Central Eurasian Language,"(4, 4)","German, Nordic, And Slavic",,
GNS 460,Readings In Turkish: Contemporary Turkey Through Literature And Media,"(4, 4)","German, Nordic, And Slavic",,
GNS 471,Advanced Topics In East European And Central Asian Languages And Cultures,"(1, 4)","German, Nordic, And Slavic",,
GNS 529,Advanced Summer Immersion Turkish,"(8, 8)","German, Nordic, And Slavic",,
GNS 531,Fifth Semester Kazakh,"(3, 4)","German, Nordic, And Slavic",,
GNS 532,Sixth Semester Kazakh,"(3, 4)","German, Nordic, And Slavic",,
GNS 539,Fifth Semester Turkish And Azeri,"(3, 4)","German, Nordic, And Slavic",,
GNS 540,Sixth Semester Turkish And Azeri,"(3, 4)","German, Nordic, And Slavic",,
GNS 551,Fifth Semester Central Eurasian Language,"(4, 4)","German, Nordic, And Slavic",,
GNS 552,Sixth Semester Central Eurasian Language,"(4, 4)","German, Nordic, And Slavic",,
GNS 624,Proseminar In Central Asian History,"(3, 3)","German, Nordic, And Slavic",,
GNS 700,Graduate Seminar In Professional Development,"(3, 3)","German, Nordic, And Slavic",,
GREEK 103,First Semester Ancient Greek,"(4, 4)",Greek,,
GREEK 104,Second Semester Ancient Greek,"(4, 4)",Greek,,
GREEK 303,First Semester Ancient Greek,"(4, 4)",Greek,,
GREEK 304,Second Semester Ancient Greek,"(4, 4)",Greek,,
GREEK 305,Third Semester Ancient Greek,"(3, 3)",Greek,,
GREEK 306,Fourth Semester Ancient Greek,"(3, 3)",Greek,,
GREEK 401,Readings In Greek Literature,"(3, 3)",Greek,,
GREEK 505,Elementary Prose Composition,"(3, 3)",Greek,,
GREEK 510,Homer,"(3, 3)",Greek,,
GREEK 511,Hesiod,"(3, 3)",Greek,,
GREEK 512,Greek Lyric Poets,"(3, 3)",Greek,,
GREEK 520,Greek Comedy,"(3, 3)",Greek,,
GREEK 521,Greek Tragedy,"(3, 3)",Greek,,
GREEK 530,Herodotus,"(3, 3)",Greek,,
GREEK 532,Thucydides,"(3, 3)",Greek,,
GREEK 541,Greek Philosophical Writers,"(3, 3)",Greek,,
GREEK 551,Attic Orators,"(3, 3)",Greek,,
GREEK 560,Hellenistic Greek,"(3, 3)",Greek,,
GREEK 571,Advanced Readings In Greek Literature,"(3, 3)",Greek,,
GREEK 681,Honors Thesis,"(3, 3)",Greek,,
GREEK 682,Senior Honors Thesis,"(3, 3)",Greek,,
GREEK 691,Senior Thesis,"(3, 3)",Greek,,
GREEK 692,Senior Thesis,"(3, 3)",Greek,,
GREEK 699,Directed Study,"(1, 3)",Greek,,
GREEK 890,Individual Research Thesis,"(1, 12)",Greek,,
GREEK 910,Seminar-Poetry,"(3, 3)",Greek,,
GREEK 930,Seminar-History,"(3, 3)",Greek,,
HEBR-BIB 103,"Elementary Biblical Hebrew, I","(4, 4)",Biblical,,
HEBR-BIB 104,"Elementary Biblical Hebrew, Ii","(4, 4)",Biblical,,
HEBR-BIB 303,"Elementary Biblical Hebrew, I","(3, 3)",Biblical,,
HEBR-BIB 304,"Elementary Biblical Hebrew, Ii","(3, 3)",Biblical,,
HEBR-BIB 323,"Intermediate Biblical Hebrew, I","(4, 4)",Biblical,,
HEBR-BIB 324,"Intermediate Biblical Hebrew, Ii","(4, 4)",Biblical,,
HEBR-BIB/​CLASSICS/​JEWISH/​LITTRANS/​RELIG ST  332,Prophets Of The Bible,"(4, 4)",Biblical,,
HEBR-BIB 391,Intensive Elementary  Biblical Hebrew,"(4, 4)",Biblical,,
HEBR-BIB/​JEWISH  513,"Biblical Texts, Poetry","(3, 3)",Biblical,,
HEBR-BIB/​JEWISH  514,"Biblical Texts, Poetry","(3, 3)",Biblical,,
HEBR-BIB 700,Advanced Near Eastern Languages,"(3, 3)",Biblical,,
HEBR-BIB 701,Aramaic I,"(3, 3)",Biblical,,
HEBR-BIB 702,Aramaic Ii,"(3, 3)",Biblical,,
HEBR-BIB 705,Syriac I,"(3, 3)",Biblical,,
HEBR-BIB 723,Classical Hebrew Linguistics:  Historical And Descriptive,"(3, 3)",Biblical,,
HEBR-BIB 799,Independent Study,"(1, 3)",Biblical,,
HEBR-BIB 990,Research And Thesis,"(2, 9)",Biblical,,
HEBR-MOD 101,First Semester Hebrew,"(4, 4)",Modern,,
HEBR-MOD 102,Second Semester Hebrew,"(4, 4)",Modern,,
HEBR-MOD 201,Third Semester Hebrew,"(4, 4)",Modern,,
HEBR-MOD 202,Fourth Semester Hebrew,"(4, 4)",Modern,,
HEBR-MOD/​JEWISH  301,Introduction To Hebrew Literature,"(3, 3)",Modern,,
HEBR-MOD/​JEWISH  302,Introduction To Hebrew Literature,"(3, 3)",Modern,,
HEBR-MOD 310,First Semester Intensive Modern Hebrew,"(4, 4)",Modern,,
HEBR-MOD 311,Second Semester Intensive Modern Hebrew,"(4, 4)",Modern,,
HEBR-MOD/​JEWISH  401,Topics In Modern Hebrew / Israeli Literature And Culture I,"(3, 3)",Modern,,
HEBR-MOD/​JEWISH  402,Topics In Modern Hebrew / Israeli Literature And Culture Ii,"(3, 3)",Modern,,
HISTORY 100,Historical Studies: Introductory,"(3, 3)",History,,
HISTORY 101,"Amer Hist To The Civil War Era, The Origin & Growth Of The U S","(4, 4)",History,,
HISTORY 102,"American History, Civil War Era To The Present","(4, 4)",History,,
HISTORY/​ASIAN  103,Introduction To East Asian History: China,"(3, 4)",History,,
HISTORY/​ASIAN  104,Introduction To East Asian History: Japan,"(3, 4)",History,,
HISTORY/​AFRICAN  106,Introduction To African History,"(3, 4)",History,,
HISTORY/​ED POL  107,The History Of The University In The West,"(3, 3)",History,,
HISTORY/​ASIAN  108,Introduction To East Asian History - Korea,"(3, 4)",History,,
HISTORY 109,Introduction To U.S. History,"(3, 4)",History,,
HISTORY/​CLASSICS  110,The Ancient Mediterranean,"(4, 4)",History,,
HISTORY 115,Medieval Europe 410-1500,"(4, 4)",History,,
HISTORY 119,"Europe And The World, 1400-1815","(4, 4)",History,,
HISTORY 120,Europe And The Modern World 1815 To The Present,"(4, 4)",History,,
HISTORY 123,English History: England To 1688,"(3, 4)",History,,
HISTORY 124,Britain Since 1688,"(3, 4)",History,,
HISTORY/​ENVIR ST/​HIST SCI  125,Green Screen: Environmental Perspectives Through Film,"(3, 3)",History,,
HISTORY/​AFRICAN  129,Africa On The Global Stage,"(3, 4)",History,,
HISTORY 130,An Introduction To World History,"(3, 4)",History,,
HISTORY/​HIST SCI/​MED HIST  132,"Bees, Trees, Germs, And Genes: A History Of Biology","(3, 3)",History,,
HISTORY 133,Global Military History (5000 Bce - Present),"(3, 4)",History,,
HISTORY/​GEN&WS  134,Women And Gender In World History,"(3, 4)",History,,
HISTORY 136,"Sport, Recreation, & Society In The United States","(3, 4)",History,,
HISTORY 137,The History Of War In Film,"(3, 3)",History,,
HISTORY 139,Introduction To The Modern Middle East,"(3, 4)",History,,
HISTORY 142,History Of South Asia To The Present,"(3, 4)",History,,
HISTORY/​ED POL  143,History Of Race And Inequality In Urban America,"(3, 3)",History,,
HISTORY 145,"America And China, 1776-Today","(3, 4)",History,,
HISTORY/​INTL ST  146,A Global History Of Now,"(3, 4)",History,,
HISTORY/​CHICLA  151,The North American West To 1850,"(3, 4)",History,,
HISTORY/​CHICLA  152,The United States West Since 1850,"(3, 4)",History,,
HISTORY/​CHICLA  153,Latina/Latino/Latinx History,"(3, 4)",History,,
HISTORY 154,Who Is An American?,"(3, 4)",History,,
HISTORY 155,The Long Black Freedom Struggle From The Civil War To The Present,"(3, 4)",History,,
HISTORY/​ASIAN AM  160,Asian American History: Movement And Dislocation,"(3, 4)",History,,
HISTORY/​ASIAN AM  161,Asian American History: Settlement And National Belonging,"(3, 4)",History,,
HISTORY 170,"East Meets West: Myth, Meaning, And Modernity","(3, 4)",History,,
HISTORY/​HIST SCI  171,History Of Medicine In Film,"(3, 4)",History,,
HISTORY 179,"Afro-Atlantic Histories And Peoples, 1791-Present","(3, 4)",History,,
HISTORY/​AMER IND  190,Introduction To American Indian History,"(3, 4)",History,,
HISTORY 199,Directed Study,"(1, 3)",History,,
HISTORY 200,Historical Studies,"(1, 4)",History,,
HISTORY 201,The Historian'S Craft,"(3, 4)",History,,
HISTORY/​RELIG ST  205,"The Making Of The Islamic World: The Middle East, 500-1500","(3, 4)",History,,
HISTORY/​RELIG ST  208,Western Intellectual And Religious History To 1500,"(3, 4)",History,,
HISTORY/​RELIG ST  209,Western Intellectual And Religious History Since 1500,"(3, 4)",History,,
HISTORY/​RELIG ST  212,The History Of Western Christianity To 1750,"(4, 4)",History,,
HISTORY/​JEWISH  213,Jews And American Pop. Culture,"(3, 4)",History,,
HISTORY/​JEWISH  219,The American Jewish Experience: From Shtetl To Suburb,"(4, 4)",History,,
HISTORY/​JEWISH  220,Introduction To Modern Jewish History,"(4, 4)",History,,
HISTORY 221,Explorations In American History (H),"(3, 4)",History,,
HISTORY 223,Explorations In European History (H),"(3, 4)",History,,
HISTORY 224,Explorations In European History (S),"(3, 3)",History,,
HISTORY 225,Explorations In Third World History (H),"(3, 4)",History,,
HISTORY 227,Explorations In The History Of Race And Ethnicity,"(3, 3)",History,,
HISTORY 229,Explorations In Transnational/Comparative History (Humanities),"(3, 3)",History,,
HISTORY/​LEGAL ST  235,Prisons: From Antiquity To Supermax,"(3, 4)",History,,
HISTORY/​ART HIST/​ENVIR ST/​GEOG/​LAND ARC  239,Making The American Landscape,"(3, 4)",History,,
HISTORY/​INTL ST/​LACIS  242,Modern Latin America,"(3, 4)",History,,
HISTORY/​LACIS  243,Colonial Latin America: Invasion To Independence,"(3, 4)",History,,
HISTORY/​ASIAN/​GEOG/​POLI SCI/​SOC  244,Introduction To Southeast Asia:  Vietnam To The Philippines,"(4, 4)",History,,
HISTORY/​CHICLA/​GEN&WS  245,Chicana And Latina History,"(3, 3)",History,,
HISTORY/​ASIAN/​ASIAN AM  246,"Southeast Asian Refugees Of The ""Cold"" War","(4, 4)",History,,
HISTORY/​GEOG/​POLI SCI/​SLAVIC  253,Russia: An Interdisciplinary Survey,"(4, 4)",History,,
HISTORY/​GEOG/​POLI SCI/​SLAVIC  254,Eastern Europe: An Interdisciplinary Survey,"(4, 4)",History,,
HISTORY/​ASIAN/​POLI SCI  255,Introduction To East Asian Civilizations,"(3, 4)",History,,
HISTORY/​C&E SOC/​POLI SCI/​SOC  259,"Forward? The Wisconsin Idea, Past And Present","(1, 3)",History,,
HISTORY/​AFROAMER/​ANTHRO/​C&E SOC/​GEOG/​LACIS/​POLI SCI/​SOC/​SPANISH  260,Latin America: An Introduction,"(3, 4)",History,,
HISTORY/​LEGAL ST  261,American Legal History To 1860,"(3, 4)",History,,
HISTORY/​LEGAL ST  262,"American Legal History, 1860 To The Present","(3, 4)",History,,
HISTORY/​ANTHRO/​ART HIST/​DS/​LAND ARC  264,Dimensions Of Material Culture,"(4, 4)",History,,
HISTORY/​GNS  265,An Introduction To Central Asia: From The Silk Route To Afghanistan,"(3, 3)",History,,
HISTORY/​CHICLA/​LACIS/​POLI SCI  268,The U.S. & Latin America From The Colonial Era To The Present: A Critical Survey,"(3, 3)",History,,
HISTORY 269,"War, Race, And Religion In Europe And The United States, From The Scramble For Africa To Today","(3, 4)",History,,
HISTORY 270,Eastern Europe Since 1900,"(3, 4)",History,,
HISTORY 271,History Study Abroad:  European History,"(1, 4)",History,,
HISTORY 272,History Study Abroad: United States History,"(1, 4)",History,,
HISTORY 273,History Study Abroad: Non-Western History,"(1, 4)",History,,
HISTORY 274,History Study Abroad: Transnational/Global History,"(1, 4)",History,,
HISTORY 275,Topics In Lgbt History,"(3, 3)",History,,
HISTORY/​AFRICAN/​AFROAMER/​ANTHRO/​GEOG/​POLI SCI/​SOC  277,Africa: An Introductory Survey,"(4, 4)",History,,
HISTORY 278,"Africans In The Americas, 1492-1808","(3, 4)",History,,
HISTORY 283,Intermediate Honors Seminar-Studies In History,"(3, 3)",History,,
HISTORY/​AFRICAN/​AFROAMER/​POLI SCI  297,African And African-American Linkages: An Introduction,"(4, 4)",History,,
HISTORY 300,History At Work: Professional Skills Of The Major,"(1, 2)",History,,
HISTORY 301,History At Work: History Internship Seminar,"(1, 1)",History,,
HISTORY 302,"History Of American Thought, 1859 To The Present","(3, 4)",History,,
HISTORY 303,A History Of Greek Civilization,"(3, 4)",History,,
HISTORY 306,The United States Since 1945,"(3, 4)",History,,
HISTORY 307,A History Of Rome,"(3, 4)",History,,
HISTORY/​ASIAN/​RELIG ST  308,Introduction To Buddhism,"(3, 4)",History,,
HISTORY/​MEDIEVAL/​RELIG ST  309,The Crusades: Christianity And Islam,"(3, 4)",History,,
HISTORY/​JEWISH  310,The Holocaust,"(3, 4)",History,,
HISTORY/​ASIAN  319,The Vietnam Wars,"(3, 4)",History,,
HISTORY/​AFROAMER  321,Afro-American History Since 1900,"(3, 4)",History,,
HISTORY/​AFROAMER  322,Afro-American History To 1900,"(3, 4)",History,,
HISTORY/​HIST SCI  323,The Scientific Revolution: From Copernicus To Newton,"(3, 3)",History,,
HISTORY/​ENVIR ST  328,Environmental History Of Europe,"(3, 3)",History,,
HISTORY 329,History Of American Capitalism,"(4, 4)",History,,
HISTORY/​INTL ST  330,Global History Of Humanitarianism,"(3, 4)",History,,
HISTORY/​INTL ST  332,East Asia & The U.S. Since 1899,"(3, 4)",History,,
HISTORY/​ASIAN  335,The Koreas: Korean War To The 21St Century,"(3, 4)",History,,
HISTORY 336,Chinese Economic And Business History: From Silk To Iphones,"(3, 4)",History,,
HISTORY/​ASIAN  337,"Social And Intellectual History Of China, 589 Ad-1919","(3, 4)",History,,
HISTORY 340,Cultural History Of Korea,"(3, 4)",History,,
HISTORY/​ASIAN  341,"History Of Modern China, 1800-1949","(3, 4)",History,,
HISTORY/​ASIAN  342,"History Of The Peoples Republic Of China, 1949 To The Present","(3, 4)",History,,
HISTORY 344,"The Age Of The American Revolution, 1763-1789","(3, 4)",History,,
HISTORY 345,Military History Of The United States,"(3, 4)",History,,
HISTORY/​GEN&WS  346,Trans/Gender In Historical Perspective,"(3, 4)",History,,
HISTORY/​AFROAMER  347,The Caribbean And Its Diasporas,"(3, 4)",History,,
HISTORY 348,"France From Napoleon To The Great War, 1799-1914","(3, 4)",History,,
HISTORY 349,"Contemporary France, 1914 To The Present","(3, 4)",History,,
HISTORY 350,The First World War And The Shaping Of Twentieth-Century Europe,"(3, 4)",History,,
HISTORY/​GEN&WS  353,Women And Gender In The U.S. To 1870,"(3, 4)",History,,
HISTORY/​GEN&WS  354,Women And Gender In The U.S. Since 1870,"(3, 4)",History,,
HISTORY/​CHICLA/​LACIS/​POLI SCI  355,Labor In The Americas: Us & Mexico In Comparative & Historical Perspective,"(3, 3)",History,,
HISTORY 357,The Second World War,"(3, 4)",History,,
HISTORY 358,French Revolution And Napoleon,"(3, 4)",History,,
HISTORY 359,History Of Europe Since 1945,"(3, 4)",History,,
HISTORY/​ENGL/​RELIG ST  360,The Anglo-Saxons,"(3, 3)",History,,
HISTORY/​CLASSICS/​POLI SCI  362,Athenian Democracy,"(3, 3)",History,,
HISTORY/​ASIAN  363,China And World War Ii In Asia,"(3, 4)",History,,
HISTORY/​INTL ST  366,From Fascism To Today: Social Movements And Politics In Europe,"(3, 4)",History,,
HISTORY/​ENVIR ST  369,Thinking Through History With Animals,"(3, 4)",History,,
HISTORY/​INTL ST  375,The Cold War - From World War Ii To End Of Soviet Empire,"(3, 4)",History,,
HISTORY/​AMER IND  380,Sovereignty And The Schoolhouse,"(3, 3)",History,,
HISTORY/​GEN&WS  392,Women And Gender In Modern Europe,"(3, 4)",History,,
HISTORY/​AFROAMER  393,"Slavery, Civil War, And Reconstruction, 1848-1877","(3, 4)",History,,
HISTORY 400,Undergraduate History Symposium,"(1, 1)",History,,
HISTORY 401,Public History Workshop,"(3, 3)",History,,
HISTORY 403,Immigration And Assimilation In American History,"(3, 4)",History,,
HISTORY/​RELIG ST  409,"Christianity In The Atlantic World, 1500-1800","(3, 3)",History,,
HISTORY 410,"History Of Germany, 1871 To The Present","(3, 4)",History,,
HISTORY/​RELIG ST  411,The Enlightenment And Its Critics,"(3, 3)",History,,
HISTORY/​ED POL  412,History Of American Education,"(3, 3)",History,,
HISTORY 417,History Of Russia,"(3, 4)",History,,
HISTORY 418,History Of Russia,"(3, 4)",History,,
HISTORY 419,History Of Soviet Russia,"(3, 4)",History,,
HISTORY 420,Russian Social And Intellectual History,"(3, 4)",History,,
HISTORY/​CHICLA/​POLI SCI  422,Latino History And Politics,"(3, 3)",History,,
HISTORY 424,"The Soviet Union And The World, 1917-1991","(3, 4)",History,,
HISTORY/​LEGAL ST  426,The History Of Punishment,"(3, 4)",History,,
HISTORY 427,The American Military Experience To 1902,"(3, 4)",History,,
HISTORY 428,The American Military Experience Since 1899,"(3, 4)",History,,
HISTORY/​ENVIR ST/​LEGAL ST  430,Law And Environment: Historical And Contemporary Perspectives,"(3, 3)",History,,
HISTORY/​SCAND ST  431,History Of Scandinavia To 1815,"(3, 3)",History,,
HISTORY/​SCAND ST  432,History Of Scandinavia Since 1815,"(3, 3)",History,,
HISTORY 434,"American Foreign Relations, 1901 To The Present","(3, 4)",History,,
HISTORY/​CHICLA  435,"Colony, Nation, And Minority: The Puerto Ricans' World","(3, 3)",History,,
HISTORY 450,Making Of Modern South Asia,"(3, 4)",History,,
HISTORY/​ASIAN  454,Samurai: History And Image,"(3, 4)",History,,
HISTORY/​ASIAN  456,"Pearl Harbor & Hiroshima: Japan, The Us & The Crisis In Asia","(3, 4)",History,,
HISTORY/​ASIAN  458,History Of Southeast Asia Since 1800,"(3, 4)",History,,
HISTORY/​LEGAL ST  459,Rule Of Law: Philosophical And Historical Models,"(3, 4)",History,,
HISTORY/​ENVIR ST/​GEOG  460,American Environmental History,"(4, 4)",History,,
HISTORY/​ASIAN  463,Topics In South Asian History,"(3, 3)",History,,
HISTORY/​ENVIR ST  465,Global Environmental History,"(3, 4)",History,,
HISTORY/​ECON  466,The American Economy Since 1865,"(3, 4)",History,,
HISTORY/​LEGAL ST  476,Medieval Law And Society,"(3, 3)",History,,
HISTORY/​LEGAL ST  477,History Of Forensic Science,"(3, 3)",History,,
HISTORY/​ED POL  478,Comparative History Of Childhood And Adolescence,"(3, 3)",History,,
HISTORY 500,Reading Seminar In History,"(3, 3)",History,,
HISTORY/​HIST SCI/​MED HIST  508,"Health, Disease And Healing Ii","(3, 4)",History,,
HISTORY/​LEGAL ST  510,Legal Pluralism,"(3, 3)",History,,
HISTORY/​CURRIC/​ED POL/​JEWISH  515,"Holocaust: History, Memory And Education","(3, 3)",History,,
HISTORY/​CLASSICS/​RELIG ST  517,Religions Of The Ancient Mediterranean,"(3, 3)",History,,
HISTORY/​JEWISH  518,"Anti-Semitism In European Culture, 1700-1945","(3, 3)",History,,
HISTORY/​GEN&WS  519,"Sexuality, Modernity And Social Change","(3, 3)",History,,
HISTORY/​JOURN  560,History Of U.S. Media,"(4, 4)",History,,
HISTORY/​HIST SCI/​MED HIST  564,"Disease, Medicine And Public Health In The History Of Latin America And The Caribbean","(3, 3)",History,,
HISTORY/​L I S  569,History Of American Librarianship,"(3, 3)",History,,
HISTORY/​SCAND ST  577,Contemporary Scandinavia: Politics And History,"(3, 4)",History,,
HISTORY 600,Advanced Seminar In History,"(3, 3)",History,,
HISTORY 601,Historical Publishing Practicum,"(3, 3)",History,,
HISTORY 607,The American Impact Abroad: The Historical Dimension,"(3, 3)",History,,
HISTORY/​ED POL  612,History Of Student Activism From The Popular Front To Black Lives Matter,"(3, 3)",History,,
HISTORY/​ED POL  622,History Of Radical And Experimental Education In The Us And Uk,"(3, 3)",History,,
HISTORY/​AFROAMER  628,History Of The Civil Rights Movement In The United States,"(3, 3)",History,,
HISTORY/​ART HIST/​JOURN/​L I S  650,History Of Books And Print Culture In Europe And North America,"(3, 3)",History,,
HISTORY/​ED POL  665,History Of The Federal Role In American Education,"(3, 3)",History,,
HISTORY/​SOC  670,"Capitalism, Socialism, And Democracy In America Since 1890","(3, 4)",History,,
HISTORY 680,Honors Thesis Colloquium,"(2, 2)",History,,
HISTORY 681,Senior Honors Thesis,"(1, 3)",History,,
HISTORY 682,Senior Honors Thesis,"(1, 3)",History,,
HISTORY 690,Thesis Colloquium,"(2, 2)",History,,
HISTORY 691,Senior Thesis,"(1, 3)",History,,
HISTORY 692,Senior Thesis,"(1, 3)",History,,
HISTORY 698,Directed Study,"(1, 4)",History,,
HISTORY 699,Directed Study,"(1, 4)",History,,
HISTORY 700,Proseminar: Traditional & Early Modern Chinese Intellectual History,"(3, 3)",History,,
HISTORY 701,History In A Global Perspective,"(1, 1)",History,,
HISTORY 703,History And Theory,"(3, 3)",History,,
HISTORY 704,Topics In Contemporary History,"(3, 3)",History,,
HISTORY 705,Topics In Global History,"(3, 3)",History,,
HISTORY 706,Topics In Transnational History,"(3, 3)",History,,
HISTORY 707,"Proseminar In Early Modern European History, 1500-1789","(3, 3)",History,,
HISTORY 710,Professional Development Seminar,"(3, 3)",History,,
HISTORY/​AFROAMER/​ED POL  712,Education And The Civil Rights Movement,"(3, 3)",History,,
HISTORY/​ED POL  713,History Of Higher Education In Europe And America,"(3, 3)",History,,
HISTORY 725,Seminar In East Asian History,"(1, 3)",History,,
HISTORY 730,Proseminar In Latin American History,"(1, 3)",History,,
HISTORY/​L I S  734,Introduction To Archives And Records Management,"(3, 3)",History,,
HISTORY 752,Seminar In Transnational Gender History,"(3, 3)",History,,
HISTORY 753,Seminar-Comparative World History,"(1, 3)",History,,
HISTORY 755,Proseminar In Southeast Asian History,"(1, 3)",History,,
HISTORY/​ANTHRO/​ART HIST/​DS/​LAND ARC  764,Dimensions Of Material Culture,"(4, 4)",History,,
HISTORY 790,Proseminar: Empire And Colonialism In South Asia,"(3, 3)",History,,
HISTORY 800,Research Seminar In History,"(3, 3)",History,,
HISTORY/​CLASSICS  801,Seminar-Ancient History,"(1, 3)",History,,
HISTORY/​FRENCH/​GERMAN/​POLI SCI/​SOC  804,Interdisciplinary Western European Area Studies Seminar,"(3, 3)",History,,
HISTORY 805,Seminar-Medieval History,"(1, 3)",History,,
HISTORY/​JOURN  808,Mass Communication History,"(3, 3)",History,,
HISTORY 845,Seminar-Central European History,"(1, 3)",History,,
HISTORY 850,Smr-Hist Of The Soviet Union & Modern Hist Of E Central Europe,"(1, 3)",History,,
HISTORY 854,Seminar In Modern Chinese History,"(1, 3)",History,,
HISTORY 855,Seminar In Japanese History,"(1, 3)",History,,
HISTORY/​ASIAN  857,Seminar-History Of India (South Asia),"(1, 3)",History,,
HISTORY 861,Seminar-The History Of Africa,"(1, 3)",History,,
HISTORY 868,Seminar In Modern French History,"(1, 3)",History,,
HISTORY 891,Proseminar In Modern European History,"(1, 3)",History,,
HISTORY 900,Introduction To History For U.S. Historians,"(3, 3)",History,,
HISTORY 901,Studies In American History,"(1, 3)",History,,
HISTORY/​ED POL  903,History Of Education Of Multicultural America,"(3, 3)",History,,
HISTORY/​ED POL  906,Proseminar On The History Of Education,"(3, 3)",History,,
HISTORY/​ED POL  907,Seminar-History Of Education,"(1, 3)",History,,
HISTORY 910,History Of Colonial North America,"(3, 3)",History,,
HISTORY/​GEOG  932,Seminar In American Environmental History,"(3, 3)",History,,
HISTORY 936,"The History Of Women And Gender In The U.S., To 1870","(3, 3)",History,,
HISTORY/​GEN&WS  938,History Of Sexuality,"(3, 3)",History,,
HISTORY 940,Seminar-American History 1900-1945,"(3, 3)",History,,
HISTORY 943,Race & Nationalism: Comparative & Theoretical Perspectives,"(3, 3)",History,,
HISTORY 951,Seminar-Intellectual History Of America,"(1, 3)",History,,
HISTORY 952,Seminar In Comparative History,"(2, 3)",History,,
HISTORY 958,Seminar-American Military History,"(1, 3)",History,,
HISTORY/​SOC/​URB R PL  979,Seminar In Urban History,"(3, 3)",History,,
HISTORY/​A A E/​ANTHRO/​C&E SOC/​GEOG/​LACIS/​POLI SCI/​PORTUG/​SOC/​SPANISH  982,Interdepartmental Seminar In The Latin-American Area,"(1, 3)",History,,
HISTORY/​AFRICAN/​ANTHRO/​ECON/​GEOG/​POLI SCI  983,Interdepartmental Seminar In African Studies Topics,"(3, 3)",History,,
HISTORY 990,Research And Thesis,"(1, 9)",History,,
HISTORY 999,Independent Work,"(1, 6)",History,,
HIST SCI/​ENVIR ST/​HISTORY  125,Green Screen: Environmental Perspectives Through Film,"(3, 3)",History Of Science,,
HIST SCI/​HISTORY/​MED HIST  132,"Bees, Trees, Germs, And Genes: A History Of Biology","(3, 3)",History Of Science,,
HIST SCI 133,"Biology And Society, 1950 - Today","(3, 3)",History Of Science,,
HIST SCI 150,The Digital Age,"(3, 3)",History Of Science,,
HIST SCI 160,Engineering Inequality: Technology And Inequity Throughout History,"(3, 4)",History Of Science,,
HIST SCI/​HISTORY  171,History Of Medicine In Film,"(3, 4)",History Of Science,,
HIST SCI 201,The Origins Of Scientific Thought,"(3, 3)",History Of Science,,
HIST SCI 202,The Making Of Modern Science,"(3, 3)",History Of Science,,
HIST SCI/​ASTRON  206,History Of Astronomy And Cosmology,"(3, 3)",History Of Science,,
HIST SCI 211,"The Historian'S Craft: Science, Medicine, And Technology","(3, 4)",History Of Science,,
HIST SCI/​MED HIST  212,"Bodies, Diseases, And Healers: An Introduction To The History Of Medicine","(3, 3)",History Of Science,,
HIST SCI/​ENVIR ST  213,Global Environmental Health: An Interdisciplinary Introduction,"(3, 3)",History Of Science,,
HIST SCI 218,History Of Twentieth Century American Medicine,"(3, 3)",History Of Science,,
HIST SCI 222,Technology And Social Change In History,"(3, 3)",History Of Science,,
HIST SCI 250,Special Topics In History Of Science (Introductory),"(3, 3)",History Of Science,,
HIST SCI/​AFROAMER  275,"Science, Medicine, And Race: A History","(3, 4)",History Of Science,,
HIST SCI 280,"Honors Seminar: Studies In Science, Technology, Medicine","(3, 3)",History Of Science,,
HIST SCI 286,"Honors Seminar: Studies In Science, Technology, Medicine","(3, 3)",History Of Science,,
HIST SCI/​HORT  301,(Horti)Cultural Roots: Human Histories Of Plants And Science,"(4, 4)",History Of Science,,
HIST SCI/​ECON  305,Development Of Economic Thought,"(3, 4)",History Of Science,,
HIST SCI/​HISTORY  323,The Scientific Revolution: From Copernicus To Newton,"(3, 3)",History Of Science,,
HIST SCI/​MED HIST/​RELIG ST  331,"Science, Medicine And Religion","(3, 3)",History Of Science,,
HIST SCI 343,The Darwinian Revolution,"(3, 3)",History Of Science,,
HIST SCI 350,Special Topics In The History Of Science,"(2, 3)",History Of Science,,
HIST SCI/​ENVIR ST/​RELIG ST  356,"Islam, Science & Technology, And The Environment","(3, 4)",History Of Science,,
HIST SCI 360,Health Inequalities In The Long 20Th Century,"(3, 3)",History Of Science,,
HIST SCI/​S&A PHM  401,History Of Pharmacy,"(2, 2)",History Of Science,,
HIST SCI 404,A History Of Disease,"(3, 4)",History Of Science,,
HIST SCI/​MATH  473,History Of Mathematics,"(3, 3)",History Of Science,,
HIST SCI/​HISTORY/​MED HIST  508,"Health, Disease And Healing Ii","(3, 4)",History Of Science,,
HIST SCI/​MED HIST  509,The Development Of Public Health In America,"(3, 3)",History Of Science,,
HIST SCI/​GEOSCI  514,History Of Geologic Thought,"(3, 3)",History Of Science,,
HIST SCI/​AFROAMER/​MED HIST  523,"Race, American Medicine And Public Health","(3, 3)",History Of Science,,
HIST SCI/​ENGL/​MED HIST  525,Health And The Humanities,"(3, 3)",History Of Science,,
HIST SCI/​GEN&WS/​MED HIST  531,Women And Health In American History,"(3, 3)",History Of Science,,
HIST SCI/​GEN&WS/​MED HIST  532,The History Of The (American) Body,"(3, 3)",History Of Science,,
HIST SCI/​GEN&WS  537,Childbirth In The United States,"(3, 3)",History Of Science,,
HIST SCI/​MED HIST/​POP HLTH  553,International Health And Global Society,"(3, 3)",History Of Science,,
HIST SCI 555,Undergraduate Seminar In History Of Science,"(3, 3)",History Of Science,,
HIST SCI/​HISTORY/​MED HIST  564,"Disease, Medicine And Public Health In The History Of Latin America And The Caribbean","(3, 3)",History Of Science,,
HIST SCI/​ENGL/​MED HIST  599,Directed Study In Health And The Humanities,"(1, 1)",History Of Science,,
HIST SCI 623,Studies In Early Modern Science,"(1, 1)",History Of Science,,
HIST SCI/​MED HIST  668,Topics In History Of Medicine,"(3, 3)",History Of Science,,
HIST SCI 681,Senior Honors Thesis,"(3, 3)",History Of Science,,
HIST SCI 682,Senior Honors Thesis,"(3, 3)",History Of Science,,
HIST SCI 691,Senior Thesis,"(3, 3)",History Of Science,,
HIST SCI 692,Senior Thesis,"(3, 3)",History Of Science,,
HIST SCI 698,Directed Study,"(1, 3)",History Of Science,,
HIST SCI 699,Directed Study,"(1, 3)",History Of Science,,
HIST SCI 720,Proseminar: Historiography And Methods,"(3, 3)",History Of Science,,
HIST SCI 903,"Seminar: Medieval, Renaissance, And 17Th Century Science","(3, 3)",History Of Science,,
HIST SCI 907,Seminar: History Of Technology,"(3, 3)",History Of Science,,
HIST SCI 909,History Of Biology And Medicine,"(3, 3)",History Of Science,,
HIST SCI 911,Seminar-Eighteenth Century Science,"(3, 3)",History Of Science,,
HIST SCI/​MED HIST  919,Graduate Studies In Medical History,"(3, 3)",History Of Science,,
HIST SCI 921,Seminar-Special Topics,"(3, 3)",History Of Science,,
HIST SCI 990,Research And Thesis,"(1, 3)",History Of Science,,
HIST SCI 999,Independent Work,"(1, 3)",History Of Science,,
HORT 120,Survey Of Horticulture,"(3, 3)",Horticulture,,
HORT 121,Horticulture Colloquium,"(1, 1)",Horticulture,,
HORT 227,Propagation Of Horticultural Plants,"(3, 3)",Horticulture,,
HORT 234,Ornamental Plants,"(3, 3)",Horticulture,,
HORT 240,The Science Of Cannabis,"(1, 1)",Horticulture,,
HORT/​PL PATH  261,Sustainable Turfgrass Use And Management,"(2, 2)",Horticulture,,
HORT/​PL PATH  262,Turfgrass Management Laboratory,"(1, 1)",Horticulture,,
HORT/​LAND ARC  263,Landscape Plants I,"(3, 3)",Horticulture,,
HORT 289,Honors Independent Study,"(1, 2)",Horticulture,,
HORT 299,Independent Study,"(1, 3)",Horticulture,,
HORT/​HIST SCI  301,(Horti)Cultural Roots: Human Histories Of Plants And Science,"(4, 4)",Horticulture,,
HORT 320,Environment Of Horticultural Plants,"(3, 3)",Horticulture,,
HORT/​AGRONOMY/​SOIL SCI  326,Plant Nutrition Management,"(3, 3)",Horticulture,,
HORT 330,Wines And Vines Of The World,"(2, 2)",Horticulture,,
HORT/​SOIL SCI  332,Turfgrass Nutrient And Water Management,"(3, 3)",Horticulture,,
HORT 333,Survey Of Controlled Environment Food Production,"(2, 2)",Horticulture,,
HORT 334,Greenhouse Cultivation,"(2, 2)",Horticulture,,
HORT 335,Greenhouse Cultivation Lab,"(1, 1)",Horticulture,,
HORT/​AGRONOMY  338,Plant Breeding And Biotechnology,"(3, 3)",Horticulture,,
HORT/​AGRONOMY/​BOTANY  340,Plant Cell Culture And Genetic Engineering,"(3, 3)",Horticulture,,
HORT 345,Fruit Crop Production,"(3, 3)",Horticulture,,
HORT 350,Plants And Human Wellbeing,"(2, 2)",Horticulture,,
HORT 351,A Deeper Look At Plants And Human Wellbeing,"(1, 1)",Horticulture,,
HORT/​AGRONOMY  360,"Genetically Modified Crops: Science, Regulation & Controversy","(2, 2)",Horticulture,,
HORT/​A A E/​AGRONOMY/​PL PATH  367,"Introduction To Organic Agriculture: Production, Markets, And Policy","(3, 3)",Horticulture,,
HORT 370,World Vegetable Crops,"(3, 3)",Horticulture,,
HORT 372,Seminar In Organic Agriculture,"(1, 1)",Horticulture,,
HORT 375,Special Topics,"(1, 4)",Horticulture,,
HORT/​AGRONOMY  376,Tropical Horticultural Systems,"(2, 2)",Horticulture,,
HORT 378,Tropical Horticultural Systems International Field Study,"(2, 2)",Horticulture,,
HORT 380,Indigenous Foodways: Food And Seed Sovereignty,"(2, 2)",Horticulture,,
HORT 399,Coordinative Internship/Cooperative Education,"(1, 8)",Horticulture,,
HORT 400,Study Abroad In Horticulture,"(1, 6)",Horticulture,,
HORT/​AGRONOMY  501,Principles Of Plant Breeding,"(3, 3)",Horticulture,,
HORT/​AGRONOMY  502,Techniques Of Plant Breeding,"(1, 1)",Horticulture,,
HORT/​GENETICS  550,Molecular Approaches For Potential Crop Improvement,"(3, 3)",Horticulture,,
HORT/​AGRONOMY/​AN SCI/​GENETICS  615,Genetic Mapping,"(3, 3)",Horticulture,,
HORT/​BOTANY/​SOIL SCI  626,Mineral Nutrition Of Plants,"(3, 3)",Horticulture,,
HORT 681,Senior Honors Thesis,"(2, 4)",Horticulture,,
HORT 682,Senior Honors Thesis,"(2, 4)",Horticulture,,
HORT 699,Special Problems,"(1, 4)",Horticulture,,
HORT 799,Practicum In Horticulture Teaching,"(1, 3)",Horticulture,,
HORT/​AGRONOMY  811,Biometrical Procedures In Plant Breeding,"(3, 3)",Horticulture,,
HORT/​AGRONOMY  812,Selection Theory For Quantitative Traits In Plants,"(2, 2)",Horticulture,,
HORT 875,Special Topics,"(1, 4)",Horticulture,,
HORT 910,Seminar,"(1, 1)",Horticulture,,
HORT/​AGRONOMY/​GENETICS  957,Seminar-Plant Breeding,"(1, 1)",Horticulture,,
HORT 990,Research,"(1, 12)",Horticulture,,
HDFS 174,Introduction Into Cultural Diversity Of Families,"(3, 3)",Human Development And Family Studies,,
HDFS 253,Human Development & Family Studies Leadership Symposium,"(1, 1)",Human Development And Family Studies,,
HDFS 262,Development Of The Young Child,"(3, 3)",Human Development And Family Studies,,
HDFS 263,Development From Adolescence To Old Age,"(3, 3)",Human Development And Family Studies,,
HDFS 299,Independent Study,"(1, 3)",Human Development And Family Studies,,
HDFS 345,Ecology Of Child Health And Well-Being,"(3, 3)",Human Development And Family Studies,,
HDFS 425,Research Methods In Human Development And Family Studies,"(3, 3)",Human Development And Family Studies,,
HDFS 462,Infant/Toddler Development & Group Care,"(3, 3)",Human Development And Family Studies,,
HDFS 464,Play-Development And Role Across The Lifespan,"(3, 3)",Human Development And Family Studies,,
HDFS/​CNSR SCI  465,Families & Poverty,"(3, 3)",Human Development And Family Studies,,
HDFS 469,Family And Community Influences On The Young Child,"(3, 3)",Human Development And Family Studies,,
HDFS 471,Parent - Child Relations,"(3, 3)",Human Development And Family Studies,,
HDFS 474,Racial Ethnic Families In The U.S.,"(3, 3)",Human Development And Family Studies,,
HDFS 501,Special Topics,"(1, 3)",Human Development And Family Studies,,
HDFS 516,Stress And Resilience In Families Across The Lifespan,"(3, 3)",Human Development And Family Studies,,
HDFS 517,Couple Relationships,"(3, 3)",Human Development And Family Studies,,
HDFS 535,A Family Perspective In Policymaking,"(3, 3)",Human Development And Family Studies,,
HDFS 592,Research Experience In Human Development And Family Studies,"(1, 3)",Human Development And Family Studies,,
HDFS 601,Internship,"(1, 8)",Human Development And Family Studies,,
HDFS/​COM ARTS/​JOURN  616,Mass Media And Youth,"(3, 3)",Human Development And Family Studies,,
HDFS 650,Parent Education And Support Programs,"(3, 3)",Human Development And Family Studies,,
HDFS 662,Advanced Study Of The Young Child,"(3, 3)",Human Development And Family Studies,,
HDFS 663,Developmental And Family Assessment,"(3, 3)",Human Development And Family Studies,,
HDFS 664,Proseminar: Human Development And Family Studies,"(1, 3)",Human Development And Family Studies,,
HDFS 680,Senior Honors Thesis,"(2, 4)",Human Development And Family Studies,,
HDFS 690,Senior Thesis,"(2, 2)",Human Development And Family Studies,,
HDFS 699,Independent Study,"(1, 6)",Human Development And Family Studies,,
HDFS/​ED PSYCH  725,Theory And Issues In Human Development,"(3, 3)",Human Development And Family Studies,,
HDFS/​COUN PSY/​ED PSYCH  726,Ethnic And Racial Diversity In Social Development,"(3, 3)",Human Development And Family Studies,,
HDFS 761,Childhood And The Family,"(3, 3)",Human Development And Family Studies,,
HDFS 763,Aging And The Family,"(3, 3)",Human Development And Family Studies,,
HDFS 765,Families & Poverty,"(3, 3)",Human Development And Family Studies,,
HDFS 766,Current Topics In Human Development And Family Studies,"(1, 3)",Human Development And Family Studies,,
HDFS 818,Attachment Theory And Relationships Across The Lifespan,"(3, 3)",Human Development And Family Studies,,
HDFS 865,Family Theory I (Survey),"(3, 3)",Human Development And Family Studies,,
HDFS 869,Advanced Seminar In Family Stress And Coping,"(3, 3)",Human Development And Family Studies,,
HDFS 872,Bridging The Gap Between Research And Action,"(3, 3)",Human Development And Family Studies,,
HDFS/​ED PSYCH/​NURSING/​SOC WORK  880,Prevention Science,"(3, 3)",Human Development And Family Studies,,
HDFS/​ED PSYCH/​NURSING/​SOC WORK  881,Capstone Seminar In Prevention Science,"(1, 1)",Human Development And Family Studies,,
HDFS 990,Research And Thesis,"(1, 12)",Human Development And Family Studies,,
HDFS 999,Independent Study,"(1, 3)",Human Development And Family Studies,,
H ONCOL/​MED PHYS  410,Radiobiology,"(2, 3)",Human Oncology,,
H ONCOL/​B M E/​MED PHYS/​PHYSICS  501,Radiation Physics And Dosimetry,"(3, 3)",Human Oncology,,
H ONCOL 681,Senior Honors Thesis In Human Oncology 1,"(3, 4)",Human Oncology,,
H ONCOL 682,Senior Honors Thesis In Human Oncology 2,"(3, 4)",Human Oncology,,
H ONCOL 691,Senior Thesis In Human Oncology 1,"(3, 4)",Human Oncology,,
H ONCOL 692,Senior Thesis In Human Oncology 2,"(3, 4)",Human Oncology,,
H ONCOL 699,Independent Study In Human Cancer Biology,"(1, 3)",Human Oncology,,
H ONCOL 750,Multi-Disciplinary Patient-Oriented Research Presentation Skills Seminar,"(1, 1)",Human Oncology,,
H ONCOL 910,Independent Reading And Research For Fourth Year Medical Students,"(2, 8)",Human Oncology,,
H ONCOL 911,Tumor Immunology And Cancer Immunotherapy,"(2, 2)",Human Oncology,,
H ONCOL 912,Challenges In Oncology: Application Of Modern Biology And Technology To Clinical Cancer Care,"(2, 2)",Human Oncology,,
H ONCOL 922,Radiation Oncology,"(2, 4)",Human Oncology,,
H ONCOL 990,Research In Human Cancer Biology,"(1, 12)",Human Oncology,,
I SY E 1,Cooperative Education Program,"(1, 1)",Industrial And Systems Engineering,,
I SY E 191,The Practice Of Industrial Engineering,"(2, 2)",Industrial And Systems Engineering,,
I SY E 210,Introduction To Industrial Statistics,"(3, 3)",Industrial And Systems Engineering,,
I SY E 312,Data Management And Analysis For Industrial Engineers,"(3, 3)",Industrial And Systems Engineering,,
I SY E 313,Engineering Economic Analysis,"(3, 3)",Industrial And Systems Engineering,,
I SY E 315,Production Planning And Control,"(3, 3)",Industrial And Systems Engineering,,
I SY E 320,Simulation And Probabilistic Modeling,"(3, 3)",Industrial And Systems Engineering,,
I SY E 321,Simulation Modeling Laboratory,"(1, 1)",Industrial And Systems Engineering,,
I SY E 323,Operations Research-Deterministic Modeling,"(3, 3)",Industrial And Systems Engineering,,
I SY E 348,Introduction To Human Factors Engineering Laboratory,"(1, 1)",Industrial And Systems Engineering,,
I SY E/​PSYCH  349,Introduction To Human Factors,"(3, 3)",Industrial And Systems Engineering,,
I SY E 350,Industrial Engineering Design I,"(3, 3)",Industrial And Systems Engineering,,
I SY E 389,Honors In Research,"(1, 3)",Industrial And Systems Engineering,,
I SY E 412,Fundamentals Of Industrial Data Analytics,"(3, 3)",Industrial And Systems Engineering,,
I SY E 415,"Introduction To Manufacturing Systems, Design And Analysis","(3, 3)",Industrial And Systems Engineering,,
I SY E 417,Health Systems Engineering,"(3, 3)",Industrial And Systems Engineering,,
I SY E/​COMP SCI/​MATH  425,Introduction To Combinatorial Optimization,"(3, 3)",Industrial And Systems Engineering,,
I SY E 450,Industrial Engineering Design Ii,"(3, 3)",Industrial And Systems Engineering,,
I SY E 468,Introduction To Industrial Engineering Research,"(1, 1)",Industrial And Systems Engineering,,
I SY E 478,Research And Beyond In Industrial Engineering,"(1, 1)",Industrial And Systems Engineering,,
I SY E 489,Honors In Research,"(1, 3)",Industrial And Systems Engineering,,
I SY E/​M E  510,Facilities Planning,"(3, 3)",Industrial And Systems Engineering,,
I SY E/​M E  512,"Inspection, Quality Control And Reliability","(3, 3)",Industrial And Systems Engineering,,
I SY E 515,Engineering Management Of Continuous Process Improvement,"(3, 3)",Industrial And Systems Engineering,,
I SY E 516,Introduction To Decision Analysis,"(3, 3)",Industrial And Systems Engineering,,
I SY E 517,Decision Making In Health Care,"(3, 3)",Industrial And Systems Engineering,,
I SY E/​COMP SCI/​DS  518,Wearable Technology,"(3, 3)",Industrial And Systems Engineering,,
I SY E 520,Quality Assurance Systems,"(3, 3)",Industrial And Systems Engineering,,
I SY E 521,Machine Learning In Action For Industrial Engineers,"(3, 3)",Industrial And Systems Engineering,,
I SY E/​COMP SCI/​E C E  524,Introduction To Optimization,"(3, 3)",Industrial And Systems Engineering,,
I SY E/​COMP SCI/​MATH/​STAT  525,Linear Optimization,"(3, 3)",Industrial And Systems Engineering,,
I SY E/​COMP SCI  526,Advanced Linear Programming,"(3, 3)",Industrial And Systems Engineering,,
I SY E/​PSYCH  549,Human Factors Engineering,"(3, 3)",Industrial And Systems Engineering,,
I SY E 552,Human Factors Engineering Design And Evaluation,"(3, 3)",Industrial And Systems Engineering,,
I SY E 555,Human Performance And Accident Causation,"(3, 3)",Industrial And Systems Engineering,,
I SY E 557,Human Factors Engineering For Healthcare Systems,"(3, 3)",Industrial And Systems Engineering,,
I SY E/​COMP SCI/​M E  558,Introduction To Computational Geometry,"(3, 3)",Industrial And Systems Engineering,,
I SY E 562,Human Factors Of Data Science And Machine Learning,"(3, 3)",Industrial And Systems Engineering,,
I SY E/​B M E  564,Occupational Ergonomics And Biomechanics,"(3, 3)",Industrial And Systems Engineering,,
I SY E/​E C E  570,Ethics Of Data For Engineers,"(3, 3)",Industrial And Systems Engineering,,
I SY E/​N E  574,Methods For Probabilistic Risk Analysis Of Nuclear Power Plants,"(3, 3)",Industrial And Systems Engineering,,
I SY E 575,Introduction To Quality Engineering,"(3, 3)",Industrial And Systems Engineering,,
I SY E 601,Special Topics In Industrial Engineering,"(1, 3)",Industrial And Systems Engineering,,
I SY E 602,Special Topics In Human Factors,"(3, 3)",Industrial And Systems Engineering,,
I SY E 603,Special Topics In Engineering Analytics And Operations Research,"(1, 3)",Industrial And Systems Engineering,,
I SY E 604,Special Topics In Manufacturing And Supply Chain Management,"(1, 3)",Industrial And Systems Engineering,,
I SY E 605,Computer Integrated Manufacturing,"(3, 3)",Industrial And Systems Engineering,,
I SY E 606,Special Topics In Healthcare Systems Engineering,"(1, 3)",Industrial And Systems Engineering,,
I SY E/​PHARMACY  608,Safety And Quality In The Medication Use System,"(3, 3)",Industrial And Systems Engineering,,
I SY E 612,Information Sensing And Analysis For Manufacturing Processes,"(3, 3)",Industrial And Systems Engineering,,
I SY E 615,Production Systems Control,"(3, 3)",Industrial And Systems Engineering,,
I SY E/​B M I  617,Health Information Systems,"(3, 3)",Industrial And Systems Engineering,,
I SY E 618,Quality Engineering And Quality Management,"(3, 3)",Industrial And Systems Engineering,,
I SY E 620,Simulation Modeling And Analysis,"(3, 3)",Industrial And Systems Engineering,,
I SY E 624,Stochastic Modeling Techniques,"(3, 3)",Industrial And Systems Engineering,,
I SY E 625,Logistics Systems Design,"(3, 3)",Industrial And Systems Engineering,,
I SY E/​MATH/​OTM/​STAT  632,Introduction To Stochastic Processes,"(3, 3)",Industrial And Systems Engineering,,
I SY E/​M E  641,Design And Analysis Of Manufacturing Systems,"(3, 3)",Industrial And Systems Engineering,,
I SY E/​M E  643,Performance Analysis Of Manufacturing Systems,"(3, 3)",Industrial And Systems Engineering,,
I SY E 645,Engineering Models For Supply Chains,"(3, 3)",Industrial And Systems Engineering,,
I SY E 649,Interactive Data Analytics,"(3, 3)",Industrial And Systems Engineering,,
I SY E/​PSYCH  653,Organization And Job Design,"(3, 3)",Industrial And Systems Engineering,,
I SY E/​B M E  662,Design And Human Disability And Aging,"(3, 3)",Industrial And Systems Engineering,,
I SY E 699,Advanced Independent Study,"(1, 5)",Industrial And Systems Engineering,,
I SY E 702,Graduate Cooperative Education Program,"(1, 2)",Industrial And Systems Engineering,,
I SY E/​POP HLTH  703,Quality Of Health Care: Evaluation And Assurance,"(1, 3)",Industrial And Systems Engineering,,
I SY E/​C&E SOC/​N E/​SOC  708,Societal Risk Management Of Technological Hazards,"(3, 3)",Industrial And Systems Engineering,,
I SY E/​COMP SCI  719,Stochastic Programming,"(3, 3)",Industrial And Systems Engineering,,
I SY E/​INFO SYS  722,Computer-Based Data Management,"(3, 3)",Industrial And Systems Engineering,,
I SY E/​COMP SCI  723,Dynamic Programming And Associated Topics,"(3, 3)",Industrial And Systems Engineering,,
I SY E/​COMP SCI/​MATH/​STAT  726,Nonlinear Optimization I,"(3, 3)",Industrial And Systems Engineering,,
I SY E/​COMP SCI  727,Convex Analysis,"(3, 3)",Industrial And Systems Engineering,,
I SY E/​COMP SCI/​MATH  728,Integer Optimization,"(3, 3)",Industrial And Systems Engineering,,
I SY E/​M H R  729,Behavioral Analysis Of Management Decision Making,"(3, 3)",Industrial And Systems Engineering,,
I SY E/​COMP SCI/​MATH  730,Nonlinear Optimization Ii,"(3, 3)",Industrial And Systems Engineering,,
I SY E 790,Master'S Research And Thesis,"(1, 9)",Industrial And Systems Engineering,,
I SY E 823,Special Topics In Operations Research,"(1, 3)",Industrial And Systems Engineering,,
I SY E/​PSYCH  854,Special Topics In Organization Design,"(1, 3)",Industrial And Systems Engineering,,
I SY E/​PSYCH  859,Special Topics In Human Factors Engineering,"(1, 3)",Industrial And Systems Engineering,,
I SY E/​POP HLTH  875,Cost Effectiveness Analysis In Health And Healthcare,"(3, 3)",Industrial And Systems Engineering,,
I SY E 890,Pre-Dissertator'S Research,"(1, 9)",Industrial And Systems Engineering,,
I SY E 961,Graduate Seminar In Industrial Engineering,"(1, 3)",Industrial And Systems Engineering,,
I SY E 990,Research And Thesis,"(1, 6)",Industrial And Systems Engineering,,
I SY E 999,Advanced Independent Study,"(1, 6)",Industrial And Systems Engineering,,
INFO SYS 322,Introduction To Databases,"(3, 3)",Information Systems,,
INFO SYS 352,Digital Strategy,"(3, 3)",Information Systems,,
INFO SYS 365,Contemporary Topics,"(1, 3)",Information Systems,,
INFO SYS 371,Technology Of Computer-Based Business Systems,"(3, 3)",Information Systems,,
INFO SYS 423,Digital Platform Analytics,"(3, 3)",Information Systems,,
INFO SYS 424,Systems Analysis And Design,"(3, 3)",Information Systems,,
INFO SYS/​I SY E  722,Computer-Based Data Management,"(3, 3)",Information Systems,,
INFO SYS 723,Text Analytics And Business Application,"(3, 3)",Information Systems,,
INFO SYS 724,Analysis And Design Of Computer-Based Systems,"(3, 3)",Information Systems,,
INFO SYS 765,Contemporary Topics,"(1, 3)",Information Systems,,
INTEGART 110,The Studio Seminar: Mapping Your Creative Practice,"(1, 1)",Integrated Arts,,
INTEGART 112,The Studio Presents,"(1, 1)",Integrated Arts,,
INTEGART 310,Interdisciplinary Artist In Residence Studio,"(1, 3)",Integrated Arts,,
INTEGART 312,Interdisciplinary Artist In Residence Lecture,"(1, 3)",Integrated Arts,,
INTEGART 330,Special Topics In Integrated Arts,"(1, 3)",Integrated Arts,,
INTEGART 610,Interdisciplinary Artist In Residence Studio,"(1, 3)",Integrated Arts,,
INTEGART 612,Interdisciplinary Artist In Residence Lecture,"(1, 3)",Integrated Arts,,
INTEGART 630,Special Topics In Integrated Arts,"(1, 3)",Integrated Arts,,
INTEGART/​M H R  632,Introduction To Arts Entrepreneurship,"(3, 3)",Integrated Arts,,
INTEGART/​M H R  636,Entrepreneurship In Arts & Cultural Organizations,"(3, 3)",Integrated Arts,,
ILS 110,First-Year Topics Seminar In Integrated Liberal Studies,"(3, 3)",Integrated Liberal Studies,,
ILS/​ENVIR ST  126,Principles Of Environmental Science,"(4, 4)",Integrated Liberal Studies,,
ILS 153,Ways Of Knowing In The Sciences,"(4, 4)",Integrated Liberal Studies,,
ILS 198,Directed Study,"(1, 3)",Integrated Liberal Studies,,
ILS 199,Directed Study,"(1, 3)",Integrated Liberal Studies,,
ILS 200,Critical Thinking And Expression,"(3, 3)",Integrated Liberal Studies,,
ILS 201,"Western Culture: Science, Technology, Philosophy I","(3, 3)",Integrated Liberal Studies,,
ILS 202,"Western Culture: Science, Technology, Philosophy Ii","(3, 3)",Integrated Liberal Studies,,
ILS 203,Western Culture: Literature And The Arts I,"(3, 3)",Integrated Liberal Studies,,
ILS 204,Western Culture: Literature And The Arts Ii,"(3, 4)",Integrated Liberal Studies,,
ILS 205,"Western Culture: Political, Economic, And Social Thought I","(3, 3)",Integrated Liberal Studies,,
ILS 206,"Western Culture: Political, Economic, And Social Thought Ii","(3, 3)",Integrated Liberal Studies,,
ILS/​RELIG ST  234,Genres Of Western Religious Writing,"(3, 3)",Integrated Liberal Studies,,
ILS 253,Literature And Society,"(3, 3)",Integrated Liberal Studies,,
ILS 254,Literature And Science,"(3, 3)",Integrated Liberal Studies,,
ILS/​ENVIR ST  255,Introduction To Sustainability Science,"(4, 4)",Integrated Liberal Studies,,
ILS 275,Special Topics In Integrated Liberal Studies,"(3, 3)",Integrated Liberal Studies,,
ILS 298,Directed Study,"(1, 3)",Integrated Liberal Studies,,
ILS 299,Directed Study,"(1, 3)",Integrated Liberal Studies,,
ILS/​ITALIAN  350,Rome: Lust For Glory,"(3, 4)",Integrated Liberal Studies,,
ILS/​ITALIAN/​LITTRANS/​POLI SCI  365,Machiavelli And His World,"(3, 3)",Integrated Liberal Studies,,
ILS/​LACIS  367,The Literature Of Migration And The Migrant Experience In The Americas,"(3, 3)",Integrated Liberal Studies,,
ILS 369,Magical Realism And Postmodernity,"(3, 3)",Integrated Liberal Studies,,
ILS 371,Interdisciplinary Studies In The Arts And Literature,"(3, 4)",Integrated Liberal Studies,,
ILS 372,Interdisciplinary Studies In The Social Sciences,"(3, 3)",Integrated Liberal Studies,,
ILS 373,Interdisciplinary Studies In The Humanities,"(3, 4)",Integrated Liberal Studies,,
ILS 400,Capstone Integration Seminar,"(3, 3)",Integrated Liberal Studies,,
ILS/​JEWISH/​SOC  423,Modern Jewish Thought,"(3, 3)",Integrated Liberal Studies,,
ILS 490,Research In Integrated Liberal Studies,"(2, 3)",Integrated Liberal Studies,,
ILS 681,Undergraduate Honors Thesis,"(3, 3)",Integrated Liberal Studies,,
ILS 682,Undergraduate Honors Thesis,"(3, 3)",Integrated Liberal Studies,,
ILS 691,Undergraduate Thesis,"(3, 3)",Integrated Liberal Studies,,
ILS 692,Undergraduate Thesis,"(3, 3)",Integrated Liberal Studies,,
INTEGSCI 100,Exploring Biology,"(2, 2)",Integrated Science,,
INTEGSCI 110,Biohouse Seminar: Biology For The 21St Century,"(1, 1)",Integrated Science,,
INTEGSCI 140,Exploring Service In Stem,"(1, 1)",Integrated Science,,
INTEGSCI 150,Exploring Research In Stem,"(1, 1)",Integrated Science,,
INTEGSCI 230,Exploring Peer Leadership In Stem,"(2, 2)",Integrated Science,,
INTEGSCI 240,Service With Youth In Stem,"(2, 2)",Integrated Science,,
INTEGSCI 260,Entering Research Part 1,"(1, 1)",Integrated Science,,
INTEGSCI 299,Independent Study,"(1, 3)",Integrated Science,,
INTEGSCI 320,Internship,"(1, 3)",Integrated Science,,
INTEGSCI 340,Service With Youth In Stem Ii,"(2, 2)",Integrated Science,,
INTEGSCI 341,Service With Youth In Stem Practicum,"(1, 1)",Integrated Science,,
INTEGSCI 375,Special Topics In Integrated Science,"(1, 3)",Integrated Science,,
INTEGSCI 605,Scientific Teaching For Tas,"(1, 1)",Integrated Science,,
INTEGSCI 640,Public Service In Stem,"(1, 1)",Integrated Science,,
INTEGSCI 650,College Science Teaching,"(1, 2)",Integrated Science,,
INTEGSCI 660,Research Mentor Training Practicum,"(1, 1)",Integrated Science,,
INTEGSCI 675,Special Topics,"(1, 3)",Integrated Science,,
INTEGSCI 699,Independent Study,"(1, 3)",Integrated Science,,
INTEGSCI 740,Community Relationships And Materials Development In Stem Public Service,"(1, 1)",Integrated Science,,
INTEGSCI 750,Instructional Materials Design For College Science Teaching,"(1, 1)",Integrated Science,,
INTEGSCI 840,Mentored Practicum In Stem Public Service,"(1, 1)",Integrated Science,,
INTEGSCI 850,Mentored Practicum In College Science Teaching,"(1, 1)",Integrated Science,,
INTER-AG 1,Cooperative Education Program,"(1, 1)",Interdisciplinary Courses,,
INTER-AG 117,Greenhouse Roots Seminar,"(1, 1)",Interdisciplinary Courses,,
INTER-AG 140,Cals Quickstart: Foundations,"(1, 1)",Interdisciplinary Courses,,
INTER-AG 141,Quickstart: Connect2Campus,"(1, 1)",Interdisciplinary Courses,,
INTER-AG 155,"Issues In Agriculture, Environment, And Life Sciences","(1, 1)",Interdisciplinary Courses,,
INTER-AG 175,Wise Seminar,"(1, 1)",Interdisciplinary Courses,,
INTER-AG/​INTER-LS  250,Undergraduate Research Experience,"(1, 3)",Interdisciplinary Courses,,
INTER-AG 288,Introductory Cals Honors Seminar,"(1, 1)",Interdisciplinary Courses,,
INTER-AG 321,Study Abroad Pre-Departure Seminar,"(1, 1)",Interdisciplinary Courses,,
INTER-AG 340,Career And Leadership Development For Interns,"(1, 1)",Interdisciplinary Courses,,
INTER-AG 375,Special Topics,"(1, 4)",Interdisciplinary Courses,,
INTER-AG 388,Cals Honors - Fundamentals Of Research Seminar,"(1, 1)",Interdisciplinary Courses,,
INTER-AG 397,International Internship Or Research In The Sciences,"(1, 6)",Interdisciplinary Courses,,
INTER-AG/​NUTR SCI  421,Global Health Field Experience,"(1, 4)",Interdisciplinary Courses,,
INTER-AG 488,Honors Research Seminar,"(1, 1)",Interdisciplinary Courses,,
INTER-AG 681,Senior Honors Thesis,"(2, 4)",Interdisciplinary Courses,,
INTER-AG 682,Senior Honors Thesis,"(2, 4)",Interdisciplinary Courses,,
INTEREGR 130,Introduction To Mechanics And Applications In Engineering,"(1, 1)",Interdisciplinary Courses,,
INTEREGR 140,Success In Engineering Academics,"(1, 1)",Interdisciplinary Courses,,
INTEREGR 150,Directed Studies In Engineering Foundation Courses,"(0, 0)",Interdisciplinary Courses,,
INTEREGR 170,Design Practicum,"(3, 3)",Interdisciplinary Courses,,
INTEREGR 303,Applied Leadership Competencies In Engineering,"(3, 3)",Interdisciplinary Courses,,
INTEREGR 397,Engineering Communication,"(3, 3)",Interdisciplinary Courses,,
INTEREGR 413,Current Issues In International Engineering,"(1, 1)",Interdisciplinary Courses,,
INTEREGR 477,Tools For Prototyping And Manufacturing,"(1, 3)",Interdisciplinary Courses,,
INTEREGR 601,Topics In Interdisciplinary Engineering,"(1, 3)",Interdisciplinary Courses,,
INTEREGR 941,Collaborative Capstone Ii,"(3, 3)",Interdisciplinary Courses,,
INTER-LS 101,First-Year Seminar In The Biological Sciences,"(3, 3)",Interdisciplinary Courses,,
INTER-LS 102,First-Year Seminar In The Humanities,"(3, 3)",Interdisciplinary Courses,,
INTER-LS 103,First-Year Seminar In Literature,"(3, 3)",Interdisciplinary Courses,,
INTER-LS 106,First-Year Seminar In The Social Sciences,"(3, 3)",Interdisciplinary Courses,,
INTER-LS 107,First-Year Seminar In The Social Sciences And Natural Sciences,"(3, 3)",Interdisciplinary Courses,,
INTER-LS 110,First-Year Seminar In The Humanities And Social Sciences,"(3, 3)",Interdisciplinary Courses,,
INTER-LS 121,Approaches To Critical Thinking And Writing,"(3, 3)",Interdisciplinary Courses,,
INTER-LS 130,Crc First-Year Seminar: Foundations Of A Liberal Arts Education,"(1, 1)",Interdisciplinary Courses,,
INTER-LS 139,"Belong, Explore, Become: Discovering Your Uw Paths","(1, 1)",Interdisciplinary Courses,,
INTER-LS 144,Success In Your Math Course,"(1, 1)",Interdisciplinary Courses,,
INTER-LS 145,How To Succeed In College,"(1, 1)",Interdisciplinary Courses,,
INTER-LS 157,Bradley Roundtable Seminar,"(1, 1)",Interdisciplinary Courses,,
INTER-LS 210,L&S Career Development: Taking Initiative,"(1, 1)",Interdisciplinary Courses,,
INTER-LS 215,Communicating About Careers,"(3, 3)",Interdisciplinary Courses,,
INTER-LS/​INTER-AG  250,Undergraduate Research Experience,"(1, 3)",Interdisciplinary Courses,,
INTER-LS 257,Bradley Peer Mentor Course,"(2, 2)",Interdisciplinary Courses,,
INTER-LS 260,Internship In The Liberal Arts And Sciences,"(1, 1)",Interdisciplinary Courses,,
INTER-LS 300,"Topics In Teaching And Learning In The Letters, Arts, And Sciences","(3, 3)",Interdisciplinary Courses,,
INTER-LS 301,Methods In The Applied Social Sciences,"(3, 3)",Interdisciplinary Courses,,
INTER-LS 302,Problems In The Applied Social Sciences,"(3, 3)",Interdisciplinary Courses,,
INTER-LS 315,Paradigms And Process In Academic Inquiry,"(2, 2)",Interdisciplinary Courses,,
INTER-LS 601,Applied Social Sciences Problem Proposal,"(3, 3)",Interdisciplinary Courses,,
INTER-LS 602,Applied Social Sciences Problem Analysis,"(3, 3)",Interdisciplinary Courses,,
INTER-LS 700,"Public Humanities: Theories, Methods, Cases","(3, 3)",Interdisciplinary Courses,,
INTER-HE 201,"Belonging, Purpose And The Ecology Of Human Happiness: Ecoyou","(3, 3)",Interdisciplinary Courses,,
INTER-HE 202,Sohe Career & Leadership Development,"(1, 1)",Interdisciplinary Courses,,
INTER-HE 301,Special Topics In Human Ecology,"(1, 3)",Interdisciplinary Courses,,
INTER-HE/​ELPA  770,"Community, Opportunity, And Justice","(3, 3)",Interdisciplinary Courses,,
INTER-HE 792,Theories And Perspectives In Human Ecology,"(1, 2)",Interdisciplinary Courses,,
INTER-HE 793,Research Methods,"(3, 3)",Interdisciplinary Courses,,
INTER-HE 801,Special Topics In Human Ecology,"(1, 3)",Interdisciplinary Courses,,
INTER-HE 810,Seminar Family Ecology,"(3, 3)",Interdisciplinary Courses,,
INTER-HE 815,Professional Skills For Community Leaders And Practitioners,"(1, 1)",Interdisciplinary Courses,,
INTER-HE 940,Collaborative Capstone I,"(3, 3)",Interdisciplinary Courses,,
INTER-HE 980,Capstone Seminar,"(1, 3)",Interdisciplinary Courses,,
STDYABRD 100,Topics In Biological Science,"(1, 6)",International Academic Programs – Study Abroad,,
STDYABRD 106,Topics In Humanities,"(1, 6)",International Academic Programs – Study Abroad,,
STDYABRD 116,Topics In Literature,"(1, 6)",International Academic Programs – Study Abroad,,
STDYABRD 125,Topics In Natural Science,"(1, 6)",International Academic Programs – Study Abroad,,
STDYABRD 130,Topics In Physical Science,"(1, 6)",International Academic Programs – Study Abroad,,
STDYABRD 136,Topics In Social Science,"(1, 6)",International Academic Programs – Study Abroad,,
STDYABRD 145,Topics In Social And Natural Science,"(1, 6)",International Academic Programs – Study Abroad,,
STDYABRD 150,Topics In Humanities And Natural Science,"(1, 6)",International Academic Programs – Study Abroad,,
STDYABRD 155,Topics In Biological And Social Science,"(1, 6)",International Academic Programs – Study Abroad,,
STDYABRD 161,Topics In Humanities And Social Science,"(1, 6)",International Academic Programs – Study Abroad,,
STDYABRD 170,Interdivisional Topics,"(1, 6)",International Academic Programs – Study Abroad,,
STDYABRD 176,Interdivisional Topics,"(1, 6)",International Academic Programs – Study Abroad,,
STDYABRD 190,First Semester Foreign Language,"(3, 6)",International Academic Programs – Study Abroad,,
STDYABRD 195,Second Semester Foreign Language,"(3, 6)",International Academic Programs – Study Abroad,,
STDYABRD 290,Third Semester Foreign Language,"(3, 6)",International Academic Programs – Study Abroad,,
STDYABRD 295,Fourth Semester Foreign Language,"(3, 6)",International Academic Programs – Study Abroad,,
STDYABRD 300,Topics In Biological Science,"(1, 6)",International Academic Programs – Study Abroad,,
STDYABRD 306,Topics In Humanities,"(1, 6)",International Academic Programs – Study Abroad,,
STDYABRD 316,Topics In Literature,"(1, 6)",International Academic Programs – Study Abroad,,
STDYABRD 325,Topics In Natural Science,"(1, 6)",International Academic Programs – Study Abroad,,
STDYABRD 330,Topics In Physical Science,"(1, 6)",International Academic Programs – Study Abroad,,
STDYABRD 336,Topics In Social Science,"(1, 6)",International Academic Programs – Study Abroad,,
STDYABRD 345,Topics In Social And Natural Science,"(1, 6)",International Academic Programs – Study Abroad,,
STDYABRD 350,Topics In Humanities And Natural Science,"(1, 6)",International Academic Programs – Study Abroad,,
STDYABRD 355,Topics In Biological And Social Science,"(1, 6)",International Academic Programs – Study Abroad,,
STDYABRD 361,Topics In Humanities And Social Science,"(1, 6)",International Academic Programs – Study Abroad,,
STDYABRD 370,Interdivisional Topics,"(1, 6)",International Academic Programs – Study Abroad,,
STDYABRD 376,Interdivisional Topics,"(1, 6)",International Academic Programs – Study Abroad,,
STDYABRD 380,Topics In Biological Science,"(1, 6)",International Academic Programs – Study Abroad,,
STDYABRD 381,Topics In Humanities,"(1, 6)",International Academic Programs – Study Abroad,,
STDYABRD 382,Topics In Literature,"(1, 6)",International Academic Programs – Study Abroad,,
STDYABRD 383,Topics In Natural Science,"(1, 6)",International Academic Programs – Study Abroad,,
STDYABRD 384,Topics In Physical Science,"(1, 6)",International Academic Programs – Study Abroad,,
STDYABRD 385,Topics In Social Science,"(1, 6)",International Academic Programs – Study Abroad,,
STDYABRD 386,Topics In Social And Natural Science,"(1, 6)",International Academic Programs – Study Abroad,,
STDYABRD 387,Topics In Humanities And Natural Science,"(1, 6)",International Academic Programs – Study Abroad,,
STDYABRD 388,Topics In Biological And Social Science,"(1, 6)",International Academic Programs – Study Abroad,,
STDYABRD 389,Topics In Humanities And Social Science,"(1, 6)",International Academic Programs – Study Abroad,,
STDYABRD 390,Fifth Semester Foreign Language,"(3, 6)",International Academic Programs – Study Abroad,,
STDYABRD 393,Sixth Semester Foreign Language,"(3, 6)",International Academic Programs – Study Abroad,,
STDYABRD 500,Topics In Biological Science,"(1, 6)",International Academic Programs – Study Abroad,,
STDYABRD 506,Topics In Humanities,"(1, 6)",International Academic Programs – Study Abroad,,
STDYABRD 516,Topics In Literature,"(1, 6)",International Academic Programs – Study Abroad,,
STDYABRD 525,Topics In Natural Science,"(1, 6)",International Academic Programs – Study Abroad,,
STDYABRD 530,Topics In Physical Science,"(1, 6)",International Academic Programs – Study Abroad,,
STDYABRD 536,Topics In Social Science,"(1, 6)",International Academic Programs – Study Abroad,,
STDYABRD 545,Topics In Social And Natural Science,"(1, 6)",International Academic Programs – Study Abroad,,
STDYABRD 550,Topics In Humanities And Natural Science,"(1, 6)",International Academic Programs – Study Abroad,,
STDYABRD 555,Topics In Biological And Social Science,"(1, 6)",International Academic Programs – Study Abroad,,
STDYABRD 561,Topics In Humanities And Social Science,"(1, 6)",International Academic Programs – Study Abroad,,
STDYABRD 570,Interdivisional Topics,"(1, 6)",International Academic Programs – Study Abroad,,
STDYABRD 576,Interdivisional Topics,"(1, 6)",International Academic Programs – Study Abroad,,
INTL BUS 200,International Business,"(3, 3)",International Business,,
INTL BUS/​FRENCH  313,Professional Communication And Culture In The Francophone World,"(3, 3)",International Business,,
INTL BUS/​FRENCH  314,"Contemporary Issues In Business, Government And Ngos","(3, 3)",International Business,,
INTL BUS/​GEN BUS  320,Intercultural Communication In Business,"(3, 3)",International Business,,
INTL BUS/​SPANISH  329,Spanish For Business,"(3, 3)",International Business,,
INTL BUS 365,Contemporary Topics,"(1, 3)",International Business,,
INTL BUS 399,Reading And Research-International Business,"(1, 6)",International Business,,
INTL BUS/​M H R  403,Global Issues In Management,"(3, 3)",International Business,,
INTL BUS/​MARKETNG  420,Global Marketing Strategy,"(3, 3)",International Business,,
INTL BUS/​REAL EST  430,International Real Estate,"(3, 3)",International Business,,
INTL BUS/​FINANCE  445,Multinational Business Finance,"(3, 3)",International Business,,
INTL BUS 450,Study Abroad In International Business,"(1, 1)",International Business,,
INTL BUS/​A A E/​ECON  462,Latin American Economic Development,"(3, 3)",International Business,,
INTL BUS/​FINANCE  745,Multinational Business Finance,"(2, 3)",International Business,,
INTL BUS 765,Contemporary Topics,"(1, 4)",International Business,,
INTL BUS 766,Global Business Management,"(2, 2)",International Business,,
INTL BUS 767,Global Learning Experience,"(2, 2)",International Business,,
INTL BUS 799,Reading And Research-International Business,"(1, 6)",International Business,,
INTL ST 101,Introduction To International Studies,"(3, 4)",International Studies,,
INTL ST 110,International Learning Community General Seminar,"(1, 1)",International Studies,,
INTL ST/​HISTORY  146,A Global History Of Now,"(3, 4)",International Studies,,
INTL ST 210,International Learning Community Language Seminar,"(1, 1)",International Studies,,
INTL ST/​ANTHRO/​FOLKLORE/​LINGUIS  211,Global Language Issues,"(3, 3)",International Studies,,
INTL ST 212,Wischolars: Wisconsin International Scholars Program Seminar,"(1, 1)",International Studies,,
INTL ST/​ED POL  220,Human Rights And Education,"(3, 3)",International Studies,,
INTL ST/​HISTORY/​LACIS  242,Modern Latin America,"(3, 4)",International Studies,,
INTL ST 266,Introduction To The Middle East,"(3, 3)",International Studies,,
INTL ST 275,Lead With Languages: Putting Language Skills To Work,"(1, 1)",International Studies,,
INTL ST/​AFRICAN  302,Arabic Literature And Cinema,"(3, 3)",International Studies,,
INTL ST 310,International Learning Community Seminar,"(1, 3)",International Studies,,
INTL ST/​GEOG  311,"The Global Game: Soccer, Politics, And Identity","(3, 4)",International Studies,,
INTL ST/​GEOG  315,Universal Basic Income: The Politics Behind A Global Movement,"(3, 3)",International Studies,,
INTL ST 320,Contemporary Issues In International Studies,"(1, 4)",International Studies,,
INTL ST 322,Washington Dc Semester In International Affairs Internship Seminar,"(4, 4)",International Studies,,
INTL ST/​POLI SCI  325,Social Movements And Revolutions In Latin America,"(3, 4)",International Studies,,
INTL ST/​POLI SCI  327,Indian Politics In Comparative Perspective,"(3, 3)",International Studies,,
INTL ST/​HISTORY  330,Global History Of Humanitarianism,"(3, 4)",International Studies,,
INTL ST/​HISTORY  332,East Asia & The U.S. Since 1899,"(3, 4)",International Studies,,
INTL ST/​ED POL  335,Globalization And Education,"(3, 3)",International Studies,,
INTL ST/​HISTORY  366,From Fascism To Today: Social Movements And Politics In Europe,"(3, 4)",International Studies,,
INTL ST/​A A E  373,"Globalization, Poverty And Development","(3, 3)",International Studies,,
INTL ST/​A A E  374,The Growth And Development Of Nations In The Global Economy,"(3, 3)",International Studies,,
INTL ST/​HISTORY  375,The Cold War - From World War Ii To End Of Soviet Empire,"(3, 4)",International Studies,,
INTL ST 401,Topics In Global Security,"(3, 4)",International Studies,,
INTL ST 402,Topics In Politics And Policy In The Global Economy,"(3, 4)",International Studies,,
INTL ST 403,Topics In Culture In The Age Of Globalization,"(3, 4)",International Studies,,
INTL ST/​POLI SCI  431,Contentious Politics,"(3, 4)",International Studies,,
INTL ST/​POLI SCI  434,The Politics Of Human Rights,"(3, 4)",International Studies,,
INTL ST/​POLI SCI  439,The Comparative Study Of Genocide,"(3, 4)",International Studies,,
INTL ST 501,Study Abroad Topics In Global Security,"(1, 6)",International Studies,,
INTL ST 502,Study Abroad Topics In Politics And Policy In The Global Economy,"(1, 6)",International Studies,,
INTL ST 503,Study Abroad Topics In Culture In The Age Of Globalization,"(1, 6)",International Studies,,
INTL ST 504,Study Abroad Topics In Global Environment,"(1, 6)",International Studies,,
INTL ST 520,Study Abroad Topics In International Studies,"(1, 6)",International Studies,,
INTL ST 523,International Internship,"(1, 3)",International Studies,,
INTL ST/​GEN&WS  535,Women'S Global Health And Human Rights,"(3, 3)",International Studies,,
INTL ST 601,Topics In Global Security,"(1, 4)",International Studies,,
INTL ST 602,Topics In Politics And Policy In The Global Economy,"(1, 4)",International Studies,,
INTL ST 603,Topics In Culture In The Age Of Globalization,"(1, 4)",International Studies,,
INTL ST 620,Topics In International Studies,"(1, 4)",International Studies,,
INTL ST 622,Washington Dc Sem In International Affairs Seminar,"(4, 4)",International Studies,,
INTL ST 681,Senior Honors Thesis,"(3, 3)",International Studies,,
INTL ST 682,Senior Honors Thesis,"(3, 3)",International Studies,,
INTL ST 691,Senior Thesis,"(3, 3)",International Studies,,
INTL ST 692,Senior Thesis,"(3, 3)",International Studies,,
INTL ST 699,Directed Study,"(1, 4)",International Studies,,
INTL ST 720,Global Studies Seminar,"(3, 3)",International Studies,,
ITALIAN 100,Italian Language Abroad I,"(1, 4)",Italian,,
ITALIAN 101,First Semester Italian,"(4, 4)",Italian,,
ITALIAN 102,Second Semester Italian,"(4, 4)",Italian,,
ITALIAN 103,Italian Language Abroad Ii,"(1, 4)",Italian,,
ITALIAN 200,Italian Language Abroad Iii,"(1, 4)",Italian,,
ITALIAN 201,Accelerated First Year Italian,"(4, 4)",Italian,,
ITALIAN 203,Third Semester Italian,"(4, 4)",Italian,,
ITALIAN 204,Fourth Semester Italian,"(4, 4)",Italian,,
ITALIAN 205,Accelerated Intermediate Italian,"(4, 4)",Italian,,
ITALIAN 210,Italian Studies Abroad In The Humanities I,"(1, 4)",Italian,,
ITALIAN 230,Modern Italian Culture,"(3, 3)",Italian,,
ITALIAN 298,Directed Study,"(1, 3)",Italian,,
ITALIAN 299,Directed Study,"(1, 3)",Italian,,
ITALIAN 301,Italian For Reading Knowledge,"(3, 3)",Italian,,
ITALIAN 310,Italian Studies Abroad In The Humanities Ii,"(1, 4)",Italian,,
ITALIAN 311,Advanced Italian Language,"(3, 3)",Italian,,
ITALIAN 312,Writing Workshop,"(3, 3)",Italian,,
ITALIAN 321,Studies In Italian Literature And Culture I,"(3, 3)",Italian,,
ITALIAN 322,Studies In Italian Literature And Culture Ii,"(3, 3)",Italian,,
ITALIAN 340,Structures Of Italian,"(3, 3)",Italian,,
ITALIAN/​ILS  350,Rome: Lust For Glory,"(3, 4)",Italian,,
ITALIAN/​ILS/​LITTRANS/​POLI SCI  365,Machiavelli And His World,"(3, 3)",Italian,,
ITALIAN 420,Topics In Italian: Study Abroad,"(1, 6)",Italian,,
ITALIAN/​FRENCH/​PORTUG/​SPANISH  429,Introduction To The Romance Languages,"(3, 3)",Italian,,
ITALIAN/​MEDIEVAL/​RELIG ST  440,"Poverty, Ecology And The Arts: St. Francis Of Assisi","(3, 3)",Italian,,
ITALIAN 450,Special Topics In Italian Literature,"(3, 3)",Italian,,
ITALIAN 452,"Special Topics In Italian Studies: Culture, Film, Language","(3, 3)",Italian,,
ITALIAN/​COM ARTS  460,Italian Film,"(3, 3)",Italian,,
ITALIAN 621,The 18Th Century,"(3, 3)",Italian,,
ITALIAN 622,The 18Th Century,"(3, 3)",Italian,,
ITALIAN 623,Italian Theatre,"(3, 3)",Italian,,
ITALIAN 631,Features In Italian Literature,"(3, 3)",Italian,,
ITALIAN 632,Features In Italian Literature,"(3, 3)",Italian,,
ITALIAN 636,The Italian Novel,"(3, 3)",Italian,,
ITALIAN/​MEDIEVAL  659,Dante'S Divina Commedia,"(3, 3)",Italian,,
ITALIAN/​MEDIEVAL  671,The 13Th Century,"(3, 3)",Italian,,
ITALIAN 681,Senior Honors Thesis,"(3, 3)",Italian,,
ITALIAN 682,Senior Honors Thesis,"(3, 3)",Italian,,
ITALIAN 691,Senior Thesis,"(2, 2)",Italian,,
ITALIAN 692,Senior Thesis,"(2, 2)",Italian,,
ITALIAN 698,Directed Study,"(1, 6)",Italian,,
ITALIAN 699,Directed Study,"(1, 6)",Italian,,
ITALIAN 730,Topics In Italian Literature And Culture,"(3, 3)",Italian,,
ITALIAN 731,Features In Italian Literature,"(3, 3)",Italian,,
ITALIAN 732,Features In Italian Literature,"(3, 3)",Italian,,
ITALIAN 741,The 17Th Century And Arcadia,"(3, 3)",Italian,,
ITALIAN 799,Independent Study,"(1, 6)",Italian,,
ITALIAN/​FRENCH  821,Issues In Methods Of Teaching French And Italian,"(1, 3)",Italian,,
ITALIAN 951,Seminar-Studies In Italian Literature,"(3, 3)",Italian,,
ITALIAN 952,Seminar-Studies In Italian Literature,"(3, 3)",Italian,,
ITALIAN 990,Individual Research,"(1, 12)",Italian,,
JEWISH/​GNS  105,First Semester Yiddish,"(4, 4)",Jewish Studies,,
JEWISH/​GNS  106,Second Semester Yiddish,"(4, 4)",Jewish Studies,,
JEWISH/​LEGAL ST/​RELIG ST  203,"Jewish Law, Business, And Ethics","(3, 3)",Jewish Studies,,
JEWISH/​RELIG ST  211,Introduction To Judaism,"(4, 4)",Jewish Studies,,
JEWISH/​HISTORY  213,Jews And American Pop. Culture,"(3, 4)",Jewish Studies,,
JEWISH/​HISTORY  219,The American Jewish Experience: From Shtetl To Suburb,"(4, 4)",Jewish Studies,,
JEWISH/​HISTORY  220,Introduction To Modern Jewish History,"(4, 4)",Jewish Studies,,
JEWISH 225,Jews And Race,"(3, 3)",Jewish Studies,,
JEWISH/​CLASSICS/​LITTRANS/​RELIG ST  227,Introduction To Biblical Literature (In English),"(4, 4)",Jewish Studies,,
JEWISH 230,Elementary Topics In Jewish Literature,"(3, 4)",Jewish Studies,,
JEWISH 231,Elementary Topics In Jewish History,"(3, 4)",Jewish Studies,,
JEWISH 232,Elementary Topics In Jewish Philosophy And The Arts,"(3, 4)",Jewish Studies,,
JEWISH 236,Bascom Course,"(3, 3)",Jewish Studies,,
JEWISH/​CLASSICS  241,Introduction To Biblical Archaeology,"(4, 4)",Jewish Studies,,
JEWISH/​GERMAN/​LITTRANS  269,Yiddish Literature And Culture In Europe,"(3, 3)",Jewish Studies,,
JEWISH/​RELIG ST  278,Food In Rabbinic Judaism,"(3, 4)",Jewish Studies,,
JEWISH/​GERMAN/​LITTRANS  279,Yiddish Literature And Culture In America,"(3, 3)",Jewish Studies,,
JEWISH 299,Directed Study,"(1, 3)",Jewish Studies,,
JEWISH/​HEBR-MOD  301,Introduction To Hebrew Literature,"(3, 3)",Jewish Studies,,
JEWISH/​HEBR-MOD  302,Introduction To Hebrew Literature,"(3, 3)",Jewish Studies,,
JEWISH/​HISTORY  310,The Holocaust,"(3, 4)",Jewish Studies,,
JEWISH/​LITTRANS  318,Modern Jewish Literature,"(3, 4)",Jewish Studies,,
JEWISH/​RELIG ST  322,The Sabbath,"(3, 3)",Jewish Studies,,
JEWISH/​CLASSICS/​RELIG ST  323,The Bible And Film: Literature And Media,"(3, 3)",Jewish Studies,,
JEWISH/​LITTRANS/​RELIG ST  328,Classical Rabbinic Literature In Translation,"(3, 4)",Jewish Studies,,
JEWISH/​CLASSICS/​HEBR-BIB/​LITTRANS/​RELIG ST  332,Prophets Of The Bible,"(4, 4)",Jewish Studies,,
JEWISH/​CLASSICS/​RELIG ST  335,King David In History And Tradition,"(3, 3)",Jewish Studies,,
JEWISH/​RELIG ST  340,The American Jewish Life Of Dna,"(3, 3)",Jewish Studies,,
JEWISH/​POLI SCI  341,Israeli Politics And Society,"(3, 4)",Jewish Studies,,
JEWISH/​CLASSICS/​RELIG ST  346,Jewish Literature Of The Greco-Roman Period,"(3, 3)",Jewish Studies,,
JEWISH 350,What Is Jewish Studies?,"(3, 3)",Jewish Studies,,
JEWISH 356,"Jerusalem, Holy City Of Conflict And Desire","(3, 3)",Jewish Studies,,
JEWISH/​LITTRANS  367,Israeli Fiction In Translation,"(3, 4)",Jewish Studies,,
JEWISH/​ENGL  370,Jewish Humor,"(3, 4)",Jewish Studies,,
JEWISH/​HEBR-MOD  401,Topics In Modern Hebrew / Israeli Literature And Culture I,"(3, 3)",Jewish Studies,,
JEWISH/​HEBR-MOD  402,Topics In Modern Hebrew / Israeli Literature And Culture Ii,"(3, 3)",Jewish Studies,,
JEWISH/​GNS  405,First Semester Yiddish For Graduate Students,"(4, 4)",Jewish Studies,,
JEWISH/​ILS/​SOC  423,Modern Jewish Thought,"(3, 3)",Jewish Studies,,
JEWISH 430,Intermediate Topics In Jewish Literature,"(3, 4)",Jewish Studies,,
JEWISH 431,Intermediate Topics In Jewish History,"(3, 4)",Jewish Studies,,
JEWISH 432,Intermediate Topics In Jewish Philosophy And The Arts,"(3, 4)",Jewish Studies,,
JEWISH 433,Intermediate Topics In Jewish Studies: Social Sciences,"(3, 4)",Jewish Studies,,
JEWISH/​PHILOS/​RELIG ST  435,Jewish Philosophy From Antiquity To The Seventeenth Century,"(3, 3)",Jewish Studies,,
JEWISH/​PHILOS  442,Moral Philosophy And The Holocaust,"(3, 3)",Jewish Studies,,
JEWISH/​CLASSICS  451,Biblical Archaeology,"(3, 3)",Jewish Studies,,
JEWISH/​AFRICAN/​MEDIEVAL/​RELIG ST  462,Muslims And Jews,"(3, 3)",Jewish Studies,,
JEWISH/​GERMAN  510,German-Jewish Culture Since The 18Th Century,"(3, 3)",Jewish Studies,,
JEWISH/​HEBR-BIB  513,"Biblical Texts, Poetry","(3, 3)",Jewish Studies,,
JEWISH/​HEBR-BIB  514,"Biblical Texts, Poetry","(3, 3)",Jewish Studies,,
JEWISH/​CURRIC/​ED POL/​HISTORY  515,"Holocaust: History, Memory And Education","(3, 3)",Jewish Studies,,
JEWISH/​HISTORY  518,"Anti-Semitism In European Culture, 1700-1945","(3, 3)",Jewish Studies,,
JEWISH/​ENGL  539,Jewish Literatures In Diaspora,"(3, 3)",Jewish Studies,,
JEWISH/​ENGL  593,Literature Of Jewish Identity In America,"(3, 3)",Jewish Studies,,
JEWISH 630,Advanced Topics In Jewish Literature,"(3, 4)",Jewish Studies,,
JEWISH 631,Advanced Topics In Jewish History,"(3, 4)",Jewish Studies,,
JEWISH 632,Advanced Topics In Jewish Philosophy And The Arts,"(3, 4)",Jewish Studies,,
JEWISH 681,Senior Honors Thesis,"(3, 3)",Jewish Studies,,
JEWISH 682,Senior Honors Thesis,"(3, 3)",Jewish Studies,,
JEWISH 691,Senior Thesis,"(3, 3)",Jewish Studies,,
JEWISH 692,Senior Thesis,"(3, 3)",Jewish Studies,,
JEWISH 699,Directed Study,"(1, 3)",Jewish Studies,,
JOURN 150,Introduction To Sports Communication,"(3, 3)",Journalism And Mass Communication,,
JOURN 162,Mass Media In Multicultural America,"(3, 3)",Journalism And Mass Communication,,
JOURN 163,Gender And Sexuality In Mass Communication,"(3, 3)",Journalism And Mass Communication,,
JOURN 175,Media Fluency For The Digital Age,"(3, 3)",Journalism And Mass Communication,,
JOURN 176,Special Topics In Mass Communication,"(3, 3)",Journalism And Mass Communication,,
JOURN 201,Introduction To Mass Communication,"(4, 4)",Journalism And Mass Communication,,
JOURN 202,Mass Communication Practices,"(6, 6)",Journalism And Mass Communication,,
JOURN 203,Information For Communication,"(3, 3)",Journalism And Mass Communication,,
JOURN/​COM ARTS/​RP & SE  312,Disability And The Media,"(3, 3)",Journalism And Mass Communication,,
JOURN 335,Principles And Practices Of Reporting,"(4, 4)",Journalism And Mass Communication,,
JOURN 345,Principles And Practice Of Strategic Communication,"(4, 4)",Journalism And Mass Communication,,
JOURN 350,Sports Marketing Communications,"(3, 3)",Journalism And Mass Communication,,
JOURN/​POLI SCI/​URB R PL  373,Introduction To Survey Research,"(3, 4)",Journalism And Mass Communication,,
JOURN 401,In-Depth Reporting,"(4, 4)",Journalism And Mass Communication,,
JOURN 405,Creative Nonfiction,"(4, 4)",Journalism And Mass Communication,,
JOURN 411,Multimedia Design,"(4, 4)",Journalism And Mass Communication,,
JOURN 415,Science And Environmental Journalism,"(4, 4)",Journalism And Mass Communication,,
JOURN 417,Magazine Publishing,"(4, 4)",Journalism And Mass Communication,,
JOURN 420,Investigative Reporting,"(4, 4)",Journalism And Mass Communication,,
JOURN 425,Video Journalism,"(4, 4)",Journalism And Mass Communication,,
JOURN 426,Community-Based Reporting,"(4, 4)",Journalism And Mass Communication,,
JOURN 445,Creative Campaign Messages,"(4, 4)",Journalism And Mass Communication,,
JOURN 447,Strategic Media Planning,"(4, 4)",Journalism And Mass Communication,,
JOURN 449,Account Planning And Strategy,"(4, 4)",Journalism And Mass Communication,,
JOURN 450,Sports Reporting And Writing,"(4, 4)",Journalism And Mass Communication,,
JOURN 455,Emerging Media And The News,"(4, 4)",Journalism And Mass Communication,,
JOURN 456,Long Form Video,"(4, 4)",Journalism And Mass Communication,,
JOURN 457,Storytelling Through Sound,"(4, 4)",Journalism And Mass Communication,,
JOURN 463,Digital Media Strategies,"(4, 4)",Journalism And Mass Communication,,
JOURN 464,Public Relations Strategies,"(4, 4)",Journalism And Mass Communication,,
JOURN 465,Social Media Marketing Communications,"(4, 4)",Journalism And Mass Communication,,
JOURN 475,Special Topics In Advanced Concepts And Skills,"(1, 4)",Journalism And Mass Communication,,
JOURN/​HISTORY  560,History Of U.S. Media,"(4, 4)",Journalism And Mass Communication,,
JOURN 561,Mass Communication And Society,"(4, 4)",Journalism And Mass Communication,,
JOURN 563,Law Of Mass Communication,"(4, 4)",Journalism And Mass Communication,,
JOURN 564,Media And The Consumer,"(4, 4)",Journalism And Mass Communication,,
JOURN 565,Effects Of Mass Communication,"(4, 4)",Journalism And Mass Communication,,
JOURN 566,Communication And Public Opinion,"(4, 4)",Journalism And Mass Communication,,
JOURN 567,Mass Media And Global Communication,"(4, 4)",Journalism And Mass Communication,,
JOURN 601,Colloquium In Professional Communication Careers,"(1, 1)",Journalism And Mass Communication,,
JOURN/​COM ARTS/​HDFS  616,Mass Media And Youth,"(3, 3)",Journalism And Mass Communication,,
JOURN/​COM ARTS/​LSC  617,Health Communication In The Information Age,"(3, 3)",Journalism And Mass Communication,,
JOURN 618,Mass Communication And Political Behavior,"(4, 4)",Journalism And Mass Communication,,
JOURN 620,International Communication,"(4, 4)",Journalism And Mass Communication,,
JOURN 622,The Impact Of Emerging Media,"(3, 3)",Journalism And Mass Communication,,
JOURN 649,Brand Strategy In Advertising & Integrated Communications,"(4, 4)",Journalism And Mass Communication,,
JOURN/​ART HIST/​HISTORY/​L I S  650,History Of Books And Print Culture In Europe And North America,"(3, 3)",Journalism And Mass Communication,,
JOURN 651,Communicating Sports Controversies,"(3, 3)",Journalism And Mass Communication,,
JOURN 657,Understanding Research Design & Statistics In Mass Communication,"(4, 4)",Journalism And Mass Communication,,
JOURN 658,Communication Research Methods,"(4, 4)",Journalism And Mass Communication,,
JOURN/​ASIAN AM  662,Mass Media And Minorities,"(4, 4)",Journalism And Mass Communication,,
JOURN 664,Social Networks In Communication,"(3, 3)",Journalism And Mass Communication,,
JOURN 669,Literary Aspects Of Journalism,"(3, 3)",Journalism And Mass Communication,,
JOURN 675,Topics In Government And Mass Media,"(3, 3)",Journalism And Mass Communication,,
JOURN 676,Special Topics In Mass Communication,"(1, 4)",Journalism And Mass Communication,,
JOURN/​L I S  677,Concepts And Tools For Data Analysis And Visualization,"(3, 3)",Journalism And Mass Communication,,
JOURN 678,Legal & Ethical Dimensions Of Emerging Media,"(3, 3)",Journalism And Mass Communication,,
JOURN 681,Senior Honors Thesis,"(3, 3)",Journalism And Mass Communication,,
JOURN 682,Senior Honors Thesis,"(3, 3)",Journalism And Mass Communication,,
JOURN 691,Senior Thesis,"(3, 3)",Journalism And Mass Communication,,
JOURN 692,Senior Thesis,"(3, 3)",Journalism And Mass Communication,,
JOURN 697,Internship,"(1, 3)",Journalism And Mass Communication,,
JOURN 698,Directed Study,"(1, 6)",Journalism And Mass Communication,,
JOURN 699,Directed Study,"(1, 6)",Journalism And Mass Communication,,
JOURN 801,Mass Communication And The Individual,"(3, 3)",Journalism And Mass Communication,,
JOURN 802,Mass Communication And Society,"(3, 3)",Journalism And Mass Communication,,
JOURN 803,Mass Communication And Culture,"(3, 3)",Journalism And Mass Communication,,
JOURN/​HISTORY  808,Mass Communication History,"(3, 3)",Journalism And Mass Communication,,
JOURN/​LSC  811,Conceptualization And Design Of Mass Communication Research,"(2, 3)",Journalism And Mass Communication,,
JOURN 812,Qualitative Communication Research Methods,"(3, 3)",Journalism And Mass Communication,,
JOURN 813,Practicum In Communication Research,"(3, 3)",Journalism And Mass Communication,,
JOURN 818,Computational Approaches To Communication Research,"(3, 3)",Journalism And Mass Communication,,
JOURN 821,Health Communication,"(3, 3)",Journalism And Mass Communication,,
JOURN 822,Global Communication,"(3, 3)",Journalism And Mass Communication,,
JOURN/​ENVIR ST/​LSC  823,Science And Environment Communication,"(3, 3)",Journalism And Mass Communication,,
JOURN 824,"Race, Ethnicity And Media","(3, 3)",Journalism And Mass Communication,,
JOURN/​LSC  825,Law And Ethics Of Communication And Media,"(3, 3)",Journalism And Mass Communication,,
JOURN/​LSC  826,Journalism Theory,"(3, 3)",Journalism And Mass Communication,,
JOURN/​GEN&WS  828,Gender And Sexuality In Mass Communication,"(3, 3)",Journalism And Mass Communication,,
JOURN/​POLI SCI  829,Political Communication,"(3, 3)",Journalism And Mass Communication,,
JOURN/​COM ARTS/​LSC  831,Psychology Of Entertainment Media,"(3, 3)",Journalism And Mass Communication,,
JOURN/​LSC  833,Technology And Society,"(3, 3)",Journalism And Mass Communication,,
JOURN 835,News Framing And Social Protest Movements,"(3, 3)",Journalism And Mass Communication,,
JOURN 880,Topics In Mass Communication,"(3, 3)",Journalism And Mass Communication,,
JOURN 901,Colloquium In Mass Communication,"(1, 1)",Journalism And Mass Communication,,
JOURN 902,Graduate Teaching Colloquium,"(1, 1)",Journalism And Mass Communication,,
JOURN 903,Professional Master'S Colloquium,"(1, 1)",Journalism And Mass Communication,,
JOURN 990,Thesis,"(1, 9)",Journalism And Mass Communication,,
JOURN 999,Independent Research Problems,"(2, 4)",Journalism And Mass Communication,,
KINES 100,"Exercise, Nutrition, And Health","(2, 2)",Kinesiology,,
KINES 104,Aquatics,"(1, 1)",Kinesiology,,
KINES 112,Make It Count: Measuring Physical Activity Behavior,"(3, 3)",Kinesiology,,
KINES 115,Physiology Of Human Performance,"(3, 3)",Kinesiology,,
KINES 116,First Aid And Basic Life Support,"(2, 2)",Kinesiology,,
KINES 119,Introduction To Kinesiology,"(2, 2)",Kinesiology,,
KINES 121,Foundations Of Physical Education,"(2, 2)",Kinesiology,,
KINES 123,Living Well: Lifestyle Redesign And Health Promotion For College Students,"(2, 2)",Kinesiology,,
KINES 125,Adapted Fitness And Personal Training,"(1, 1)",Kinesiology,,
KINES 127,Introduction To Athletic Healthcare,"(2, 2)",Kinesiology,,
KINES 140,Science And Practice Of Resistance Training,"(2, 2)",Kinesiology,,
KINES 145,Choosing To Move: Constructing An Active Lifestyle,"(2, 2)",Kinesiology,,
KINES 150,Foundations Of Health Behavior And Health Equity,"(3, 3)",Kinesiology,,
KINES 197,Techniques In Athletic Training,"(1, 1)",Kinesiology,,
KINES 200,Introductory Neuroscience,"(4, 4)",Kinesiology,,
KINES 214,Culture And Environment In Exercise Physiology Abroad,"(3, 3)",Kinesiology,,
KINES 225,Introduction To Physical Activity Programming For Diverse Abilities,"(2, 2)",Kinesiology,,
KINES 227,Introduction To Clinical Anatomy Of Human Movement,"(2, 2)",Kinesiology,,
KINES 250,Sedentary Behavior In The U.S. And Abroad,"(3, 3)",Kinesiology,,
KINES 260,"Inclusive Physical Activity, Sport & Rehabilitation In Ireland","(3, 3)",Kinesiology,,
KINES 280,Health Coaching Principles And Methods,"(3, 3)",Kinesiology,,
KINES 300,Practicum In Kinesiology,"(1, 3)",Kinesiology,,
KINES 301,Advanced Techniques In Athletic Training,"(2, 2)",Kinesiology,,
KINES 308,Biomechanics Of Physical Activity,"(2, 2)",Kinesiology,,
KINES 312,Technology For Physical Activity And Health Professionals,"(2, 2)",Kinesiology,,
KINES 314,Physiology Of Exercise,"(4, 4)",Kinesiology,,
KINES 315,Assessment And Research In Physical Activity Pedagogy,"(3, 3)",Kinesiology,,
KINES 316,Adapted Physical Activity,"(3, 3)",Kinesiology,,
KINES 318,Biomechanics Of Human Movement,"(3, 3)",Kinesiology,,
KINES 325,Group Development And Behavior Management,"(3, 3)",Kinesiology,,
KINES 327,Current Topics In Outdoor Pursuits,"(1, 1)",Kinesiology,,
KINES 330,Research In Kinesiology,"(2, 2)",Kinesiology,,
KINES 350,Introduction To Exercise Psychology,"(3, 3)",Kinesiology,,
KINES 353,Health And Physical Education In A Multicultural Society,"(3, 3)",Kinesiology,,
KINES 355,Socio-Cultural Aspects Of Physical Activity,"(3, 3)",Kinesiology,,
KINES 360,Lifespan Motor Development,"(3, 3)",Kinesiology,,
KINES 361,Motor Learning And Performance,"(3, 3)",Kinesiology,,
KINES 362,Adapted Physical Education Community Engagement,"(1, 1)",Kinesiology,,
KINES 363,Management Strategies In Adapted Physical Education,"(2, 2)",Kinesiology,,
KINES 364,Assessment And Programming In Adapted Physical Education,"(3, 3)",Kinesiology,,
KINES 365,Practicum: Adapted Physical Education,"(2, 2)",Kinesiology,,
KINES 370,"Planning, Facilitating & Assessment In Movement And Health Professionals","(3, 3)",Kinesiology,,
KINES 371,Methods And Practicum Of Teaching Pk-12 Dance And Gymnastics,"(3, 3)",Kinesiology,,
KINES 372,Methods And Practicum Of Teaching Pk-5 Physical Education,"(4, 4)",Kinesiology,,
KINES 373,Methods And Practicum Of Teaching 6-12 Physical Education,"(4, 4)",Kinesiology,,
KINES 375,Practicum In Physical Education,"(3, 3)",Kinesiology,,
KINES 387,"The Young Athlete: Considerations For Exercise, Medicine, And Activity","(2, 2)",Kinesiology,,
KINES 390,Principles Of Exercise Leadership,"(2, 2)",Kinesiology,,
KINES 399,Independent Study,"(1, 3)",Kinesiology,,
KINES 412,Organization And Administration Of Physical Education,"(2, 2)",Kinesiology,,
KINES 417,Advanced Clinical Assessment Techniques In Athletic Training,"(2, 2)",Kinesiology,,
KINES 427,Fitness Testing And Exercise Prescription,"(3, 3)",Kinesiology,,
KINES 450,Clinical Field Experience In Athletic Training,"(3, 3)",Kinesiology,,
KINES/​CURRIC  478,Elementary School Physical Education Student Teaching,"(2, 8)",Kinesiology,,
KINES/​CURRIC  479,Middle School Or High School Physical Education Student Teaching,"(2, 8)",Kinesiology,,
KINES 487,Athletic Healthcare: Contemporary Perspectives,"(3, 3)",Kinesiology,,
KINES 501,Theory-Based Health Education And Health Promotion Programs,"(3, 3)",Kinesiology,,
KINES 508,Workshop In Kinesiology,"(1, 3)",Kinesiology,,
KINES 516,Physical Activity For Diverse Abilities,"(3, 3)",Kinesiology,,
KINES 521,Physical Activity And Health,"(3, 3)",Kinesiology,,
KINES/​NURSING  523,Clinical Exercise Testing & Training,"(3, 3)",Kinesiology,,
KINES/​NUTR SCI  525,Nutrition In Physical Activity And Health,"(3, 3)",Kinesiology,,
KINES 527,Principles Of Strength And Conditioning,"(3, 3)",Kinesiology,,
KINES 528,Seminar In Strength And Conditioning,"(1, 1)",Kinesiology,,
KINES 531,Neural Control Of Movement,"(3, 3)",Kinesiology,,
KINES 540,Diversity In Health And Physical Activity Settings,"(3, 3)",Kinesiology,,
KINES 547,Skills For Health: Methods And Practicum Of Teaching Health,"(3, 3)",Kinesiology,,
KINES 555,Sports Science & Athlete Monitoring,"(3, 3)",Kinesiology,,
KINES 560,Senior Research Writing In Kinesiology,"(3, 3)",Kinesiology,,
KINES 566,Promoting Health In The Community,"(3, 3)",Kinesiology,,
KINES 568,Student Teaching In Health Education,"(2, 2)",Kinesiology,,
KINES 570,Anatomical Foundations In Athletic Training,"(3, 3)",Kinesiology,,
KINES 571,Emergency Procedures For Athletic Trainers,"(2, 2)",Kinesiology,,
KINES 572,Foundational Skills In Athletic Training,"(1, 1)",Kinesiology,,
KINES 600,Advanced Exercise Psychology,"(3, 3)",Kinesiology,,
KINES 614,Biological Factors Influencing Exercise Performance,"(3, 3)",Kinesiology,,
KINES 615,Laboratory Techniques In Exercise Physiology,"(2, 2)",Kinesiology,,
KINES 618,Biomechanics,"(2, 3)",Kinesiology,,
KINES 620,Clinical Practicum In Athletic Training I,"(2, 2)",Kinesiology,,
KINES 621,Clinical Practicum In Athletic Training Ii,"(3, 3)",Kinesiology,,
KINES 622,Clinical Field Experience In Athletic Training I,"(3, 3)",Kinesiology,,
KINES 623,Clinical Field Experience In Athletic Training Ii,"(3, 3)",Kinesiology,,
KINES 624,Athletic Training Preceptorship I,"(6, 6)",Kinesiology,,
KINES 625,Athletic Training Preceptorship Ii,"(7, 7)",Kinesiology,,
KINES 650,Foundations Of Professional Practice In Athletic Training,"(1, 1)",Kinesiology,,
KINES 651,"Public Health, Policy, And Practice","(3, 3)",Kinesiology,,
KINES 652,Evaluation And Therapeutic Interventions I,"(4, 4)",Kinesiology,,
KINES 653,Evaluation And Therapeutic Interventions Ii,"(4, 4)",Kinesiology,,
KINES 654,Clinical Medicine In Athletic Training I,"(3, 3)",Kinesiology,,
KINES 655,Clinical Medicine In Athletic Training Ii,"(3, 3)",Kinesiology,,
KINES 656,Scientific Inquiry In Athletic Training,"(3, 3)",Kinesiology,,
KINES 657,Role Transition And Professional Practice In Athletic Training,"(1, 1)",Kinesiology,,
KINES 658,Seminar In Athletic Training,"(1, 1)",Kinesiology,,
KINES 670,Enhancing Performance And Wellness,"(1, 1)",Kinesiology,,
KINES 671,Diagnostic Imaging In Athletic Training,"(1, 1)",Kinesiology,,
KINES 672,Principles Of Pharmacology For Athletic Trainers,"(1, 1)",Kinesiology,,
KINES 673,Healthcare Informatics And Quality Improvement In Athletic Training,"(1, 1)",Kinesiology,,
KINES 674,Clinical Scholarship In Athletic Training,"(1, 1)",Kinesiology,,
KINES 690,Internship In Kinesiology,"(1, 6)",Kinesiology,,
KINES 699,Independent Study,"(1, 3)",Kinesiology,,
KINES 700,Psychological Effects Of Exercise,"(3, 3)",Kinesiology,,
KINES 713,Neural Basis Of Normal And Pathological Movement,"(3, 3)",Kinesiology,,
KINES 721,Neural Basis For Movement,"(3, 3)",Kinesiology,,
KINES 773,Cardiorespiratory Adaptions To Environment And Exercise,"(3, 3)",Kinesiology,,
KINES 774,Metabolic Responses To Exercise And Environmental Stress,"(2, 2)",Kinesiology,,
KINES 779,Human Muscle Function In Health And Disease,"(2, 2)",Kinesiology,,
KINES 785,Human Occupation And Health,"(2, 3)",Kinesiology,,
KINES/​POP HLTH  791,Physical Activity Epidemiology,"(3, 3)",Kinesiology,,
KINES 861,Principles Of Motor Control And Learning,"(3, 3)",Kinesiology,,
KINES 885,Seminar In Occupation And Health,"(1, 1)",Kinesiology,,
KINES 900,Seminar In Kinesiology,"(1, 1)",Kinesiology,,
KINES 950,Professional Skills And Research In Kinesiology,"(3, 3)",Kinesiology,,
KINES 951,Seminar-Biomechanics,"(2, 2)",Kinesiology,,
KINES 953,Human Biodynamics Seminar,"(1, 1)",Kinesiology,,
KINES/​POP HLTH  955,Seminar - Physical Activity Epidemiology,"(1, 1)",Kinesiology,,
KINES 961,Seminar In Motor Control And Learning,"(2, 2)",Kinesiology,,
KINES 990,Research Or Thesis,"(1, 12)",Kinesiology,,
KINES 991,Research In Physical Activity- Theory And Design,"(3, 3)",Kinesiology,,
KINES 999,Independent Reading,"(1, 4)",Kinesiology,,
LAND ARC/​AMER IND  106,Earth Partnership Indigenous Arts And Sciences,"(3, 3)",Landscape Architecture,,
LAND ARC 210,Introduction To Landscape Architecture Design Studio,"(4, 4)",Landscape Architecture,,
LAND ARC 211,Shaping The Built Environment,"(3, 3)",Landscape Architecture,,
LAND ARC/​ART HIST/​ENVIR ST/​GEOG/​HISTORY  239,Making The American Landscape,"(3, 4)",Landscape Architecture,,
LAND ARC 250,Survey Of Landscape Architecture Design,"(3, 3)",Landscape Architecture,,
LAND ARC 260,History Of Landscape Architecture,"(3, 3)",Landscape Architecture,,
LAND ARC 261,Principles Of Landscape Architecture Design And Graphics,"(4, 4)",Landscape Architecture,,
LAND ARC/​HORT  263,Landscape Plants I,"(3, 3)",Landscape Architecture,,
LAND ARC/​ANTHRO/​ART HIST/​DS/​HISTORY  264,Dimensions Of Material Culture,"(4, 4)",Landscape Architecture,,
LAND ARC 289,Honors Independent Study,"(1, 2)",Landscape Architecture,,
LAND ARC 299,Independent Studies,"(1, 3)",Landscape Architecture,,
LAND ARC 311,Introduction To Design Frameworks And Spatial Technologies,"(2, 2)",Landscape Architecture,,
LAND ARC 321,Environment And Behavior Studio - Designing Health Promoting Environments,"(4, 4)",Landscape Architecture,,
LAND ARC 353,Landscape Architectural Technology I,"(3, 3)",Landscape Architecture,,
LAND ARC 354,Landscape Architectural Technology Ii,"(3, 3)",Landscape Architecture,,
LAND ARC 360,Earth Partnership Restoration Education: Indigenous Arts & Sciences,"(1, 1)",Landscape Architecture,,
LAND ARC/​ENVIR ST  361,Wetlands Ecology,"(3, 3)",Landscape Architecture,,
LAND ARC 363,Earth Partnership: Restoration Education For Equity And Resilience,"(3, 3)",Landscape Architecture,,
LAND ARC 366,Introduction To Architectural And Environmental Design,"(3, 3)",Landscape Architecture,,
LAND ARC/​ENVIR ST/​F&W ECOL/​G L E/​GEOG/​GEOSCI  371,Introduction To Environmental Remote Sensing,"(3, 3)",Landscape Architecture,,
LAND ARC 373,Mindfulness In Restorative Environments,"(3, 3)",Landscape Architecture,,
LAND ARC 375,Special Topics,"(1, 4)",Landscape Architecture,,
LAND ARC 380,Plants For Ecological Design I,"(2, 2)",Landscape Architecture,,
LAND ARC 381,Plants For Ecological Design Ii,"(1, 1)",Landscape Architecture,,
LAND ARC 397,Internship In Landscape Architecture,"(1, 1)",Landscape Architecture,,
LAND ARC 400,Study Abroad In Landscape Architecture,"(1, 6)",Landscape Architecture,,
LAND ARC 460,Advanced Visual Communication In Landscape Architecture,"(3, 3)",Landscape Architecture,,
LAND ARC/​URB R PL  463,Evolution Of American Planning,"(3, 3)",Landscape Architecture,,
LAND ARC/​CHICLA  475,Latino Urbanism: Design And Engagement In The American City,"(3, 3)",Landscape Architecture,,
LAND ARC 511,Geodesign Methods And Applications,"(3, 3)",Landscape Architecture,,
LAND ARC 525,Social Justice And The Urban Landscape,"(3, 3)",Landscape Architecture,,
LAND ARC/​ENVIR ST/​GEOG/​URB R PL  532,Applications Of Geographic Information Systems In Planning,"(3, 3)",Landscape Architecture,,
LAND ARC 550,Professional Practice In Landscape Architecture,"(3, 3)",Landscape Architecture,,
LAND ARC/​CIV ENGR/​ENVIR ST  556,Remote Sensing Digital Image Processing,"(3, 3)",Landscape Architecture,,
LAND ARC 560,Plants And Ecology In Design,"(4, 4)",Landscape Architecture,,
LAND ARC 561,Housing And Urban Design,"(4, 4)",Landscape Architecture,,
LAND ARC 562,Urban Design And Open Space Systems,"(4, 4)",Landscape Architecture,,
LAND ARC 563,Designing Sustainable And Resilient Regions,"(4, 4)",Landscape Architecture,,
LAND ARC/​F&W ECOL/​ZOOLOGY  565,Principles Of Landscape Ecology,"(2, 2)",Landscape Architecture,,
LAND ARC/​ENVIR ST  581,Prescribed Fire: Ecology And Implementation,"(3, 3)",Landscape Architecture,,
LAND ARC 590,Special Topics,"(1, 4)",Landscape Architecture,,
LAND ARC 610,Landscape Architecture Seminar,"(3, 3)",Landscape Architecture,,
LAND ARC 611,Landscape Architecture Capstone Ii,"(4, 4)",Landscape Architecture,,
LAND ARC 621,Designing Healthy Communities Seminar,"(3, 3)",Landscape Architecture,,
LAND ARC/​DS  639,Culture And Built Environment,"(3, 3)",Landscape Architecture,,
LAND ARC 651,Plant Community Restoration And Management Workshop,"(4, 4)",Landscape Architecture,,
LAND ARC 668,Restoration Ecology,"(3, 3)",Landscape Architecture,,
LAND ARC/​BOTANY  670,Adaptive Restoration Lab,"(2, 2)",Landscape Architecture,,
LAND ARC 677,Cultural Resource Preservation And Landscape History,"(3, 3)",Landscape Architecture,,
LAND ARC 681,Senior Honors Thesis,"(2, 4)",Landscape Architecture,,
LAND ARC 682,Senior Honors Thesis,"(2, 4)",Landscape Architecture,,
LAND ARC 691,Senior Thesis,"(4, 4)",Landscape Architecture,,
LAND ARC 692,Senior Thesis,"(4, 4)",Landscape Architecture,,
LAND ARC/​ENVIR ST/​SOIL SCI  695,Applications Of Geographic Information Systems In Natural Resources,"(3, 3)",Landscape Architecture,,
LAND ARC 699,Special Problems-Landscape Architecture,"(1, 5)",Landscape Architecture,,
LAND ARC 710,Theories Of Landscape Change,"(2, 2)",Landscape Architecture,,
LAND ARC 720,Critical Inquiry Into Landscape Design Expression,"(2, 2)",Landscape Architecture,,
LAND ARC 740,Research In Landscape Architecture,"(3, 3)",Landscape Architecture,,
LAND ARC/​ANTHRO/​ART HIST/​DS/​HISTORY  764,Dimensions Of Material Culture,"(4, 4)",Landscape Architecture,,
LAND ARC 866,Seminar In Natural Plant Community Restoration And Management,"(1, 1)",Landscape Architecture,,
LAND ARC 940,Graduate Seminar,"(1, 2)",Landscape Architecture,,
LAND ARC 990,Research,"(1, 12)",Landscape Architecture,,
LAND ARC 999,Independent Studies,"(1, 3)",Landscape Architecture,,
LACIS/​HISTORY/​INTL ST  242,Modern Latin America,"(3, 4)","Latin American, Caribbean, And Iberian Studies",,
LACIS/​HISTORY  243,Colonial Latin America: Invasion To Independence,"(3, 4)","Latin American, Caribbean, And Iberian Studies",,
LACIS/​AFROAMER/​ANTHRO/​C&E SOC/​GEOG/​HISTORY/​POLI SCI/​SOC/​SPANISH  260,Latin America: An Introduction,"(3, 4)","Latin American, Caribbean, And Iberian Studies",,
LACIS/​CHICLA/​HISTORY/​POLI SCI  268,The U.S. & Latin America From The Colonial Era To The Present: A Critical Survey,"(3, 3)","Latin American, Caribbean, And Iberian Studies",,
LACIS/​SPANISH  285,Race And Culture In The Americas,"(3, 3)","Latin American, Caribbean, And Iberian Studies",,
LACIS/​CHICLA/​ED POL  342,"Education Across The Americas: Empire, Capitalism, And Resistance","(3, 3)","Latin American, Caribbean, And Iberian Studies",,
LACIS/​CHICLA/​HISTORY/​POLI SCI  355,Labor In The Americas: Us & Mexico In Comparative & Historical Perspective,"(3, 3)","Latin American, Caribbean, And Iberian Studies",,
LACIS/​ANTHRO  361,Elementary Quechua,"(4, 4)","Latin American, Caribbean, And Iberian Studies",,
LACIS/​ANTHRO  362,Elementary Quechua,"(4, 4)","Latin American, Caribbean, And Iberian Studies",,
LACIS/​ANTHRO  363,Intermediate Quechua,"(4, 4)","Latin American, Caribbean, And Iberian Studies",,
LACIS/​ANTHRO  364,Advanced Quechua,"(4, 4)","Latin American, Caribbean, And Iberian Studies",,
LACIS/​ILS  367,The Literature Of Migration And The Migrant Experience In The Americas,"(3, 3)","Latin American, Caribbean, And Iberian Studies",,
LACIS/​ANTHRO  376,First Semester Yucatec Maya,"(4, 4)","Latin American, Caribbean, And Iberian Studies",,
LACIS/​ANTHRO  377,Second Semester Yucatec Maya,"(4, 4)","Latin American, Caribbean, And Iberian Studies",,
LACIS 440,"Topics In Latin American, Caribbean, And Iberian Studies","(1, 4)","Latin American, Caribbean, And Iberian Studies",,
LACIS 681,Senior Honors Thesis,"(3, 3)","Latin American, Caribbean, And Iberian Studies",,
LACIS 682,Senior Honors Thesis,"(3, 3)","Latin American, Caribbean, And Iberian Studies",,
LACIS 698,Directed Study,"(1, 6)","Latin American, Caribbean, And Iberian Studies",,
LACIS 699,Directed Study,"(1, 6)","Latin American, Caribbean, And Iberian Studies",,
LACIS/​A A E/​ANTHRO/​C&E SOC/​GEOG/​HISTORY/​POLI SCI/​PORTUG/​SOC/​SPANISH  982,Interdepartmental Seminar In The Latin-American Area,"(1, 3)","Latin American, Caribbean, And Iberian Studies",,
LATIN 103,First Semester Latin,"(4, 4)",Latin,,
LATIN 104,Second Semester Latin,"(4, 4)",Latin,,
LATIN 305,Third Semester Latin,"(4, 4)",Latin,,
LATIN 306,Fourth Semester Latin,"(4, 4)",Latin,,
LATIN 391,Elementary Intensive Latin,"(4, 4)",Latin,,
LATIN 401,Readings In Latin Literature,"(3, 3)",Latin,,
LATIN 505,Elementary Prose Composition,"(3, 3)",Latin,,
LATIN 515,Vergil,"(3, 3)",Latin,,
LATIN 519,Latin Poetry,"(3, 3)",Latin,,
LATIN 520,Roman Drama,"(3, 3)",Latin,,
LATIN 523,Roman Satire,"(3, 3)",Latin,,
LATIN 524,Roman Novel,"(3, 3)",Latin,,
LATIN 539,Latin Historical Writers,"(3, 3)",Latin,,
LATIN 549,Latin Philosophical Writers,"(3, 3)",Latin,,
LATIN 559,Latin Oratory,"(3, 3)",Latin,,
LATIN/​MEDIEVAL  563,Mediaeval Latin,"(3, 3)",Latin,,
LATIN 681,Honors Thesis,"(3, 3)",Latin,,
LATIN 682,Senior Honors Thesis,"(3, 3)",Latin,,
LATIN 691,Senior Thesis,"(3, 3)",Latin,,
LATIN 692,Senior Thesis,"(3, 3)",Latin,,
LATIN 699,Directed Study,"(1, 3)",Latin,,
LATIN 890,Individual Research Thesis,"(1, 12)",Latin,,
LATIN 950,Seminar-Oratory,"(3, 3)",Latin,,
LAW 601,Introduction To American Law,"(3, 3)",Law,,
LAW 602,Legal Sources,"(3, 3)",Law,,
LAW/​LEGAL ST/​SOC  641,Sociology Of Law,"(3, 4)",Law,,
LAW 711,Contracts,"(4, 4)",Law,,
LAW 714,Civil Procedure,"(4, 4)",Law,,
LAW 715,Torts,"(4, 4)",Law,,
LAW 721,Advanced Contracts,"(3, 4)",Law,,
LAW 722,"Legal Analysis, Advocacy, & Writing I","(3, 3)",Law,,
LAW 723,"Legal Analysis, Advocacy, & Writing Ii","(3, 3)",Law,,
LAW 724,Property,"(4, 5)",Law,,
LAW 725,Introduction To Criminal Procedure,"(3, 3)",Law,,
LAW 726,Criminal Law And Procedure,"(4, 4)",Law,,
LAW 730,Federal Law And Indian Tribes,"(2, 3)",Law,,
LAW 731,Constitutional Law,"(4, 4)",Law,,
LAW 732,Real Estate Transactions I,"(3, 4)",Law,,
LAW 734,Trusts And Estates,"(2, 2)",Law,,
LAW 736,Secured Transactions,"(3, 3)",Law,,
LAW 737,Marital Property,"(1, 2)",Law,,
LAW 738,Estate And Gift Taxation,"(1, 2)",Law,,
LAW 739,Religion And The Constitution,"(2, 3)",Law,,
LAW 740,Constitutional Law Ii,"(2, 4)",Law,,
LAW 741,Business Organizations: Public Corporations,"(3, 3)",Law,,
LAW 742,Taxation I,"(3, 5)",Law,,
LAW 743,Negotiations,"(2, 4)",Law,,
LAW 744,Administrative Law,"(3, 3)",Law,,
LAW 745,Labor Relations Law,"(3, 3)",Law,,
LAW 746,Legislation,"(3, 3)",Law,,
LAW 748,Antitrust,"(3, 4)",Law,,
LAW 749,Trademarks,"(2, 3)",Law,,
LAW 750,Legislation And Regulation,"(3, 3)",Law,,
LAW 751,Patent Law,"(2, 4)",Law,,
LAW 752,Copyright Law,"(2, 4)",Law,,
LAW 753,Introduction To Intellectual Property Law,"(3, 4)",Law,,
LAW 760,Role Of The Police In A Free Society,"(3, 3)",Law,,
LAW 765,Equal Employment Law,"(3, 4)",Law,,
LAW/​NURSING  768,Health Justice Clinic,"(1, 7)",Law,,
LAW 771,Selected Topics In Estate Planning,"(1, 3)",Law,,
LAW 772,The Use Of Trusts In Estate Planning,"(2, 3)",Law,,
LAW 773,Law And The Elderly,"(2, 3)",Law,,
LAW 785,Introduction To Islamic Law & Jurisprudence,"(2, 3)",Law,,
LAW 790,Law Of Democracy,"(3, 3)",Law,,
LAW 795,State And Local Government Law,"(3, 3)",Law,,
LAW 796,Criminal Defense Practice,"(3, 3)",Law,,
LAW 797,Prosecution Function,"(3, 3)",Law,,
LAW 798,Professional Responsibility And Criminal Practice,"(2, 3)",Law,,
LAW 801,Evidence,"(3, 4)",Law,,
LAW 802,Civil Procedure Ii,"(3, 4)",Law,,
LAW 805,Statutory Interpretation,"(3, 3)",Law,,
LAW 808,Advanced Legal Writing,"(2, 3)",Law,,
LAW 811,Accounting For Lawyers,"(3, 3)",Law,,
LAW 814,Appellate Advocacy,"(1, 3)",Law,,
LAW 815,Moot Court,"(1, 3)",Law,,
LAW 817,"Business Organizations: Partnership, Llc, And Closely Held Corporations","(3, 3)",Law,,
LAW 818,Comparative Law,"(2, 3)",Law,,
LAW 820,Conflict Of Laws,"(3, 4)",Law,,
LAW 821,Bankruptcy Law,"(2, 4)",Law,,
LAW/​SOC WORK  822,Family Law: Marriage And Divorce,"(2, 4)",Law,,
LAW/​SOC WORK  823,Family Law: Parent And Child,"(3, 4)",Law,,
LAW 824,Federal Jurisdiction,"(3, 3)",Law,,
LAW 825,Insurance Law,"(3, 4)",Law,,
LAW 827,International Law,"(2, 3)",Law,,
LAW 828,International Business Transactions,"(3, 3)",Law,,
LAW/​URB R PL  830,Land Use Controls,"(3, 3)",Law,,
LAW 838,Real Estate Transactions Ii,"(2, 3)",Law,,
LAW 839,Remedies,"(2, 3)",Law,,
LAW 840,Taxation Ii,"(2, 4)",Law,,
LAW 845,Water Rights Law,"(2, 3)",Law,,
LAW 848,Introduction To Environmental Law,"(3, 3)",Law,,
LAW 849,Pre-Trial Advocacy,"(3, 3)",Law,,
LAW 850,Professional Responsibilities,"(1, 3)",Law,,
LAW 852,Trial Advocacy,"(2, 4)",Law,,
LAW 853,Mock Trial,"(1, 3)",Law,,
LAW 854,Clinical Program,"(1, 10)",Law,,
LAW 855,Field Placement,"(1, 10)",Law,,
LAW 858,Collective Bargaining: The Arbitration Process,"(3, 3)",Law,,
LAW 860,Advanced Criminal Procedure,"(2, 3)",Law,,
LAW 862,Legal Assistance To Incarcerated People,"(1, 10)",Law,,
LAW 868,State And Local Taxation,"(2, 4)",Law,,
LAW 870,International Tax,"(3, 3)",Law,,
LAW 871,International Trade Law,"(3, 3)",Law,,
LAW 872,Legal Issues Involving North America And East Asia,"(2, 2)",Law,,
LAW 873,Immigration Law,"(3, 3)",Law,,
LAW 895,Wisconsin International Law Journal,"(1, 3)",Law,,
LAW 896,"Wisconsin Journal Of Law, Gender, And Society","(1, 3)",Law,,
LAW 899,Law Review,"(1, 3)",Law,,
LAW 901,First Amendment,"(3, 4)",Law,,
LAW 904,Selected Problems In Constitutional Law,"(2, 4)",Law,,
LAW 905,Bioethics And The Law,"(2, 4)",Law,,
LAW 906,"Law, Science And Biotechnology Seminar","(2, 4)",Law,,
LAW 914,Securities Regulation,"(3, 3)",Law,,
LAW 915,Selected Problems In Criminal Justice Administration Seminar,"(2, 3)",Law,,
LAW 917,International Commercial Arbitration,"(3, 3)",Law,,
LAW 918,Selected Problems In International Law-Seminar,"(2, 3)",Law,,
LAW 919,International Human Rights Law,"(3, 3)",Law,,
LAW 920,"Climate Change, Human Rights, And The Environment","(3, 3)",Law,,
LAW 921,International Environmental Law And Policy,"(3, 3)",Law,,
LAW 922,Selected Problems In Jurisprudence-Seminar,"(2, 3)",Law,,
LAW 926,Selected Problems Of Tort Law-Seminar,"(2, 3)",Law,,
LAW 928,Selected Problems In Land Law-Seminar,"(2, 3)",Law,,
LAW 932,Selected Problems Of Administrative Law-Seminar,"(2, 3)",Law,,
LAW 935,Health Law,"(2, 3)",Law,,
LAW 939,Selected Problems In Family Law-Seminar,"(2, 3)",Law,,
LAW 940,Law And Contemporary Problems,"(1, 3)",Law,,
LAW 942,European Union Law,"(1, 2)",Law,,
LAW 945,Law And Correctional Institutions-Seminar,"(2, 3)",Law,,
LAW 950,Lawyering Skills,"(1, 6)",Law,,
LAW 953,Selected Problems In Business Organization-Seminar,"(1, 3)",Law,,
LAW 954,Corporate Finance Law,"(3, 3)",Law,,
LAW 955,Public Sector Labor Relations Law Seminar,"(2, 3)",Law,,
LAW 957,Introduction To Estate Planning,"(2, 3)",Law,,
LAW/​ECON  961,Selected Problems In Trade Regulation-Seminar,"(2, 3)",Law,,
LAW 981,Law And Modernization In The Developing World Seminar,"(2, 3)",Law,,
LAW 988,Selected Problems In Environmental Law-Seminar,"(2, 3)",Law,,
LAW 989,Environmental Law And Practice,"(3, 3)",Law,,
LAW 990,Directed Research,"(1, 12)",Law,,
LAW 991,Directed Reading,"(1, 3)",Law,,
LEGAL ST/​SOC  131,Criminal Justice In America,"(3, 4)",Legal Studies,,
LEGAL ST/​RP & SE  135,Disability And The Criminal Justice System,"(3, 3)",Legal Studies,,
LEGAL ST/​ENGL  160,Truth And Crime,"(3, 3)",Legal Studies,,
LEGAL ST/​JEWISH/​RELIG ST  203,"Jewish Law, Business, And Ethics","(3, 3)",Legal Studies,,
LEGAL ST/​POLI SCI  217,"Law, Politics And Society","(3, 4)",Legal Studies,,
LEGAL ST/​HISTORY  235,Prisons: From Antiquity To Supermax,"(3, 4)",Legal Studies,,
LEGAL ST/​CURRIC/​ED POL  250,Incarceration And Education,"(3, 3)",Legal Studies,,
LEGAL ST/​HISTORY  261,American Legal History To 1860,"(3, 4)",Legal Studies,,
LEGAL ST/​HISTORY  262,"American Legal History, 1860 To The Present","(3, 4)",Legal Studies,,
LEGAL ST 325,Wrongful Convictions,"(3, 3)",Legal Studies,,
LEGAL ST 400,Topics In Legal Studies And The Social Sciences,"(3, 4)",Legal Studies,,
LEGAL ST/​GEN&WS/​SOC  406,"Law, Sexuality, & Society","(3, 4)",Legal Studies,,
LEGAL ST 407,Jurisprudence And Social Issues,"(3, 3)",Legal Studies,,
LEGAL ST 409,Human Rights In Law And Society,"(3, 3)",Legal Studies,,
LEGAL ST/​GEN&WS  422,Women And The Law,"(3, 3)",Legal Studies,,
LEGAL ST/​GEN&WS/​SOC  425,"Crime, Gender And Justice","(3, 3)",Legal Studies,,
LEGAL ST/​HISTORY  426,The History Of Punishment,"(3, 4)",Legal Studies,,
LEGAL ST/​ENVIR ST/​HISTORY  430,Law And Environment: Historical And Contemporary Perspectives,"(3, 3)",Legal Studies,,
LEGAL ST/​AFROAMER  435,"Civil Rights: Policing, Prisons, Voting, Housing, Employment","(3, 4)",Legal Studies,,
LEGAL ST/​CHICLA/​SOC  440,"Ethnicity, Race, And Justice","(3, 4)",Legal Studies,,
LEGAL ST/​ELPA  442,"Civil Rights Laws, The Courts, And Public Education","(3, 3)",Legal Studies,,
LEGAL ST/​CHICLA/​SOC  443,"Immigration, Crime, And Enforcement","(3, 4)",Legal Studies,,
LEGAL ST 444,Law In Action,"(3, 3)",Legal Studies,,
LEGAL ST/​POLI SCI  445,"Legal Writing, From Counselor To Advocate","(3, 3)",Legal Studies,,
LEGAL ST 450,Topics In Legal Studies And The Humanities,"(3, 4)",Legal Studies,,
LEGAL ST/​HISTORY  459,Rule Of Law: Philosophical And Historical Models,"(3, 4)",Legal Studies,,
LEGAL ST/​L I S  460,"Surveillance, Privacy, And Police Powers","(3, 3)",Legal Studies,,
LEGAL ST 473,Health Impacts Of Unmet Social Needs,"(3, 3)",Legal Studies,,
LEGAL ST/​HISTORY  476,Medieval Law And Society,"(3, 3)",Legal Studies,,
LEGAL ST/​HISTORY  477,History Of Forensic Science,"(3, 3)",Legal Studies,,
LEGAL ST/​HISTORY  510,Legal Pluralism,"(3, 3)",Legal Studies,,
LEGAL ST/​ED POL/​ELPA  542,Law And Public Education,"(3, 3)",Legal Studies,,
LEGAL ST 600,Special Topics In Legal Studies,"(1, 3)",Legal Studies,,
LEGAL ST/​LAW/​SOC  641,Sociology Of Law,"(3, 4)",Legal Studies,,
LEGAL ST/​L I S  645,Intellectual Freedom,"(3, 3)",Legal Studies,,
LEGAL ST/​L I S  663,Introduction To Cyberlaw,"(3, 3)",Legal Studies,,
LEGAL ST 681,Senior Honors Thesis,"(3, 4)",Legal Studies,,
LEGAL ST 682,Senior Honors Thesis,"(3, 4)",Legal Studies,,
LEGAL ST 691,Senior Thesis,"(3, 3)",Legal Studies,,
LEGAL ST 692,Senior Thesis,"(3, 3)",Legal Studies,,
LEGAL ST/​SOC  694,Criminal Justice Field Observation,"(2, 3)",Legal Studies,,
LEGAL ST 699,Directed Study,"(1, 4)",Legal Studies,,
L I S/​COMP SCI  102,Introduction To Computing,"(3, 3)",Library And Information Studies,,
L I S 201,The Information Society,"(4, 4)",Library And Information Studies,,
L I S 202,Informational Divides And Differences In A Multicultural Society,"(3, 3)",Library And Information Studies,,
L I S 220,Digital Footprints: Privacy And Technology,"(3, 3)",Library And Information Studies,,
L I S 301,Information Literacies In Online Spaces,"(3, 3)",Library And Information Studies,,
L I S 340,Topics In Information Studies - Social Aspects,"(3, 3)",Library And Information Studies,,
L I S 341,Topics In Information Studies - Technological Aspects,"(1, 3)",Library And Information Studies,,
L I S 350,History And Future Of Books,"(3, 3)",Library And Information Studies,,
L I S 351,Introduction To Digital Information,"(3, 3)",Library And Information Studies,,
L I S 399,Independent Reading And Research,"(1, 4)",Library And Information Studies,,
L I S 407,Data Storytelling With Visualization,"(3, 3)",Library And Information Studies,,
L I S 440,Navigating The Data Revolution: Concepts Of Data & Information Science,"(3, 3)",Library And Information Studies,,
L I S/​AFRICAN/​COM ARTS  444,Technology And Development In Africa And Beyond,"(3, 3)",Library And Information Studies,,
L I S/​LEGAL ST  460,"Surveillance, Privacy, And Police Powers","(3, 3)",Library And Information Studies,,
L I S 461,Data And Algorithms: Ethics And Policy,"(3, 4)",Library And Information Studies,,
L I S 464,Applied Database Design,"(3, 3)",Library And Information Studies,,
L I S 470,Interaction Design Studio,"(3, 3)",Library And Information Studies,,
L I S/​COMP SCI  472,Introduction To Web Development,"(3, 3)",Library And Information Studies,,
L I S/​FOLKLORE  490,Field Methods And The Public Presentation Of Folklore,"(3, 3)",Library And Information Studies,,
L I S 500,Code And Power,"(3, 3)",Library And Information Studies,,
L I S 501,Introduction To Text Mining,"(3, 3)",Library And Information Studies,,
L I S 510,Human Factors In Information Security,"(3, 3)",Library And Information Studies,,
L I S/​NURSING  517,Digital Health: Information And Technologies Supporting Consumers And Patients,"(3, 3)",Library And Information Studies,,
L I S/​HISTORY  569,History Of American Librarianship,"(3, 3)",Library And Information Studies,,
L I S 601,Information: Perspectives And Contexts,"(3, 3)",Library And Information Studies,,
L I S 602,Information: Organization And Search,"(3, 3)",Library And Information Studies,,
L I S 603,Research And Assessment For Information Professionals,"(3, 3)",Library And Information Studies,,
L I S/​COMP SCI  611,User Experience Design 1,"(3, 3)",Library And Information Studies,,
L I S/​COMP SCI  612,User Experience Design 2,"(3, 3)",Library And Information Studies,,
L I S/​COMP SCI  613,User Experience Design 3,"(3, 3)",Library And Information Studies,,
L I S/​COMP SCI  614,User Experience Design Capstone,"(1, 1)",Library And Information Studies,,
L I S 615,Systems Analysis And Project Management For Information Professionals,"(3, 3)",Library And Information Studies,,
L I S 616,Records Management,"(1, 3)",Library And Information Studies,,
L I S/​MUSIC  619,Music Research Methods And Materials,"(3, 3)",Library And Information Studies,,
L I S/​CURRIC  620,Field Project In Library And Information Agencies,"(3, 3)",Library And Information Studies,,
L I S 622,Childrens Literature,"(3, 3)",Library And Information Studies,,
L I S 629,Multicultural Literature And Resources For Children And Youth,"(3, 3)",Library And Information Studies,,
L I S 631,Literature And Resources For Youth,"(3, 3)",Library And Information Studies,,
L I S 632,Metadata Standards And Xml,"(3, 3)",Library And Information Studies,,
L I S 635,Reference And Information Service,"(3, 3)",Library And Information Studies,,
L I S 639,Pedagogical Theory And Practice For Information Professionals,"(3, 3)",Library And Information Studies,,
L I S 640,Topics In Library And Information Studies,"(1, 3)",Library And Information Studies,,
L I S 642,Reading Interests Of Adults,"(3, 3)",Library And Information Studies,,
L I S 644,"Digital Tools, Trends And Debates","(3, 3)",Library And Information Studies,,
L I S/​LEGAL ST  645,Intellectual Freedom,"(3, 3)",Library And Information Studies,,
L I S 646,Introduction To Info Architecture And Interaction Design For The Web,"(3, 3)",Library And Information Studies,,
L I S/​ART HIST/​HISTORY/​JOURN  650,History Of Books And Print Culture In Europe And North America,"(3, 3)",Library And Information Studies,,
L I S 651,Cataloging And Classification,"(3, 3)",Library And Information Studies,,
L I S 652,Xml And Linked Data,"(3, 3)",Library And Information Studies,,
L I S 654,Information Services Management,"(3, 3)",Library And Information Studies,,
L I S 655,Collection Management,"(3, 3)",Library And Information Studies,,
L I S 658,"Publishing, Knowledge Institutions And Society: E-Revolutions?","(3, 3)",Library And Information Studies,,
L I S 661,Information Ethics And Policy,"(3, 3)",Library And Information Studies,,
L I S/​LEGAL ST  663,Introduction To Cyberlaw,"(3, 3)",Library And Information Studies,,
L I S 665,Topics In Race And Ethnicity In The Information Society,"(3, 3)",Library And Information Studies,,
L I S 668,Digital Curation And Collections,"(3, 3)",Library And Information Studies,,
L I S/​JOURN  677,Concepts And Tools For Data Analysis And Visualization,"(3, 3)",Library And Information Studies,,
L I S 678,Preservation And Conservation Of Library And Archives Materials,"(3, 3)",Library And Information Studies,,
L I S/​COM ARTS  705,Introductory Analytics For Decision Making,"(3, 3)",Library And Information Studies,,
L I S 706,Data Mining Planning And Management,"(3, 3)",Library And Information Studies,,
L I S 707,Data Visualization And Communication For Decision Making,"(3, 3)",Library And Information Studies,,
L I S 711,Data Management For Information Professionals,"(3, 3)",Library And Information Studies,,
L I S 712,The Public Library,"(3, 3)",Library And Information Studies,,
L I S 722,College And University Libraries,"(3, 3)",Library And Information Studies,,
L I S 732,Strategic Information Services,"(3, 3)",Library And Information Studies,,
L I S/​HISTORY  734,Introduction To Archives And Records Management,"(3, 3)",Library And Information Studies,,
L I S 751,Database Design For Information Professionals,"(3, 3)",Library And Information Studies,,
L I S 755,Electronic Resource Management & Licensing,"(3, 3)",Library And Information Studies,,
L I S 768,Digital Humanities Analytics,"(3, 3)",Library And Information Studies,,
L I S 772,Library Services To Children And Young Adults,"(3, 3)",Library And Information Studies,,
L I S/​CURRIC/​ED PSYCH  803,Computational Research Methods,"(3, 3)",Library And Information Studies,,
L I S 818,Archives Accessioning And Appraisal,"(3, 3)",Library And Information Studies,,
L I S 820,Topics In Community Engagement,"(1, 3)",Library And Information Studies,,
L I S 822,Information Use And Users,"(3, 3)",Library And Information Studies,,
L I S 826,Field Project In Library And Information Literacy Instruction,"(3, 3)",Library And Information Studies,,
L I S 839,Special Collections,"(1, 3)",Library And Information Studies,,
L I S 855,Topics In Information Agency Management,"(1, 3)",Library And Information Studies,,
L I S 875,Topics In Information Processing And Retrieval,"(1, 3)",Library And Information Studies,,
L I S 879,Digital Libraries,"(3, 3)",Library And Information Studies,,
L I S 910,Smr-Research Design & Methodology For Library & Information Studies,"(3, 3)",Library And Information Studies,,
L I S 925,Professional Writing And Reading (Pwr) Seminar,"(1, 1)",Library And Information Studies,,
L I S 931,"Seminar In Information Policy, Management And Institutions","(3, 3)",Library And Information Studies,,
L I S 940,Seminar In Information Use And Users In Context,"(3, 3)",Library And Information Studies,,
L I S 950,"Seminar In Lis Foundations: Histories, Philosophies And Debates","(3, 3)",Library And Information Studies,,
L I S 975,Seminar In Information Organization And Access,"(3, 3)",Library And Information Studies,,
L I S 990,Research And Thesis,"(1, 9)",Library And Information Studies,,
L I S 999,Independent Reading And Research,"(1, 4)",Library And Information Studies,,
LSC 100,Science And Storytelling,"(3, 3)",Life Sciences Communication,,
LSC 155,First-Year Seminar In Science Communication,"(1, 1)",Life Sciences Communication,,
LSC 212,Introduction To Scientific Communication,"(3, 3)",Life Sciences Communication,,
LSC 250,Research Methods In The Communication Industry,"(3, 3)",Life Sciences Communication,,
LSC 251,"Science, Media And Society","(3, 3)",Life Sciences Communication,,
LSC 270,Marketing Communication For The Sciences,"(3, 3)",Life Sciences Communication,,
LSC 289,Honors Independent Study,"(1, 2)",Life Sciences Communication,,
LSC 299,Independent Study,"(1, 3)",Life Sciences Communication,,
LSC 314,Introduction To Digital Video Production,"(3, 3)",Life Sciences Communication,,
LSC 332,Digital And Print Media Design,"(3, 3)",Life Sciences Communication,,
LSC 340,"Misinformation, Fake News, And Correcting False Beliefs About Science","(3, 3)",Life Sciences Communication,,
LSC 350,Visualizing Science And Technology,"(3, 3)",Life Sciences Communication,,
LSC 360,Science Podcasting & Radio,"(3, 3)",Life Sciences Communication,,
LSC 375,Special Topics,"(1, 4)",Life Sciences Communication,,
LSC 399,Coordinative Internship/Cooperative Education,"(1, 8)",Life Sciences Communication,,
LSC 400,Study Abroad In Life Sciences Communication,"(1, 6)",Life Sciences Communication,,
LSC 430,Communicating Science With Narrative,"(3, 3)",Life Sciences Communication,,
LSC 432,Social Media For The Life Sciences,"(3, 3)",Life Sciences Communication,,
LSC 435,Brand Strategy For The Sciences,"(3, 3)",Life Sciences Communication,,
LSC 440,Digital Media And Science Communication,"(3, 3)",Life Sciences Communication,,
LSC 450,Documentary Photography For The Sciences,"(3, 3)",Life Sciences Communication,,
LSC 460,Social Media Analytics,"(3, 3)",Life Sciences Communication,,
LSC 477,Nama Project: Agri-Marketing Strategy And Implementation,"(2, 2)",Life Sciences Communication,,
LSC 480,Culturally Responsive Science Communication,"(3, 3)",Life Sciences Communication,,
LSC 515,"Social Marketing Campaigns In Science, Health And The Environment","(3, 3)",Life Sciences Communication,,
LSC 532,Web Design For The Sciences,"(3, 3)",Life Sciences Communication,,
LSC 560,Scientific Writing,"(3, 3)",Life Sciences Communication,,
LSC 561,Writing Science For The Public,"(3, 3)",Life Sciences Communication,,
LSC 614,Advanced Video Production,"(3, 3)",Life Sciences Communication,,
LSC/​COM ARTS/​JOURN  617,Health Communication In The Information Age,"(3, 3)",Life Sciences Communication,,
LSC 625,Risk Communication,"(3, 3)",Life Sciences Communication,,
LSC 640,Case Studies In The Communication Of Science And Technology,"(3, 3)",Life Sciences Communication,,
LSC 660,Data Analysis In Communications Research,"(3, 3)",Life Sciences Communication,,
LSC 681,Senior Honors Thesis,"(2, 4)",Life Sciences Communication,,
LSC 682,Senior Honors Thesis,"(2, 4)",Life Sciences Communication,,
LSC 691,Senior Thesis,"(1, 3)",Life Sciences Communication,,
LSC 692,Senior Thesis,"(1, 3)",Life Sciences Communication,,
LSC 699,Special Problems,"(1, 4)",Life Sciences Communication,,
LSC 700,Colloquium In Life Sciences Communication,"(1, 1)",Life Sciences Communication,,
LSC 720,Introduction To Communication Theory And Research,"(3, 3)",Life Sciences Communication,,
LSC/​JOURN  811,Conceptualization And Design Of Mass Communication Research,"(2, 3)",Life Sciences Communication,,
LSC/​ENVIR ST/​JOURN  823,Science And Environment Communication,"(3, 3)",Life Sciences Communication,,
LSC/​JOURN  825,Law And Ethics Of Communication And Media,"(3, 3)",Life Sciences Communication,,
LSC/​JOURN  826,Journalism Theory,"(3, 3)",Life Sciences Communication,,
LSC/​COM ARTS/​JOURN  831,Psychology Of Entertainment Media,"(3, 3)",Life Sciences Communication,,
LSC/​JOURN  833,Technology And Society,"(3, 3)",Life Sciences Communication,,
LSC 835,Strategic Science Communication,"(3, 3)",Life Sciences Communication,,
LSC 850,Visual Science Communication,"(3, 3)",Life Sciences Communication,,
LSC 875,Special Topics,"(1, 4)",Life Sciences Communication,,
LSC 902,Public Opinion Of Life Science Issues,"(3, 3)",Life Sciences Communication,,
LSC 912,Public Understanding Of Politicized Science,"(3, 3)",Life Sciences Communication,,
LSC 990,Research,"(1, 12)",Life Sciences Communication,,
LSC 999,Independent Research,"(1, 3)",Life Sciences Communication,,
LINGUIS 101,Human Language,"(3, 3)",Linguistics,,
LINGUIS/​ANTHRO/​FOLKLORE/​INTL ST  211,Global Language Issues,"(3, 3)",Linguistics,,
LINGUIS 213,Topics In Sociolinguistics,"(3, 3)",Linguistics,,
LINGUIS 237,Language In Wisconsin,"(3, 3)",Linguistics,,
LINGUIS 299,Directed Study,"(1, 4)",Linguistics,,
LINGUIS/​ANTHRO  301,Introduction To Linguistics: Descriptive And Theoretical,"(3, 3)",Linguistics,,
LINGUIS 303,Historical Linguistics,"(3, 3)",Linguistics,,
LINGUIS 309,Grammatical Variability Of Language,"(3, 3)",Linguistics,,
LINGUIS 310,Phonology,"(3, 3)",Linguistics,,
LINGUIS 322,Morphology,"(3, 3)",Linguistics,,
LINGUIS 330,Syntax,"(3, 3)",Linguistics,,
LINGUIS 340,Semantics,"(3, 3)",Linguistics,,
LINGUIS 351,American Sign Language 1,"(4, 4)",Linguistics,,
LINGUIS 352,American Sign Language 2,"(4, 4)",Linguistics,,
LINGUIS/​AMER IND  371,Survey Of North American Indian Languages,"(3, 3)",Linguistics,,
LINGUIS 373,Topics In Linguistics,"(3, 3)",Linguistics,,
LINGUIS 375,Sign Language Linguistics,"(3, 3)",Linguistics,,
LINGUIS 426,Field Methods I,"(3, 3)",Linguistics,,
LINGUIS 427,Field Methods Ii,"(3, 3)",Linguistics,,
LINGUIS/​ANTHRO  430,Language And Culture,"(3, 4)",Linguistics,,
LINGUIS 481,Junior Honors Tutorial,"(1, 1)",Linguistics,,
LINGUIS 482,Junior Honors Tutorial,"(1, 1)",Linguistics,,
LINGUIS 510,Phonological Theories,"(3, 3)",Linguistics,,
LINGUIS 522,Advanced Morphology,"(3, 3)",Linguistics,,
LINGUIS 530,Syntactic Theories,"(3, 3)",Linguistics,,
LINGUIS 571,Structure Of A Language,"(3, 3)",Linguistics,,
LINGUIS 583,Senior Honors Tutorial,"(1, 1)",Linguistics,,
LINGUIS 681,Honors Seminar-Senior Thesis,"(3, 3)",Linguistics,,
LINGUIS 682,Honors Seminar-Senior Thesis,"(3, 3)",Linguistics,,
LINGUIS 690,Capstone In Linguistics,"(3, 3)",Linguistics,,
LINGUIS 699,Independent Reading,"(1, 6)",Linguistics,,
LINGUIS 800,Research Methods And Materials,"(3, 3)",Linguistics,,
LINGUIS 977,Seminar,"(2, 3)",Linguistics,,
LINGUIS 990,Thesis,"(1, 12)",Linguistics,,
LINGUIS 999,Independent Reading,"(1, 12)",Linguistics,,
LITTRANS 200,Food Cultures In Italian Literature,"(3, 3)",Literature In Translation,,
LITTRANS 201,Survey Of 19Th And 20Th Century Russian Literature In Translation I,"(3, 3)",Literature In Translation,,
LITTRANS 202,Survey Of 19Th And 20Th Century Russian Literature In Translation Ii,"(3, 3)",Literature In Translation,,
LITTRANS 203,Survey Of 19Th And 20Th Century Russian Literature In Translation I,"(4, 4)",Literature In Translation,,
LITTRANS 204,Survey Of 19Th And 20Th Century Russian Literature In Translation Ii,"(4, 4)",Literature In Translation,,
LITTRANS/​GEN&WS  205,Women In Russian Literature In Translation,"(3, 4)",Literature In Translation,,
LITTRANS 207,Slavic Science Fiction Through Literature And Film,"(3, 3)",Literature In Translation,,
LITTRANS 208,The Writings Of Vaclav Havel: Crtitique Of Modern Society,"(3, 3)",Literature In Translation,,
LITTRANS 209,Masterpieces Of French Literature And Culture,"(3, 4)",Literature In Translation,,
LITTRANS/​ASIAN  212,Classical South Asian Literatures,"(3, 3)",Literature In Translation,,
LITTRANS 213,Love And Sex In Italian Comedy,"(3, 4)",Literature In Translation,,
LITTRANS/​SLAVIC  215,Love And Death: Introduction To Polish Literature & Culture,"(3, 3)",Literature In Translation,,
LITTRANS 218,Polish Literature In Translation: Late 19Th And 20Th Centuries,"(3, 3)",Literature In Translation,,
LITTRANS 220,Chekhov: The Drama Of Modern Life,"(3, 3)",Literature In Translation,,
LITTRANS 221,Russia'S Greatest Enigma: Nikolai Gogol,"(3, 3)",Literature In Translation,,
LITTRANS 222,Dostoevsky In Translation,"(3, 4)",Literature In Translation,,
LITTRANS/​ENGL  223,Vladimir Nabokov: Russian And American Writings,"(3, 3)",Literature In Translation,,
LITTRANS 224,Tolstoy In Translation,"(3, 4)",Literature In Translation,,
LITTRANS 226,Introduction To Luso-Afro-Brazilian Literature,"(3, 3)",Literature In Translation,,
LITTRANS/​CLASSICS/​JEWISH/​RELIG ST  227,Introduction To Biblical Literature (In English),"(4, 4)",Literature In Translation,,
LITTRANS 229,Representation Of The Jew In Eastern European Cultures,"(3, 3)",Literature In Translation,,
LITTRANS 231,Manga,"(3, 3)",Literature In Translation,,
LITTRANS 232,Anime,"(3, 3)",Literature In Translation,,
LITTRANS 233,Russian Life And Culture Through Literature And Art (To 1917),"(3, 4)",Literature In Translation,,
LITTRANS 234,Soviet Life And Culture Through Literature And Art (From 1917),"(3, 4)",Literature In Translation,,
LITTRANS 236,Bascom Course-In Translation,"(3, 3)",Literature In Translation,,
LITTRANS/​SLAVIC  238,Literature And Revolution,"(3, 3)",Literature In Translation,,
LITTRANS 241,Literatures And Cultures Of Eastern Europe,"(3, 3)",Literature In Translation,,
LITTRANS 245,Topics In Spanish American Literature In Translation,"(3, 3)",Literature In Translation,,
LITTRANS 247,Topics In Slavic Literatures In Translation,"(3, 3)",Literature In Translation,,
LITTRANS 248,National Identity In The Global World: The Italian Case,"(3, 3)",Literature In Translation,,
LITTRANS 249,Literature In Translation: Nineteenth-Century French Masterpieces,"(3, 3)",Literature In Translation,,
LITTRANS 252,Spanish Literary Masterpieces In Translation,"(3, 3)",Literature In Translation,,
LITTRANS/​MEDIEVAL/​RELIG ST  253,Of Demons And Angels. Dante'S Divine Comedy,"(3, 3)",Literature In Translation,,
LITTRANS 254,"In Translation: Lit Of Modern Italy-Existentialism, Fascism, Resistance","(3, 3)",Literature In Translation,,
LITTRANS/​MEDIEVAL  255,Black Death And Medieval Life Through Boccaccio'S Decameron,"(3, 3)",Literature In Translation,,
LITTRANS/​SLAVIC  259,Adventure In Literature And Film,"(3, 3)",Literature In Translation,,
LITTRANS 260,Italy And The Invention Of America: From Columbus To World War Ii,"(3, 3)",Literature In Translation,,
LITTRANS 261,Survey Of Chinese Literature In Translation,"(3, 3)",Literature In Translation,,
LITTRANS 263,Survey Of Japanese Literature In Translation,"(3, 3)",Literature In Translation,,
LITTRANS 264,Survey Of Japanese Literature In Translation,"(3, 3)",Literature In Translation,,
LITTRANS/​SLAVIC  266,Elementary Special Topics In Russian Literature & Culture,"(1, 3)",Literature In Translation,,
LITTRANS 268,French Women Writers From The Middle Ages To The Nineteenth Century,"(3, 3)",Literature In Translation,,
LITTRANS/​GERMAN/​JEWISH  269,Yiddish Literature And Culture In Europe,"(3, 3)",Literature In Translation,,
LITTRANS/​GEN&WS  270,German Women Writers In Translation,"(3, 3)",Literature In Translation,,
LITTRANS 271,"In Translation:Masterpieces Of Scandinavian Literature, Middle Ages-1900","(3, 4)",Literature In Translation,,
LITTRANS 272,French Pop Culture,"(3, 3)",Literature In Translation,,
LITTRANS 274,In Translation: Masterpieces Of Scandinavian Literature-The 20Th Century,"(3, 4)",Literature In Translation,,
LITTRANS 275,In Translation: The Tales Of Hans Christian Andersen,"(3, 4)",Literature In Translation,,
LITTRANS/​GERMAN  276,Special Topics In German And World Literature/S,"(3, 3)",Literature In Translation,,
LITTRANS 277,Topics In Twentieth-Century German Literature (In Translation),"(3, 3)",Literature In Translation,,
LITTRANS/​GERMAN/​JEWISH  279,Yiddish Literature And Culture In America,"(3, 3)",Literature In Translation,,
LITTRANS/​GERMAN  280,From Grimm To Gryffindor: German Fairytales (Re)Imagined,"(3, 3)",Literature In Translation,,
LITTRANS 302,What Is Life? Biological Life In Literature And Culture,"(3, 4)",Literature In Translation,,
LITTRANS 303,Topics In French Literature And Culture,"(3, 4)",Literature In Translation,,
LITTRANS/​JEWISH  318,Modern Jewish Literature,"(3, 4)",Literature In Translation,,
LITTRANS/​SCAND ST  320,The Nordic Child,"(3, 3)",Literature In Translation,,
LITTRANS 324,Topics In Scandinavian Literature,"(3, 4)",Literature In Translation,,
LITTRANS 326,Topics In Dutch Literature In Translation,"(3, 3)",Literature In Translation,,
LITTRANS/​FOLKLORE  327,Vampires,"(3, 3)",Literature In Translation,,
LITTRANS/​JEWISH/​RELIG ST  328,Classical Rabbinic Literature In Translation,"(3, 4)",Literature In Translation,,
LITTRANS 331,In Translation: Scandinavian Topics In Depth,"(1, 2)",Literature In Translation,,
LITTRANS/​CLASSICS/​HEBR-BIB/​JEWISH/​RELIG ST  332,Prophets Of The Bible,"(4, 4)",Literature In Translation,,
LITTRANS 334,In Translation: The Art Of Isak Dinesen/Karen Blixen,"(3, 4)",Literature In Translation,,
LITTRANS/​THEATRE  335,In Translation: The Drama Of Henrik Ibsen,"(3, 4)",Literature In Translation,,
LITTRANS/​THEATRE  336,In Translation: The Drama Of August Strindberg,"(3, 4)",Literature In Translation,,
LITTRANS 337,In Translation: 19Th Century Scandinavian Fiction,"(3, 4)",Literature In Translation,,
LITTRANS 340,Contemporary Scandinavian Literature In Translation,"(3, 4)",Literature In Translation,,
LITTRANS/​FOLKLORE/​MEDIEVAL/​SCAND ST  345,The Nordic Storyteller,"(3, 3)",Literature In Translation,,
LITTRANS/​FOLKLORE  347,In Translation: Kalevala And Finnish Folk-Lore,"(3, 4)",Literature In Translation,,
LITTRANS 350,Scandinavian Decadence In Its European Context,"(3, 4)",Literature In Translation,,
LITTRANS/​SLAVIC  357,Intermediate Special Topics In Slavic Languages And Literatures,"(3, 3)",Literature In Translation,,
LITTRANS 360,French And Italian Renaissance Literature Online,"(3, 4)",Literature In Translation,,
LITTRANS/​SLAVIC  361,Living At The End Of Times: Contemporary Polish Literature And Culture,"(3, 3)",Literature In Translation,,
LITTRANS/​ILS/​ITALIAN/​POLI SCI  365,Machiavelli And His World,"(3, 3)",Literature In Translation,,
LITTRANS/​SLAVIC  366,Intermediate Special Topics In Russian Literature & Culture,"(3, 3)",Literature In Translation,,
LITTRANS/​JEWISH  367,Israeli Fiction In Translation,"(3, 4)",Literature In Translation,,
LITTRANS 373,Topics In Japanese Literature,"(3, 3)",Literature In Translation,,
LITTRANS 410,In Translation: Special Topics In Italian Literature,"(3, 3)",Literature In Translation,,
LITTRANS/​THEATRE  423,In Translation: Slavic Drama In Context,"(3, 3)",Literature In Translation,,
LITTRANS/​SCAND ST  428,Memory And Literature From Proust To Knausgard,"(3, 3)",Literature In Translation,,
LITTRANS/​SCAND ST  435,The Sagas Of Icelanders In English Translation,"(3, 3)",Literature In Translation,,
LITTRANS/​GEN&WS/​SCAND ST  438,Sexual Politics In Scandinavia,"(3, 3)",Literature In Translation,,
LITTRANS 454,History Of Serbian And Croatian Literature,"(3, 3)",Literature In Translation,,
LITTRANS/​SLAVIC  467,Advanced Special Topics In Slavic Languages And Literatures,"(3, 3)",Literature In Translation,,
LITTRANS 471,"Polish Literature (In Translation), Middle Ages To 1863","(3, 3)",Literature In Translation,,
LITTRANS 473,Polish Literature (In Translation) Since 1863,"(3, 3)",Literature In Translation,,
M H R 300,Managing Organizations,"(3, 3)",Management And Human Resources,,
M H R 305,Human Resource Management,"(3, 3)",Management And Human Resources,,
M H R 310,Challenges & Solutions In Business Sustainability,"(3, 3)",Management And Human Resources,,
M H R 320,"New Ventures In Business, The Arts And Social Entrepreneurship","(3, 3)",Management And Human Resources,,
M H R 321,Social Entrepreneurship,"(1, 1)",Management And Human Resources,,
M H R 322,Introduction To Entrepreneurship,"(3, 3)",Management And Human Resources,,
M H R 365,Contemporary Topics,"(1, 3)",Management And Human Resources,,
M H R 399,Reading And Research-Management,"(1, 6)",Management And Human Resources,,
M H R 401,Leading Teams,"(3, 3)",Management And Human Resources,,
M H R/​INTL BUS  403,Global Issues In Management,"(3, 3)",Management And Human Resources,,
M H R 412,Management Consulting,"(3, 3)",Management And Human Resources,,
M H R 415,Strategic Management Of Innovation And Corporate Entrepreneurship,"(3, 3)",Management And Human Resources,,
M H R 420,Leading Change In Organizations,"(3, 3)",Management And Human Resources,,
M H R 422,Advanced Entrepreneurship,"(3, 3)",Management And Human Resources,,
M H R 423,Strategic Management,"(3, 3)",Management And Human Resources,,
M H R 427,Entrepreneurial Growth Strategies,"(3, 3)",Management And Human Resources,,
M H R 434,Venture Creation,"(3, 3)",Management And Human Resources,,
M H R 441,Technology Entrepreneurship,"(3, 3)",Management And Human Resources,,
M H R/​A A E  540,"Intellectual Property Rights, Innovation And Technology","(3, 3)",Management And Human Resources,,
M H R 604,Leadership Theory And Practice,"(2, 3)",Management And Human Resources,,
M H R 610,Compensation: Theory And Administration,"(3, 3)",Management And Human Resources,,
M H R 611,Strategic Talent Management,"(2, 3)",Management And Human Resources,,
M H R 612,Labor-Management Relations,"(3, 3)",Management And Human Resources,,
M H R 614,People Analytics,"(2, 3)",Management And Human Resources,,
M H R 617,Diversity In Organizations,"(2, 3)",Management And Human Resources,,
M H R 628,Negotiations,"(2, 3)",Management And Human Resources,,
M H R/​INTEGART  632,Introduction To Arts Entrepreneurship,"(3, 3)",Management And Human Resources,,
M H R/​INTEGART  636,Entrepreneurship In Arts & Cultural Organizations,"(3, 3)",Management And Human Resources,,
M H R 640,Creative Destruction Lab I,"(1, 1)",Management And Human Resources,,
M H R 641,Creative Destruction Lab Ii,"(2, 2)",Management And Human Resources,,
M H R 700,Leading People And Organizations,"(1, 3)",Management And Human Resources,,
M H R 704,Managing Behavior In Organizations,"(2, 3)",Management And Human Resources,,
M H R 705,Human Resource Management,"(3, 3)",Management And Human Resources,,
M H R 706,Leading And Working In Teams,"(1, 1)",Management And Human Resources,,
M H R 710,Challenges & Solutions In Business Sustainability,"(2, 3)",Management And Human Resources,,
M H R 715,Strategic Management Of Innovation,"(2, 3)",Management And Human Resources,,
M H R 716,Accelerating Innovation,"(2, 3)",Management And Human Resources,,
M H R 720,Leading Change In Organizations,"(2, 3)",Management And Human Resources,,
M H R 722,Entrepreneurial Management,"(2, 3)",Management And Human Resources,,
M H R 723,Business Strategy,"(2, 3)",Management And Human Resources,,
M H R 724,Growth Strategies: Multi Business And Global Arenas,"(2, 3)",Management And Human Resources,,
M H R 728,"Bargaining, Negotiating And Dispute Settlement For Managers","(3, 3)",Management And Human Resources,,
M H R/​I SY E  729,Behavioral Analysis Of Management Decision Making,"(3, 3)",Management And Human Resources,,
M H R 734,Venture Creation,"(3, 3)",Management And Human Resources,,
M H R 738,Weinert Applied Ventures In Entrepreneurship (Wave),"(3, 3)",Management And Human Resources,,
M H R 739,Wisconsin Enterprise Development Fellowship Seminar,"(1, 1)",Management And Human Resources,,
M H R 741,Technology Entrepreneurship,"(3, 3)",Management And Human Resources,,
M H R 744,Nonprofit Governance & Board Membership,"(2, 2)",Management And Human Resources,,
M H R 747,Impact Consulting For Arts-Based Organizations And Communities,"(2, 2)",Management And Human Resources,,
M H R 750,Professional Development For Arts Leadership,"(1, 1)",Management And Human Resources,,
M H R 765,Contemporary Topics,"(1, 4)",Management And Human Resources,,
M H R 773,Seminar-Arts Administration,"(3, 3)",Management And Human Resources,,
M H R 774,Seminar-Arts Administration,"(3, 3)",Management And Human Resources,,
M H R 775,Applied Learning In Human Resource Management,"(1, 1)",Management And Human Resources,,
M H R 776,Strategic Human Resource Management Capstone,"(2, 2)",Management And Human Resources,,
M H R/​E P D/​GEN BUS  783,Leading Teams,"(1, 1)",Management And Human Resources,,
M H R/​E P D/​GEN BUS  785,Effective Negotiation Strategies,"(1, 1)",Management And Human Resources,,
M H R 799,Reading And Research-Management,"(1, 6)",Management And Human Resources,,
M H R 871,Seminar-Personnel Management,"(3, 3)",Management And Human Resources,,
M H R 872,Seminar In Organizational Behavior And Design,"(3, 3)",Management And Human Resources,,
M H R 973,Doctoral Research Seminar In Business Strategy,"(3, 3)",Management And Human Resources,,
M H R 975,Doctoral Research Seminar In Management,"(3, 3)",Management And Human Resources,,
M H R 976,Doctoral Research Seminar In Management,"(2, 2)",Management And Human Resources,,
M H R 977,Emerging Entrepreneurship Theory And Research,"(3, 3)",Management And Human Resources,,
M H R 990,Management Independent Research Phd Thesis,"(1, 12)",Management And Human Resources,,
M H R 999,Reading And Research-Management And Human Resources Phd,"(1, 6)",Management And Human Resources,,
MARKETNG 300,Marketing Management,"(3, 3)",Marketing,,
MARKETNG 305,Consumer Behavior,"(3, 3)",Marketing,,
MARKETNG 310,Marketing Research,"(3, 3)",Marketing,,
MARKETNG 335,Brand Management & Strategy,"(3, 3)",Marketing,,
MARKETNG 340,Technology Product Marketing,"(3, 3)",Marketing,,
MARKETNG 349,Global Immersion Experience In Marketing,"(1, 3)",Marketing,,
MARKETNG 350,Global Immersion In Marketing,"(2, 2)",Marketing,,
MARKETNG 355,Marketing In A Digital Age,"(3, 3)",Marketing,,
MARKETNG 365,Contemporary Topics,"(1, 3)",Marketing,,
MARKETNG 375,Social Media Marketing,"(3, 3)",Marketing,,
MARKETNG 399,Reading And Research-Marketing,"(1, 6)",Marketing,,
MARKETNG 410,Sports Marketing,"(3, 3)",Marketing,,
MARKETNG 415,Social Creative Marketing,"(3, 3)",Marketing,,
MARKETNG/​INTL BUS  420,Global Marketing Strategy,"(3, 3)",Marketing,,
MARKETNG/​OTM  421,Fundamentals Of Supply Chain Management,"(3, 3)",Marketing,,
MARKETNG/​OTM  422,Logistics Management,"(3, 3)",Marketing,,
MARKETNG/​OTM  423,Procurement And Supply Management,"(3, 3)",Marketing,,
MARKETNG 424,Sales Strategy And Management,"(3, 3)",Marketing,,
MARKETNG 425,Route To Market Strategies,"(3, 3)",Marketing,,
MARKETNG 426,Strategic Retailing,"(3, 3)",Marketing,,
MARKETNG/​OTM  427,Information Technology In Supply Chains,"(3, 3)",Marketing,,
MARKETNG/​OTM  428,Supply Chain Capital Management,"(3, 3)",Marketing,,
MARKETNG/​OTM  429,Global Experience: Supply Chain Management,"(1, 2)",Marketing,,
MARKETNG 430,Strategic Pricing,"(3, 3)",Marketing,,
MARKETNG 437,New Product Innovation,"(3, 3)",Marketing,,
MARKETNG 442,Current Topics In Marketing Analytics & Insights,"(1, 1)",Marketing,,
MARKETNG 445,Digital Marketing Analytics,"(3, 3)",Marketing,,
MARKETNG 450,Marketing Analytics,"(3, 3)",Marketing,,
MARKETNG 460,Marketing Strategy,"(3, 3)",Marketing,,
MARKETNG 700,Marketing Management,"(2, 3)",Marketing,,
MARKETNG 705,Consumer Behavior,"(2, 3)",Marketing,,
MARKETNG 710,Marketing Research,"(2, 3)",Marketing,,
MARKETNG 715,Social Creative Marketing,"(2, 3)",Marketing,,
MARKETNG/​OTM  722,Logistics Management,"(2, 3)",Marketing,,
MARKETNG/​OTM  724,Strategic Global Sourcing,"(3, 3)",Marketing,,
MARKETNG 725,Route To Market Strategies,"(2, 3)",Marketing,,
MARKETNG/​OTM  726,Supply Chain Strategy,"(3, 3)",Marketing,,
MARKETNG/​OTM  727,Information Technology In Supply Chains,"(3, 3)",Marketing,,
MARKETNG/​OTM  728,Supply Chain Capital Management,"(3, 3)",Marketing,,
MARKETNG 730,Strategic Pricing,"(2, 3)",Marketing,,
MARKETNG 735,Brand Strategy,"(2, 3)",Marketing,,
MARKETNG 737,New Product Innovation,"(2, 3)",Marketing,,
MARKETNG 740,Technology Product Marketing,"(2, 3)",Marketing,,
MARKETNG 745,Digital Marketing Analytics,"(2, 3)",Marketing,,
MARKETNG 755,Marketing In A Digital Age,"(2, 3)",Marketing,,
MARKETNG 760,Growth Marketing Strategies,"(2, 3)",Marketing,,
MARKETNG 765,Contemporary Topics,"(1, 4)",Marketing,,
MARKETNG 770,Marketing Consulting Practicum,"(2, 4)",Marketing,,
MARKETNG 775,Social Media Marketing,"(2, 3)",Marketing,,
MARKETNG 779,Bayesian Machine Learning For Marketing,"(2, 3)",Marketing,,
MARKETNG/​E P D/​GEN BUS  782,Marketing For Non-Marketing Professionals,"(1, 1)",Marketing,,
MARKETNG 799,Reading And Research-Marketing,"(1, 6)",Marketing,,
MARKETNG 805,Qualitatively-Based Marketing Insights,"(2, 3)",Marketing,,
MARKETNG 815,Marketing Analytics,"(2, 3)",Marketing,,
MARKETNG 840,Current Topics In Marketing,"(1, 1)",Marketing,,
MARKETNG 842,Current Topics In Marketing Analytics & Insights,"(1, 1)",Marketing,,
MARKETNG 971,"Seminar-Marketing Phd, Contemporary Topics In Marketing","(1, 3)",Marketing,,
MARKETNG 972,"Seminar-Marketing Phd, Research Methods In Marketing","(1, 3)",Marketing,,
MARKETNG 990,Marketing Independent Research Phd Thesis,"(1, 12)",Marketing,,
MARKETNG 999,Reading And Research-Marketing Phd,"(1, 6)",Marketing,,
M S & E 1,Cooperative Education Program,"(1, 1)",Materials Science And Engineering,,
M S & E 151,Materials Of The Modern World,"(3, 3)",Materials Science And Engineering,,
M S & E 250,Introduction To Modern Materials,"(1, 1)",Materials Science And Engineering,,
M S & E 260,Materials Experience,"(2, 2)",Materials Science And Engineering,,
M S & E 299,Independent Study,"(1, 3)",Materials Science And Engineering,,
M S & E 330,Thermodynamics Of Materials,"(4, 4)",Materials Science And Engineering,,
M S & E 331,Transport Phenomena In Materials,"(3, 3)",Materials Science And Engineering,,
M S & E 332,Macroprocessing Of Materials,"(3, 3)",Materials Science And Engineering,,
M S & E 333,Microprocessing Of Materials,"(3, 3)",Materials Science And Engineering,,
M S & E 350,Introduction To Materials Science,"(3, 3)",Materials Science And Engineering,,
M S & E 351,Materials Science-Structure And Property Relations In Solids,"(3, 3)",Materials Science And Engineering,,
M S & E 352,Materials Science-Transformation Of Solids,"(3, 3)",Materials Science And Engineering,,
M S & E 360,Structures & Phases Lab,"(2, 2)",Materials Science And Engineering,,
M S & E 361,Kinetics & Thermodynamics Lab,"(2, 2)",Materials Science And Engineering,,
M S & E 362,Synthesis & Characterization Lab,"(3, 3)",Materials Science And Engineering,,
M S & E 363,Basic Materials Characterization Techniques,"(2, 2)",Materials Science And Engineering,,
M S & E 401,Special Topics In Materials Science And Engineering,"(1, 3)",Materials Science And Engineering,,
M S & E/​CHEM  421,Polymeric Materials,"(3, 3)",Materials Science And Engineering,,
M S & E/​N E  423,Nuclear Engineering Materials,"(3, 3)",Materials Science And Engineering,,
M S & E/​N E  433,Principles Of Corrosion,"(3, 3)",Materials Science And Engineering,,
M S & E 434,Introduction To Thin-Film Deposition Processes,"(3, 3)",Materials Science And Engineering,,
M S & E 441,Deformation Of Solids,"(3, 3)",Materials Science And Engineering,,
M S & E 448,Crystallography And X-Ray Diffraction,"(3, 3)",Materials Science And Engineering,,
M S & E 451,Introduction To Ceramic Materials,"(3, 3)",Materials Science And Engineering,,
M S & E 456,"Electronic, Optical, And Magnetic Properties Of Materials","(3, 3)",Materials Science And Engineering,,
M S & E 460,Introduction To Computational Materials Science And Engineering,"(3, 3)",Materials Science And Engineering,,
M S & E 461,Advanced Metal Casting,"(3, 3)",Materials Science And Engineering,,
M S & E/​M E  462,Welding Metallurgy,"(3, 3)",Materials Science And Engineering,,
M S & E 463,Materials For Elevated Temperature Service,"(3, 3)",Materials Science And Engineering,,
M S & E 465,Fundamentals Of Heat Treatment,"(3, 3)",Materials Science And Engineering,,
M S & E 470,Capstone Project I,"(1, 1)",Materials Science And Engineering,,
M S & E 471,Capstone Project Ii,"(3, 3)",Materials Science And Engineering,,
M S & E/​CIV ENGR/​G L E/​GEOSCI  474,Rock Mechanics,"(3, 3)",Materials Science And Engineering,,
M S & E 521,Advanced Polymeric Materials,"(3, 3)",Materials Science And Engineering,,
M S & E 530,Thermodynamics Of Solids,"(3, 3)",Materials Science And Engineering,,
M S & E/​E M A  541,Heterogeneous And Multiphase Materials,"(3, 3)",Materials Science And Engineering,,
M S & E 550,Materials Fundamentals,"(3, 3)",Materials Science And Engineering,,
M S & E 551,Structure Of Materials,"(3, 3)",Materials Science And Engineering,,
M S & E 553,Nanomaterials & Nanotechnology,"(3, 3)",Materials Science And Engineering,,
M S & E 560,Fundamentals Of Atomistic Modeling,"(3, 3)",Materials Science And Engineering,,
M S & E 561,Machine Learning In Materials,"(3, 3)",Materials Science And Engineering,,
M S & E 570,Properties Of Solid Surfaces,"(3, 3)",Materials Science And Engineering,,
M S & E 648,Advanced X-Ray Scattering Methods In Materials Science And Engineering,"(3, 3)",Materials Science And Engineering,,
M S & E 660,Mesoscale Modeling Of Materials,"(3, 3)",Materials Science And Engineering,,
M S & E 699,Independent Study,"(1, 4)",Materials Science And Engineering,,
M S & E 702,Graduate Cooperative Education Program,"(1, 2)",Materials Science And Engineering,,
M S & E 748,Structural Analysis Of Materials,"(3, 3)",Materials Science And Engineering,,
M S & E 750,Imperfections And Mechanical Properties,"(3, 3)",Materials Science And Engineering,,
M S & E 752,Advanced Materials Science: Phase Transformations,"(3, 3)",Materials Science And Engineering,,
M S & E 756,Structure And Properties Of Advanced Electronic Materials,"(3, 3)",Materials Science And Engineering,,
M S & E 758,Transmission Electron Microscopy Laboratory,"(1, 1)",Materials Science And Engineering,,
M S & E 760,Molecular Modeling Of Materials,"(3, 3)",Materials Science And Engineering,,
M S & E 790,Master'S Research Or Thesis,"(1, 9)",Materials Science And Engineering,,
M S & E 803,Special Topics In Materials Science,"(1, 3)",Materials Science And Engineering,,
M S & E 890,Pre-Dissertator'S Research,"(1, 9)",Materials Science And Engineering,,
M S & E 900,Materials Research Seminar,"(1, 1)",Materials Science And Engineering,,
M S & E 990,Research And Thesis,"(1, 9)",Materials Science And Engineering,,
M S & E 999,Independent Work,"(1, 3)",Materials Science And Engineering,,
MATH 96,Preparatory Algebra,"(3, 3)",Mathematics,,
MATH 112,Algebra,"(3, 3)",Mathematics,,
MATH 113,Trigonometry,"(3, 3)",Mathematics,,
MATH 114,Algebra And Trigonometry,"(5, 5)",Mathematics,,
MATH 118,Summer Collegiate Experience Mathematics Course,"(2, 2)",Mathematics,,
MATH 141,Quantitative Reasoning And Problem Solving,"(3, 3)",Mathematics,,
MATH 171,Calculus With Algebra And Trigonometry I,"(5, 5)",Mathematics,,
MATH 198,Directed Study,"(1, 3)",Mathematics,,
MATH 207,Topics In Mathematics Study Abroad,"(1, 5)",Mathematics,,
MATH 211,Survey Of Calculus 1,"(4, 4)",Mathematics,,
MATH 213,Survey Of Calculus 2,"(3, 3)",Mathematics,,
MATH 217,Calculus With Algebra And Trigonometry Ii,"(5, 5)",Mathematics,,
MATH 221,Calculus And Analytic Geometry 1,"(5, 5)",Mathematics,,
MATH 222,Calculus And Analytic Geometry 2,"(4, 4)",Mathematics,,
MATH 228,Wes Calculus Supplement,"(2, 2)",Mathematics,,
MATH 234,Calculus--Functions Of Several Variables,"(4, 4)",Mathematics,,
MATH/​COMP SCI  240,Introduction To Discrete Mathematics,"(3, 3)",Mathematics,,
MATH 298,Directed Study In Mathematics,"(1, 3)",Mathematics,,
MATH/​STAT  309,Introduction To Probability And Mathematical Statistics I,"(3, 3)",Mathematics,,
MATH/​STAT  310,Introduction To Probability And Mathematical Statistics Ii,"(3, 3)",Mathematics,,
MATH 319,Techniques In Ordinary Differential Equations,"(3, 3)",Mathematics,,
MATH 320,Linear Algebra And Differential Equations,"(3, 3)",Mathematics,,
MATH 321,Applied Mathematical Analysis,"(3, 3)",Mathematics,,
MATH 322,Applied Mathematical Analysis,"(3, 3)",Mathematics,,
MATH 331,Introductory Probability,"(3, 3)",Mathematics,,
MATH 340,Elementary Matrix And Linear Algebra,"(3, 3)",Mathematics,,
MATH 341,Linear Algebra,"(3, 3)",Mathematics,,
MATH 345,Linear Algebra And Optimization,"(4, 4)",Mathematics,,
MATH 375,Topics In Multi-Variable Calculus And Linear Algebra,"(5, 5)",Mathematics,,
MATH 376,Topics In Multi-Variable Calculus And Differential Equations,"(5, 5)",Mathematics,,
MATH 390,Undergraduate Research With Madison Experimental Mathematics Lab,"(3, 3)",Mathematics,,
MATH 407,Topics In Mathematics Study Abroad,"(1, 5)",Mathematics,,
MATH 415,"Applied Dynamical Systems, Chaos And Modeling","(3, 3)",Mathematics,,
MATH 421,The Theory Of Single Variable Calculus,"(3, 3)",Mathematics,,
MATH/​COMP SCI/​I SY E  425,Introduction To Combinatorial Optimization,"(3, 3)",Mathematics,,
MATH/​STAT  431,Introduction To The Theory Of Probability,"(3, 3)",Mathematics,,
MATH/​COMP SCI/​E C E  435,Introduction To Cryptography,"(3, 3)",Mathematics,,
MATH 443,Applied Linear Algebra,"(3, 3)",Mathematics,,
MATH 444,Graphs And Networks In Data Science,"(3, 3)",Mathematics,,
MATH 461,College Geometry I,"(3, 3)",Mathematics,,
MATH 467,Introduction To Number Theory,"(3, 3)",Mathematics,,
MATH/​CURRIC  471,Mathematics For Secondary School Teachers,"(3, 3)",Mathematics,,
MATH/​HIST SCI  473,History Of Mathematics,"(3, 3)",Mathematics,,
MATH/​COMP SCI/​STAT  475,Introduction To Combinatorics,"(3, 3)",Mathematics,,
MATH 490,Undergraduate Seminar,"(1, 3)",Mathematics,,
MATH 491,Topics In Undergraduate Mathematics,"(3, 4)",Mathematics,,
MATH/​COMP SCI  513,Numerical Linear Algebra,"(3, 3)",Mathematics,,
MATH/​COMP SCI  514,Numerical Analysis,"(3, 3)",Mathematics,,
MATH 519,Ordinary Differential Equations,"(3, 3)",Mathematics,,
MATH 521,Analysis I,"(3, 3)",Mathematics,,
MATH 522,Analysis Ii,"(3, 3)",Mathematics,,
MATH/​COMP SCI/​I SY E/​STAT  525,Linear Optimization,"(3, 3)",Mathematics,,
MATH 531,Probability Theory,"(3, 3)",Mathematics,,
MATH 535,Mathematical Methods In Data Science,"(3, 3)",Mathematics,,
MATH 540,Linear Algebra Ii,"(3, 3)",Mathematics,,
MATH 541,Modern Algebra,"(3, 3)",Mathematics,,
MATH 542,Modern Algebra,"(3, 3)",Mathematics,,
MATH 551,Elementary Topology,"(3, 3)",Mathematics,,
MATH 552,Elementary Geometric And Algebraic Topology,"(3, 3)",Mathematics,,
MATH 561,Differential Geometry,"(3, 3)",Mathematics,,
MATH 567,Modern Number Theory,"(3, 3)",Mathematics,,
MATH 570,Fundamentals Of Set Theory,"(3, 3)",Mathematics,,
MATH/​PHILOS  571,Mathematical Logic,"(3, 3)",Mathematics,,
MATH 607,Topics In Mathematics Study Abroad,"(1, 5)",Mathematics,,
MATH/​B M I/​BIOCHEM/​BMOLCHEM  609,Mathematical Methods For Systems Biology,"(3, 3)",Mathematics,,
MATH 616,"Data-Driven Dynamical Systems, Stochastic Modeling And Prediction","(3, 3)",Mathematics,,
MATH 619,Analysis Of Partial Differential Equations,"(3, 3)",Mathematics,,
MATH 621,Introduction To Manifolds,"(3, 3)",Mathematics,,
MATH 623,Complex Analysis,"(3, 3)",Mathematics,,
MATH 627,Introduction To Fourier Analysis,"(3, 3)",Mathematics,,
MATH 629,Introduction To Measure And Integration,"(3, 3)",Mathematics,,
MATH/​I SY E/​OTM/​STAT  632,Introduction To Stochastic Processes,"(3, 3)",Mathematics,,
MATH 635,An Introduction To Brownian Motion And Stochastic Calculus,"(3, 3)",Mathematics,,
MATH/​E C E  641,Introduction To Error-Correcting Codes,"(3, 3)",Mathematics,,
MATH 681,Senior Honors Thesis,"(3, 3)",Mathematics,,
MATH 682,Senior Honors Thesis,"(3, 3)",Mathematics,,
MATH 691,Undergraduate Thesis,"(2, 4)",Mathematics,,
MATH 692,Undergraduate Thesis,"(2, 4)",Mathematics,,
MATH 698,Directed Study,"(1, 3)",Mathematics,,
MATH 699,Directed Study,"(1, 6)",Mathematics,,
MATH 703,Methods Of Applied Mathematics 1,"(3, 3)",Mathematics,,
MATH 704,Methods Of Applied Mathematics-2,"(3, 3)",Mathematics,,
MATH 705,Mathematical Fluid Dynamics,"(3, 3)",Mathematics,,
MATH/​STAT  709,Mathematical Statistics,"(4, 4)",Mathematics,,
MATH/​STAT  710,Mathematical Statistics,"(4, 4)",Mathematics,,
MATH/​COMP SCI  714,Methods Of Computational Mathematics I,"(3, 3)",Mathematics,,
MATH/​COMP SCI  715,Methods Of Computational Mathematics Ii,"(3, 3)",Mathematics,,
MATH 716,Ordinary Differential Equations,"(3, 3)",Mathematics,,
MATH 717,Stochastic Computational Methods,"(3, 3)",Mathematics,,
MATH 718,Randomized Linear Algebra And Applications,"(3, 3)",Mathematics,,
MATH 719,Partial Differential Equations,"(3, 3)",Mathematics,,
MATH 720,Partial Differential Equations,"(3, 3)",Mathematics,,
MATH 721,A First Course In Real Analysis,"(3, 3)",Mathematics,,
MATH 722,Complex Analysis,"(3, 3)",Mathematics,,
MATH 725,A Second Course In Real Analysis,"(3, 3)",Mathematics,,
MATH/​COMP SCI/​I SY E/​STAT  726,Nonlinear Optimization I,"(3, 3)",Mathematics,,
MATH/​COMP SCI/​I SY E  728,Integer Optimization,"(3, 3)",Mathematics,,
MATH/​COMP SCI/​I SY E  730,Nonlinear Optimization Ii,"(3, 3)",Mathematics,,
MATH/​STAT  733,Theory Of Probability I,"(3, 3)",Mathematics,,
MATH/​STAT  734,Theory Of Probability Ii,"(3, 3)",Mathematics,,
MATH 735,Stochastic Analysis,"(3, 3)",Mathematics,,
MATH 740,Enumerative Combinatorics/Symmetric Functions,"(3, 3)",Mathematics,,
MATH 741,Abstract Algebra,"(3, 3)",Mathematics,,
MATH 742,Abstract Algebra,"(3, 3)",Mathematics,,
MATH 746,Topics In Ring Theory,"(3, 3)",Mathematics,,
MATH 747,Lie Algebras,"(3, 3)",Mathematics,,
MATH 748,Algebraic Number Theory,"(3, 3)",Mathematics,,
MATH 749,Analytic Number Theory,"(3, 3)",Mathematics,,
MATH 750,Homological Algebra,"(3, 3)",Mathematics,,
MATH 751,Introductory Topology I,"(3, 3)",Mathematics,,
MATH 752,Introductory Topology Ii,"(3, 3)",Mathematics,,
MATH 753,Algebraic Topology I,"(3, 3)",Mathematics,,
MATH 758,Introduction To Ergodic Theory And Dynamics,"(3, 3)",Mathematics,,
MATH 761,Differentiable Manifolds,"(3, 3)",Mathematics,,
MATH 763,Introduction To Algebraic Geometry,"(3, 3)",Mathematics,,
MATH 764,Introduction To Algebraic Geometry,"(3, 3)",Mathematics,,
MATH 765,Differential Geometry,"(3, 3)",Mathematics,,
MATH 770,Foundations Of Mathematics,"(3, 3)",Mathematics,,
MATH 771,Set Theory,"(3, 3)",Mathematics,,
MATH 773,Computability Theory,"(3, 3)",Mathematics,,
MATH 776,Model Theory,"(3, 3)",Mathematics,,
MATH/​CBE/​E C E  777,"Nonlinear Dynamics, Bifurcations And Chaos","(3, 3)",Mathematics,,
MATH 790,Masters Thesis,"(1, 3)",Mathematics,,
MATH 801,Topics In Applied Mathematics,"(3, 3)",Mathematics,,
MATH/​STAT  803,Experimental Design I,"(3, 3)",Mathematics,,
MATH 807,Dynamical Systems,"(3, 3)",Mathematics,,
MATH 821,Advanced Topics In Real Analysis,"(3, 3)",Mathematics,,
MATH 823,Advanced Topics In Complex Analysis,"(3, 3)",Mathematics,,
MATH 825,Selected Topics In Functional Analysis,"(3, 3)",Mathematics,,
MATH 826,Advanced Topics In Functional Analysis And Differential Equations,"(3, 3)",Mathematics,,
MATH 827,Fourier Analysis,"(3, 3)",Mathematics,,
MATH 828,Advanced Topics In Harmonic Analysis,"(3, 3)",Mathematics,,
MATH/​STAT  833,Topics In The Theory Of Probability,"(3, 3)",Mathematics,,
MATH/​E C E  842,Topics In Applied Algebra,"(3, 3)",Mathematics,,
MATH 843,Representation Theory,"(3, 3)",Mathematics,,
MATH 844,Arithmetic Geometry,"(3, 3)",Mathematics,,
MATH 845,Class Field Theory,"(3, 3)",Mathematics,,
MATH 846,Topics In Combinatorics,"(3, 3)",Mathematics,,
MATH 847,Topics In Algebra,"(3, 3)",Mathematics,,
MATH 848,Advanced Topics In Number Theory,"(3, 3)",Mathematics,,
MATH 849,Automorphic Forms,"(3, 3)",Mathematics,,
MATH 851,Topics In Geometric Topology,"(3, 3)",Mathematics,,
MATH 853,Topics In Algebraic Topology,"(3, 3)",Mathematics,,
MATH 856,Topics In Differential Topology,"(3, 3)",Mathematics,,
MATH 863,Advanced Topics In Algebraic Geometry,"(3, 3)",Mathematics,,
MATH 865,Advanced Topics In Geometry,"(3, 3)",Mathematics,,
MATH 873,Advanced Topics In Foundations,"(3, 3)",Mathematics,,
MATH/​E C E/​STAT  888,Topics In Mathematical Data Science,"(1, 3)",Mathematics,,
MATH 900,Graduate Teaching Seminar,"(1, 1)",Mathematics,,
MATH 921,Seminar In Analysis,"(1, 3)",Mathematics,,
MATH 941,Seminar-Algebra,"(1, 3)",Mathematics,,
MATH 951,Seminar In Topology,"(1, 3)",Mathematics,,
MATH 967,Seminar In Number Theory,"(1, 3)",Mathematics,,
MATH 975,Seminar-The Foundations Of Mathematics,"(1, 3)",Mathematics,,
MATH 990,Reading And Research,"(1, 3)",Mathematics,,
M E 1,Cooperative Education Program,"(1, 1)",Mechanical Engineering,,
M E 160,Architectural Graphics,"(3, 3)",Mechanical Engineering,,
M E 201,Introduction To Mechanical Engineering,"(3, 3)",Mechanical Engineering,,
M E 231,Geometric Modeling For Design And Manufacturing,"(3, 3)",Mechanical Engineering,,
M E 240,Dynamics,"(3, 3)",Mechanical Engineering,,
M E 273,Engineering Problem Solving With Ees,"(1, 1)",Mechanical Engineering,,
M E 291,Undergraduate Mechanical Engineering Projects,"(1, 3)",Mechanical Engineering,,
M E 299,Independent Study,"(1, 3)",Mechanical Engineering,,
M E 306,Mechanics Of Materials,"(3, 3)",Mechanical Engineering,,
M E/​E M A  307,Mechanics Of Materials Lab,"(1, 1)",Mechanical Engineering,,
M E 310,Manufacturing: Polymer Processing And Engineering,"(3, 3)",Mechanical Engineering,,
M E 311,Manufacturing: Metals And Automation,"(3, 3)",Mechanical Engineering,,
M E 313,Manufacturing Processes,"(3, 3)",Mechanical Engineering,,
M E 314,Manufacturing Fundamentals,"(3, 3)",Mechanical Engineering,,
M E 331,Computer-Aided Engineering,"(3, 3)",Mechanical Engineering,,
M E 340,Dynamic Systems,"(3, 3)",Mechanical Engineering,,
M E 342,Design Of Machine Elements,"(3, 3)",Mechanical Engineering,,
M E 349,Engineering Design Projects,"(3, 3)",Mechanical Engineering,,
M E 351,Interdisciplinary Experiential Design Projects I,"(3, 3)",Mechanical Engineering,,
M E 352,Interdisciplinary Experiential Design Projects Ii,"(3, 3)",Mechanical Engineering,,
M E 361,Thermodynamics,"(3, 3)",Mechanical Engineering,,
M E 363,Fluid Dynamics,"(3, 3)",Mechanical Engineering,,
M E 364,Elementary Heat Transfer,"(3, 3)",Mechanical Engineering,,
M E 368,Engineering Measurements And Instrumentation,"(4, 4)",Mechanical Engineering,,
M E 370,Energy Systems Laboratory,"(3, 3)",Mechanical Engineering,,
M E 376,Introduction To Mechatronics,"(4, 4)",Mechanical Engineering,,
M E/​B M E  414,Orthopaedic Biomechanics - Design Of Orthopaedic Implants,"(3, 3)",Mechanical Engineering,,
M E/​B M E  415,Biomechanics Of Human Movement,"(3, 3)",Mechanical Engineering,,
M E 417,Transport Phenomena In Polymer Processing,"(3, 3)",Mechanical Engineering,,
M E 418,Engineering Design With Polymers,"(3, 3)",Mechanical Engineering,,
M E 419,Fundamentals Of Injection Molding,"(3, 3)",Mechanical Engineering,,
M E/​STAT  424,Statistical Experimental Design,"(3, 3)",Mechanical Engineering,,
M E 429,Metal Cutting,"(3, 3)",Mechanical Engineering,,
M E 437,Advanced Materials Selection,"(3, 3)",Mechanical Engineering,,
M E/​E C E  439,Introduction To Robotics,"(3, 3)",Mechanical Engineering,,
M E 440,Intermediate Vibrations,"(3, 3)",Mechanical Engineering,,
M E/​E C E  441,"Kinematics, Dynamics, And Control Of Robotic Manipulators","(3, 3)",Mechanical Engineering,,
M E 444,Design Problems In Elasticity,"(3, 3)",Mechanical Engineering,,
M E 445,Mechatronics In Control & Product Realization,"(3, 3)",Mechanical Engineering,,
M E 446,Introduction To Feedback Control,"(3, 3)",Mechanical Engineering,,
M E 447,Computer Control Of Machines And Processes,"(3, 3)",Mechanical Engineering,,
M E 448,Mechanical Systems Analysis,"(3, 3)",Mechanical Engineering,,
M E 449,Redesign And Prototype Fabrication,"(3, 3)",Mechanical Engineering,,
M E 451,Kinematics And Dynamics Of Machine Systems,"(3, 3)",Mechanical Engineering,,
M E 458,Introduction To Feedback Control Of Autonomous Systems,"(3, 3)",Mechanical Engineering,,
M E 459,Computing Concepts For Applications In Engineering,"(3, 3)",Mechanical Engineering,,
M E 460,Applied Thermal / Structural Finite Element Analysis,"(3, 3)",Mechanical Engineering,,
M E 461,Thermal Systems Modeling,"(3, 3)",Mechanical Engineering,,
M E/​M S & E  462,Welding Metallurgy,"(3, 3)",Mechanical Engineering,,
M E 468,Computer Modeling And Simulation Of Autonomous Vehicles And Robots,"(3, 3)",Mechanical Engineering,,
M E 469,Internal Combustion Engines,"(3, 3)",Mechanical Engineering,,
M E 471,Gas Turbine And Jet Propulsion,"(3, 3)",Mechanical Engineering,,
M E 472,"Energy, Sustainability, And Technology","(3, 3)",Mechanical Engineering,,
M E/​BSE  474,Fluid Power,"(3, 3)",Mechanical Engineering,,
M E/​BSE  475,Engineering Principles Of Agricultural Machinery,"(3, 3)",Mechanical Engineering,,
M E/​BSE  476,Engineering Principles Of Off-Road Vehicles,"(3, 3)",Mechanical Engineering,,
M E 489,Honors In Research,"(1, 3)",Mechanical Engineering,,
M E 491,Mechanical Engineering Projects I,"(1, 3)",Mechanical Engineering,,
M E 492,Mechanical Engineering Projects Ii,"(1, 3)",Mechanical Engineering,,
M E/​B M E  505,Biofluidics,"(3, 3)",Mechanical Engineering,,
M E/​CIV ENGR/​E M A  508,Composite Materials,"(3, 3)",Mechanical Engineering,,
M E/​I SY E  510,Facilities Planning,"(3, 3)",Mechanical Engineering,,
M E/​I SY E  512,"Inspection, Quality Control And Reliability","(3, 3)",Mechanical Engineering,,
M E 514,Polymer Additive Manufacturing,"(3, 3)",Mechanical Engineering,,
M E/​B M E  516,Finite Elements For Biological And Other Soft Materials,"(3, 3)",Mechanical Engineering,,
M E/​N E  520,Two-Phase Flow And Heat Transfer,"(3, 3)",Mechanical Engineering,,
M E/​CBE  525,Macromolecular Hydrodynamics,"(3, 3)",Mechanical Engineering,,
M E 529,Design & Applications Of Smart Manufacturing Processes,"(3, 3)",Mechanical Engineering,,
M E 531,Digital Design And Manufacturing,"(3, 3)",Mechanical Engineering,,
M E/​COMP SCI/​E C E  532,Matrix Methods In Machine Learning,"(3, 3)",Mechanical Engineering,,
M E 535,Computer-Aided Geometric Design,"(3, 3)",Mechanical Engineering,,
M E 536,Data Driven Engineering Design,"(3, 3)",Mechanical Engineering,,
M E/​COMP SCI/​E C E  539,Introduction To Artificial Neural Networks,"(3, 3)",Mechanical Engineering,,
M E/​E M A  540,Experimental Vibration And Dynamic System Analysis,"(3, 3)",Mechanical Engineering,,
M E 548,Introduction To Design Optimization,"(3, 3)",Mechanical Engineering,,
M E 549,Product Design,"(3, 3)",Mechanical Engineering,,
M E/​COMP SCI/​I SY E  558,Introduction To Computational Geometry,"(3, 3)",Mechanical Engineering,,
M E 561,Intermediate Thermodynamics,"(3, 3)",Mechanical Engineering,,
M E 563,Intermediate Fluid Dynamics,"(3, 3)",Mechanical Engineering,,
M E 564,Heat Transfer,"(3, 3)",Mechanical Engineering,,
M E/​N E  565,Power Plant Technology,"(3, 3)",Mechanical Engineering,,
M E/​E P  566,Cryogenics,"(3, 3)",Mechanical Engineering,,
M E/​CBE  567,Solar Energy Technology,"(3, 3)",Mechanical Engineering,,
M E 569,Applied Combustion,"(3, 3)",Mechanical Engineering,,
M E/​E M A  570,Experimental Mechanics,"(3, 3)",Mechanical Engineering,,
M E 572,Intermediate Gas Dynamics,"(3, 3)",Mechanical Engineering,,
M E 573,Computational Fluid Dynamics,"(3, 3)",Mechanical Engineering,,
M E/​E C E  576,"Printed And Flexible Electronics: Manufacturing, Devices, And Applications","(3, 3)",Mechanical Engineering,,
M E/​E C E  577,Automatic Controls Laboratory,"(4, 4)",Mechanical Engineering,,
M E 601,Special Topics In Mechanical Engineering,"(1, 3)",Mechanical Engineering,,
M E/​B M E  605,Special Topics In Biomechanics,"(1, 3)",Mechanical Engineering,,
M E/​B M E  615,Tissue Mechanics,"(3, 3)",Mechanical Engineering,,
M E/​I SY E  641,Design And Analysis Of Manufacturing Systems,"(3, 3)",Mechanical Engineering,,
M E/​I SY E  643,Performance Analysis Of Manufacturing Systems,"(3, 3)",Mechanical Engineering,,
M E 699,Advanced Independent Study,"(1, 3)",Mechanical Engineering,,
M E 702,Graduate Cooperative Education Program,"(1, 2)",Mechanical Engineering,,
M E/​E M A  703,Plasticity Theory And Physics,"(3, 3)",Mechanical Engineering,,
M E/​E M A  708,Advanced Composite Materials,"(3, 3)",Mechanical Engineering,,
M E/​B M E  715,Advanced Tissue Mechanics,"(3, 3)",Mechanical Engineering,,
M E 717,Advanced Polymer Processing,"(3, 3)",Mechanical Engineering,,
M E 718,Modeling And Simulation In Polymer Processing,"(3, 3)",Mechanical Engineering,,
M E/​E M A  722,Introduction To Polymer Rheology,"(3, 3)",Mechanical Engineering,,
M E/​E C E  732,Dynamics Of Controlled Systems,"(3, 3)",Mechanical Engineering,,
M E/​E C E  733,Advanced Computer Control Of Machines And Processes,"(3, 3)",Mechanical Engineering,,
M E 740,Advanced Vibrations,"(3, 3)",Mechanical Engineering,,
M E 746,Dynamics Of Controlled Systems,"(3, 3)",Mechanical Engineering,,
M E 747,Advanced Computer Control Of Machines And Processes,"(3, 3)",Mechanical Engineering,,
M E 748,Optimum Design Of Mechanical Elements And Systems,"(3, 3)",Mechanical Engineering,,
M E 751,Advanced Computational Dynamics,"(3, 3)",Mechanical Engineering,,
M E 753,"Friction, Lubrication And Wear","(3, 3)",Mechanical Engineering,,
M E 758,Solid Modeling,"(3, 3)",Mechanical Engineering,,
M E/​COMP SCI/​E C E/​E M A/​E P  759,High Performance Computing For Applications In Engineering,"(3, 3)",Mechanical Engineering,,
M E 761,Topics In Thermodynamics,"(3, 3)",Mechanical Engineering,,
M E 764,Advanced Heat Transfer I-Conduction,"(3, 3)",Mechanical Engineering,,
M E 768,Precision Measurements,"(3, 3)",Mechanical Engineering,,
M E 769,Combustion Processes,"(3, 3)",Mechanical Engineering,,
M E 770,Advanced Experimental Instrumentation,"(3, 3)",Mechanical Engineering,,
M E 774,Chem Kinetics Of Combust Systems,"(3, 3)",Mechanical Engineering,,
M E/​CIV ENGR/​E M A  775,Turbulent Heat And Momentum Transfer,"(3, 3)",Mechanical Engineering,,
M E/​E P  777,Vacuum Technology,"(3, 3)",Mechanical Engineering,,
M E 790,Master'S Research And Thesis,"(1, 9)",Mechanical Engineering,,
M E 890,Phd Research And Thesis,"(1, 9)",Mechanical Engineering,,
M E 903,Graduate Seminar,"(0, 0)",Mechanical Engineering,,
M E 964,Special Advanced Topics In Mechanical Engineering,"(1, 3)",Mechanical Engineering,,
M E 990,Dissertator Research And Thesis,"(1, 9)",Mechanical Engineering,,
M E 999,Advanced Independent Study,"(1, 5)",Mechanical Engineering,,
MD GENET/​GENETICS  565,Human Genetics,"(3, 3)",Medical Genetics,,
MD GENET/​BIOCHEM/​GENETICS  620,Eukaryotic Molecular Biology,"(3, 3)",Medical Genetics,,
MD GENET/​GENETICS/​POP HLTH  636,Public Health Genomics,"(1, 1)",Medical Genetics,,
MD GENET/​GENETICS  662,Cancer Genetics,"(3, 3)",Medical Genetics,,
MD GENET/​GENETICS  677,Advanced Topics In Genetics,"(1, 3)",Medical Genetics,,
MD GENET 699,Independent Reading,"(1, 3)",Medical Genetics,,
MD GENET/​GENETICS  707,Genetics Of Development,"(3, 3)",Medical Genetics,,
MD GENET/​GENETICS  708,Methods And Logic In Genetic Analysis,"(3, 3)",Medical Genetics,,
MD GENET 911,Modern Clinical Genetics: How To Approach A Rapidly Changing Field,"(2, 2)",Medical Genetics,,
MD GENET 999,Independent Work,"(1, 3)",Medical Genetics,,
MED HIST/​HIST SCI/​HISTORY  132,"Bees, Trees, Germs, And Genes: A History Of Biology","(3, 3)",Medical History And Bioethics,,
MED HIST/​HIST SCI  212,"Bodies, Diseases, And Healers: An Introduction To The History Of Medicine","(3, 3)",Medical History And Bioethics,,
MED HIST/​ANTHRO  231,Introduction To Social Medicine,"(3, 3)",Medical History And Bioethics,,
MED HIST/​HIST SCI/​RELIG ST  331,"Science, Medicine And Religion","(3, 3)",Medical History And Bioethics,,
MED HIST/​PHILOS  344,Food Ethics,"(3, 3)",Medical History And Bioethics,,
MED HIST/​PATH-BIO  370,"Addressing Controversy: The Science, Ethics, And Public Discussion Of Animal Research","(3, 3)",Medical History And Bioethics,,
MED HIST/​PHILOS  505,Justice And Health Care,"(3, 3)",Medical History And Bioethics,,
MED HIST/​HIST SCI/​HISTORY  508,"Health, Disease And Healing Ii","(3, 4)",Medical History And Bioethics,,
MED HIST/​HIST SCI  509,The Development Of Public Health In America,"(3, 3)",Medical History And Bioethics,,
MED HIST/​PHILOS  515,Public Health Ethics,"(3, 3)",Medical History And Bioethics,,
MED HIST/​AFROAMER/​HIST SCI  523,"Race, American Medicine And Public Health","(3, 3)",Medical History And Bioethics,,
MED HIST/​ENGL/​HIST SCI  525,Health And The Humanities,"(3, 3)",Medical History And Bioethics,,
MED HIST/​GEN&WS/​HIST SCI  531,Women And Health In American History,"(3, 3)",Medical History And Bioethics,,
MED HIST/​GEN&WS/​HIST SCI  532,The History Of The (American) Body,"(3, 3)",Medical History And Bioethics,,
MED HIST/​PHILOS  534,Ethics And The Brain,"(3, 3)",Medical History And Bioethics,,
MED HIST 545,Ethical And Regulatory Issues In Clinical Investigation,"(1, 1)",Medical History And Bioethics,,
MED HIST/​HIST SCI/​POP HLTH  553,International Health And Global Society,"(3, 3)",Medical History And Bioethics,,
MED HIST/​PHILOS  558,Ethical Issues In Health Care,"(3, 3)",Medical History And Bioethics,,
MED HIST 559,Topics In Ethics And History Of Medicine,"(3, 3)",Medical History And Bioethics,,
MED HIST/​HIST SCI/​HISTORY  564,"Disease, Medicine And Public Health In The History Of Latin America And The Caribbean","(3, 3)",Medical History And Bioethics,,
MED HIST/​AGRONOMY/​C&E SOC/​PHILOS  565,The Ethics Of Modern Biotechnology,"(3, 3)",Medical History And Bioethics,,
MED HIST/​ENGL/​HIST SCI  599,Directed Study In Health And The Humanities,"(1, 1)",Medical History And Bioethics,,
MED HIST/​CRB  615,Regenerative Medicine Ethics And Society,"(3, 3)",Medical History And Bioethics,,
MED HIST/​HIST SCI  668,Topics In History Of Medicine,"(3, 3)",Medical History And Bioethics,,
MED HIST 699,Independent Study In Medical History,"(1, 3)",Medical History And Bioethics,,
MED HIST 708,"Health, Disease And Healing Ii","(1, 1)",Medical History And Bioethics,,
MED HIST 709,Development Of Public Health In America,"(1, 1)",Medical History And Bioethics,,
MED HIST 729,Introduction To Bioethics,"(1, 1)",Medical History And Bioethics,,
MED HIST 730,Topics In Bioethics,"(1, 1)",Medical History And Bioethics,,
MED HIST 734,Graduate Studies In Medical Ethics,"(1, 3)",Medical History And Bioethics,,
MED HIST 740,Narrative Medicine And Public Health,"(2, 2)",Medical History And Bioethics,,
MED HIST 741,Ethical Issues In Public Health,"(2, 2)",Medical History And Bioethics,,
MED HIST 742,Ethics And U.S. Health Care Policy,"(2, 2)",Medical History And Bioethics,,
MED HIST 744,Introduction To The Medical Humanities,"(2, 2)",Medical History And Bioethics,,
MED HIST 745,Clinical Ethics - Individual And Population Considerations,"(2, 2)",Medical History And Bioethics,,
MED HIST 746,"Race, Science, And Medicine: Past And Present","(2, 2)",Medical History And Bioethics,,
MED HIST 750,"Outbreak!: Epidemics, Migration, And The Changing Contours Of Global Health","(2, 2)",Medical History And Bioethics,,
MED HIST 753,International Health And Global Society,"(1, 1)",Medical History And Bioethics,,
MED HIST 890,Reading And Research,"(1, 3)",Medical History And Bioethics,,
MED HIST/​HIST SCI  919,Graduate Studies In Medical History,"(3, 3)",Medical History And Bioethics,,
MED HIST 999,Advanced Independent Study,"(1, 3)",Medical History And Bioethics,,
M M & I 301,Pathogenic Bacteriology,"(2, 2)",Medical Microbiology And Immunology,,
M M & I 341,Immunology,"(3, 3)",Medical Microbiology And Immunology,,
M M & I/​ENTOM/​PATH-BIO/​ZOOLOGY  350,Parasitology,"(3, 3)",Medical Microbiology And Immunology,,
M M & I/​PATH-BIO  528,Immunology,"(3, 3)",Medical Microbiology And Immunology,,
M M & I 554,Emerging Infectious Diseases And Bioterrorism,"(2, 2)",Medical Microbiology And Immunology,,
M M & I/​BIOCHEM  575,Biology Of Viruses,"(2, 2)",Medical Microbiology And Immunology,,
M M & I/​ONCOLOGY/​PL PATH  640,General Virology-Multiplication Of Viruses,"(3, 3)",Medical Microbiology And Immunology,,
M M & I/​BOTANY/​GENETICS/​PL PATH  655,Biology And Genetics Of Fungi,"(3, 3)",Medical Microbiology And Immunology,,
M M & I 677,Advanced Topics In Medical Microbiology,"(1, 3)",Medical Microbiology And Immunology,,
M M & I 691,First Semester Senior Thesis,"(3, 3)",Medical Microbiology And Immunology,,
M M & I 692,Second Semester Senior Thesis,"(3, 3)",Medical Microbiology And Immunology,,
M M & I 696,Critical Thinking In Medical Microbiology And Immuniology,"(3, 3)",Medical Microbiology And Immunology,,
M M & I 699,Directed Study,"(1, 3)",Medical Microbiology And Immunology,,
M M & I 704,Infectious Diseases Of Human Beings,"(3, 3)",Medical Microbiology And Immunology,,
M M & I 740,Mechanisms Of Microbial Pathogenesis,"(3, 3)",Medical Microbiology And Immunology,,
M M & I/​PATH-BIO  750,Host-Parasite Relationships In Vertebrate Viral Disease,"(3, 3)",Medical Microbiology And Immunology,,
M M & I 760,Quantitative Systems Biology And Disease,"(3, 3)",Medical Microbiology And Immunology,,
M M & I 901,Seminar,"(1, 1)",Medical Microbiology And Immunology,,
M M & I 902,The Role Of The Human Microbiome In Health And Disease,"(2, 2)",Medical Microbiology And Immunology,,
M M & I 911,Microbiology Diagnostics In Public Health,"(2, 2)",Medical Microbiology And Immunology,,
M M & I 990,Research And Thesis,"(1, 12)",Medical Microbiology And Immunology,,
MED PHYS/​PHYSICS  265,Introduction To Medical Physics,"(2, 2)",Medical Physics,,
MED PHYS/​H ONCOL  410,Radiobiology,"(2, 3)",Medical Physics,,
MED PHYS/​B M E/​H ONCOL/​PHYSICS  501,Radiation Physics And Dosimetry,"(3, 3)",Medical Physics,,
MED PHYS/​N E  506,Monte Carlo Radiation Transport,"(3, 3)",Medical Physics,,
MED PHYS 510,"Fundamentals Of Cellular, Molecular, And Radiation Biology","(3, 3)",Medical Physics,,
MED PHYS/​B M E  535,Introduction To Energy-Tissue Interactions,"(3, 3)",Medical Physics,,
MED PHYS 563,Radionuclides In Medicine And Biology,"(2, 3)",Medical Physics,,
MED PHYS/​B M E  566,Physics Of Radiotherapy,"(3, 3)",Medical Physics,,
MED PHYS/​B M E  567,The Physics Of Diagnostic Radiology,"(4, 4)",Medical Physics,,
MED PHYS/​B M E  568,Magnetic Resonance Imaging (Mri),"(2, 2)",Medical Physics,,
MED PHYS/​N E  569,Health Physics And Biological Effects,"(3, 4)",Medical Physics,,
MED PHYS/​B M E  573,Mathematical Methods In Medical Physics,"(3, 3)",Medical Physics,,
MED PHYS/​B M E  574,Data Science In Medical Physics,"(3, 3)",Medical Physics,,
MED PHYS/​B M E  575,Diagnostic Ultrasound Imaging,"(2, 2)",Medical Physics,,
MED PHYS/​B M E  578,Non-Ionizing Diagnostic Imaging,"(4, 4)",Medical Physics,,
MED PHYS/​B M E  580,The Physics Of Medical Imaging With Ionizing Radiation,"(4, 4)",Medical Physics,,
MED PHYS 581,Laboratory For Medical Imaging With Ionizing Radiation,"(1, 1)",Medical Physics,,
MED PHYS/​PHYSICS  588,Radiation Production And Detection,"(4, 4)",Medical Physics,,
MED PHYS/​B M E/​PHMCOL-M/​PHYSICS/​RADIOL  619,Microscopy Of Life,"(3, 3)",Medical Physics,,
MED PHYS/​NTP  651,Methods For Neuroimaging Research,"(3, 3)",Medical Physics,,
MED PHYS 662,Rad Lab - Diagnostic Radiological Physics,"(1, 1)",Medical Physics,,
MED PHYS 663,Rad Lab - Nuclear Medicine Physics,"(1, 1)",Medical Physics,,
MED PHYS 664,Rad Lab - Health Physics,"(1, 1)",Medical Physics,,
MED PHYS 665,"Rad Lab - Ct, Mri, And Dsa Physics","(1, 1)",Medical Physics,,
MED PHYS 666,Rad Lab - Medical Ultrasound Physics,"(1, 1)",Medical Physics,,
MED PHYS 671,Selected Topics In Medical Physics,"(1, 4)",Medical Physics,,
MED PHYS 679,Radiation Physics Metrology,"(3, 3)",Medical Physics,,
MED PHYS 699,Independent Reading Or Research,"(1, 3)",Medical Physics,,
MED PHYS 701,Ethics And The Responsible Conduct Of Research And Practice Of Medical Physics,"(1, 1)",Medical Physics,,
MED PHYS/​PEDIAT  705,"Women And Leadership: Science, Health And Engineering","(2, 2)",Medical Physics,,
MED PHYS/​B M E  710,Advances In Medical Magnetic Resonance,"(3, 3)",Medical Physics,,
MED PHYS/​B M I/​COMP SCI/​E C E  722,Computational Optics And Imaging,"(3, 3)",Medical Physics,,
MED PHYS/​B M E/​CHEM  750,Biological Optical Microscopy,"(3, 3)",Medical Physics,,
MED PHYS 770,Advanced Brachytherapy Physics,"(3, 3)",Medical Physics,,
MED PHYS 772,Advanced Radiation Treatment Planning,"(3, 3)",Medical Physics,,
MED PHYS 775,Advanced Ultrasound Physics,"(3, 3)",Medical Physics,,
MED PHYS 777,Principles Of X-Ray Computed Tomography,"(3, 3)",Medical Physics,,
MED PHYS/​B M E/​E C E  778,Machine Learning In Ultrasound Imaging,"(3, 3)",Medical Physics,,
MED PHYS 780,Pharmacokinetic Modeling In Biomedical Imaging,"(2, 2)",Medical Physics,,
MED PHYS 900,Journal Club And Seminar,"(1, 1)",Medical Physics,,
MED PHYS 990,Research,"(1, 12)",Medical Physics,,
MED SC-M 722,Clinical Anatomy And Radiology,"(2, 2)",Medical School,,
MED SC-M 723,Independent Advanced Anatomy Dissection,"(2, 2)",Medical School,,
MED SC-M 735,Medical Spanish For Health Science Students,"(1, 1)",Medical School,,
MED SC-M 740,Overview Of Rural Health,"(1, 1)",Medical School,,
MED SC-M 770,"Patients, Professionalism And Public Health","(4, 4)",Medical School,,
MED SC-M 771,Body In Balance,"(11, 11)",Medical School,,
MED SC-M 772,"Food, Fasting & Fitness","(9, 9)",Medical School,,
MED SC-M 773,Human Family Tree,"(8, 8)",Medical School,,
MED SC-M 774,Invaders And Defense,"(9, 9)",Medical School,,
MED SC-M 775,Mind & Motion,"(10, 10)",Medical School,,
MED SC-M 810,"Specialized Care Of Obstetric, Gynecologic, And Pediatric Patients (Scope)","(12, 12)",Medical School,,
MED SC-M 811,Chronic And Preventive Care,"(12, 12)",Medical School,,
MED SC-M 812,Acute Care,"(12, 12)",Medical School,,
MED SC-M 813,Surgical And Procedural Care,"(12, 12)",Medical School,,
MED SC-M 850,Introduction To Healthcare Simulation,"(3, 3)",Medical School,,
MED SC-M 851,Instructional Design In Simulation,"(3, 3)",Medical School,,
MED SC-M 852,Simulation Facilitation,"(3, 3)",Medical School,,
MED SC-M 853,Debriefing In Healthcare Simulation,"(3, 3)",Medical School,,
MED SC-M 902,Ambulatory Acting Internship,"(4, 4)",Medical School,,
MED SC-M 909,Internship Prep Course,"(3, 3)",Medical School,,
MED SC-M 910,Medic Clinics Selective: A Study Of Marginalized Populations And Interprofessional Collaboration,"(2, 2)",Medical School,,
MED SC-M 911,Racial Health Disparities In Wisconsin,"(2, 2)",Medical School,,
MED SC-M 912,Teaching In The Classroom: Laboratory-Based Learning In Medical Education,"(2, 4)",Medical School,,
MED SC-M 913,Wisconsin Academy For Rural Medicine (Warm) Internship Preparation Elective,"(1, 1)",Medical School,,
MED SC-M 914,Teaching In The Classroom: Case-Based Learning In Medical Education,"(2, 4)",Medical School,,
MED SC-M 918,Independent Reading And Research In Medical Sciences,"(2, 8)",Medical School,,
MED SC-M 930,"American Indian Health, History & Tribal Governance","(1, 1)",Medical School,,
MED SC-M 940,Advocating For Patients: Getting The Right Care At The Right Time,"(2, 2)",Medical School,,
MED SC-M 941,Advocating For Populations: Partnering To Improve Community Health,"(2, 2)",Medical School,,
MED SC-M 942,"Narrative Medicine, Storytelling, And Preparing For Residency","(2, 2)",Medical School,,
MED SC-V 570,Animal Health History Restraint And Physical Examination,"(1, 1)",Veterinary Medicine,,
MED SC-V 576,Small Animal Emergency And Critical Care I,"(1, 1)",Veterinary Medicine,,
MED SC-V 577,Small Animal Emergency And Critical Care Ii,"(1, 1)",Veterinary Medicine,,
MED SC-V 625,Veterinary Diagnostic And Therapeutic Techniques,"(0, 1)",Veterinary Medicine,,
MED SC-V 629,Veterinary Nutrition,"(1, 1)",Veterinary Medicine,,
MED SC-V 632,Companion Animal And Equine Medicine I,"(6, 6)",Veterinary Medicine,,
MED SC-V 633,Companion Animal And Equine Medicine Ii,"(6, 6)",Veterinary Medicine,,
MED SC-V 634,Food Animal Medicine,"(5, 5)",Veterinary Medicine,,
MED SC-V 635,Swine Medicine,"(1, 1)",Veterinary Medicine,,
MED SC-V 667,Small Animal Neurology,"(2, 2)",Veterinary Medicine,,
MED SC-V 668,Clinical Dermatology Rotation,"(2, 2)",Veterinary Medicine,,
MED SC-V 669,Small Animal Cardiology Rotation,"(2, 2)",Veterinary Medicine,,
MED SC-V 670,Senior Rotation In Large Animal Medicine Service,"(2, 2)",Veterinary Medicine,,
MED SC-V 674,Senior Rotation In Ambulatory Service,"(2, 2)",Veterinary Medicine,,
MED SC-V 675,Special Topics,"(1, 5)",Veterinary Medicine,,
MED SC-V 678,Small Animal Internal Medicine,"(2, 2)",Veterinary Medicine,,
MED SC-V 679,Small Animal Oncology,"(2, 2)",Veterinary Medicine,,
MED SC-V 699,Directed Study,"(1, 5)",Veterinary Medicine,,
MED SC-V 701,Production Medicine I,"(2, 2)",Veterinary Medicine,,
MED SC-V 703,Production Medicine Ii,"(2, 2)",Veterinary Medicine,,
MED SC-V 705,Production Medicine Iii-Applied Dairy Nutrition,"(2, 2)",Veterinary Medicine,,
MED SC-V 710,Small Animal Emergency Medicine Rotation,"(2, 2)",Veterinary Medicine,,
MED SC-V 714,Small Animal Primary Care Rotation,"(2, 2)",Veterinary Medicine,,
MED SC-V 716,Small Animal Wiscares Rotation,"(2, 2)",Veterinary Medicine,,
MED SC-V 775,Externship,"(1, 24)",Veterinary Medicine,,
MEDICINE/​NURSING/​PHM PRAC/​SOC WORK  467,Interprofessional Collaborative Practice In Hiv Care,"(1, 1)",Medicine,,
MEDICINE 699,Independent Study,"(0, 5)",Medicine,,
MEDICINE 700,Introduction To Clinical And Health Informatics,"(3, 3)",Medicine,,
MEDICINE/​CRB  701,Cell Signaling And Human Disease,"(1, 1)",Medicine,,
MEDICINE 702,Clinical And Health Information Systems,"(3, 3)",Medicine,,
MEDICINE/​NURSING/​POP HLTH  705,Seminar In Interdisciplinary Clinical Research Evidence,"(2, 3)",Medicine,,
MEDICINE 710,Improvisational Theatre For Scientists,"(1, 1)",Medicine,,
MEDICINE 720,Endocrinology And Metabolism,"(3, 3)",Medicine,,
MEDICINE 750,Capstone Project In Clinical And Health Informatics,"(3, 3)",Medicine,,
MEDICINE 809,Intersection Of Health Care And Incarceration,"(2, 2)",Medicine,,
MEDICINE 880,The Body Electric: Intersection Of Cellular Electrophysiology With Clinical Electrocardiography,"(2, 2)",Medicine,,
MEDICINE 902,Clinical & Translational Research Elective,"(2, 6)",Medicine,,
MEDICINE 903,Mstp Longitudinal Clinical Clerkship In Graduate School,"(1, 12)",Medicine,,
MEDICINE 905,The Applied Physiology Of Mechanical Ventilation,"(2, 2)",Medicine,,
MEDICINE 906,Ace Acute Care For Elderly Consultation Services Elective,"(2, 2)",Medicine,,
MEDICINE 907,Inpatient Endocrinology/Diabetes Consults Elective,"(2, 2)",Medicine,,
MEDICINE 908,My Story:Techniques For Interviewing Patients,"(2, 2)",Medicine,,
MEDICINE 909,Infectious Disease Transplant Service Elective,"(2, 2)",Medicine,,
MEDICINE 910,Phase 3 Independent Reading And Research In Medicine,"(2, 8)",Medicine,,
MEDICINE 911,Advanced Applied Clinical Informatics (Applied Clinical Informatics Practicum),"(2, 2)",Medicine,,
MEDICINE 912,"Transplantation, Immunology And Nephrology Elective","(2, 4)",Medicine,,
MEDICINE 913,The Science Of Clinical Therapeutics,"(2, 2)",Medicine,,
MEDICINE 914,Data Analytics For Population Health,"(2, 2)",Medicine,,
MEDICINE 916,Palliative Care Elective,"(2, 2)",Medicine,,
MEDICINE 917,Smoking Cessation: Putting Evidence Into Practice Elective,"(2, 2)",Medicine,,
MEDICINE/​B M I  918,Health Informatics For Medical Students Elective,"(2, 2)",Medicine,,
MEDICINE 919,Individualized Phase 3 Clinical Elective In Medicine,"(2, 4)",Medicine,,
MEDICINE 920,Advanced Inpatient General Medicine Elective,"(2, 4)",Medicine,,
MEDICINE 921,Ambulatory Medicine Elective-Student Health,"(2, 4)",Medicine,,
MEDICINE 922,Ambulatory General Internal Medicine Advanced Elective,"(2, 4)",Medicine,,
MEDICINE 923,Applications Of Epistemic Principles In Medical Science,"(2, 2)",Medicine,,
MEDICINE 930,Women'S Health In Primary Care Elective,"(2, 4)",Medicine,,
MEDICINE 932,Biology Of Aging And Age-Related Diseases,"(2, 2)",Medicine,,
MEDICINE 933,Geriatric Elective,"(2, 4)",Medicine,,
MEDICINE 935,Hematology/Oncology Elective,"(2, 4)",Medicine,,
MEDICINE 938,Inpatient Acting Internship-Internal Medicine,"(4, 4)",Medicine,,
MEDICINE 940,Allergy And Clinical Immunology Elective,"(2, 4)",Medicine,,
MEDICINE 942,Clinical Electrophysiology Elective,"(4, 4)",Medicine,,
MEDICINE 943,Cardiology Consultation Service Elective,"(2, 4)",Medicine,,
MEDICINE 945,Inpatient Cardiology,"(2, 4)",Medicine,,
MEDICINE 949,Adult Inpatient/Outpatient Cardiovascular Diseases Elective,"(2, 4)",Medicine,,
MEDICINE 951,Ambulatory Cardiology Elective,"(2, 4)",Medicine,,
MEDICINE 955,Hepatology Elective,"(2, 2)",Medicine,,
MEDICINE 962,Endocrinology Elective,"(2, 4)",Medicine,,
MEDICINE 965,Gastroenterology Clinical Elective,"(2, 4)",Medicine,,
MEDICINE 970,Inpatient-Outpatient Gastroenterology/Hepatology Consult Service Elective,"(2, 4)",Medicine,,
MEDICINE 971,Infectious Disease Elective,"(2, 4)",Medicine,,
MEDICINE 972,Surgical Infectious Disease Elective,"(2, 4)",Medicine,,
MEDICINE 976,Clinical Nephrology Elective,"(2, 4)",Medicine,,
MEDICINE 981,Pulmonary Disease Clinic / Consults Elective,"(2, 4)",Medicine,,
MEDICINE 985,Critical Care Medicine Elective,"(2, 4)",Medicine,,
MEDICINE 988,Clinical Rheumatology Elective,"(2, 4)",Medicine,,
MEDICINE 990,Research,"(1, 12)",Medicine,,
MEDIEVAL/​FOLKLORE/​SCAND ST  235,The World Of Sagas,"(3, 3)",Medieval Studies,,
MEDIEVAL/​LITTRANS/​RELIG ST  253,Of Demons And Angels. Dante'S Divine Comedy,"(3, 3)",Medieval Studies,,
MEDIEVAL/​LITTRANS  255,Black Death And Medieval Life Through Boccaccio'S Decameron,"(3, 3)",Medieval Studies,,
MEDIEVAL/​HISTORY/​RELIG ST  309,The Crusades: Christianity And Islam,"(3, 4)",Medieval Studies,,
MEDIEVAL/​FOLKLORE/​RELIG ST/​SCAND ST  342,Nordic Mythology,"(3, 3)",Medieval Studies,,
MEDIEVAL/​FOLKLORE/​LITTRANS/​SCAND ST  345,The Nordic Storyteller,"(3, 3)",Medieval Studies,,
MEDIEVAL/​SCAND ST  407,Introductory Old Norse,"(3, 3)",Medieval Studies,,
MEDIEVAL/​SCAND ST  408,Intermediate Old Norse,"(3, 3)",Medieval Studies,,
MEDIEVAL/​SCAND ST  409,Survey Of Old Norse-Icelandic Literature,"(3, 3)",Medieval Studies,,
MEDIEVAL/​SPANISH  414,Literatura De La Edad Media Castellana (Ss. Xii-Xv),"(3, 3)",Medieval Studies,,
MEDIEVAL/​ART HIST  415,Topics In Medieval Art,"(3, 3)",Medieval Studies,,
MEDIEVAL/​ENGL  423,Topic In Medieval Literature And Culture,"(3, 3)",Medieval Studies,,
MEDIEVAL/​ENGL  424,Medieval Drama,"(3, 3)",Medieval Studies,,
MEDIEVAL/​ENGL  425,Medieval Romance,"(3, 3)",Medieval Studies,,
MEDIEVAL/​ENGL  426,Chaucers Courtly Poetry,"(3, 3)",Medieval Studies,,
MEDIEVAL/​ENGL  427,Chaucer'S Canterbury Tales,"(3, 3)",Medieval Studies,,
MEDIEVAL/​SCAND ST  430,The Vikings,"(4, 4)",Medieval Studies,,
MEDIEVAL/​ITALIAN/​RELIG ST  440,"Poverty, Ecology And The Arts: St. Francis Of Assisi","(3, 3)",Medieval Studies,,
MEDIEVAL/​SCAND ST  444,Kalevala And Finnish Folk-Lore,"(4, 4)",Medieval Studies,,
MEDIEVAL/​FOLKLORE/​SCAND ST  446,Celtic-Scandinavian Cultural Interrelations,"(3, 3)",Medieval Studies,,
MEDIEVAL/​AFRICAN/​JEWISH/​RELIG ST  462,Muslims And Jews,"(3, 3)",Medieval Studies,,
MEDIEVAL/​SPANISH  503,Survey Of Medieval Literature,"(3, 3)",Medieval Studies,,
MEDIEVAL/​ENGL  520,Old English,"(3, 3)",Medieval Studies,,
MEDIEVAL/​ENGL  521,Advanced Old English Literature,"(3, 3)",Medieval Studies,,
MEDIEVAL/​SPANISH  541,Old Spanish,"(3, 3)",Medieval Studies,,
MEDIEVAL/​LATIN  563,Mediaeval Latin,"(3, 3)",Medieval Studies,,
MEDIEVAL/​GERMAN  651,Introduction To Middle High German,"(3, 3)",Medieval Studies,,
MEDIEVAL/​ITALIAN  659,Dante'S Divina Commedia,"(3, 3)",Medieval Studies,,
MEDIEVAL/​ITALIAN  671,The 13Th Century,"(3, 3)",Medieval Studies,,
MEDIEVAL 699,Directed Study,"(1, 3)",Medieval Studies,,
MEDIEVAL/​FRENCH  704,La Litterature Francaise Du Xiv Et Du Xv Siecle,"(3, 3)",Medieval Studies,,
MEDIEVAL/​SPANISH  718,Topics In Medieval Spanish Literature,"(3, 3)",Medieval Studies,,
MEDIEVAL/​GERMAN  755,Old Germanic Languages,"(3, 3)",Medieval Studies,,
MEDIEVAL/​ENGL  803,Topics In Medieval Literature,"(3, 3)",Medieval Studies,,
MEDIEVAL/​SPANISH  842,Seminar-Medieval Literature,"(3, 3)",Medieval Studies,,
MICROBIO 100,The Microbial World,"(3, 3)",Microbiology,,
MICROBIO 101,General Microbiology,"(3, 3)",Microbiology,,
MICROBIO 102,General Microbiology Laboratory,"(2, 2)",Microbiology,,
MICROBIO 150,Microbiomes And Microbiology - First-Year Seminar,"(1, 1)",Microbiology,,
MICROBIO 299,Independent Study,"(1, 3)",Microbiology,,
MICROBIO 303,Biology Of Microorganisms,"(3, 3)",Microbiology,,
MICROBIO 304,Biology Of Microorganisms Laboratory,"(2, 2)",Microbiology,,
MICROBIO 305,Critical Analyses In Microbiology,"(1, 1)",Microbiology,,
MICROBIO/​FOOD SCI  324,Food Microbiology Laboratory,"(2, 2)",Microbiology,,
MICROBIO/​FOOD SCI  325,Food Microbiology,"(3, 3)",Microbiology,,
MICROBIO/​AN SCI/​BOTANY  335,"The Microbiome Of Plants, Animals, And Humans","(3, 3)",Microbiology,,
MICROBIO 345,Introduction To Disease Biology,"(3, 3)",Microbiology,,
MICROBIO 357,General Bioinformatics For Microbiologists,"(3, 3)",Microbiology,,
MICROBIO 375,Special Topics,"(1, 4)",Microbiology,,
MICROBIO 399,Coordinative Internship/Cooperative Education,"(1, 8)",Microbiology,,
MICROBIO 400,Study Abroad In Microbiology,"(1, 6)",Microbiology,,
MICROBIO/​SOIL SCI  425,Environmental Microbiology,"(3, 3)",Microbiology,,
MICROBIO 450,"Diversity, Ecology And Evolution Of Microorganisms","(3, 3)",Microbiology,,
MICROBIO 470,Microbial Genetics & Molecular Machines,"(3, 3)",Microbiology,,
MICROBIO 520,Planetary Microbiology: What Life Here Tells Us About Life Out There,"(3, 3)",Microbiology,,
MICROBIO/​SOIL SCI  523,Soil Microbiology And Biochemistry,"(3, 3)",Microbiology,,
MICROBIO 525,Field Studies Of Planetary Microbiology And Life In The Universe,"(3, 3)",Microbiology,,
MICROBIO 526,Physiology Of Microorganisms,"(3, 3)",Microbiology,,
MICROBIO 527,Advanced Laboratory Techniques In Microbiology,"(2, 2)",Microbiology,,
MICROBIO/​ONCOLOGY  545,Topics In Biotechnology,"(1, 1)",Microbiology,,
MICROBIO 551,Capstone Research Project In Microbiology,"(2, 2)",Microbiology,,
MICROBIO/​BIOCHEM/​GENETICS  612,Prokaryotic Molecular Biology,"(3, 3)",Microbiology,,
MICROBIO 626,Microbial And Cellular Metabolomics,"(3, 3)",Microbiology,,
MICROBIO 657,Bioinformatics For Microbiologists,"(3, 3)",Microbiology,,
MICROBIO/​BMOLCHEM  668,Microbiology At Atomic Resolution,"(3, 3)",Microbiology,,
MICROBIO 681,Senior Honors Thesis,"(2, 3)",Microbiology,,
MICROBIO 682,Senior Honors Thesis,"(2, 4)",Microbiology,,
MICROBIO 691,Senior Thesis,"(2, 2)",Microbiology,,
MICROBIO 692,Senior Thesis,"(2, 2)",Microbiology,,
MICROBIO 699,Special Problems,"(1, 4)",Microbiology,,
MICROBIO 710,Microbial Symbiosis,"(3, 3)",Microbiology,,
MICROBIO 731,Seminar,"(1, 1)",Microbiology,,
MICROBIO 810,Current Issues In Microbiology,"(1, 1)",Microbiology,,
MICROBIO 811,Advanced Problems In Microbiology,"(1, 1)",Microbiology,,
MICROBIO 875,Special Topics,"(1, 4)",Microbiology,,
MICROBIO 899,Independent Study,"(1, 9)",Microbiology,,
MICROBIO/​BIOCHEM  917,Regulation Of Gene Expression (Advanced Seminar),"(1, 1)",Microbiology,,
MICROBIO 990,Research,"(1, 9)",Microbiology,,
MIL SCI 101,Foundations Of Officership,"(1, 1)",Military Science,,
MIL SCI 102,Basic Leadership,"(1, 1)",Military Science,,
MIL SCI 110,Leadership Lab 1A,"(1, 1)",Military Science,,
MIL SCI 111,Leadership Lab 1B,"(1, 1)",Military Science,,
MIL SCI 201,Individual Leadership Studies,"(2, 2)",Military Science,,
MIL SCI 202,Leadership And Teamwork,"(2, 2)",Military Science,,
MIL SCI 210,Leadership Lab 2A,"(1, 1)",Military Science,,
MIL SCI 211,Leadership Lab 2B,"(1, 1)",Military Science,,
MIL SCI 301,Leadership And Problem Solving,"(2, 2)",Military Science,,
MIL SCI 302,Leadership And Ethics,"(2, 2)",Military Science,,
MIL SCI 310,Leadership Lab 3A,"(1, 1)",Military Science,,
MIL SCI 311,Leadership Lab 3B,"(1, 1)",Military Science,,
MIL SCI 401,Leadership And Management,"(2, 2)",Military Science,,
MIL SCI 402,Officership,"(2, 2)",Military Science,,
MIL SCI 410,Leadership Lab 4A,"(1, 1)",Military Science,,
MIL SCI 411,Leadership Lab 4B,"(1, 1)",Military Science,,
MIL SCI 491,American Military History,"(3, 3)",Military Science,,
M&ENVTOX/​ONCOLOGY/​PHM SCI/​PHMCOL-M/​POP HLTH  625,Toxicology I,"(3, 3)",Molecular And Environmental Toxicology Center,,
M&ENVTOX/​PATH/​PHM SCI/​PHMCOL-M/​POP HLTH  626,Toxicology Ii,"(3, 3)",Molecular And Environmental Toxicology Center,,
M&ENVTOX/​CIV ENGR/​SOIL SCI  631,"Toxicants In The Environment: Sources, Distribution, Fate, & Effects","(3, 3)",Molecular And Environmental Toxicology Center,,
M&ENVTOX 699,Special Problems,"(1, 3)",Molecular And Environmental Toxicology Center,,
M&ENVTOX/​POP HLTH  789,Principles Of Environmental Health: A Systems Thinking Approach,"(3, 3)",Molecular And Environmental Toxicology Center,,
M&ENVTOX 800,Seminar,"(1, 1)",Molecular And Environmental Toxicology Center,,
M&ENVTOX 801,Scientific Communication In Molecular & Environmental Toxicology,"(2, 2)",Molecular And Environmental Toxicology Center,,
M&ENVTOX 990,Research,"(1, 9)",Molecular And Environmental Toxicology Center,,
MOL BIOL 681,Senior Honors Thesis,"(3, 3)",Molecular Biology,,
MOL BIOL 682,Senior Honors Thesis,"(3, 3)",Molecular Biology,,
MOL BIOL 686,Senior Honors Seminar In Molecular Biology,"(1, 1)",Molecular Biology,,
MOL BIOL 691,Senior Thesis,"(3, 3)",Molecular Biology,,
MOL BIOL 692,Senior Thesis,"(3, 3)",Molecular Biology,,
MOL BIOL 699,Directed Studies In Molecular Biology,"(1, 4)",Molecular Biology,,
MUSIC 34,Study Abroad: Music Performance Ensemble,"(1, 1)",Music,,
MUSIC 40,Wind Ensemble,"(1, 1)",Music,,
MUSIC 41,Concert Band,"(1, 1)",Music,,
MUSIC 42,Varsity Band,"(1, 1)",Music,,
MUSIC 43,University Band,"(1, 1)",Music,,
MUSIC 50,Concert Choir,"(1, 1)",Music,,
MUSIC 52,Treble Choir,"(1, 1)",Music,,
MUSIC 53,Choral Union,"(1, 1)",Music,,
MUSIC 55,Masters' Singers,"(1, 1)",Music,,
MUSIC 56,Chorale,"(1, 1)",Music,,
MUSIC 58,Madrigal Singers,"(1, 1)",Music,,
MUSIC 59,University Chorus,"(1, 1)",Music,,
MUSIC 60,All-University String Orchestra,"(1, 1)",Music,,
MUSIC 61,Chamber Orchestra,"(1, 1)",Music,,
MUSIC 62,University Symphony Orchestra,"(1, 1)",Music,,
MUSIC 101,The Musical Experience,"(3, 3)",Music,,
MUSIC 102,Jazz In 20Th-Century America,"(3, 3)",Music,,
MUSIC/​FOLKLORE  103,Introduction To Music Cultures Of The World,"(3, 3)",Music,,
MUSIC 104,Study Abroad: Elementary Music Appreciation/Theory/History,"(1, 3)",Music,,
MUSIC 105,Storytelling On Stage: Introduction To Musical Theater And Opera,"(3, 3)",Music,,
MUSIC 106,The Symphony,"(3, 3)",Music,,
MUSIC 107,Music & Film,"(3, 3)",Music,,
MUSIC 113,Music In Performance,"(1, 1)",Music,,
MUSIC 121,Musica Practica 1,"(3, 3)",Music,,
MUSIC 122,Musica Practica 2,"(3, 3)",Music,,
MUSIC 151,Basic Concepts Of Music Theory,"(3, 3)",Music,,
MUSIC 152,Basic Concepts Of Music 2,"(3, 3)",Music,,
MUSIC 171,Musica Practica: Aural Skills 1,"(1, 1)",Music,,
MUSIC 172,Musica Practica: Aural Skills 2,"(1, 1)",Music,,
MUSIC 201,Music And Society,"(2, 2)",Music,,
MUSIC 202,Delta Blues,"(3, 3)",Music,,
MUSIC 203,American Ethnicities And Popular Song,"(3, 3)",Music,,
MUSIC 204,Study Abroad: Intermediate Music Theory Or History,"(1, 3)",Music,,
MUSIC 205,The Big Bands,"(2, 2)",Music,,
MUSIC 206,The Legendary Performers,"(2, 2)",Music,,
MUSIC 211,Survey Of The History Of Western Music,"(3, 3)",Music,,
MUSIC 212,Survey Of The History Of Western Music,"(3, 3)",Music,,
MUSIC 221,Musica Practica 3,"(3, 3)",Music,,
MUSIC 222,Musica Practica 4,"(3, 3)",Music,,
MUSIC 229,Jazz Theory & Composition,"(3, 3)",Music,,
MUSIC 236,Bascom Course,"(3, 3)",Music,,
MUSIC 240,"Interplay Between Music, Art, And Society","(3, 3)",Music,,
MUSIC 252,Introduction To Conducting And Pedagogy,"(2, 2)",Music,,
MUSIC 253,Conducting,"(2, 2)",Music,,
MUSIC 254,Conducting,"(2, 2)",Music,,
MUSIC 256,University Opera,"(1, 2)",Music,,
MUSIC 257,Opera Workshop,"(2, 2)",Music,,
MUSIC 260,Global Hand Drumming Ensemble: Survey Of Selected Global Hand Drumming Traditions,"(1, 1)",Music,,
MUSIC 262,Jazz Ensemble,"(1, 1)",Music,,
MUSIC 264,Ensemble: Wisconsin Singers,"(1, 1)",Music,,
MUSIC 265,Ensemble-Woodwind,"(1, 1)",Music,,
MUSIC 266,Resistance Music Ensemble,"(1, 1)",Music,,
MUSIC 267,Ensemble-Brass,"(1, 1)",Music,,
MUSIC 268,Ensemble-Percussion,"(1, 1)",Music,,
MUSIC 269,Ensemble-String,"(1, 1)",Music,,
MUSIC 270,Ensemble-Guitar,"(1, 1)",Music,,
MUSIC 271,Musica Practica: Aural Skills 3,"(1, 1)",Music,,
MUSIC 272,Musica Practica: Aural Skills 4,"(1, 1)",Music,,
MUSIC 297,Special Topics In Music,"(1, 3)",Music,,
MUSIC/​CURRIC  300,Principles Of Music Education,"(2, 2)",Music,,
MUSIC/​CURRIC  301,Music Learning And Teaching 1,"(2, 2)",Music,,
MUSIC/​CURRIC  302,Music Learning And Teaching 2,"(2, 2)",Music,,
MUSIC/​CURRIC  304,"Composition, Arrangement, And Orchestration For The Music Teacher","(2, 2)",Music,,
MUSIC 305,Popular Music In The Usa: 1920-1950,"(2, 2)",Music,,
MUSIC 306,Great Composers,"(3, 3)",Music,,
MUSIC 317,"Musical Women In Europe And America: Creativity, Performance, And Identity","(3, 3)",Music,,
MUSIC/​AFROAMER/​DANCE  318,Cultural Cross Currents: West African Dance/Music In The Americas,"(3, 3)",Music,,
MUSIC 319,Topics In Music And Ethnicity In The United States,"(3, 3)",Music,,
MUSIC 329,Jazz Arranging,"(3, 3)",Music,,
MUSIC 331,Jazz Improvisation,"(3, 3)",Music,,
MUSIC 332,Jazz Improvisation,"(3, 3)",Music,,
MUSIC/​CURRIC  337,Practicum In Teaching Music,"(1, 1)",Music,,
MUSIC 340,Pedagogy,"(1, 2)",Music,,
MUSIC/​CURRIC  344,Teaching Vocal Styles In The Music Classroom,"(1, 1)",Music,,
MUSIC 345,Practicum In String Pedagogy,"(2, 2)",Music,,
MUSIC 346,Repertoire,"(1, 2)",Music,,
MUSIC 351,Basic Concepts Of Music,"(3, 3)",Music,,
MUSIC/​FOLKLORE  402,Musical Cultures Of The World,"(3, 3)",Music,,
MUSIC 405,Seminar: Cultural Study Of Music,"(3, 3)",Music,,
MUSIC/​CURRIC  409,Student Teaching In General And Vocal Music,"(6, 12)",Music,,
MUSIC/​CURRIC  410,Student Teaching In General And Instrumental Music,"(6, 12)",Music,,
MUSIC 411,Survey Of Music In The Middle Ages,"(3, 3)",Music,,
MUSIC 412,Survey Of Music In The Renaissance,"(3, 3)",Music,,
MUSIC 413,Survey Of Music In The Baroque Era,"(3, 3)",Music,,
MUSIC 414,Survey Of Music In The Classic Era,"(3, 3)",Music,,
MUSIC 415,Survey Of Music In The Romantic Era,"(3, 3)",Music,,
MUSIC 416,Survey Of Music In The Twentieth Century,"(3, 3)",Music,,
MUSIC 417,Jazz Histories,"(3, 3)",Music,,
MUSIC 419,Music In The United States,"(3, 3)",Music,,
MUSIC/​CURRIC  420,Teaching Popular Instrumental Music 1,"(1, 1)",Music,,
MUSIC/​CURRIC  421,Teaching Popular Instrumental Music 2,"(1, 1)",Music,,
MUSIC 422,Fundamentals Of Music Production,"(3, 3)",Music,,
MUSIC 461,Collegium Musicum,"(1, 1)",Music,,
MUSIC 463,Acting For Singers,"(1, 1)",Music,,
MUSIC 465,Marching Band Techniques,"(1, 1)",Music,,
MUSIC 466,Diction For Singers,"(2, 2)",Music,,
MUSIC 467,Language Diction For Singing I,"(2, 2)",Music,,
MUSIC 468,Language Diction For Singing Ii,"(2, 2)",Music,,
MUSIC 497,Special Topics In Music,"(1, 3)",Music,,
MUSIC 499,Directed Study,"(1, 3)",Music,,
MUSIC 502,Figured Bass And Basso Continuo,"(3, 3)",Music,,
MUSIC 511,Historical Performance Practices,"(3, 3)",Music,,
MUSIC 513,Survey Of Opera,"(3, 3)",Music,,
MUSIC/​FOLKLORE  515,Proseminar In Ethnomusicology,"(3, 3)",Music,,
MUSIC/​FOLKLORE  516,Ethnographic Methods For Music And Sound,"(3, 3)",Music,,
MUSIC 517,Proseminar In Music Theory,"(3, 3)",Music,,
MUSIC 523,Orchestration I,"(3, 3)",Music,,
MUSIC 524,Orchestration Ii,"(3, 3)",Music,,
MUSIC 529,Jazz Arranging,"(3, 3)",Music,,
MUSIC 531,Advanced Jazz Improvisation,"(3, 3)",Music,,
MUSIC 540,Advanced Pedagogy,"(2, 2)",Music,,
MUSIC 541,Seminar In Choral Literature,"(2, 2)",Music,,
MUSIC 542,Choral Literature And Performance Practices Of Today,"(2, 2)",Music,,
MUSIC 543,Advanced String Pedagogy,"(2, 2)",Music,,
MUSIC 544,Advanced String Pedagogy,"(2, 2)",Music,,
MUSIC 545,Practicum In Advanced String Pedagogy,"(2, 2)",Music,,
MUSIC 546,String Literature,"(2, 2)",Music,,
MUSIC 548,Piano Pedagogy Ii,"(3, 3)",Music,,
MUSIC 550,Percussion Literature,"(2, 2)",Music,,
MUSIC 551,Class Piano Pedagogy,"(3, 3)",Music,,
MUSIC 553,Advanced Conducting Seminar,"(2, 2)",Music,,
MUSIC 554,Advanced Conducting,"(2, 2)",Music,,
MUSIC 556,University Opera,"(1, 2)",Music,,
MUSIC 557,Opera Workshop,"(2, 2)",Music,,
MUSIC 558,Madrigal Singers,"(1, 1)",Music,,
MUSIC 559,Graduate Choral Union,"(1, 1)",Music,,
MUSIC 560,Practicum In Advanced Studio Teaching-Piano,"(1, 1)",Music,,
MUSIC 562,Jazz Ensemble,"(1, 1)",Music,,
MUSIC 565,Advanced Ensemble-Woodwind,"(1, 1)",Music,,
MUSIC 567,Advanced Ensemble-Brass,"(1, 1)",Music,,
MUSIC 568,Advanced Ensemble-Percussion,"(1, 1)",Music,,
MUSIC 569,Advanced Ensemble-String,"(1, 1)",Music,,
MUSIC 570,University Symphony Orchestra,"(1, 1)",Music,,
MUSIC 571,Chamber Orchestra,"(1, 1)",Music,,
MUSIC 572,Advanced Ensemble-Classical Guitar,"(1, 1)",Music,,
MUSIC 573,Contemporary Chamber Ensemble,"(1, 1)",Music,,
MUSIC 574,Wind Ensemble,"(1, 1)",Music,,
MUSIC 576,Concert Band,"(1, 1)",Music,,
MUSIC 577,Chorale,"(1, 1)",Music,,
MUSIC 578,Concert Choir,"(1, 1)",Music,,
MUSIC 579,Masters Singers,"(1, 1)",Music,,
MUSIC 591,Organ Literature And Design,"(2, 2)",Music,,
MUSIC 608,Music Community Engagement,"(2, 3)",Music,,
MUSIC/​L I S  619,Music Research Methods And Materials,"(3, 3)",Music,,
MUSIC 621,Renaissance Polyphony,"(3, 3)",Music,,
MUSIC 622,Baroque Counterpoint,"(3, 3)",Music,,
MUSIC 623,Form And Analysis,"(2, 3)",Music,,
MUSIC 624,Form And Analysis Ii,"(2, 3)",Music,,
MUSIC 629,Jazz Theory And Analysis,"(3, 3)",Music,,
MUSIC 632,Graduate Instrumental Conducting Laboratory,"(1, 1)",Music,,
MUSIC 681,Senior Honors Thesis,"(3, 3)",Music,,
MUSIC 682,Senior Honors Thesis,"(3, 3)",Music,,
MUSIC 749,Seminar In Vocal Techniques,"(2, 2)",Music,,
MUSIC 751,Seminar In Piano Pedagogy,"(3, 3)",Music,,
MUSIC 752,Piano Pedagogy Workshop,"(1, 1)",Music,,
MUSIC 791,Seminar In Piano Literature,"(3, 3)",Music,,
MUSIC 792,Seminar In Vocal Literature,"(3, 3)",Music,,
MUSIC 796,Seminar In Duo Sonata Literature,"(3, 3)",Music,,
MUSIC 798,Seminar-Instrumental Literature,"(2, 2)",Music,,
MUSIC 799,Independent Work,"(1, 3)",Music,,
MUSIC 821,Historical Music Theories 1,"(3, 3)",Music,,
MUSIC 822,Historical Music Theories 2,"(3, 3)",Music,,
MUSIC 823,Schenkerian Analysis,"(3, 3)",Music,,
MUSIC 824,Post-Tonal Analysis,"(3, 3)",Music,,
MUSIC 911,Seminar In Musicology,"(3, 3)",Music,,
MUSIC/​FOLKLORE  915,Seminar In Ethnomusicology,"(3, 3)",Music,,
MUSIC 921,Current Issues In Musical Thought 1,"(3, 3)",Music,,
MUSIC 923,Seminar In Notation,"(3, 3)",Music,,
MUSIC 926,Topics In Music Analysis 2,"(3, 3)",Music,,
MUSIC 927,Seminar In Composition,"(3, 3)",Music,,
MUSIC/​CURRIC  946,Past Perspectives On Music Education,"(3, 3)",Music,,
MUSIC 990,Masters Thesis,"(1, 4)",Music,,
MUSIC 999,Phd Diss/Dma Project,"(1, 3)",Music,,
MUS PERF 21,Brass Fundamentals,"(1, 1)",Performance,,
MUS PERF 22,Strings Fundamentals,"(1, 1)",Performance,,
MUS PERF 23,Woodwind Fundamentals,"(1, 1)",Performance,,
MUS PERF 27,Fundamentals-Percussion,"(1, 1)",Performance,,
MUS PERF 44,Study Abroad: Beginning Instruction In Music Performance,"(1, 1)",Performance,,
MUS PERF 49,Basic Oboe,"(1, 2)",Performance,,
MUS PERF 51,Basic Clarinet,"(1, 2)",Performance,,
MUS PERF 61,Basic Trombone,"(1, 2)",Performance,,
MUS PERF 65,Basic Tuba,"(1, 2)",Performance,,
MUS PERF 76,Basic Guitar,"(1, 2)",Performance,,
MUS PERF 77,Basic String Bass,"(1, 2)",Performance,,
MUS PERF 79,Basic Harp,"(1, 2)",Performance,,
MUS PERF 101,Beginning Class Piano,"(2, 2)",Performance,,
MUS PERF 102,Beginning Class Piano,"(2, 2)",Performance,,
MUS PERF 103,Elementary Class Piano,"(2, 2)",Performance,,
MUS PERF 104,Intermediate Class Piano,"(2, 2)",Performance,,
MUS PERF 108,Jazz Class Piano,"(2, 2)",Performance,,
MUS PERF 143,Introduction To Performance: Voice,"(1, 1)",Performance,,
MUS PERF 144,Vocal Instruction For Non-Voice Majors,"(1, 2)",Performance,,
MUS PERF 146,Music Lessons For Non-Majors,"(1, 2)",Performance,,
MUS PERF 147,First Year Composition,"(3, 3)",Performance,,
MUS PERF 148,First Year Composition,"(3, 3)",Performance,,
MUS PERF 200,Elementary/Intermediate Piano For Non-Piano Majors,"(2, 2)",Performance,,
MUS PERF 201,Elementary/Intermediate Piano,"(2, 4)",Performance,,
MUS PERF 202,Elementary/Intermediate Harpsichord,"(2, 4)",Performance,,
MUS PERF 203,Elementary/Intermediate Organ,"(2, 4)",Performance,,
MUS PERF 205,Elementary/Intermediate Voice,"(2, 4)",Performance,,
MUS PERF 207,Elementary/Intermediate Flute,"(2, 4)",Performance,,
MUS PERF 209,Elementary/Intermediate Oboe,"(2, 4)",Performance,,
MUS PERF 211,Elementary/Intermediate Clarinet,"(2, 4)",Performance,,
MUS PERF 213,Elementary/Intermediate Saxophone,"(2, 4)",Performance,,
MUS PERF 215,Elementary/Intermediate Bassoon,"(2, 4)",Performance,,
MUS PERF 217,Elementary/Intermediate Horn,"(2, 4)",Performance,,
MUS PERF 219,Elementary/Intermediate Trumpet,"(2, 4)",Performance,,
MUS PERF 221,Elementary/Intermediate Trombone,"(2, 4)",Performance,,
MUS PERF 223,Elementary/Intermediate Euphonium,"(2, 4)",Performance,,
MUS PERF 225,Elementary/Intermediate Tuba,"(2, 4)",Performance,,
MUS PERF 227,Elementary/Intermediate Percussion,"(2, 4)",Performance,,
MUS PERF 231,Elementary/Intermediate Violin,"(2, 4)",Performance,,
MUS PERF 233,Elementary/Intermediate Viola,"(2, 4)",Performance,,
MUS PERF 235,Elementary/Intermediate Cello,"(2, 4)",Performance,,
MUS PERF 237,Elementary/Intermediate Double Bass,"(2, 4)",Performance,,
MUS PERF 239,Elementary/Intermediate Harp,"(2, 4)",Performance,,
MUS PERF 240,Elementary/Intermediate Guitar,"(2, 4)",Performance,,
MUS PERF 241,Elementary/Intermediate Jazz Studio Instruction,"(2, 4)",Performance,,
MUS PERF 242,Accompanying,"(2, 2)",Performance,,
MUS PERF 247,Second Year Composition,"(3, 3)",Performance,,
MUS PERF 248,Second Year Composition,"(3, 3)",Performance,,
MUS PERF 251,Keyboard Skills,"(2, 2)",Performance,,
MUS PERF 311,Advanced Techniques: Clarinet,"(1, 2)",Performance,,
MUS PERF 333,Advanced Techniques: Viola,"(1, 2)",Performance,,
MUS PERF 339,Advanced Techniques: Harp,"(1, 2)",Performance,,
MUS PERF 342,Piano Accompanying Lab,"(1, 1)",Performance,,
MUS PERF 347,Third Year Composition,"(3, 3)",Performance,,
MUS PERF 348,Third Year Composition,"(3, 3)",Performance,,
MUS PERF 401,Advanced Piano,"(2, 4)",Performance,,
MUS PERF 402,Advanced Harpsichord,"(2, 4)",Performance,,
MUS PERF 403,Advanced Organ,"(2, 4)",Performance,,
MUS PERF 405,Advanced Voice,"(2, 4)",Performance,,
MUS PERF 407,Advanced Flute,"(2, 4)",Performance,,
MUS PERF 409,Advanced Oboe,"(2, 4)",Performance,,
MUS PERF 411,Advanced Clarinet,"(2, 4)",Performance,,
MUS PERF 413,Advanced Saxophone,"(2, 4)",Performance,,
MUS PERF 415,Advanced Bassoon,"(2, 4)",Performance,,
MUS PERF 417,Advanced Horn,"(2, 4)",Performance,,
MUS PERF 419,Advanced Trumpet,"(2, 4)",Performance,,
MUS PERF 421,Advanced Trombone,"(2, 4)",Performance,,
MUS PERF 423,Advanced Euphonium,"(2, 4)",Performance,,
MUS PERF 425,Advanced Tuba,"(2, 4)",Performance,,
MUS PERF 427,Advanced Percussion,"(2, 4)",Performance,,
MUS PERF 431,Advanced Violin,"(2, 4)",Performance,,
MUS PERF 433,Advanced Viola,"(2, 4)",Performance,,
MUS PERF 435,Advanced Cello,"(2, 4)",Performance,,
MUS PERF 437,Advanced Double Bass,"(2, 4)",Performance,,
MUS PERF 439,Advanced Harp,"(2, 4)",Performance,,
MUS PERF 440,Advanced Guitar,"(2, 4)",Performance,,
MUS PERF 441,Advanced Jazz Studio Instruction,"(2, 4)",Performance,,
MUS PERF 447,Fourth Year Composition,"(3, 3)",Performance,,
MUS PERF 448,Fourth Year Composition,"(3, 3)",Performance,,
MUS PERF 457,Jazz Composition And Arranging,"(3, 3)",Performance,,
MUS PERF 458,Jazz Composition And Arranging,"(3, 3)",Performance,,
MUS PERF 499,Senior Recital,"(2, 2)",Performance,,
MUS PERF 501,Masters Level-Piano,"(4, 4)",Performance,,
MUS PERF 505,Masters Level-Voice,"(4, 4)",Performance,,
MUS PERF 507,Masters Level-Flute,"(4, 4)",Performance,,
MUS PERF 509,Masters Level-Oboe,"(4, 4)",Performance,,
MUS PERF 511,Masters Level-Clarinet,"(4, 4)",Performance,,
MUS PERF 513,Masters Level-Saxophone,"(4, 4)",Performance,,
MUS PERF 515,Masters Level-Bassoon,"(4, 4)",Performance,,
MUS PERF 517,Masters Level-Horn,"(4, 4)",Performance,,
MUS PERF 519,Masters Level-Trumpet,"(4, 4)",Performance,,
MUS PERF 521,Masters Level-Trombone,"(4, 4)",Performance,,
MUS PERF 523,Masters Level-Euphonium,"(4, 4)",Performance,,
MUS PERF 525,Masters Level-Tuba,"(4, 4)",Performance,,
MUS PERF 527,Masters Level-Percussion,"(4, 4)",Performance,,
MUS PERF 531,Masters Level-Violin,"(4, 4)",Performance,,
MUS PERF 532,Advanced Conducting,"(2, 2)",Performance,,
MUS PERF 533,Masters Level-Viola,"(4, 4)",Performance,,
MUS PERF 535,Masters Level-Cello,"(4, 4)",Performance,,
MUS PERF 537,Master'S Level Double Bass,"(4, 4)",Performance,,
MUS PERF 539,Master'S Level Harp,"(4, 4)",Performance,,
MUS PERF 540,Masters Level-Guitar,"(4, 4)",Performance,,
MUS PERF 541,Masters Level Jazz Studio Instruction,"(4, 4)",Performance,,
MUS PERF 542,Advanced Accompanying,"(2, 3)",Performance,,
MUS PERF 547,Masters Level Composition,"(3, 3)",Performance,,
MUS PERF 548,Masters Level Composition,"(3, 3)",Performance,,
MUS PERF 561,Organ Improvisation And Liturgy,"(2, 2)",Performance,,
MUS PERF 562,Organ Improvisation And Liturgy,"(2, 2)",Performance,,
MUS PERF 701,Doctoral Level-Piano,"(4, 4)",Performance,,
MUS PERF 703,Doctoral Level-Organ,"(4, 4)",Performance,,
MUS PERF 705,Doctoral Level-Voice,"(4, 4)",Performance,,
MUS PERF 707,Doctoral Level-Flute,"(4, 4)",Performance,,
MUS PERF 709,Doctoral Level-Oboe,"(4, 4)",Performance,,
MUS PERF 711,Doctoral Level-Clarinet,"(4, 4)",Performance,,
MUS PERF 713,Doctoral Level-Saxophone,"(4, 4)",Performance,,
MUS PERF 715,Doctoral Level-Bassoon,"(4, 4)",Performance,,
MUS PERF 717,Doctoral Level-Horn,"(4, 4)",Performance,,
MUS PERF 719,Doctoral Level-Trumpet,"(4, 4)",Performance,,
MUS PERF 721,Doctoral Level-Trombone,"(4, 4)",Performance,,
MUS PERF 723,Doctoral Level Euphonium,"(4, 4)",Performance,,
MUS PERF 725,Doctoral Level Tuba,"(4, 4)",Performance,,
MUS PERF 727,Doctoral Level Percussion,"(4, 4)",Performance,,
MUS PERF 731,Doctoral Level-Violin,"(4, 4)",Performance,,
MUS PERF 732,Doctoral Level Conducting,"(2, 2)",Performance,,
MUS PERF 733,Doctoral Level-Viola,"(4, 4)",Performance,,
MUS PERF 735,Doctoral Level-Cello,"(4, 4)",Performance,,
MUS PERF 737,Doctoral Level Double Bass,"(4, 4)",Performance,,
MUS PERF 740,Doctoral Level-Guitar,"(4, 4)",Performance,,
MUS PERF 742,Doctoral Level Private Instruction In Accompanying,"(2, 2)",Performance,,
MUS PERF 747,Doctoral Level Composition,"(3, 3)",Performance,,
MUS PERF 748,Doctoral Level Composition,"(3, 3)",Performance,,
MUS PERF 990,Masters Recital,"(1, 4)",Performance,,
MUS PERF 999,Dma Recital,"(1, 1)",Performance,,
NAV SCI 101,Introduction To Naval Science,"(2, 2)",Naval Science,,
NAV SCI 102,Seapower-Maritime Affairs,"(3, 3)",Naval Science,,
NAV SCI 175,Introductory Naval Laboratory I,"(0, 1)",Naval Science,,
NAV SCI 176,Introductory Naval Laboratory Ii,"(0, 1)",Naval Science,,
NAV SCI 201,Naval Leadership And Management,"(3, 3)",Naval Science,,
NAV SCI 202,Navigation,"(3, 3)",Naval Science,,
NAV SCI 275,Elementary Naval Laboratory I,"(0, 1)",Naval Science,,
NAV SCI 276,Elementary Naval Laboratory Ii,"(0, 1)",Naval Science,,
NAV SCI 301,Naval Engineering,"(3, 3)",Naval Science,,
NAV SCI 302,Naval Weapons,"(3, 3)",Naval Science,,
NAV SCI 350,Fundamentals Of Maneuver Warfare,"(3, 3)",Naval Science,,
NAV SCI 351,Land Campaigns,"(3, 3)",Naval Science,,
NAV SCI 375,Intermediate Naval Laboratory I,"(0, 1)",Naval Science,,
NAV SCI 376,Intermediate Naval Laboratory Ii,"(0, 1)",Naval Science,,
NAV SCI 401,Naval Operations,"(3, 3)",Naval Science,,
NAV SCI 402,Naval Leadership And Ethics,"(3, 3)",Naval Science,,
NAV SCI 475,Advanced Naval Laboratory I,"(0, 1)",Naval Science,,
NAV SCI 476,Advanced Naval Laboratory Ii,"(0, 1)",Naval Science,,
NAV SCI 575,Professional Naval Laboratory I,"(0, 1)",Naval Science,,
NAV SCI 576,Professional Naval Laboratory Ii,"(0, 1)",Naval Science,,
NEURSURG 699,Neurosurgery: Directed In Study In Research,"(1, 3)",Neurological Surgery,,
NEURSURG 919,Individualized Neurological Surgery Elective,"(2, 4)",Neurological Surgery,,
NEURSURG 921,Inpatient Neuro Icu Elective,"(1, 12)",Neurological Surgery,,
NEUROL 699,Directed Research In Neurology,"(1, 3)",Neurology,,
NEUROL 735,Neurobiology Of Disease,"(2, 2)",Neurology,,
NEUROL 910,Independent Reading And Research For Fourth Year Medical Students,"(1, 12)",Neurology,,
NEUROL 913,Cognition And Neuroanatomy,"(2, 2)",Neurology,,
NEUROL 914,"Neurology, Diet & Neurological Disorders","(2, 2)",Neurology,,
NEUROL 919,Neurology Individualized Clinical Elective,"(1, 12)",Neurology,,
NEUROL 990,Research Special Neurological Fields,"(1, 12)",Neurology,,
NEURODPT/​NTP  610,Cellular And Molecular Neuroscience,"(4, 4)",Neuroscience,,
NEURODPT/​NTP/​PSYCH  611,Systems Neuroscience,"(4, 4)",Neuroscience,,
NEURODPT/​ZOOLOGY  616,Lab Course In Neurobiology And Behavior,"(4, 4)",Neuroscience,,
NEURODPT/​NTP  629,Molecular And Cellular Mechanisms Of Memory,"(3, 3)",Neuroscience,,
NEURODPT/​NTP  640,Computational Neuroscience: From Single Cells To Whole Brain Models,"(3, 3)",Neuroscience,,
NEURODPT/​PSYCH/​ZOOLOGY  674,Behavioral Neuroendocrinology Seminar,"(2, 2)",Neuroscience,,
NEURODPT 675,Selected Topics In Physiology,"(1, 3)",Neuroscience,,
NEURODPT 699,Directed Study,"(1, 4)",Neuroscience,,
NEURODPT 747,Sensory And Motor Systems,"(2, 2)",Neuroscience,,
NEURODPT/​NTP/​ZOOLOGY  765,Developmental Neuroscience,"(3, 3)",Neuroscience,,
NEURODPT 990,Research And Thesis,"(1, 9)",Neuroscience,,
NTP/​NEURODPT  610,Cellular And Molecular Neuroscience,"(4, 4)",Neuroscience Training Program,,
NTP/​NEURODPT/​PSYCH  611,Systems Neuroscience,"(4, 4)",Neuroscience Training Program,,
NTP/​ANTHRO/​PSYCH/​ZOOLOGY  619,Biology Of Mind,"(3, 3)",Neuroscience Training Program,,
NTP/​ZOOLOGY  620,Neuroethology Seminar,"(2, 2)",Neuroscience Training Program,,
NTP/​NEURODPT  629,Molecular And Cellular Mechanisms Of Memory,"(3, 3)",Neuroscience Training Program,,
NTP/​NEURODPT  640,Computational Neuroscience: From Single Cells To Whole Brain Models,"(3, 3)",Neuroscience Training Program,,
NTP/​MED PHYS  651,Methods For Neuroimaging Research,"(3, 3)",Neuroscience Training Program,,
NTP 660,Neuroscience & Public Policy Seminar,"(1, 2)",Neuroscience Training Program,,
NTP 666,Neuroscience Of Consciousness And Its Disorders,"(3, 3)",Neuroscience Training Program,,
NTP 675,Special Topics,"(1, 3)",Neuroscience Training Program,,
NTP 677,Basic Sleep Mechanisms And Sleep Disorders: From Neurobiology To Sleep Medicine,"(3, 3)",Neuroscience Training Program,,
NTP 700,Professional Development For Biomedical Graduate Students,"(1, 1)",Neuroscience Training Program,,
NTP 701,Experimental Design And Statistical Methodology,"(1, 1)",Neuroscience Training Program,,
NTP/​NEURODPT/​ZOOLOGY  765,Developmental Neuroscience,"(3, 3)",Neuroscience Training Program,,
NTP 900,Neuroscience Seminar: Current Topics In Neurobiology,"(1, 1)",Neuroscience Training Program,,
NTP 990,Research And Thesis,"(1, 12)",Neuroscience Training Program,,
N E 1,Cooperative Education Program,"(1, 1)",Nuclear Engineering,,
N E 231,Introduction To Nuclear Engineering,"(3, 3)",Nuclear Engineering,,
N E 234,Principles And Practice Of Nuclear Reactor Operations,"(4, 4)",Nuclear Engineering,,
N E 305,Fundamentals Of Nuclear Engineering,"(3, 3)",Nuclear Engineering,,
N E 405,Nuclear Reactor Theory,"(3, 3)",Nuclear Engineering,,
N E 408,Ionizing Radiation,"(3, 3)",Nuclear Engineering,,
N E 411,Nuclear Reactor Engineering,"(3, 3)",Nuclear Engineering,,
N E 412,Nuclear Reactor Design,"(5, 5)",Nuclear Engineering,,
N E/​M S & E  423,Nuclear Engineering Materials,"(3, 3)",Nuclear Engineering,,
N E 424,Nuclear Materials Laboratory,"(1, 1)",Nuclear Engineering,,
N E 427,Nuclear Instrumentation Laboratory,"(2, 2)",Nuclear Engineering,,
N E 428,Nuclear Reactor Laboratory,"(2, 2)",Nuclear Engineering,,
N E/​M S & E  433,Principles Of Corrosion,"(3, 3)",Nuclear Engineering,,
N E 489,Honors In Research,"(1, 3)",Nuclear Engineering,,
N E 505,Nuclear Reactor Analysis,"(3, 3)",Nuclear Engineering,,
N E/​MED PHYS  506,Monte Carlo Radiation Transport,"(3, 3)",Nuclear Engineering,,
N E/​M E  520,Two-Phase Flow And Heat Transfer,"(3, 3)",Nuclear Engineering,,
N E/​E C E/​PHYSICS  525,Introduction To Plasmas,"(3, 3)",Nuclear Engineering,,
N E 526,Laboratory Course In Plasmas,"(3, 3)",Nuclear Engineering,,
N E/​E C E/​PHYSICS  527,Plasma Confinement And Heating,"(3, 3)",Nuclear Engineering,,
N E/​E C E  528,Plasma Processing And Technology,"(3, 3)",Nuclear Engineering,,
N E 536,Feasibility Of Fusion Power Plants Based On Controlled Nuclear Fusion,"(3, 3)",Nuclear Engineering,,
N E 541,Radiation Damage In Metals,"(3, 3)",Nuclear Engineering,,
N E 545,Materials Degradation In Advanced Nuclear Reactor Environments,"(3, 3)",Nuclear Engineering,,
N E 550,Advanced Nuclear Power Engineering,"(3, 3)",Nuclear Engineering,,
N E 555,Nuclear Reactor Dynamics,"(3, 3)",Nuclear Engineering,,
N E/​M E  565,Power Plant Technology,"(3, 3)",Nuclear Engineering,,
N E/​MED PHYS  569,Health Physics And Biological Effects,"(3, 4)",Nuclear Engineering,,
N E 571,Economic And Environmental Aspects Of Nuclear Energy,"(3, 3)",Nuclear Engineering,,
N E/​I SY E  574,Methods For Probabilistic Risk Analysis Of Nuclear Power Plants,"(3, 3)",Nuclear Engineering,,
N E 602,Special Topics In Reactor Engineering,"(0, 3)",Nuclear Engineering,,
N E 699,Advanced Independent Study,"(0, 3)",Nuclear Engineering,,
N E 705,Advanced Reactor Theory,"(3, 3)",Nuclear Engineering,,
N E/​C&E SOC/​I SY E/​SOC  708,Societal Risk Management Of Technological Hazards,"(3, 3)",Nuclear Engineering,,
N E/​E C E/​PHYSICS  724,Waves And Instabilities In Plasmas,"(3, 3)",Nuclear Engineering,,
N E/​E C E/​PHYSICS  725,Plasma Kinetic Theory And Radiation Processes,"(3, 3)",Nuclear Engineering,,
N E/​E C E/​PHYSICS  726,Plasma Magnetohydrodynamics,"(3, 3)",Nuclear Engineering,,
N E 741,Interaction Of Radiation With Matter,"(3, 3)",Nuclear Engineering,,
N E/​E C E/​PHYSICS  749,Coherent Generation And Particle Beams,"(3, 3)",Nuclear Engineering,,
N E 790,Master'S Research And Thesis,"(1, 9)",Nuclear Engineering,,
N E 890,Pre-Dissertator'S Research,"(1, 9)",Nuclear Engineering,,
N E 903,Special Topics-Plasma Physics,"(0, 3)",Nuclear Engineering,,
N E/​E C E/​PHYSICS  922,Seminar In Plasma Physics,"(0, 1)",Nuclear Engineering,,
N E 990,Research And Thesis,"(1, 6)",Nuclear Engineering,,
N E 999,Advanced Independent Study,"(1, 3)",Nuclear Engineering,,
NURSING 100,Introduction To The Nursing Profession,"(1, 1)",Nursing,,
NURSING/​S&A PHM/​SOC WORK  105,Health Care Systems: Interdisciplinary Approach,"(2, 2)",Nursing,,
NURSING 299,Independent Reading,"(1, 3)",Nursing,,
NURSING 313,Foundations Of Nursing Practice,"(2, 3)",Nursing,,
NURSING 314,Health Promotion And Disease Prevention Across The Lifespan,"(3, 3)",Nursing,,
NURSING 315,Professionalism In Nursing Practice,"(1, 2)",Nursing,,
NURSING 316,Foundations Of Nursing Practice: Experiential Learning,"(4, 5)",Nursing,,
NURSING 317,Pharmacology Essentials For Nursing Practice,"(2, 3)",Nursing,,
NURSING 318,Pathophysiology Essentials For Nursing Practice,"(3, 3)",Nursing,,
NURSING 323,Health And Illness Concepts With Individuals And Families,"(4, 4)",Nursing,,
NURSING 324,"Meeting The Psychosocial Health Needs Of Individuals, Families, And Communities","(3, 3)",Nursing,,
NURSING 325,Professionalism In Health Care Settings,"(2, 2)",Nursing,,
NURSING 326,Health And Illness Concepts With Individuals And Families: Experiential Learning,"(4, 4)",Nursing,,
NURSING 400,Study Abroad In Nursing,"(1, 6)",Nursing,,
NURSING 430,Perinatal Nursing,"(2, 2)",Nursing,,
NURSING 431,Nursing Care Of Children & Their Families,"(2, 2)",Nursing,,
NURSING 432,Population Health Nursing,"(2, 2)",Nursing,,
NURSING 433,Nursing Care Of The Older Adult,"(2, 2)",Nursing,,
NURSING 434,"Health And Illness Concepts With Individuals, Families, And Communities","(4, 5)",Nursing,,
NURSING 435,Evidence-Based Practice,"(1, 1)",Nursing,,
NURSING 436,"Health And Illness Concepts With Individuals, Families, And Communities: Experiential Learning","(1, 4)",Nursing,,
NURSING 437,Social Justice In Local And Global Settings,"(2, 3)",Nursing,,
NURSING 442,"Health Systems, Policy, And Economics","(2, 2)",Nursing,,
NURSING 443,Advanced Concepts In Complex Nursing Practice,"(5, 5)",Nursing,,
NURSING 444,"Health Systems, Policy, Economics, And Research","(3, 3)",Nursing,,
NURSING 445,Transformative Nursing Capstone,"(1, 1)",Nursing,,
NURSING 446,Advanced Concepts In Complex Nursing Practice: Experiential Learning,"(2, 5)",Nursing,,
NURSING 447,Scholarship For Evidence-Based Practice,"(2, 2)",Nursing,,
NURSING 448,Leadership In The Profession Of Nursing,"(2, 2)",Nursing,,
NURSING/​MEDICINE/​PHM PRAC/​SOC WORK  467,Interprofessional Collaborative Practice In Hiv Care,"(1, 1)",Nursing,,
NURSING 470,School Nursing In The Context Of Community Health Practice,"(2, 3)",Nursing,,
NURSING 510,Culturally Congruent Practice,"(3, 3)",Nursing,,
NURSING 511,Community Supports For People With Dementia,"(2, 3)",Nursing,,
NURSING 512,Functional Health And Lifestyle Practice,"(2, 2)",Nursing,,
NURSING 513,"Introduction To Relaxation: Mind, Body, & Spirit","(2, 2)",Nursing,,
NURSING/​L I S  517,Digital Health: Information And Technologies Supporting Consumers And Patients,"(3, 3)",Nursing,,
NURSING/​KINES  523,Clinical Exercise Testing & Training,"(3, 3)",Nursing,,
NURSING 564,Nursing And Health Informatics,"(3, 3)",Nursing,,
NURSING 590,Contemporary Practices In Nursing,"(1, 4)",Nursing,,
NURSING 601,Advanced Health Assessment,"(3, 3)",Nursing,,
NURSING/​PHM PRAC  605,Pharmacotherapeutics For Advanced Practice Nurses,"(3, 3)",Nursing,,
NURSING 657,Clinical Psychopharmacology,"(3, 3)",Nursing,,
NURSING/​PHM PRAC  674,Seminars In Interprofessional Mental Health Care,"(2, 2)",Nursing,,
NURSING 679,Nursing Honors Research Seminar,"(2, 2)",Nursing,,
NURSING 681,Senior Honors Thesis,"(1, 2)",Nursing,,
NURSING 682,Senior Honors Thesis,"(1, 2)",Nursing,,
NURSING 698,Directed Study In Nursing,"(1, 6)",Nursing,,
NURSING 699,Directed Study In Nursing,"(1, 4)",Nursing,,
NURSING 702,Health Promotion And Disease Prevention In Diverse Communities,"(3, 3)",Nursing,,
NURSING 703,Health Care And Public Policy,"(3, 3)",Nursing,,
NURSING 704,Leadership In Advanced Practice Nursing I,"(3, 3)",Nursing,,
NURSING/​MEDICINE/​POP HLTH  705,Seminar In Interdisciplinary Clinical Research Evidence,"(2, 3)",Nursing,,
NURSING 706,Nursing Research,"(3, 3)",Nursing,,
NURSING 708,Ethics For Advanced Practice In Health Care,"(2, 2)",Nursing,,
NURSING 709,Leadership Foundations: The Discipline Of Nursing,"(2, 2)",Nursing,,
NURSING 711,Business Concepts In Healthcare,"(3, 3)",Nursing,,
NURSING 712,Health Systems Leadership And Innovation Practicum I,"(3, 3)",Nursing,,
NURSING 713,Health Systems Leadership And Innovation Practicum Ii,"(3, 3)",Nursing,,
NURSING 714,Advanced Health Systems Leadership And Innovation,"(3, 3)",Nursing,,
NURSING 715,Evaluation Of Health Informatics Solutions,"(3, 3)",Nursing,,
NURSING 719,Independent Field Study In Clinical Nursing,"(1, 6)",Nursing,,
NURSING 720,Population Health Practicum I: Working In The Aggregate,"(3, 3)",Nursing,,
NURSING 721,Population Health Practicum Ii: Community Action And Collective Impact,"(3, 3)",Nursing,,
NURSING 722,Advanced Practice Nursing Theory: Adults And Older Adults,"(3, 3)",Nursing,,
NURSING 723,Population Health Theory And Methods Seminar I: Contemporary Issues & Population Health Ethics,"(2, 2)",Nursing,,
NURSING 724,"Pop Health Theory & Methods Seminar Ii: Interdis Practice, Collective Impact & Coalition Building","(2, 2)",Nursing,,
NURSING 725,Population Health Theory And Methods Seminar Iii: Emerging Issues And Specialized Roles,"(2, 2)",Nursing,,
NURSING 726,Foundations For Apn Clinical Practice I,"(3, 3)",Nursing,,
NURSING 727,Foundations For Apn Clinical Practice Ii,"(3, 3)",Nursing,,
NURSING 728,Advanced Practice Clinical Application And Role Development I,"(1, 4)",Nursing,,
NURSING 729,Advanced Practice Clinical Application And Role Development Ii,"(1, 4)",Nursing,,
NURSING 730,Critical Social Theories In Population Health,"(2, 2)",Nursing,,
NURSING 736,Pediatric Assessment For Mental Health Advanced Practice Nurses,"(1, 1)",Nursing,,
NURSING 741,Advanced Practice Nursing Theory: Family Process & Child Development,"(3, 3)",Nursing,,
NURSING/​PHM PRAC/​SOC WORK  746,Interdisciplinary Care Of Children With Special Health Care Needs,"(3, 3)",Nursing,,
NURSING 751,Advanced Practice Nursing Theory: Psychiatric Mental Health,"(3, 3)",Nursing,,
NURSING/​PHARMACY/​PHY ASST/​PHY THER/​PUBLHLTH  758,Interprofessional Public Health Leadership,"(1, 1)",Nursing,,
NURSING 761,"Health Program Planning, Evaluation, And Quality Improvement","(3, 3)",Nursing,,
NURSING 764,Nursing And Health Informatics,"(3, 3)",Nursing,,
NURSING/​LAW  768,Health Justice Clinic,"(1, 7)",Nursing,,
NURSING 772,Leadership And Organizational Decision-Making In Health Care,"(3, 3)",Nursing,,
NURSING 784,Teaching And Learning Strategies For Clinical And Simulation Environments In Healthcare Professions,"(3, 3)",Nursing,,
NURSING 785,Foundations Of Curriculum Development And Evaluation For Healthcare Professions,"(3, 3)",Nursing,,
NURSING 786,Teaching And Learning Strategies For The Classroom And Online Environments In Healthcare Professions,"(3, 3)",Nursing,,
NURSING 787,Teaching And Learning In Healthcare Professions Practicum,"(3, 3)",Nursing,,
NURSING 798,Master'S Research Practicum,"(3, 3)",Nursing,,
NURSING 799,Independent Study,"(1, 6)",Nursing,,
NURSING 800,Health Equity In Nursing And Health Research,"(2, 2)",Nursing,,
NURSING 801,Theory In Nursing Research,"(2, 2)",Nursing,,
NURSING 802,Ethics And The Responsible Conduct Of Research,"(1, 1)",Nursing,,
NURSING 803,Quantitative Design And Methods,"(4, 4)",Nursing,,
NURSING 804,Qualitative Design And Methods,"(3, 3)",Nursing,,
NURSING 805,Measurement In Health Research,"(3, 3)",Nursing,,
NURSING 806,Evaluation And Application Of Evidence-Based Practice,"(3, 3)",Nursing,,
NURSING 807,Grounded Theory Research,"(3, 3)",Nursing,,
NURSING 811,Advanced Pathophysiology,"(3, 3)",Nursing,,
NURSING 815,Knowledge Development In Nursing,"(3, 3)",Nursing,,
NURSING 816,Proseminar In Nursing Research,"(1, 1)",Nursing,,
NURSING 818,Patient-Centered Research,"(3, 3)",Nursing,,
NURSING 819,Clinical Field Practicum - Research In Health Care Settings,"(3, 3)",Nursing,,
NURSING 826,Foundations For Apn Clinical Practice Iii,"(3, 3)",Nursing,,
NURSING 828,Clinical Leadership Iii,"(1, 4)",Nursing,,
NURSING 829,Clinical Leadership Iv,"(1, 4)",Nursing,,
NURSING 830,"Leadership, Role Development, And Resource Stewardship Practicum","(3, 3)",Nursing,,
NURSING 847,Health Policy Practicum,"(3, 3)",Nursing,,
NURSING/​ED PSYCH/​HDFS/​SOC WORK  880,Prevention Science,"(3, 3)",Nursing,,
NURSING/​ED PSYCH/​HDFS/​SOC WORK  881,Capstone Seminar In Prevention Science,"(1, 1)",Nursing,,
NURSING 906,Scholarly Project,"(1, 4)",Nursing,,
NURSING 990,Thesis Research,"(1, 9)",Nursing,,
NURSING 999,Advanced Independent Study,"(1, 9)",Nursing,,
NUTR SCI 100,Fueling Your Future With Careers In Nutrition,"(1, 1)",Nutritional Sciences,,
NUTR SCI 132,Nutrition Today,"(3, 3)",Nutritional Sciences,,
NUTR SCI 200,Professional Skills  In Dietetics,"(1, 1)",Nutritional Sciences,,
NUTR SCI/​ENTOM  203,Introduction To Global Health,"(3, 3)",Nutritional Sciences,,
NUTR SCI 289,Honors Independent Study,"(1, 2)",Nutritional Sciences,,
NUTR SCI 299,Independent Study,"(1, 3)",Nutritional Sciences,,
NUTR SCI/​AN SCI/​DY SCI  311,Comparative Animal Nutrition,"(3, 3)",Nutritional Sciences,,
NUTR SCI 332,Human Nutritional Needs,"(3, 3)",Nutritional Sciences,,
NUTR SCI/​A A E/​AGRONOMY  350,World Hunger And Malnutrition,"(3, 3)",Nutritional Sciences,,
NUTR SCI 375,Special Topics,"(1, 4)",Nutritional Sciences,,
NUTR SCI 377,Cultural Aspects Of Food And Nutrition,"(3, 3)",Nutritional Sciences,,
NUTR SCI 379,Introduction To Epidemiology,"(3, 3)",Nutritional Sciences,,
NUTR SCI 399,Coordinative Internship/Cooperative Education,"(1, 8)",Nutritional Sciences,,
NUTR SCI 400,Study Abroad In Nutritional Sciences,"(1, 6)",Nutritional Sciences,,
NUTR SCI/​INTER-AG  421,Global Health Field Experience,"(1, 4)",Nutritional Sciences,,
NUTR SCI 431,Nutrition In The Life Span,"(3, 3)",Nutritional Sciences,,
NUTR SCI 500,Undergraduate Capstone Seminar Laboratory,"(1, 1)",Nutritional Sciences,,
NUTR SCI/​BIOCHEM  510,Nutritional Biochemistry And Metabolism,"(3, 3)",Nutritional Sciences,,
NUTR SCI/​KINES  525,Nutrition In Physical Activity And Health,"(3, 3)",Nutritional Sciences,,
NUTR SCI 540,Community Nutrition And Health Equity,"(3, 3)",Nutritional Sciences,,
NUTR SCI 550,Nutrition And Counseling For Athletic Performance,"(2, 2)",Nutritional Sciences,,
NUTR SCI/​BIOCHEM  560,Principles Of Human Disease And Biotechnology,"(2, 2)",Nutritional Sciences,,
NUTR SCI 600,Introductory Seminar In Nutrition,"(1, 1)",Nutritional Sciences,,
NUTR SCI 618,Research Approaches In The Era Of Precision Nutrition,"(3, 3)",Nutritional Sciences,,
NUTR SCI/​BIOCHEM  619,Advanced Nutrition: Intermediary Metabolism Of Macronutrients,"(3, 3)",Nutritional Sciences,,
NUTR SCI/​POP HLTH  621,Introduction To Nutritional Epidemiology,"(1, 1)",Nutritional Sciences,,
NUTR SCI 623,Advanced Nutrition: Minerals,"(1, 1)",Nutritional Sciences,,
NUTR SCI 625,Advanced Nutrition: Obesity And Diabetes,"(1, 1)",Nutritional Sciences,,
NUTR SCI/​AN SCI  626,Experimental Diet Design,"(1, 1)",Nutritional Sciences,,
NUTR SCI 627,Advanced Nutrition: Vitamins,"(1, 1)",Nutritional Sciences,,
NUTR SCI 631,Clinical Nutrition I,"(3, 3)",Nutritional Sciences,,
NUTR SCI 632,Clinical Nutrition Ii,"(3, 3)",Nutritional Sciences,,
NUTR SCI 641,Applications In Clinical Nutrition I,"(1, 1)",Nutritional Sciences,,
NUTR SCI 642,Applications In Clinical Nutrition Ii,"(1, 1)",Nutritional Sciences,,
NUTR SCI/​BIOCHEM  645,Molecular Control Of Metabolism And Metabolic Disease,"(3, 3)",Nutritional Sciences,,
NUTR SCI 650,Advanced Clinical Nutrition: Critical Care And Nutrition Support,"(3, 3)",Nutritional Sciences,,
NUTR SCI 651,Advanced Clinical Nutrition - Pediatrics,"(3, 3)",Nutritional Sciences,,
NUTR SCI 652,Advanced Nutrition Counseling And Education,"(3, 3)",Nutritional Sciences,,
NUTR SCI 653,Clinical Nutrition Research,"(3, 3)",Nutritional Sciences,,
NUTR SCI 655,Nutrition In Aging,"(3, 3)",Nutritional Sciences,,
NUTR SCI 657,Management In Dietetics,"(3, 3)",Nutritional Sciences,,
NUTR SCI 670,Nutrition And Dietetics Practicum I,"(3, 3)",Nutritional Sciences,,
NUTR SCI 671,Nutrition And Dietetics Practicum Ii,"(3, 3)",Nutritional Sciences,,
NUTR SCI 675,Nutraceuticals For Healthcare Professionals,"(1, 1)",Nutritional Sciences,,
NUTR SCI 681,Senior Honors Thesis,"(2, 4)",Nutritional Sciences,,
NUTR SCI 682,Senior Honors Thesis,"(2, 4)",Nutritional Sciences,,
NUTR SCI 691,Senior Thesis-Nutrition,"(1, 4)",Nutritional Sciences,,
NUTR SCI 692,Senior Thesis,"(1, 4)",Nutritional Sciences,,
NUTR SCI 699,Special Problems,"(1, 3)",Nutritional Sciences,,
NUTR SCI 710,Human Energy Metabolism,"(2, 2)",Nutritional Sciences,,
NUTR SCI 711,"Personalized Nutrition: Genetics, Genomics, And Metagenomics","(1, 1)",Nutritional Sciences,,
NUTR SCI 715,Micronutrients: Human Physiology And Disease,"(3, 3)",Nutritional Sciences,,
NUTR SCI 720,Advanced Nutrition Assessment,"(1, 1)",Nutritional Sciences,,
NUTR SCI 721,Nutrition Informatics,"(1, 1)",Nutritional Sciences,,
NUTR SCI 725,Advanced Community Nutrition,"(1, 1)",Nutritional Sciences,,
NUTR SCI 726,Nutritional Management Of Gastrointestinal Disorders,"(3, 3)",Nutritional Sciences,,
NUTR SCI 731,Research In Progress Seminar,"(1, 1)",Nutritional Sciences,,
NUTR SCI 745,Grant Writing For Nutritional Sciences Research,"(2, 2)",Nutritional Sciences,,
NUTR SCI 750,Advanced Sports Nutrition,"(2, 2)",Nutritional Sciences,,
NUTR SCI 799,Practicum In Nutritional Sciences Teaching,"(1, 3)",Nutritional Sciences,,
NUTR SCI 875,Special Topics,"(1, 4)",Nutritional Sciences,,
NUTR SCI 881,Seminar-Topics In Human And Clinical Nutrition,"(1, 1)",Nutritional Sciences,,
NUTR SCI/​BIOCHEM  901,Seminar-Nutrition And Metabolism (Advanced),"(1, 1)",Nutritional Sciences,,
NUTR SCI 931,Seminar-Nutrition,"(1, 1)",Nutritional Sciences,,
NUTR SCI 991,Research Nutrition,"(1, 12)",Nutritional Sciences,,
OBS&GYN 699,Directed Study,"(1, 5)",Obstetrics And Gynecology,,
OBS&GYN 710,Reproductive Endocrine Physiology,"(3, 3)",Obstetrics And Gynecology,,
OBS&GYN 711,Advanced Reproductive Endocrine Physiology,"(2, 2)",Obstetrics And Gynecology,,
OBS&GYN 712,Critical Thinking In Reproductive Endocrine Physiology,"(2, 2)",Obstetrics And Gynecology,,
OBS&GYN/​POP HLTH  807,Reproductive And Perinatal Epidemiology,"(2, 2)",Obstetrics And Gynecology,,
OBS&GYN 909,Obstetrics & Gynecology Internship Prep Course,"(1, 1)",Obstetrics And Gynecology,,
OBS&GYN 910,Independent Reading And Research In Ob/Gyn,"(2, 8)",Obstetrics And Gynecology,,
OBS&GYN 916,"Abortion In Wisconsin And Beyond: Exploring Medical, Public Health, And Social Science Perspectives","(2, 2)",Obstetrics And Gynecology,,
OBS&GYN 917,Race In American Obstetrics & Gynecology,"(2, 2)",Obstetrics And Gynecology,,
OBS&GYN 919,Individualized Obstetrics & Gynecology Elective,"(2, 4)",Obstetrics And Gynecology,,
OBS&GYN 921,Gynecologic Oncology,"(2, 4)",Obstetrics And Gynecology,,
OBS&GYN 934,Obstetric Hospitalist,"(4, 4)",Obstetrics And Gynecology,,
OBS&GYN 935,Teaching In The Clinical Setting,"(2, 2)",Obstetrics And Gynecology,,
OBS&GYN 938,Obstetrics & Gynecology Inpatient Acting Internship,"(4, 4)",Obstetrics And Gynecology,,
OBS&GYN/​AN SCI/​ZOOLOGY  954,Seminar In Endocrinology-Reproductive Physiology,"(0, 1)",Obstetrics And Gynecology,,
OBS&GYN 955,Responsible Conduct Of Research For Biomedical Graduate Students,"(2, 2)",Obstetrics And Gynecology,,
OBS&GYN 956,Advanced Responsible Conduct Of Research For Biomedical Students,"(1, 1)",Obstetrics And Gynecology,,
OBS&GYN 990,Research,"(1, 10)",Obstetrics And Gynecology,,
OCC THER 100,Orientation To Occupational Therapy,"(1, 1)",Occupational Therapy,,
OCC THER 630,Clinical And Functional Anatomy For Occupational Therapists,"(6, 6)",Occupational Therapy,,
OCC THER 640,Applied Neuroanatomy For Allied Health Professionals,"(3, 3)",Occupational Therapy,,
OCC THER 650,Enabling Occupations: Introduction,"(2, 2)",Occupational Therapy,,
OCC THER 651,Clinical Conditions I,"(1, 1)",Occupational Therapy,,
OCC THER 652,Clinical Conditions Ii,"(1, 1)",Occupational Therapy,,
OCC THER 662,Level Ii Fieldwork A,"(6, 6)",Occupational Therapy,,
OCC THER 664,Level Ii Fieldwork B,"(6, 6)",Occupational Therapy,,
OCC THER 710,Professional And Leadership Skills 1: Foundations,"(2, 2)",Occupational Therapy,,
OCC THER 711,Professional And Leadership Skills 2: Effective Interprofessional Relationships,"(2, 2)",Occupational Therapy,,
OCC THER 712,Professional And Leadership Skills 3: Management,"(2, 2)",Occupational Therapy,,
OCC THER 722,Enabling Occupations 1: Adult Focus,"(4, 4)",Occupational Therapy,,
OCC THER 723,Enabling Occupations 2: Adult Focus,"(4, 4)",Occupational Therapy,,
OCC THER 724,Enabling Occupations 3: Mental Health Across The Life Span,"(3, 3)",Occupational Therapy,,
OCC THER 725,Enabling Occupations 4: Pediatrics,"(5, 5)",Occupational Therapy,,
OCC THER 726,Level 1 Fieldwork A: Adult Physical Disabilities,"(1, 1)",Occupational Therapy,,
OCC THER 727,Level 1 Fieldwork B: Community-Based Mental Health,"(1, 1)",Occupational Therapy,,
OCC THER 728,Level 1 Fieldwork C: Pediatrics,"(1, 1)",Occupational Therapy,,
OCC THER 731,Living Well: Wellness Promotion For Graduate Students,"(1, 1)",Occupational Therapy,,
OCC THER 732,Living Well: Designing Occupation-Based Wellness Promotion,"(2, 2)",Occupational Therapy,,
OCC THER 733,Promoting Health And Wellness For Populations,"(3, 3)",Occupational Therapy,,
OCC THER 734,Living Well: Occupation-Based Interventions Promoting Health And Wellness,"(2, 2)",Occupational Therapy,,
OCC THER 770,Evidence Based Practice Lab Practicum,"(2, 2)",Occupational Therapy,,
OCC THER 771,Evidence Based Practice 1: Basics,"(3, 3)",Occupational Therapy,,
OCC THER 772,"Evidence Based Practice 2: Research Design, Methods, And Analysis","(3, 3)",Occupational Therapy,,
OCC THER 773,Evidence Based Practice 3: Research Translation,"(3, 3)",Occupational Therapy,,
OCC THER 811,Applied Leadership And Management In Ot,"(3, 3)",Occupational Therapy,,
OCC THER 812,Current Trends Shaping Occupational Therapy Practice,"(3, 3)",Occupational Therapy,,
OCC THER 813,Advanced Practice In Interprofessional Contexts,"(3, 3)",Occupational Therapy,,
OCC THER 814,Communicating Ot To Interprofessional Audiences,"(2, 2)",Occupational Therapy,,
OCC THER 821,Case Synthesis 1,"(1, 1)",Occupational Therapy,,
OCC THER 822,Case Synthesis 2,"(2, 2)",Occupational Therapy,,
OCC THER 871,Application Of Occupational Therapy Evidence In The Practice Environment,"(2, 2)",Occupational Therapy,,
OCC THER 872,Using Information To Optimize Practice,"(3, 3)",Occupational Therapy,,
OCC THER 873,Advanced Outcome Measurement In Occupational Therapy,"(3, 3)",Occupational Therapy,,
OCC THER 880,Introduction To Capstone,"(1, 1)",Occupational Therapy,,
OCC THER 881,Capstone Project 1,"(3, 3)",Occupational Therapy,,
OCC THER 882,Capstone Project Ii,"(3, 3)",Occupational Therapy,,
OCC THER 883,Doctoral Experiential Component,"(6, 6)",Occupational Therapy,,
ONCOLOGY 401,Introduction To Experimental Oncology,"(2, 2)",Oncology,,
ONCOLOGY/​MICROBIO  545,Topics In Biotechnology,"(1, 1)",Oncology,,
ONCOLOGY/​M&ENVTOX/​PHM SCI/​PHMCOL-M/​POP HLTH  625,Toxicology I,"(3, 3)",Oncology,,
ONCOLOGY/​M M & I/​PL PATH  640,General Virology-Multiplication Of Viruses,"(3, 3)",Oncology,,
ONCOLOGY 673,Purification And Characterization Of Protein And Protein Complexes,"(2, 2)",Oncology,,
ONCOLOGY 675,Advanced Or Special Topics In Cancer Research,"(1, 3)",Oncology,,
ONCOLOGY 699,Special Research Problems,"(1, 3)",Oncology,,
ONCOLOGY 703,Carcinogenesis And Tumor Cell Biology,"(3, 3)",Oncology,,
ONCOLOGY 715,Ethics In Science,"(1, 1)",Oncology,,
ONCOLOGY 725,Readings In Cancer Biology,"(2, 2)",Oncology,,
ONCOLOGY 735,Current Problems In Cancer Biology,"(2, 2)",Oncology,,
ONCOLOGY 745,Modeling Human Disease In Animals,"(1, 1)",Oncology,,
ONCOLOGY 778,Bioinformatics For Biologists,"(3, 3)",Oncology,,
ONCOLOGY 901,Seminar,"(1, 1)",Oncology,,
ONCOLOGY 990,Research,"(1, 12)",Oncology,,
OTM 300,Operations And Supply Chain Management,"(3, 3)",Operations And Technology Management,,
OTM 351,Business Process Improvement,"(3, 3)",Operations And Technology Management,,
OTM 365,Contemporary Topics,"(1, 3)",Operations And Technology Management,,
OTM 370,Sustainable Approaches To System Improvement,"(3, 3)",Operations And Technology Management,,
OTM 399,Reading And Research-Operations And Information Management,"(1, 6)",Operations And Technology Management,,
OTM/​MARKETNG  421,Fundamentals Of Supply Chain Management,"(3, 3)",Operations And Technology Management,,
OTM/​MARKETNG  422,Logistics Management,"(3, 3)",Operations And Technology Management,,
OTM/​MARKETNG  423,Procurement And Supply Management,"(3, 3)",Operations And Technology Management,,
OTM/​MARKETNG  427,Information Technology In Supply Chains,"(3, 3)",Operations And Technology Management,,
OTM/​MARKETNG  428,Supply Chain Capital Management,"(3, 3)",Operations And Technology Management,,
OTM/​MARKETNG  429,Global Experience: Supply Chain Management,"(1, 2)",Operations And Technology Management,,
OTM 451,Service Operations Management,"(3, 3)",Operations And Technology Management,,
OTM 452,Project Management,"(3, 3)",Operations And Technology Management,,
OTM 453,Operations Analytics,"(3, 3)",Operations And Technology Management,,
OTM/​I SY E/​MATH/​STAT  632,Introduction To Stochastic Processes,"(3, 3)",Operations And Technology Management,,
OTM 654,Production Planning And Control,"(2, 3)",Operations And Technology Management,,
OTM 700,Operations And Supply Chain Management,"(2, 3)",Operations And Technology Management,,
OTM 701,Product Management,"(2, 3)",Operations And Technology Management,,
OTM 702,Digital Strategy,"(2, 2)",Operations And Technology Management,,
OTM 703,Competing Through Analytics,"(2, 2)",Operations And Technology Management,,
OTM 714,Supply Chain Analytics,"(2, 3)",Operations And Technology Management,,
OTM/​MARKETNG  722,Logistics Management,"(2, 3)",Operations And Technology Management,,
OTM/​MARKETNG  724,Strategic Global Sourcing,"(3, 3)",Operations And Technology Management,,
OTM/​MARKETNG  726,Supply Chain Strategy,"(3, 3)",Operations And Technology Management,,
OTM/​MARKETNG  727,Information Technology In Supply Chains,"(3, 3)",Operations And Technology Management,,
OTM/​MARKETNG  728,Supply Chain Capital Management,"(3, 3)",Operations And Technology Management,,
OTM 732,Economics For Managers,"(2, 3)",Operations And Technology Management,,
OTM 751,Service Operations Management,"(3, 3)",Operations And Technology Management,,
OTM 752,Project Management,"(1, 3)",Operations And Technology Management,,
OTM 753,Healthcare Operations Management,"(2, 3)",Operations And Technology Management,,
OTM 758,Managing Technological And Organizational Change,"(3, 3)",Operations And Technology Management,,
OTM 760,Managing By Design,"(2, 3)",Operations And Technology Management,,
OTM 765,Contemporary Topics,"(1, 4)",Operations And Technology Management,,
OTM 770,Sustainable Approaches To System Improvement,"(4, 4)",Operations And Technology Management,,
OTM 777,Technology Strategy And Product Management Applied Learning,"(1, 1)",Operations And Technology Management,,
OTM/​E P D/​GEN BUS  784,Project Management Essentials,"(1, 1)",Operations And Technology Management,,
OTM 799,Reading And Research-Operations And Information Management,"(1, 6)",Operations And Technology Management,,
OTM 990,Operations And Information Management-Independent Research Ph.D. Thesis,"(1, 12)",Operations And Technology Management,,
OTM 999,Reading And Research-Operations And Information Management Phd,"(1, 6)",Operations And Technology Management,,
OPHTHALM 699,Directed Study,"(1, 5)",Ophthalmology And Visual Sciences,,
OPHTHALM 750,Ocular Diseases Of The Mammalian Vision System,"(3, 3)",Ophthalmology And Visual Sciences,,
OPHTHALM 910,Independent Reading And Research For Fourth Year Medical Students,"(2, 8)",Ophthalmology And Visual Sciences,,
OPHTHALM 911,Introduction To The Visual System,"(4, 4)",Ophthalmology And Visual Sciences,,
OPHTHALM 919,Individualized Phase 3 Clinical Elective In Ophthalmology,"(2, 4)",Ophthalmology And Visual Sciences,,
PATH-BIO 150,Contemporary Topics And Careers In The Veterinary Sciences,"(1, 1)",Biological Sciences,,
PATH-BIO/​PATH  210,"Hiv: Sex, Society And Science","(3, 3)",Biological Sciences,,
PATH-BIO 299,Independent Study,"(1, 3)",Biological Sciences,,
PATH-BIO 307,"Superbugs, Sex, & Drugs: Why Modern Medicine Needs Evolutionary Biology","(2, 2)",Biological Sciences,,
PATH-BIO/​ENTOM/​M M & I/​ZOOLOGY  350,Parasitology,"(3, 3)",Biological Sciences,,
PATH-BIO/​MED HIST  370,"Addressing Controversy: The Science, Ethics, And Public Discussion Of Animal Research","(3, 3)",Biological Sciences,,
PATH-BIO 510,Veterinary Immunology,"(3, 3)",Biological Sciences,,
PATH-BIO 512,Introduction To Veterinary Epidemiology,"(2, 2)",Biological Sciences,,
PATH-BIO 513,Veterinary Virology,"(2, 2)",Biological Sciences,,
PATH-BIO 514,Veterinary Parasitology,"(3, 3)",Biological Sciences,,
PATH-BIO 515,Regulatory Veterinary Medicine And Public Health,"(2, 2)",Biological Sciences,,
PATH-BIO 517,Veterinary Bacteriology And Mycology,"(4, 4)",Biological Sciences,,
PATH-BIO 525,"Active, Integrated Learning I","(1, 1)",Biological Sciences,,
PATH-BIO 526,"Active, Integrated Learning Ii","(1, 1)",Biological Sciences,,
PATH-BIO/​M M & I  528,Immunology,"(3, 3)",Biological Sciences,,
PATH-BIO 559,Veterinary General Pathology,"(2, 2)",Biological Sciences,,
PATH-BIO 560,Veterinary Systemic Pathology I,"(2, 2)",Biological Sciences,,
PATH-BIO 561,Veterinary Systemic Pathology Ii,"(4, 4)",Biological Sciences,,
PATH-BIO 562,Veterinary Clinical Pathology,"(4, 4)",Biological Sciences,,
PATH-BIO 660,Veterinary Necropsy Rotation,"(2, 2)",Biological Sciences,,
PATH-BIO 675,Special Topics,"(1, 5)",Biological Sciences,,
PATH-BIO 681,Senior Honors Thesis I,"(2, 4)",Biological Sciences,,
PATH-BIO 682,Senior Honors Thesis Ii,"(2, 4)",Biological Sciences,,
PATH-BIO 699,Directed Study,"(1, 5)",Biological Sciences,,
PATH-BIO/​M M & I  750,Host-Parasite Relationships In Vertebrate Viral Disease,"(3, 3)",Biological Sciences,,
PATH-BIO 775,Externship,"(1, 24)",Biological Sciences,,
PATH-BIO 799,Practicum In Veterinary Science Teaching,"(1, 3)",Biological Sciences,,
PATH-BIO/​COMP BIO  812,Research Ethics And Career Development,"(2, 2)",Biological Sciences,,
PATH-BIO 930,Advanced Seminar,"(1, 1)",Biological Sciences,,
PATH-BIO 990,Research,"(1, 12)",Biological Sciences,,
PATH/​PATH-BIO  210,"Hiv: Sex, Society And Science","(3, 3)",Pathology And Laboratory Medicine,,
PATH 399,Independent Study,"(1, 4)",Pathology And Laboratory Medicine,,
PATH 404,Pathophysiologic Principles Of Human Diseases,"(3, 3)",Pathology And Laboratory Medicine,,
PATH/​M&ENVTOX/​PHM SCI/​PHMCOL-M/​POP HLTH  626,Toxicology Ii,"(3, 3)",Pathology And Laboratory Medicine,,
PATH 699,Independent Study,"(1, 4)",Pathology And Laboratory Medicine,,
PATH 750,Cellular And Molecular Biology/Pathology,"(2, 2)",Pathology And Laboratory Medicine,,
PATH 751,Biology Of Aging,"(2, 2)",Pathology And Laboratory Medicine,,
PATH 752,Cellular And Molecular Biology/Pathology Seminar,"(1, 1)",Pathology And Laboratory Medicine,,
PATH 755,"Responsible Conduct In Research: Research Ethics, Rigor, Reproducibility And Transparency","(2, 2)",Pathology And Laboratory Medicine,,
PATH 802,Histopathology For Translational Scientists,"(3, 3)",Pathology And Laboratory Medicine,,
PATH 803,Pathogenesis Of Major Human Diseases,"(3, 3)",Pathology And Laboratory Medicine,,
PATH 807,Immunopathology: The Immune System In Health And Disease,"(2, 2)",Pathology And Laboratory Medicine,,
PATH 809,Molecular Mechanisms Of Disease,"(2, 2)",Pathology And Laboratory Medicine,,
PATH 900,Seminar,"(0, 0)",Pathology And Laboratory Medicine,,
PATH 901,Student Seminar / Journal Club,"(1, 1)",Pathology And Laboratory Medicine,,
PATH 913,Techniques In Virology,"(4, 4)",Pathology And Laboratory Medicine,,
PATH 914,Clinical Microbiology: Phenotypic Identification Of Common Organisms,"(2, 2)",Pathology And Laboratory Medicine,,
PATH 915,Clinical Microbiology: Overview Of Technologies And Methodologies,"(2, 2)",Pathology And Laboratory Medicine,,
PATH 916,Clinical Microbiology: Antimicrobial Resistance And Emerging Pathogens,"(2, 2)",Pathology And Laboratory Medicine,,
PATH 920,General Pathology Clerkship,"(2, 4)",Pathology And Laboratory Medicine,,
PATH 921,Transfusion Medicine Customized,"(2, 2)",Pathology And Laboratory Medicine,,
PATH 922,Laboratory Medicine Customized,"(2, 2)",Pathology And Laboratory Medicine,,
PATH 923,Sickle Cell Disease And Public Health,"(2, 2)",Pathology And Laboratory Medicine,,
PATH 924,Immunohematology,"(2, 2)",Pathology And Laboratory Medicine,,
PATH 926,Pathology: Clinical Microbiology-Marshfield,"(2, 12)",Pathology And Laboratory Medicine,,
PATH 949,Genetics Through The Life Cycle,"(4, 4)",Pathology And Laboratory Medicine,,
PATH 950,Infectious Disease Detectives,"(2, 2)",Pathology And Laboratory Medicine,,
PATH 960,Pathology For Surgeons,"(2, 2)",Pathology And Laboratory Medicine,,
PATH 962,The Molecular Basis Of Hematologic Malignancies,"(2, 2)",Pathology And Laboratory Medicine,,
PATH 963,Women'S Global Health: A Focus On Women'S Cancers And Public Health Interventions,"(2, 2)",Pathology And Laboratory Medicine,,
PATH 970,"Genomics, Proteomics, And Metabolomics: A Deep Dive Into Omics Data Analysis","(2, 2)",Pathology And Laboratory Medicine,,
PATH 990,Research,"(1, 8)",Pathology And Laboratory Medicine,,
PEDIAT 699,Independent Study,"(0, 5)",Pediatrics,,
PEDIAT/​MED PHYS  705,"Women And Leadership: Science, Health And Engineering","(2, 2)",Pediatrics,,
PEDIAT 909,Pediatrics Internship Prep Course (Pipc),"(1, 1)",Pediatrics,,
PEDIAT 910,Independent Reading And Research In Pediatrics,"(1, 8)",Pediatrics,,
PEDIAT 919,Individualized Clinical Elective In Pediatrics,"(1, 4)",Pediatrics,,
PEDIAT 921,Wisconsin Leadership Education In Neurodevelopmental And Related Disabilities (Lend),"(2, 2)",Pediatrics,,
PEDIAT 930,Pediatric Neonatology Elective,"(2, 4)",Pediatrics,,
PEDIAT 935,"Surgical, Neurologic, & Complex Care Of The Neonate Elective","(2, 4)",Pediatrics,,
PEDIAT 938,Inpatient Acting Internship-Pediatrics,"(4, 4)",Pediatrics,,
PEDIAT 940,Adolescent Medicine Elective,"(2, 4)",Pediatrics,,
PEDIAT 941,Pediatric Allergy/Immunology Elective,"(2, 4)",Pediatrics,,
PEDIAT 942,Pediatric Complex Care Elective,"(2, 4)",Pediatrics,,
PEDIAT 943,Pediatric Cardiology Elective,"(2, 4)",Pediatrics,,
PEDIAT 950,Pediatric Endocrinology And Diabetes Elective,"(2, 4)",Pediatrics,,
PEDIAT 953,Clinical Genetics Elective,"(2, 4)",Pediatrics,,
PEDIAT 956,Pediatric Hematology-Oncology Elective,"(2, 4)",Pediatrics,,
PEDIAT 963,Pediatric Nephrology,"(2, 4)",Pediatrics,,
PEDIAT 966,Primary Care Sports Medicine Elective,"(2, 4)",Pediatrics,,
PEDIAT 967,Pediatric Pulmonology Elective,"(2, 4)",Pediatrics,,
PEDIAT 970,Pediatric Rheumatology Elective,"(2, 4)",Pediatrics,,
PEDIAT 971,Pediatric Infectious Diseases,"(2, 4)",Pediatrics,,
PEDIAT 973,Pediatric Gastroenterology,"(2, 4)",Pediatrics,,
PEDIAT 975,Developmental Pediatrics,"(2, 4)",Pediatrics,,
PEDIAT 990,Research,"(1, 12)",Pediatrics,,
PHM SCI 254,Tiny Earth Genomics - Researching Uncultured Antibiotic-Producing Microbes,"(3, 3)",Pharmaceutical Sciences,,
PHM SCI 310,Drugs And Their Actions,"(2, 2)",Pharmaceutical Sciences,,
PHM SCI 420,Physicochemical Principles Of Drug Formulation And Delivery,"(3, 3)",Pharmaceutical Sciences,,
PHM SCI/​B M E  430,Biological Interactions With Materials,"(3, 3)",Pharmaceutical Sciences,,
PHM SCI 432,Pharmaceutical Biochemistry,"(4, 4)",Pharmaceutical Sciences,,
PHM SCI 490,Selected Topics In Pharmaceutical Sciences,"(1, 4)",Pharmaceutical Sciences,,
PHM SCI 493,Selected Topics In Pharmaceutical Sciences,"(1, 4)",Pharmaceutical Sciences,,
PHM SCI 521,Pharmacology I,"(3, 3)",Pharmaceutical Sciences,,
PHM SCI/​PHMCOL-M  522,Pharmacology Ii,"(3, 4)",Pharmaceutical Sciences,,
PHM SCI 531,Medicinal Chemistry I,"(3, 3)",Pharmaceutical Sciences,,
PHM SCI 532,Medicinal Chemistry Ii,"(2, 2)",Pharmaceutical Sciences,,
PHM SCI 540,Drug Delivery Systems For Pharmacotherapy,"(3, 3)",Pharmaceutical Sciences,,
PHM SCI 541,"Pharmaceutical Calculations, Dispensing And Compounding","(3, 3)",Pharmaceutical Sciences,,
PHM SCI 542,Parenteral Therapy And Nutrition,"(3, 3)",Pharmaceutical Sciences,,
PHM SCI 558,Laboratory Techniques In Pharmacology And Toxicology,"(2, 2)",Pharmaceutical Sciences,,
PHM SCI 581,Molecular And Cellular Principles In Pharmacology,"(4, 4)",Pharmaceutical Sciences,,
PHM SCI 623,Pharmacology Iii,"(3, 3)",Pharmaceutical Sciences,,
PHM SCI/​M&ENVTOX/​ONCOLOGY/​PHMCOL-M/​POP HLTH  625,Toxicology I,"(3, 3)",Pharmaceutical Sciences,,
PHM SCI/​M&ENVTOX/​PATH/​PHMCOL-M/​POP HLTH  626,Toxicology Ii,"(3, 3)",Pharmaceutical Sciences,,
PHM SCI 679,Pharmacology And Toxicology Seminar,"(1, 1)",Pharmaceutical Sciences,,
PHM SCI 691,Senior Thesis,"(2, 2)",Pharmaceutical Sciences,,
PHM SCI 692,Senior Thesis,"(2, 2)",Pharmaceutical Sciences,,
PHM SCI 699,Advanced Independent Study,"(0, 3)",Pharmaceutical Sciences,,
PHM SCI 751,Introduction To Regulatory Practice,"(3, 3)",Pharmaceutical Sciences,,
PHM SCI 752,Gxp (Good Practice): Working In A Regulated Environment,"(3, 3)",Pharmaceutical Sciences,,
PHM SCI 753,Pharmaceutical Economics And Project Management,"(3, 3)",Pharmaceutical Sciences,,
PHM SCI 754,Lifecycle Management Of Pharmaceutical Products,"(3, 3)",Pharmaceutical Sciences,,
PHM SCI 755,Laboratory And Instrumentation Methods,"(3, 3)",Pharmaceutical Sciences,,
PHM SCI 756,Introduction To Data Analyses In Drug Development,"(3, 3)",Pharmaceutical Sciences,,
PHM SCI 757,Survey Of The Neuroactive Drug Development Process,"(2, 2)",Pharmaceutical Sciences,,
PHM SCI 759,Current Trends In Drug Discovery And Development,"(1, 1)",Pharmaceutical Sciences,,
PHM SCI 760,Summative Research Internship,"(3, 4)",Pharmaceutical Sciences,,
PHM SCI 761,Introduction To Pharmacology,"(1, 1)",Pharmaceutical Sciences,,
PHM SCI 762,The Drug Development Process I,"(3, 3)",Pharmaceutical Sciences,,
PHM SCI 763,The Drug Development Process Ii,"(3, 3)",Pharmaceutical Sciences,,
PHM SCI/​CHEM  766,Molecular Recognition,"(2, 3)",Pharmaceutical Sciences,,
PHM SCI 768,Pharmacokinetics,"(3, 3)",Pharmaceutical Sciences,,
PHM SCI 773,Molecular Solids,"(2, 3)",Pharmaceutical Sciences,,
PHM SCI 775,Polymeric Drug Delivery,"(3, 3)",Pharmaceutical Sciences,,
PHM SCI 780,Principles Of Pharmaceutical Sciences,"(3, 3)",Pharmaceutical Sciences,,
PHM SCI 786,"Natural Product Synthesis, Biosynthesis And Drug Discovery","(3, 3)",Pharmaceutical Sciences,,
PHM SCI 931,Pharmaceutical Sciences Seminar,"(1, 1)",Pharmaceutical Sciences,,
PHM SCI 932,Pharmaceutical Sciences Seminar,"(1, 1)",Pharmaceutical Sciences,,
PHM SCI 990,Research,"(1, 12)",Pharmaceutical Sciences,,
PHM SCI 999,Advanced Independent Study,"(1, 12)",Pharmaceutical Sciences,,
PHMCOL-M/​PHM SCI  522,Pharmacology Ii,"(3, 4)",Pharmacology,,
PHMCOL-M/​B M E/​MED PHYS/​PHYSICS/​RADIOL  619,Microscopy Of Life,"(3, 3)",Pharmacology,,
PHMCOL-M/​M&ENVTOX/​ONCOLOGY/​PHM SCI/​POP HLTH  625,Toxicology I,"(3, 3)",Pharmacology,,
PHMCOL-M/​M&ENVTOX/​PATH/​PHM SCI/​POP HLTH  626,Toxicology Ii,"(3, 3)",Pharmacology,,
PHMCOL-M 699,Independent Study,"(1, 3)",Pharmacology,,
PHMCOL-M 715,Grant Writing,"(1, 1)",Pharmacology,,
PHMCOL-M 739,"Rigor, Reproducibility And Becoming An Effective Researcher","(1, 1)",Pharmacology,,
PHMCOL-M 781,Molecular And Cellular Principles In Pharmacology,"(4, 4)",Pharmacology,,
PHMCOL-M 875,Special Topics In Pharmacology,"(1, 3)",Pharmacology,,
PHMCOL-M 901,Seminar And Journal Club,"(1, 2)",Pharmacology,,
PHMCOL-M 990,Research,"(1, 12)",Pharmacology,,
PHARMACY 125,Exploring Pharmacy I,"(2, 2)",Pharmacy,,
PHARMACY 126,Exploring Pharmacy Ii,"(1, 1)",Pharmacy,,
PHARMACY 225,Pharmacy Exploration Seminar,"(2, 2)",Pharmacy,,
PHARMACY 423,Pharmacy Integrated Learning Laboratory,"(1, 1)",Pharmacy,,
PHARMACY 434,Pharmaceutical Genetics And Immunology,"(2, 2)",Pharmacy,,
PHARMACY 451,Marginalized Populations In Healthcare And Media,"(1, 1)",Pharmacy,,
PHARMACY 490,Selected Topics In Pharmacy,"(1, 2)",Pharmacy,,
PHARMACY 563,Drug History: Dangerous Drugs And Magic Bullets,"(2, 2)",Pharmacy,,
PHARMACY 564,"Psychedelic History: Sacred Plants, Science & Psychotherapy","(3, 3)",Pharmacy,,
PHARMACY/​I SY E  608,Safety And Quality In The Medication Use System,"(3, 3)",Pharmacy,,
PHARMACY 612,Legal Structures For Controlled Substances,"(1, 1)",Pharmacy,,
PHARMACY 621,Pharmacokinetics,"(3, 3)",Pharmacy,,
PHARMACY 630,Rural Pharmacy Practice,"(2, 2)",Pharmacy,,
PHARMACY 632,Neuroscience Of Psychedelics,"(3, 3)",Pharmacy,,
PHARMACY 640,Appropriate Use Of Abused Drugs,"(2, 2)",Pharmacy,,
PHARMACY 645,Pharmaceutical Biotechnology And Pharmacogenomics,"(2, 3)",Pharmacy,,
PHARMACY 658,Specialty Pharmacy In A Modern Healthcare Setting,"(2, 2)",Pharmacy,,
PHARMACY 671,Psychedelic Drugs In Science And Society,"(2, 2)",Pharmacy,,
PHARMACY 674,Cannabinoids In Science And Society,"(2, 2)",Pharmacy,,
PHARMACY/​NURSING/​PHY ASST/​PHY THER/​PUBLHLTH  758,Interprofessional Public Health Leadership,"(1, 1)",Pharmacy,,
PHARMACY 770,"Cns Drug Designs, Actions, And Applications I","(2, 2)",Pharmacy,,
PHARMACY 771,"Cns Drug Designs, Actions, And Applications Ii","(2, 2)",Pharmacy,,
PHARMACY 800,Research Ethics: Scientific Integrity And The Responsible Conduct Of Research,"(2, 2)",Pharmacy,,
PHARMACY 801,Bioethics And Scientific Integrity,"(2, 2)",Pharmacy,,
PHM PRAC 305,Consumer Self-Care And Over-The-Counter Drugs,"(2, 2)",Pharmacy Practice,,
PHM PRAC 426,Pharmacy Practice Experience I,"(1, 1)",Pharmacy Practice,,
PHM PRAC 438,Nonprescription Medications And Self-Care,"(2, 2)",Pharmacy Practice,,
PHM PRAC 461,Pathways In Pharmacy Practice,"(1, 1)",Pharmacy Practice,,
PHM PRAC 462,Professional Development And Engagement I- Developing Your Professional Identity,"(1, 1)",Pharmacy Practice,,
PHM PRAC 463,Professional Development And Engagement Ii- Cultivating Self- Awareness,"(1, 1)",Pharmacy Practice,,
PHM PRAC 464,Professional Development And Engagement Iii:  Promoting Professional Engagement,"(1, 1)",Pharmacy Practice,,
PHM PRAC 465,Professional Development And Engagement Iv- Embracing Continuous Professional Development,"(1, 1)",Pharmacy Practice,,
PHM PRAC/​MEDICINE/​NURSING/​SOC WORK  467,Interprofessional Collaborative Practice In Hiv Care,"(1, 1)",Pharmacy Practice,,
PHM PRAC 468,Introduction To Pharmacy Informatics,"(1, 1)",Pharmacy Practice,,
PHM PRAC 469,Health Equity & Social Justice For Healthcare Providers,"(2, 2)",Pharmacy Practice,,
PHM PRAC 471,Exploring Pharmacy Peer Mentor Seminar,"(1, 1)",Pharmacy Practice,,
PHM PRAC 490,Selected Topics In Pharmacy Practice,"(1, 4)",Pharmacy Practice,,
PHM PRAC 526,Pharmacy Practice Experiences Ii,"(1, 1)",Pharmacy Practice,,
PHM PRAC 550,Fluid And Electrolyte Therapy,"(2, 2)",Pharmacy Practice,,
PHM PRAC 553,Integrated Pharmacotherapy Skills I,"(1, 1)",Pharmacy Practice,,
PHM PRAC 554,Integrated Pharmacotherapy Skills Ii,"(1, 1)",Pharmacy Practice,,
PHM PRAC 555,Pharmacotherapy I,"(3, 3)",Pharmacy Practice,,
PHM PRAC 556,Pharmacotherapy Ii,"(3, 3)",Pharmacy Practice,,
PHM PRAC 559,Introduction To Antimicrobial Pharmacotherapy,"(1, 1)",Pharmacy Practice,,
PHM PRAC 560,Seminars In Antimicrobial Stewardship,"(2, 2)",Pharmacy Practice,,
PHM PRAC 570,Drug Literature Evaluation,"(3, 3)",Pharmacy Practice,,
PHM PRAC/​NURSING  605,Pharmacotherapeutics For Advanced Practice Nurses,"(3, 3)",Pharmacy Practice,,
PHM PRAC 610,Leadership In Health-System Pharmacy,"(2, 2)",Pharmacy Practice,,
PHM PRAC 611,Medical Imaging For Pharmacists,"(2, 2)",Pharmacy Practice,,
PHM PRAC 612,Radiopharmaceuticals,"(2, 2)",Pharmacy Practice,,
PHM PRAC 617,Health System Pharmacy Data Analysis And Informatics,"(2, 2)",Pharmacy Practice,,
PHM PRAC 625,Pharmacy Practice Experiences Iii,"(2, 2)",Pharmacy Practice,,
PHM PRAC 626,Pharmacy Practice Experiences Iv,"(2, 2)",Pharmacy Practice,,
PHM PRAC 628,Practice Innovation I,"(1, 1)",Pharmacy Practice,,
PHM PRAC 629,Practice Innovation Ii,"(1, 1)",Pharmacy Practice,,
PHM PRAC 638,Nonprescription Products & Self-Care,"(2, 2)",Pharmacy Practice,,
PHM PRAC 650,Comprehensive Immunization Delivery,"(1, 1)",Pharmacy Practice,,
PHM PRAC 653,Integrated Pharmacotherapy Skills Iii,"(1, 1)",Pharmacy Practice,,
PHM PRAC 654,Integrated Pharmacotherapy Skills Iv,"(1, 1)",Pharmacy Practice,,
PHM PRAC 655,Pharmacotherapy Iii,"(3, 3)",Pharmacy Practice,,
PHM PRAC 656,Pharmacotherapy Iv,"(3, 4)",Pharmacy Practice,,
PHM PRAC 657,Seminars In Pediatric Pharmacotherapy,"(2, 2)",Pharmacy Practice,,
PHM PRAC 659,Infectious Diseases Pharmacotherapy In The Acute Care Setting,"(1, 1)",Pharmacy Practice,,
PHM PRAC 668,Seminars In Critical Care,"(2, 2)",Pharmacy Practice,,
PHM PRAC 670,Veterinary Therapeutics,"(1, 2)",Pharmacy Practice,,
PHM PRAC 671,Introduction To Academic Pharmacy I,"(2, 2)",Pharmacy Practice,,
PHM PRAC 673,Seminars In Global Health Pharmacy,"(1, 1)",Pharmacy Practice,,
PHM PRAC/​NURSING  674,Seminars In Interprofessional Mental Health Care,"(2, 2)",Pharmacy Practice,,
PHM PRAC 677,Seminars In Cardiology,"(2, 2)",Pharmacy Practice,,
PHM PRAC 678,Seminars In Oncology,"(1, 1)",Pharmacy Practice,,
PHM PRAC 679,Advanced Diabetes Management,"(2, 2)",Pharmacy Practice,,
PHM PRAC 691,Senior Thesis,"(2, 2)",Pharmacy Practice,,
PHM PRAC 692,Senior Thesis,"(2, 2)",Pharmacy Practice,,
PHM PRAC 699,Advanced Independent Study,"(0, 3)",Pharmacy Practice,,
PHM PRAC 740,Acute Pharmaceutical Care Clerkship,"(1, 6)",Pharmacy Practice,,
PHM PRAC 741,Ambulatory Pharmaceutical Care Clerkship,"(1, 6)",Pharmacy Practice,,
PHM PRAC 742,Health-System Pharmacy Practice Clerkship,"(1, 6)",Pharmacy Practice,,
PHM PRAC 743,Community Pharmacy Practice Clerkship,"(1, 6)",Pharmacy Practice,,
PHM PRAC/​NURSING/​SOC WORK  746,Interdisciplinary Care Of Children With Special Health Care Needs,"(3, 3)",Pharmacy Practice,,
PHM PRAC 760,Elective Pharmacy Practice Clerkship,"(1, 6)",Pharmacy Practice,,
PHM PRAC 761,International Pharmacy Clerkship,"(1, 6)",Pharmacy Practice,,
PHM PRAC 764,Veterinary Pharmacy Clerkship,"(1, 6)",Pharmacy Practice,,
PHM PRAC 769,Clinical Research And Pharmacy Investigation Clerskship,"(1, 6)",Pharmacy Practice,,
PHM PRAC 961,Graduate Seminar In Health-System Pharmacy,"(1, 1)",Pharmacy Practice,,
PHM PRAC 962,Graduate Seminar In Health-System Pharmacy,"(1, 1)",Pharmacy Practice,,
PHM PRAC 999,Advanced Independent Study,"(1, 12)",Pharmacy Practice,,
PHILOS 101,Introduction To Philosophy,"(3, 4)",Philosophy,,
PHILOS 104,Special Topics In Philosophy For Freshmen,"(3, 3)",Philosophy,,
PHILOS 106,Study Abroad In Philosophy,"(2, 4)",Philosophy,,
PHILOS 141,The Meaning Of Life,"(3, 4)",Philosophy,,
PHILOS 206,Study Abroad In Philosophy,"(2, 4)",Philosophy,,
PHILOS 210,Reason In Communication,"(3, 4)",Philosophy,,
PHILOS 211,Elementary Logic,"(3, 4)",Philosophy,,
PHILOS 241,Introductory Ethics,"(3, 4)",Philosophy,,
PHILOS 243,Ethics In Business,"(3, 4)",Philosophy,,
PHILOS 304,Topics In Philosophy: Humanities,"(3, 4)",Philosophy,,
PHILOS 320,Philosophy Of Science,"(3, 4)",Philosophy,,
PHILOS 340,19Th Century Philosophy: Idealism And Its Critics,"(3, 3)",Philosophy,,
PHILOS 341,Contemporary Moral Issues,"(3, 4)",Philosophy,,
PHILOS/​MED HIST  344,Food Ethics,"(3, 3)",Philosophy,,
PHILOS 430,History Of Ancient Philosophy,"(3, 4)",Philosophy,,
PHILOS 432,History Of Modern Philosophy,"(3, 4)",Philosophy,,
PHILOS/​JEWISH/​RELIG ST  435,Jewish Philosophy From Antiquity To The Seventeenth Century,"(3, 3)",Philosophy,,
PHILOS 440,Existentialism,"(3, 4)",Philosophy,,
PHILOS/​ENVIR ST  441,Environmental Ethics,"(3, 4)",Philosophy,,
PHILOS/​JEWISH  442,Moral Philosophy And The Holocaust,"(3, 3)",Philosophy,,
PHILOS 454,Classical Philosophers,"(3, 3)",Philosophy,,
PHILOS/​RELIG ST  501,Philosophy Of Religion,"(3, 4)",Philosophy,,
PHILOS 503,Theory Of Knowledge,"(3, 3)",Philosophy,,
PHILOS 504,Special Topics In The Theory Of Knowledge,"(3, 3)",Philosophy,,
PHILOS/​MED HIST  505,Justice And Health Care,"(3, 3)",Philosophy,,
PHILOS 506,Study Abroad In Philosophy,"(2, 4)",Philosophy,,
PHILOS 511,Symbolic Logic,"(3, 3)",Philosophy,,
PHILOS 512,Methods Of Logic,"(3, 3)",Philosophy,,
PHILOS/​MED HIST  515,Public Health Ethics,"(3, 3)",Philosophy,,
PHILOS 516,Language And Meaning,"(3, 3)",Philosophy,,
PHILOS 520,Philosophy Of The Natural Sciences,"(3, 3)",Philosophy,,
PHILOS 522,Special Topic,"(3, 3)",Philosophy,,
PHILOS/​ENVIR ST  523,Philosophical Problems Of The Biological Sciences,"(3, 3)",Philosophy,,
PHILOS/​ECON  524,Philosophy And Economics,"(3, 3)",Philosophy,,
PHILOS 530,Freedom Fate And Choice,"(3, 3)",Philosophy,,
PHILOS/​MED HIST  534,Ethics And The Brain,"(3, 3)",Philosophy,,
PHILOS 541,Modern Ethical Theories,"(3, 3)",Philosophy,,
PHILOS 543,Special Topics In Ethics,"(3, 3)",Philosophy,,
PHILOS/​ED POL  545,Philosophical Conceptions Of Teaching And Learning,"(3, 3)",Philosophy,,
PHILOS 549,Great Moral Philosophers,"(3, 3)",Philosophy,,
PHILOS/​ED POL  550,Philosophy Of Moral Education,"(3, 3)",Philosophy,,
PHILOS 551,Philosophy Of Mind,"(3, 3)",Philosophy,,
PHILOS 553,Aesthetics,"(3, 3)",Philosophy,,
PHILOS 555,Political Philosophy,"(3, 3)",Philosophy,,
PHILOS 556,Topics In Feminism And Philosophy,"(3, 3)",Philosophy,,
PHILOS 557,Issues In Social Philosophy,"(3, 3)",Philosophy,,
PHILOS/​MED HIST  558,Ethical Issues In Health Care,"(3, 3)",Philosophy,,
PHILOS 560,Metaphysics,"(3, 3)",Philosophy,,
PHILOS 562,Special Topics In Metaphysics,"(3, 3)",Philosophy,,
PHILOS/​AGRONOMY/​C&E SOC/​MED HIST  565,The Ethics Of Modern Biotechnology,"(3, 3)",Philosophy,,
PHILOS 566,Philosophy Of Action,"(3, 3)",Philosophy,,
PHILOS 567,Topics In Contemporary Philosophy,"(3, 3)",Philosophy,,
PHILOS/​MATH  571,Mathematical Logic,"(3, 3)",Philosophy,,
PHILOS 599,Directed Study,"(1, 3)",Philosophy,,
PHILOS 681,Senior Honors Thesis,"(1, 3)",Philosophy,,
PHILOS 682,Senior Honors Thesis,"(3, 3)",Philosophy,,
PHILOS 691,Senior Thesis,"(3, 3)",Philosophy,,
PHILOS 692,Senior Thesis,"(3, 3)",Philosophy,,
PHILOS 698,Directed Study,"(2, 3)",Philosophy,,
PHILOS 699,Directed Study,"(2, 3)",Philosophy,,
PHILOS 701,Reading Seminar,"(3, 3)",Philosophy,,
PHILOS 799,Directed Study,"(1, 3)",Philosophy,,
PHILOS 830,Advanced History Of Philosophy,"(3, 3)",Philosophy,,
PHILOS 835,Advanced History Of Philosophy,"(3, 3)",Philosophy,,
PHILOS 902,Proseminar In Philosophy,"(3, 3)",Philosophy,,
PHILOS 903,Seminar: Epistemology,"(3, 3)",Philosophy,,
PHILOS 904,Teaching Philosophy,"(1, 1)",Philosophy,,
PHILOS 911,Seminar-Logic,"(3, 3)",Philosophy,,
PHILOS 916,Seminar-Philosophy Of Language,"(3, 3)",Philosophy,,
PHILOS 920,"Seminar-Philosophy Of Science:Causation, Explanation & Probability","(3, 3)",Philosophy,,
PHILOS 941,Seminar-Ethics,"(3, 3)",Philosophy,,
PHILOS 951,Seminar-Philosophy Of Mind,"(3, 3)",Philosophy,,
PHILOS 955,Seminar Social And Political Philosophy,"(3, 3)",Philosophy,,
PHILOS 960,Metaphysics Seminar,"(3, 3)",Philosophy,,
PHILOS 990,Research And Thesis,"(2, 9)",Philosophy,,
PHILOS 999,Independent Work,"(2, 9)",Philosophy,,
PHY THER 500,Functional Neuroanatomy For Physical Therapy,"(3, 3)",Physical Therapy,,
PHY THER 501,Anatomical Applications In Physical Therapy,"(3, 3)",Physical Therapy,,
PHY THER 512,Principles Of Professional Practice And Administration,"(3, 3)",Physical Therapy,,
PHY THER 521,Physical Agents,"(2, 2)",Physical Therapy,,
PHY THER 523,Cardiovascular And Pulmonary Aspects Of Physical Therapy Treatment,"(3, 3)",Physical Therapy,,
PHY THER 527,Foundations Of Physical Therapy: Examination And Evaluation,"(4, 4)",Physical Therapy,,
PHY THER 534,Foundations Of Physical Therapy Intervention,"(4, 4)",Physical Therapy,,
PHY THER 538,Introduction To The Physical Therapy Profession And Professionalism,"(1, 1)",Physical Therapy,,
PHY THER 539,Physical Therapy Educcation And Lifespan Learning Issues,"(1, 1)",Physical Therapy,,
PHY THER 540,Psychosocial Aspects Of Health Care,"(1, 1)",Physical Therapy,,
PHY THER 541,Issues Of Culture And Diversity In Health Care,"(1, 1)",Physical Therapy,,
PHY THER 542,"Medical Ethics, Jurisprudence, And Health Care Regulations","(1, 1)",Physical Therapy,,
PHY THER 543,Professional Practice Issues In Physical Therapy,"(1, 1)",Physical Therapy,,
PHY THER 627,Clinical Decision-Making: Tissue Mechanics And Adaptations,"(3, 3)",Physical Therapy,,
PHY THER 628,Clinical Decision Making: Neuromuscular Mechanics And Control,"(4, 4)",Physical Therapy,,
PHY THER 635,"Motor Dontrol Dysfunction : Examination, Diagnosis, And Management I","(5, 5)",Physical Therapy,,
PHY THER 636,"Motor Control Dysfunction: Examination, Diagnosis, And Management Ii","(5, 5)",Physical Therapy,,
PHY THER 640,Scientific Inquiry In Physical Therapy,"(3, 3)",Physical Therapy,,
PHY THER 641,Current Issues In Rehabilitation,"(1, 1)",Physical Therapy,,
PHY THER 642,Research Practicum,"(1, 3)",Physical Therapy,,
PHY THER 643,Current Issues In Rehabilitation Research Ii,"(1, 1)",Physical Therapy,,
PHY THER 664,Clinical Medicine I,"(5, 5)",Physical Therapy,,
PHY THER 665,Clinical Medicine Ii,"(4, 4)",Physical Therapy,,
PHY THER 668,Health Promotion And Wellness,"(2, 2)",Physical Therapy,,
PHY THER 675,Othotics: Applications In Physical Therapy Practice,"(2, 2)",Physical Therapy,,
PHY THER 676,"Musculoskeletal Dysfunction : Examination, Diagnosis, & Management I","(5, 5)",Physical Therapy,,
PHY THER 677,"Musculoskeletal Dysfunction : Examination, Diagnosis, & Management Ii","(5, 5)",Physical Therapy,,
PHY THER 678,Physical Therapy Management Of Integument Conditions,"(1, 1)",Physical Therapy,,
PHY THER 679,Prosthetics: Applications In Physical Therapy Practice,"(1, 1)",Physical Therapy,,
PHY THER 700,Clinical Internship I,"(2, 2)",Physical Therapy,,
PHY THER 701,Clinical Internship Ii,"(4, 4)",Physical Therapy,,
PHY THER 702,Clinical Internship Iii,"(9, 9)",Physical Therapy,,
PHY THER 703,Clinical Internship Iv,"(9, 9)",Physical Therapy,,
PHY THER 704,Clinical Internship V,"(4, 9)",Physical Therapy,,
PHY THER 705,Clinical Internship Vi,"(9, 9)",Physical Therapy,,
PHY THER 706,Clinical Internship Vii,"(5, 5)",Physical Therapy,,
PHY THER/​NURSING/​PHARMACY/​PHY ASST/​PUBLHLTH  758,Interprofessional Public Health Leadership,"(1, 1)",Physical Therapy,,
PHY THER 799,Independent Study,"(1, 3)",Physical Therapy,,
PHY ASST 550,Fundamentals Of Clinical Medicine,"(3, 3)",Physician Assistant Program,,
PHY ASST 601,Clinical Medicine I,"(5, 5)",Physician Assistant Program,,
PHY ASST 602,Clinical Medicine Ii,"(6, 6)",Physician Assistant Program,,
PHY ASST 603,Pediatrics,"(2, 2)",Physician Assistant Program,,
PHY ASST 610,Clinical Prevention And Community Practice I,"(1, 1)",Physician Assistant Program,,
PHY ASST 611,Clinical Prevention And Community Practice Ii,"(1, 1)",Physician Assistant Program,,
PHY ASST 616,Professional Seminar I,"(1, 1)",Physician Assistant Program,,
PHY ASST 617,Professional Seminar Ii,"(1, 1)",Physician Assistant Program,,
PHY ASST 618,Professional Seminar Iii,"(1, 1)",Physician Assistant Program,,
PHY ASST 619,History And Physical Examination For Physician Assistants,"(4, 4)",Physician Assistant Program,,
PHY ASST 620,Advanced Patient Evaluation I,"(1, 1)",Physician Assistant Program,,
PHY ASST 621,Advanced Patient Evaluation In The Primary Care Setting Ii,"(1, 1)",Physician Assistant Program,,
PHY ASST 629,Applied Human Anatomy For Physician Assistants,"(7, 7)",Physician Assistant Program,,
PHY ASST 630,Women'S Health For Physician Assistants,"(3, 3)",Physician Assistant Program,,
PHY ASST 640,Clinical Pharmacology I,"(2, 2)",Physician Assistant Program,,
PHY ASST 641,Clinical Pharmacology Ii,"(2, 2)",Physician Assistant Program,,
PHY ASST 648,Emergency Medicine,"(2, 2)",Physician Assistant Program,,
PHY ASST 650,Diagnostic Methods I,"(2, 2)",Physician Assistant Program,,
PHY ASST 651,Diagnostic Methods Ii,"(3, 3)",Physician Assistant Program,,
PHY ASST 660,Clinical Skills Laboratory,"(1, 1)",Physician Assistant Program,,
PHY ASST 662,Preparation For Interdisciplinary Health Care In Belize,"(1, 1)",Physician Assistant Program,,
PHY ASST 663,Interdisciplinary Field Experience In Rural Belize,"(1, 1)",Physician Assistant Program,,
PHY ASST 670,Fundamentals Of Surgery,"(1, 1)",Physician Assistant Program,,
PHY ASST 699,Independent Study,"(1, 3)",Physician Assistant Program,,
PHY ASST 716,Professional Seminar Iv,"(1, 1)",Physician Assistant Program,,
PHY ASST 717,Professional Seminar And Capstone I,"(1, 1)",Physician Assistant Program,,
PHY ASST 718,Professional Seminar And Capstone Ii,"(1, 1)",Physician Assistant Program,,
PHY ASST 729,Physician Assistant Preceptorship: Surgery,"(8, 8)",Physician Assistant Program,,
PHY ASST 739,Physician Assistant Preceptorship: Family Medicine,"(8, 8)",Physician Assistant Program,,
PHY ASST 749,Physician Assistant Preceptorship: Internal Medicine,"(8, 8)",Physician Assistant Program,,
PHY ASST/​NURSING/​PHARMACY/​PHY THER/​PUBLHLTH  758,Interprofessional Public Health Leadership,"(1, 1)",Physician Assistant Program,,
PHY ASST 759,Physician Assistant Preceptorship: Emergency Medicine,"(8, 8)",Physician Assistant Program,,
PHY ASST 769,Physician Assistant Preceptorship: Elective,"(8, 8)",Physician Assistant Program,,
PHY ASST 787,Seminar On Integrating Public Health Into Pa Practice,"(1, 1)",Physician Assistant Program,,
PHYSICS 103,General Physics,"(4, 4)",Physics,,
PHYSICS 104,General Physics,"(4, 4)",Physics,,
PHYSICS 106,Physics Of Sports,"(3, 3)",Physics,,
PHYSICS 107,The Ideas Of Modern Physics,"(3, 3)",Physics,,
PHYSICS 109,Physics In The Arts,"(3, 3)",Physics,,
PHYSICS 115,Energy And Climate,"(3, 3)",Physics,,
PHYSICS 120,Special Topics In Physics,"(1, 3)",Physics,,
PHYSICS 198,Directed Study,"(1, 3)",Physics,,
PHYSICS 199,Directed Study,"(1, 3)",Physics,,
PHYSICS 201,General Physics,"(5, 5)",Physics,,
PHYSICS 202,General Physics,"(5, 5)",Physics,,
PHYSICS 205,Modern Physics For Engineers,"(3, 3)",Physics,,
PHYSICS 206,Special Topics In Physics,"(1, 5)",Physics,,
PHYSICS 207,General Physics,"(5, 5)",Physics,,
PHYSICS 208,General Physics,"(5, 5)",Physics,,
PHYSICS/​E C E  235,Introduction To Solid State Electronics,"(3, 3)",Physics,,
PHYSICS 241,Introduction To Modern Physics,"(3, 3)",Physics,,
PHYSICS 247,A Modern Introduction To Physics,"(5, 5)",Physics,,
PHYSICS 248,A Modern Introduction To Physics,"(5, 5)",Physics,,
PHYSICS 249,A Modern Introduction To Physics,"(4, 4)",Physics,,
PHYSICS/​MED PHYS  265,Introduction To Medical Physics,"(2, 2)",Physics,,
PHYSICS 298,Directed Study,"(1, 3)",Physics,,
PHYSICS 299,Directed Study,"(1, 3)",Physics,,
PHYSICS 301,Physics Today,"(1, 1)",Physics,,
PHYSICS 307,Intermediate Laboratory-Mechanics And Modern Physics,"(2, 2)",Physics,,
PHYSICS 311,Mechanics,"(3, 3)",Physics,,
PHYSICS 321,Electric Circuits And Electronics,"(4, 4)",Physics,,
PHYSICS 322,Electromagnetic Fields,"(3, 3)",Physics,,
PHYSICS 323,Electromagnetic Fields,"(3, 3)",Physics,,
PHYSICS 325,Optics,"(4, 4)",Physics,,
PHYSICS 361,Machine Learning In Physics,"(3, 3)",Physics,,
PHYSICS 371,Acoustics For Musicians,"(3, 3)",Physics,,
PHYSICS 406,Special Topics In Physics,"(1, 4)",Physics,,
PHYSICS 407,Advanced Laboratory,"(2, 4)",Physics,,
PHYSICS 415,Thermal Physics,"(3, 3)",Physics,,
PHYSICS 448,Atomic And Quantum Physics,"(3, 3)",Physics,,
PHYSICS 449,Atomic And Quantum Physics,"(3, 3)",Physics,,
PHYSICS 498,Directed Study,"(1, 3)",Physics,,
PHYSICS 499,Directed Study,"(1, 3)",Physics,,
PHYSICS/​B M E/​H ONCOL/​MED PHYS  501,Radiation Physics And Dosimetry,"(3, 3)",Physics,,
PHYSICS/​E C E/​N E  525,Introduction To Plasmas,"(3, 3)",Physics,,
PHYSICS/​E C E/​N E  527,Plasma Confinement And Heating,"(3, 3)",Physics,,
PHYSICS 531,Introduction To Quantum Mechanics,"(3, 3)",Physics,,
PHYSICS 535,Introduction To Particle Physics,"(3, 3)",Physics,,
PHYSICS 545,Introduction To Atomic Structure,"(3, 3)",Physics,,
PHYSICS 551,Solid State Physics,"(3, 3)",Physics,,
PHYSICS/​MED PHYS  588,Radiation Production And Detection,"(4, 4)",Physics,,
PHYSICS 603,Workshop In College Physics Teaching,"(1, 2)",Physics,,
PHYSICS/​B M E/​MED PHYS/​PHMCOL-M/​RADIOL  619,Microscopy Of Life,"(3, 3)",Physics,,
PHYSICS 623,Electronic Aids To Measurement,"(4, 4)",Physics,,
PHYSICS 625,Applied Optics,"(4, 4)",Physics,,
PHYSICS 681,Senior Honors Thesis,"(3, 3)",Physics,,
PHYSICS 682,Senior Honors Thesis,"(3, 3)",Physics,,
PHYSICS 691,Senior Thesis,"(2, 3)",Physics,,
PHYSICS 692,Senior Thesis,"(2, 3)",Physics,,
PHYSICS 701,Graduate Introductory Seminars,"(1, 1)",Physics,,
PHYSICS 707,Quantum Computing Laboratory,"(4, 4)",Physics,,
PHYSICS 709,Introduction To Quantum Computing,"(3, 3)",Physics,,
PHYSICS 711,Theoretical Physics-Dynamics,"(3, 3)",Physics,,
PHYSICS 715,Statistical Mechanics,"(3, 3)",Physics,,
PHYSICS 716,Statistical Mechanics Ii,"(3, 3)",Physics,,
PHYSICS 717,Relativity,"(3, 3)",Physics,,
PHYSICS 721,Theoretical Physics-Electrodynamics,"(3, 3)",Physics,,
PHYSICS/​E C E/​N E  724,Waves And Instabilities In Plasmas,"(3, 3)",Physics,,
PHYSICS/​E C E/​N E  725,Plasma Kinetic Theory And Radiation Processes,"(3, 3)",Physics,,
PHYSICS/​E C E/​N E  726,Plasma Magnetohydrodynamics,"(3, 3)",Physics,,
PHYSICS 731,Quantum Mechanics,"(3, 3)",Physics,,
PHYSICS 732,Quantum Mechanics,"(3, 3)",Physics,,
PHYSICS 735,Particle Physics,"(3, 3)",Physics,,
PHYSICS 736,"Experimental Methods In Nuclear-, Particle-, And Astrophysics","(3, 3)",Physics,,
PHYSICS/​E C E  746,Quantum Electronics,"(3, 3)",Physics,,
PHYSICS/​E C E  748,Linear Waves,"(3, 3)",Physics,,
PHYSICS/​E C E/​N E  749,Coherent Generation And Particle Beams,"(3, 3)",Physics,,
PHYSICS 751,Advanced Solid State Physics,"(3, 3)",Physics,,
PHYSICS 772,High Energy Astrophysics,"(3, 3)",Physics,,
PHYSICS 779,Advanced Quantum Computing,"(3, 3)",Physics,,
PHYSICS 799,Independent Study,"(1, 3)",Physics,,
PHYSICS 801,Special Topics In Theoretical Physics,"(1, 3)",Physics,,
PHYSICS 805,Special Topics In Physics,"(1, 3)",Physics,,
PHYSICS 831,Advanced Quantum Mechanics,"(3, 3)",Physics,,
PHYSICS 832,Advanced Quantum Mechanics,"(3, 3)",Physics,,
PHYSICS 835,Collider Physics Phenomenology,"(2, 3)",Physics,,
PHYSICS/​E C E  848,Nonlinear Waves,"(3, 3)",Physics,,
PHYSICS 900,Colloquium,"(0, 1)",Physics,,
PHYSICS/​ASTRON  910,Seminar In Astrophysics,"(0, 1)",Physics,,
PHYSICS/​E C E/​N E  922,Seminar In Plasma Physics,"(0, 1)",Physics,,
PHYSICS 990,Research,"(1, 12)",Physics,,
PHYSIOL 699,Independent Work,"(1, 4)",Physiology,,
PHYSIOL 901,Seminar,"(1, 1)",Physiology,,
PHYSIOL 990,Research,"(1, 9)",Physiology,,
PL PATH/​BOTANY  123,"Plants, Parasites, And People","(3, 3)",Plant Pathology,,
PL PATH/​ZOOLOGY  154,Tiny Earth: Antibiotic Discovery Research,"(2, 2)",Plant Pathology,,
PL PATH/​HORT  261,Sustainable Turfgrass Use And Management,"(2, 2)",Plant Pathology,,
PL PATH/​HORT  262,Turfgrass Management Laboratory,"(1, 1)",Plant Pathology,,
PL PATH 289,Honors Independent Study,"(1, 2)",Plant Pathology,,
PL PATH 299,Independent Study,"(1, 3)",Plant Pathology,,
PL PATH 300,Introduction To Plant Pathology,"(4, 4)",Plant Pathology,,
PL PATH 311,Global Food Security,"(3, 3)",Plant Pathology,,
PL PATH 315,Plant Microbiomes,"(4, 4)",Plant Pathology,,
PL PATH/​SOIL SCI  323,Soil Biology,"(3, 3)",Plant Pathology,,
PL PATH/​BOTANY  332,Fungi,"(4, 4)",Plant Pathology,,
PL PATH/​BOTANY  333,Biology Of The Fungi,"(2, 2)",Plant Pathology,,
PL PATH/​A A E/​AGRONOMY/​HORT  367,"Introduction To Organic Agriculture: Production, Markets, And Policy","(3, 3)",Plant Pathology,,
PL PATH 375,Special Topics,"(1, 4)",Plant Pathology,,
PL PATH 399,Coordinative Internship/Cooperative Education,"(1, 8)",Plant Pathology,,
PL PATH 400,Study Abroad In Plant Pathology,"(1, 6)",Plant Pathology,,
PL PATH 499,Independent Study In Organic Agriculture,"(2, 2)",Plant Pathology,,
PL PATH/​BOTANY/​ENTOM  505,Plant-Microbe Interactions: Molecular And Ecological Aspects,"(3, 3)",Plant Pathology,,
PL PATH 517,Plant Disease Resistance,"(2, 3)",Plant Pathology,,
PL PATH 559,Diseases Of Economic Plants,"(3, 3)",Plant Pathology,,
PL PATH/​BOTANY  563,Phylogenetic Analysis Of Molecular Data,"(3, 3)",Plant Pathology,,
PL PATH 590,Capstone In Plant Pathology,"(1, 4)",Plant Pathology,,
PL PATH 602,"Ecology, Epidemiology And Control Of Plant Diseases","(3, 3)",Plant Pathology,,
PL PATH/​ENTOM/​F&W ECOL/​SOIL SCI  606,Colloquium In Environmental Toxicology,"(1, 1)",Plant Pathology,,
PL PATH 622,Plant-Bacterial Interactions,"(2, 3)",Plant Pathology,,
PL PATH/​M M & I/​ONCOLOGY  640,General Virology-Multiplication Of Viruses,"(3, 3)",Plant Pathology,,
PL PATH/​BOTANY/​GENETICS/​M M & I  655,Biology And Genetics Of Fungi,"(3, 3)",Plant Pathology,,
PL PATH 681,Senior Honors Thesis,"(2, 4)",Plant Pathology,,
PL PATH 682,Senior Honors Thesis,"(2, 4)",Plant Pathology,,
PL PATH 699,Special Problems,"(1, 5)",Plant Pathology,,
PL PATH 799,Practicum In Plant Pathology Teaching,"(1, 3)",Plant Pathology,,
PL PATH 875,Special Topics,"(1, 4)",Plant Pathology,,
PL PATH 923,Seminar,"(1, 1)",Plant Pathology,,
PL PATH/​BOTANY  930,Seminar-Mycology,"(1, 1)",Plant Pathology,,
PL PATH 990,Research,"(1, 9)",Plant Pathology,,
POLI SCI 104,Introduction To American Politics And Government,"(3, 4)",Political Science,,
POLI SCI 120,Introduction To Comparative Politics,"(4, 4)",Political Science,,
POLI SCI 140,Introduction To International Relations,"(3, 4)",Political Science,,
POLI SCI 160,Introduction To Political Theory,"(3, 4)",Political Science,,
POLI SCI 170,Research Methods In Political Science,"(3, 4)",Political Science,,
POLI SCI 182,Introduction To Comparative Politics (Honors),"(3, 3)",Political Science,,
POLI SCI 184,Introduction To American Politics,"(3, 3)",Political Science,,
POLI SCI 199,Directed Study,"(2, 2)",Political Science,,
POLI SCI 201,Special Topics In Political Science,"(3, 3)",Political Science,,
POLI SCI 202,Preparation For The Wisconsin In Washington Program,"(1, 1)",Political Science,,
POLI SCI 205,Introduction To State Government,"(3, 4)",Political Science,,
POLI SCI 206,Introduction To Political Psychology,"(3, 4)",Political Science,,
POLI SCI/​LEGAL ST  217,"Law, Politics And Society","(3, 4)",Political Science,,
POLI SCI/​CHICLA  231,Politics In Multi-Cultural Societies,"(3, 4)",Political Science,,
POLI SCI/​ASIAN/​GEOG/​HISTORY/​SOC  244,Introduction To Southeast Asia:  Vietnam To The Philippines,"(4, 4)",Political Science,,
POLI SCI/​GEOG/​HISTORY/​SLAVIC  253,Russia: An Interdisciplinary Survey,"(4, 4)",Political Science,,
POLI SCI/​GEOG/​HISTORY/​SLAVIC  254,Eastern Europe: An Interdisciplinary Survey,"(4, 4)",Political Science,,
POLI SCI/​ASIAN/​HISTORY  255,Introduction To East Asian Civilizations,"(3, 4)",Political Science,,
POLI SCI/​C&E SOC/​HISTORY/​SOC  259,"Forward? The Wisconsin Idea, Past And Present","(1, 3)",Political Science,,
POLI SCI/​AFROAMER/​ANTHRO/​C&E SOC/​GEOG/​HISTORY/​LACIS/​SOC/​SPANISH  260,Latin America: An Introduction,"(3, 4)",Political Science,,
POLI SCI/​CHICLA/​HISTORY/​LACIS  268,The U.S. & Latin America From The Colonial Era To The Present: A Critical Survey,"(3, 3)",Political Science,,
POLI SCI 270,Understanding Political Numbers,"(3, 4)",Political Science,,
POLI SCI 272,Introduction To Public Policy,"(3, 4)",Political Science,,
POLI SCI 274,Political Choice And Strategy,"(3, 4)",Political Science,,
POLI SCI/​AFRICAN/​AFROAMER/​ANTHRO/​GEOG/​HISTORY/​SOC  277,Africa: An Introductory Survey,"(4, 4)",Political Science,,
POLI SCI/​AFRICAN/​AFROAMER/​HISTORY  297,African And African-American Linkages: An Introduction,"(4, 4)",Political Science,,
POLI SCI/​CHICLA  302,Mexican-American Politics,"(3, 4)",Political Science,,
POLI SCI 304,The Political Economy Of Race In The United States,"(3, 4)",Political Science,,
POLI SCI 305,Elections And Voting Behavior,"(3, 4)",Political Science,,
POLI SCI 306,American Political Parties,"(3, 4)",Political Science,,
POLI SCI 311,United States Congress,"(3, 4)",Political Science,,
POLI SCI 314,Criminal Law And Justice,"(3, 4)",Political Science,,
POLI SCI 315,Legislative Internship,"(3, 3)",Political Science,,
POLI SCI 316,Careers In Political Science,"(1, 1)",Political Science,,
POLI SCI 320,Governments And Politics Of The Middle East And North Africa,"(3, 4)",Political Science,,
POLI SCI 323,Islam And World Politics,"(3, 4)",Political Science,,
POLI SCI 324,Chinese Politics,"(3, 4)",Political Science,,
POLI SCI/​INTL ST  325,Social Movements And Revolutions In Latin America,"(3, 4)",Political Science,,
POLI SCI/​INTL ST  327,Indian Politics In Comparative Perspective,"(3, 3)",Political Science,,
POLI SCI 328,Politics Of East And Southeast Asia,"(3, 4)",Political Science,,
POLI SCI 329,African Politics,"(3, 4)",Political Science,,
POLI SCI 330,Political Economy Of Development,"(3, 4)",Political Science,,
POLI SCI 332,German Politics,"(3, 4)",Political Science,,
POLI SCI 334,Russian Politics,"(3, 4)",Political Science,,
POLI SCI 335,Social Identities,"(3, 3)",Political Science,,
POLI SCI 336,Democracy (And Its Uncertain Future),"(4, 4)",Political Science,,
POLI SCI 338,The Civil-Military Paradox In U.S. Politics And Society,"(3, 3)",Political Science,,
POLI SCI 339,Non-Democracies,"(3, 3)",Political Science,,
POLI SCI 340,The European Union: Politics And Political Economy,"(3, 4)",Political Science,,
POLI SCI/​JEWISH  341,Israeli Politics And Society,"(3, 4)",Political Science,,
POLI SCI 343,Theories Of International Security,"(3, 4)",Political Science,,
POLI SCI 344,The Russian War On Ukraine: Causes And Consequences,"(3, 3)",Political Science,,
POLI SCI 345,Conflict Resolution,"(3, 4)",Political Science,,
POLI SCI 346,China In World Politics,"(3, 4)",Political Science,,
POLI SCI 347,Terrorism,"(3, 3)",Political Science,,
POLI SCI 348,Analysis Of International Relations,"(3, 4)",Political Science,,
POLI SCI 349,Global Access To Justice,"(3, 3)",Political Science,,
POLI SCI 350,International Political Economy,"(3, 4)",Political Science,,
POLI SCI 354,International Institutions And World Order,"(3, 4)",Political Science,,
POLI SCI/​CHICLA/​HISTORY/​LACIS  355,Labor In The Americas: Us & Mexico In Comparative & Historical Perspective,"(3, 3)",Political Science,,
POLI SCI 356,Principles Of International Law,"(3, 4)",Political Science,,
POLI SCI 358,States In The World: Comparative Foreign Policy,"(3, 4)",Political Science,,
POLI SCI 359,American Foreign Policy,"(3, 4)",Political Science,,
POLI SCI 360,History Of American Political Thought,"(3, 4)",Political Science,,
POLI SCI 361,Contemporary American Political Thought,"(3, 4)",Political Science,,
POLI SCI/​CLASSICS/​HISTORY  362,Athenian Democracy,"(3, 3)",Political Science,,
POLI SCI 363,Literature And Politics,"(3, 4)",Political Science,,
POLI SCI 364,Christian Political Thought,"(3, 4)",Political Science,,
POLI SCI/​ILS/​ITALIAN/​LITTRANS  365,Machiavelli And His World,"(3, 3)",Political Science,,
POLI SCI 370,Islam And Politics,"(3, 4)",Political Science,,
POLI SCI/​JOURN/​URB R PL  373,Introduction To Survey Research,"(3, 4)",Political Science,,
POLI SCI 377,Nuclear Weapons And World Politics,"(3, 4)",Political Science,,
POLI SCI 390,Study Abroad Topics In Political Science: International Relations,"(1, 4)",Political Science,,
POLI SCI 400,Topics In Political Science,"(1, 4)",Political Science,,
POLI SCI 401,Selected Topics In Political Science,"(3, 4)",Political Science,,
POLI SCI 402,Wisconsin In Washington Internship Course,"(4, 4)",Political Science,,
POLI SCI 405,State Government And Public Policy,"(3, 4)",Political Science,,
POLI SCI 408,The American Presidency,"(3, 4)",Political Science,,
POLI SCI 411,The American Constitution : Powers And Structures Of Government,"(4, 4)",Political Science,,
POLI SCI 412,The American Constitution: Rights And Civil Liberties,"(4, 4)",Political Science,,
POLI SCI 414,The Supreme Court As A Political Institution,"(3, 3)",Political Science,,
POLI SCI 416,Community Power And Grass Roots Politics,"(3, 3)",Political Science,,
POLI SCI 417,The American Judicial System,"(3, 4)",Political Science,,
POLI SCI/​PUB AFFR  419,Administrative Law,"(3, 4)",Political Science,,
POLI SCI/​CHICLA/​HISTORY  422,Latino History And Politics,"(3, 3)",Political Science,,
POLI SCI/​GEN&WS  429,Gender And Politics In Comparative Perspective,"(3, 4)",Political Science,,
POLI SCI/​INTL ST  431,Contentious Politics,"(3, 4)",Political Science,,
POLI SCI/​RELIG ST  433,Religion And Politics,"(3, 4)",Political Science,,
POLI SCI/​INTL ST  434,The Politics Of Human Rights,"(3, 4)",Political Science,,
POLI SCI/​GEN&WS  435,Politics Of Gender And Women'S Rights In The Middle East,"(3, 3)",Political Science,,
POLI SCI 437,Nationalism And Ethnic Conflict,"(3, 4)",Political Science,,
POLI SCI 438,Comparative Political Culture,"(3, 4)",Political Science,,
POLI SCI/​INTL ST  439,The Comparative Study Of Genocide,"(3, 4)",Political Science,,
POLI SCI/​LEGAL ST  445,"Legal Writing, From Counselor To Advocate","(3, 3)",Political Science,,
POLI SCI/​ECON/​ENVIR ST/​URB R PL  449,Government And Natural Resources,"(3, 4)",Political Science,,
POLI SCI 455,African International Relations,"(3, 4)",Political Science,,
POLI SCI 460,Topics In Political Philosophy,"(3, 4)",Political Science,,
POLI SCI 461,"Interdisciplinary Seminar In Political Economy, Philosophy, & Politics","(3, 3)",Political Science,,
POLI SCI 463,Deception And Politics,"(4, 4)",Political Science,,
POLI SCI/​GEN&WS  469,Women And Politics,"(3, 4)",Political Science,,
POLI SCI 470,The First Amendment,"(3, 4)",Political Science,,
POLI SCI 481,Honors Seminar On Race And Politics In The United States,"(3, 3)",Political Science,,
POLI SCI 490,Study Abroad Topics In Political Science: American Government,"(1, 4)",Political Science,,
POLI SCI 511,Campaign Finance,"(3, 4)",Political Science,,
POLI SCI 515,Public Opinion,"(3, 4)",Political Science,,
POLI SCI/​AFROAMER  519,African American Political Theory,"(3, 4)",Political Science,,
POLI SCI 529,Arab-Israeli Conflict,"(3, 4)",Political Science,,
POLI SCI 538,Politics And Policies In The European Union,"(3, 4)",Political Science,,
POLI SCI 590,Study Abroad Topics In Political Science: Political Theory,"(1, 4)",Political Science,,
POLI SCI 601,Proseminar: Topics In Political Science,"(3, 3)",Political Science,,
POLI SCI 602,Wisconsin In Washington Advanced Public Policy Course,"(4, 4)",Political Science,,
POLI SCI 635,Comparative Politics Of Sport,"(3, 4)",Political Science,,
POLI SCI 659,Politics And Society: Contemporary Eastern Europe,"(3, 4)",Political Science,,
POLI SCI 681,Senior Honors Thesis,"(3, 4)",Political Science,,
POLI SCI 682,Senior Honors Thesis,"(3, 4)",Political Science,,
POLI SCI 683,Senior Honors Thesis Seminar,"(3, 3)",Political Science,,
POLI SCI 684,Senior Honors Thesis Seminar,"(3, 3)",Political Science,,
POLI SCI 690,Study Abroad Topics In Political Science: Comparative Politics,"(1, 4)",Political Science,,
POLI SCI 691,Senior Thesis,"(3, 3)",Political Science,,
POLI SCI 692,Senior Thesis,"(3, 3)",Political Science,,
POLI SCI 698,Directed Study,"(1, 4)",Political Science,,
POLI SCI 699,Directed Study,"(1, 4)",Political Science,,
POLI SCI 799,Directed Study,"(1, 4)",Political Science,,
POLI SCI 800,Political Science As A Discipline And Profession,"(1, 1)",Political Science,,
POLI SCI 801,Dissertation Proposal Research And Writing Seminar,"(3, 3)",Political Science,,
POLI SCI/​FRENCH/​GERMAN/​HISTORY/​SOC  804,Interdisciplinary Western European Area Studies Seminar,"(3, 3)",Political Science,,
POLI SCI 811,Introduction To Statistical Computing In Political Science,"(1, 3)",Political Science,,
POLI SCI 812,Introduction To Statistical Methods In Political Science,"(4, 4)",Political Science,,
POLI SCI 813,Multivariable Statistical Inference For Political Research,"(3, 3)",Political Science,,
POLI SCI 814,Social Identities: Definition And Measurement,"(3, 3)",Political Science,,
POLI SCI 817,Empirical Methods Of Political Inquiry,"(3, 3)",Political Science,,
POLI SCI 818,Maximum Likelihood Estimation,"(3, 3)",Political Science,,
POLI SCI 820,Experimental Methods,"(3, 3)",Political Science,,
POLI SCI 821,Mass Political Behavior,"(3, 3)",Political Science,,
POLI SCI 825,Race And Politics In The United States,"(3, 3)",Political Science,,
POLI SCI 826,The Legislative Process,"(3, 3)",Political Science,,
POLI SCI 828,The Contemporary Presidency: Issues And Approaches,"(3, 3)",Political Science,,
POLI SCI/​JOURN  829,Political Communication,"(3, 3)",Political Science,,
POLI SCI/​CLASSICS  834,Roman Political Thought,"(3, 3)",Political Science,,
POLI SCI/​A A E  835,Game Theory And Political Analysis,"(3, 3)",Political Science,,
POLI SCI 836,Formal Models Of Domestic Politics,"(3, 3)",Political Science,,
POLI SCI 837,Formal Models Of International Relations,"(3, 3)",Political Science,,
POLI SCI 839,Field Seminar In Political Theory,"(3, 3)",Political Science,,
POLI SCI 840,Comparative Political Economy,"(3, 3)",Political Science,,
POLI SCI 843,The Political Economy Of Development,"(3, 3)",Political Science,,
POLI SCI 844,Democratic Imperfections,"(3, 3)",Political Science,,
POLI SCI 846,Racial And Ethnic Diversity: Causes And Effects,"(3, 3)",Political Science,,
POLI SCI 850,Religion And Politics,"(3, 3)",Political Science,,
POLI SCI 851,Contentious Politics,"(3, 3)",Political Science,,
POLI SCI 853,Comparative Political Institutions,"(3, 3)",Political Science,,
POLI SCI 854,Nationalism And Ethnic Conflict,"(3, 3)",Political Science,,
POLI SCI 856,Field Seminar In Comparative Politics,"(3, 3)",Political Science,,
POLI SCI 857,International Relations Theories,"(3, 3)",Political Science,,
POLI SCI 862,State And Society In Comparative Perspective,"(3, 3)",Political Science,,
POLI SCI 864,International Political Economy,"(3, 3)",Political Science,,
POLI SCI/​ENVIR ST/​PUB AFFR  866,Global Environmental Governance,"(3, 3)",Political Science,,
POLI SCI/​PUB AFFR  871,Public Program Evaluation,"(3, 3)",Political Science,,
POLI SCI 873,American Political Parties,"(3, 3)",Political Science,,
POLI SCI/​PUB AFFR/​URB R PL  874,Policy-Making Process,"(3, 3)",Political Science,,
POLI SCI/​PUB AFFR/​URB R PL  878,Public Management,"(3, 3)",Political Science,,
POLI SCI/​PUB AFFR  885,"Advanced Public Management: Craft, Constraints And Accountability","(3, 3)",Political Science,,
POLI SCI/​PUB AFFR/​URB R PL  890,Federal Budget And Tax Policy And Administration,"(3, 3)",Political Science,,
POLI SCI 900,Topics In Political Science,"(1, 3)",Political Science,,
POLI SCI 904,Seminar-American Politics,"(3, 3)",Political Science,,
POLI SCI 917,Time Series Analysis,"(3, 3)",Political Science,,
POLI SCI 919,Seminar-Advanced Methodology,"(3, 3)",Political Science,,
POLI SCI 930,Seminar In Modern Political Thought,"(3, 3)",Political Science,,
POLI SCI 931,Seminar-Political Theory,"(3, 3)",Political Science,,
POLI SCI 932,Seminar In Early Modern Political Theory,"(3, 3)",Political Science,,
POLI SCI/​GEN&WS  933,Feminist Political Theory,"(3, 3)",Political Science,,
POLI SCI 935,Seminar In Contemporary Political Theory,"(3, 3)",Political Science,,
POLI SCI 936,Seminar In Continental Political Thought,"(3, 3)",Political Science,,
POLI SCI 937,Seminar In Legal And Constitutional Theory,"(3, 3)",Political Science,,
POLI SCI 940,Domestic Politics Of International Relations,"(3, 3)",Political Science,,
POLI SCI 945,Seminar-National Security Affairs,"(3, 3)",Political Science,,
POLI SCI 948,Seminar: Topics In Comparative Politics,"(3, 3)",Political Science,,
POLI SCI 950,Psychological Approaches To International Relations,"(3, 3)",Political Science,,
POLI SCI 959,Seminar-International Organization,"(3, 3)",Political Science,,
POLI SCI 960,Seminar-International Relations,"(3, 3)",Political Science,,
POLI SCI/​A A E/​ANTHRO/​C&E SOC/​GEOG/​HISTORY/​LACIS/​PORTUG/​SOC/​SPANISH  982,Interdepartmental Seminar In The Latin-American Area,"(1, 3)",Political Science,,
POLI SCI/​AFRICAN/​ANTHRO/​ECON/​GEOG/​HISTORY  983,Interdepartmental Seminar In African Studies Topics,"(3, 3)",Political Science,,
POLI SCI 986,Political Theory Workshop,"(1, 3)",Political Science,,
POLI SCI 987,Comparative Politics Colloquium,"(1, 3)",Political Science,,
POLI SCI 988,International Relations Colloquium,"(1, 3)",Political Science,,
POLI SCI 989,American Politics Workshop,"(1, 1)",Political Science,,
POLI SCI 990,Research And Thesis,"(1, 3)",Political Science,,
POLI SCI 999,Independent Work,"(2, 3)",Political Science,,
POP HLTH/​C&E SOC  370,Introduction To Public Health,"(3, 3)",Population Health Sciences,,
POP HLTH/​B M I  451,Introduction To Sas Programming For Population Health,"(2, 2)",Population Health Sciences,,
POP HLTH/​ENVIR ST  471,Introduction To Environmental Health,"(3, 3)",Population Health Sciences,,
POP HLTH/​ENVIR ST  502,Air Pollution And Human Health,"(3, 3)",Population Health Sciences,,
POP HLTH/​ECON/​PUB AFFR  548,The Economics Of Health Care,"(3, 4)",Population Health Sciences,,
POP HLTH/​B M I  551,Introduction To Biostatistics For Population Health,"(3, 3)",Population Health Sciences,,
POP HLTH/​B M I  552,Regression Methods For Population Health,"(3, 3)",Population Health Sciences,,
POP HLTH/​HIST SCI/​MED HIST  553,International Health And Global Society,"(3, 3)",Population Health Sciences,,
POP HLTH/​NUTR SCI  621,Introduction To Nutritional Epidemiology,"(1, 1)",Population Health Sciences,,
POP HLTH/​M&ENVTOX/​ONCOLOGY/​PHM SCI/​PHMCOL-M  625,Toxicology I,"(3, 3)",Population Health Sciences,,
POP HLTH/​M&ENVTOX/​PATH/​PHM SCI/​PHMCOL-M  626,Toxicology Ii,"(3, 3)",Population Health Sciences,,
POP HLTH/​GENETICS/​MD GENET  636,Public Health Genomics,"(1, 1)",Population Health Sciences,,
POP HLTH 640,Foundations In Global Health Practice,"(1, 1)",Population Health Sciences,,
POP HLTH 644,Interdisciplinary Perspectives On Global Health And Disease,"(1, 1)",Population Health Sciences,,
POP HLTH 650,Special Topics,"(1, 6)",Population Health Sciences,,
POP HLTH/​B M I  651,Advanced Regression Methods For Population Health,"(3, 3)",Population Health Sciences,,
POP HLTH/​B M I  652,Topics In Biostatistics For Epidemiology,"(1, 3)",Population Health Sciences,,
POP HLTH/​B M I  694,Applied Biomedical Informatics & Real-World Data For Precision Medicine & Population Health,"(2, 2)",Population Health Sciences,,
POP HLTH 699,Independent Reading,"(1, 5)",Population Health Sciences,,
POP HLTH/​I SY E  703,Quality Of Health Care: Evaluation And Assurance,"(1, 3)",Population Health Sciences,,
POP HLTH/​MEDICINE/​NURSING  705,Seminar In Interdisciplinary Clinical Research Evidence,"(2, 3)",Population Health Sciences,,
POP HLTH 709,Translational And Outcomes Research In Health And Health Care,"(3, 3)",Population Health Sciences,,
POP HLTH 712,Integrating Medicine And Public Health,"(1, 1)",Population Health Sciences,,
POP HLTH 713,Epidemiology Of Hiv/Aids,"(1, 1)",Population Health Sciences,,
POP HLTH 718,Principles Of Global Health Care Systems,"(2, 2)",Population Health Sciences,,
POP HLTH 721,Conspiracies In Public Health,"(2, 2)",Population Health Sciences,,
POP HLTH 728,Climate Change Medicine,"(2, 2)",Population Health Sciences,,
POP HLTH 729,Preparedness In Public Health,"(2, 2)",Population Health Sciences,,
POP HLTH/​ENVIR ST  739,"Climate Change, Human And Planetary Health","(2, 2)",Population Health Sciences,,
POP HLTH 750,Cancer Epidemiology,"(3, 3)",Population Health Sciences,,
POP HLTH 752,Principles Of Population Health: Determinants Of Health And Health Disparities,"(2, 2)",Population Health Sciences,,
POP HLTH 753,Principles Of Population Health: Population Health And Healthcare Systems,"(2, 2)",Population Health Sciences,,
POP HLTH 784,Public Health Surveillance And Analytics,"(3, 3)",Population Health Sciences,,
POP HLTH/​M&ENVTOX  789,Principles Of Environmental Health: A Systems Thinking Approach,"(3, 3)",Population Health Sciences,,
POP HLTH/​KINES  791,Physical Activity Epidemiology,"(3, 3)",Population Health Sciences,,
POP HLTH 794,Biological Basis Of Population Health,"(2, 2)",Population Health Sciences,,
POP HLTH 795,Principles Of Population Health Sciences,"(1, 3)",Population Health Sciences,,
POP HLTH 796,Introduction To Health Services Research,"(3, 3)",Population Health Sciences,,
POP HLTH/​SOC  797,Introduction To Epidemiology,"(3, 3)",Population Health Sciences,,
POP HLTH 798,Epidemiologic Methods,"(3, 3)",Population Health Sciences,,
POP HLTH 801,Epidemiology Of Infectious Diseases,"(3, 3)",Population Health Sciences,,
POP HLTH 805,Advanced Epidemiology: Causal Inference In Epidemiological Studies,"(3, 3)",Population Health Sciences,,
POP HLTH 806,Advanced Epidemiology: Practice Of Epidemiology,"(3, 3)",Population Health Sciences,,
POP HLTH/​OBS&GYN  807,Reproductive And Perinatal Epidemiology,"(2, 2)",Population Health Sciences,,
POP HLTH 810,Global Health Epidemiology,"(2, 2)",Population Health Sciences,,
POP HLTH 819,Social Network Analysis And Health,"(3, 3)",Population Health Sciences,,
POP HLTH 820,Graduate Research Seminar,"(1, 1)",Population Health Sciences,,
POP HLTH 847,Cardiovascular Epidemiology,"(1, 1)",Population Health Sciences,,
POP HLTH/​ECON  848,Health Economics,"(1, 3)",Population Health Sciences,,
POP HLTH/​AN SCI/​GENETICS  849,Genetic Epidemiology,"(3, 3)",Population Health Sciences,,
POP HLTH/​I SY E  875,Cost Effectiveness Analysis In Health And Healthcare,"(3, 3)",Population Health Sciences,,
POP HLTH 876,Measuring Health Outcomes,"(3, 3)",Population Health Sciences,,
POP HLTH/​A A E/​ENVIR ST/​PUB AFFR  881,Benefit-Cost Analysis,"(3, 3)",Population Health Sciences,,
POP HLTH 890,"Substance Use Research: Prevalence, Policy, Treatment","(3, 3)",Population Health Sciences,,
POP HLTH 904,Special Topics In Epidemiology,"(1, 3)",Population Health Sciences,,
POP HLTH 915,International Health Systems And Policy,"(2, 2)",Population Health Sciences,,
POP HLTH 917,General Preventive Medicine And Public Health Elective,"(4, 4)",Population Health Sciences,,
POP HLTH 918,Environmental Health And Advocacy,"(2, 2)",Population Health Sciences,,
POP HLTH/​KINES  955,Seminar - Physical Activity Epidemiology,"(1, 1)",Population Health Sciences,,
POP HLTH 990,Research,"(1, 8)",Population Health Sciences,,
PORTUG 101,First Semester Portuguese,"(4, 4)",Portuguese,,
PORTUG 102,Second Semester Portuguese,"(4, 4)",Portuguese,,
PORTUG 201,Third Semester Portuguese,"(4, 4)",Portuguese,,
PORTUG 202,Fourth Semester Portuguese,"(4, 4)",Portuguese,,
PORTUG 221,Introduction To Luso-Brazilian Literatures,"(4, 4)",Portuguese,,
PORTUG 225,Third Year Conversation And Composition,"(3, 3)",Portuguese,,
PORTUG 226,Third Year Conversation And Composition,"(3, 3)",Portuguese,,
PORTUG 299,Directed Study,"(1, 3)",Portuguese,,
PORTUG 301,Intensive Portuguese,"(4, 4)",Portuguese,,
PORTUG 302,Intensive Portuguese,"(4, 4)",Portuguese,,
PORTUG 311,Fourth Year Composition And Conversation,"(3, 3)",Portuguese,,
PORTUG 312,Fourth Year Composition And Conversation,"(3, 3)",Portuguese,,
PORTUG 330,History Of The Portuguese Language,"(3, 3)",Portuguese,,
PORTUG 361,Portuguese Civilization,"(3, 3)",Portuguese,,
PORTUG 362,Brazilian Civilization,"(3, 3)",Portuguese,,
PORTUG 411,Survey Of Portuguese Literature Before 1825,"(3, 3)",Portuguese,,
PORTUG/​FRENCH/​ITALIAN/​SPANISH  429,Introduction To The Romance Languages,"(3, 3)",Portuguese,,
PORTUG/​GEN&WS  450,Brazillian Women Writers,"(3, 3)",Portuguese,,
PORTUG/​AFRICAN  451,Lusophone African Literature,"(3, 3)",Portuguese,,
PORTUG/​GEN&WS  460,Carmen Miranda,"(3, 3)",Portuguese,,
PORTUG 467,Survey Of Portuguese Literature Since 1825,"(3, 3)",Portuguese,,
PORTUG 468,Survey Of Brazilian Literature Since 1890,"(3, 3)",Portuguese,,
PORTUG 573,Topics In Portuguese: Study Abroad,"(1, 6)",Portuguese,,
PORTUG 640,Topics In Luso-Brazilian Literature,"(3, 3)",Portuguese,,
PORTUG 642,Topics In Luso-Brazilian Culture,"(3, 3)",Portuguese,,
PORTUG 681,Senior Honors Thesis,"(3, 3)",Portuguese,,
PORTUG 682,Senior Honors Thesis,"(3, 3)",Portuguese,,
PORTUG 699,Directed Study,"(1, 6)",Portuguese,,
PORTUG 751,Seminar: Brazilian Literature,"(3, 3)",Portuguese,,
PORTUG 772,Seminar: Portuguese Literature,"(3, 3)",Portuguese,,
PORTUG 899,Independent Reading,"(1, 3)",Portuguese,,
PORTUG/​A A E/​ANTHRO/​C&E SOC/​GEOG/​HISTORY/​LACIS/​POLI SCI/​SOC/​SPANISH  982,Interdepartmental Seminar In The Latin-American Area,"(1, 3)",Portuguese,,
PORTUG 990,Thesis,"(1, 12)",Portuguese,,
PSYCHIAT 699,Independent Study,"(0, 5)",Psychiatry,,
PSYCHIAT 712,"Foundations In Infant, Early Childhood And Family Mental Health: Dev, Screening, Assessment And Diag","(3, 3)",Psychiatry,,
PSYCHIAT 713,"Seminar In Reflective Practices And Mindfulness In Infant, Early Childhood & Family Mental Health I","(2, 2)",Psychiatry,,
PSYCHIAT 714,"Consultation In Infant, Early Childhood And Family Mental Health: Advanced Clinical Practice I","(1, 1)",Psychiatry,,
PSYCHIAT 715,"Therapeutic Interventions, Practices And Policy In Infant, Early Childhood And Family Mental Health","(3, 3)",Psychiatry,,
PSYCHIAT 716,"Seminar In Reflective Practices And Mindfulness In Infant, Early Childhood And Fam Mental Health Ii","(2, 2)",Psychiatry,,
PSYCHIAT 717,"Consultation In Infant, Early Childhood And Family Mental Health: Advanced Clinical Practice Ii","(1, 1)",Psychiatry,,
PSYCHIAT 901,Sports Psychiatry: Improving The Mental Health Of Athletes At The Individual And Systems Levels,"(2, 2)",Psychiatry,,
PSYCHIAT 902,The Basic Science Of Sleep And Consciousness,"(2, 2)",Psychiatry,,
PSYCHIAT 910,Psychiatry Independent Reading And Research Elective,"(1, 12)",Psychiatry,,
PSYCHIAT 919,Psychiatry Individualized Clinical Elective,"(1, 12)",Psychiatry,,
PSYCHIAT 921,Behavioral Health Clinical Elective,"(1, 12)",Psychiatry,,
PSYCHIAT 922,Psychiatry Consultation And Liaison Clinical Elective,"(1, 12)",Psychiatry,,
PSYCHIAT 925,Community Psychiatry Elective,"(2, 4)",Psychiatry,,
PSYCHIAT 930,Psychiatry Geriatric Clinical Elective,"(1, 12)",Psychiatry,,
PSYCHIAT 931,Dementia And Public Health,"(2, 4)",Psychiatry,,
PSYCHIAT 932,Psychiatry Addiction Clinical Elective,"(1, 12)",Psychiatry,,
PSYCHIAT 933,Public Health Advocacy And Service In Psychiatry,"(2, 2)",Psychiatry,,
PSYCHIAT 934,Psychiatry Inpatient Clinical Elective,"(2, 4)",Psychiatry,,
PSYCHIAT 946,Child And Adolescent Psychiatry Clinical Elective,"(1, 12)",Psychiatry,,
PSYCHIAT 947,Psychiatry Assessment & Treatment In A Forensic Hospital Setting,"(4, 4)",Psychiatry,,
PSYCH/​ASIAN/​COUN PSY/​ED PSYCH  120,The Art And Science Of Human Flourishing,"(3, 3)",Psychology,,
PSYCH/​SOC  160,Human Sexuality: Social And Psychological Issues,"(3, 4)",Psychology,,
PSYCH 202,Introduction To Psychology,"(3, 4)",Psychology,,
PSYCH 205,Exploring Research In Psychology,"(1, 1)",Psychology,,
PSYCH 210,Basic Statistics For Psychology,"(3, 3)",Psychology,,
PSYCH 212,Social Science Topics In Psychology,"(3, 3)",Psychology,,
PSYCH 225,Research Methods,"(4, 4)",Psychology,,
PSYCH 310,Topics In Psychology: Study Abroad,"(1, 6)",Psychology,,
PSYCH 311,Issues In Psychology,"(1, 4)",Psychology,,
PSYCH/​GEN&WS  322,Sexual & Relationship Violence Research & Activism,"(3, 3)",Psychology,,
PSYCH/​I SY E  349,Introduction To Human Factors,"(3, 3)",Psychology,,
PSYCH 380,Junior Honors Seminar,"(1, 1)",Psychology,,
PSYCH 399,Service Learning In Psychology,"(1, 4)",Psychology,,
PSYCH 401,"Psychology, Law, And Social Policy","(3, 3)",Psychology,,
PSYCH 403,Psychology Of Personality,"(3, 3)",Psychology,,
PSYCH 405,Adult Psychopathology,"(3, 4)",Psychology,,
PSYCH 406,Psychology Of Perception,"(3, 4)",Psychology,,
PSYCH 414,Cognitive Psychology,"(3, 4)",Psychology,,
PSYCH 449,Animal Behavior,"(3, 4)",Psychology,,
PSYCH 450,Primate Psychology: Insights Into Human Behavior,"(3, 4)",Psychology,,
PSYCH/​SOC  453,Human Sexuality,"(4, 4)",Psychology,,
PSYCH 454,Behavioral Neuroscience,"(3, 4)",Psychology,,
PSYCH 456,Social Psychology,"(3, 4)",Psychology,,
PSYCH 460,Child Development,"(3, 4)",Psychology,,
PSYCH 462,Adolescent Development,"(3, 4)",Psychology,,
PSYCH 464,Adult Development And Aging,"(3, 3)",Psychology,,
PSYCH 501,Depth Topic In Social Science,"(4, 4)",Psychology,,
PSYCH 502,Cognitive Development,"(4, 4)",Psychology,,
PSYCH 503,Social Development,"(4, 4)",Psychology,,
PSYCH 505,Depth Topic In Biological Science,"(3, 4)",Psychology,,
PSYCH 508,Psychology Of Human Emotions: From Biology To Culture,"(4, 4)",Psychology,,
PSYCH 510,Critical Issues In Child Psychopathology,"(4, 4)",Psychology,,
PSYCH 513,"Hormones, Brain, And Behavior","(4, 4)",Psychology,,
PSYCH 521,"The Structure Of Human Thought: Concepts, Language And Culture","(4, 4)",Psychology,,
PSYCH/​GEN&WS  522,Psychology Of Women And Gender,"(3, 3)",Psychology,,
PSYCH/​ZOOLOGY  523,Neurobiology,"(3, 3)",Psychology,,
PSYCH 525,Cognition In Health And Society,"(4, 4)",Psychology,,
PSYCH 526,The Criminal Mind: Forensic And Psychobiological Perspectives,"(4, 4)",Psychology,,
PSYCH 528,Cultural Psychology,"(4, 4)",Psychology,,
PSYCH 532,Psychological Effects Of The Internet,"(4, 4)",Psychology,,
PSYCH/​I SY E  549,Human Factors Engineering,"(3, 3)",Psychology,,
PSYCH 601,Current Topics In Psychology,"(3, 3)",Psychology,,
PSYCH 602,Intermediate Statistics For Psychology,"(3, 3)",Psychology,,
PSYCH 603,Epigenetics And The Brain,"(3, 3)",Psychology,,
PSYCH 607,Introduction To Psychotherapy,"(3, 3)",Psychology,,
PSYCH 610,Design And Analysis Of Psychological Experiments I,"(4, 4)",Psychology,,
PSYCH/​NEURODPT/​NTP  611,Systems Neuroscience,"(4, 4)",Psychology,,
PSYCH 612,Neuropharmacology,"(3, 3)",Psychology,,
PSYCH/​ANTHRO/​NTP/​ZOOLOGY  619,Biology Of Mind,"(3, 3)",Psychology,,
PSYCH 621,Mentored Research And Seminar,"(1, 6)",Psychology,,
PSYCH/​I SY E  653,Organization And Job Design,"(3, 3)",Psychology,,
PSYCH/​NEURODPT/​ZOOLOGY  674,Behavioral Neuroendocrinology Seminar,"(2, 2)",Psychology,,
PSYCH 681,Senior Honors Thesis,"(3, 3)",Psychology,,
PSYCH 682,Senior Honors Thesis,"(3, 3)",Psychology,,
PSYCH 686,Senior Thesis Seminar In Psychology,"(1, 1)",Psychology,,
PSYCH 691,Undergraduate Thesis,"(1, 6)",Psychology,,
PSYCH 692,Undergraduate Thesis,"(1, 6)",Psychology,,
PSYCH 699,Directed Study,"(1, 3)",Psychology,,
PSYCH 701,Proseminar In Experimental Psychology,"(1, 1)",Psychology,,
PSYCH 703,Proseminar In Social Psychology,"(1, 1)",Psychology,,
PSYCH 704,Proseminar In Clinical Psychology,"(1, 1)",Psychology,,
PSYCH 706,Proseminar In Developmental Psychology,"(1, 1)",Psychology,,
PSYCH 707,Proseminar In Biological Psychology (Perception/Biology Of Brain & Behavior),"(1, 1)",Psychology,,
PSYCH 709,Proseminar In Data Science In Human Behavior,"(1, 1)",Psychology,,
PSYCH 710,Design And Analysis Of Psychological Experiments Ii,"(4, 4)",Psychology,,
PSYCH 711,Current Topics In Psychology,"(2, 3)",Psychology,,
PSYCH 720,Essentials Of Cognitive Neuroscience,"(3, 3)",Psychology,,
PSYCH 728,Classic Issues In Social Psychology,"(3, 3)",Psychology,,
PSYCH/​COUN PSY/​RP & SE  729,Advanced Social Psychology,"(3, 3)",Psychology,,
PSYCH 733,Perceptual And Cognitive Sciences,"(2, 2)",Psychology,,
PSYCH 740,"Clinical I: Assessment, Etiology, And Treatment","(1, 1)",Psychology,,
PSYCH 741,"Clinical Ii: Assessment, Etiology, And Treatment","(1, 1)",Psychology,,
PSYCH 750,Programming For Human Behavioral Data Science,"(3, 3)",Psychology,,
PSYCH 752,Applied Machine Learning For Behavioral Data Science,"(3, 3)",Psychology,,
PSYCH 755,Environments And Tools For Large-Scale Behavioral Data Science,"(3, 3)",Psychology,,
PSYCH/​COMP SCI/​ED PSYCH  770,Human-Computer Interaction,"(3, 3)",Psychology,,
PSYCH 790,Capstone I,"(5, 5)",Psychology,,
PSYCH 791,Capstone Ii,"(3, 3)",Psychology,,
PSYCH 799,Independent Reading,"(2, 3)",Psychology,,
PSYCH 800,Cognitive & Neuropsychological Assessment For Diagnosis,"(2, 2)",Psychology,,
PSYCH 802,Assessment Of Psychopathology & Personality,"(2, 2)",Psychology,,
PSYCH 803,Advanced Techniques In Psychotherapy,"(3, 3)",Psychology,,
PSYCH 805,Field Work In Clinical Psychology,"(1, 3)",Psychology,,
PSYCH 806,Principles Of Psychotherapy Research,"(2, 2)",Psychology,,
PSYCH 807,Introduction To Conducting Psychotherapy,"(3, 3)",Psychology,,
PSYCH 808,Culture & Diversity In Clinical Practice,"(3, 3)",Psychology,,
PSYCH 809,Ethical And Legal Issues In Clinical Practice,"(3, 3)",Psychology,,
PSYCH 810,"Clinical Supervision, Consultation, & Community Psychology","(3, 3)",Psychology,,
PSYCH 811,Cognitive Behavior Therapy,"(1, 1)",Psychology,,
PSYCH/​B M I/​COMP SCI  841,Computational Cognitive Science,"(3, 3)",Psychology,,
PSYCH/​I SY E  854,Special Topics In Organization Design,"(1, 3)",Psychology,,
PSYCH/​I SY E  859,Special Topics In Human Factors Engineering,"(1, 3)",Psychology,,
PSYCH/​ANTHRO  906,Methods And Hypothesis-Testing For Behavioral Ecologists,"(1, 3)",Psychology,,
PSYCH 910,Psychometrics,"(2, 2)",Psychology,,
PSYCH 918,Seminar-General Psychology,"(1, 3)",Psychology,,
PSYCH 930,Seminar-Social Psychology,"(2, 3)",Psychology,,
PSYCH/​GEN&WS  932,Psychology Of Women And Gender,"(3, 3)",Psychology,,
PSYCH 954,Seminar-Physiological Psychology,"(2, 3)",Psychology,,
PSYCH 990,Research,"(1, 12)",Psychology,,
PSYCH/​COUN PSY/​ED PSYCH/​RP & SE  995,Predoctoral Internship,"(0, 0)",Psychology,,
PUB AFFR 200,Contemporary Public Policy Issues,"(3, 3)",Public Affairs And Public Policy,,
PUB AFFR 201,Introduction To Health Policy In The United States,"(3, 3)",Public Affairs And Public Policy,,
PUB AFFR 230,Advancing Public Policy In A Divided America,"(3, 3)",Public Affairs And Public Policy,,
PUB AFFR 240,Evidence-Based Policy Making,"(3, 3)",Public Affairs And Public Policy,,
PUB AFFR 242,Foundations Of Data Analysis For Health Policy,"(3, 3)",Public Affairs And Public Policy,,
PUB AFFR 270,The Private And Public Sectors In Policymaking,"(3, 3)",Public Affairs And Public Policy,,
PUB AFFR 274,Topics In Public Policy,"(3, 3)",Public Affairs And Public Policy,,
PUB AFFR 278,Public Leadership,"(3, 3)",Public Affairs And Public Policy,,
PUB AFFR 281,Discovering What Works In Health Policy,"(3, 3)",Public Affairs And Public Policy,,
PUB AFFR 285,Strategic Public Management,"(3, 3)",Public Affairs And Public Policy,,
PUB AFFR 299,Directed Study,"(1, 3)",Public Affairs And Public Policy,,
PUB AFFR 327,Administrative Internship,"(3, 3)",Public Affairs And Public Policy,,
PUB AFFR 340,Intermediate Evidence-Based Policymaking And Communication,"(3, 3)",Public Affairs And Public Policy,,
PUB AFFR 352,"Women, Gender, And Public Policy","(3, 3)",Public Affairs And Public Policy,,
PUB AFFR 360,Workshop In Health Policy,"(3, 3)",Public Affairs And Public Policy,,
PUB AFFR 366,U.S. Environmental Politics And Public Policy,"(3, 3)",Public Affairs And Public Policy,,
PUB AFFR 369,Workshop In Public Policy,"(3, 3)",Public Affairs And Public Policy,,
PUB AFFR 380,Analytic Tools For Public Policy,"(3, 3)",Public Affairs And Public Policy,,
PUB AFFR/​POLI SCI  419,Administrative Law,"(3, 4)",Public Affairs And Public Policy,,
PUB AFFR 520,"Inequality, Race And Public Policy","(3, 3)",Public Affairs And Public Policy,,
PUB AFFR 523,"Policy, Privacy, And Personal Identity In The Postgenomics Era","(3, 3)",Public Affairs And Public Policy,,
PUB AFFR/​ECON/​POP HLTH  548,The Economics Of Health Care,"(3, 4)",Public Affairs And Public Policy,,
PUB AFFR/​CIV ENGR  694,Management Of Civil Infrastructure Systems,"(3, 3)",Public Affairs And Public Policy,,
PUB AFFR/​ECON/​URB R PL  734,Regional Economic Problem Analysis,"(3, 3)",Public Affairs And Public Policy,,
PUB AFFR/​ED POL/​ELPA  765,Issues In Educational Policy Analysis,"(3, 3)",Public Affairs And Public Policy,,
PUB AFFR 799,Independent Reading,"(1, 3)",Public Affairs And Public Policy,,
PUB AFFR 800,Public Affairs Professional Development Workshop,"(1, 1)",Public Affairs And Public Policy,,
PUB AFFR 802,Public Affairs Seminar Series,"(1, 2)",Public Affairs And Public Policy,,
PUB AFFR/​ED POL/​GEN&WS  805,Gender Issues In International Educational Policy,"(3, 3)",Public Affairs And Public Policy,,
PUB AFFR/​ENVIR ST/​URB R PL  809,Introduction To Energy Analysis And Policy,"(3, 3)",Public Affairs And Public Policy,,
PUB AFFR/​ENVIR ST/​URB R PL  810,Energy Analysis And Policy Capstone,"(3, 3)",Public Affairs And Public Policy,,
PUB AFFR 818,Introduction To Statistical Methods For Public Policy Analysis,"(3, 3)",Public Affairs And Public Policy,,
PUB AFFR 819,Advanced Statistical Methods For Public Policy Analysis,"(3, 3)",Public Affairs And Public Policy,,
PUB AFFR 820,Community Economic Analysis,"(3, 3)",Public Affairs And Public Policy,,
PUB AFFR 827,Administrative Internship,"(1, 3)",Public Affairs And Public Policy,,
PUB AFFR/​ED POL/​ELPA  830,School Finance And Resource Allocation,"(3, 3)",Public Affairs And Public Policy,,
PUB AFFR 850,International Governance,"(3, 3)",Public Affairs And Public Policy,,
PUB AFFR 854,Macroeconomic Policy And International Financial Regulation,"(3, 3)",Public Affairs And Public Policy,,
PUB AFFR 856,"Trade, Competition, And Governance In A Global Economy","(3, 3)",Public Affairs And Public Policy,,
PUB AFFR 857,Political Economy Of Corruption And Good Governance,"(3, 3)",Public Affairs And Public Policy,,
PUB AFFR 860,Workshop In International Public Affairs,"(3, 3)",Public Affairs And Public Policy,,
PUB AFFR 863,Health Systems And Policy,"(3, 3)",Public Affairs And Public Policy,,
PUB AFFR 864,Health Policy And Policy Design,"(3, 3)",Public Affairs And Public Policy,,
PUB AFFR/​ENVIR ST/​POLI SCI  866,Global Environmental Governance,"(3, 3)",Public Affairs And Public Policy,,
PUB AFFR 869,Workshop In Public Affairs,"(3, 3)",Public Affairs And Public Policy,,
PUB AFFR/​POLI SCI  871,Public Program Evaluation,"(3, 3)",Public Affairs And Public Policy,,
PUB AFFR 873,Introduction To Policy Analysis,"(3, 3)",Public Affairs And Public Policy,,
PUB AFFR/​POLI SCI/​URB R PL  874,Policy-Making Process,"(3, 3)",Public Affairs And Public Policy,,
PUB AFFR/​POLI SCI/​URB R PL  878,Public Management,"(3, 3)",Public Affairs And Public Policy,,
PUB AFFR 880,Microeconomic Policy Analysis,"(3, 3)",Public Affairs And Public Policy,,
PUB AFFR/​A A E/​ENVIR ST/​POP HLTH  881,Benefit-Cost Analysis,"(3, 3)",Public Affairs And Public Policy,,
PUB AFFR/​POLI SCI  885,"Advanced Public Management: Craft, Constraints And Accountability","(3, 3)",Public Affairs And Public Policy,,
PUB AFFR 888,Comparative And National Social Policy,"(3, 3)",Public Affairs And Public Policy,,
PUB AFFR/​POLI SCI/​URB R PL  890,Federal Budget And Tax Policy And Administration,"(3, 3)",Public Affairs And Public Policy,,
PUB AFFR 891,State And Local Government Finance,"(3, 3)",Public Affairs And Public Policy,,
PUB AFFR 892,Public Budgeting,"(3, 3)",Public Affairs And Public Policy,,
PUB AFFR 974,Topics In Public Affairs,"(3, 3)",Public Affairs And Public Policy,,
PUBLHLTH 700,Topics In Public Health,"(1, 3)",Public Health,,
PUBLHLTH 710,"Introduction To Global Health: History, Current Issues, And Health Statistics","(2, 2)",Public Health,,
PUBLHLTH 711,"Global Public Health And Healthcare Systems: Organizations, Governance, Financing, And Workforce","(2, 2)",Public Health,,
PUBLHLTH 712,"Global Health: Infectious Diseases, One Health, And Prevention Strategies","(2, 2)",Public Health,,
PUBLHLTH 713,"Global Health: Non-Communicable Diseases, Poverty, Environmental Health, And Food Security","(2, 2)",Public Health,,
PUBLHLTH 714,"Global Health Field Work Fundamentals: Engagement, Ethics, Policy, And Methods","(2, 2)",Public Health,,
PUBLHLTH 715,Global Health Issue Analysis,"(1, 1)",Public Health,,
PUBLHLTH 716,Study Abroad Global Health Field Experience,"(1, 4)",Public Health,,
PUBLHLTH/​NURSING/​PHARMACY/​PHY ASST/​PHY THER  758,Interprofessional Public Health Leadership,"(1, 1)",Public Health,,
PUBLHLTH 777,Clinical Medicine And Public Health,"(2, 2)",Public Health,,
PUBLHLTH 780,Evidence-Based Decision-Making,"(3, 3)",Public Health,,
PUBLHLTH 781,Communicating Public Health Effectively I,"(1, 1)",Public Health,,
PUBLHLTH 782,Determinants Of Health And Health Equity: A Systems Approach,"(3, 3)",Public Health,,
PUBLHLTH 783,Quantitative Approaches To Public Health,"(4, 4)",Public Health,,
PUBLHLTH 784,Quantitative Approaches To Public Health Ii,"(3, 3)",Public Health,,
PUBLHLTH 785,Public Health And Health Care Systems,"(3, 3)",Public Health,,
PUBLHLTH 786,Planning And Management To Promote Health,"(3, 3)",Public Health,,
PUBLHLTH 787,Mph Applied Practice Experience Seminar,"(1, 1)",Public Health,,
PUBLHLTH 788,Applied Practice Experience,"(1, 6)",Public Health,,
PUBLHLTH 790,Public Health And Social Justice: Tools And Models,"(2, 2)",Public Health,,
PUBLHLTH 791,Strategic Health Communication- Theory And Practice,"(3, 3)",Public Health,,
PUBLHLTH 792,Public Health Policy And Politics,"(3, 3)",Public Health,,
PUBLHLTH 793,Public Health Leadership,"(2, 2)",Public Health,,
RADIOL/​B M E/​MED PHYS/​PHMCOL-M/​PHYSICS  619,Microscopy Of Life,"(3, 3)",Radiology,,
RADIOL 813,Radiology Clerkship,"(1, 2)",Radiology,,
RADIOL 910,Independent Reading And Research In Radiology,"(2, 8)",Radiology,,
RADIOL 911,Imaging And Embryology: The Basic Science Of Fetal Dysmorphogenesis,"(2, 2)",Radiology,,
RADIOL 912,"Intensive Training In Clinical Ultrasound: Physics, Anatomy, Skills, Translation To Practice","(2, 2)",Radiology,,
RADIOL 914,Physician Financial Wellness,"(1, 1)",Radiology,,
RADIOL 920,Diagnostic Radiology Elective,"(2, 2)",Radiology,,
RADIOL 923,Clinical Nuclear Medicine Elective,"(2, 2)",Radiology,,
RADIOL 924,General Radiology Elective,"(2, 4)",Radiology,,
RADIOL 926,Interventional Radiology Elective,"(2, 4)",Radiology,,
RADIOL 928,Screening In Radiology,"(2, 2)",Radiology,,
REAL EST/​A A E/​ECON/​URB R PL  306,The Real Estate Process,"(3, 3)",Real Estate And Urban Land Economics,,
REAL EST 365,Contemporary Topics,"(1, 3)",Real Estate And Urban Land Economics,,
REAL EST 399,Reading And Research-Urban Land Economics,"(1, 6)",Real Estate And Urban Land Economics,,
REAL EST 410,Real Estate Finance,"(3, 3)",Real Estate And Urban Land Economics,,
REAL EST 411,Real Estate Excel Modeling,"(1, 1)",Real Estate And Urban Land Economics,,
REAL EST 412,Real Estate Argus Modeling,"(1, 1)",Real Estate And Urban Land Economics,,
REAL EST 415,Valuation Of Real Estate,"(3, 3)",Real Estate And Urban Land Economics,,
REAL EST/​ECON/​URB R PL  420,Urban And Regional Economics,"(3, 3)",Real Estate And Urban Land Economics,,
REAL EST 425,Real Estate Law,"(3, 3)",Real Estate And Urban Land Economics,,
REAL EST/​INTL BUS  430,International Real Estate,"(3, 3)",Real Estate And Urban Land Economics,,
REAL EST/​A A E/​URB R PL  520,Community Economic Analysis,"(3, 3)",Real Estate And Urban Land Economics,,
REAL EST 530,Real Estate Investment Analysis,"(3, 3)",Real Estate And Urban Land Economics,,
REAL EST 540,Public Real Estate Equity Investment,"(3, 3)",Real Estate And Urban Land Economics,,
REAL EST 550,Private Real Estate Equity Investment I: Analysis And Structures,"(3, 3)",Real Estate And Urban Land Economics,,
REAL EST 611,Residential Property Development,"(3, 3)",Real Estate And Urban Land Economics,,
REAL EST 640,Real Estate Capital Markets,"(3, 3)",Real Estate And Urban Land Economics,,
REAL EST 651,Green - Sustainable Development,"(3, 3)",Real Estate And Urban Land Economics,,
REAL EST 661,Real Estate Investment Analysis And Presentation,"(3, 3)",Real Estate And Urban Land Economics,,
REAL EST 701,The Real Estate Process,"(2, 2)",Real Estate And Urban Land Economics,,
REAL EST 702,Commercial Property Analysis,"(2, 2)",Real Estate And Urban Land Economics,,
REAL EST 703,Real Estate Investment Analysis,"(2, 2)",Real Estate And Urban Land Economics,,
REAL EST 706,The Real Estate Process,"(3, 3)",Real Estate And Urban Land Economics,,
REAL EST 710,Real Estate Finance,"(3, 3)",Real Estate And Urban Land Economics,,
REAL EST 712,Real Estate Law,"(3, 3)",Real Estate And Urban Land Economics,,
REAL EST 715,Techniques Of Real Estate Valuation,"(3, 3)",Real Estate And Urban Land Economics,,
REAL EST/​URB R PL  720,Urban Economics,"(3, 3)",Real Estate And Urban Land Economics,,
REAL EST 750,Commercial Property Development,"(3, 3)",Real Estate And Urban Land Economics,,
REAL EST 760,Lawyering The Development Deal: A Practical Guide To Real Estate Law,"(3, 3)",Real Estate And Urban Land Economics,,
REAL EST 765,Contemporary Topics,"(1, 4)",Real Estate And Urban Land Economics,,
REAL EST 770,Commercial Real Estate Finance,"(3, 3)",Real Estate And Urban Land Economics,,
REAL EST 799,Reading And Research-Urban Land Economics,"(1, 6)",Real Estate And Urban Land Economics,,
REAL EST 841,Applied Real Estate Investment Track (Areit) I,"(6, 6)",Real Estate And Urban Land Economics,,
REAL EST 842,Applied Real Estate Investment Track (Areit) Ii,"(3, 3)",Real Estate And Urban Land Economics,,
REAL EST 851,Private Real Estate Equity Investment Ii:  Underwriting And Investment Processes,"(6, 6)",Real Estate And Urban Land Economics,,
REAL EST 852,"Private Real Estate Equity Investment Iii: Guidelines, Governance, And Portfolios","(3, 3)",Real Estate And Urban Land Economics,,
REAL EST 870,Advanced Real Estate Finance Theory,"(3, 3)",Real Estate And Urban Land Economics,,
REAL EST 875,Advanced Urban Land Economics,"(3, 3)",Real Estate And Urban Land Economics,,
REAL EST 978,Research Seminar In Real Estate And Urban Land Economics,"(1, 1)",Real Estate And Urban Land Economics,,
REAL EST 990,Real Estate Independent Research Phd Thesis,"(1, 12)",Real Estate And Urban Land Economics,,
REAL EST 999,Reading And Research-Real Estate Phd,"(1, 6)",Real Estate And Urban Land Economics,,
RHAB MED 699,Independent Study,"(0, 5)",Rehabilitation Medicine,,
RHAB MED 919,Individualized Fourth Year Clinical Clerkship,"(1, 12)",Rehabilitation Medicine,,
RHAB MED 920,Rehabilitation Medicine Clinical Elective,"(2, 4)",Rehabilitation Medicine,,
RHAB MED 923,Physical Medicine And Rehabilitation-Marshfield,"(2, 12)",Rehabilitation Medicine,,
RP & SE 100,Disability And Society,"(3, 3)",Rehabilitation Psychology And Special Education,,
RP & SE 121,Disability And Substance Abuse,"(3, 3)",Rehabilitation Psychology And Special Education,,
RP & SE 125,Health And Rehabilitation Professions,"(3, 3)",Rehabilitation Psychology And Special Education,,
RP & SE/​LEGAL ST  135,Disability And The Criminal Justice System,"(3, 3)",Rehabilitation Psychology And Special Education,,
RP & SE 200,Issues In Special Education,"(3, 3)",Rehabilitation Psychology And Special Education,,
RP & SE 210,The Disability Experience,"(3, 3)",Rehabilitation Psychology And Special Education,,
RP & SE 300,Individuals With Disabilities,"(3, 3)",Rehabilitation Psychology And Special Education,,
RP & SE 310,Positive Psychology And Well Being,"(3, 3)",Rehabilitation Psychology And Special Education,,
RP & SE 311,International Perspectives On Disability In Australia,"(3, 3)",Rehabilitation Psychology And Special Education,,
RP & SE/​COM ARTS/​JOURN  312,Disability And The Media,"(3, 3)",Rehabilitation Psychology And Special Education,,
RP & SE 316,Health Promotion For Individuals With Disability And Chronic Illness,"(3, 3)",Rehabilitation Psychology And Special Education,,
RP & SE 320,Introduction To Teaching In Special Education,"(3, 3)",Rehabilitation Psychology And Special Education,,
RP & SE 325,Self Management Of Chronic Illness And Disability,"(3, 3)",Rehabilitation Psychology And Special Education,,
RP & SE 330,Behavior Analysis: Applications To Persons With Disabilities,"(3, 3)",Rehabilitation Psychology And Special Education,,
RP & SE 335,Introduction To Sport Psychology,"(3, 3)",Rehabilitation Psychology And Special Education,,
RP & SE 355,Remote Service Provision Strategies For Health And Rehabilitation Providers,"(3, 3)",Rehabilitation Psychology And Special Education,,
RP & SE/​CURRIC  365,Teaching Mathematics In Inclusive Settings,"(3, 3)",Rehabilitation Psychology And Special Education,,
RP & SE 390,Community Psychiatric Rehabilitation,"(3, 3)",Rehabilitation Psychology And Special Education,,
RP & SE 405,Current Topics In Special Education,"(1, 1)",Rehabilitation Psychology And Special Education,,
RP & SE/​CURRIC  406,"Race, Intersectionality, And Equity In Education","(3, 3)",Rehabilitation Psychology And Special Education,,
RP & SE 435,Overview Of Early Childhood Special Education,"(3, 3)",Rehabilitation Psychology And Special Education,,
RP & SE 445,Special Education Practicum: Early Adolescence Through Adolescence,"(3, 6)",Rehabilitation Psychology And Special Education,,
RP & SE 455,Early Childhood Special Education Methods: Inclusive Strategies For Infants And Toddlers,"(3, 3)",Rehabilitation Psychology And Special Education,,
RP & SE 457,Elementary Student Teaching Seminar - Elementary/Special Education Dual Major,"(1, 1)",Rehabilitation Psychology And Special Education,,
RP & SE 460,Early Childhood Special Education Methods: Inclusive Strategies For Preschool And Early Elementary,"(3, 3)",Rehabilitation Psychology And Special Education,,
RP & SE 464,"Diagnosis, Assessment, And Instructional Planning In Special Education","(3, 3)",Rehabilitation Psychology And Special Education,,
RP & SE 465,Language And Reading Instruction For Students With Disabilities,"(3, 3)",Rehabilitation Psychology And Special Education,,
RP & SE 466,Diversity In Special Education,"(3, 3)",Rehabilitation Psychology And Special Education,,
RP & SE 467,Elementary Student Teaching Seminar,"(2, 2)",Rehabilitation Psychology And Special Education,,
RP & SE 468,Secondary Student Teaching Seminar,"(2, 2)",Rehabilitation Psychology And Special Education,,
RP & SE 472,Methods In Transition And Vocational Education,"(3, 3)",Rehabilitation Psychology And Special Education,,
RP & SE 473,Classroom Management For Inclusive Classrooms,"(3, 3)",Rehabilitation Psychology And Special Education,,
RP & SE 475,Special Education Practicum: Early Childhood And Elementary,"(1, 9)",Rehabilitation Psychology And Special Education,,
RP & SE 476,Special Education Practicum: Secondary (Grades 4-12),"(1, 9)",Rehabilitation Psychology And Special Education,,
RP & SE 477,Special Education Student Teaching: Elementary (Pk - Grade 9),"(6, 12)",Rehabilitation Psychology And Special Education,,
RP & SE 478,Special Education Student Teaching: Secondary (Grades 4-12),"(6, 12)",Rehabilitation Psychology And Special Education,,
RP & SE 500,Rehabilitation-Counseling Psychology: Foundations,"(3, 3)",Rehabilitation Psychology And Special Education,,
RP & SE 501,Rehabilitation-Counseling Psychology: Applications,"(3, 3)",Rehabilitation Psychology And Special Education,,
RP & SE 505,"Biological, Psychosocial, And Vocational Aspects Of Disabilities","(3, 3)",Rehabilitation Psychology And Special Education,,
RP & SE/​CURRIC  506,Strategies For Inclusive Schooling,"(3, 3)",Rehabilitation Psychology And Special Education,,
RP & SE 510,Partnering With Families And Other Professionals In Early Childhood Special Education,"(3, 3)",Rehabilitation Psychology And Special Education,,
RP & SE 515,Access To The General Curriculum For Students With Disabilities,"(3, 3)",Rehabilitation Psychology And Special Education,,
RP & SE 520,Case Management And Community Resources,"(3, 3)",Rehabilitation Psychology And Special Education,,
RP & SE 535,Introduction To Forensic Rehabilitation,"(3, 3)",Rehabilitation Psychology And Special Education,,
RP & SE 605,"Development, Learning And Education Foundations In Special Education","(3, 3)",Rehabilitation Psychology And Special Education,,
RP & SE 630,Internship In Rehabilitation Or Special Education,"(2, 6)",Rehabilitation Psychology And Special Education,,
RP & SE 660,Special Topics,"(1, 3)",Rehabilitation Psychology And Special Education,,
RP & SE 690,Research Or Thesis,"(1, 3)",Rehabilitation Psychology And Special Education,,
RP & SE 699,Independent Reading,"(1, 3)",Rehabilitation Psychology And Special Education,,
RP & SE 700,"Research Methods In Rehabilitation, Mental Health, & Special Education","(3, 3)",Rehabilitation Psychology And Special Education,,
RP & SE 710,Multicultural Issues In Special Education,"(3, 3)",Rehabilitation Psychology And Special Education,,
RP & SE 715,Equity And Full Participation For Individuals With Significant Disabilities,"(3, 3)",Rehabilitation Psychology And Special Education,,
RP & SE/​COUN PSY/​CURRIC/​ED POL/​ED PSYCH/​ELPA  719,Introduction To Qualitative Research,"(3, 3)",Rehabilitation Psychology And Special Education,,
RP & SE 720,Clinical Rehabilitation & Mental Health Counseling - Assessment,"(3, 3)",Rehabilitation Psychology And Special Education,,
RP & SE 721,Addictions Counseling,"(3, 3)",Rehabilitation Psychology And Special Education,,
RP & SE 725,Clinical Rehabilitation Counseling - Career Development & Interventions,"(3, 3)",Rehabilitation Psychology And Special Education,,
RP & SE/​COUN PSY/​PSYCH  729,Advanced Social Psychology,"(3, 3)",Rehabilitation Psychology And Special Education,,
RP & SE/​COUN PSY  730,Professional Counseling Orientation,"(3, 3)",Rehabilitation Psychology And Special Education,,
RP & SE 732,Clinical Rehabilitation Counseling - Foundations,"(3, 3)",Rehabilitation Psychology And Special Education,,
RP & SE 735,Legal & Ethical Bases Of Counseling,"(3, 3)",Rehabilitation Psychology And Special Education,,
RP & SE/​COUN PSY/​ED PSYCH  736,Seminar In Psychology Of Individual Differences,"(3, 3)",Rehabilitation Psychology And Special Education,,
RP & SE/​COUN PSY/​ED PSYCH  737,Seminar In History And Systems Of Psychology,"(3, 3)",Rehabilitation Psychology And Special Education,,
RP & SE 750,Clinical Rehabilitation Counseling - Medical & Psychosocial Aspects,"(3, 3)",Rehabilitation Psychology And Special Education,,
RP & SE 777,Educating Students In Alternative Settings,"(3, 3)",Rehabilitation Psychology And Special Education,,
RP & SE 780,Introduction To Research In Special Education,"(3, 3)",Rehabilitation Psychology And Special Education,,
RP & SE/​COUN PSY/​CURRIC/​ED POL/​ED PSYCH/​ELPA  788,Qualitative Research Methods In Education: Field Methods I,"(3, 3)",Rehabilitation Psychology And Special Education,,
RP & SE/​COUN PSY/​CURRIC/​ED POL/​ED PSYCH/​ELPA  789,Qualitative Research Methods In Education: Field Methods Ii,"(3, 3)",Rehabilitation Psychology And Special Education,,
RP & SE 810,Clinical Rehabilitation Counseling - Counseling Techniques,"(3, 3)",Rehabilitation Psychology And Special Education,,
RP & SE 820,Clinical Rehabilitation Counseling - Counseling Theories,"(3, 3)",Rehabilitation Psychology And Special Education,,
RP & SE 830,Clinical Rehabilitation Counseling - Diagnosis & Treatment Planning,"(3, 3)",Rehabilitation Psychology And Special Education,,
RP & SE/​ELPA  835,Leadership For Inclusive Schooling,"(3, 3)",Rehabilitation Psychology And Special Education,,
RP & SE 840,Clinical Rehabilitation Counseling - Group Counseling,"(3, 3)",Rehabilitation Psychology And Special Education,,
RP & SE/​ED POL/​ED PSYCH/​ELPA  842,Legal Foundations Of Special Education And Pupil Services,"(3, 3)",Rehabilitation Psychology And Special Education,,
RP & SE 855,Cultural-Historical Activity Theory,"(3, 3)",Rehabilitation Psychology And Special Education,,
RP & SE 860,Rehabilitation Counseling Psychology-Clinical Practice Seminar,"(1, 1)",Rehabilitation Psychology And Special Education,,
RP & SE 870,Rehabilitation Counselor Education - Assessment Theory & Research,"(3, 3)",Rehabilitation Psychology And Special Education,,
RP & SE 871,Foundations Of Special Education,"(3, 3)",Rehabilitation Psychology And Special Education,,
RP & SE 872,Seminar In Special Education Research,"(3, 3)",Rehabilitation Psychology And Special Education,,
RP & SE 873,Professional Development For Future Special Education Researchers And Faculty In Higher Education,"(1, 1)",Rehabilitation Psychology And Special Education,,
RP & SE 875,"Mixed Methods Inquiry In Disability, Education And Related Research","(3, 3)",Rehabilitation Psychology And Special Education,,
RP & SE 880,Clinical Rehabilitation Counseling - Supervised Practicum I,"(3, 3)",Rehabilitation Psychology And Special Education,,
RP & SE 890,Clinical Rehabilitation Counseling - Supervised Practicum Ii,"(3, 3)",Rehabilitation Psychology And Special Education,,
RP & SE 900,Clinical Rehabilitation Counseling - Supervised Practicum Iii,"(3, 3)",Rehabilitation Psychology And Special Education,,
RP & SE 903,Rehabilitation Counselor Education - Psychosocial Theory & Research,"(3, 3)",Rehabilitation Psychology And Special Education,,
RP & SE 910,Clinical Rehabilitation Counseling - Internship,"(6, 12)",Rehabilitation Psychology And Special Education,,
RP & SE 920,Rehabilitation Counselor Education - Counseling Supervision,"(3, 3)",Rehabilitation Psychology And Special Education,,
RP & SE 921,Internship: Advanced Professional Practices,"(1, 3)",Rehabilitation Psychology And Special Education,,
RP & SE/​COUN PSY  925,Seminar In Counseling Psychology,"(3, 3)",Rehabilitation Psychology And Special Education,,
RP & SE 930,Rehabilitation Counselor Education - Teaching,"(3, 3)",Rehabilitation Psychology And Special Education,,
RP & SE 940,Rehabilitation Counselor Education - Supervised Research,"(1, 3)",Rehabilitation Psychology And Special Education,,
RP & SE 941,Internship: Research,"(1, 3)",Rehabilitation Psychology And Special Education,,
RP & SE 942,Internship In Postsecondary Teaching,"(3, 3)",Rehabilitation Psychology And Special Education,,
RP & SE 945,Internship In Rehabilitation Counselor Education I,"(3, 3)",Rehabilitation Psychology And Special Education,,
RP & SE 955,Internship In Rehabilitation Counselor Education Ii,"(3, 3)",Rehabilitation Psychology And Special Education,,
RP & SE 980,Clinical Rehabilitation Counseling - Advanced Assessment Practice,"(3, 3)",Rehabilitation Psychology And Special Education,,
RP & SE 983,Rehabilitation Counselor Education - Leadership & Professional Issues,"(3, 3)",Rehabilitation Psychology And Special Education,,
RP & SE 984,Rehabilitation Counselor Education - Counseling Theory & Research,"(3, 3)",Rehabilitation Psychology And Special Education,,
RP & SE 985,Advanced Methodologies In Disability & Rehabilitation Research,"(3, 3)",Rehabilitation Psychology And Special Education,,
RP & SE 988,Rehabilitation Counselor Education - Dissertation Research Seminar,"(1, 1)",Rehabilitation Psychology And Special Education,,
RP & SE 990,Research Or Thesis,"(1, 3)",Rehabilitation Psychology And Special Education,,
RP & SE/​COUN PSY/​ED PSYCH/​PSYCH  995,Predoctoral Internship,"(0, 0)",Rehabilitation Psychology And Special Education,,
RP & SE 999,Independent Reading,"(1, 3)",Rehabilitation Psychology And Special Education,,
RELIG ST 101,Religion In Global Perspective,"(3, 3)",Religious Studies,,
RELIG ST 102,Exploring Religion In Sickness And Health,"(3, 3)",Religious Studies,,
RELIG ST 103,Exploring Religion And Sexuality,"(3, 3)",Religious Studies,,
RELIG ST/​FOLKLORE  104,Sacred Places And Journeys,"(3, 3)",Religious Studies,,
RELIG ST 105,Religion And Popular Culture-Local And Global,"(3, 3)",Religious Studies,,
RELIG ST/​CNSR SCI  173,Consuming Happiness,"(3, 3)",Religious Studies,,
RELIG ST 200,Introductory Topics In Religious Studies (Humanities),"(3, 4)",Religious Studies,,
RELIG ST 201,Religion In/And Everyday Language,"(3, 3)",Religious Studies,,
RELIG ST/​GEN&WS  202,Queering Religion,"(3, 3)",Religious Studies,,
RELIG ST/​JEWISH/​LEGAL ST  203,"Jewish Law, Business, And Ethics","(3, 3)",Religious Studies,,
RELIG ST/​HISTORY  205,"The Making Of The Islamic World: The Middle East, 500-1500","(3, 4)",Religious Studies,,
RELIG ST/​ASIAN  206,The Qur'An: Religious Scripture & Literature,"(3, 3)",Religious Studies,,
RELIG ST/​HISTORY  208,Western Intellectual And Religious History To 1500,"(3, 4)",Religious Studies,,
RELIG ST/​HISTORY  209,Western Intellectual And Religious History Since 1500,"(3, 4)",Religious Studies,,
RELIG ST/​JEWISH  211,Introduction To Judaism,"(4, 4)",Religious Studies,,
RELIG ST/​HISTORY  212,The History Of Western Christianity To 1750,"(4, 4)",Religious Studies,,
RELIG ST/​ASIAN  218,Health And Healing In South Asia,"(3, 4)",Religious Studies,,
RELIG ST/​CLASSICS/​JEWISH/​LITTRANS  227,Introduction To Biblical Literature (In English),"(4, 4)",Religious Studies,,
RELIG ST/​ILS  234,Genres Of Western Religious Writing,"(3, 3)",Religious Studies,,
RELIG ST/​ASIAN  236,"Asia Enchanted: Ghosts, Gods, And Monsters","(3, 3)",Religious Studies,,
RELIG ST/​LITTRANS/​MEDIEVAL  253,Of Demons And Angels. Dante'S Divine Comedy,"(3, 3)",Religious Studies,,
RELIG ST/​ENVIR ST  270,The Environment: Religion & Ethics,"(3, 4)",Religious Studies,,
RELIG ST/​GERMAN/​SOC  273,God & Money,"(3, 3)",Religious Studies,,
RELIG ST/​ASIAN  274,Religion In South Asia,"(3, 3)",Religious Studies,,
RELIG ST/​JEWISH  278,Food In Rabbinic Judaism,"(3, 4)",Religious Studies,,
RELIG ST 300,America And Religions,"(3, 3)",Religious Studies,,
RELIG ST 302,Christianity: Interpretation And Practice,"(3, 3)",Religious Studies,,
RELIG ST/​GEN&WS  305,"Women, Gender And Religion","(3, 3)",Religious Studies,,
RELIG ST/​ASIAN  306,Hinduism,"(3, 3)",Religious Studies,,
RELIG ST/​ASIAN  307,A Survey Of Tibetan Buddhism,"(3, 3)",Religious Studies,,
RELIG ST/​ASIAN/​HISTORY  308,Introduction To Buddhism,"(3, 4)",Religious Studies,,
RELIG ST/​HISTORY/​MEDIEVAL  309,The Crusades: Christianity And Islam,"(3, 4)",Religious Studies,,
RELIG ST 311,Sects And Cults,"(3, 3)",Religious Studies,,
RELIG ST 320,"Prophets And Poets: Women, Writing And Religion In A Time Of War, 1642-1660","(3, 3)",Religious Studies,,
RELIG ST/​JEWISH  322,The Sabbath,"(3, 3)",Religious Studies,,
RELIG ST/​CLASSICS/​JEWISH  323,The Bible And Film: Literature And Media,"(3, 3)",Religious Studies,,
RELIG ST/​FOLKLORE  326,The Supernatural In The Modern World,"(3, 3)",Religious Studies,,
RELIG ST/​JEWISH/​LITTRANS  328,Classical Rabbinic Literature In Translation,"(3, 4)",Religious Studies,,
RELIG ST/​HIST SCI/​MED HIST  331,"Science, Medicine And Religion","(3, 3)",Religious Studies,,
RELIG ST/​CLASSICS/​HEBR-BIB/​JEWISH/​LITTRANS  332,Prophets Of The Bible,"(4, 4)",Religious Studies,,
RELIG ST 333,Early Christian Literature: Matthew-Revelation,"(3, 3)",Religious Studies,,
RELIG ST/​CLASSICS/​JEWISH  335,King David In History And Tradition,"(3, 3)",Religious Studies,,
RELIG ST/​JEWISH  340,The American Jewish Life Of Dna,"(3, 3)",Religious Studies,,
RELIG ST/​FOLKLORE/​MEDIEVAL/​SCAND ST  342,Nordic Mythology,"(3, 3)",Religious Studies,,
RELIG ST/​ANTHRO  343,Anthropology Of Religion,"(3, 4)",Religious Studies,,
RELIG ST/​CLASSICS/​JEWISH  346,Jewish Literature Of The Greco-Roman Period,"(3, 3)",Religious Studies,,
RELIG ST/​FOLKLORE  352,Shamanism,"(3, 3)",Religious Studies,,
RELIG ST/​ENVIR ST/​HIST SCI  356,"Islam, Science & Technology, And The Environment","(3, 4)",Religious Studies,,
RELIG ST/​FOLKLORE  359,Myth,"(3, 3)",Religious Studies,,
RELIG ST/​ENGL/​HISTORY  360,The Anglo-Saxons,"(3, 3)",Religious Studies,,
RELIG ST 361,Early Christian Literature: Pauline Christianity,"(3, 3)",Religious Studies,,
RELIG ST/​AFRICAN/​ASIAN  370,Islam: Religion And Culture,"(3, 4)",Religious Studies,,
RELIG ST/​ART HIST  373,Great Cities Of Islam,"(3, 3)",Religious Studies,,
RELIG ST/​COM ARTS  374,The Rhetoric Of Religion,"(3, 3)",Religious Studies,,
RELIG ST 400,Topics In Religious Studies - Humanities,"(3, 4)",Religious Studies,,
RELIG ST 401,Topics In Religious Studies - Social Studies,"(3, 4)",Religious Studies,,
RELIG ST 403,Topics In Religious Studies-Us Ethnic Studies,"(3, 5)",Religious Studies,,
RELIG ST/​ASIAN  405,Gods And Goddesses Of South Asia,"(3, 3)",Religious Studies,,
RELIG ST 406,The Amish,"(3, 3)",Religious Studies,,
RELIG ST/​AFRICAN  408,Everyday Religion In Africa,"(3, 3)",Religious Studies,,
RELIG ST/​HISTORY  409,"Christianity In The Atlantic World, 1500-1800","(3, 3)",Religious Studies,,
RELIG ST 410,Children And Religion In America,"(3, 3)",Religious Studies,,
RELIG ST/​HISTORY  411,The Enlightenment And Its Critics,"(3, 3)",Religious Studies,,
RELIG ST/​AFRICAN  414,Islam In Africa And The Diaspora,"(3, 3)",Religious Studies,,
RELIG ST 420,Religious Studies Colloquium,"(1, 1)",Religious Studies,,
RELIG ST/​ASIAN  430,Indian Traditions In The Modern Age,"(3, 3)",Religious Studies,,
RELIG ST/​POLI SCI  433,Religion And Politics,"(3, 4)",Religious Studies,,
RELIG ST/​ENGL  434,Milton,"(3, 3)",Religious Studies,,
RELIG ST/​JEWISH/​PHILOS  435,Jewish Philosophy From Antiquity To The Seventeenth Century,"(3, 3)",Religious Studies,,
RELIG ST/​ITALIAN/​MEDIEVAL  440,"Poverty, Ecology And The Arts: St. Francis Of Assisi","(3, 3)",Religious Studies,,
RELIG ST/​ASIAN  460,The History Of Yoga,"(3, 3)",Religious Studies,,
RELIG ST/​AFRICAN/​JEWISH/​MEDIEVAL  462,Muslims And Jews,"(3, 3)",Religious Studies,,
RELIG ST/​ASIAN  466,Buddhist Thought,"(3, 3)",Religious Studies,,
RELIG ST/​ASIAN  473,Meditation In Indian Buddhism And Hinduism,"(3, 3)",Religious Studies,,
RELIG ST 475,"Religion, Global And Public Health","(3, 3)",Religious Studies,,
RELIG ST/​ART HIST  478,Art And Religious Practice In Medieval Japan,"(3, 3)",Religious Studies,,
RELIG ST 500,Advanced Topics In Religious Studies,"(2, 4)",Religious Studies,,
RELIG ST/​PHILOS  501,Philosophy Of Religion,"(3, 4)",Religious Studies,,
RELIG ST/​ASIAN  505,"The Perfectible Body In Religions, Medicines, And Politics","(3, 3)",Religious Studies,,
RELIG ST/​CURRIC/​ED POL  516,Religion And Public Education,"(3, 3)",Religious Studies,,
RELIG ST/​CLASSICS/​HISTORY  517,Religions Of The Ancient Mediterranean,"(3, 3)",Religious Studies,,
RELIG ST 600,Religion In Critical Perspective,"(3, 3)",Religious Studies,,
RELIG ST 601,Senior Capstone Research And Colloquium,"(4, 4)",Religious Studies,,
RELIG ST/​ASIAN  650,Proseminar In Buddhist Thought,"(2, 3)",Religious Studies,,
RELIG ST 681,Senior Honors Thesis,"(3, 3)",Religious Studies,,
RELIG ST 682,Senior Honors Thesis,"(3, 3)",Religious Studies,,
RELIG ST 699,Directed Study,"(1, 4)",Religious Studies,,
RELIG ST 799,Independent Research,"(1, 6)",Religious Studies,,
RELIG ST 999,Independent Work,"(1, 6)",Religious Studies,,
R M I 300,Principles Of Risk Management,"(3, 3)",Risk Management And Insurance,,
R M I 365,Contemporary Topics,"(1, 3)",Risk Management And Insurance,,
R M I 399,Reading And Research-Risk Management,"(1, 6)",Risk Management And Insurance,,
R M I/​ECON  530,"Insuring Life'S Risks: Health, Aging, And Policy","(3, 3)",Risk Management And Insurance,,
R M I 620,Employee Benefits Management,"(3, 3)",Risk Management And Insurance,,
R M I 635,Captive Insurance,"(1, 2)",Risk Management And Insurance,,
R M I 636,Insurer Financial Statement Analysis And Captive Insurance,"(1, 3)",Risk Management And Insurance,,
R M I 637,Reinsurance,"(1, 1)",Risk Management And Insurance,,
R M I 640,Management Of Insurance Enterprise,"(3, 3)",Risk Management And Insurance,,
R M I 645,Commercial Insurance,"(3, 3)",Risk Management And Insurance,,
R M I 650,"Sustainability, Environmental And Social Risk Management","(2, 3)",Risk Management And Insurance,,
R M I 655,Risk Financing Techniques,"(3, 3)",Risk Management And Insurance,,
R M I 660,Risk Analytics And Behavioral Science,"(3, 3)",Risk Management And Insurance,,
R M I 670,Cyber Risk & Regulations,"(2, 3)",Risk Management And Insurance,,
R M I 700,Principles Of Risk Management,"(3, 3)",Risk Management And Insurance,,
R M I/​GEN BUS  701,Managing Legal Risks,"(3, 3)",Risk Management And Insurance,,
R M I 705,Risk Management And Technologies In A Digital Age,"(3, 3)",Risk Management And Insurance,,
R M I 710,Risk Management,"(2, 2)",Risk Management And Insurance,,
R M I 765,Contemporary Topics,"(1, 4)",Risk Management And Insurance,,
R M I 799,Reading And Research-Risk Management,"(1, 6)",Risk Management And Insurance,,
R M I 820,Advanced Topics In Risk Management,"(3, 3)",Risk Management And Insurance,,
R M I 875,Seminar-Risk Management And Insurance,"(3, 3)",Risk Management And Insurance,,
R M I 920,"Seminar In Actuarial Science, Risk Management & Insurance I","(3, 3)",Risk Management And Insurance,,
R M I 930,"Seminar In Actuarial Science, Risk Management & Insurance Ii","(3, 3)",Risk Management And Insurance,,
R M I 990,Risk & Insurance Independent Research Phd Thesis,"(1, 12)",Risk Management And Insurance,,
R M I 999,Reading And Research-Risk Management And Insurance Phd,"(1, 6)",Risk Management And Insurance,,
SCAND ST 101,First Semester Norwegian,"(4, 4)",Scandinavian Studies,,
SCAND ST 102,Second Semester Norwegian,"(4, 4)",Scandinavian Studies,,
SCAND ST 111,First Semester Swedish,"(4, 4)",Scandinavian Studies,,
SCAND ST 112,Second Semester Swedish,"(4, 4)",Scandinavian Studies,,
SCAND ST 121,First Semester Danish,"(4, 4)",Scandinavian Studies,,
SCAND ST 122,Second Semester Danish,"(4, 4)",Scandinavian Studies,,
SCAND ST 131,First Semester Finnish,"(4, 4)",Scandinavian Studies,,
SCAND ST 132,Second Semester Finnish,"(4, 4)",Scandinavian Studies,,
SCAND ST 201,Second Year Norwegian,"(4, 4)",Scandinavian Studies,,
SCAND ST 202,Second Year Norwegian,"(4, 4)",Scandinavian Studies,,
SCAND ST 211,Second Year Swedish,"(4, 4)",Scandinavian Studies,,
SCAND ST 212,Second Year Swedish,"(4, 4)",Scandinavian Studies,,
SCAND ST 221,Second Year Danish,"(4, 4)",Scandinavian Studies,,
SCAND ST 222,Second Year Danish,"(4, 4)",Scandinavian Studies,,
SCAND ST/​FOLKLORE/​MEDIEVAL  235,The World Of Sagas,"(3, 3)",Scandinavian Studies,,
SCAND ST 250,Introduction To Scandinavia,"(3, 3)",Scandinavian Studies,,
SCAND ST 251,Readings In Norwegian Literature,"(3, 4)",Scandinavian Studies,,
SCAND ST 261,Readings In Swedish Literature,"(3, 4)",Scandinavian Studies,,
SCAND ST 271,Readings In Danish Literature,"(3, 4)",Scandinavian Studies,,
SCAND ST 276,Culture & Community In Scandinavia,"(3, 3)",Scandinavian Studies,,
SCAND ST 296,The Scandinavian Heritage In America,"(3, 3)",Scandinavian Studies,,
SCAND ST 299,Directed Study,"(1, 3)",Scandinavian Studies,,
SCAND ST/​LITTRANS  320,The Nordic Child,"(3, 3)",Scandinavian Studies,,
SCAND ST/​FOLKLORE/​MEDIEVAL/​RELIG ST  342,Nordic Mythology,"(3, 3)",Scandinavian Studies,,
SCAND ST/​FOLKLORE/​LITTRANS/​MEDIEVAL  345,The Nordic Storyteller,"(3, 3)",Scandinavian Studies,,
SCAND ST 348,The Second World War In Nordic Culture,"(3, 3)",Scandinavian Studies,,
SCAND ST 355,Autobiography,"(3, 3)",Scandinavian Studies,,
SCAND ST 373,Masterpieces Of Scandinavian Literature: From The Middle Ages To 1900,"(3, 4)",Scandinavian Studies,,
SCAND ST 374,Masterpieces Of Scandinavian Literature: The Twentieth Century,"(3, 4)",Scandinavian Studies,,
SCAND ST 401,Contemporary Scandinavian Languages,"(3, 3)",Scandinavian Studies,,
SCAND ST 404,Languages Of Northern Europe,"(2, 4)",Scandinavian Studies,,
SCAND ST/​MEDIEVAL  407,Introductory Old Norse,"(3, 3)",Scandinavian Studies,,
SCAND ST/​MEDIEVAL  408,Intermediate Old Norse,"(3, 3)",Scandinavian Studies,,
SCAND ST/​MEDIEVAL  409,Survey Of Old Norse-Icelandic Literature,"(3, 3)",Scandinavian Studies,,
SCAND ST 410,Introduction To Scandinavian Linguistics,"(3, 3)",Scandinavian Studies,,
SCAND ST 411,Areas In Scandinavian Literature,"(1, 1)",Scandinavian Studies,,
SCAND ST 415,History Of The Scandinavian Languages Ii: Standard Languages,"(3, 3)",Scandinavian Studies,,
SCAND ST 419,Scandinavian Children'S Literature,"(4, 4)",Scandinavian Studies,,
SCAND ST 421,Advanced Topics In Nordic Studies,"(1, 3)",Scandinavian Studies,,
SCAND ST 422,The Drama Of Henrik Ibsen,"(4, 4)",Scandinavian Studies,,
SCAND ST 423,The Drama Of August Strindberg,"(4, 4)",Scandinavian Studies,,
SCAND ST 424,Nineteenth-Century Scandinavian Fiction,"(3, 4)",Scandinavian Studies,,
SCAND ST 426,Kierkegaard And Scandinavian Literature,"(3, 3)",Scandinavian Studies,,
SCAND ST 427,Contemporary Scandinavian Literature,"(4, 4)",Scandinavian Studies,,
SCAND ST/​LITTRANS  428,Memory And Literature From Proust To Knausgard,"(3, 3)",Scandinavian Studies,,
SCAND ST/​MEDIEVAL  430,The Vikings,"(4, 4)",Scandinavian Studies,,
SCAND ST/​HISTORY  431,History Of Scandinavia To 1815,"(3, 3)",Scandinavian Studies,,
SCAND ST/​HISTORY  432,History Of Scandinavia Since 1815,"(3, 3)",Scandinavian Studies,,
SCAND ST 434,The Art Of Isak Dinesen/Karen Blixen,"(4, 4)",Scandinavian Studies,,
SCAND ST/​LITTRANS  435,The Sagas Of Icelanders In English Translation,"(3, 3)",Scandinavian Studies,,
SCAND ST 436,Topics In Scandinavian Literature,"(3, 4)",Scandinavian Studies,,
SCAND ST/​GEN&WS/​LITTRANS  438,Sexual Politics In Scandinavia,"(3, 3)",Scandinavian Studies,,
SCAND ST 439,Nordic Filmmakers,"(3, 3)",Scandinavian Studies,,
SCAND ST/​FOLKLORE  440,Scandinavian American Folklore,"(3, 3)",Scandinavian Studies,,
SCAND ST/​FOLKLORE  443,"Sami Culture, Yesterday And Today","(4, 4)",Scandinavian Studies,,
SCAND ST/​MEDIEVAL  444,Kalevala And Finnish Folk-Lore,"(4, 4)",Scandinavian Studies,,
SCAND ST/​FOLKLORE/​MEDIEVAL  446,Celtic-Scandinavian Cultural Interrelations,"(3, 3)",Scandinavian Studies,,
SCAND ST 450,Scandinavian Decadence In Its European Context,"(3, 4)",Scandinavian Studies,,
SCAND ST 475,The Writings Of Hans Christian Andersen For Scandinavian Majors,"(4, 4)",Scandinavian Studies,,
SCAND ST 476,Scandinavian Life And Civilization Ii,"(4, 4)",Scandinavian Studies,,
SCAND ST 496,The Scandinavian Heritage In America,"(3, 3)",Scandinavian Studies,,
SCAND ST 510,Topics In Scandinavian Linguistics,"(3, 3)",Scandinavian Studies,,
SCAND ST 511,Paleography And Philology - Old Norse,"(3, 3)",Scandinavian Studies,,
SCAND ST 520,Special Topics,"(3, 3)",Scandinavian Studies,,
SCAND ST/​HISTORY  577,Contemporary Scandinavia: Politics And History,"(3, 4)",Scandinavian Studies,,
SCAND ST 630,Fundamentals Of Bibliography And Research,"(3, 3)",Scandinavian Studies,,
SCAND ST 634,Survey Of Scandinavian Literature: 1500-1800,"(3, 3)",Scandinavian Studies,,
SCAND ST 635,Survey Of Scandinavian Literature: 1800-1890,"(3, 3)",Scandinavian Studies,,
SCAND ST 681,Senior Honors Thesis,"(3, 3)",Scandinavian Studies,,
SCAND ST 682,Senior Honors Thesis,"(3, 3)",Scandinavian Studies,,
SCAND ST 698,Directed Study,"(1, 6)",Scandinavian Studies,,
SCAND ST 699,Directed Study,"(1, 6)",Scandinavian Studies,,
SCAND ST 710,Topics In Depth,"(1, 2)",Scandinavian Studies,,
SCAND ST 799,Independent Study,"(1, 6)",Scandinavian Studies,,
SCAND ST 901,Seminar In Special Topics,"(2, 3)",Scandinavian Studies,,
SCAND ST 990,Research And Thesis,"(1, 6)",Scandinavian Studies,,
SCAND ST 999,Independent Reading,"(1, 6)",Scandinavian Studies,,
STS 201,Where Science Meets Society,"(3, 3)",Science And Technology Studies,,
STS 699,Directed Study,"(1, 3)",Science And Technology Studies,,
STS/​CURRIC  733,Public Engagement With Science,"(3, 3)",Science And Technology Studies,,
STS/​CURRIC  734,Science Studies And Science Education,"(3, 3)",Science And Technology Studies,,
STS 901,"Science, Technology And Medicine In Society","(3, 3)",Science And Technology Studies,,
STS 902,Current Topics In Science And Tecnology Studies,"(1, 1)",Science And Technology Studies,,
STS 903,Special Topics In Science And Technology Studies,"(3, 3)",Science And Technology Studies,,
STS 999,Independent Study In Science And Technology Studies,"(1, 6)",Science And Technology Studies,,
SR MED 913,Extramural Elective-Preventive Medicine,"(1, 44)",Senior Medical Program,,
SR MED 921,Extramural Elective-Anesthesiology,"(1, 44)",Senior Medical Program,,
SR MED 922,Extramural Elective-Family Medicine,"(1, 44)",Senior Medical Program,,
SR MED 923,Extramural Elective-Human Oncology,"(1, 26)",Senior Medical Program,,
SR MED 924,Extramural Elective-Medicine,"(1, 44)",Senior Medical Program,,
SR MED 925,Extramural Elective-Neurology,"(1, 44)",Senior Medical Program,,
SR MED 926,Extramural Elective-Obstetrics And Gynecology,"(1, 44)",Senior Medical Program,,
SR MED 927,Extramural Elective-Ophthalmology,"(1, 44)",Senior Medical Program,,
SR MED 928,Extramural Elective-Pathology,"(1, 44)",Senior Medical Program,,
SR MED 929,Extramural Elective-Pediatrics,"(1, 44)",Senior Medical Program,,
SR MED 931,Extramural Elective-Psychiatry,"(1, 44)",Senior Medical Program,,
SR MED 932,Extramural Elective-Radiology,"(1, 44)",Senior Medical Program,,
SR MED 933,Extramural Elective-Rehabilitation Medicine,"(1, 44)",Senior Medical Program,,
SR MED 934,Extramural Elective-Surgery,"(1, 44)",Senior Medical Program,,
SR MED 935,Extramural Elective-Primary Care,"(1, 16)",Senior Medical Program,,
SR MED 936,Extramural Elective-Emergency Medicine,"(2, 12)",Senior Medical Program,,
SR MED 937,Extramural Elective Clerkship In International Health,"(1, 8)",Senior Medical Program,,
SR MED 951,Training In Urban Medicine And Public Health (Truimph) I: Seminar And Projects,"(2, 2)",Senior Medical Program,,
SR MED 953,Training In Urban Medicine And Public Health (Triumph) Ii: Milwaukee,"(2, 2)",Senior Medical Program,,
SR MED 955,Training In Urban Medicine And Public Health (Triumph) Iii: Leadership,"(2, 2)",Senior Medical Program,,
SR MED 957,Training In Urban Medicine And Public Health (Triumph) Iv: Advanced Seminar,"(2, 2)",Senior Medical Program,,
SLAVIC 101,First Semester Russian,"(4, 4)",Slavic,,
SLAVIC 102,Second Semester Russian,"(4, 4)",Slavic,,
SLAVIC 105,First Semester Ukrainian,"(3, 3)",Slavic,,
SLAVIC 111,First Semester Polish,"(4, 4)",Slavic,,
SLAVIC 112,Second Semester Polish,"(4, 4)",Slavic,,
SLAVIC 115,First Semester Czech,"(4, 4)",Slavic,,
SLAVIC 116,Second Semester Czech,"(4, 4)",Slavic,,
SLAVIC 117,Intensive Second Year Russian,"(4, 4)",Slavic,,
SLAVIC 118,Intensive Second Year Russian,"(4, 4)",Slavic,,
SLAVIC 141,First Semester Serbo-Croatian,"(3, 3)",Slavic,,
SLAVIC 142,Second Semester Serbo-Croatian,"(3, 3)",Slavic,,
SLAVIC 203,Third Semester Russian,"(4, 4)",Slavic,,
SLAVIC 204,Fourth Semester Russian,"(4, 4)",Slavic,,
SLAVIC 207,Third Semester Polish,"(4, 4)",Slavic,,
SLAVIC 208,Fourth Semester Polish,"(4, 4)",Slavic,,
SLAVIC/​LITTRANS  215,Love And Death: Introduction To Polish Literature & Culture,"(3, 3)",Slavic,,
SLAVIC 217,Third Semester Czech,"(4, 4)",Slavic,,
SLAVIC 218,Fourth Semester Czech,"(4, 4)",Slavic,,
SLAVIC 231,History And Ethics On Film: Polish Cinema,"(3, 3)",Slavic,,
SLAVIC/​LITTRANS  238,Literature And Revolution,"(3, 3)",Slavic,,
SLAVIC 239,Performance And Power,"(3, 3)",Slavic,,
SLAVIC 242,Literatures And Cultures Of Eastern Europe,"(3, 3)",Slavic,,
SLAVIC 243,"Contemporary Russia: History, Politics, And Culture","(3, 3)",Slavic,,
SLAVIC 245,Topics In Slavic Literatures,"(3, 3)",Slavic,,
SLAVIC 246,Escaping Utopia: Cultures After Communism,"(3, 3)",Slavic,,
SLAVIC 251,Third Semester Serbo-Croatian,"(3, 3)",Slavic,,
SLAVIC 252,Fourth Semester Serbo-Croatian,"(3, 3)",Slavic,,
SLAVIC/​GEOG/​HISTORY/​POLI SCI  253,Russia: An Interdisciplinary Survey,"(4, 4)",Slavic,,
SLAVIC/​GEOG/​HISTORY/​POLI SCI  254,Eastern Europe: An Interdisciplinary Survey,"(4, 4)",Slavic,,
SLAVIC/​LITTRANS  259,Adventure In Literature And Film,"(3, 3)",Slavic,,
SLAVIC/​LITTRANS  266,Elementary Special Topics In Russian Literature & Culture,"(1, 3)",Slavic,,
SLAVIC 275,Third Year Russian I,"(3, 3)",Slavic,,
SLAVIC 276,Third Year Russian Ii,"(3, 3)",Slavic,,
SLAVIC 277,Third Year Polish I,"(3, 3)",Slavic,,
SLAVIC 278,Third Year Polish Ii,"(3, 3)",Slavic,,
SLAVIC 285,Slavic Culture In Context: An Honors Course,"(3, 3)",Slavic,,
SLAVIC 299,Directed Study,"(1, 1)",Slavic,,
SLAVIC 301,Introduction To Intensive Polish,"(3, 3)",Slavic,,
SLAVIC 304,Fourth Semester Intensive Polish,"(4, 4)",Slavic,,
SLAVIC 305,Fifth Semester Intensive Polish,"(3, 3)",Slavic,,
SLAVIC 306,Sixth Semester Intensive Polish,"(3, 3)",Slavic,,
SLAVIC 307,Study Abroad In Poland,"(1, 4)",Slavic,,
SLAVIC 308,Polish Culture And Area Studies On Study Abroad,"(1, 4)",Slavic,,
SLAVIC 309,Russian Area Studies On Study Abroad,"(1, 4)",Slavic,,
SLAVIC 310,Topics In Russian: Study Abroad,"(1, 6)",Slavic,,
SLAVIC 315,Russian Language And Culture I,"(3, 3)",Slavic,,
SLAVIC 316,Russian Language And Culture Ii,"(3, 3)",Slavic,,
SLAVIC 321,Fourth Year Russian I,"(3, 3)",Slavic,,
SLAVIC 322,Fourth Year Russian Ii,"(3, 3)",Slavic,,
SLAVIC 331,Fourth Year Polish I,"(3, 3)",Slavic,,
SLAVIC 332,Fourth Year Polish Ii,"(3, 3)",Slavic,,
SLAVIC 341,First Semester Intensive Serbo-Croatian,"(3, 3)",Slavic,,
SLAVIC 342,Introduction To Serbian And Croatian Literature,"(3, 3)",Slavic,,
SLAVIC 351,First Semester Intensive Czech,"(3, 3)",Slavic,,
SLAVIC 352,Second Semester Intensive Czech,"(3, 3)",Slavic,,
SLAVIC/​LITTRANS  357,Intermediate Special Topics In Slavic Languages And Literatures,"(3, 3)",Slavic,,
SLAVIC/​LITTRANS  361,Living At The End Of Times: Contemporary Polish Literature And Culture,"(3, 3)",Slavic,,
SLAVIC/​CURRIC/​THEATRE  362,Drama For Teaching And Learning,"(3, 3)",Slavic,,
SLAVIC/​LITTRANS  366,Intermediate Special Topics In Russian Literature & Culture,"(3, 3)",Slavic,,
SLAVIC 405,Women In Russian Literature,"(3, 4)",Slavic,,
SLAVIC 420,Chekhov,"(3, 4)",Slavic,,
SLAVIC 421,Gogol,"(3, 4)",Slavic,,
SLAVIC 422,Dostoevsky,"(3, 4)",Slavic,,
SLAVIC 424,Tolstoy,"(3, 4)",Slavic,,
SLAVIC 433,History Of Russian Culture,"(3, 3)",Slavic,,
SLAVIC 434,Contemporary Russian Culture,"(3, 3)",Slavic,,
SLAVIC/​FOLKLORE  444,Slavic And East European Folklore,"(3, 3)",Slavic,,
SLAVIC 449,History Of Serbo-Croatian Literature,"(3, 3)",Slavic,,
SLAVIC 451,Third Semester Intensive Czech,"(3, 3)",Slavic,,
SLAVIC 452,Fourth Semester Intensive Czech,"(3, 3)",Slavic,,
SLAVIC 465,Advanced Readings In Russian Literature & Culture,"(3, 3)",Slavic,,
SLAVIC/​LITTRANS  467,Advanced Special Topics In Slavic Languages And Literatures,"(3, 3)",Slavic,,
SLAVIC 470,History Of Polish Literature Until 1863,"(3, 3)",Slavic,,
SLAVIC 472,History Of Polish Literature After 1863,"(3, 3)",Slavic,,
SLAVIC 555,Advanced Russian Listening & Speaking,"(3, 3)",Slavic,,
SLAVIC 560,Capstone Seminar In Russian Literature And Culture,"(3, 3)",Slavic,,
SLAVIC 681,Senior Honors Thesis,"(3, 3)",Slavic,,
SLAVIC 682,Senior Honors Thesis,"(3, 3)",Slavic,,
SLAVIC 699,Directed Study,"(1, 6)",Slavic,,
SLAVIC 701,Survey Of Old Russian Literature,"(2, 2)",Slavic,,
SLAVIC 702,Eighteenth-Century Russian Literature,"(2, 2)",Slavic,,
SLAVIC 703,Foundations In Russian Romanticism,"(3, 3)",Slavic,,
SLAVIC 705,Special Topics In Russian Language/Linguistics,"(3, 3)",Slavic,,
SLAVIC 707,Foundations In Russian Realism (~1840-1890S),"(3, 3)",Slavic,,
SLAVIC 708,Foundation In Russian Modernism (~1890S-1930S),"(3, 3)",Slavic,,
SLAVIC 709,"Foundation In Soviet, Emigre, And Post-Soviet Literature (~1930-Present)","(3, 3)",Slavic,,
SLAVIC 755,Topics In Slavic Literature,"(1, 3)",Slavic,,
SLAVIC 799,Independent Study,"(1, 6)",Slavic,,
SLAVIC 800,Proseminar-Slavic Literature And Culture,"(1, 1)",Slavic,,
SLAVIC 801,Slavic Critical Theory And Practice,"(3, 3)",Slavic,,
SLAVIC 802,The Structure Of Russian,"(2, 2)",Slavic,,
SLAVIC 803,Introduction To Old Church Slavonic And The History Of Russian Literary Language,"(2, 2)",Slavic,,
SLAVIC 804,Methods Of Teaching Slavic Languages,"(2, 2)",Slavic,,
SLAVIC 820,College Teaching Of Russian,"(1, 1)",Slavic,,
SLAVIC 900,Seminar: Slavic Literature And Culture,"(1, 3)",Slavic,,
SLAVIC 991,Individual Research-Slavic Literature,"(1, 12)",Slavic,,
S&A PHM/​NURSING/​SOC WORK  105,Health Care Systems: Interdisciplinary Approach,"(2, 2)",Social And Administrative Pharmacy,,
S&A PHM/​HIST SCI  401,History Of Pharmacy,"(2, 2)",Social And Administrative Pharmacy,,
S&A PHM 411,Pharmacy In The Health Care System,"(3, 3)",Social And Administrative Pharmacy,,
S&A PHM 414,Social And Behavioral Aspects Of Pharmacy Practice,"(3, 3)",Social And Administrative Pharmacy,,
S&A PHM 490,Selected Topics In Social And Administrative Pharmacy,"(1, 4)",Social And Administrative Pharmacy,,
S&A PHM 514,Managing Pharmacy Systems For Patient Care,"(2, 2)",Social And Administrative Pharmacy,,
S&A PHM 611,Pharmacy Law And Regulation,"(2, 3)",Social And Administrative Pharmacy,,
S&A PHM 652,Pharmacist Communication: Educational And Behavioral Interventions,"(2, 2)",Social And Administrative Pharmacy,,
S&A PHM 699,Advanced Independent Study,"(0, 3)",Social And Administrative Pharmacy,,
S&A PHM 701,Grant Writing For Health Services Research,"(2, 2)",Social And Administrative Pharmacy,,
S&A PHM 702,"Mixed Methods For Health Sciences: Purpose, Design And Approach","(2, 2)",Social And Administrative Pharmacy,,
S&A PHM 703,Community Engagement In Health Services Research,"(2, 2)",Social And Administrative Pharmacy,,
S&A PHM 704,"Dissemination, Implementation And Sustainment Of Change In Health Services Research","(2, 2)",Social And Administrative Pharmacy,,
S&A PHM 711,Research Methods For Pharmaceutical Outcomes And Policy Research,"(3, 3)",Social And Administrative Pharmacy,,
S&A PHM 715,"Social Behavioral Theories In Pharmacy, Drug Use, And Health Behavior","(3, 3)",Social And Administrative Pharmacy,,
S&A PHM 716,Advanced Hospital Pharmacy Administration,"(2, 2)",Social And Administrative Pharmacy,,
S&A PHM 911,Research Seminar In Social & Administrative Pharmacy,"(1, 1)",Social And Administrative Pharmacy,,
S&A PHM 990,Research,"(1, 12)",Social And Administrative Pharmacy,,
S&A PHM 999,Advanced Independent Study,"(1, 12)",Social And Administrative Pharmacy,,
SOC WORK 100,So You Want To Change The World?,"(3, 3)",Social Work,,
SOC WORK/​NURSING/​S&A PHM  105,Health Care Systems: Interdisciplinary Approach,"(2, 2)",Social Work,,
SOC WORK 205,Introduction To The Field Of Social Work,"(4, 4)",Social Work,,
SOC WORK 206,Introduction To Social Policy,"(4, 4)",Social Work,,
SOC WORK 275,Contemporary Issues In Social Welfare,"(1, 3)",Social Work,,
SOC WORK 299,Directed Study,"(1, 3)",Social Work,,
SOC WORK 375,Contemporary Issues In Social Welfare,"(2, 3)",Social Work,,
SOC WORK 400,Field Practice And Integrative Seminar I,"(2, 6)",Social Work,,
SOC WORK 401,Field Practice And Integrative Seminar Ii,"(2, 6)",Social Work,,
SOC WORK 420,Poverty And Social Welfare,"(3, 3)",Social Work,,
SOC WORK/​SOC  422,Social Issues In Aging,"(3, 3)",Social Work,,
SOC WORK 441,"Generalist Practice With Individuals, Families And Groups","(3, 3)",Social Work,,
SOC WORK 442,Generalist Practice With Communities And Organizations,"(1, 2)",Social Work,,
SOC WORK 453,Substance Use Disorders,"(3, 3)",Social Work,,
SOC WORK 454,Small Groups In Social Work  Practice,"(3, 3)",Social Work,,
SOC WORK 457,Human Behavior And The Environment,"(3, 3)",Social Work,,
SOC WORK 462,Child Welfare,"(3, 3)",Social Work,,
SOC WORK/​MEDICINE/​NURSING/​PHM PRAC  467,Interprofessional Collaborative Practice In Hiv Care,"(1, 1)",Social Work,,
SOC WORK 578,Homelessness: A Service Learning Course,"(4, 4)",Social Work,,
SOC WORK 579,Special Topics In Social Work,"(1, 1)",Social Work,,
SOC WORK 612,Psychopathology In Generalist Social Work Practice,"(2, 2)",Social Work,,
SOC WORK 623,Interpersonal Violence,"(3, 3)",Social Work,,
SOC WORK 624,Social Work With The Small Group,"(2, 3)",Social Work,,
SOC WORK 627,Sex Trafficking And Sex Trading,"(2, 2)",Social Work,,
SOC WORK/​AMER IND  636,Social Work In American Indian Communities: The Indian Child Welfare Act,"(3, 3)",Social Work,,
SOC WORK 639,Social Work Practice With Lgbtqia2S+ Individuals And Communities,"(3, 3)",Social Work,,
SOC WORK 640,"Diversity, Oppression And Social Justice In Social Work","(3, 3)",Social Work,,
SOC WORK 644,Issues In Developmental Disabilities,"(3, 3)",Social Work,,
SOC WORK 646,Child Abuse And Neglect,"(2, 2)",Social Work,,
SOC WORK 648,Social Work Practice In Palliative Care,"(2, 2)",Social Work,,
SOC WORK 650,Methods Of Social Work Research,"(2, 3)",Social Work,,
SOC WORK 656,"Child Welfare Practice In Foster And Kinship Care, Permanency, And Adoption","(2, 2)",Social Work,,
SOC WORK 662,Topics In Contemporary Social Welfare,"(2, 3)",Social Work,,
SOC WORK 663,Topics In Contemporary Social Welfare,"(2, 3)",Social Work,,
SOC WORK 664,Topics In Contemporary Social Welfare,"(2, 3)",Social Work,,
SOC WORK 672,Topics In Contemporary Social Welfare,"(2, 3)",Social Work,,
SOC WORK 673,Topics In Contemporary Social Welfare,"(2, 3)",Social Work,,
SOC WORK 674,Topics In Contemporary Social Welfare,"(2, 3)",Social Work,,
SOC WORK 675,Topics In Contemporary Social Welfare,"(2, 3)",Social Work,,
SOC WORK 679,Topics In Contemporary Social Welfare,"(2, 3)",Social Work,,
SOC WORK 681,Senior Honors Thesis,"(3, 3)",Social Work,,
SOC WORK 682,Senior Honors Thesis,"(3, 3)",Social Work,,
SOC WORK 691,Senior Thesis,"(2, 2)",Social Work,,
SOC WORK 692,Senior Thesis,"(2, 2)",Social Work,,
SOC WORK 699,Directed Study,"(1, 3)",Social Work,,
SOC WORK 700,Part-Time Msw Program Exemption Term,"(0, 0)",Social Work,,
SOC WORK 705,Basic Statistics For Social Work,"(3, 3)",Social Work,,
SOC WORK 708,The Field Of Social Work,"(2, 2)",Social Work,,
SOC WORK 709,Social Policy,"(2, 2)",Social Work,,
SOC WORK 710,"Diversity, Oppression And Social Justice In Social Work","(2, 2)",Social Work,,
SOC WORK 711,Human Behavior And The Environment,"(2, 2)",Social Work,,
SOC WORK 712,Psychopathology For Social Work Practice In Mental Health,"(3, 3)",Social Work,,
SOC WORK/​URB R PL  721,Methods Of Planning Analysis,"(3, 3)",Social Work,,
SOC WORK 741,"Interventions With Children, Youth, And Families","(2, 2)",Social Work,,
SOC WORK 742,Assessing And Treating Children And Adolescents,"(2, 2)",Social Work,,
SOC WORK/​NURSING/​PHM PRAC  746,Interdisciplinary Care Of Children With Special Health Care Needs,"(3, 3)",Social Work,,
SOC WORK 799,Independent Study,"(1, 6)",Social Work,,
SOC WORK 800,Field Practice And Integrative Seminar Iii,"(2, 6)",Social Work,,
SOC WORK 801,Field Practice And Integrative Seminar Iv,"(2, 6)",Social Work,,
SOC WORK 815,Social Work Practice In Schools I,"(2, 2)",Social Work,,
SOC WORK 816,Social Work Practicum In Schools I,"(1, 1)",Social Work,,
SOC WORK 817,Social Work Practice In Schools Ii,"(2, 2)",Social Work,,
SOC WORK 818,Social Work Practicum In Schools Ii,"(1, 1)",Social Work,,
SOC WORK 821,Social Work Practice In Aging And Mental Health,"(2, 2)",Social Work,,
SOC WORK/​LAW  822,Family Law: Marriage And Divorce,"(2, 4)",Social Work,,
SOC WORK/​LAW  823,Family Law: Parent And Child,"(3, 4)",Social Work,,
SOC WORK 825,"Grief, Death, Loss, And Life","(2, 2)",Social Work,,
SOC WORK 835,Advanced Soc Work Practice In Mental Health,"(1, 2)",Social Work,,
SOC WORK 836,Mental Health Policies And Services,"(2, 2)",Social Work,,
SOC WORK 838,Principles Of Psychedelic Healing,"(2, 2)",Social Work,,
SOC WORK 840,Advanced Macro Practice,"(2, 2)",Social Work,,
SOC WORK 842,Supervision And Leadership In Social Work And Human Services Organizations,"(3, 3)",Social Work,,
SOC WORK 852,Influencing Political Systems For Social Change,"(2, 2)",Social Work,,
SOC WORK 854,Crisis Intervention,"(2, 2)",Social Work,,
SOC WORK 861,Recent Developments In Social Work,"(1, 3)",Social Work,,
SOC WORK 863,Recent Developments In Social Work,"(2, 3)",Social Work,,
SOC WORK 870,Cognitive And Behavioral Mental Health Treatments For Adults,"(2, 2)",Social Work,,
SOC WORK 873,Social Work Practice In Health Care,"(2, 2)",Social Work,,
SOC WORK 874,"Health, Aging, And Disability Practice For The 21St Century","(2, 2)",Social Work,,
SOC WORK 875,"Health, Aging, And Disability Policy And Services","(2, 2)",Social Work,,
SOC WORK/​ED PSYCH/​HDFS/​NURSING  880,Prevention Science,"(3, 3)",Social Work,,
SOC WORK/​ED PSYCH/​HDFS/​NURSING  881,Capstone Seminar In Prevention Science,"(1, 1)",Social Work,,
SOC WORK 890,Thesis-Research,"(1, 6)",Social Work,,
SOC WORK 920,"Child, Youth, And Family Policies And Services","(2, 2)",Social Work,,
SOC WORK 921,Child Welfare,"(2, 3)",Social Work,,
SOC WORK 924,Family Problems And Social Work,"(2, 3)",Social Work,,
SOC WORK 929,Social Work And Substance Misuse,"(2, 2)",Social Work,,
SOC WORK/​ED PSYCH  945,Evaluation Research,"(3, 3)",Social Work,,
SOC WORK 946,Faculty Research Seminar,"(1, 1)",Social Work,,
SOC WORK 947,Student Research Seminar,"(1, 1)",Social Work,,
SOC WORK 948,Proseminar,"(1, 3)",Social Work,,
SOC WORK 949,Proseminar,"(1, 3)",Social Work,,
SOC WORK 950,Phd Proseminar,"(1, 3)",Social Work,,
SOC WORK 951,Phd Proseminar,"(1, 3)",Social Work,,
SOC WORK 952,Phd Proseminar,"(3, 3)",Social Work,,
SOC WORK 990,Thesis-Research,"(2, 3)",Social Work,,
SOC WORK 999,Independent Reading,"(1, 9)",Social Work,,
SOC 120,Marriage And Family,"(3, 4)",Sociology,,
SOC 125,American Society: How It Really Works,"(3, 4)",Sociology,,
SOC/​LEGAL ST  131,Criminal Justice In America,"(3, 4)",Sociology,,
SOC 134,Sociology Of Race & Ethnicity In The United States,"(3, 4)",Sociology,,
SOC 138,The Sociology Of Gender,"(3, 4)",Sociology,,
SOC/​C&E SOC  140,Introduction To Community And Environmental Sociology,"(4, 4)",Sociology,,
SOC/​PSYCH  160,Human Sexuality: Social And Psychological Issues,"(3, 4)",Sociology,,
SOC 170,Population Problems,"(3, 4)",Sociology,,
SOC 181,Honors Introductory Seminar-The Sociological Enterprise,"(3, 4)",Sociology,,
SOC 196,Elementary Special Topics In Sociology,"(3, 4)",Sociology,,
SOC 198,Directed Study,"(1, 3)",Sociology,,
SOC 199,Directed Study,"(1, 3)",Sociology,,
SOC/​GEN&WS  200,"Introduction To Lesbian, Gay, Bisexual, Transgender And Queer+ Studies","(3, 4)",Sociology,,
SOC 205,Intercultural Dialogues,"(3, 3)",Sociology,,
SOC 206,Leadership In Intercultural Dialogues,"(3, 3)",Sociology,,
SOC/​C&E SOC  210,Survey Of Sociology,"(3, 4)",Sociology,,
SOC/​C&E SOC  211,The Sociological Enterprise,"(3, 3)",Sociology,,
SOC/​ASIAN AM  220,Ethnic Movements In The United States,"(3, 4)",Sociology,,
SOC/​C&E SOC  222,"Food, Culture, And Society","(3, 3)",Sociology,,
SOC 236,Bascom Course,"(3, 3)",Sociology,,
SOC/​ASIAN/​GEOG/​HISTORY/​POLI SCI  244,Introduction To Southeast Asia:  Vietnam To The Philippines,"(4, 4)",Sociology,,
SOC/​C&E SOC  245,Technology And Society,"(3, 3)",Sociology,,
SOC/​C&E SOC/​F&W ECOL  248,"Environment, Natural Resources, And Society","(3, 3)",Sociology,,
SOC/​C&E SOC/​HISTORY/​POLI SCI  259,"Forward? The Wisconsin Idea, Past And Present","(1, 3)",Sociology,,
SOC/​AFROAMER/​ANTHRO/​C&E SOC/​GEOG/​HISTORY/​LACIS/​POLI SCI/​SPANISH  260,Latin America: An Introduction,"(3, 4)",Sociology,,
SOC/​GERMAN/​RELIG ST  273,God & Money,"(3, 3)",Sociology,,
SOC/​AFRICAN/​AFROAMER/​ANTHRO/​GEOG/​HISTORY/​POLI SCI  277,Africa: An Introductory Survey,"(4, 4)",Sociology,,
SOC 300,"Sociology Of Race, Class, Gender, And Sexuality","(3, 3)",Sociology,,
SOC 320,Research Practicum In Sociology,"(1, 3)",Sociology,,
SOC/​ASIAN  334,"Gender, Work, And Family In East Asia","(3, 3)",Sociology,,
SOC/​ASIAN  336,Social Change In Contemporary South Korea,"(3, 3)",Sociology,,
SOC/​A A E/​C&E SOC  340,Issues In Food Systems,"(3, 4)",Sociology,,
SOC/​C&E SOC  341,Labor In Global Food Systems,"(3, 3)",Sociology,,
SOC/​C&E SOC  343,Sociology Of Health And Medicine,"(3, 3)",Sociology,,
SOC 351,Introduction To Survey Methods For Social Research,"(3, 4)",Sociology,,
SOC/​C&E SOC  357,Methods Of Sociological Inquiry,"(3, 4)",Sociology,,
SOC/​C&E SOC  360,Statistics For Sociologists I,"(4, 4)",Sociology,,
SOC/​C&E SOC  361,Statistics For Sociologists Ii,"(4, 4)",Sociology,,
SOC 362,Statistics For Sociologists Iii,"(4, 4)",Sociology,,
SOC/​C&E SOC  365,Data Management For Social Science Research,"(3, 4)",Sociology,,
SOC 375,Introduction To Mathematical Sociology,"(3, 3)",Sociology,,
SOC 376,Mathematical Models Of Social Systems,"(3, 3)",Sociology,,
SOC/​GEN&WS/​LEGAL ST  406,"Law, Sexuality, & Society","(3, 4)",Sociology,,
SOC 421,Processes Of Deviant Behavior,"(3, 4)",Sociology,,
SOC/​SOC WORK  422,Social Issues In Aging,"(3, 3)",Sociology,,
SOC/​ILS/​JEWISH  423,Modern Jewish Thought,"(3, 3)",Sociology,,
SOC/​GEN&WS/​LEGAL ST  425,"Crime, Gender And Justice","(3, 3)",Sociology,,
SOC/​CHICLA/​LEGAL ST  440,"Ethnicity, Race, And Justice","(3, 4)",Sociology,,
SOC 441,Criminology,"(3, 4)",Sociology,,
SOC/​CHICLA/​LEGAL ST  443,"Immigration, Crime, And Enforcement","(3, 4)",Sociology,,
SOC 444,Social Psychology: A Sociological Perspective,"(3, 4)",Sociology,,
SOC 446,Juvenile Delinquency,"(3, 4)",Sociology,,
SOC/​PSYCH  453,Human Sexuality,"(4, 4)",Sociology,,
SOC 460,Study Abroad In Demography And Ecology,"(1, 6)",Sociology,,
SOC 461,Study Abroad In Additional Methods And Statistics,"(1, 6)",Sociology,,
SOC 462,Study Abroad In Additional Theory,"(1, 6)",Sociology,,
SOC 463,Study Abroad In Deviant Behavior,"(1, 6)",Sociology,,
SOC 464,Study Abroad In Social Psychology,"(1, 6)",Sociology,,
SOC 465,Study Abroad In Social Organization,"(1, 6)",Sociology,,
SOC/​CHICLA  470,Sociodemographic Analysis Of Mexican Migration,"(3, 3)",Sociology,,
SOC/​C&E SOC  475,Classical Sociological Theory,"(3, 3)",Sociology,,
SOC 476,Contemporary Sociological Theory,"(3, 3)",Sociology,,
SOC 496,Topics In Sociology,"(1, 3)",Sociology,,
SOC 497,Study Abroad In Sociology,"(1, 6)",Sociology,,
SOC/​C&E SOC  532,"Health Care Issues For Individuals, Families And Society","(3, 3)",Sociology,,
SOC/​C&E SOC  533,Public Health In Rural & Urban Communities,"(3, 3)",Sociology,,
SOC 535,Talk And Social Interaction,"(3, 3)",Sociology,,
SOC/​C&E SOC/​ENVIR ST  540,"Sociology Of International Development, Environment, And Sustainability","(3, 3)",Sociology,,
SOC/​C&E SOC  541,Environmental Stewardship And Social Justice,"(3, 3)",Sociology,,
SOC 543,Collective Behavior,"(3, 3)",Sociology,,
SOC 550,Comparative Racial Inequality,"(3, 3)",Sociology,,
SOC/​C&E SOC  573,Community Organization And Change,"(3, 3)",Sociology,,
SOC 575,Sociological Perspectives On The Life Course And Aging,"(3, 3)",Sociology,,
SOC/​AMER IND/​C&E SOC  578,Poverty And Place,"(3, 3)",Sociology,,
SOC/​GEN&WS  611,"Gender, Science And Technology","(3, 3)",Sociology,,
SOC/​C&E SOC/​URB R PL  617,Community Development,"(3, 3)",Sociology,,
SOC/​C&E SOC  618,Social Network Analysis,"(3, 3)",Sociology,,
SOC 624,Political Sociology,"(3, 3)",Sociology,,
SOC 626,Social Movements,"(3, 3)",Sociology,,
SOC/​C&E SOC  630,Sociology Of Developing Societies/Third World,"(3, 3)",Sociology,,
SOC 631,Applied Qualitative Methods For Social Science,"(3, 4)",Sociology,,
SOC 632,Sociology Of Organizations,"(3, 4)",Sociology,,
SOC 633,Social Stratification,"(3, 3)",Sociology,,
SOC 640,Sociology Of The Family,"(3, 3)",Sociology,,
SOC/​LAW/​LEGAL ST  641,Sociology Of Law,"(3, 4)",Sociology,,
SOC/​C&E SOC/​URB R PL  645,Modern American Communities,"(3, 3)",Sociology,,
SOC 647,Sociology Of Sport,"(3, 3)",Sociology,,
SOC/​ED POL  648,Sociology Of Education,"(3, 3)",Sociology,,
SOC/​C&E SOC  650,Sociology Of Agriculture,"(3, 3)",Sociology,,
SOC/​C&E SOC  652,Sociology Of Economic Institutions,"(3, 3)",Sociology,,
SOC/​ECON  663,Population And Society,"(3, 3)",Sociology,,
SOC/​HISTORY  670,"Capitalism, Socialism, And Democracy In America Since 1890","(3, 4)",Sociology,,
SOC 674,Demographic Techniques I,"(3, 3)",Sociology,,
SOC/​C&E SOC  676,Applied Demography: Planning And Policy,"(3, 3)",Sociology,,
SOC 678,Sociology Of Persecution,"(3, 3)",Sociology,,
SOC 681,Senior Honors Thesis,"(3, 3)",Sociology,,
SOC 682,Senior Honors Thesis,"(3, 3)",Sociology,,
SOC 691,Senior Thesis,"(2, 3)",Sociology,,
SOC 692,Senior Thesis,"(2, 3)",Sociology,,
SOC/​C&E SOC  693,Practicum In Analysis And Research,"(3, 3)",Sociology,,
SOC/​LEGAL ST  694,Criminal Justice Field Observation,"(2, 3)",Sociology,,
SOC 698,Directed Study,"(1, 6)",Sociology,,
SOC 699,Directed Study,"(1, 6)",Sociology,,
SOC 700,Introductory Proseminar For Graduate Students,"(1, 1)",Sociology,,
SOC/​C&E SOC/​I SY E/​N E  708,Societal Risk Management Of Technological Hazards,"(3, 3)",Sociology,,
SOC/​ENGL  710,Interaction Analysis: Talk As Social Organization,"(3, 3)",Sociology,,
SOC/​C&E SOC  724,Intermediate Political Sociology,"(3, 3)",Sociology,,
SOC/​C&E SOC  730,Intermediate Social Psychology: The Individual And Society,"(3, 3)",Sociology,,
SOC/​C&E SOC  731,Intermediate Social Psychology: Group And Collective Processes,"(3, 3)",Sociology,,
SOC 735,Ethnomethodology & Conversation Analysis,"(3, 3)",Sociology,,
SOC/​C&E SOC  750,Research Methods In Sociology,"(3, 3)",Sociology,,
SOC 751,Survey Methods For Social Research,"(3, 3)",Sociology,,
SOC 752,Measurement And Questionnaires For Survey Research,"(3, 3)",Sociology,,
SOC 753,Comparative And Historical Methods In Sociology,"(3, 3)",Sociology,,
SOC 754,Qualitative Research Methods In Sociology,"(3, 3)",Sociology,,
SOC/​C&E SOC/​ED POL  755,Methods Of Qualitative Research,"(3, 3)",Sociology,,
SOC 756,Demographic Techniques Ii,"(3, 3)",Sociology,,
SOC 773,Intermediate Classical Theory,"(3, 3)",Sociology,,
SOC/​POP HLTH  797,Introduction To Epidemiology,"(3, 3)",Sociology,,
SOC/​FRENCH/​GERMAN/​HISTORY/​POLI SCI  804,Interdisciplinary Western European Area Studies Seminar,"(3, 3)",Sociology,,
SOC/​C&E SOC  875,Special Topics,"(1, 4)",Sociology,,
SOC 901,Seminar: Topics In Current Sociology,"(2, 3)",Sociology,,
SOC/​C&E SOC/​GEN&WS  904,Sociological Perspectives On Gender,"(3, 3)",Sociology,,
SOC/​ED POL  908,Seminar-Sociology Of Education,"(3, 3)",Sociology,,
SOC 910,Teaching Sociology,"(3, 3)",Sociology,,
SOC/​C&E SOC  913,Seminar-Social Change,"(3, 3)",Sociology,,
SOC 915,Seminar-Sociological Theory,"(3, 3)",Sociology,,
SOC 918,Seminar In Comparative Sociology Of Contemporary Capitalism,"(3, 3)",Sociology,,
SOC 919,Seminar: Topics In Economic Sociology,"(3, 3)",Sociology,,
SOC/​C&E SOC  922,Seminar-Race And Ethnic Relations,"(3, 3)",Sociology,,
SOC/​C&E SOC  923,Seminar-Social Stratification,"(3, 3)",Sociology,,
SOC/​URB R PL  924,Seminar-Political Sociology,"(3, 3)",Sociology,,
SOC/​ANTHRO/​C&E SOC/​ECON  925,Seminar: Socio-Economic Change In Underdeveloped Areas,"(2, 3)",Sociology,,
SOC/​C&E SOC  929,Seminar: Class Analysis And Historical Change,"(3, 3)",Sociology,,
SOC/​C&E SOC  940,Seminar-Sociology Of Economic Change,"(3, 3)",Sociology,,
SOC/​C&E SOC  945,Seminar-Rural Sociology,"(3, 3)",Sociology,,
SOC/​C&E SOC  948,Seminar: Environmental Sociology,"(3, 3)",Sociology,,
SOC 952,Seminar-Mathematical And Statistical Applications In Sociology,"(3, 3)",Sociology,,
SOC/​ED POL  955,Seminar-Qualitative Methodology,"(3, 3)",Sociology,,
SOC/​C&E SOC  960,Seminar-Current Methodological Issues In Social Psychology,"(3, 3)",Sociology,,
SOC/​C&E SOC  965,Seminar-Recent Developments In Social Psychology,"(3, 3)",Sociology,,
SOC/​C&E SOC  971,Seminar-Topics In Demography And Ecology,"(3, 3)",Sociology,,
SOC/​C&E SOC  972,Seminar In Population And Development,"(3, 3)",Sociology,,
SOC/​C&E SOC  977,Seminar-Human Ecology,"(3, 3)",Sociology,,
SOC/​HISTORY/​URB R PL  979,Seminar In Urban History,"(3, 3)",Sociology,,
SOC/​A A E/​ANTHRO/​C&E SOC/​GEOG/​HISTORY/​LACIS/​POLI SCI/​PORTUG/​SPANISH  982,Interdepartmental Seminar In The Latin-American Area,"(1, 3)",Sociology,,
SOC 983,Research: Economic Sociology And Comparative Political Economy,"(1, 3)",Sociology,,
SOC 984,Research: Sociology Of Gender Trainees,"(1, 3)",Sociology,,
SOC/​C&E SOC  985,Research: Community And Environmental Sociology,"(1, 3)",Sociology,,
SOC/​C&E SOC  987,Research: Race And Ethnic Studies,"(1, 3)",Sociology,,
SOC 990,Thesis,"(1, 12)",Sociology,,
SOC 991,Research : Social Psychology Trainees,"(1, 3)",Sociology,,
SOC 992,"Research: Social Organization Trainees Politics, Culture, And Society","(1, 3)",Sociology,,
SOC/​C&E SOC  993,Research: Sociology Of Economic Change Trainees,"(1, 3)",Sociology,,
SOC 994,Colloquium In Critical Sociology,"(1, 3)",Sociology,,
SOC/​C&E SOC  995,Research: Methodology Trainees,"(1, 3)",Sociology,,
SOC/​C&E SOC  997,Research: Demography And Ecology Trainees,"(1, 3)",Sociology,,
SOC 999,Reading And Research In Sociology,"(1, 12)",Sociology,,
SOIL SCI/​ENVIR ST  101,Forum On The Environment,"(1, 2)",Soil Science,,
SOIL SCI 131,Earth'S Soil: Natural Science And Human Use,"(1, 1)",Soil Science,,
SOIL SCI/​ATM OCN  132,Earth'S Water: Natural Science And Human Use,"(3, 3)",Soil Science,,
SOIL SCI 211,Soils And Climate Change,"(2, 2)",Soil Science,,
SOIL SCI/​ENVIR ST/​GEOG  230,Soil: Ecosystem And Resource,"(3, 3)",Soil Science,,
SOIL SCI 250,Introduction To Environmental Science,"(3, 3)",Soil Science,,
SOIL SCI 289,Honors Independent Study,"(1, 2)",Soil Science,,
SOIL SCI 299,Independent Study,"(1, 3)",Soil Science,,
SOIL SCI 301,General Soil Science,"(3, 3)",Soil Science,,
SOIL SCI 302,Meet Your Soil: Soil Analysis And Interpretation Laboratory,"(1, 1)",Soil Science,,
SOIL SCI/​PL PATH  323,Soil Biology,"(3, 3)",Soil Science,,
SOIL SCI/​ENVIR ST  324,Soils And Environmental Quality,"(3, 3)",Soil Science,,
SOIL SCI/​AGRONOMY/​HORT  326,Plant Nutrition Management,"(3, 3)",Soil Science,,
SOIL SCI 327,Environmental Monitoring And Soil Characterization For Earth'S Critical Zone,"(4, 4)",Soil Science,,
SOIL SCI 330,Hazardous Waste Operations And Emergency Response (Hazwoper) And Field Safety Training,"(1, 1)",Soil Science,,
SOIL SCI/​HORT  332,Turfgrass Nutrient And Water Management,"(3, 3)",Soil Science,,
SOIL SCI/​AGRONOMY/​BOTANY  370,Grassland Ecology,"(3, 3)",Soil Science,,
SOIL SCI/​BSE/​CIV ENGR  372,On-Site Waste Water Treatment And Dispersal,"(2, 2)",Soil Science,,
SOIL SCI 375,Special Topics,"(1, 3)",Soil Science,,
SOIL SCI 399,Coordinative Internship/Cooperative Education,"(1, 8)",Soil Science,,
SOIL SCI 400,Study Abroad In Soil Science,"(1, 6)",Soil Science,,
SOIL SCI/​MICROBIO  425,Environmental Microbiology,"(3, 3)",Soil Science,,
SOIL SCI 430,Soil Pollution And Human Health,"(3, 3)",Soil Science,,
SOIL SCI/​F&W ECOL  451,Environmental Biogeochemistry,"(3, 3)",Soil Science,,
SOIL SCI/​AN SCI/​DY SCI/​FOOD SCI  472,Animal Agriculture And Global Sustainable Development,"(1, 1)",Soil Science,,
SOIL SCI/​AN SCI/​DY SCI/​FOOD SCI  473,International Field Study In Animal Agriculture And Sustainable Development,"(2, 2)",Soil Science,,
SOIL SCI 499,Soil Management,"(3, 3)",Soil Science,,
SOIL SCI/​MICROBIO  523,Soil Microbiology And Biochemistry,"(3, 3)",Soil Science,,
SOIL SCI/​GEOG  525,Soil Geomorphology,"(3, 3)",Soil Science,,
SOIL SCI/​GEOG  526,Human Transformations Of Earth Surface Processes,"(3, 3)",Soil Science,,
SOIL SCI/​AGRONOMY/​ATM OCN  532,Environmental Biophysics,"(3, 3)",Soil Science,,
SOIL SCI/​ENVIR ST  575,Assessment Of Environmental Impact,"(3, 3)",Soil Science,,
SOIL SCI 585,Using R For Soil And Environmental Sciences,"(3, 3)",Soil Science,,
SOIL SCI/​ENTOM/​F&W ECOL/​PL PATH  606,Colloquium In Environmental Toxicology,"(1, 1)",Soil Science,,
SOIL SCI 621,Soil And Environmental Chemistry,"(3, 3)",Soil Science,,
SOIL SCI 622,Soil Physics,"(3, 3)",Soil Science,,
SOIL SCI/​BOTANY/​HORT  626,Mineral Nutrition Of Plants,"(3, 3)",Soil Science,,
SOIL SCI 630,"Field Methods For Environmental Characterization, Analysis, And Monitoring","(2, 2)",Soil Science,,
SOIL SCI/​CIV ENGR/​M&ENVTOX  631,"Toxicants In The Environment: Sources, Distribution, Fate, & Effects","(3, 3)",Soil Science,,
SOIL SCI 681,Senior Honors Thesis,"(2, 4)",Soil Science,,
SOIL SCI 682,Senior Honors Thesis,"(2, 4)",Soil Science,,
SOIL SCI/​ENVIR ST/​LAND ARC  695,Applications Of Geographic Information Systems In Natural Resources,"(3, 3)",Soil Science,,
SOIL SCI 699,Special Problems,"(1, 3)",Soil Science,,
SOIL SCI 710,Systematic Reviews In Agriculture And The Environment,"(3, 3)",Soil Science,,
SOIL SCI 728,Graduate Seminar,"(1, 1)",Soil Science,,
SOIL SCI 730,Colloquium: Environmental Remediation And Management,"(1, 1)",Soil Science,,
SOIL SCI 799,Practicum In Soil Science Teaching,"(1, 3)",Soil Science,,
SOIL SCI 875,Special Topics,"(1, 4)",Soil Science,,
SOIL SCI 990,Research,"(1, 12)",Soil Science,,
SPANISH 101,First Semester Spanish,"(4, 4)",Spanish,,
SPANISH 102,Second Semester Spanish,"(4, 4)",Spanish,,
SPANISH 103,First Year Intensive Spanish,"(6, 6)",Spanish,,
SPANISH 203,Third Semester Spanish,"(4, 4)",Spanish,,
SPANISH 204,Fourth Semester Spanish,"(4, 4)",Spanish,,
SPANISH/​CHICLA  215,Border And Migration Studies Of Latinx America,"(3, 3)",Spanish,,
SPANISH/​CHICLA  222,Introduction To Latinx Cultures,"(3, 3)",Spanish,,
SPANISH 223,Introduction To Hispanic Cultures,"(3, 3)",Spanish,,
SPANISH 224,Introduction To Hispanic Literatures,"(3, 3)",Spanish,,
SPANISH 225,"Lying, Swearing, And Breaking The Rules: An Introduction To The Linguistic Study Of Spanish","(3, 3)",Spanish,,
SPANISH 226,Intermediate Language Practice With Emphasis On Writing And Grammar,"(3, 3)",Spanish,,
SPANISH 228,From Bad Bunny To Bad Hombres: The (Mis)Representation And (In)Visibility Of Spanish In The Us,"(3, 3)",Spanish,,
SPANISH 230,The Beautiful Game: Cultural Politics Of Soccer,"(3, 3)",Spanish,,
SPANISH/​AFROAMER/​ANTHRO/​C&E SOC/​GEOG/​HISTORY/​LACIS/​POLI SCI/​SOC  260,Latin America: An Introduction,"(3, 4)",Spanish,,
SPANISH/​LACIS  285,Race And Culture In The Americas,"(3, 3)",Spanish,,
SPANISH 299,Directed Study,"(1, 3)",Spanish,,
SPANISH 311,Advanced Language Practice,"(3, 3)",Spanish,,
SPANISH 317,Spanish For Nursing,"(3, 3)",Spanish,,
SPANISH 318,Spanish For Pharmacy,"(3, 3)",Spanish,,
SPANISH 319,Topics In Spanish Language Practice,"(1, 3)",Spanish,,
SPANISH 320,Spanish Phonetics,"(3, 3)",Spanish,,
SPANISH 321,The Structure Of Modern Spanish,"(3, 3)",Spanish,,
SPANISH 322,Survey Of Early Hispanic Literature,"(3, 3)",Spanish,,
SPANISH 324,Survey Of Modern Spanish Literature,"(3, 3)",Spanish,,
SPANISH 325,Advanced Conversation,"(3, 3)",Spanish,,
SPANISH 326,Survey Of Spanish American Literature,"(3, 3)",Spanish,,
SPANISH 327,Introduction To Spanish Linguistics,"(3, 3)",Spanish,,
SPANISH 328,Advanced Medical Spanish,"(3, 3)",Spanish,,
SPANISH/​INTL BUS  329,Spanish For Business,"(3, 3)",Spanish,,
SPANISH 331,Spanish Applied Linguistics,"(3, 3)",Spanish,,
SPANISH 359,Spanish Business Area Studies,"(3, 3)",Spanish,,
SPANISH 361,Spanish Civilization,"(3, 3)",Spanish,,
SPANISH 363,Spanish American Civilization,"(3, 3)",Spanish,,
SPANISH/​CHICLA  364,Survey Of Latino And Latina Popular Culture,"(3, 3)",Spanish,,
SPANISH/​MEDIEVAL  414,Literatura De La Edad Media Castellana (Ss. Xii-Xv),"(3, 3)",Spanish,,
SPANISH 420,Advanced Spanish Phonetics,"(3, 3)",Spanish,,
SPANISH/​FRENCH/​ITALIAN/​PORTUG  429,Introduction To The Romance Languages,"(3, 3)",Spanish,,
SPANISH 430,Spanish In The United States,"(3, 3)",Spanish,,
SPANISH 435,Cervantes,"(3, 3)",Spanish,,
SPANISH/​ENVIR ST  445,Culture And The Environment In The Luso-Hispanic World,"(3, 3)",Spanish,,
SPANISH 446,Topics In Spanish Linguistics,"(3, 3)",Spanish,,
SPANISH 451,Literature Of The Eighteenth And Nineteenth Centuries,"(3, 3)",Spanish,,
SPANISH 453,Literature Of The Twentieth Century,"(3, 3)",Spanish,,
SPANISH 455,Contemporary Mayas: A Culture Of Nature,"(3, 3)",Spanish,,
SPANISH 460,Literatura Hispanoamericana,"(3, 3)",Spanish,,
SPANISH 461,The Spanish American Short Story,"(3, 3)",Spanish,,
SPANISH 464,Spanish American Poetry And Essay,"(3, 3)",Spanish,,
SPANISH/​CHICLA  467,Us Latino Literature,"(3, 3)",Spanish,,
SPANISH 468,Topics In Hispanic Culture,"(3, 3)",Spanish,,
SPANISH/​CHICLA  469,Topics In Latinx Culture,"(3, 3)",Spanish,,
SPANISH 470,Undergraduate Seminars In Hispanic Literature/Culture/Linguistics,"(3, 3)",Spanish,,
SPANISH 472,Hispanic Screen Studies,"(3, 3)",Spanish,,
SPANISH 473,Study Abroad In Spanish Language Practice,"(1, 4)",Spanish,,
SPANISH 474,Study Abroad In Spanish Linguistics,"(1, 4)",Spanish,,
SPANISH 475,Study Abroad In Hispanic Literatures,"(1, 4)",Spanish,,
SPANISH 476,Study Abroad In Hispanic Cultures,"(1, 4)",Spanish,,
SPANISH 477,Latin American Rock Cultures,"(3, 3)",Spanish,,
SPANISH/​CHICLA  478,Border And Race Studies In Latin America,"(3, 3)",Spanish,,
SPANISH 479,Latin American Literature And Human Rights,"(3, 3)",Spanish,,
SPANISH 480,Topics In Latin American Performance/Visual Studies,"(3, 3)",Spanish,,
SPANISH 490,"Race, Religion And Ethnicity In The Age Of Empire","(3, 3)",Spanish,,
SPANISH/​MEDIEVAL  503,Survey Of Medieval Literature,"(3, 3)",Spanish,,
SPANISH/​MEDIEVAL  541,Old Spanish,"(3, 3)",Spanish,,
SPANISH 545,College Teaching Of Spanish,"(2, 2)",Spanish,,
SPANISH 564,Theory And Practice Of Hispanic Theatre,"(4, 4)",Spanish,,
SPANISH 630,Topics In Hispanic Linguistics,"(3, 3)",Spanish,,
SPANISH 681,Senior Honors Thesis,"(3, 3)",Spanish,,
SPANISH 682,Senior Honors Thesis,"(3, 3)",Spanish,,
SPANISH 691,First Semester Senior Thesis,"(3, 3)",Spanish,,
SPANISH 692,Second Semester Senior Thesis,"(3, 3)",Spanish,,
SPANISH 699,Directed Study,"(1, 6)",Spanish,,
SPANISH 701,Textual Criticism,"(3, 3)",Spanish,,
SPANISH/​MEDIEVAL  718,Topics In Medieval Spanish Literature,"(3, 3)",Spanish,,
SPANISH 770,Introduction To The Profession,"(3, 3)",Spanish,,
SPANISH 771,Writing For The Profession,"(3, 3)",Spanish,,
SPANISH 801,Seminar-Spanish American Literature,"(3, 3)",Spanish,,
SPANISH 802,Seminar-Spanish American Literature,"(3, 3)",Spanish,,
SPANISH 815,Seminar In Language: Modern Spanish,"(3, 3)",Spanish,,
SPANISH/​MEDIEVAL  842,Seminar-Medieval Literature,"(3, 3)",Spanish,,
SPANISH 851,Seminar In Golden Age Prose: Cervantes Don Quijote,"(3, 3)",Spanish,,
SPANISH 852,Seminar In Golden Age Prose,"(3, 3)",Spanish,,
SPANISH 861,Seminar-Modern Spanish Literature,"(3, 3)",Spanish,,
SPANISH 899,Independent Reading,"(1, 3)",Spanish,,
SPANISH/​A A E/​ANTHRO/​C&E SOC/​GEOG/​HISTORY/​LACIS/​POLI SCI/​PORTUG/​SOC  982,Interdepartmental Seminar In The Latin-American Area,"(1, 3)",Spanish,,
SPANISH 990,Thesis,"(1, 12)",Spanish,,
STAT 240,Data Science Modeling I,"(4, 4)",Statistics,,
STAT 301,Introduction To Statistical Methods,"(3, 3)",Statistics,,
STAT 303,R For Statistics I,"(1, 1)",Statistics,,
STAT 304,R For Statistics Ii,"(1, 1)",Statistics,,
STAT 305,R For Statistics Iii,"(1, 1)",Statistics,,
STAT/​MATH  309,Introduction To Probability And Mathematical Statistics I,"(3, 3)",Statistics,,
STAT/​MATH  310,Introduction To Probability And Mathematical Statistics Ii,"(3, 3)",Statistics,,
STAT 311,Introduction To Theory And Methods Of Mathematical Statistics I,"(3, 3)",Statistics,,
STAT 312,Introduction To Theory And Methods Of Mathematical Statistics Ii,"(3, 3)",Statistics,,
STAT 324,Introductory Applied Statistics For Engineers,"(3, 3)",Statistics,,
STAT 333,Applied Regression Analysis,"(3, 3)",Statistics,,
STAT 340,Data Science Modeling Ii,"(4, 4)",Statistics,,
STAT 349,Introduction To Time Series,"(3, 3)",Statistics,,
STAT 351,Introductory Nonparametric Statistics,"(3, 3)",Statistics,,
STAT 360,Topics In Statistics Study Abroad,"(1, 3)",Statistics,,
STAT 371,Introductory Applied Statistics For The Life Sciences,"(3, 3)",Statistics,,
STAT/​COMP SCI  403,Internship Course In Comp Sci And Data Science,"(1, 1)",Statistics,,
STAT 405,Data Science Computing Project,"(3, 3)",Statistics,,
STAT 411,An Introduction To Sample Survey Theory And Methods,"(3, 3)",Statistics,,
STAT 421,Applied Categorical Data Analysis,"(3, 3)",Statistics,,
STAT/​M E  424,Statistical Experimental Design,"(3, 3)",Statistics,,
STAT/​MATH  431,Introduction To The Theory Of Probability,"(3, 3)",Statistics,,
STAT 433,Data Science With R,"(3, 3)",Statistics,,
STAT 436,Statistical Data Visualization,"(3, 3)",Statistics,,
STAT 443,Classification And Regression Trees,"(3, 3)",Statistics,,
STAT 451,Introduction To Machine Learning And Statistical Pattern Classification,"(3, 3)",Statistics,,
STAT 453,Introduction To Deep Learning And Generative Models,"(3, 3)",Statistics,,
STAT 456,Applied Multivariate Analysis,"(3, 3)",Statistics,,
STAT 461,Financial Statistics,"(3, 3)",Statistics,,
STAT/​COMP SCI  471,Introduction To Computational Statistics,"(3, 3)",Statistics,,
STAT/​COMP SCI/​MATH  475,Introduction To Combinatorics,"(3, 3)",Statistics,,
STAT 479,Special Topics In Statistics,"(1, 3)",Statistics,,
STAT/​COMP SCI/​I SY E/​MATH  525,Linear Optimization,"(3, 3)",Statistics,,
STAT/​B M I  541,Introduction To Biostatistics,"(3, 3)",Statistics,,
STAT/​B M I  542,Introduction To Clinical Trials I,"(3, 3)",Statistics,,
STAT/​F&W ECOL  571,Statistical Methods For Bioscience I,"(4, 4)",Statistics,,
STAT/​F&W ECOL  572,Statistical Methods For Bioscience Ii,"(4, 4)",Statistics,,
STAT 575,Statistical Methods For Spatial Data,"(3, 3)",Statistics,,
STAT 601,Statistical Methods I,"(4, 4)",Statistics,,
STAT 602,Statistical Methods Ii,"(4, 4)",Statistics,,
STAT 605,Data Science Computing Project,"(3, 3)",Statistics,,
STAT 606,Computing In Data Science And Statistics,"(3, 3)",Statistics,,
STAT 609,Mathematical Statistics I,"(3, 3)",Statistics,,
STAT 610,Introduction To Statistical Inference,"(4, 4)",Statistics,,
STAT 611,Statistical Models For Data Science,"(3, 3)",Statistics,,
STAT 612,Statistical Inference For Data Science,"(3, 3)",Statistics,,
STAT 613,Statistical Methods For Data Science,"(3, 3)",Statistics,,
STAT 615,Statistical Learning,"(3, 3)",Statistics,,
STAT/​B M I  620,Statistics In Human Genetics,"(3, 3)",Statistics,,
STAT 627,Professional Skills In Data Science,"(1, 3)",Statistics,,
STAT 628,Data Science Practicum,"(3, 3)",Statistics,,
STAT/​I SY E/​MATH/​OTM  632,Introduction To Stochastic Processes,"(3, 3)",Statistics,,
STAT/​B M I  641,Statistical Methods For Clinical Trials,"(3, 3)",Statistics,,
STAT/​B M I  642,Statistical Methods For Epidemiology,"(3, 3)",Statistics,,
STAT/​B M I  643,"Clinical Trial Design, Implementation, And Analysis","(3, 3)",Statistics,,
STAT 678,Introduction To Statistical Consulting,"(3, 3)",Statistics,,
STAT 679,Special Topics In Statistics,"(1, 3)",Statistics,,
STAT 681,Senior Honors Thesis,"(3, 3)",Statistics,,
STAT 682,Senior Honors Thesis,"(3, 3)",Statistics,,
STAT 698,Directed Study,"(1, 6)",Statistics,,
STAT 699,Directed Study,"(1, 6)",Statistics,,
STAT 701,"Applied Time Series Analysis, Forecasting And Control I","(3, 3)",Statistics,,
STAT/​MATH  709,Mathematical Statistics,"(4, 4)",Statistics,,
STAT/​MATH  710,Mathematical Statistics,"(4, 4)",Statistics,,
STAT/​COMP SCI/​I SY E/​MATH  726,Nonlinear Optimization I,"(3, 3)",Statistics,,
STAT/​B M I  727,Theory And Methods Of Longitudinal Data Analysis,"(3, 3)",Statistics,,
STAT 732,Large Sample Theory Of Statistical Inference,"(3, 3)",Statistics,,
STAT/​MATH  733,Theory Of Probability I,"(3, 3)",Statistics,,
STAT/​MATH  734,Theory Of Probability Ii,"(3, 3)",Statistics,,
STAT/​B M I  741,Survival Analysis Theory And Methods,"(3, 3)",Statistics,,
STAT 760,Multivariate Analysis I,"(3, 3)",Statistics,,
STAT 761,Decision Trees For Multivariate Analysis,"(3, 3)",Statistics,,
STAT/​B M I  768,Statistical Methods For Medical Image Analysis,"(3, 3)",Statistics,,
STAT 771,Statistical Computing,"(3, 3)",Statistics,,
STAT 772,Linear Randomized Algorithms For Data Science,"(3, 3)",Statistics,,
STAT/​ECON/​GEN BUS  775,Bayesian Statistics,"(3, 3)",Statistics,,
STAT 780,Introduction To Quantum Data Science,"(3, 3)",Statistics,,
STAT 801,Advanced Financial Statistics,"(3, 3)",Statistics,,
STAT/​MATH  803,Experimental Design I,"(3, 3)",Statistics,,
STAT 809,Non Parametric Statistics,"(3, 3)",Statistics,,
STAT/​B M I  828,Semiparametric Methods In Data Science,"(3, 3)",Statistics,,
STAT/​MATH  833,Topics In The Theory Of Probability,"(3, 3)",Statistics,,
STAT 834,Empirical Processes And Semiparametric Inference,"(1, 3)",Statistics,,
STAT 841,Nonparametric Statistics And Machine Learning Methods,"(3, 3)",Statistics,,
STAT 849,Theory And Application Of Regression And Analysis Of Variance I,"(3, 3)",Statistics,,
STAT 850,Theory And Application Of Regression And Analysis Of Variance Ii,"(3, 3)",Statistics,,
STAT/​COMP SCI/​E C E  861,Theoretical Foundations Of Machine Learning,"(3, 3)",Statistics,,
STAT/​B M I  877,Statistical Methods For Molecular Biology,"(3, 3)",Statistics,,
STAT/​E C E/​MATH  888,Topics In Mathematical Data Science,"(1, 3)",Statistics,,
STAT 990,Research,"(1, 12)",Statistics,,
STAT 992,Seminar,"(1, 3)",Statistics,,
STAT 998,Statistical Consulting,"(3, 3)",Statistics,,
SURGERY 699,Independent Study,"(0, 5)",Surgery,,
SURGERY 909,Surgery Internship Preparation,"(1, 1)",Surgery,,
SURGERY 910,Independent Reading And Research In Surgery,"(2, 8)",Surgery,,
SURGERY 911,Aortic Disease From Bench To Bedside,"(2, 2)",Surgery,,
SURGERY 912,Aortic Disease From Bench To Boardroom,"(2, 2)",Surgery,,
SURGERY 919,Individualized Phase 3 Clinical Elective In Surgery,"(2, 4)",Surgery,,
SURGERY 920,General Surgery Elective,"(2, 4)",Surgery,,
SURGERY 938,Inpatient Acting Internship-Surgery,"(4, 4)",Surgery,,
SURGERY 939,Adult Orthopedics For The Future Orthopedist Elective,"(2, 4)",Surgery,,
SURGERY 940,Adult Orthopedics For The Non-Orthopedist Elective,"(2, 4)",Surgery,,
SURGERY 944,Upper Extremity Orthopaedic Clerkship-Marshfield Clinic,"(2, 12)",Surgery,,
SURGERY 948,Otolaryngology Elective,"(2, 4)",Surgery,,
SURGERY 954,Peripheral Vascular Elective,"(2, 4)",Surgery,,
SURGERY 956,Plastic And Reconstructive Surgery Elective,"(2, 4)",Surgery,,
SURGERY 960,Transplantation Elective,"(2, 4)",Surgery,,
SURGERY 962,Surgical Critical Care Elective,"(2, 4)",Surgery,,
SURGERY 963,Cardiothoracic Surgery Elective,"(2, 4)",Surgery,,
SURGERY 967,Urology Elective,"(2, 4)",Surgery,,
SURGERY 973,"Optimizing Value, Quality And Safety In Healthcare","(2, 2)",Surgery,,
SURGERY 974,Patient Education As A Strategy For Advocacy,"(2, 2)",Surgery,,
SURGERY 975,Multidisciplinary Approaches To Colon Cancer Prevention/Treatment,"(2, 2)",Surgery,,
SURGERY 976,The Science Of Obesity And Diabetes,"(2, 2)",Surgery,,
SURGERY 977,Injury And Violence Prevention,"(4, 4)",Surgery,,
SURGERY 980,"Sex, Gender, And Sexuality Health Equity","(2, 2)",Surgery,,
SURGERY 981,Mindfulness Training For Residency,"(1, 1)",Surgery,,
SURGERY 982,Surgical And Procedural Care Education Teaching Elective,"(2, 2)",Surgery,,
SURGERY 983,Common Anorectal Diseases,"(2, 2)",Surgery,,
SURG SCI 501,Radiographic Anatomy Of The Dog And Cat,"(1, 1)",Surgical Sciences,,
SURG SCI 542,Veterinary Ophthalmology,"(2, 2)",Surgical Sciences,,
SURG SCI 543,Fundamentals Of Anesthesiology I,"(1, 1)",Surgical Sciences,,
SURG SCI 544,Surgery Fundamentals,"(2, 2)",Surgical Sciences,,
SURG SCI 545,Fundamentals Of Anesthesiology Ii,"(1, 1)",Surgical Sciences,,
SURG SCI/​F&W ECOL  548,Diseases Of Wildlife,"(3, 3)",Surgical Sciences,,
SURG SCI 630,Small Animal Surgery,"(4, 4)",Surgical Sciences,,
SURG SCI 631,Large Animal Surgery: Orthopedic And Soft Tissue,"(3, 3)",Surgical Sciences,,
SURG SCI 632,Small Animal Surgery Laboratory,"(2, 2)",Surgical Sciences,,
SURG SCI 634,Small Animal Anesthesia Laboratory,"(1, 1)",Surgical Sciences,,
SURG SCI 638,Veterinary Diagnostic Imaging,"(2, 2)",Surgical Sciences,,
SURG SCI 642,Large Animal Surgery: Clinical Rotation,"(2, 2)",Surgical Sciences,,
SURG SCI 644,Clinics-Small Animal Orthopedic Surgery,"(2, 2)",Surgical Sciences,,
SURG SCI 645,Senior Rotation In Small Animal General Surgery,"(2, 2)",Surgical Sciences,,
SURG SCI 646,Veterinary Anesthesiology-Clinical Rotation,"(2, 2)",Surgical Sciences,,
SURG SCI 647,Radiology Clinics,"(2, 2)",Surgical Sciences,,
SURG SCI 675,Special Topics,"(1, 5)",Surgical Sciences,,
SURG SCI 676,Special Species Health,"(2, 2)",Surgical Sciences,,
SURG SCI 677,Veterinary Dentistry Elective,"(1, 1)",Surgical Sciences,,
SURG SCI 699,Directed Study,"(1, 5)",Surgical Sciences,,
SURG SCI 710,Special Species Clinical Rotation,"(2, 2)",Surgical Sciences,,
SURG SCI 711,Wildlife Rehabilitation Medicine Rotation,"(2, 2)",Surgical Sciences,,
SURG SCI 712,Zoological Medicine Clinical Rotation,"(2, 2)",Surgical Sciences,,
SURG SCI 714,Small Animal Radiation Oncology Rotation,"(1, 2)",Surgical Sciences,,
SURG SCI 741,Clinical Ophthalmology Rotation,"(2, 2)",Surgical Sciences,,
SURG SCI 743,Advanced Anesthesiology/Critical Care Medicine,"(2, 2)",Surgical Sciences,,
SURG SCI 744,Restraint And Anesthesia Of Exotic Animals,"(2, 2)",Surgical Sciences,,
SURG SCI 746,Food Animal Surgery,"(2, 2)",Surgical Sciences,,
SURG SCI 748,Dentistry And Oral Surgery Rotation,"(1, 3)",Surgical Sciences,,
SURG SCI 750,Small Animal Ultrasound Elective,"(1, 1)",Surgical Sciences,,
SURG SCI 775,Externship,"(1, 24)",Surgical Sciences,,
THEATRE 100,Experiencing Theatre,"(2, 3)",Theatre And Drama,,
THEATRE/​ENGL  120,Introduction To Theatre And Dramatic Literature,"(3, 4)",Theatre And Drama,,
THEATRE 130,Fundamentals Of Theatrical Design,"(3, 3)",Theatre And Drama,,
THEATRE 140,Voice 1: Effective Communication,"(3, 3)",Theatre And Drama,,
THEATRE 150,Acting I: Introduction To Acting,"(3, 3)",Theatre And Drama,,
THEATRE 160,Technical Theatre Fundamentals,"(3, 3)",Theatre And Drama,,
THEATRE 161,Backstage Laboratory I,"(2, 2)",Theatre And Drama,,
THEATRE 199,Directed Study,"(1, 3)",Theatre And Drama,,
THEATRE 200,Acting Skills For Life,"(2, 3)",Theatre And Drama,,
THEATRE 213,Digital Design Visualization For Entertainment,"(3, 3)",Theatre And Drama,,
THEATRE/​DANCE  218,African Dance Performance,"(2, 2)",Theatre And Drama,,
THEATRE 219,Undergraduate Topics Intheatre And Drama,"(1, 3)",Theatre And Drama,,
THEATRE 220,Scenic Studio Practicum,"(1, 1)",Theatre And Drama,,
THEATRE 221,Costume Studio Practicum,"(1, 1)",Theatre And Drama,,
THEATRE 222,Lighting & Sound Studio Practicum,"(1, 1)",Theatre And Drama,,
THEATRE 230,Environment Design For Games And Other Virtual Storytelling Spaces,"(3, 3)",Theatre And Drama,,
THEATRE 234,Collaborative Problem Solving,"(3, 3)",Theatre And Drama,,
THEATRE 240,Intermediate Voice Training,"(3, 3)",Theatre And Drama,,
THEATRE 250,Fundamentals Of Acting,"(3, 3)",Theatre And Drama,,
THEATRE/​DANCE  259,Collaborative Arts Performance Lab: Devising Collaborative Performance Through Hip Hop Arts,"(1, 2)",Theatre And Drama,,
THEATRE 260,Producing Theatre,"(3, 3)",Theatre And Drama,,
THEATRE 262,Backstage Practicum,"(1, 1)",Theatre And Drama,,
THEATRE 266,Fundamentals Of Stage Lighting Technology,"(3, 3)",Theatre And Drama,,
THEATRE 270,Fundamentals Of Stagecraft,"(3, 4)",Theatre And Drama,,
THEATRE 298,Directed Study,"(1, 3)",Theatre And Drama,,
THEATRE 299,Directed Study,"(1, 3)",Theatre And Drama,,
THEATRE/​DANCE/​FOLKLORE  321,Javanese Performance,"(2, 2)",Theatre And Drama,,
THEATRE 324,Traditions In Dramatic Literature,"(3, 3)",Theatre And Drama,,
THEATRE 327,History Of Costume For The Stage,"(3, 3)",Theatre And Drama,,
THEATRE 328,Material Culture For Performance Design,"(3, 3)",Theatre And Drama,,
THEATRE 329,Introduction To African-American Performance,"(3, 4)",Theatre And Drama,,
THEATRE/​LITTRANS  335,In Translation: The Drama Of Henrik Ibsen,"(3, 4)",Theatre And Drama,,
THEATRE/​LITTRANS  336,In Translation: The Drama Of August Strindberg,"(3, 4)",Theatre And Drama,,
THEATRE 342,Fundamentals Of Movement For The Stage,"(1, 3)",Theatre And Drama,,
THEATRE 350,Acting Realism,"(3, 3)",Theatre And Drama,,
THEATRE 351,Fundamentals Of Asian Stage Discipline,"(3, 3)",Theatre And Drama,,
THEATRE 352,Auditioning For Stage And Screen,"(3, 3)",Theatre And Drama,,
THEATRE 357,Introduction To Theatre For Cultural And Social Awareness,"(3, 3)",Theatre And Drama,,
THEATRE 360,Performance In Practice,"(1, 3)",Theatre And Drama,,
THEATRE 361,Backstage Laboratory Ii,"(1, 2)",Theatre And Drama,,
THEATRE/​CURRIC/​SLAVIC  362,Drama For Teaching And Learning,"(3, 3)",Theatre And Drama,,
THEATRE 363,Costume Design I,"(3, 3)",Theatre And Drama,,
THEATRE 364,Makeup For The Theatre,"(3, 3)",Theatre And Drama,,
THEATRE 365,Sewing For The Theatre,"(3, 3)",Theatre And Drama,,
THEATRE/​ART  366,Stage Lighting I,"(3, 3)",Theatre And Drama,,
THEATRE 367,Script Analysis,"(3, 3)",Theatre And Drama,,
THEATRE 368,Fundamentals Of Directing,"(3, 3)",Theatre And Drama,,
THEATRE 370,Drafting For The Theatre,"(3, 4)",Theatre And Drama,,
THEATRE 371,Sound For Theatre,"(3, 4)",Theatre And Drama,,
THEATRE/​ART  372,Set Design I,"(3, 3)",Theatre And Drama,,
THEATRE 379,Introduction To Stage Management,"(3, 3)",Theatre And Drama,,
THEATRE/​GEN&WS  415,Introduction To Contemporary Feminist Theatre And Criticism,"(3, 3)",Theatre And Drama,,
THEATRE/​DANCE/​FOLKLORE  421,Javanese Performance Repertory,"(2, 2)",Theatre And Drama,,
THEATRE/​LITTRANS  423,In Translation: Slavic Drama In Context,"(3, 3)",Theatre And Drama,,
THEATRE 424,Contemporary World Theatre And Dramatic Literature,"(3, 3)",Theatre And Drama,,
THEATRE/​CURRIC  426,"History, Theory, And Dramatic Criticism In Theatre For Young Audiences","(3, 4)",Theatre And Drama,,
THEATRE 431,History Of Theatres And Staging,"(3, 3)",Theatre And Drama,,
THEATRE 440,Musical Performance For The Actor,"(3, 3)",Theatre And Drama,,
THEATRE 450,Acting Styles,"(1, 3)",Theatre And Drama,,
THEATRE 451,Acting For The Camera,"(4, 4)",Theatre And Drama,,
THEATRE/​CURRIC  462,Theatre For Young Audiences: Production,"(3, 6)",Theatre And Drama,,
THEATRE 464,Costume Technology Topics,"(3, 4)",Theatre And Drama,,
THEATRE 466,Stage Lighting Design Ii,"(3, 4)",Theatre And Drama,,
THEATRE 469,Interdisciplinary Studies In The Arts,"(1, 4)",Theatre And Drama,,
THEATRE 472,Scenic Painting,"(3, 3)",Theatre And Drama,,
THEATRE/​ENGL  477,Diaspora And Theatre,"(3, 3)",Theatre And Drama,,
THEATRE 500,The Business Of The Business,"(3, 3)",Theatre And Drama,,
THEATRE 501,The Business Of Acting,"(3, 3)",Theatre And Drama,,
THEATRE/​CURRIC  525,Theatre In Education,"(3, 4)",Theatre And Drama,,
THEATRE 526,The Theatres Of China And Japan,"(3, 3)",Theatre And Drama,,
THEATRE 541,Acting Shakespeare,"(1, 3)",Theatre And Drama,,
THEATRE 550,Advanced Scene Study,"(1, 3)",Theatre And Drama,,
THEATRE 561,Backstage Laboratory Iii,"(1, 2)",Theatre And Drama,,
THEATRE/​CURRIC  562,Drama In Education: Advanced Studies,"(3, 4)",Theatre And Drama,,
THEATRE 563,Costume Design Ii,"(3, 3)",Theatre And Drama,,
THEATRE 570,Advanced Stagecraft,"(3, 3)",Theatre And Drama,,
THEATRE/​ART  572,Set Design Ii,"(3, 3)",Theatre And Drama,,
THEATRE/​ENGL  575,"British Drama, 1914 To Present","(3, 3)",Theatre And Drama,,
THEATRE/​ENGL  576,Survey: Theories Of Drama,"(3, 3)",Theatre And Drama,,
THEATRE/​ENGL  577,"Postcolonial Theatre: Drama, Theory And Performance In The Global South","(3, 3)",Theatre And Drama,,
THEATRE/​ENGL  578,Modern American Drama And Theatre,"(3, 3)",Theatre And Drama,,
THEATRE 579,Advanced Concepts In Stage Management,"(2, 2)",Theatre And Drama,,
THEATRE 595,Topics In Theatre And Drama: Study Abroad,"(1, 6)",Theatre And Drama,,
THEATRE 597,Internship In Theatre,"(1, 6)",Theatre And Drama,,
THEATRE 619,Special Topics In Theatre And Drama,"(1, 3)",Theatre And Drama,,
THEATRE 631,Theories Of Acting,"(3, 3)",Theatre And Drama,,
THEATRE 661,Advanced Production Practicum,"(1, 3)",Theatre And Drama,,
THEATRE 681,Senior Honors Thesis,"(3, 3)",Theatre And Drama,,
THEATRE 682,Senior Honors Thesis,"(3, 3)",Theatre And Drama,,
THEATRE 691,Senior Thesis,"(2, 3)",Theatre And Drama,,
THEATRE 692,Senior Thesis,"(2, 3)",Theatre And Drama,,
THEATRE 698,Directed Study,"(1, 6)",Theatre And Drama,,
THEATRE 699,Directed Study,"(1, 6)",Theatre And Drama,,
THEATRE 713,Advanced Digital Design Visualization For Entertainment,"(3, 3)",Theatre And Drama,,
THEATRE/​ENGL  731,Advanced Theatre History 500 Bc To 1700,"(3, 3)",Theatre And Drama,,
THEATRE/​ENGL  732,Advanced Theatre History 1700 To Present,"(3, 3)",Theatre And Drama,,
THEATRE 763,Costume Design Iii,"(3, 3)",Theatre And Drama,,
THEATRE 770,Advanced Theatre Technology,"(3, 3)",Theatre And Drama,,
THEATRE 799,Independent Study,"(1, 6)",Theatre And Drama,,
THEATRE 911,Seminar-Problems In Theatre And Drama,"(2, 3)",Theatre And Drama,,
THEATRE 970,Collaborative Design & Technology Studio,"(3, 3)",Theatre And Drama,,
THEATRE 990,Research And Thesis,"(1, 9)",Theatre And Drama,,
THEATRE 999,Independent Study,"(1, 3)",Theatre And Drama,,
URB R PL 215,Welcome To Your Urban Future,"(3, 3)",Urban And Regional Planning,,
URB R PL/​GEOG  305,Introduction To The City,"(3, 4)",Urban And Regional Planning,,
URB R PL/​A A E/​ECON/​REAL EST  306,The Real Estate Process,"(3, 3)",Urban And Regional Planning,,
URB R PL/​JOURN/​POLI SCI  373,Introduction To Survey Research,"(3, 4)",Urban And Regional Planning,,
URB R PL 375,Special Topics,"(1, 3)",Urban And Regional Planning,,
URB R PL 411,Marketplaces And Entrepreneurship,"(3, 3)",Urban And Regional Planning,,
URB R PL/​ECON/​REAL EST  420,Urban And Regional Economics,"(3, 3)",Urban And Regional Planning,,
URB R PL/​ECON/​ENVIR ST/​POLI SCI  449,Government And Natural Resources,"(3, 4)",Urban And Regional Planning,,
URB R PL/​LAND ARC  463,Evolution Of American Planning,"(3, 3)",Urban And Regional Planning,,
URB R PL/​GEOG  503,Researching The City: Qualitative Strategies,"(3, 3)",Urban And Regional Planning,,
URB R PL/​GEOG  505,Urban Spatial Patterns And Theories,"(3, 3)",Urban And Regional Planning,,
URB R PL/​GEOG  506,Historical Geography Of European Urbanization,"(3, 3)",Urban And Regional Planning,,
URB R PL 512,Gentrification And Urban Restructuring,"(3, 3)",Urban And Regional Planning,,
URB R PL/​A A E/​REAL EST  520,Community Economic Analysis,"(3, 3)",Urban And Regional Planning,,
URB R PL/​ENVIR ST/​GEOG/​LAND ARC  532,Applications Of Geographic Information Systems In Planning,"(3, 3)",Urban And Regional Planning,,
URB R PL 550,Transportation And The Built Environment,"(3, 3)",Urban And Regional Planning,,
URB R PL 551,Climate Action Planning: Sustainable Transportation,"(3, 3)",Urban And Regional Planning,,
URB R PL/​A A E/​CIV ENGR/​ENVIR ST  561,Energy Markets,"(3, 3)",Urban And Regional Planning,,
URB R PL 590,Contemporary Topics In Urban And Regional Planning,"(1, 3)",Urban And Regional Planning,,
URB R PL 597,Univercity Year Guided Experience,"(1, 1)",Urban And Regional Planning,,
URB R PL 601,Site Planning,"(3, 3)",Urban And Regional Planning,,
URB R PL 611,Urban Design: Theory And Practice,"(3, 3)",Urban And Regional Planning,,
URB R PL/​C&E SOC/​SOC  617,Community Development,"(3, 3)",Urban And Regional Planning,,
URB R PL/​GEN&WS  644,International Development And Gender,"(3, 3)",Urban And Regional Planning,,
URB R PL/​C&E SOC/​SOC  645,Modern American Communities,"(3, 3)",Urban And Regional Planning,,
URB R PL/​ENVIR ST  668,"Green Politics: Global Experience, American Prospects","(3, 3)",Urban And Regional Planning,,
URB R PL/​A A E/​ECON/​ENVIR ST  671,Energy Economics,"(3, 3)",Urban And Regional Planning,,
URB R PL 699,Directed Study,"(1, 6)",Urban And Regional Planning,,
URB R PL 711,Planning For Food Systems And Marketplaces,"(3, 3)",Urban And Regional Planning,,
URB R PL/​CIV ENGR/​ENVIR ST  717,Water Resources Management Practicum Planning Seminar I,"(1, 1)",Urban And Regional Planning,,
URB R PL/​CIV ENGR/​ENVIR ST  718,Water Resources Management Practicum Planning Seminar Ii,"(2, 2)",Urban And Regional Planning,,
URB R PL/​CIV ENGR/​ENVIR ST  719,Water Resources Management Summer Practicum,"(4, 4)",Urban And Regional Planning,,
URB R PL/​REAL EST  720,Urban Economics,"(3, 3)",Urban And Regional Planning,,
URB R PL/​SOC WORK  721,Methods Of Planning Analysis,"(3, 3)",Urban And Regional Planning,,
URB R PL 731,Introduction To Regional Planning,"(3, 3)",Urban And Regional Planning,,
URB R PL/​ECON/​PUB AFFR  734,Regional Economic Problem Analysis,"(3, 3)",Urban And Regional Planning,,
URB R PL 741,Introduction To Planning,"(3, 3)",Urban And Regional Planning,,
URB R PL 742,Planning Orientation Seminar,"(1, 1)",Urban And Regional Planning,,
URB R PL 751,Introduction To Financial Planning,"(3, 3)",Urban And Regional Planning,,
URB R PL 761,Central City Planning: Issues And Approaches,"(3, 3)",Urban And Regional Planning,,
URB R PL 781,Planning Thought And Practice,"(3, 3)",Urban And Regional Planning,,
URB R PL 791,Visual Communication For Planners,"(3, 3)",Urban And Regional Planning,,
URB R PL/​ENVIR ST/​PUB AFFR  809,Introduction To Energy Analysis And Policy,"(3, 3)",Urban And Regional Planning,,
URB R PL/​ENVIR ST/​PUB AFFR  810,Energy Analysis And Policy Capstone,"(3, 3)",Urban And Regional Planning,,
URB R PL 814,Environmental And Alternative Dispute Resolution In Planning,"(3, 3)",Urban And Regional Planning,,
URB R PL/​ENVIR ST  821,Resources Policy Issues: Regional And National,"(2, 3)",Urban And Regional Planning,,
URB R PL/​LAW  830,Land Use Controls,"(3, 3)",Urban And Regional Planning,,
URB R PL 833,Planning And The Legal System,"(3, 3)",Urban And Regional Planning,,
URB R PL 841,"Urban Functions, Spatial Organization And Environmental Form","(2, 3)",Urban And Regional Planning,,
URB R PL/​ENVIR ST  843,Land Use Policy And Planning,"(3, 3)",Urban And Regional Planning,,
URB R PL 844,Housing And Public Policy,"(3, 3)",Urban And Regional Planning,,
URB R PL/​ECON  845,Advanced Topics In Public Finance,"(1, 4)",Urban And Regional Planning,,
URB R PL/​ENVIR ST  865,Water Resources Institutions And Policies,"(3, 3)",Urban And Regional Planning,,
URB R PL/​POLI SCI/​PUB AFFR  874,Policy-Making Process,"(3, 3)",Urban And Regional Planning,,
URB R PL/​POLI SCI/​PUB AFFR  878,Public Management,"(3, 3)",Urban And Regional Planning,,
URB R PL/​POLI SCI/​PUB AFFR  890,Federal Budget And Tax Policy And Administration,"(3, 3)",Urban And Regional Planning,,
URB R PL 912,Planning Workshop,"(4, 4)",Urban And Regional Planning,,
URB R PL/​ENVIR ST  917,Public Participation For Planning And Policy Making,"(3, 3)",Urban And Regional Planning,,
URB R PL/​ENVIR ST  923,Seminar-Land Problems: Institutional Development,"(2, 3)",Urban And Regional Planning,,
URB R PL/​SOC  924,Seminar-Political Sociology,"(3, 3)",Urban And Regional Planning,,
URB R PL 932,Seminar-Research Review And Criticism,"(1, 3)",Urban And Regional Planning,,
URB R PL 945,Seminar In Land Use And Community Development Issues,"(3, 3)",Urban And Regional Planning,,
URB R PL/​DS/​F&W ECOL  955,Practical Research Design And Methods Of Empirical Inquiry,"(3, 3)",Urban And Regional Planning,,
URB R PL/​HISTORY/​SOC  979,Seminar In Urban History,"(3, 3)",Urban And Regional Planning,,
URB R PL 990,Research And Thesis,"(1, 5)",Urban And Regional Planning,,
URB R PL 999,Independent Work,"(1, 3)",Urban And Regional Planning,,
ZOOLOGY/​BIOLOGY  101,Animal Biology,"(3, 3)",Zoology,,
ZOOLOGY/​BIOLOGY  102,Animal Biology Laboratory,"(2, 2)",Zoology,,
ZOOLOGY/​BIOLOGY/​BOTANY  151,Introductory Biology,"(5, 5)",Zoology,,
ZOOLOGY/​BIOLOGY/​BOTANY  152,Introductory Biology,"(5, 5)",Zoology,,
ZOOLOGY 153,Introductory Biology,"(3, 3)",Zoology,,
ZOOLOGY/​PL PATH  154,Tiny Earth: Antibiotic Discovery Research,"(2, 2)",Zoology,,
ZOOLOGY 199,Directed Study,"(1, 3)",Zoology,,
ZOOLOGY 200,Topics In Biology,"(1, 3)",Zoology,,
ZOOLOGY/​BOTANY/​ENVIR ST  260,Introductory Ecology,"(3, 3)",Zoology,,
ZOOLOGY 275,Biology Of The Dinosaurs,"(3, 3)",Zoology,,
ZOOLOGY 299,Directed Studies In Zoology,"(1, 3)",Zoology,,
ZOOLOGY 300,Invertebrate Biology And Evolution,"(3, 3)",Zoology,,
ZOOLOGY 301,Invertebrate Biology And Evolution Lab,"(2, 2)",Zoology,,
ZOOLOGY/​ENTOM  302,Introduction To Entomology,"(4, 4)",Zoology,,
ZOOLOGY 303,Aquatic Invertebrate Biology,"(3, 3)",Zoology,,
ZOOLOGY 304,Marine Biology,"(2, 2)",Zoology,,
ZOOLOGY/​ENVIR ST  315,Limnology-Conservation Of Aquatic Resources,"(2, 2)",Zoology,,
ZOOLOGY 316,Laboratory For Limnology-Conservation Of Aquatic Resources,"(2, 3)",Zoology,,
ZOOLOGY 320,Field Marine Biology,"(3, 3)",Zoology,,
ZOOLOGY/​F&W ECOL  335,Human/Animal Relationships: Biological And Philosophical Issues,"(3, 3)",Zoology,,
ZOOLOGY/​ENTOM/​M M & I/​PATH-BIO  350,Parasitology,"(3, 3)",Zoology,,
ZOOLOGY/​ENVIR ST/​F&W ECOL  360,Extinction Of Species,"(3, 3)",Zoology,,
ZOOLOGY 370,General Molecular Biology,"(3, 3)",Zoology,,
ZOOLOGY/​ENTOM  371,Medical Entomology: Biology Of Vector And Vector-Borne Diseases,"(3, 4)",Zoology,,
ZOOLOGY 400,Topics In Biology,"(1, 3)",Zoology,,
ZOOLOGY 405,Introduction To Museum Studies In The Natural Sciences,"(2, 3)",Zoology,,
ZOOLOGY/​ANTHRO/​BOTANY  410,Evolutionary Biology,"(3, 3)",Zoology,,
ZOOLOGY 415,Genetics Of Human History,"(3, 3)",Zoology,,
ZOOLOGY 425,Behavioral Ecology,"(3, 3)",Zoology,,
ZOOLOGY 430,Comparative Anatomy Of Vertebrates,"(5, 5)",Zoology,,
ZOOLOGY 444,Neuronal Cell Biology In Health And Disease,"(2, 2)",Zoology,,
ZOOLOGY/​BOTANY  450,Midwestern Ecological Issues: A Case Study Approach,"(2, 2)",Zoology,,
ZOOLOGY/​BOTANY/​F&W ECOL  460,General Ecology,"(4, 4)",Zoology,,
ZOOLOGY 470,Introduction To Animal Development,"(3, 3)",Zoology,,
ZOOLOGY/​BOTANY/​ENTOM  473,Plant-Insect Interactions,"(3, 3)",Zoology,,
ZOOLOGY 500,Undergraduate Neurobiology Seminar,"(1, 1)",Zoology,,
ZOOLOGY/​ENVIR ST  510,Ecology Of Fishes,"(3, 3)",Zoology,,
ZOOLOGY/​ENVIR ST  511,Ecology Of Fishes Lab,"(2, 2)",Zoology,,
ZOOLOGY/​AN SCI/​F&W ECOL  520,Ornithology,"(3, 3)",Zoology,,
ZOOLOGY/​AN SCI/​F&W ECOL  521,Birds Of Southern Wisconsin,"(3, 3)",Zoology,,
ZOOLOGY/​PSYCH  523,Neurobiology,"(3, 3)",Zoology,,
ZOOLOGY/​ENTOM  540,Theoretical Ecology,"(3, 3)",Zoology,,
ZOOLOGY/​GEOSCI  541,Paleobiology,"(3, 3)",Zoology,,
ZOOLOGY/​GEOSCI  542,Invertebrate Paleontology,"(3, 3)",Zoology,,
ZOOLOGY 555,Laboratory In Developmental Biology,"(3, 3)",Zoology,,
ZOOLOGY/​F&W ECOL/​LAND ARC  565,Principles Of Landscape Ecology,"(2, 2)",Zoology,,
ZOOLOGY 570,Cell Biology,"(3, 3)",Zoology,,
ZOOLOGY 603,Endocrinology,"(3, 4)",Zoology,,
ZOOLOGY 604,Computer-Based Gene And Disease/Disorder Research Lab,"(2, 2)",Zoology,,
ZOOLOGY 611,Comparative And Evolutionary Physiology,"(3, 3)",Zoology,,
ZOOLOGY 612,Comparative Physiology Laboratory,"(2, 2)",Zoology,,
ZOOLOGY/​NEURODPT  616,Lab Course In Neurobiology And Behavior,"(4, 4)",Zoology,,
ZOOLOGY/​ANTHRO/​NTP/​PSYCH  619,Biology Of Mind,"(3, 3)",Zoology,,
ZOOLOGY/​NTP  620,Neuroethology Seminar,"(2, 2)",Zoology,,
ZOOLOGY/​ENTOM/​GENETICS  624,Molecular Ecology,"(3, 3)",Zoology,,
ZOOLOGY 625,Development Of The Nervous System,"(2, 2)",Zoology,,
ZOOLOGY/​BOTANY/​ENVIR ST/​F&W ECOL  651,Conservation Biology,"(3, 3)",Zoology,,
ZOOLOGY 655,Modeling Neurodevelopmental Disease,"(3, 3)",Zoology,,
ZOOLOGY/​F&W ECOL  660,Climate Change Ecology,"(3, 3)",Zoology,,
ZOOLOGY/​BOTANY/​F&W ECOL  672,Historical Ecology,"(2, 2)",Zoology,,
ZOOLOGY/​NEURODPT/​PSYCH  674,Behavioral Neuroendocrinology Seminar,"(2, 2)",Zoology,,
ZOOLOGY 677,Internship In Ecology,"(2, 2)",Zoology,,
ZOOLOGY 681,Senior Honors Thesis,"(1, 6)",Zoology,,
ZOOLOGY 682,Senior Honors Thesis,"(1, 4)",Zoology,,
ZOOLOGY 691,Senior Thesis,"(1, 6)",Zoology,,
ZOOLOGY 692,Senior Thesis,"(1, 4)",Zoology,,
ZOOLOGY 698,Directed Study,"(1, 6)",Zoology,,
ZOOLOGY 699,Directed Studies In Zoology,"(1, 6)",Zoology,,
ZOOLOGY/​BOTANY  725,Ecosystem Concepts,"(3, 3)",Zoology,,
ZOOLOGY/​ATM OCN/​ENVIR ST/​GEOSCI  750,Problems In Oceanography,"(3, 3)",Zoology,,
ZOOLOGY/​NEURODPT/​NTP  765,Developmental Neuroscience,"(3, 3)",Zoology,,
ZOOLOGY 799,Independent Study,"(1, 6)",Zoology,,
ZOOLOGY 800,Advanced Topics In The Biological Sciences,"(1, 3)",Zoology,,
ZOOLOGY/​BOTANY/​ENTOM/​GENETICS  820,Foundations Of Evolution,"(2, 2)",Zoology,,
ZOOLOGY/​BOTANY/​ENTOM/​F&W ECOL  821,Foundations Of Ecology,"(2, 2)",Zoology,,
ZOOLOGY/​BOTANY/​F&W ECOL  879,Advanced Landscape Ecology,"(3, 3)",Zoology,,
ZOOLOGY/​ATM OCN/​BOTANY/​CIV ENGR/​ENVIR ST/​GEOSCI  911,Limnology And Marine Science Seminar,"(1, 1)",Zoology,,
ZOOLOGY/​AGRONOMY/​ATM OCN/​BOTANY/​ENTOM/​ENVIR ST/​F&W ECOL/​GEOG  953,Introduction To Ecology Research At Uw-Madison,"(1, 2)",Zoology,,
ZOOLOGY/​AN SCI/​OBS&GYN  954,Seminar In Endocrinology-Reproductive Physiology,"(0, 1)",Zoology,,
ZOOLOGY 955,Seminar-Limnology,"(1, 1)",Zoology,,
ZOOLOGY 956,Seminar-Ecology,"(1, 1)",Zoology,,
ZOOLOGY 957,Seminar-Evolution,"(1, 1)",Zoology,,
ZOOLOGY 960,Seminar In Cellular Biology,"(1, 1)",Zoology,,
ZOOLOGY 962,Seminar-Ethology,"(1, 1)",Zoology,,
ZOOLOGY/​ATM OCN/​BOTANY/​ENVIR ST/​F&W ECOL/​GEOG/​GEOSCI  980,Earth System Science Seminar,"(1, 1)",Zoology,,
ZOOLOGY 990,Research,"(1, 9)",Zoology,,
